"identifier"	"source_phrase"	"context"	"labels"	"be"
"/MicroModuls/0/Name"	"Аппер"	"Lang.dat: MicroModuls.0.Name. Preserve every <tag> exactly. English reference: Upper"	"MicroModuls"	""
"/MicroModuls/0/Text/0"	"Микромодуль третьего уровня. Наращивает мощность двигателя и радара, за счет увеличения эффективности преобразования энергии."	"Lang.dat: MicroModuls.0.Text.0. Preserve every <tag> exactly. English reference: Level three micromodule. Builds up engine and radar power via enhancements to energy conversion."	"MicroModuls"	""
"/MicroModuls/0/Text/1"	"Скорость двигателя: <bonSpeed> ед."	"Lang.dat: MicroModuls.0.Text.1. Preserve every <tag> exactly. English reference: Engine speed: <bonSpeed>"	"MicroModuls"	""
"/MicroModuls/0/Text/2"	"Дальность радара: <bonRadar> ед."	"Lang.dat: MicroModuls.0.Text.2. Preserve every <tag> exactly. English reference: Radar range: <bonRadar>"	"MicroModuls"	""
"/MicroModuls/1/Name"	"Электро"	"Lang.dat: MicroModuls.1.Name. Preserve every <tag> exactly. English reference: Electro"	"MicroModuls"	""
"/MicroModuls/1/Text/0"	"Микромодуль третьего уровня. Воздействует на силу энергетического оружия, используя принцип умножения мощности генератора импульса."	"Lang.dat: MicroModuls.1.Text.0. Preserve every <tag> exactly. English reference: Level three micromodule. Affects the power of energy weapons, using the principle of impulse generator multiplication."	"MicroModuls"	""
"/MicroModuls/1/Text/1"	"Энергетическое оружие: <bonWEnergy> ед."	"Lang.dat: MicroModuls.1.Text.1. Preserve every <tag> exactly. English reference: Energy weapons damage: <bonWEnergy>"	"MicroModuls"	""
"/MicroModuls/10/Name"	"Фэйджоуль"	"Lang.dat: MicroModuls.10.Name. Preserve every <tag> exactly. English reference: Faejoel"	"MicroModuls"	""
"/MicroModuls/10/Text/0"	"Микромодуль третьего уровня. Добавляется в навигационную систему двигателя, увеличивая тактовую частоту вычислительного блока устройства. Совместим только с <clr>фэянским<clrEnd> оборудованием."	"Lang.dat: MicroModuls.10.Text.0. Preserve every <tag> exactly. English reference: Level three micromodule. Added to the engine's navigational system, thus increasing the clock frequency of the device's computing module. Compatible exclusively with <clr>faeyan<clrEnd> equipment."	"MicroModuls"	""
"/MicroModuls/10/Text/1"	"Скорость двигателя: <bonSpeed> ед."	"Lang.dat: MicroModuls.10.Text.1. Preserve every <tag> exactly. English reference: Engine speed: <bonSpeed>"	"MicroModuls"	""
"/MicroModuls/10/Text/2"	"Дальность прыжка: <bonJump> ед."	"Lang.dat: MicroModuls.10.Text.2. Preserve every <tag> exactly. English reference: Jumping range: <bonJump>"	"MicroModuls"	""
"/MicroModuls/10/Text/3"	"Размер: <clr>+20%<clrEnd>"	"Lang.dat: MicroModuls.10.Text.3. Preserve every <tag> exactly. English reference: Size: <clr>+20%<clrEnd>"	"MicroModuls"	""
"/MicroModuls/100/Name"	"Интегратор"	"Lang.dat: MicroModuls.100.Name. Preserve every <tag> exactly. English reference: Integrator"	"MicroModuls"	""
"/MicroModuls/100/Text/0"	"Микромодуль второго уровня. Повышает поражающий коэффициент оружия путем сингулярного усиления начального импульса."	"Lang.dat: MicroModuls.100.Text.0. Preserve every <tag> exactly. English reference: Level two micromodule. Increases the weapon's hit coefficient via a singular increase of the initial impulse."	"MicroModuls"	""
"/MicroModuls/100/Text/1"	"Сила энергетического оружия: <bonWEnergy> ед."	"Lang.dat: MicroModuls.100.Text.1. Preserve every <tag> exactly. English reference: Energy weapons damage: <bonWEnergy>"	"MicroModuls"	""
"/MicroModuls/100/Text/2"	"Сила осколочного оружия: <bonWSplinter> ед."	"Lang.dat: MicroModuls.100.Text.2. Preserve every <tag> exactly. English reference: Fragmentation weapons damage: <bonWSplinter>"	"MicroModuls"	""
"/MicroModuls/100/Text/3"	"Сила ракетного оружия: <bonWMissile> ед."	"Lang.dat: MicroModuls.100.Text.3. Preserve every <tag> exactly. English reference: Missile weapons damage: <bonWMissile>"	"MicroModuls"	""
"/MicroModuls/100/Text/4"	"Размер: <clr>+25%<clrEnd>"	"Lang.dat: MicroModuls.100.Text.4. Preserve every <tag> exactly. English reference: Size: <clr>+25%<clrEnd>"	"MicroModuls"	""
"/MicroModuls/101/Name"	"Магникум"	"Lang.dat: MicroModuls.101.Name. Preserve every <tag> exactly. English reference: Magnicum"	"MicroModuls"	""
"/MicroModuls/101/Text/0"	"Микромодуль второго уровня. Увеличивает потенциал генерируемого захватом поля, повышая тем самым мощность прибора."	"Lang.dat: MicroModuls.101.Text.0. Preserve every <tag> exactly. English reference: Level two micromodule. Increases the potential of the gripper-generated field, thus increasing the efficiency of the device."	"MicroModuls"	""
"/MicroModuls/101/Text/1"	"Мощность захвата: <bonHook> ед."	"Lang.dat: MicroModuls.101.Text.1. Preserve every <tag> exactly. English reference: Gripper power: <bonHook>"	"MicroModuls"	""
"/MicroModuls/101/Text/2"	"Дальность захвата: <bonHookRadius> ед."	"Lang.dat: MicroModuls.101.Text.2. Preserve every <tag> exactly. English reference: Gripper range: <bonHookRadius>"	"MicroModuls"	""
"/MicroModuls/102/Name"	"Стоплай"	"Lang.dat: MicroModuls.102.Name. Preserve every <tag> exactly. English reference: Stopbark"	"MicroModuls"	""
"/MicroModuls/102/Text/0"	"Микромодуль второго уровня. Производит замену движущихся частей оборудования на более крепкие платиновые. Уменьшает размер и увеличивает стоимость оборудования. Не применим для орудийных систем и корпуса."	"Lang.dat: MicroModuls.102.Text.0. Preserve every <tag> exactly. English reference: Level two micromodule. Replaces moving equipment parts with stronger platinum ones. Decreases the size and increases the cost of the equipment. Cannot be used in weapon systems or hull."	"MicroModuls"	""
"/MicroModuls/102/Text/1"	"Размер: <clr>-30%<clrEnd>"	"Lang.dat: MicroModuls.102.Text.1. Preserve every <tag> exactly. English reference: Size: <clr>-30%<clrEnd>"	"MicroModuls"	""
"/MicroModuls/102/Text/2"	"Стоимость: <clr>+50%<clrEnd>"	"Lang.dat: MicroModuls.102.Text.2. Preserve every <tag> exactly. English reference: Cost: <clr>+50%<clrEnd>"	"MicroModuls"	""
"/MicroModuls/103/Name"	"Импелган"	"Lang.dat: MicroModuls.103.Name. Preserve every <tag> exactly. English reference: Impalegun"	"MicroModuls"	""
"/MicroModuls/103/Text/0"	"Микромодуль второго уровня. Заменяет магнитный генератор сканера на более дорогой импульсно-гравитационный, тем самым увеличивая мощность прибора."	"Lang.dat: MicroModuls.103.Text.0. Preserve every <tag> exactly. English reference: Level two micromodule. Replaces the scanner's magnetic generator with a more expensive impulse-gravitational variant, thus increasing the power of the device."	"MicroModuls"	""
"/MicroModuls/103/Text/1"	"Мощность сканера: <bonScan> ед."	"Lang.dat: MicroModuls.103.Text.1. Preserve every <tag> exactly. English reference: Scanner power: <bonScan>%"	"MicroModuls"	""
"/MicroModuls/103/Text/2"	"Стоимость: <clr>+25%<clrEnd>"	"Lang.dat: MicroModuls.103.Text.2. Preserve every <tag> exactly. English reference: Cost: <clr>+25%<clrEnd>"	"MicroModuls"	""
"/MicroModuls/104/Name"	"Парагон"	"Lang.dat: MicroModuls.104.Name. Preserve every <tag> exactly. English reference: Paragon"	"MicroModuls"	""
"/MicroModuls/104/Text/0"	"Микромодуль второго уровня. Заменяет источник энергии захвата на более мощный и дорогой. Однако, новый генератор занимает больший объем. Не совместим с оборудованием <clr>пеленгской<clrEnd> расы."	"Lang.dat: MicroModuls.104.Text.0. Preserve every <tag> exactly. English reference: Level two micromodule. Replaces the gripper's power source with one that's both more powerful and expensive. However, the new generator is also larger in size. Incompatible with any <clr>peleng<clrEnd> equipment."	"MicroModuls"	""
"/MicroModuls/104/Text/1"	"Мощность захвата: <bonHook> ед."	"Lang.dat: MicroModuls.104.Text.1. Preserve every <tag> exactly. English reference: Gripper power: <bonHook>"	"MicroModuls"	""
"/MicroModuls/104/Text/2"	"Размер: <clr>+10%<clrEnd>"	"Lang.dat: MicroModuls.104.Text.2. Preserve every <tag> exactly. English reference: Size: <clr>+10%<clrEnd>"	"MicroModuls"	""
"/MicroModuls/104/Text/3"	"Стоимость: <clr>+20%<clrEnd>"	"Lang.dat: MicroModuls.104.Text.3. Preserve every <tag> exactly. English reference: Cost: <clr>+20%<clrEnd>"	"MicroModuls"	""
"/MicroModuls/105/Name"	"Стратер"	"Lang.dat: MicroModuls.105.Name. Preserve every <tag> exactly. English reference: Strutter"	"MicroModuls"	""
"/MicroModuls/105/Text/0"	"Микромодуль второго уровня. Генерирует поле нулевого трения, снижая потери энергии двигателя на выходе, за счет чего увеличиваются как скорость, так и дальность прыжка. Совместим только с <clr>малокским<clrEnd> оборудованием."	"Lang.dat: MicroModuls.105.Text.0. Preserve every <tag> exactly. English reference: Level two micromodule. Generates a zero-friction field, decreasing the engine's output power loss while increasing both the speed and jumping range. Compatible exclusively with <clr>maloq<clrEnd> equipment."	"MicroModuls"	""
"/MicroModuls/105/Text/1"	"Скорость двигателя: <bonSpeed> ед."	"Lang.dat: MicroModuls.105.Text.1. Preserve every <tag> exactly. English reference: Engine speed: <bonSpeed>"	"MicroModuls"	""
"/MicroModuls/105/Text/2"	"Дальность прыжка: <bonJump> ед."	"Lang.dat: MicroModuls.105.Text.2. Preserve every <tag> exactly. English reference: Jumping range: <bonJump>"	"MicroModuls"	""
"/MicroModuls/106/Name"	"Конвектор"	"Lang.dat: MicroModuls.106.Name. Preserve every <tag> exactly. English reference: Convector"	"MicroModuls"	""
"/MicroModuls/106/Text/0"	"Микромодуль второго уровня. Встраивается в механическую часть устройства. Увеличивает мощность сканера и дальность радара. Совместим только с <clr>человеческим<clrEnd> оборудованием."	"Lang.dat: MicroModuls.106.Text.0. Preserve every <tag> exactly. English reference: Level two micromodule. Fitted into the mechanical component of the device. Increases the scanner's power and radar range. Compatible exclusively with <clr>human<clrEnd> equipment."	"MicroModuls"	""
"/MicroModuls/106/Text/1"	"Дальность радара: <bonRadar> ед."	"Lang.dat: MicroModuls.106.Text.1. Preserve every <tag> exactly. English reference: Radar range: <bonRadar>"	"MicroModuls"	""
"/MicroModuls/106/Text/2"	"Мощность сканера: <bonScan> ед."	"Lang.dat: MicroModuls.106.Text.2. Preserve every <tag> exactly. English reference: Scanner power: <bonScan>%"	"MicroModuls"	""
"/MicroModuls/107/Name"	"Сжим"	"Lang.dat: MicroModuls.107.Name. Preserve every <tag> exactly. English reference: Clip"	"MicroModuls"	""
"/MicroModuls/107/Text/0"	"Микромодуль второго уровня. Заменяет наиболее крупные платы их меньшими современными аналогами. Уменьшает размер любого оборудования и оружия, кроме корпуса. Совместим только с <clr>фэянскими<clrEnd> типами оборудования."	"Lang.dat: MicroModuls.107.Text.0. Preserve every <tag> exactly. English reference: Level two micromodule. Replaces the larger boards with smaller, modern analogues. Reduces the size of any equipment or weapon, except for the hull. Compatible exclusively with <clr>faeyan<clrEnd> equipment."	"MicroModuls"	""
"/MicroModuls/107/Text/1"	"Размер: <clr>-40%<clrEnd>"	"Lang.dat: MicroModuls.107.Text.1. Preserve every <tag> exactly. English reference: Size: <clr>-40%<clrEnd>"	"MicroModuls"	""
"/MicroModuls/108/Name"	"Микрострел"	"Lang.dat: MicroModuls.108.Name. Preserve every <tag> exactly. English reference: Microshooter"	"MicroModuls"	""
"/MicroModuls/108/Text/0"	"Микромодуль второго уровня. Заменяет систему координат корректирующего модуля на фэянскую эклиптическую, увеличивая расстояние стрельбы орудий и дальность гиперпрыжка двигателя. Не подходит для использования в <clr>малокском и пеленгском<clrEnd> оборудовании."	"Lang.dat: MicroModuls.108.Text.0. Preserve every <tag> exactly. English reference: Level two micromodule. Replaces the coordinate system of the corrective module with a faeyan ecliptic system, increasing the weapons' range and the engine's hyperjump distance. Incompatible with <clr>maloq and peleng<clrEnd> equipment."	"MicroModuls"	""
"/MicroModuls/108/Text/1"	"Дальность прыжка: <bonJump> ед."	"Lang.dat: MicroModuls.108.Text.1. Preserve every <tag> exactly. English reference: Jumping range: <bonJump>"	"MicroModuls"	""
"/MicroModuls/108/Text/2"	"Дальность стрельбы: <bonWRadius> ед."	"Lang.dat: MicroModuls.108.Text.2. Preserve every <tag> exactly. English reference: Firing range: <bonWRadius>"	"MicroModuls"	""
"/MicroModuls/109/Name"	"Сдвиг"	"Lang.dat: MicroModuls.109.Name. Preserve every <tag> exactly. English reference: Displacement"	"MicroModuls"	""
"/MicroModuls/109/Text/0"	"Микромодуль второго уровня. Модифицирует систему разгона двигателя, тем самым увеличивая дальность прыжка в гиперпространстве. Адаптирован под <clr>пеленгские и человеческие<clrEnd> двигатели."	"Lang.dat: MicroModuls.109.Text.0. Preserve every <tag> exactly. English reference: Level two micromodule. Modifies the engine's acceleration system, thus increasing the jumping range in hyperspace. Adapted for <clr>peleng and human<clrEnd> engines."	"MicroModuls"	""
"/MicroModuls/109/Text/1"	"Дальность прыжка: <bonJump> ед."	"Lang.dat: MicroModuls.109.Text.1. Preserve every <tag> exactly. English reference: Jumping range: <bonJump>"	"MicroModuls"	""
"/MicroModuls/11/Name"	"Шелест"	"Lang.dat: MicroModuls.11.Name. Preserve every <tag> exactly. English reference: Rustle"	"MicroModuls"	""
"/MicroModuls/11/Text/0"	"Микромодуль третьего уровня. Увеличивает эффективность фильтра помех генератора защитного поля. При этом активный микромодуль занимает довольно большой объем."	"Lang.dat: MicroModuls.11.Text.0. Preserve every <tag> exactly. English reference: Level three micromodule. Increases the efficiency of the disturbance filter in the shield generator. The active micromodule takes up a rather large amount of space."	"MicroModuls"	""
"/MicroModuls/11/Text/1"	"Генератор поля: <bonDef> ед."	"Lang.dat: MicroModuls.11.Text.1. Preserve every <tag> exactly. English reference: Shield generator: <bonDef>%"	"MicroModuls"	""
"/MicroModuls/11/Text/2"	"Размер: <clr>+25%<clrEnd>"	"Lang.dat: MicroModuls.11.Text.2. Preserve every <tag> exactly. English reference: Size: <clr>+25%<clrEnd>"	"MicroModuls"	""
"/MicroModuls/110/Name"	"Дронз"	"Lang.dat: MicroModuls.110.Name. Preserve every <tag> exactly. English reference: Dronze"	"MicroModuls"	""
"/MicroModuls/110/Text/0"	"Микромодуль второго уровня. Совершенствует аккумуляторы векторного типа, благодаря чему дроид может дольше работать и, следовательно, устранять больше повреждений. Бесполезен для <clr>человеческих, фэянских и гаальских<clrEnd> моделей дроидов."	"Lang.dat: MicroModuls.110.Text.0. Preserve every <tag> exactly. English reference: Level two micromodule. Upgrades vector-type accumulators, thanks to which the droid can work longer, and thus repair more damage. Useless for <clr>human, faeyan, and gaalian<clrEnd> droids."	"MicroModuls"	""
"/MicroModuls/110/Text/1"	"Эффективность дроида: <bonDroid> ед."	"Lang.dat: MicroModuls.110.Text.1. Preserve every <tag> exactly. English reference: Droid effectiveness: <bonDroid>"	"MicroModuls"	""
"/MicroModuls/111/Name"	"Диощит"	"Lang.dat: MicroModuls.111.Name. Preserve every <tag> exactly. English reference: Dioshield"	"MicroModuls"	""
"/MicroModuls/111/Text/0"	"Микромодуль второго уровня. Заменяет движущиеся части генератора защитного поля и ракетного оружия на элементы доминаторного принципа действия. Совместная разработка <clr>фэян и людей<clrEnd>, работает только с оборудованием этих рас."	"Lang.dat: MicroModuls.111.Text.0. Preserve every <tag> exactly. English reference: Level two micromodule. Replaces the moving parts in the shield generator and missile weapons with dominator action-type elements. A joint invention of <clr>faeyans and humans<clrEnd>, compatible exclusively with the equipment of these races."	"MicroModuls"	""
"/MicroModuls/111/Text/1"	"Генератор поля: <bonDef> ед."	"Lang.dat: MicroModuls.111.Text.1. Preserve every <tag> exactly. English reference: Shield generator: <bonDef>"	"MicroModuls"	""
"/MicroModuls/111/Text/2"	"Сила ракетного оружия: <bonWMissile> ед."	"Lang.dat: MicroModuls.111.Text.2. Preserve every <tag> exactly. English reference: Missile weapons damage: <bonWMissile>"	"MicroModuls"	""
"/MicroModuls/112/Name"	"Маформ"	"Lang.dat: MicroModuls.112.Name. Preserve every <tag> exactly. English reference: Maform"	"MicroModuls"	""
"/MicroModuls/112/Text/0"	"Микромодуль второго уровня. Производит физическую деформацию компенсаторных модулей <clr>малокского<clrEnd> вооружения в сторону увеличения, при этом возрастают наносимые повреждения и надежность. Так как это один из самых дорогих узлов, стоимость оружия резко возрастает."	"Lang.dat: MicroModuls.112.Text.0. Preserve every <tag> exactly. English reference: Level two micromodule. Applies physical deformation to compensating modules on <clr>maloq<clrEnd> weapons by enlarging them and thus boosting damage capacity and reliability. Due to this being one of the most expensive knots, the weapon's cost increases sharply."	"MicroModuls"	""
"/MicroModuls/112/Text/1"	"Размер: <clr>+20%<clrEnd>"	"Lang.dat: MicroModuls.112.Text.1. Preserve every <tag> exactly. English reference: Size: <clr>+20%<clrEnd>"	"MicroModuls"	""
"/MicroModuls/112/Text/2"	"Стоимость: <clr>+60%<clrEnd>"	"Lang.dat: MicroModuls.112.Text.2. Preserve every <tag> exactly. English reference: Cost: <clr>+60%<clrEnd>"	"MicroModuls"	""
"/MicroModuls/112/Text/3"	"Надежность: <clr>+80%<clrEnd>"	"Lang.dat: MicroModuls.112.Text.3. Preserve every <tag> exactly. English reference: Reliability: <clr>+80%<clrEnd>"	"MicroModuls"	""
"/MicroModuls/112/Text/4"	"Сила энергетического оружия: <bonWEnergy> ед."	"Lang.dat: MicroModuls.112.Text.4. Preserve every <tag> exactly. English reference: Energy weapons damage: <bonWEnergy>"	"MicroModuls"	""
"/MicroModuls/112/Text/5"	"Сила осколочного оружия: <bonWSplinter> ед."	"Lang.dat: MicroModuls.112.Text.5. Preserve every <tag> exactly. English reference: Fragmentation weapons damage: <bonWSplinter>"	"MicroModuls"	""
"/MicroModuls/112/Text/6"	"Сила ракетного оружия: <bonWMissile> ед."	"Lang.dat: MicroModuls.112.Text.6. Preserve every <tag> exactly. English reference: Missile weapons damage: <bonWMissile>"	"MicroModuls"	""
"/MicroModuls/113/Name"	"Объемник"	"Lang.dat: MicroModuls.113.Name. Preserve every <tag> exactly. English reference: Volumer"	"MicroModuls"	""
"/MicroModuls/113/Text/0"	"Микромодуль второго уровня. Искривляет область пространства внутри резервуара, позволяя вместить больший объем топлива при неизменной массе и размере самого бака. Совместим с <clr>пеленгским и фэянским<clrEnd> типом оборудования."	"Lang.dat: MicroModuls.113.Text.0. Preserve every <tag> exactly. English reference: Level two micromodule. Curves the space inside the reservoir, enabling increased fuel storage while the tank's weight and size remain unchanged. Compatible with <clr>peleng and faeyan<clrEnd> equipment."	"MicroModuls"	""
"/MicroModuls/113/Text/1"	"Объем бака: <bonFuel> ед."	"Lang.dat: MicroModuls.113.Text.1. Preserve every <tag> exactly. English reference: Fuel tank capacity: <bonFuel>"	"MicroModuls"	""
"/MicroModuls/114/Name"	"Сплинтер"	"Lang.dat: MicroModuls.114.Name. Preserve every <tag> exactly. English reference: Splinter"	"MicroModuls"	""
"/MicroModuls/114/Text/0"	"Микромодуль второго уровня. Регулирует затворный механизм осколочного оружия, повышая эффективность стрельбы. Совместим с <clr>малокским и пеленгским<clrEnd> вооружением."	"Lang.dat: MicroModuls.114.Text.0. Preserve every <tag> exactly. English reference: Level two micromodule. Controls the lock mechanism of fragmentation weapons, increasing firing efficiency. Compatible with <clr>maloq and peleng<clrEnd> weapons."	"MicroModuls"	""
"/MicroModuls/114/Text/1"	"Сила осколочного оружия: <bonWSplinter> ед."	"Lang.dat: MicroModuls.114.Text.1. Preserve every <tag> exactly. English reference: Fragmentation weapons damage: <bonWSplinter>"	"MicroModuls"	""
"/MicroModuls/115/Name"	"Колебратор"	"Lang.dat: MicroModuls.115.Name. Preserve every <tag> exactly. English reference: Colebrator"	"MicroModuls"	""
"/MicroModuls/115/Text/0"	"Микромодуль второго уровня. Улучшает характеристики волновых излучателей устройств. Увеличивает мощность оборудования, использующего непрерывное излучение и поля с волновыми характеристиками, такого как радар, захват и генератор поля."	"Lang.dat: MicroModuls.115.Text.0. Preserve every <tag> exactly. English reference: Level two micromodule. Improves the characteristics of device wave emitters. Increases the power of equipment that uses continuous emission and fields with wave characteristics, such as radar, gripper and shield generator."	"MicroModuls"	""
"/MicroModuls/115/Text/1"	"Дальность радара: <bonRadar> ед."	"Lang.dat: MicroModuls.115.Text.1. Preserve every <tag> exactly. English reference: Radar range: <bonRadar>"	"MicroModuls"	""
"/MicroModuls/115/Text/2"	"Мощность захвата: <bonHook> ед."	"Lang.dat: MicroModuls.115.Text.2. Preserve every <tag> exactly. English reference: Gripper power: <bonHook>"	"MicroModuls"	""
"/MicroModuls/115/Text/3"	"Генератор поля: <bonDef> ед."	"Lang.dat: MicroModuls.115.Text.3. Preserve every <tag> exactly. English reference: Shield generator: <bonDef>%"	"MicroModuls"	""
"/MicroModuls/116/Name"	"Энергос"	"Lang.dat: MicroModuls.116.Name. Preserve every <tag> exactly. English reference: Energos"	"MicroModuls"	""
"/MicroModuls/116/Text/0"	"Микромодуль второго уровня. Добавляется как вспомогательное устройство в синтезатор пучка для энергетических типов вооружения."	"Lang.dat: MicroModuls.116.Text.0. Preserve every <tag> exactly. English reference: Level two micromodule. Added as an auxiliary device into the bundle synthesizer for energy type weapons."	"MicroModuls"	""
"/MicroModuls/116/Text/1"	"Сила энергетического оружия: <bonWEnergy> ед."	"Lang.dat: MicroModuls.116.Text.1. Preserve every <tag> exactly. English reference: Energy weapons damage: <bonWEnergy>."	"MicroModuls"	""
"/MicroModuls/117/Name"	"Бронепакет"	"Lang.dat: MicroModuls.117.Name. Preserve every <tag> exactly. English reference: Armorpack"	"MicroModuls"	""
"/MicroModuls/117/Text/0"	"Микромодуль второго уровня. Оснащает корпус корабля дополнительными листами композитной брони. Размещаемые внутри корпуса гироскопические шарнирные крепления пластин брони и гасители удара занимают довольно большой объем, существенно снижая вместимость корабля."	"Lang.dat: MicroModuls.117.Text.0. Preserve every <tag> exactly. English reference: Level two micromodule. Equips the ship's hull with additional sheets of composite armor. The gyroscope hinged fixes of armor plates and shock absorbers placed within the hull occupy rather a large space, substantially reducing the ship's storage capacity."	"MicroModuls"	""
"/MicroModuls/117/Text/1"	"Броня корпуса: <bonHull> ед."	"Lang.dat: MicroModuls.117.Text.1. Preserve every <tag> exactly. English reference: Hull armor: <bonHull>"	"MicroModuls"	""
"/MicroModuls/117/Text/2"	"Размер: <clr>-10%<clrEnd>"	"Lang.dat: MicroModuls.117.Text.2. Preserve every <tag> exactly. English reference: Size: <clr>-10%<clrEnd>"	"MicroModuls"	""
"/MicroModuls/118/Name"	"Спаай"	"Lang.dat: MicroModuls.118.Name. Preserve every <tag> exactly. English reference: Insighter"	"MicroModuls"	""
"/MicroModuls/118/Text/0"	"Микромодуль второго уровня. Квазиинтеллектуальный блок, значительно увеличивающий мощность <clr>гаальского<clrEnd> радара или сканера, за счет использования ""псевдоинтуиции""."	"Lang.dat: MicroModuls.118.Text.0. Preserve every <tag> exactly. English reference: Level two micromodule. A quasi-intellectual module, substantially boosting the power of <clr>gaalian<clrEnd> radars and scanners through use of ""pseudo-intuition."""	"MicroModuls"	""
"/MicroModuls/118/Text/1"	"Дальность радара: <bonRadar> ед."	"Lang.dat: MicroModuls.118.Text.1. Preserve every <tag> exactly. English reference: Radar range: <bonRadar>"	"MicroModuls"	""
"/MicroModuls/118/Text/2"	"Мощность сканера: <bonScan> ед."	"Lang.dat: MicroModuls.118.Text.2. Preserve every <tag> exactly. English reference: Scanner power: <bonScan>%"	"MicroModuls"	""
"/MicroModuls/119/Name"	"Тюринг"	"Lang.dat: MicroModuls.119.Name. Preserve every <tag> exactly. English reference: Turing"	"MicroModuls"	""
"/MicroModuls/119/Text/0"	"Микромодуль второго уровня. Заменяет массивную орудийную турель на силовую опору. Часть энергии генератора уходит на гашение отдачи, поэтому дальность и сила выстрела снижаются, но орудие занимает вдвое меньший объем."	"Lang.dat: MicroModuls.119.Text.0. Preserve every <tag> exactly. English reference: Level two micromodule. Replaces a massive weapons turret for power support. Part of the generator's energy is used to absorb the kickback, thereby reducing range and firepower, but the weapon occupies half as much space."	"MicroModuls"	""
"/MicroModuls/119/Text/1"	"Сила энергетического оружия: <bonWEnergy> ед."	"Lang.dat: MicroModuls.119.Text.1. Preserve every <tag> exactly. English reference: Energy weapons damage: <bonWEnergy>"	"MicroModuls"	""
"/MicroModuls/119/Text/2"	"Сила осколочного оружия: <bonWSplinter> ед."	"Lang.dat: MicroModuls.119.Text.2. Preserve every <tag> exactly. English reference: Fragmentation weapons damage: <bonWSplinter>"	"MicroModuls"	""
"/MicroModuls/119/Text/3"	"Сила ракетного оружия: <bonWMissile> ед."	"Lang.dat: MicroModuls.119.Text.3. Preserve every <tag> exactly. English reference: Missile weapons damage: <bonWMissile>"	"MicroModuls"	""
"/MicroModuls/119/Text/4"	"Дальность стрельбы: <bonWRadius> ед."	"Lang.dat: MicroModuls.119.Text.4. Preserve every <tag> exactly. English reference: Firing range: <bonWRadius>"	"MicroModuls"	""
"/MicroModuls/119/Text/5"	"Размер: <clr>-50%<clrEnd>"	"Lang.dat: MicroModuls.119.Text.5. Preserve every <tag> exactly. English reference: Size: <clr>-50%<clrEnd>"	"MicroModuls"	""
"/MicroModuls/12/Name"	"Дальстар"	"Lang.dat: MicroModuls.12.Name. Preserve every <tag> exactly. English reference: Dalstar"	"MicroModuls"	""
"/MicroModuls/12/Text/0"	"Микромодуль третьего уровня. Позволяет увеличить дальность действия оборудования за счет устранения статистической ошибки вычислений, проявляющейся в пеленгском оборудовании при расчетах в предельных интервалах. Совместим только с <clr>пеленгскими<clrEnd> типами оборудования."	"Lang.dat: MicroModuls.12.Text.0. Preserve every <tag> exactly. English reference: Level three micromodule. Boosts equipment range by eliminating a statistical computation error made by peleng equipment when calculating in limit intervals. Compatible exclusively with <clr>peleng<clrEnd> equipment."	"MicroModuls"	""
"/MicroModuls/12/Text/1"	"Дальность прыжка: <bonJump> ед."	"Lang.dat: MicroModuls.12.Text.1. Preserve every <tag> exactly. English reference: Jumping range: <bonJump>"	"MicroModuls"	""
"/MicroModuls/12/Text/2"	"Дальность радара: <bonRadar> ед."	"Lang.dat: MicroModuls.12.Text.2. Preserve every <tag> exactly. English reference: Radar range: <bonRadar>"	"MicroModuls"	""
"/MicroModuls/12/Text/3"	"Дальность стрельбы: <bonWRadius> ед."	"Lang.dat: MicroModuls.12.Text.3. Preserve every <tag> exactly. English reference: Firing range: <bonWRadius>"	"MicroModuls"	""
"/MicroModuls/120/Name"	"Эскалибур"	"Lang.dat: MicroModuls.120.Name. Preserve every <tag> exactly. English reference: Excalibur"	"MicroModuls"	""
"/MicroModuls/120/Text/0"	"Микромодуль второго уровня. Изобретенный человеческими учеными, этот микромодуль модифицирует преобразователи энергетических орудий, существенно увеличивая их поражающую способность. Из патриотических соображений этот модуль совместим только с оборудованием <clr>людей<clrEnd>."	"Lang.dat: MicroModuls.120.Text.0. Preserve every <tag> exactly. English reference: Level two micromodule. Invented by human scientists, this micromodule modifies energy weapon converters, substantially increasing their killing capacity. Out of patriotic considerations, this module is compatible exclusively with <clr>human<clrEnd> equipment."	"MicroModuls"	""
"/MicroModuls/120/Text/1"	"Сила энергетического оружия: <bonWEnergy> ед."	"Lang.dat: MicroModuls.120.Text.1. Preserve every <tag> exactly. English reference: Energy weapons damage: <bonWEnergy>"	"MicroModuls"	""
"/MicroModuls/120/Text/2"	"Дальность стрельбы: <bonWRadius> ед."	"Lang.dat: MicroModuls.120.Text.2. Preserve every <tag> exactly. English reference: Firing range: <bonWRadius>"	"MicroModuls"	""
"/MicroModuls/121/Name"	"Эксплодер"	"Lang.dat: MicroModuls.121.Name. Preserve every <tag> exactly. English reference: Exploder"	"MicroModuls"	""
"/MicroModuls/121/Text/0"	"Микромодуль второго уровня. Встраивается в двигатель. Дестабилизирует молекулярную структуру топлива, увеличивая его детонационные свойства. Это позволяет повысить скорость двигателя, однако из-за высоких перегрузок падает дальность гиперпрыжка. К сожалению, <clr>малокские<clrEnd> двигатели не выдерживают возросших нагрузок."	"Lang.dat: MicroModuls.121.Text.0. Preserve every <tag> exactly. English reference: Level two micromodule. Built into the engine. Destabilizes the molecular structure of the fuel, increasing its detonation properties. This provides a boost to engine speed, while reducing hyperjump distance due to a higher overload. Unfortunately, <clr>maloq<clrEnd> engines cannot sustain the increased load."	"MicroModuls"	""
"/MicroModuls/121/Text/1"	"Скорость двигателя: <bonSpeed> ед."	"Lang.dat: MicroModuls.121.Text.1. Preserve every <tag> exactly. English reference: Engine speed: <bonSpeed>"	"MicroModuls"	""
"/MicroModuls/121/Text/2"	"Дальность прыжка: <bonJump> ед."	"Lang.dat: MicroModuls.121.Text.2. Preserve every <tag> exactly. English reference: Jumping range: <bonJump>"	"MicroModuls"	""
"/MicroModuls/122/Name"	"Патч 0.95 бета"	"Lang.dat: MicroModuls.122.Name. Preserve every <tag> exactly. English reference: Patch 0.95 beta"	"MicroModuls"	""
"/MicroModuls/122/Owner"	"Peleng,People,Gaal"	"Lang.dat: MicroModuls.122.Owner. Preserve every <tag> exactly. English reference: Peleng,People,Fei,Gaal"	"MicroModuls"	""
"/MicroModuls/122/Text/0"	"Микромодуль второго уровня. Содержит комплект перепрошивочных модулей для программного обеспечения вычислительных и корректирующих устройств некоторых типов оборудования. Патч увеличивает точность и скорость вычислений с плавающей запятой. Из-за своей сырости, патч конфликтует с программным обеспечением <clr>фэянского и малокского<clrEnd> оборудования."	"Lang.dat: MicroModuls.122.Text.0. Preserve every <tag> exactly. English reference: Level two micromodule. Contains a set of broaching modules, designed for software integration with computing and overriding functions of certain equipment types. The patch increases the speed and accuracy of computations with a floating point. Still fairly raw and untested, the patch tends to conflict with <clr>faeyan and maloq<clrEnd> equipment software."	"MicroModuls"	""
"/MicroModuls/122/Text/1"	"Скорость двигателя: <bonSpeed> ед."	"Lang.dat: MicroModuls.122.Text.1. Preserve every <tag> exactly. English reference: Engine speed: <bonSpeed>"	"MicroModuls"	""
"/MicroModuls/122/Text/2"	"Дальность радара: <bonRadar> ед."	"Lang.dat: MicroModuls.122.Text.2. Preserve every <tag> exactly. English reference: Radar range: <bonRadar>"	"MicroModuls"	""
"/MicroModuls/122/Text/3"	"Мощность сканера: <bonScan> ед."	"Lang.dat: MicroModuls.122.Text.3. Preserve every <tag> exactly. English reference: Scanner power: <bonScan>"	"MicroModuls"	""
"/MicroModuls/122/Text/4"	"Эффективность дроида: <bonDroid> ед."	"Lang.dat: MicroModuls.122.Text.4. Preserve every <tag> exactly. English reference: Droid effectiveness: <bonDroid>"	"MicroModuls"	""
"/MicroModuls/122/Text/5"	"Дальность стрельбы: <bonWRadius> ед."	"Lang.dat: MicroModuls.122.Text.5. Preserve every <tag> exactly. English reference: Firing range: <bonWRadius>"	"MicroModuls"	""
"/MicroModuls/123/Name"	"Оптиматор"	"Lang.dat: MicroModuls.123.Name. Preserve every <tag> exactly. English reference: Optimator"	"MicroModuls"	""
"/MicroModuls/123/Text/0"	"Микромодуль второго уровня. Удаляет из <clr>пеленгского<clrEnd> оборудования нефункциональные и декоративные узлы и детали, уменьшая его габаритные размеры и стоимость и повышая надежность. Не используется для корпусов и орудийных систем."	"Lang.dat: MicroModuls.123.Text.0. Preserve every <tag> exactly. English reference: Level two micromodule. Removes non-functional and decorative nodes and components out of <clr>peleng<clrEnd> equipment, thus decreasing its dimensions and cost while increasing reliability. Not used for hulls and weapon systems."	"MicroModuls"	""
"/MicroModuls/123/Text/1"	"Размер: <clr>-25%<clrEnd>"	"Lang.dat: MicroModuls.123.Text.1. Preserve every <tag> exactly. English reference: Size: <clr>-25%<clrEnd>"	"MicroModuls"	""
"/MicroModuls/123/Text/2"	"Стоимость: <clr>-25%<clrEnd>"	"Lang.dat: MicroModuls.123.Text.2. Preserve every <tag> exactly. English reference: Cost: <clr>-25%<clrEnd>"	"MicroModuls"	""
"/MicroModuls/123/Text/3"	"Надежность: <clr>+25%<clrEnd>"	"Lang.dat: MicroModuls.123.Text.3. Preserve every <tag> exactly. English reference: Reliability: <clr>+25%<clrEnd>"	"MicroModuls"	""
"/MicroModuls/124/Name"	"Аддон"	"Lang.dat: MicroModuls.124.Name. Preserve every <tag> exactly. English reference: Addon"	"MicroModuls"	""
"/MicroModuls/124/Text/0"	"Микромодуль второго уровня. Пристраивает к корпусу дополнительный грузовой отсек, увеличивая его вместимость на 15%. По каким-то причинам, применение к <clr>пеленгским<clrEnd> корпусам невозможно."	"Lang.dat: MicroModuls.124.Text.0. Preserve every <tag> exactly. English reference: Level two micromodule. Enhances the hull with an additional cargo bay, increasing its capacity by 15%. Cannot be applied to <clr>peleng<clrEnd> hulls for unknown reasons."	"MicroModuls"	""
"/MicroModuls/124/Text/1"	"Размер корпуса: <clr>+15%<clrEnd>"	"Lang.dat: MicroModuls.124.Text.1. Preserve every <tag> exactly. English reference: Hull size: <clr>+15%<clrEnd>"	"MicroModuls"	""
"/MicroModuls/125/Name"	"Горанд"	"Lang.dat: MicroModuls.125.Name. Preserve every <tag> exactly. English reference: Gorand"	"MicroModuls"	""
"/MicroModuls/125/Text"	"Микромодуль второго уровня. Заменяет компоненты <clr>вооружения<clrEnd> на нанотехнологичные аналоги, увеличивая надежность на <clr>80%<clrEnd>, а стоимость - на <clr>30%<clrEnd>."	"Lang.dat: MicroModuls.125.Text. Preserve every <tag> exactly. English reference: Level two micromodule. Replaces <clr>armanent<clrEnd> components with nanotechnology-made analogs. Increases reliability by <clr>80%<clrEnd> and cost by <clr>30%<clrEnd>."	"MicroModuls"	""
"/MicroModuls/13/Name"	"Миниразмерный"	"Lang.dat: MicroModuls.13.Name. Preserve every <tag> exactly. English reference: Minisized"	"MicroModuls"	""
"/MicroModuls/13/Text/0"	"Микромодуль третьего уровня. Производит ряд замен крупных тексоэлементов на более компактные, но при этом очень дешевые. Совместим только с оборудованием расы <clr>людей<clrEnd>. Не взаимодействует с энергетическим и ракетным оружием, а также с корпусом."	"Lang.dat: MicroModuls.13.Text.0. Preserve every <tag> exactly. English reference: Level three micromodule. Replaces a number of large texoelements with more compact ones, and very cheap to boot. Compatible exclusively with <clr>human<clrEnd> equipment. Does not interface with energy and missile weapons, as well as the hull."	"MicroModuls"	""
"/MicroModuls/13/Text/1"	"Размер: <clr>-20%<clrEnd>"	"Lang.dat: MicroModuls.13.Text.1. Preserve every <tag> exactly. English reference: Size: <clr>-20%<clrEnd>"	"MicroModuls"	""
"/MicroModuls/13/Text/2"	"Стоимость: <clr>-30%<clrEnd>"	"Lang.dat: MicroModuls.13.Text.2. Preserve every <tag> exactly. English reference: Cost: <clr>-30%<clrEnd>"	"MicroModuls"	""
"/MicroModuls/14/Name"	"Дроннер"	"Lang.dat: MicroModuls.14.Name. Preserve every <tag> exactly. English reference: Dronner"	"MicroModuls"	""
"/MicroModuls/14/Text/0"	"Микромодуль третьего уровня. Повышает возможности дроида, заменяя часть деталей более эффективными, но и более тяжелыми. Вес дроида увеличивается."	"Lang.dat: MicroModuls.14.Text.0. Preserve every <tag> exactly. English reference: Level three micromodule. Increases droid capabilities by replacing some of its components with a more efficient variety, albeit heavier. The droid's weight is increased as a result."	"MicroModuls"	""
"/MicroModuls/14/Text/1"	"Эффективность дроида: <bonDroid> ед."	"Lang.dat: MicroModuls.14.Text.1. Preserve every <tag> exactly. English reference: Droid effectiveness: <bonDroid>"	"MicroModuls"	""
"/MicroModuls/14/Text/2"	"Размер: <clr>+50%<clrEnd>"	"Lang.dat: MicroModuls.14.Text.2. Preserve every <tag> exactly. English reference: Size: <clr>+50%<clrEnd>"	"MicroModuls"	""
"/MicroModuls/15/Name"	"Цент"	"Lang.dat: MicroModuls.15.Name. Preserve every <tag> exactly. English reference: Cent"	"MicroModuls"	""
"/MicroModuls/15/Text/0"	"Микромодуль третьего уровня. Влияет на составляющую материала любого предмета (кроме корпуса), несколько увеличивая размер предмета. Стоимость, напротив, уменьшается в <clr>4<clrEnd> раза, что приводит к выгодности последующего ремонта."	"Lang.dat: MicroModuls.15.Text.0. Preserve every <tag> exactly. English reference: Level three micromodule. Affects the material component of any item (save for the hull), slightly increasing the item's size. At the same time, the cost is reduced by <clr>three quarters<clrEnd>, making the next maintenance worthwhile."	"MicroModuls"	""
"/MicroModuls/15/Text/1"	"Размер: <clr>+10%<clrEnd>"	"Lang.dat: MicroModuls.15.Text.1. Preserve every <tag> exactly. English reference: Size: <clr>+10%<clrEnd>"	"MicroModuls"	""
"/MicroModuls/16/Name"	"Громодрын"	"Lang.dat: MicroModuls.16.Name. Preserve every <tag> exactly. English reference: Massodrope"	"MicroModuls"	""
"/MicroModuls/16/Text/0"	"Микромодуль третьего уровня. Убирает из дроида лишние сервисные блоки (защиту от шума, радиации, дурака, и т.п.), заменяя их дополнительными ремонтными модулями. Эта операция, увеличивающая эффективность дроида за счет его стоимости, выполнима лишь на дроидах <clr>малокского и пеленгского<clrEnd> производства."	"Lang.dat: MicroModuls.16.Text.0. Preserve every <tag> exactly. English reference: Level three micromodule. Removes redundant service blocks from the droid (such as noise-, radiation-protection, idiot-proofing, etc.), replacing it with auxiliary maintenance modules. Increasing droid effectiveness and lowering it's cost, this operation can only be performed on <clr>maloq and peleng<clrEnd> droids."	"MicroModuls"	""
"/MicroModuls/16/Text/1"	"Эффективность дроида: <bonDroid> ед."	"Lang.dat: MicroModuls.16.Text.1. Preserve every <tag> exactly. English reference: Droid effectiveness: <bonDroid>"	"MicroModuls"	""
"/MicroModuls/16/Text/2"	"Стоимость: <clr>-50%<clrEnd>"	"Lang.dat: MicroModuls.16.Text.2. Preserve every <tag> exactly. English reference: Cost: <clr>-50%<clrEnd>"	"MicroModuls"	""
"/MicroModuls/17/Name"	"Платинос"	"Lang.dat: MicroModuls.17.Name. Preserve every <tag> exactly. English reference: Platicoat"	"MicroModuls"	""
"/MicroModuls/17/Text/0"	"Микромодуль третьего уровня. Покрывает оборудование тонким слоем платины, увеличивая его стоимость."	"Lang.dat: MicroModuls.17.Text.0. Preserve every <tag> exactly. English reference: Level three micromodule. Covers the equipment with a thin coat of platinum, increasing its value."	"MicroModuls"	""
"/MicroModuls/17/Text/1"	"Стоимость: <clr>+20%<clrEnd>"	"Lang.dat: MicroModuls.17.Text.1. Preserve every <tag> exactly. English reference: Cost: <clr>+20%<clrEnd>"	"MicroModuls"	""
"/MicroModuls/18/Name"	"Клейн"	"Lang.dat: MicroModuls.18.Name. Preserve every <tag> exactly. English reference: Klein"	"MicroModuls"	""
"/MicroModuls/18/Text/0"	"Микромодуль третьего уровня. Наращивает мощность любого оружия, при этом уменьшая дальность его стрельбы."	"Lang.dat: MicroModuls.18.Text.0. Preserve every <tag> exactly. English reference: Level three micromodule. Boosts the power of any weapon at the expense of range."	"MicroModuls"	""
"/MicroModuls/18/Text/1"	"Сила энергетического оружия: <bonWEnergy> ед."	"Lang.dat: MicroModuls.18.Text.1. Preserve every <tag> exactly. English reference: Energy weapons damage: <bonWEnergy>"	"MicroModuls"	""
"/MicroModuls/18/Text/2"	"Сила осколочного оружия: <bonWSplinter> ед."	"Lang.dat: MicroModuls.18.Text.2. Preserve every <tag> exactly. English reference: Fragmentation weapons damage: <bonWSplinter>"	"MicroModuls"	""
"/MicroModuls/18/Text/3"	"Сила ракетного оружия: <bonWMissile> ед."	"Lang.dat: MicroModuls.18.Text.3. Preserve every <tag> exactly. English reference: Missile weapons damage: <bonWMissile>."	"MicroModuls"	""
"/MicroModuls/18/Text/4"	"Дальность стрельбы: <bonWRadius> ед."	"Lang.dat: MicroModuls.18.Text.4. Preserve every <tag> exactly. English reference: Firing range: <bonWRadius>"	"MicroModuls"	""
"/MicroModuls/19/Name"	"Пакстон"	"Lang.dat: MicroModuls.19.Name. Preserve every <tag> exactly. English reference: Paxton"	"MicroModuls"	""
"/MicroModuls/19/Text/0"	"Микромодуль третьего уровня. Позволяет более рационально перекомпоновать элементы генератора защиты, сделанного по <clr>малокской<clrEnd> технологии. Это приводит к уменьшению размера устройства, при этом его работоспособность не нарушается, но мощность немного падает."	"Lang.dat: MicroModuls.19.Text.0. Preserve every <tag> exactly. English reference: Level three micromodule. Allows for a more rational rearrangement of shield generator elements in <clr>maloq<clrEnd> technology, thus leading to a reduction in size. Functionality is not affected, though power is slightly reduced."	"MicroModuls"	""
"/MicroModuls/19/Text/1"	"Генератор поля: <bonDef> ед."	"Lang.dat: MicroModuls.19.Text.1. Preserve every <tag> exactly. English reference: Shield generator: <bonDef>%"	"MicroModuls"	""
"/MicroModuls/19/Text/2"	"Размер: <clr>-75%<clrEnd>"	"Lang.dat: MicroModuls.19.Text.2. Preserve every <tag> exactly. English reference: Size: <clr>-75%<clrEnd>"	"MicroModuls"	""
"/MicroModuls/2/Name"	"Ракетон"	"Lang.dat: MicroModuls.2.Name. Preserve every <tag> exactly. English reference: Rocketon"	"MicroModuls"	""
"/MicroModuls/2/Text/0"	"Микромодуль третьего уровня, содержащий ненаправленные бета-проводники. Значительно увеличивает силу ракетного оружия, частично - энергетического."	"Lang.dat: MicroModuls.2.Text.0. Preserve every <tag> exactly. English reference: Level three micromodule, containing unfocused beta-conductors. Significantly boosts the power of missile weapons, and partly that of energy weapons."	"MicroModuls"	""
"/MicroModuls/2/Text/1"	"Сила энергетического оружия: <bonWEnergy> ед."	"Lang.dat: MicroModuls.2.Text.1. Preserve every <tag> exactly. English reference: Energy weapons damage: <bonWEnergy>"	"MicroModuls"	""
"/MicroModuls/2/Text/2"	"Сила ракетного оружия: <bonWMissile> ед."	"Lang.dat: MicroModuls.2.Text.2. Preserve every <tag> exactly. English reference: Missile weapons damage: <bonWMissile>"	"MicroModuls"	""
"/MicroModuls/20/Name"	"Гугаал"	"Lang.dat: MicroModuls.20.Name. Preserve every <tag> exactly. English reference: Gugaal"	"MicroModuls"	""
"/MicroModuls/20/Text/0"	"Микромодуль третьего уровня. Позволяет максимально реализовать скоростной потенциал <clr>гаальских<clrEnd> двигателей, заложенный конструктивно, однако не используемый в современных двигательных системах. Конструктивные изменения незначительны, однако они, тем не менее, увеличивают стоимость двигателя."	"Lang.dat: MicroModuls.20.Text.0. Preserve every <tag> exactly. English reference: Level three micromodule. Allows for maximum utilization of the speed potential of <clr>gaalian<clrEnd> engines, built into the design but rarely tapped by the modern engine systems. Though fairly minor from a structural standpoint, the cost of the engine is nonetheless increased by <clr>25%<clrEnd>."	"MicroModuls"	""
"/MicroModuls/20/Text/1"	"Скорость двигателя: <bonSpeed> ед."	"Lang.dat: MicroModuls.20.Text.1. Preserve every <tag> exactly. English reference: Engine speed: <bonSpeed>"	"MicroModuls"	""
"/MicroModuls/20/Text/2"	"Стоимость: <clr>+25%<clrEnd>"	"Lang.dat: MicroModuls.20.Text.2. Preserve every <tag> exactly. English reference: Cost: <clr>+25%<clrEnd>"	"MicroModuls"	""
"/MicroModuls/200/Name"	"Крепчак"	"Lang.dat: MicroModuls.200.Name. Preserve every <tag> exactly. English reference: Harding"	"MicroModuls"	""
"/MicroModuls/200/Text/0"	"Микромодуль первого уровня. Встраивается в корпус. Закрепляет свою микросеть отталкивающих стационарных наноботов, частично блокирующих получаемые повреждения. Совместим только с <clr>пеленгским и человеческим<clrEnd> типом корпусов."	"Lang.dat: MicroModuls.200.Text.0. Preserve every <tag> exactly. English reference: Level one micromodule. Built into the hull. Secures a dedicated micronetwork of repulsive stationary nanobots, partly blocking incoming damage. Compatible exclusively with <clr>peleng and human<clrEnd> hulls."	"MicroModuls"	""
"/MicroModuls/200/Text/1"	"Броня корпуса: <bonHull> ед."	"Lang.dat: MicroModuls.200.Text.1. Preserve every <tag> exactly. English reference: Hull armor: <bonHull>"	"MicroModuls"	""
"/MicroModuls/201/Name"	"Джампгейтор 3.11"	"Lang.dat: MicroModuls.201.Name. Preserve every <tag> exactly. English reference: Jumpgator 3.11"	"MicroModuls"	""
"/MicroModuls/201/Text/0"	"Микромодуль первого уровня. Патчит программную часть модуля навигации и моментальной коррекции двигателя до версии 3.11, увеличивая дальность прыжка двигателя."	"Lang.dat: MicroModuls.201.Text.0. Preserve every <tag> exactly. English reference: Level one micromodule. Patches the software part of the navigation and instant engine correction modules to Version 3.11, increasing the engine's jumping range."	"MicroModuls"	""
"/MicroModuls/201/Text/1"	"Дальность прыжка: <bonJump> ед."	"Lang.dat: MicroModuls.201.Text.1. Preserve every <tag> exactly. English reference: Jumping range: <bonJump>"	"MicroModuls"	""
"/MicroModuls/201/Text/2"	"Стоимость: <clr>+40%<clrEnd>"	"Lang.dat: MicroModuls.201.Text.2. Preserve every <tag> exactly. English reference: Cost: <clr>+40%<clrEnd>"	"MicroModuls"	""
"/MicroModuls/202/Name"	"Экстример"	"Lang.dat: MicroModuls.202.Name. Preserve every <tag> exactly. English reference: Extremer"	"MicroModuls"	""
"/MicroModuls/202/Text/0"	"Микромодуль первого уровня. За счет более рациональной программы использования внутреннего пространства грузового отсека и устранения нефункциональных конструкций увеличивает вместимость и стоимость корпуса корабля. Подходит только для <clr>малокских<clrEnd> корпусов."	"Lang.dat: MicroModuls.202.Text.0. Preserve every <tag> exactly. English reference: Level one micromodule. Increases the hull's capacity and cost by retrofitting the cargo bay for better space utilization and removing non-functional components. Compatible exclusively with <clr>maloq<clrEnd> hulls."	"MicroModuls"	""
"/MicroModuls/202/Text/1"	"Размер: <clr>+20%<clrEnd>"	"Lang.dat: MicroModuls.202.Text.1. Preserve every <tag> exactly. English reference: Size: <clr>+20%<clrEnd>"	"MicroModuls"	""
"/MicroModuls/202/Text/2"	"Стоимость: <clr>+60%<clrEnd>"	"Lang.dat: MicroModuls.202.Text.2. Preserve every <tag> exactly. English reference: Cost: <clr>+60%<clrEnd>"	"MicroModuls"	""
"/MicroModuls/203/Name"	"Джейк"	"Lang.dat: MicroModuls.203.Name. Preserve every <tag> exactly. English reference: Jake"	"MicroModuls"	""
"/MicroModuls/203/Text/0"	"Микромодуль первого уровня. Заменяет топливные фильтры, повышая степень очистки топлива, за счет чего увеличивает скорость двигателя."	"Lang.dat: MicroModuls.203.Text.0. Preserve every <tag> exactly. English reference: Level one micromodule. Replaces fuel filters, increasing fuel purification and boosting engine speed thereby."	"MicroModuls"	""
"/MicroModuls/203/Text/1"	"Скорость двигателя: <bonSpeed> ед."	"Lang.dat: MicroModuls.203.Text.1. Preserve every <tag> exactly. English reference: Engine speed: <bonSpeed>"	"MicroModuls"	""
"/MicroModuls/204/Name"	"Универс"	"Lang.dat: MicroModuls.204.Name. Preserve every <tag> exactly. English reference: Universe"	"MicroModuls"	""
"/MicroModuls/204/Text/0"	"Микромодуль первого уровня. Встраивается в стандартный слот расширения любого оборудования. Активно участвует в работе устройства, оптимизируя вычисления и схему функционирования оборудования."	"Lang.dat: MicroModuls.204.Text.0. Preserve every <tag> exactly. English reference: Level one micromodule. Built into the standard expansion slot of any equipment. Integrates into the operation of the device, optimizing its computational and functional circuits."	"MicroModuls"	""
"/MicroModuls/204/Text/1"	"Броня корпуса: <bonHull> ед."	"Lang.dat: MicroModuls.204.Text.1. Preserve every <tag> exactly. English reference: Hull armor: <bonHull>"	"MicroModuls"	""
"/MicroModuls/204/Text/2"	"Объем бака: <bonFuel> ед."	"Lang.dat: MicroModuls.204.Text.2. Preserve every <tag> exactly. English reference: Fuel tank capacity: <bonFuel>"	"MicroModuls"	""
"/MicroModuls/204/Text/3"	"Скорость двигателя: <bonSpeed> ед."	"Lang.dat: MicroModuls.204.Text.3. Preserve every <tag> exactly. English reference: Engine speed: <bonSpeed>"	"MicroModuls"	""
"/MicroModuls/204/Text/4"	"Дальность радара: <bonRadar> ед."	"Lang.dat: MicroModuls.204.Text.4. Preserve every <tag> exactly. English reference: Radar range: <bonRadar>"	"MicroModuls"	""
"/MicroModuls/204/Text/5"	"Мощность сканера: <bonScan> ед."	"Lang.dat: MicroModuls.204.Text.5. Preserve every <tag> exactly. English reference: Scanner power: <bonScan>%"	"MicroModuls"	""
"/MicroModuls/204/Text/6"	"Эффективность дроида: <bonDroid> ед."	"Lang.dat: MicroModuls.204.Text.6. Preserve every <tag> exactly. English reference: Droid effectiveness: <bonDroid>"	"MicroModuls"	""
"/MicroModuls/204/Text/7"	"Мощность захвата: <bonHook> ед."	"Lang.dat: MicroModuls.204.Text.7. Preserve every <tag> exactly. English reference: Gripper power: <bonHook>"	"MicroModuls"	""
"/MicroModuls/204/Text/8"	"Генератор поля: <bonDef> ед."	"Lang.dat: MicroModuls.204.Text.8. Preserve every <tag> exactly. English reference: Shield generator: <bonDef>%"	"MicroModuls"	""
"/MicroModuls/204/Text/9"	"Сила энергетического оружия: <bonWEnergy> ед."	"Lang.dat: MicroModuls.204.Text.9. Preserve every <tag> exactly. English reference: Energy weapons damage: <bonWEnergy>"	"MicroModuls"	""
"/MicroModuls/204/Text/10"	"Сила осколочного оружия: <bonWSplinter> ед."	"Lang.dat: MicroModuls.204.Text.10. Preserve every <tag> exactly. English reference: Fragmentation weapons damage: <bonWSplinter>"	"MicroModuls"	""
"/MicroModuls/204/Text/11"	"Сила ракетного оружия: <bonWMissile> ед."	"Lang.dat: MicroModuls.204.Text.11. Preserve every <tag> exactly. English reference: Missile weapons damage: <bonWMissile>"	"MicroModuls"	""
"/MicroModuls/205/Name"	"Иикебанит"	"Lang.dat: MicroModuls.205.Name. Preserve every <tag> exactly. English reference: Iikebaanite"	"MicroModuls"	""
"/MicroModuls/205/Text/0"	"Микромодуль первого уровня. Наносит декоративное напыление, придающее любому <clr>гаальскому<clrEnd> оборудованию расцветку законченной гаальской Иике-бааны. Стоимость такого оборудования значительно вырастает."	"Lang.dat: MicroModuls.205.Text.0. Preserve every <tag> exactly. English reference: Level one micromodule. Applies a decorative coating the color of a completed gaalian iike-baana to any <clr>gaalian<clrEnd> equipment. The equipment increases in cost by 2.5 times."	"MicroModuls"	""
"/MicroModuls/205/Text/1"	"Стоимость: <clr>+150%<clrEnd>"	"Lang.dat: MicroModuls.205.Text.1. Preserve every <tag> exactly. English reference: Cost: <clr>+150%<clrEnd>"	"MicroModuls"	""
"/MicroModuls/206/Name"	"Минивизион"	"Lang.dat: MicroModuls.206.Name. Preserve every <tag> exactly. English reference: Minivision"	"MicroModuls"	""
"/MicroModuls/206/Text/0"	"Микромодуль первого уровня. Производит замену блока навигации радара на новый миниатюрный, сбалансированный и высокоэффективный элемент."	"Lang.dat: MicroModuls.206.Text.0. Preserve every <tag> exactly. English reference: Level one micromodule. Replaces the radar navigation unit with a new miniature, highly balanced and efficient element."	"MicroModuls"	""
"/MicroModuls/206/Text/1"	"Дальность радара: <bonRadar> ед."	"Lang.dat: MicroModuls.206.Text.1. Preserve every <tag> exactly. English reference: Radar range: <bonRadar>"	"MicroModuls"	""
"/MicroModuls/206/Text/2"	"Размер: <clr>-15%<clrEnd>"	"Lang.dat: MicroModuls.206.Text.2. Preserve every <tag> exactly. English reference: Size: <clr>-15%<clrEnd>"	"MicroModuls"	""
"/MicroModuls/207/Name"	"Микроразмерный"	"Lang.dat: MicroModuls.207.Name. Preserve every <tag> exactly. English reference: Microsize"	"MicroModuls"	""
"/MicroModuls/207/Text/0"	"Микромодуль первого уровня. Уменьшает расстояние в молекулярных сетках любого оборудования и компенсирует изменения внутримолекулярных сил. Не может применяться для корпуса и оружия, так как в этом случае теряется их функциональность. Микромодуль положительно влияет на износостойкость и позволяет уменьшить размер оборудования. Использование в <clr>гаальском<clrEnd> оборудовании невозможно."	"Lang.dat: MicroModuls.207.Text.0. Preserve every <tag> exactly. English reference: Level one micromodule. Reduces the space within the molecular networks of any equipment and compensates for changes in intermolecular forces. Cannot be applied to hulls or weapons without disabling their functionality. The micromodule greatly affects reliability and allows for a size reduction of <clr>30%<clrEnd>. Incompatible with <clr>gaalian<clrEnd> equipment."	"MicroModuls"	""
"/MicroModuls/207/Text/1"	"Размер: <clr>-30%<clrEnd>"	"Lang.dat: MicroModuls.207.Text.1. Preserve every <tag> exactly. English reference: Size: <clr>-30%<clrEnd>"	"MicroModuls"	""
"/MicroModuls/207/Text/2"	"Надежность: <clr>+50%<clrEnd>"	"Lang.dat: MicroModuls.207.Text.2. Preserve every <tag> exactly. English reference: Reliability: <clr>+50%<clrEnd>"	"MicroModuls"	""
"/MicroModuls/208/Name"	"Жампа"	"Lang.dat: MicroModuls.208.Name. Preserve every <tag> exactly. English reference: Jumpa"	"MicroModuls"	""
"/MicroModuls/208/Text/0"	"Микромодуль первого уровня. Заменяет преобразователь на надежную модель нового поколения, позволяющую на короткое время увеличить энергетический потенциал топлива. При этом увеличивается дальность прыжка."	"Lang.dat: MicroModuls.208.Text.0. Preserve every <tag> exactly. English reference: Level one micromodule. Installs a new generation converter, enabling a short-term boost in the fuel's energy potential, thereby increasing jumping range and reliability."	"MicroModuls"	""
"/MicroModuls/208/Text/1"	"Дальность прыжка: <bonJump> ед."	"Lang.dat: MicroModuls.208.Text.1. Preserve every <tag> exactly. English reference: Jumping range: <bonJump>"	"MicroModuls"	""
"/MicroModuls/208/Text/2"	"Надежность: <clr>+30%<clrEnd>"	"Lang.dat: MicroModuls.208.Text.2. Preserve every <tag> exactly. English reference: Reliability: <clr>+30%<clrEnd>"	"MicroModuls"	""
"/MicroModuls/209/Name"	"Винтарь"	"Lang.dat: MicroModuls.209.Name. Preserve every <tag> exactly. English reference: Threader"	"MicroModuls"	""
"/MicroModuls/209/Text/0"	"Микромодуль первого уровня. Увеличивает разрывную мощь осколочного оружия, путем увеличения критической массы. Стоимость оружия увеличивается. Подходит только для <clr>малокских и пеленгских<clrEnd> типов вооружения."	"Lang.dat: MicroModuls.209.Text.0. Preserve every <tag> exactly. English reference: Level one micromodule. Ups the explosive power of fragmentation weapons by increasing critical mass. The weapon's cost is increased by <clr>50%<clrEnd>. Compatible exclusively with <clr>maloq and peleng<clrEnd> weapons."	"MicroModuls"	""
"/MicroModuls/209/Text/1"	"Сила осколочного оружия: <bonWSplinter> ед."	"Lang.dat: MicroModuls.209.Text.1. Preserve every <tag> exactly. English reference: Fragmentation weapons damage: <bonWSplinter>"	"MicroModuls"	""
"/MicroModuls/209/Text/2"	"Стоимость: <clr>+50%<clrEnd>"	"Lang.dat: MicroModuls.209.Text.2. Preserve every <tag> exactly. English reference: Cost: <clr>+50%<clrEnd>"	"MicroModuls"	""
"/MicroModuls/21/Name"	"Патч 0.96 альфа"	"Lang.dat: MicroModuls.21.Name. Preserve every <tag> exactly. English reference: Patch 0.96 alpha"	"MicroModuls"	""
"/MicroModuls/21/Text/0"	"Микромодуль третьего уровня. Содержит комплект перепрошивочных модулей для программного обеспечения вычислительных и корректирующих устройств некоторых типов оборудования. Патч увеличивает точность и скорость вычислений с плавающей запятой. Альфа-версия совместима с оборудованием всех рас."	"Lang.dat: MicroModuls.21.Text.0. Preserve every <tag> exactly. English reference: Level three micromodule. Contains a set of broaching modules, designed for software integration with computing and overriding functions of certain equipment types. The patch increases the speed and accuracy of computations with a floating point. The alpha-version is compatible with the equipment of all races."	"MicroModuls"	""
"/MicroModuls/21/Text/1"	"Скорость двигателя: <bonSpeed> ед."	"Lang.dat: MicroModuls.21.Text.1. Preserve every <tag> exactly. English reference: Engine speed: <bonSpeed>"	"MicroModuls"	""
"/MicroModuls/21/Text/2"	"Дальность радара: <bonRadar> ед."	"Lang.dat: MicroModuls.21.Text.2. Preserve every <tag> exactly. English reference: Radar range: <bonRadar>"	"MicroModuls"	""
"/MicroModuls/21/Text/3"	"Мощность сканера: <bonScan> ед."	"Lang.dat: MicroModuls.21.Text.3. Preserve every <tag> exactly. English reference: Scanner power: <bonScan>%"	"MicroModuls"	""
"/MicroModuls/21/Text/4"	"Эффективность дроида: <bonDroid> ед."	"Lang.dat: MicroModuls.21.Text.4. Preserve every <tag> exactly. English reference: Droid effectiveness: <bonDroid>"	"MicroModuls"	""
"/MicroModuls/21/Text/5"	"Дальность стрельбы: <bonWRadius> ед."	"Lang.dat: MicroModuls.21.Text.5. Preserve every <tag> exactly. English reference: Firing range: <bonWRadius>"	"MicroModuls"	""
"/MicroModuls/210/Name"	"Антифэй"	"Lang.dat: MicroModuls.210.Name. Preserve every <tag> exactly. English reference: Antifae"	"MicroModuls"	""
"/MicroModuls/210/Text/0"	"Микромодуль первого уровня. Увеличивает заряд ракетного оружия. По неизвестным причинам, отвергается <clr>фэянским<clrEnd> оборудованием."	"Lang.dat: MicroModuls.210.Text.0. Preserve every <tag> exactly. English reference: Level one micromodule. Increases the payload of missile weapons. For reasons unknown the module is rejected by <clr>faeyan<clrEnd> equipment."	"MicroModuls"	""
"/MicroModuls/210/Text/1"	"Сила ракетного оружия: <bonWMissile> ед."	"Lang.dat: MicroModuls.210.Text.1. Preserve every <tag> exactly. English reference: Missile weapons damage: <bonWMissile>"	"MicroModuls"	""
"/MicroModuls/211/Name"	"Дальпун"	"Lang.dat: MicroModuls.211.Name. Preserve every <tag> exactly. English reference: Farsight"	"MicroModuls"	""
"/MicroModuls/211/Text/0"	"Микромодуль первого уровня. Надстраивает атмическую систему наведения к оружию, увеличивая радиус действия энергетических и осколочных видов вооружения. Увеличивает занимаемый объем за счет встроенного атмического сканера. Несовместим с <clr>гаальскими<clrEnd> типами оружия."	"Lang.dat: MicroModuls.211.Text.0. Preserve every <tag> exactly. English reference: Level one micromodule. Adds an additional atmic homing system to weapons, increasing the effective radius of energy and fragmentation weapons. An inbuilt atmic scanner results in increased volume. Incompatible with <clr>gaalian<clrEnd> weapons."	"MicroModuls"	""
"/MicroModuls/211/Text/1"	"Дальность стрельбы: <bonWRadius> ед."	"Lang.dat: MicroModuls.211.Text.1. Preserve every <tag> exactly. English reference: Firing range: <bonWRadius>"	"MicroModuls"	""
"/MicroModuls/211/Text/2"	"Размер: <clr>+35%<clrEnd>"	"Lang.dat: MicroModuls.211.Text.2. Preserve every <tag> exactly. English reference: Size: <clr>+35%<clrEnd>"	"MicroModuls"	""
"/MicroModuls/212/Name"	"Хокус"	"Lang.dat: MicroModuls.212.Name. Preserve every <tag> exactly. English reference: Hocus"	"MicroModuls"	""
"/MicroModuls/212/Text/0"	"Микромодуль первого уровня. Изменяет периодику колебаний волнового поля захвата в соответствии с характеристиками материала захватываемого объекта, увеличивая проникающую способность поля и, соответственно, мощность захвата."	"Lang.dat: MicroModuls.212.Text.0. Preserve every <tag> exactly. English reference: Level one micromodule. Alters the fluctuation intervals of the gripper's wave field to better match the specs of the target's material, boosting the field penetrating capacity and thus the gripper's power."	"MicroModuls"	""
"/MicroModuls/212/Text/1"	"Мощность захвата: <bonHook> ед."	"Lang.dat: MicroModuls.212.Text.1. Preserve every <tag> exactly. English reference: Gripper power: <bonHook>"	"MicroModuls"	""
"/MicroModuls/212/Text/2"	"Дальность захвата: <bonHookRadius> ед."	"Lang.dat: MicroModuls.212.Text.2. Preserve every <tag> exactly. English reference: Gripper range: <bonHookRadius> m"	"MicroModuls"	""
"/MicroModuls/213/Name"	"Бач"	"Lang.dat: MicroModuls.213.Name. Preserve every <tag> exactly. English reference: Dimin"	"MicroModuls"	""
"/MicroModuls/213/Text/0"	"Микромодуль первого уровня. Специальные наноботы производят изменения молекулярной структуры топлива, уменьшая его реальный объем, что позволяет хранить большее количество топлива при неизменных характеристиках самого топливного оборудования. Совместим с оборудованием <clr>гаальцев и людей<clrEnd>."	"Lang.dat: MicroModuls.213.Text.0. Preserve every <tag> exactly. English reference: Level one micromodule. Special nanobots modify the molecular structure of the fuel, reducing its factual volume and thus enabling increased fuel storage without making changes to the actual equipment. Compatible with <clr>gaalian and human<clrEnd> equipment."	"MicroModuls"	""
"/MicroModuls/213/Text/1"	"Объем бака: <bonFuel> ед."	"Lang.dat: MicroModuls.213.Text.1. Preserve every <tag> exactly. English reference: Fuel tank capacity: <bonFuel>"	"MicroModuls"	""
"/MicroModuls/214/Name"	"Двима"	"Lang.dat: MicroModuls.214.Name. Preserve every <tag> exactly. English reference: Drover"	"MicroModuls"	""
"/MicroModuls/214/Text/0"	"Микромодуль первого уровня. Модифицирует двигательные кристальные наполнители, увеличивая скорость и дальность прыжка. Подходит для <clr>малокских<clrEnd> двигателей."	"Lang.dat: MicroModuls.214.Text.0. Preserve every <tag> exactly. English reference: Level one micromodule. Modifies the engine's crystal fillers, boosting speed and jumping range. Compatible with <clr>maloq<clrEnd> engines."	"MicroModuls"	""
"/MicroModuls/214/Text/1"	"Скорость двигателя: <bonSpeed> ед."	"Lang.dat: MicroModuls.214.Text.1. Preserve every <tag> exactly. English reference: Engine speed: <bonSpeed>"	"MicroModuls"	""
"/MicroModuls/214/Text/2"	"Дальность прыжка: <bonJump> ед."	"Lang.dat: MicroModuls.214.Text.2. Preserve every <tag> exactly. English reference: Jumping range: <bonJump>"	"MicroModuls"	""
"/MicroModuls/215/Name"	"Броинг"	"Lang.dat: MicroModuls.215.Name. Preserve every <tag> exactly. English reference: Broing"	"MicroModuls"	""
"/MicroModuls/215/Text/0"	"Микромодуль первого уровня. Уникальный и дорогостоящий генератор создает поверхностное отталкивающее поле с высокой степенью поглощения кинетической и тепловой энергии, и может использоваться для увеличения защитных свойств корпуса и генератора поля. Совместим только с устройствами <clr>пеленгского<clrEnd> производства."	"Lang.dat: MicroModuls.215.Text.0. Preserve every <tag> exactly. English reference: Level one micromodule. This one-of-a-kind and quite costly generator creates a surface repulsion field which consumes high levels of heat and kinetic energies and redirects them to boost the protective properties of the ship's hull and shield generator. Compatible exclusively with <clr>peleng<clrEnd> equipment."	"MicroModuls"	""
"/MicroModuls/215/Text/1"	"Броня корпуса: <bonHull> ед."	"Lang.dat: MicroModuls.215.Text.1. Preserve every <tag> exactly. English reference: Hull armor: <bonHull>"	"MicroModuls"	""
"/MicroModuls/215/Text/2"	"Генератор поля: <bonDef> ед."	"Lang.dat: MicroModuls.215.Text.2. Preserve every <tag> exactly. English reference: Shield generator: <bonDef>%"	"MicroModuls"	""
"/MicroModuls/215/Text/3"	"Стоимость: <clr>+40%<clrEnd>"	"Lang.dat: MicroModuls.215.Text.3. Preserve every <tag> exactly. English reference: Cost: <clr>+40%<clrEnd>"	"MicroModuls"	""
"/MicroModuls/216/Name"	"Жжения"	"Lang.dat: MicroModuls.216.Name. Preserve every <tag> exactly. English reference: Burnz"	"MicroModuls"	""
"/MicroModuls/216/Text/0"	"Микромодуль первого уровня. Добавляет дополнительные поражающие элементы к снарядам, используя частицы антивещества. Значительно увеличивает мощность оружия, особенно осколочного типа. Совместим с <clr>гаальским и пеленгским<clrEnd> типами вооружения."	"Lang.dat: MicroModuls.216.Text.0. Preserve every <tag> exactly. English reference: Level one micromodule. Enhances shells with additional impact elements, using antimatter particles. Grants a significant power boost, especially to fragmentation weapons. Compatible with <clr>gaalian and peleng<clrEnd> weapons."	"MicroModuls"	""
"/MicroModuls/216/Text/1"	"Сила энергетического оружия: <bonWEnergy> ед."	"Lang.dat: MicroModuls.216.Text.1. Preserve every <tag> exactly. English reference: Energy weapons damage: <bonWEnergy>"	"MicroModuls"	""
"/MicroModuls/216/Text/2"	"Сила осколочного оружия: <bonWSplinter> ед."	"Lang.dat: MicroModuls.216.Text.2. Preserve every <tag> exactly. English reference: Fragmentation weapons damage: <bonWSplinter>"	"MicroModuls"	""
"/MicroModuls/216/Text/3"	"Сила ракетного оружия: <bonWMissile> ед."	"Lang.dat: MicroModuls.216.Text.3. Preserve every <tag> exactly. English reference: Missile weapons damage: <bonWMissile>"	"MicroModuls"	""
"/MicroModuls/217/Name"	"Панцирь"	"Lang.dat: MicroModuls.217.Name. Preserve every <tag> exactly. English reference: Shell"	"MicroModuls"	""
"/MicroModuls/217/Text/0"	"Микромодуль первого уровня. Проводит высокочастотную бомбардировку корпуса энергоквантами, увеличивая защитные характеристики материала. Эта обработка входит в стандартные операции по изготовлению корпусов у всех рас, кроме <clr>малоков<clrEnd>, поэтому эффективна только для малокских корпусов."	"Lang.dat: MicroModuls.217.Text.0. Preserve every <tag> exactly. English reference: Level one micromodule. Bombs the hull with high-frequency energy quanta, boosting the material's protective attributes. The module comes standard with hull manufacturers of all races except for <clr>maloqs<clrEnd>, meaning only maloq hulls can be upgraded with it."	"MicroModuls"	""
"/MicroModuls/217/Text/1"	"Броня корпуса: <bonHull> ед."	"Lang.dat: MicroModuls.217.Text.1. Preserve every <tag> exactly. English reference: Hull armor: <bonHull>"	"MicroModuls"	""
"/MicroModuls/218/Name"	"Редуза"	"Lang.dat: MicroModuls.218.Name. Preserve every <tag> exactly. English reference: Redusa"	"MicroModuls"	""
"/MicroModuls/218/Text/0"	"Микромодуль второго уровня. Уменьшает внутренний диаметр сопел двигателя путем наращивания композитных кристаллидов, в результате чего увеличивается скорость истечения реактивной струи. Используется только для <clr>пеленгских<clrEnd> двигателей."	"Lang.dat: MicroModuls.218.Text.0. Preserve every <tag> exactly. English reference: Level two micromodule. Reduces the internal diameter of the engine's nozzles through accruing composite crystalloids, resulting in increased jet velocity. Compatible exclusively with <clr>peleng<clrEnd> engines."	"MicroModuls"	""
"/MicroModuls/218/Text/1"	"Скорость двигателя: <bonSpeed> ед."	"Lang.dat: MicroModuls.218.Text.1. Preserve every <tag> exactly. English reference: Engine speed: <bonSpeed>"	"MicroModuls"	""
"/MicroModuls/219/Name"	"Хаб"	"Lang.dat: MicroModuls.219.Name. Preserve every <tag> exactly. English reference: Hub"	"MicroModuls"	""
"/MicroModuls/219/Text/0"	"Микромодуль первого уровня. Пристраивает к корпусу дополнительный хаб-блок, увеличивая его объем. Изначально разработан исключительно для корпусов <clr>людей<clrEnd>, но <clr>фэяне<clrEnd> также лицензировали его использование и адаптировали для своих кораблей."	"Lang.dat: MicroModuls.219.Text.0. Preserve every <tag> exactly. English reference: Level one micromodule. Fixes an additional hub-module onto the hull, increasing volume by 25%. Initially developed exclusively for <clr>human<clrEnd> hulls, the module was later licensed by the <clr>fae<clrEnd> and adapted for their ships."	"MicroModuls"	""
"/MicroModuls/219/Text/1"	"Размер: <clr>+25%<clrEnd>"	"Lang.dat: MicroModuls.219.Text.1. Preserve every <tag> exactly. English reference: Hull size: <clr>+25%<clrEnd>"	"MicroModuls"	""
"/MicroModuls/220/Name"	"Ламбалд"	"Lang.dat: MicroModuls.220.Name. Preserve every <tag> exactly. English reference: Lambald"	"MicroModuls"	""
"/MicroModuls/220/Text"	"Микромодуль первого уровня. Производит обработку частей оборудования фемтосекундными импульсами Л-поля, увеличивая надежность на <clr>120%<clrEnd>. Из-за ограничения мощности излучения, взаимодействие с <clr>корпусом<clrEnd> невозможно."	"Lang.dat: MicroModuls.220.Text. Preserve every <tag> exactly. English reference: Level one micromodule. Performs device parts processing using femtosecond L-field impulses. Increases reliability by <clr>120%<clrEnd>. Due to limited power output, interaction with <clr>hull<clrEnd> is impossible."	"MicroModuls"	""
"/MicroModuls/23/Name"	"Берсерк"	"Lang.dat: MicroModuls.23.Name. Preserve every <tag> exactly. English reference: Berserker"	"MicroModuls"	""
"/MicroModuls/23/Text/0"	"Микромодуль третьего уровня. Дополняет орудийные системы довольно массивным ускорителем частиц и генератором антиматерии, существенно увеличивая боевые характеристики оружия."	"Lang.dat: MicroModuls.23.Text.0. Preserve every <tag> exactly. English reference: Level three micromodule. Upgrades weapon systems with a rather massive particle accelerator and antimatter generator, substantially increasing the weapon's combat effectiveness."	"MicroModuls"	""
"/MicroModuls/23/Text/1"	"Сила энергетического оружия: <bonWEnergy> ед."	"Lang.dat: MicroModuls.23.Text.1. Preserve every <tag> exactly. English reference: Energy weapons damage: <bonWEnergy>"	"MicroModuls"	""
"/MicroModuls/23/Text/2"	"Сила осколочного оружия: <bonWSplinter> ед."	"Lang.dat: MicroModuls.23.Text.2. Preserve every <tag> exactly. English reference: Fragmentation weapons damage: <bonWSplinter>"	"MicroModuls"	""
"/MicroModuls/23/Text/3"	"Сила ракетного оружия: <bonWMissile> ед."	"Lang.dat: MicroModuls.23.Text.3. Preserve every <tag> exactly. English reference: Missile weapons damage: <bonWMissile>"	"MicroModuls"	""
"/MicroModuls/23/Text/4"	"Дальность стрельбы: <bonWRadius> ед."	"Lang.dat: MicroModuls.23.Text.4. Preserve every <tag> exactly. English reference: Firing range: <bonWRadius>"	"MicroModuls"	""
"/MicroModuls/23/Text/5"	"Размер: <clr>+30%<clrEnd>"	"Lang.dat: MicroModuls.23.Text.5. Preserve every <tag> exactly. English reference: Size: <clr>+80%<clrEnd>"	"MicroModuls"	""
"/MicroModuls/24/Name"	"Интердизайн"	"Lang.dat: MicroModuls.24.Name. Preserve every <tag> exactly. English reference: Interdesign"	"MicroModuls"	""
"/MicroModuls/24/Text/0"	"Микромодуль третьего уровня. За счет более рационального переоборудования помещений корабля вместимость корпуса увеличивается."	"Lang.dat: MicroModuls.24.Text.0. Preserve every <tag> exactly. English reference: Level three micromodule. Increases the hull's capacity by 7% through retrofitting the ship's compartments for better space utilization."	"MicroModuls"	""
"/MicroModuls/24/Text/1"	"Размер корпуса: <clr>+7%<clrEnd>"	"Lang.dat: MicroModuls.24.Text.1. Preserve every <tag> exactly. English reference: Hull size: <clr>+7%<clrEnd>"	"MicroModuls"	""
"/MicroModuls/25/Name"	"Стаксер"	"Lang.dat: MicroModuls.25.Name. Preserve every <tag> exactly. English reference: Staxer"	"MicroModuls"	""
"/MicroModuls/25/Text/0"	"Микромодуль третьего уровня. За счет оптимизации режимов работы двигателя увеличивает его надежность и дальность прыжка. По условиям лицензионного соглашения несовместим с двигателями  <clr>гаальского<clrEnd> производства."	"Lang.dat: MicroModuls.25.Text.0. Preserve every <tag> exactly. English reference: Level three micromodule. Thanks to engine operating conditions optimization increases its reliability and jump radius. Because of license agreement restrictions, cannot be used with <clr>gaal<clrEnd> engines."	"MicroModuls"	""
"/MicroModuls/25/Text/1"	"Надежность: <clr>+67%<clrEnd>"	"Lang.dat: MicroModuls.25.Text.1. Preserve every <tag> exactly. English reference: Reliability: <clr>+67%<clrEnd>"	"MicroModuls"	""
"/MicroModuls/25/Text/2"	"Дальность прыжка: <bonJump> ед."	"Lang.dat: MicroModuls.25.Text.2. Preserve every <tag> exactly. English reference: Jumping range: <bonJump>"	"MicroModuls"	""
"/MicroModuls/3/Name"	"Бронд"	"Lang.dat: MicroModuls.3.Name. Preserve every <tag> exactly. English reference: Brond"	"MicroModuls"	""
"/MicroModuls/3/Text/0"	"Микромодуль третьего уровня. Способен с большой скоростью генерировать сверхплотные частицы, используемые в защите корабля. Совместим с корпусом и генератором поля."	"Lang.dat: MicroModuls.3.Text.0. Preserve every <tag> exactly. English reference: Level three micromodule. Capable of rapidly generating superdense particles to augment the ship's defense system. Compatible with hulls and shield generators."	"MicroModuls"	""
"/MicroModuls/3/Text/1"	"Броня корпуса: <bonHull> ед."	"Lang.dat: MicroModuls.3.Text.1. Preserve every <tag> exactly. English reference: Hull armor: <bonHull>"	"MicroModuls"	""
"/MicroModuls/3/Text/2"	"Генератор поля: <bonDef> ед."	"Lang.dat: MicroModuls.3.Text.2. Preserve every <tag> exactly. English reference: Shield generator: <bonDef>%"	"MicroModuls"	""
"/MicroModuls/300/Name"	"Форсер"	"Lang.dat: MicroModuls.300.Name. Preserve every <tag> exactly. English reference: Forcer"	"MicroModuls"	""
"/MicroModuls/300/Text"	"Микромодуль второго уровня. Встраивается в корпус. Активирует слоты сканера, радара и форсажа"	"Lang.dat: MicroModuls.300.Text. Preserve every <tag> exactly. English reference: Level two micromodule. Built into the hull. Activates scanner, radar and afterburner slots."	"MicroModuls"	""
"/MicroModuls/301/Name"	"Диамант"	"Lang.dat: MicroModuls.301.Name. Preserve every <tag> exactly. English reference: Diamant"	"MicroModuls"	""
"/MicroModuls/301/Text"	"Микромодуль третьего уровня. Встраивается в корпус. Активирует слот ремонтного дроида и слот захвата"	"Lang.dat: MicroModuls.301.Text. Preserve every <tag> exactly. English reference: Level three micromodule. Built into the hull. Activates repair droid and gripper slots."	"MicroModuls"	""
"/MicroModuls/302/Name"	"Гезават"	"Lang.dat: MicroModuls.302.Name. Preserve every <tag> exactly. English reference: Jeiad"	"MicroModuls"	""
"/MicroModuls/302/Text"	"Микромодуль третьего уровня. Встраивается в корпус. Активирует слот генератора защитного поля и слот захвата"	"Lang.dat: MicroModuls.302.Text. Preserve every <tag> exactly. English reference: Level three micromodule. Built into the hull. Activates shield generator and gripper slots."	"MicroModuls"	""
"/MicroModuls/303/Name"	"Раструг"	"Lang.dat: MicroModuls.303.Name. Preserve every <tag> exactly. English reference: Rasta"	"MicroModuls"	""
"/MicroModuls/303/Text"	"Микромодуль третьего уровня. Встраивается в корпус. Активирует слот ремонтного дроида и слот генератора защитного поля"	"Lang.dat: MicroModuls.303.Text. Preserve every <tag> exactly. English reference: Level three micromodule. Built into the hull. Activates repair droid and shield generator slots."	"MicroModuls"	""
"/MicroModuls/304/Name"	"Прозотор"	"Lang.dat: MicroModuls.304.Name. Preserve every <tag> exactly. English reference: Prozotor"	"MicroModuls"	""
"/MicroModuls/304/Text"	"Микромодуль первого уровня. Встраивается в корпус. Активирует один слот для оружия и один слот для артефакта"	"Lang.dat: MicroModuls.304.Text. Preserve every <tag> exactly. English reference: Level one micromodule. Built into the hull. Activates one weapon and one artifact slot."	"MicroModuls"	""
"/MicroModuls/305/Name"	"Армор"	"Lang.dat: MicroModuls.305.Name. Preserve every <tag> exactly. English reference: Armorer"	"MicroModuls"	""
"/MicroModuls/305/Text"	"Микромодуль первого уровня. Встраивается в корпус. Активирует два слота для оружия"	"Lang.dat: MicroModuls.305.Text. Preserve every <tag> exactly. English reference: Level one micromodule. Built into the hull. Activates two weapon slots."	"MicroModuls"	""
"/MicroModuls/306/Name"	"Перфорит"	"Lang.dat: MicroModuls.306.Name. Preserve every <tag> exactly. English reference: Perforator"	"MicroModuls"	""
"/MicroModuls/306/Text"	"Микромодуль первого уровня. Встраивается в корпус. Активирует два слота для артефактов"	"Lang.dat: MicroModuls.306.Text. Preserve every <tag> exactly. English reference: Level one micromodule. Built into the hull. Activates two artifact slots."	"MicroModuls"	""
"/MicroModuls/350/Name"	"Убийца"	"Lang.dat: MicroModuls.350.Name. Preserve every <tag> exactly. English reference: Assassin"	"MicroModuls"	""
"/MicroModuls/350/Text/0"	"Скорость двигателя: <bonSpeed> ед."	"Lang.dat: MicroModuls.350.Text.0. Preserve every <tag> exactly. English reference: Engine speed: <bonSpeed>"	"MicroModuls"	""
"/MicroModuls/350/Text/1"	"Сила Энергетического оружия: <bonWEnergy> ед."	"Lang.dat: MicroModuls.350.Text.1. Preserve every <tag> exactly. English reference: Energy weapons damage: <bonWEnergy>"	"MicroModuls"	""
"/MicroModuls/350/Text/2"	"Сила осколочного оружия: <bonWSplinter> ед."	"Lang.dat: MicroModuls.350.Text.2. Preserve every <tag> exactly. English reference: Fragmentation weapons damage: <bonWSplinter>"	"MicroModuls"	""
"/MicroModuls/350/Text/3"	"Сила ракетного оружия: <bonWMissile> ед."	"Lang.dat: MicroModuls.350.Text.3. Preserve every <tag> exactly. English reference: Missile weapons damage: <bonWMissile>"	"MicroModuls"	""
"/MicroModuls/351/Name"	"Скала"	"Lang.dat: MicroModuls.351.Name. Preserve every <tag> exactly. English reference: Rock"	"MicroModuls"	""
"/MicroModuls/351/Text/0"	"Броня корпуса: <bonHull> ед."	"Lang.dat: MicroModuls.351.Text.0. Preserve every <tag> exactly. English reference: Hull armor: <bonHull>"	"MicroModuls"	""
"/MicroModuls/351/Text/1"	"Эффективность дроида: <bonDroid> ед."	"Lang.dat: MicroModuls.351.Text.1. Preserve every <tag> exactly. English reference: Droid effectiveness: <bonDroid>"	"MicroModuls"	""
"/MicroModuls/352/Name"	"Болид"	"Lang.dat: MicroModuls.352.Name. Preserve every <tag> exactly. English reference: Bolide"	"MicroModuls"	""
"/MicroModuls/352/Text/0"	"Скорость двигателя: <bonSpeed> ед."	"Lang.dat: MicroModuls.352.Text.0. Preserve every <tag> exactly. English reference: Engine speed: <bonSpeed>"	"MicroModuls"	""
"/MicroModuls/352/Text/1"	"Дальность прыжка: <bonJump> ед."	"Lang.dat: MicroModuls.352.Text.1. Preserve every <tag> exactly. English reference: Jumping range: <bonJump>"	"MicroModuls"	""
"/MicroModuls/352/Text/2"	"Дальность радара: <bonRadar> ед.."	"Lang.dat: MicroModuls.352.Text.2. Preserve every <tag> exactly. English reference: Radar range: <bonRadar>"	"MicroModuls"	""
"/MicroModuls/352/Text/3"	"Броня корпуса: <bonHull> ед."	"Lang.dat: MicroModuls.352.Text.3. Preserve every <tag> exactly. English reference: Hull armor: <bonHull>"	"MicroModuls"	""
"/MicroModuls/353/Name"	"Быстрый корпус I"	"Lang.dat: MicroModuls.353.Name. Preserve every <tag> exactly. English reference: Fast Hull I"	"MicroModuls"	""
"/MicroModuls/353/Text/0"	"<color=248,252,248>То, что этот корпус сконструирован обтекаемым, вовсе не влияет на его скорость, ведь в космосе нет сопротивления воздуха. Это лишь дань моде. На самом деле, прибавка в скорости достигается за счет удачного расположения двигателя и усиленного впрыска топлива.</color>"	"Lang.dat: MicroModuls.353.Text.0. Preserve every <tag> exactly. English reference: <color=248,252,248>The streamline form of this hull has zero bearing on its speed, for there is no air resistance in outer space. It is simply a tribute to fashion. The boost in speed is actually achieved via a clever engine position and enhanced fuel injection.</color>"	"MicroModuls"	""
"/MicroModuls/353/Text/1"	"Скорость двигателя: <bonSpeed> ед."	"Lang.dat: MicroModuls.353.Text.1. Preserve every <tag> exactly. English reference: Engine speed: <bonSpeed>"	"MicroModuls"	""
"/MicroModuls/354/Name"	"Быстрый корпус II"	"Lang.dat: MicroModuls.354.Name. Preserve every <tag> exactly. English reference: Fast Hull II"	"MicroModuls"	""
"/MicroModuls/354/Text/0"	"<color=248,252,248>То, что этот корпус сконструирован обтекаемым, вовсе не влияет на его скорость, ведь в космосе нет сопротивления воздуха. Это лишь дань моде. На самом деле, прибавка в скорости достигается за счет удачного расположения двигателя и усиленного впрыска топлива.</color>"	"Lang.dat: MicroModuls.354.Text.0. Preserve every <tag> exactly. English reference: <color=248,252,248>The streamline form of this hull has zero bearing on its speed, for there is no air resistance in outer space. It is simply a tribute to fashion. The boost in speed is actually achieved via a clever engine position and enhanced fuel injection.</color>"	"MicroModuls"	""
"/MicroModuls/354/Text/1"	"Скорость двигателя: <bonSpeed> ед."	"Lang.dat: MicroModuls.354.Text.1. Preserve every <tag> exactly. English reference: Engine speed: <bonSpeed>"	"MicroModuls"	""
"/MicroModuls/355/Name"	"Быстрый корпус III"	"Lang.dat: MicroModuls.355.Name. Preserve every <tag> exactly. English reference: Fast Hull III"	"MicroModuls"	""
"/MicroModuls/355/Text/0"	"<color=248,252,248>То, что этот корпус сконструирован обтекаемым, вовсе не влияет на его скорость, ведь в космосе нет сопротивления воздуха. Это лишь дань моде. На самом деле, прибавка в скорости достигается за счет удачного расположения двигателя и усиленного впрыска топлива.</color>"	"Lang.dat: MicroModuls.355.Text.0. Preserve every <tag> exactly. English reference: <color=248,252,248>The streamline form of this hull has zero bearing on its speed, for there is no air resistance in outer space. It is simply a tribute to fashion. The boost in speed is actually achieved via a clever engine position and enhanced fuel injection.</color>"	"MicroModuls"	""
"/MicroModuls/355/Text/1"	"Скорость двигателя: <bonSpeed> ед."	"Lang.dat: MicroModuls.355.Text.1. Preserve every <tag> exactly. English reference: Engine speed: <bonSpeed>"	"MicroModuls"	""
"/MicroModuls/356/Name"	"Быстрый корпус IV"	"Lang.dat: MicroModuls.356.Name. Preserve every <tag> exactly. English reference: Fast Hull IV"	"MicroModuls"	""
"/MicroModuls/356/Text/0"	"<color=248,252,248>То, что этот корпус сконструирован обтекаемым, вовсе не влияет на его скорость, ведь в космосе нет сопротивления воздуха. Это лишь дань моде. На самом деле, прибавка в скорости достигается за счет удачного расположения двигателя и усиленного впрыска топлива.</color>"	"Lang.dat: MicroModuls.356.Text.0. Preserve every <tag> exactly. English reference: <color=248,252,248>The streamline form of this hull has zero bearing on its speed, for there is no air resistance in outer space. It is simply a tribute to fashion. The boost in speed is actually achieved via a clever engine position and enhanced fuel injection.</color>"	"MicroModuls"	""
"/MicroModuls/356/Text/1"	"Скорость двигателя: <bonSpeed> ед."	"Lang.dat: MicroModuls.356.Text.1. Preserve every <tag> exactly. English reference: Engine speed: <bonSpeed>"	"MicroModuls"	""
"/MicroModuls/357/Name"	"Неуязвимый корпус I"	"Lang.dat: MicroModuls.357.Name. Preserve every <tag> exactly. English reference: Invincible Hull I"	"MicroModuls"	""
"/MicroModuls/357/Text/0"	"<color=248,252,248>Разработанный фэянскими спецами корпус с усиленной защитой. Специальная акриновая прослойка между бронелистами корпуса позволяет добиться большей эффективности от работы генератора защитного поля.</color>"	"Lang.dat: MicroModuls.357.Text.0. Preserve every <tag> exactly. English reference: <color=248,252,248>A hull with bolstered defensive properties, developed by faeyan specialists. A special acrynic layer inserted between the hull's armor plates improves the operational effectiveness of the shield generator.</color>"	"MicroModuls"	""
"/MicroModuls/357/Text/1"	"Генератор поля: <bonDef> ед."	"Lang.dat: MicroModuls.357.Text.1. Preserve every <tag> exactly. English reference: Shield generator: <bonDef>%"	"MicroModuls"	""
"/MicroModuls/358/Name"	"Неуязвимый корпус II"	"Lang.dat: MicroModuls.358.Name. Preserve every <tag> exactly. English reference: Invincible Hull II"	"MicroModuls"	""
"/MicroModuls/358/Text/0"	"<color=248,252,248>Разработанный фэянскими спецами корпус с усиленной защитой. Специальная акриновая прослойка между бронелистами корпуса позволяет добиться большей эффективности от работы генератора защитного поля.</color>"	"Lang.dat: MicroModuls.358.Text.0. Preserve every <tag> exactly. English reference: <color=248,252,248>A hull with bolstered defensive properties, developed by faeyan specialists. A special acrynic layer inserted between the hull's armor plates improves the operational effectiveness of the shield generator.</color>"	"MicroModuls"	""
"/MicroModuls/358/Text/1"	"Генератор поля: <bonDef> ед."	"Lang.dat: MicroModuls.358.Text.1. Preserve every <tag> exactly. English reference: Shield generator: <bonDef>%"	"MicroModuls"	""
"/MicroModuls/359/Name"	"Неуязвимый корпус III"	"Lang.dat: MicroModuls.359.Name. Preserve every <tag> exactly. English reference: Invincible Hull III"	"MicroModuls"	""
"/MicroModuls/359/Text/0"	"<color=248,252,248>Разработанный фэянскими спецами корпус с усиленной защитой. Специальная акриновая прослойка между бронелистами корпуса позволяет добиться большей эффективности от работы генератора защитного поля.</color>"	"Lang.dat: MicroModuls.359.Text.0. Preserve every <tag> exactly. English reference: <color=248,252,248>A hull with bolstered defensive properties, developed by faeyan specialists. A special acrynic layer inserted between the hull's armor plates improves the operational effectiveness of the shield generator.</color>"	"MicroModuls"	""
"/MicroModuls/359/Text/1"	"Генератор поля: <bonDef> ед."	"Lang.dat: MicroModuls.359.Text.1. Preserve every <tag> exactly. English reference: Shield generator: <bonDef>%"	"MicroModuls"	""
"/MicroModuls/360/Name"	"Неуязвимый корпус IV"	"Lang.dat: MicroModuls.360.Name. Preserve every <tag> exactly. English reference: Invincible Hull IV"	"MicroModuls"	""
"/MicroModuls/360/Text/0"	"<color=248,252,248>Разработанный фэянскими спецами корпус с усиленной защитой. Специальная акриновая прослойка между бронелистами корпуса позволяет добиться большей эффективности от работы генератора защитного поля.</color>"	"Lang.dat: MicroModuls.360.Text.0. Preserve every <tag> exactly. English reference: <color=248,252,248>A hull with bolstered defensive properties, developed by faeyan specialists. A special acrynic layer inserted between the hull's armor plates improves the operational effectiveness of the shield generator.</color>"	"MicroModuls"	""
"/MicroModuls/360/Text/1"	"Генератор поля: <bonDef> ед."	"Lang.dat: MicroModuls.360.Text.1. Preserve every <tag> exactly. English reference: Shield generator: <bonDef>%"	"MicroModuls"	""
"/MicroModuls/361/Name"	"Ремонтный корпус I"	"Lang.dat: MicroModuls.361.Name. Preserve every <tag> exactly. English reference: Repair Hull I"	"MicroModuls"	""
"/MicroModuls/361/Text/0"	"<color=248,252,248>Данный корпус специально разработан для лучшей работоспособности ремонтного дроида. Его гнездо расположено максимально удобно, а ко всем уязвимым деталям имеется легкий доступ. Вследствие этого дроид работает с большей эффективностью, чем на остальных кораблях.</color>"	"Lang.dat: MicroModuls.361.Text.0. Preserve every <tag> exactly. English reference: <color=248,252,248>This hull is designed to optimize the repair droid's working capacity. It is stationed at the most convenient location with easy access to all the ship's most vulnerable parts. As a result, the droid operates with greater effectiveness than on other ships.</color>"	"MicroModuls"	""
"/MicroModuls/361/Text/1"	"Эффективность дроида: <bonDroid> ед."	"Lang.dat: MicroModuls.361.Text.1. Preserve every <tag> exactly. English reference: Droid effectiveness: <bonDroid>"	"MicroModuls"	""
"/MicroModuls/361/bonDroid"	"10"	"Lang.dat: MicroModuls.361.bonDroid. Preserve every <tag> exactly. English reference: 20"	"MicroModuls"	""
"/MicroModuls/362/Name"	"Ремонтный корпус II"	"Lang.dat: MicroModuls.362.Name. Preserve every <tag> exactly. English reference: Repair Hull II"	"MicroModuls"	""
"/MicroModuls/362/Text/0"	"<color=248,252,248>Данный корпус специально разработан для лучшей работоспособности ремонтного дроида. Его гнездо расположено максимально удобно, а ко всем уязвимым деталям имеется легкий доступ. Вследствие этого дроид работает с большей эффективностью, чем на остальных кораблях.</color>"	"Lang.dat: MicroModuls.362.Text.0. Preserve every <tag> exactly. English reference: <color=248,252,248>This hull is designed to optimize the repair droid's working capacity. It is stationed at the most convenient location with easy access to all the ship's most vulnerable parts. As a result, the droid operates with greater effectiveness than on other ships.</color>"	"MicroModuls"	""
"/MicroModuls/362/Text/1"	"Эффективность дроида: <bonDroid> ед."	"Lang.dat: MicroModuls.362.Text.1. Preserve every <tag> exactly. English reference: Droid effectiveness: <bonDroid>."	"MicroModuls"	""
"/MicroModuls/363/Name"	"Ремонтный корпус III"	"Lang.dat: MicroModuls.363.Name. Preserve every <tag> exactly. English reference: Repair Hull III"	"MicroModuls"	""
"/MicroModuls/363/Text/0"	"<color=248,252,248>Данный корпус специально разработан для лучшей работоспособности ремонтного дроида. Его гнездо расположено максимально удобно, а ко всем уязвимым деталям имеется легкий доступ. Вследствие этого дроид работает с большей эффективностью, чем на остальных кораблях.</color>"	"Lang.dat: MicroModuls.363.Text.0. Preserve every <tag> exactly. English reference: <color=248,252,248>This hull is designed to optimize the repair droid's working capacity. It is stationed at the most convenient location with easy access to all the ship's most vulnerable parts. As a result, the droid operates with greater effectiveness than on other ships.</color>"	"MicroModuls"	""
"/MicroModuls/363/Text/1"	"Эффективность дроида: <bonDroid> ед."	"Lang.dat: MicroModuls.363.Text.1. Preserve every <tag> exactly. English reference: Droid effectiveness: <bonDroid>."	"MicroModuls"	""
"/MicroModuls/364/Name"	"Ремонтный корпус IV"	"Lang.dat: MicroModuls.364.Name. Preserve every <tag> exactly. English reference: Repair Hull IV"	"MicroModuls"	""
"/MicroModuls/364/Text/0"	"<color=248,252,248>Данный корпус специально разработан для лучшей работоспособности ремонтного дроида. Его гнездо расположено максимально удобно, а ко всем уязвимым деталям имеется легкий доступ. Вследствие этого дроид работает с большей эффективностью, чем на остальных кораблях.</color>"	"Lang.dat: MicroModuls.364.Text.0. Preserve every <tag> exactly. English reference: <color=248,252,248>This hull is designed to optimize the repair droid's working capacity. It is stationed at the most convenient location with easy access to all the ship's most vulnerable parts. As a result, the droid operates with greater effectiveness than on other ships.</color>"	"MicroModuls"	""
"/MicroModuls/364/Text/1"	"Эффективность дроида: <bonDroid> ед."	"Lang.dat: MicroModuls.364.Text.1. Preserve every <tag> exactly. English reference: Droid effectiveness: <bonDroid>."	"MicroModuls"	""
"/MicroModuls/365/Name"	"Миоплазменный корпус I"	"Lang.dat: MicroModuls.365.Name. Preserve every <tag> exactly. English reference: Myoplasmic Hull I"	"MicroModuls"	""
"/MicroModuls/365/Text/0"	"<color=248,252,248>Миоплазменное оборудование работает за счет особых акриновых присадок, которые встраиваются в энергетическую систему корабля и перенаправляют силовые потоки на усиление мощности выстрелов осколочного и энергетического оружия. Как побочный эффект, возможно снижение скорости корабля.</color>"	"Lang.dat: MicroModuls.365.Text.0. Preserve every <tag> exactly. English reference: <color=248,252,248>Myoplasmic equipment utilizes special acrynic agents, fitted into the ship's energy system, which redirect power flows to boost the power of fragmentation and energy weapons. As a side effect, may also decrease the ship's speed.</color>"	"MicroModuls"	""
"/MicroModuls/365/Text/1"	"Сила энергетического оружия: <bonWEnergy> ед."	"Lang.dat: MicroModuls.365.Text.1. Preserve every <tag> exactly. English reference: Energy weapons damage: <bonWEnergy>"	"MicroModuls"	""
"/MicroModuls/365/Text/2"	"Сила осколочного оружия: <bonWSplinter> ед."	"Lang.dat: MicroModuls.365.Text.2. Preserve every <tag> exactly. English reference: Fragmentation weapons damage: <bonWSplinter>"	"MicroModuls"	""
"/MicroModuls/365/Text/3"	"Скорость двигателя: <bonSpeed> ед."	"Lang.dat: MicroModuls.365.Text.3. Preserve every <tag> exactly. English reference: Engine speed: <bonSpeed>"	"MicroModuls"	""
"/MicroModuls/366/Name"	"Миоплазменный корпус II"	"Lang.dat: MicroModuls.366.Name. Preserve every <tag> exactly. English reference: Myoplasmic Hull II"	"MicroModuls"	""
"/MicroModuls/366/Text/0"	"<color=248,252,248>Миоплазменное оборудование работает за счет особых акриновых присадок, которые встраиваются в энергетическую систему корабля и перенаправляют силовые потоки на усиление мощности выстрелов осколочного и энергетического оружия. Как побочный эффект, возможно снижение скорости корабля.</color>"	"Lang.dat: MicroModuls.366.Text.0. Preserve every <tag> exactly. English reference: <color=248,252,248>Myoplasmic equipment utilizes special acrynic agents, fitted into the ship's energy system, which redirect power flows to boost the power of fragmentation and energy weapons. As a side effect, may also decrease the ship's speed.</color>"	"MicroModuls"	""
"/MicroModuls/366/Text/1"	"Сила энергетического оружия: <bonWEnergy> ед."	"Lang.dat: MicroModuls.366.Text.1. Preserve every <tag> exactly. English reference: Energy weapons damage: <bonWEnergy>"	"MicroModuls"	""
"/MicroModuls/366/Text/2"	"Сила осколочного оружия: <bonWSplinter> ед."	"Lang.dat: MicroModuls.366.Text.2. Preserve every <tag> exactly. English reference: Fragmentation weapons damage: <bonWSplinter>"	"MicroModuls"	""
"/MicroModuls/366/Text/3"	"Скорость двигателя: <bonSpeed> ед."	"Lang.dat: MicroModuls.366.Text.3. Preserve every <tag> exactly. English reference: Engine speed: <bonSpeed>"	"MicroModuls"	""
"/MicroModuls/367/Name"	"Миоплазменный корпус III"	"Lang.dat: MicroModuls.367.Name. Preserve every <tag> exactly. English reference: Myoplasmic Hull III"	"MicroModuls"	""
"/MicroModuls/367/Text/0"	"<color=248,252,248>Миоплазменное оборудование работает за счет особых акриновых присадок, которые встраиваются в энергетическую систему корабля и перенаправляют силовые потоки на усиление мощности выстрелов осколочного и энергетического оружия. Как побочный эффект, возможно снижение скорости корабля.</color>"	"Lang.dat: MicroModuls.367.Text.0. Preserve every <tag> exactly. English reference: <color=248,252,248>Myoplasmic equipment utilizes special acrynic agents, fitted into the ship's energy system, which redirect power flows to boost the power of fragmentation and energy weapons. As a side effect, may also decrease the ship's speed.</color>"	"MicroModuls"	""
"/MicroModuls/367/Text/1"	"Сила энергетического оружия: <bonWEnergy> ед."	"Lang.dat: MicroModuls.367.Text.1. Preserve every <tag> exactly. English reference: Energy weapons damage: <bonWEnergy>"	"MicroModuls"	""
"/MicroModuls/367/Text/2"	"Сила осколочного оружия: <bonWSplinter> ед."	"Lang.dat: MicroModuls.367.Text.2. Preserve every <tag> exactly. English reference: Fragmentation weapons damage: <bonWSplinter>"	"MicroModuls"	""
"/MicroModuls/367/Text/3"	"Скорость двигателя: <bonSpeed> ед."	"Lang.dat: MicroModuls.367.Text.3. Preserve every <tag> exactly. English reference: Engine speed: <bonSpeed>"	"MicroModuls"	""
"/MicroModuls/368/Name"	"Миоплазменный корпус IV"	"Lang.dat: MicroModuls.368.Name. Preserve every <tag> exactly. English reference: Myoplasmic Hull IV"	"MicroModuls"	""
"/MicroModuls/368/Text/0"	"<color=248,252,248>Миоплазменное оборудование работает за счет особых акриновых присадок, которые встраиваются в энергетическую систему корабля и перенаправляют силовые потоки на усиление мощности выстрелов осколочного и энергетического оружия. Как побочный эффект, возможно снижение скорости корабля.</color>"	"Lang.dat: MicroModuls.368.Text.0. Preserve every <tag> exactly. English reference: <color=248,252,248>Myoplasmic equipment utilizes special acrynic agents, fitted into the ship's energy system, which redirect power flows to boost the power of fragmentation and energy weapons. As a side effect, may also decrease the ship's speed.</color>"	"MicroModuls"	""
"/MicroModuls/368/Text/1"	"Сила энергетического оружия: <bonWEnergy> ед."	"Lang.dat: MicroModuls.368.Text.1. Preserve every <tag> exactly. English reference: Energy weapons damage: <bonWEnergy>"	"MicroModuls"	""
"/MicroModuls/368/Text/2"	"Сила осколочного оружия: <bonWSplinter> ед."	"Lang.dat: MicroModuls.368.Text.2. Preserve every <tag> exactly. English reference: Fragmentation weapons damage: <bonWSplinter>"	"MicroModuls"	""
"/MicroModuls/368/Text/3"	"Скорость двигателя: <bonSpeed> ед."	"Lang.dat: MicroModuls.368.Text.3. Preserve every <tag> exactly. English reference: Engine speed: <bonSpeed>"	"MicroModuls"	""
"/MicroModuls/369/Name"	"Пигамарный корпус I"	"Lang.dat: MicroModuls.369.Name. Preserve every <tag> exactly. English reference: Pygamore Hull I"	"MicroModuls"	""
"/MicroModuls/369/Text/0"	"<color=248,252,248>Пигамарная серия была первой из всех серий акриновых разработок. Единственный ее плюс - это экономия энергии, излишки которой могут использоваться для усиления ракетных установок. Среди минусов же частые сбои в работе и системные ошибки. Они отрицательно влияют на работу генератора защиты и радара, которые вынуждены постоянно перезапускаться.</color>"	"Lang.dat: MicroModuls.369.Text.0. Preserve every <tag> exactly. English reference: <color=248,252,248>The pygamore series was the first to utilize acrynic technologies. Its only advantage lies in preservation of energy, whose surplus can then be used to bolster missile launchers. Its drawbacks include frequent malfunctions and systems errors. As a result, the radar and the shield generator require constant reboots, hindering their effectiveness.</color>"	"MicroModuls"	""
"/MicroModuls/369/Text/1"	"Сила ракетного оружия: <bonWMissile> ед."	"Lang.dat: MicroModuls.369.Text.1. Preserve every <tag> exactly. English reference: Missile weapons damage: <bonWMissile>"	"MicroModuls"	""
"/MicroModuls/369/Text/2"	"Генератор поля: <bonDef> ед."	"Lang.dat: MicroModuls.369.Text.2. Preserve every <tag> exactly. English reference: Shield generator: <bonDef>%"	"MicroModuls"	""
"/MicroModuls/369/Text/3"	"Дальность радара: <bonRadar> ед."	"Lang.dat: MicroModuls.369.Text.3. Preserve every <tag> exactly. English reference: Radar range: <bonRadar>"	"MicroModuls"	""
"/MicroModuls/370/Name"	"Пигамарный корпус II"	"Lang.dat: MicroModuls.370.Name. Preserve every <tag> exactly. English reference: Pygamore Hull II"	"MicroModuls"	""
"/MicroModuls/370/Text/0"	"<color=248,252,248>Пигамарная серия была первой из всех серий акриновых разработок. Единственный ее плюс - это экономия энергии, излишки которой могут использоваться для усиления ракетных установок. Среди минусов же частые сбои в работе и системные ошибки. Они отрицательно влияют на работу генератора защиты и радара, которые вынуждены постоянно перезапускаться.</color>"	"Lang.dat: MicroModuls.370.Text.0. Preserve every <tag> exactly. English reference: <color=248,252,248>The pygamore series was the first to utilize acrynic technologies. Its only advantage lies in preservation of energy, whose surplus can then be used to bolster missile launchers. Its drawbacks include frequent malfunctions and systems errors. As a result, the radar and the shield generator require constant reboots, hindering their effectiveness.</color>"	"MicroModuls"	""
"/MicroModuls/370/Text/1"	"Сила ракетного оружия: <bonWMissile> ед."	"Lang.dat: MicroModuls.370.Text.1. Preserve every <tag> exactly. English reference: Missile weapons damage: <bonWMissile>"	"MicroModuls"	""
"/MicroModuls/370/Text/2"	"Генератор поля: <bonDef> ед."	"Lang.dat: MicroModuls.370.Text.2. Preserve every <tag> exactly. English reference: Shield generator: <bonDef>%"	"MicroModuls"	""
"/MicroModuls/370/Text/3"	"Дальность радара: <bonRadar> ед."	"Lang.dat: MicroModuls.370.Text.3. Preserve every <tag> exactly. English reference: Radar range: <bonRadar>"	"MicroModuls"	""
"/MicroModuls/371/Name"	"Пигамарный корпус III"	"Lang.dat: MicroModuls.371.Name. Preserve every <tag> exactly. English reference: Pygamore Hull III"	"MicroModuls"	""
"/MicroModuls/371/Text/0"	"<color=248,252,248>Пигамарная серия была первой из всех серий акриновых разработок. Единственный ее плюс - это экономия энергии, излишки которой могут использоваться для усиления ракетных установок. Среди минусов же частые сбои в работе и системные ошибки. Они отрицательно влияют на работу генератора защиты и радара, которые вынуждены постоянно перезапускаться.</color>"	"Lang.dat: MicroModuls.371.Text.0. Preserve every <tag> exactly. English reference: <color=248,252,248>The pygamore series was the first to utilize acrynic technologies. Its only advantage lies in preservation of energy, whose surplus can then be used to bolster missile launchers. Its drawbacks include frequent malfunctions and systems errors. As a result, the radar and the shield generator require constant reboots, hindering their effectiveness.</color>"	"MicroModuls"	""
"/MicroModuls/371/Text/1"	"Сила ракетного оружия: <bonWMissile> ед."	"Lang.dat: MicroModuls.371.Text.1. Preserve every <tag> exactly. English reference: Missile weapons damage: <bonWMissile>"	"MicroModuls"	""
"/MicroModuls/371/Text/2"	"Генератор поля: <bonDef> ед."	"Lang.dat: MicroModuls.371.Text.2. Preserve every <tag> exactly. English reference: Shield generator: <bonDef>%"	"MicroModuls"	""
"/MicroModuls/371/Text/3"	"Дальность радара: <bonRadar> ед."	"Lang.dat: MicroModuls.371.Text.3. Preserve every <tag> exactly. English reference: Radar range: <bonRadar>"	"MicroModuls"	""
"/MicroModuls/372/Name"	"Пигамарный корпус IV"	"Lang.dat: MicroModuls.372.Name. Preserve every <tag> exactly. English reference: Pygamore Hull IV"	"MicroModuls"	""
"/MicroModuls/372/Text/0"	"<color=248,252,248>Пигамарная серия была первой из всех серий акриновых разработок. Единственный ее плюс - это экономия энергии, излишки которой могут использоваться для усиления ракетных установок. Среди минусов же частые сбои в работе и системные ошибки. Они отрицательно влияют на работу генератора защиты и радара, которые вынуждены постоянно перезапускаться.</color>"	"Lang.dat: MicroModuls.372.Text.0. Preserve every <tag> exactly. English reference: <color=248,252,248>The pygamore series was the first to utilize acrynic technologies. Its only advantage lies in preservation of energy, whose surplus can then be used to bolster missile launchers. Its drawbacks include frequent malfunctions and systems errors. As a result, the radar and the shield generator require constant reboots, hindering their effectiveness.</color>"	"MicroModuls"	""
"/MicroModuls/372/Text/1"	"Сила ракетного оружия: <bonWMissile> ед."	"Lang.dat: MicroModuls.372.Text.1. Preserve every <tag> exactly. English reference: Missile weapons damage: <bonWMissile>"	"MicroModuls"	""
"/MicroModuls/372/Text/2"	"Генератор поля: <bonDef> ед."	"Lang.dat: MicroModuls.372.Text.2. Preserve every <tag> exactly. English reference: Shield generator: <bonDef>%"	"MicroModuls"	""
"/MicroModuls/372/Text/3"	"Дальность радара: <bonRadar> ед."	"Lang.dat: MicroModuls.372.Text.3. Preserve every <tag> exactly. English reference: Radar range: <bonRadar>"	"MicroModuls"	""
"/MicroModuls/373/Name"	"Миоплазменный топливный бак I"	"Lang.dat: MicroModuls.373.Name. Preserve every <tag> exactly. English reference: Myoplasmic Fuel Tank I"	"MicroModuls"	""
"/MicroModuls/373/Text/0"	"<color=248,252,248>Миоплазменное оборудование работает за счет особых акриновых присадок, которые встраиваются в энергетическую систему корабля и перенаправляют силовые потоки на усиление мощности выстрелов осколочного и энергетического оружия. Как побочный эффект, возможно снижение скорости корабля.</color>"	"Lang.dat: MicroModuls.373.Text.0. Preserve every <tag> exactly. English reference: <color=248,252,248>Myoplasmic equipment utilizes special acrynic agents, fitted into the ship's energy system, which redirect power flows to boost the power of fragmentation and energy weapons. As a side effect, may also decrease the ship's speed.</color>"	"MicroModuls"	""
"/MicroModuls/373/Text/1"	"Сила энергетического оружия: <bonWEnergy> ед."	"Lang.dat: MicroModuls.373.Text.1. Preserve every <tag> exactly. English reference: Energy weapons damage: <bonWEnergy>"	"MicroModuls"	""
"/MicroModuls/373/Text/2"	"Сила осколочного оружия: <bonWSplinter> ед."	"Lang.dat: MicroModuls.373.Text.2. Preserve every <tag> exactly. English reference: Fragmentation weapons damage: <bonWSplinter>"	"MicroModuls"	""
"/MicroModuls/373/Text/3"	"Скорость двигателя: <bonSpeed> ед."	"Lang.dat: MicroModuls.373.Text.3. Preserve every <tag> exactly. English reference: Engine speed: <bonSpeed>"	"MicroModuls"	""
"/MicroModuls/374/Name"	"Миоплазменный двигатель I"	"Lang.dat: MicroModuls.374.Name. Preserve every <tag> exactly. English reference: Myoplasmic Engine I"	"MicroModuls"	""
"/MicroModuls/374/Text/0"	"<color=248,252,248>Миоплазменное оборудование работает за счет особых акриновых присадок, которые встраиваются в энергетическую систему корабля и перенаправляют силовые потоки на усиление мощности выстрелов осколочного и энергетического оружия. Как побочный эффект, возможно снижение скорости корабля.</color>"	"Lang.dat: MicroModuls.374.Text.0. Preserve every <tag> exactly. English reference: <color=248,252,248>Myoplasmic equipment utilizes special acrynic agents, fitted into the ship's energy system, which redirect power flows to boost the power of fragmentation and energy weapons. As a side effect, may also decrease the ship's speed.</color>"	"MicroModuls"	""
"/MicroModuls/374/Text/1"	"Сила энергетического оружия: <bonWEnergy> ед."	"Lang.dat: MicroModuls.374.Text.1. Preserve every <tag> exactly. English reference: Energy weapons damage: <bonWEnergy>"	"MicroModuls"	""
"/MicroModuls/374/Text/2"	"Сила осколочного оружия: <bonWSplinter> ед."	"Lang.dat: MicroModuls.374.Text.2. Preserve every <tag> exactly. English reference: Fragmentation weapons damage: <bonWSplinter>"	"MicroModuls"	""
"/MicroModuls/374/Text/3"	"Скорость двигателя: <bonSpeed> ед."	"Lang.dat: MicroModuls.374.Text.3. Preserve every <tag> exactly. English reference: Engine speed: <bonSpeed>"	"MicroModuls"	""
"/MicroModuls/375/Name"	"Миоплазменный радар I"	"Lang.dat: MicroModuls.375.Name. Preserve every <tag> exactly. English reference: Myoplasmic Radar I"	"MicroModuls"	""
"/MicroModuls/375/Text/0"	"<color=248,252,248>Миоплазменное оборудование работает за счет особых акриновых присадок, которые встраиваются в энергетическую систему корабля и перенаправляют силовые потоки на усиление мощности выстрелов осколочного и энергетического оружия. Как побочный эффект, возможно снижение скорости корабля.</color>"	"Lang.dat: MicroModuls.375.Text.0. Preserve every <tag> exactly. English reference: <color=248,252,248>Myoplasmic equipment utilizes special acrynic agents, fitted into the ship's energy system, which redirect power flows to boost the power of fragmentation and energy weapons. As a side effect, may also decrease the ship's speed.</color>"	"MicroModuls"	""
"/MicroModuls/375/Text/1"	"Сила энергетического оружия: <bonWEnergy> ед."	"Lang.dat: MicroModuls.375.Text.1. Preserve every <tag> exactly. English reference: Energy weapons damage: <bonWEnergy>"	"MicroModuls"	""
"/MicroModuls/375/Text/2"	"Сила осколочного оружия: <bonWSplinter> ед."	"Lang.dat: MicroModuls.375.Text.2. Preserve every <tag> exactly. English reference: Fragmentation weapons damage: <bonWSplinter>"	"MicroModuls"	""
"/MicroModuls/375/Text/3"	"Скорость двигателя: <bonSpeed> ед."	"Lang.dat: MicroModuls.375.Text.3. Preserve every <tag> exactly. English reference: Engine speed: <bonSpeed>"	"MicroModuls"	""
"/MicroModuls/376/Name"	"Миоплазменный сканер I"	"Lang.dat: MicroModuls.376.Name. Preserve every <tag> exactly. English reference: Myoplasmic Scanner I"	"MicroModuls"	""
"/MicroModuls/376/Text/0"	"<color=248,252,248>Миоплазменное оборудование работает за счет особых акриновых присадок, которые встраиваются в энергетическую систему корабля и перенаправляют силовые потоки на усиление мощности выстрелов осколочного и энергетического оружия. Как побочный эффект, возможно снижение скорости корабля.</color>"	"Lang.dat: MicroModuls.376.Text.0. Preserve every <tag> exactly. English reference: <color=248,252,248>Myoplasmic equipment utilizes special acrynic agents, fitted into the ship's energy system, which redirect power flows to boost the power of fragmentation and energy weapons. As a side effect, may also decrease the ship's speed.</color>"	"MicroModuls"	""
"/MicroModuls/376/Text/1"	"Сила энергетического оружия: <bonWEnergy> ед."	"Lang.dat: MicroModuls.376.Text.1. Preserve every <tag> exactly. English reference: Energy weapons damage: <bonWEnergy>"	"MicroModuls"	""
"/MicroModuls/376/Text/2"	"Сила осколочного оружия: <bonWSplinter> ед."	"Lang.dat: MicroModuls.376.Text.2. Preserve every <tag> exactly. English reference: Fragmentation weapons damage: <bonWSplinter>"	"MicroModuls"	""
"/MicroModuls/376/Text/3"	"Скорость двигателя: <bonSpeed> ед."	"Lang.dat: MicroModuls.376.Text.3. Preserve every <tag> exactly. English reference: Engine speed: <bonSpeed>"	"MicroModuls"	""
"/MicroModuls/377/Name"	"Миоплазменный дроид I"	"Lang.dat: MicroModuls.377.Name. Preserve every <tag> exactly. English reference: Myoplasmic Droid I"	"MicroModuls"	""
"/MicroModuls/377/Text/0"	"<color=248,252,248>Миоплазменное оборудование работает за счет особых акриновых присадок, которые встраиваются в энергетическую систему корабля и перенаправляют силовые потоки на усиление мощности выстрелов осколочного и энергетического оружия. Как побочный эффект, возможно снижение скорости корабля.</color>"	"Lang.dat: MicroModuls.377.Text.0. Preserve every <tag> exactly. English reference: <color=248,252,248>Myoplasmic equipment utilizes special acrynic agents, fitted into the ship's energy system, which redirect power flows to boost the power of fragmentation and energy weapons. As a side effect, may also decrease the ship's speed.</color>"	"MicroModuls"	""
"/MicroModuls/377/Text/1"	"Сила энергетического оружия: <bonWEnergy> ед."	"Lang.dat: MicroModuls.377.Text.1. Preserve every <tag> exactly. English reference: Energy weapons damage: <bonWEnergy>"	"MicroModuls"	""
"/MicroModuls/377/Text/2"	"Сила осколочного оружия: <bonWSplinter> ед."	"Lang.dat: MicroModuls.377.Text.2. Preserve every <tag> exactly. English reference: Fragmentation weapons damage: <bonWSplinter>"	"MicroModuls"	""
"/MicroModuls/377/Text/3"	"Скорость двигателя: <bonSpeed> ед."	"Lang.dat: MicroModuls.377.Text.3. Preserve every <tag> exactly. English reference: Engine speed: <bonSpeed>"	"MicroModuls"	""
"/MicroModuls/378/Name"	"Миоплазменный захват I"	"Lang.dat: MicroModuls.378.Name. Preserve every <tag> exactly. English reference: Myoplasmic Gripper I"	"MicroModuls"	""
"/MicroModuls/378/Text/0"	"<color=248,252,248>Миоплазменное оборудование работает за счет особых акриновых присадок, которые встраиваются в энергетическую систему корабля и перенаправляют силовые потоки на усиление мощности выстрелов осколочного и энергетического оружия. Как побочный эффект, возможно снижение скорости корабля.</color>"	"Lang.dat: MicroModuls.378.Text.0. Preserve every <tag> exactly. English reference: <color=248,252,248>Myoplasmic equipment utilizes special acrynic agents, fitted into the ship's energy system, which redirect power flows to boost the power of fragmentation and energy weapons. As a side effect, may also decrease the ship's speed.</color>"	"MicroModuls"	""
"/MicroModuls/378/Text/1"	"Сила энергетического оружия: <bonWEnergy> ед."	"Lang.dat: MicroModuls.378.Text.1. Preserve every <tag> exactly. English reference: Energy weapons damage: <bonWEnergy>"	"MicroModuls"	""
"/MicroModuls/378/Text/2"	"Сила осколочного оружия: <bonWSplinter> ед."	"Lang.dat: MicroModuls.378.Text.2. Preserve every <tag> exactly. English reference: Fragmentation weapons damage: <bonWSplinter>"	"MicroModuls"	""
"/MicroModuls/378/Text/3"	"Скорость двигателя: <bonSpeed> ед."	"Lang.dat: MicroModuls.378.Text.3. Preserve every <tag> exactly. English reference: Engine speed: <bonSpeed>"	"MicroModuls"	""
"/MicroModuls/379/Name"	"Миоплазменный генератор защиты I"	"Lang.dat: MicroModuls.379.Name. Preserve every <tag> exactly. English reference: Myoplasmic Shield Generator I"	"MicroModuls"	""
"/MicroModuls/379/Text/0"	"<color=248,252,248>Миоплазменное оборудование работает за счет особых акриновых присадок, которые встраиваются в энергетическую систему корабля и перенаправляют силовые потоки на усиление мощности выстрелов осколочного и энергетического оружия. Как побочный эффект, возможно снижение скорости корабля.</color>"	"Lang.dat: MicroModuls.379.Text.0. Preserve every <tag> exactly. English reference: <color=248,252,248>Myoplasmic equipment utilizes special acrynic agents, fitted into the ship's energy system, which redirect power flows to boost the power of fragmentation and energy weapons. As a side effect, may also decrease the ship's speed.</color>"	"MicroModuls"	""
"/MicroModuls/379/Text/1"	"Сила энергетического оружия: <bonWEnergy> ед."	"Lang.dat: MicroModuls.379.Text.1. Preserve every <tag> exactly. English reference: Energy weapons damage: <bonWEnergy>"	"MicroModuls"	""
"/MicroModuls/379/Text/2"	"Сила осколочного оружия: <bonWSplinter> ед."	"Lang.dat: MicroModuls.379.Text.2. Preserve every <tag> exactly. English reference: Fragmentation weapons damage: <bonWSplinter>"	"MicroModuls"	""
"/MicroModuls/379/Text/3"	"Скорость двигателя: <bonSpeed> ед."	"Lang.dat: MicroModuls.379.Text.3. Preserve every <tag> exactly. English reference: Engine speed: <bonSpeed>"	"MicroModuls"	""
"/MicroModuls/380/Name"	"Миоплазменный топливный бак II"	"Lang.dat: MicroModuls.380.Name. Preserve every <tag> exactly. English reference: Myoplasmic Fuel Tank II"	"MicroModuls"	""
"/MicroModuls/380/Text/0"	"<color=248,252,248>Миоплазменное оборудование работает за счет особых акриновых присадок, которые встраиваются в энергетическую систему корабля и перенаправляют силовые потоки на усиление мощности выстрелов осколочного и энергетического оружия. Как побочный эффект, возможно снижение скорости корабля.</color>"	"Lang.dat: MicroModuls.380.Text.0. Preserve every <tag> exactly. English reference: <color=248,252,248>Myoplasmic equipment utilizes special acrynic agents, fitted into the ship's energy system, which redirect power flows to boost the power of fragmentation and energy weapons. As a side effect, may also decrease the ship's speed.</color>"	"MicroModuls"	""
"/MicroModuls/380/Text/1"	"Сила энергетического оружия: <bonWEnergy> ед."	"Lang.dat: MicroModuls.380.Text.1. Preserve every <tag> exactly. English reference: Energy weapons damage: <bonWEnergy>"	"MicroModuls"	""
"/MicroModuls/380/Text/2"	"Сила осколочного оружия: <bonWSplinter> ед."	"Lang.dat: MicroModuls.380.Text.2. Preserve every <tag> exactly. English reference: Fragmentation weapons damage: <bonWSplinter>"	"MicroModuls"	""
"/MicroModuls/380/Text/3"	"Скорость двигателя: <bonSpeed> ед."	"Lang.dat: MicroModuls.380.Text.3. Preserve every <tag> exactly. English reference: Engine speed: <bonSpeed>"	"MicroModuls"	""
"/MicroModuls/381/Name"	"Миоплазменный двигатель II"	"Lang.dat: MicroModuls.381.Name. Preserve every <tag> exactly. English reference: Myoplasmic Engine II"	"MicroModuls"	""
"/MicroModuls/381/Text/0"	"<color=248,252,248>Миоплазменное оборудование работает за счет особых акриновых присадок, которые встраиваются в энергетическую систему корабля и перенаправляют силовые потоки на усиление мощности выстрелов осколочного и энергетического оружия. Как побочный эффект, возможно снижение скорости корабля.</color>"	"Lang.dat: MicroModuls.381.Text.0. Preserve every <tag> exactly. English reference: <color=248,252,248>Myoplasmic equipment utilizes special acrynic agents, fitted into the ship's energy system, which redirect power flows to boost the power of fragmentation and energy weapons. As a side effect, may also decrease the ship's speed.</color>"	"MicroModuls"	""
"/MicroModuls/381/Text/1"	"Сила энергетического оружия: <bonWEnergy> ед."	"Lang.dat: MicroModuls.381.Text.1. Preserve every <tag> exactly. English reference: Energy weapons damage: <bonWEnergy>"	"MicroModuls"	""
"/MicroModuls/381/Text/2"	"Сила осколочного оружия: <bonWSplinter> ед."	"Lang.dat: MicroModuls.381.Text.2. Preserve every <tag> exactly. English reference: Fragmentation weapons damage: <bonWSplinter>"	"MicroModuls"	""
"/MicroModuls/381/Text/3"	"Скорость двигателя: <bonSpeed> ед."	"Lang.dat: MicroModuls.381.Text.3. Preserve every <tag> exactly. English reference: Engine speed: <bonSpeed>"	"MicroModuls"	""
"/MicroModuls/382/Name"	"Миоплазменный радар II"	"Lang.dat: MicroModuls.382.Name. Preserve every <tag> exactly. English reference: Myoplasmic Radar II"	"MicroModuls"	""
"/MicroModuls/382/Text/0"	"<color=248,252,248>Миоплазменное оборудование работает за счет особых акриновых присадок, которые встраиваются в энергетическую систему корабля и перенаправляют силовые потоки на усиление мощности выстрелов осколочного и энергетического оружия. Как побочный эффект, возможно снижение скорости корабля.</color>"	"Lang.dat: MicroModuls.382.Text.0. Preserve every <tag> exactly. English reference: <color=248,252,248>Myoplasmic equipment utilizes special acrynic agents, fitted into the ship's energy system, which redirect power flows to boost the power of fragmentation and energy weapons. As a side effect, may also decrease the ship's speed.</color>"	"MicroModuls"	""
"/MicroModuls/382/Text/1"	"Сила энергетического оружия: <bonWEnergy> ед."	"Lang.dat: MicroModuls.382.Text.1. Preserve every <tag> exactly. English reference: Energy weapons damage: <bonWEnergy>"	"MicroModuls"	""
"/MicroModuls/382/Text/2"	"Сила осколочного оружия: <bonWSplinter> ед."	"Lang.dat: MicroModuls.382.Text.2. Preserve every <tag> exactly. English reference: Fragmentation weapons damage: <bonWSplinter>"	"MicroModuls"	""
"/MicroModuls/382/Text/3"	"Скорость двигателя: <bonSpeed> ед."	"Lang.dat: MicroModuls.382.Text.3. Preserve every <tag> exactly. English reference: Engine speed: <bonSpeed>"	"MicroModuls"	""
"/MicroModuls/383/Name"	"Миоплазменный сканер II"	"Lang.dat: MicroModuls.383.Name. Preserve every <tag> exactly. English reference: Myoplasmic Scanner II"	"MicroModuls"	""
"/MicroModuls/383/Text/0"	"<color=248,252,248>Миоплазменное оборудование работает за счет особых акриновых присадок, которые встраиваются в энергетическую систему корабля и перенаправляют силовые потоки на усиление мощности выстрелов осколочного и энергетического оружия. Как побочный эффект, возможно снижение скорости корабля.</color>"	"Lang.dat: MicroModuls.383.Text.0. Preserve every <tag> exactly. English reference: <color=248,252,248>Myoplasmic equipment utilizes special acrynic agents, fitted into the ship's energy system, which redirect power flows to boost the power of fragmentation and energy weapons. As a side effect, may also decrease the ship's speed.</color>"	"MicroModuls"	""
"/MicroModuls/383/Text/1"	"Сила энергетического оружия: <bonWEnergy> ед."	"Lang.dat: MicroModuls.383.Text.1. Preserve every <tag> exactly. English reference: Energy weapons damage: <bonWEnergy>"	"MicroModuls"	""
"/MicroModuls/383/Text/2"	"Сила осколочного оружия: <bonWSplinter> ед."	"Lang.dat: MicroModuls.383.Text.2. Preserve every <tag> exactly. English reference: Fragmentation weapons damage: <bonWSplinter>"	"MicroModuls"	""
"/MicroModuls/383/Text/3"	"Скорость двигателя: <bonSpeed> ед."	"Lang.dat: MicroModuls.383.Text.3. Preserve every <tag> exactly. English reference: Engine speed: <bonSpeed>"	"MicroModuls"	""
"/MicroModuls/384/Name"	"Миоплазменный дроид II"	"Lang.dat: MicroModuls.384.Name. Preserve every <tag> exactly. English reference: Myoplasmic Droid II"	"MicroModuls"	""
"/MicroModuls/384/Text/0"	"<color=248,252,248>Миоплазменное оборудование работает за счет особых акриновых присадок, которые встраиваются в энергетическую систему корабля и перенаправляют силовые потоки на усиление мощности выстрелов осколочного и энергетического оружия. Как побочный эффект, возможно снижение скорости корабля.</color>"	"Lang.dat: MicroModuls.384.Text.0. Preserve every <tag> exactly. English reference: <color=248,252,248>Myoplasmic equipment utilizes special acrynic agents, fitted into the ship's energy system, which redirect power flows to boost the power of fragmentation and energy weapons. As a side effect, may also decrease the ship's speed.</color>"	"MicroModuls"	""
"/MicroModuls/384/Text/1"	"Сила энергетического оружия: <bonWEnergy> ед."	"Lang.dat: MicroModuls.384.Text.1. Preserve every <tag> exactly. English reference: Energy weapons damage: <bonWEnergy>"	"MicroModuls"	""
"/MicroModuls/384/Text/2"	"Сила осколочного оружия: <bonWSplinter> ед."	"Lang.dat: MicroModuls.384.Text.2. Preserve every <tag> exactly. English reference: Fragmentation weapons damage: <bonWSplinter>"	"MicroModuls"	""
"/MicroModuls/384/Text/3"	"Скорость двигателя: <bonSpeed> ед."	"Lang.dat: MicroModuls.384.Text.3. Preserve every <tag> exactly. English reference: Engine speed: <bonSpeed>"	"MicroModuls"	""
"/MicroModuls/385/Name"	"Миоплазменный захват II"	"Lang.dat: MicroModuls.385.Name. Preserve every <tag> exactly. English reference: Myoplasmic Gripper II"	"MicroModuls"	""
"/MicroModuls/385/Text/0"	"<color=248,252,248>Миоплазменное оборудование работает за счет особых акриновых присадок, которые встраиваются в энергетическую систему корабля и перенаправляют силовые потоки на усиление мощности выстрелов осколочного и энергетического оружия. Как побочный эффект, возможно снижение скорости корабля.</color>"	"Lang.dat: MicroModuls.385.Text.0. Preserve every <tag> exactly. English reference: <color=248,252,248>Myoplasmic equipment utilizes special acrynic agents, fitted into the ship's energy system, which redirect power flows to boost the power of fragmentation and energy weapons. As a side effect, may also decrease the ship's speed.</color>"	"MicroModuls"	""
"/MicroModuls/385/Text/1"	"Сила энергетического оружия: <bonWEnergy> ед."	"Lang.dat: MicroModuls.385.Text.1. Preserve every <tag> exactly. English reference: Energy weapons damage: <bonWEnergy>"	"MicroModuls"	""
"/MicroModuls/385/Text/2"	"Сила осколочного оружия: <bonWSplinter> ед."	"Lang.dat: MicroModuls.385.Text.2. Preserve every <tag> exactly. English reference: Fragmentation weapons damage: <bonWSplinter>"	"MicroModuls"	""
"/MicroModuls/385/Text/3"	"Скорость двигателя: <bonSpeed> ед."	"Lang.dat: MicroModuls.385.Text.3. Preserve every <tag> exactly. English reference: Engine speed: <bonSpeed>"	"MicroModuls"	""
"/MicroModuls/386/Name"	"Миоплазменный генератор защиты II"	"Lang.dat: MicroModuls.386.Name. Preserve every <tag> exactly. English reference: Myoplasmic Shield Generator II"	"MicroModuls"	""
"/MicroModuls/386/Text/0"	"<color=248,252,248>Миоплазменное оборудование работает за счет особых акриновых присадок, которые встраиваются в энергетическую систему корабля и перенаправляют силовые потоки на усиление мощности выстрелов осколочного и энергетического оружия. Как побочный эффект, возможно снижение скорости корабля.</color>"	"Lang.dat: MicroModuls.386.Text.0. Preserve every <tag> exactly. English reference: <color=248,252,248>Myoplasmic equipment utilizes special acrynic agents, fitted into the ship's energy system, which redirect power flows to boost the power of fragmentation and energy weapons. As a side effect, may also decrease the ship's speed.</color>"	"MicroModuls"	""
"/MicroModuls/386/Text/1"	"Сила энергетического оружия: <bonWEnergy> ед."	"Lang.dat: MicroModuls.386.Text.1. Preserve every <tag> exactly. English reference: Energy weapons damage: <bonWEnergy>"	"MicroModuls"	""
"/MicroModuls/386/Text/2"	"Сила осколочного оружия: <bonWSplinter> ед."	"Lang.dat: MicroModuls.386.Text.2. Preserve every <tag> exactly. English reference: Fragmentation weapons damage: <bonWSplinter>"	"MicroModuls"	""
"/MicroModuls/386/Text/3"	"Скорость двигателя: <bonSpeed> ед."	"Lang.dat: MicroModuls.386.Text.3. Preserve every <tag> exactly. English reference: Engine speed: <bonSpeed>"	"MicroModuls"	""
"/MicroModuls/387/Name"	"Миоплазменный топливный бак III"	"Lang.dat: MicroModuls.387.Name. Preserve every <tag> exactly. English reference: Myoplasmic Fuel Tank III"	"MicroModuls"	""
"/MicroModuls/387/Text/0"	"<color=248,252,248>Миоплазменное оборудование работает за счет особых акриновых присадок, которые встраиваются в энергетическую систему корабля и перенаправляют силовые потоки на усиление мощности выстрелов осколочного и энергетического оружия. Как побочный эффект, возможно снижение скорости корабля.</color>"	"Lang.dat: MicroModuls.387.Text.0. Preserve every <tag> exactly. English reference: <color=248,252,248>Myoplasmic equipment utilizes special acrynic agents, fitted into the ship's energy system, which redirect power flows to boost the power of fragmentation and energy weapons. As a side effect, may also decrease the ship's speed.</color>"	"MicroModuls"	""
"/MicroModuls/387/Text/1"	"Сила энергетического оружия: <bonWEnergy> ед."	"Lang.dat: MicroModuls.387.Text.1. Preserve every <tag> exactly. English reference: Energy weapons damage: <bonWEnergy>"	"MicroModuls"	""
"/MicroModuls/387/Text/2"	"Сила осколочного оружия: <bonWSplinter> ед."	"Lang.dat: MicroModuls.387.Text.2. Preserve every <tag> exactly. English reference: Fragmentation weapons damage: <bonWSplinter>"	"MicroModuls"	""
"/MicroModuls/387/Text/3"	"Скорость двигателя: <bonSpeed> ед."	"Lang.dat: MicroModuls.387.Text.3. Preserve every <tag> exactly. English reference: Engine speed: <bonSpeed>"	"MicroModuls"	""
"/MicroModuls/388/Name"	"Миоплазменный двигатель III"	"Lang.dat: MicroModuls.388.Name. Preserve every <tag> exactly. English reference: Myoplasmic Engine III"	"MicroModuls"	""
"/MicroModuls/388/Text/0"	"<color=248,252,248>Миоплазменное оборудование работает за счет особых акриновых присадок, которые встраиваются в энергетическую систему корабля и перенаправляют силовые потоки на усиление мощности выстрелов осколочного и энергетического оружия. Как побочный эффект, возможно снижение скорости корабля.</color>"	"Lang.dat: MicroModuls.388.Text.0. Preserve every <tag> exactly. English reference: <color=248,252,248>Myoplasmic equipment utilizes special acrynic agents, fitted into the ship's energy system, which redirect power flows to boost the power of fragmentation and energy weapons. As a side effect, may also decrease the ship's speed.</color>"	"MicroModuls"	""
"/MicroModuls/388/Text/1"	"Сила энергетического оружия: <bonWEnergy> ед."	"Lang.dat: MicroModuls.388.Text.1. Preserve every <tag> exactly. English reference: Energy weapons damage: <bonWEnergy>"	"MicroModuls"	""
"/MicroModuls/388/Text/2"	"Сила осколочного оружия: <bonWSplinter> ед."	"Lang.dat: MicroModuls.388.Text.2. Preserve every <tag> exactly. English reference: Fragmentation weapons damage: <bonWSplinter>"	"MicroModuls"	""
"/MicroModuls/388/Text/3"	"Скорость двигателя: <bonSpeed> ед."	"Lang.dat: MicroModuls.388.Text.3. Preserve every <tag> exactly. English reference: Engine speed: <bonSpeed>"	"MicroModuls"	""
"/MicroModuls/389/Name"	"Миоплазменный радар III"	"Lang.dat: MicroModuls.389.Name. Preserve every <tag> exactly. English reference: Myoplasmic Radar III"	"MicroModuls"	""
"/MicroModuls/389/Text/0"	"<color=248,252,248>Миоплазменное оборудование работает за счет особых акриновых присадок, которые встраиваются в энергетическую систему корабля и перенаправляют силовые потоки на усиление мощности выстрелов осколочного и энергетического оружия. Как побочный эффект, возможно снижение скорости корабля.</color>"	"Lang.dat: MicroModuls.389.Text.0. Preserve every <tag> exactly. English reference: <color=248,252,248>Myoplasmic equipment utilizes special acrynic agents, fitted into the ship's energy system, which redirect power flows to boost the power of fragmentation and energy weapons. As a side effect, may also decrease the ship's speed.</color>"	"MicroModuls"	""
"/MicroModuls/389/Text/1"	"Сила энергетического оружия: <bonWEnergy> ед."	"Lang.dat: MicroModuls.389.Text.1. Preserve every <tag> exactly. English reference: Energy weapons damage: <bonWEnergy>"	"MicroModuls"	""
"/MicroModuls/389/Text/2"	"Сила осколочного оружия: <bonWSplinter> ед."	"Lang.dat: MicroModuls.389.Text.2. Preserve every <tag> exactly. English reference: Fragmentation weapons damage: <bonWSplinter>"	"MicroModuls"	""
"/MicroModuls/389/Text/3"	"Скорость двигателя: <bonSpeed> ед."	"Lang.dat: MicroModuls.389.Text.3. Preserve every <tag> exactly. English reference: Engine speed: <bonSpeed>"	"MicroModuls"	""
"/MicroModuls/390/Name"	"Миоплазменный сканер III"	"Lang.dat: MicroModuls.390.Name. Preserve every <tag> exactly. English reference: Myoplasmic Scanner III"	"MicroModuls"	""
"/MicroModuls/390/Text/0"	"<color=248,252,248>Миоплазменное оборудование работает за счет особых акриновых присадок, которые встраиваются в энергетическую систему корабля и перенаправляют силовые потоки на усиление мощности выстрелов осколочного и энергетического оружия. Как побочный эффект, возможно снижение скорости корабля.</color>"	"Lang.dat: MicroModuls.390.Text.0. Preserve every <tag> exactly. English reference: <color=248,252,248>Myoplasmic equipment utilizes special acrynic agents, fitted into the ship's energy system, which redirect power flows to boost the power of fragmentation and energy weapons. As a side effect, may also decrease the ship's speed.</color>"	"MicroModuls"	""
"/MicroModuls/390/Text/1"	"Сила энергетического оружия: <bonWEnergy> ед."	"Lang.dat: MicroModuls.390.Text.1. Preserve every <tag> exactly. English reference: Energy weapons damage: <bonWEnergy>"	"MicroModuls"	""
"/MicroModuls/390/Text/2"	"Сила осколочного оружия: <bonWSplinter> ед."	"Lang.dat: MicroModuls.390.Text.2. Preserve every <tag> exactly. English reference: Fragmentation weapons damage: <bonWSplinter>"	"MicroModuls"	""
"/MicroModuls/390/Text/3"	"Скорость двигателя: <bonSpeed> ед."	"Lang.dat: MicroModuls.390.Text.3. Preserve every <tag> exactly. English reference: Engine speed: <bonSpeed>"	"MicroModuls"	""
"/MicroModuls/391/Name"	"Миоплазменный дроид III"	"Lang.dat: MicroModuls.391.Name. Preserve every <tag> exactly. English reference: Myoplasmic Droid III"	"MicroModuls"	""
"/MicroModuls/391/Text/0"	"<color=248,252,248>Миоплазменное оборудование работает за счет особых акриновых присадок, которые встраиваются в энергетическую систему корабля и перенаправляют силовые потоки на усиление мощности выстрелов осколочного и энергетического оружия. Как побочный эффект, возможно снижение скорости корабля.</color>"	"Lang.dat: MicroModuls.391.Text.0. Preserve every <tag> exactly. English reference: <color=248,252,248>Myoplasmic equipment utilizes special acrynic agents, fitted into the ship's energy system, which redirect power flows to boost the power of fragmentation and energy weapons. As a side effect, may also decrease the ship's speed.</color>"	"MicroModuls"	""
"/MicroModuls/391/Text/1"	"Сила энергетического оружия: <bonWEnergy> ед."	"Lang.dat: MicroModuls.391.Text.1. Preserve every <tag> exactly. English reference: Energy weapons damage: <bonWEnergy>"	"MicroModuls"	""
"/MicroModuls/391/Text/2"	"Сила осколочного оружия: <bonWSplinter> ед."	"Lang.dat: MicroModuls.391.Text.2. Preserve every <tag> exactly. English reference: Fragmentation weapons damage: <bonWSplinter>"	"MicroModuls"	""
"/MicroModuls/391/Text/3"	"Скорость двигателя: <bonSpeed> ед."	"Lang.dat: MicroModuls.391.Text.3. Preserve every <tag> exactly. English reference: Engine speed: <bonSpeed>"	"MicroModuls"	""
"/MicroModuls/392/Name"	"Миоплазменный захват III"	"Lang.dat: MicroModuls.392.Name. Preserve every <tag> exactly. English reference: Myoplasmic Gripper III"	"MicroModuls"	""
"/MicroModuls/392/Text/0"	"<color=248,252,248>Миоплазменное оборудование работает за счет особых акриновых присадок, которые встраиваются в энергетическую систему корабля и перенаправляют силовые потоки на усиление мощности выстрелов осколочного и энергетического оружия. Как побочный эффект, возможно снижение скорости корабля.</color>"	"Lang.dat: MicroModuls.392.Text.0. Preserve every <tag> exactly. English reference: <color=248,252,248>Myoplasmic equipment utilizes special acrynic agents, fitted into the ship's energy system, which redirect power flows to boost the power of fragmentation and energy weapons. As a side effect, may also decrease the ship's speed.</color>"	"MicroModuls"	""
"/MicroModuls/392/Text/1"	"Сила энергетического оружия: <bonWEnergy> ед."	"Lang.dat: MicroModuls.392.Text.1. Preserve every <tag> exactly. English reference: Energy weapons damage: <bonWEnergy>"	"MicroModuls"	""
"/MicroModuls/392/Text/2"	"Сила осколочного оружия: <bonWSplinter> ед."	"Lang.dat: MicroModuls.392.Text.2. Preserve every <tag> exactly. English reference: Fragmentation weapons damage: <bonWSplinter>"	"MicroModuls"	""
"/MicroModuls/392/Text/3"	"Скорость двигателя: <bonSpeed> ед."	"Lang.dat: MicroModuls.392.Text.3. Preserve every <tag> exactly. English reference: Engine speed: <bonSpeed>"	"MicroModuls"	""
"/MicroModuls/393/Name"	"Миоплазменный генератор защиты III"	"Lang.dat: MicroModuls.393.Name. Preserve every <tag> exactly. English reference: Myoplasmic Shield Generator III"	"MicroModuls"	""
"/MicroModuls/393/Text/0"	"<color=248,252,248>Миоплазменное оборудование работает за счет особых акриновых присадок, которые встраиваются в энергетическую систему корабля и перенаправляют силовые потоки на усиление мощности выстрелов осколочного и энергетического оружия. Как побочный эффект, возможно снижение скорости корабля.</color>"	"Lang.dat: MicroModuls.393.Text.0. Preserve every <tag> exactly. English reference: <color=248,252,248>Myoplasmic equipment utilizes special acrynic agents, fitted into the ship's energy system, which redirect power flows to boost the power of fragmentation and energy weapons. As a side effect, may also decrease the ship's speed.</color>"	"MicroModuls"	""
"/MicroModuls/393/Text/1"	"Сила энергетического оружия: <bonWEnergy> ед."	"Lang.dat: MicroModuls.393.Text.1. Preserve every <tag> exactly. English reference: Energy weapons damage: <bonWEnergy>"	"MicroModuls"	""
"/MicroModuls/393/Text/2"	"Сила осколочного оружия: <bonWSplinter> ед."	"Lang.dat: MicroModuls.393.Text.2. Preserve every <tag> exactly. English reference: Fragmentation weapons damage: <bonWSplinter>"	"MicroModuls"	""
"/MicroModuls/393/Text/3"	"Скорость двигателя: <bonSpeed> ед."	"Lang.dat: MicroModuls.393.Text.3. Preserve every <tag> exactly. English reference: Engine speed: <bonSpeed>"	"MicroModuls"	""
"/MicroModuls/394/Name"	"Пигамарный топливный бак I"	"Lang.dat: MicroModuls.394.Name. Preserve every <tag> exactly. English reference: Pygamore Fuel Tank I"	"MicroModuls"	""
"/MicroModuls/394/Text/0"	"<color=248,252,248>Пигамарная серия была первой из всех серий акриновых разработок. Единственный ее плюс - это экономия энергии, излишки которой могут использоваться для усиления ракетных установок. Среди минусов же частые сбои в работе и системные ошибки. Они отрицательно влияют на работу генератора защиты и радара, которые вынуждены постоянно перезапускаться.</color>"	"Lang.dat: MicroModuls.394.Text.0. Preserve every <tag> exactly. English reference: <color=248,252,248>The pygamore series was the first to utilize acrynic technologies. Its only advantage lies in preservation of energy, whose surplus can then be used to bolster missile launchers. Its drawbacks include frequent malfunctions and systems errors. As a result, the radar and the shield generator require constant reboots, hindering their effectiveness.</color>"	"MicroModuls"	""
"/MicroModuls/394/Text/1"	"Сила ракетного оружия: <bonWMissile> ед."	"Lang.dat: MicroModuls.394.Text.1. Preserve every <tag> exactly. English reference: Missile weapons damage: <bonWMissile>"	"MicroModuls"	""
"/MicroModuls/394/Text/2"	"Генератор поля: <bonDef> ед."	"Lang.dat: MicroModuls.394.Text.2. Preserve every <tag> exactly. English reference: Shield generator: <bonDef>%"	"MicroModuls"	""
"/MicroModuls/394/Text/3"	"Дальность радара: <bonRadar> ед."	"Lang.dat: MicroModuls.394.Text.3. Preserve every <tag> exactly. English reference: Radar range: <bonRadar>"	"MicroModuls"	""
"/MicroModuls/395/Name"	"Пигамарный двигатель I"	"Lang.dat: MicroModuls.395.Name. Preserve every <tag> exactly. English reference: Pygamore Engine I"	"MicroModuls"	""
"/MicroModuls/395/Text/0"	"<color=248,252,248>Пигамарная серия была первой из всех серий акриновых разработок. Единственный ее плюс - это экономия энергии, излишки которой могут использоваться для усиления ракетных установок. Среди минусов же частые сбои в работе и системные ошибки. Они отрицательно влияют на работу генератора защиты и радара, которые вынуждены постоянно перезапускаться.</color>"	"Lang.dat: MicroModuls.395.Text.0. Preserve every <tag> exactly. English reference: <color=248,252,248>The pygamore series was the first to utilize acrynic technologies. Its only advantage lies in preservation of energy, whose surplus can then be used to bolster missile launchers. Its drawbacks include frequent malfunctions and systems errors. As a result, the radar and the shield generator require constant reboots, hindering their effectiveness.</color>"	"MicroModuls"	""
"/MicroModuls/395/Text/1"	"Сила ракетного оружия: <bonWMissile> ед."	"Lang.dat: MicroModuls.395.Text.1. Preserve every <tag> exactly. English reference: Missile weapons damage: <bonWMissile>"	"MicroModuls"	""
"/MicroModuls/395/Text/2"	"Генератор поля: <bonDef> ед."	"Lang.dat: MicroModuls.395.Text.2. Preserve every <tag> exactly. English reference: Shield generator: <bonDef>%"	"MicroModuls"	""
"/MicroModuls/395/Text/3"	"Дальность радара: <bonRadar> ед."	"Lang.dat: MicroModuls.395.Text.3. Preserve every <tag> exactly. English reference: Radar range: <bonRadar>"	"MicroModuls"	""
"/MicroModuls/396/Name"	"Пигамарный радар I"	"Lang.dat: MicroModuls.396.Name. Preserve every <tag> exactly. English reference: Pygamore Radar I"	"MicroModuls"	""
"/MicroModuls/396/Text/0"	"<color=248,252,248>Пигамарная серия была первой из всех серий акриновых разработок. Единственный ее плюс - это экономия энергии, излишки которой могут использоваться для усиления ракетных установок. Среди минусов же частые сбои в работе и системные ошибки. Они отрицательно влияют на работу генератора защиты и радара, которые вынуждены постоянно перезапускаться.</color>"	"Lang.dat: MicroModuls.396.Text.0. Preserve every <tag> exactly. English reference: <color=248,252,248>The pygamore series was the first to utilize acrynic technologies. Its only advantage lies in preservation of energy, whose surplus can then be used to bolster missile launchers. Its drawbacks include frequent malfunctions and systems errors. As a result, the radar and the shield generator require constant reboots, hindering their effectiveness.</color>"	"MicroModuls"	""
"/MicroModuls/396/Text/1"	"Сила ракетного оружия: <bonWMissile> ед."	"Lang.dat: MicroModuls.396.Text.1. Preserve every <tag> exactly. English reference: Missile weapons damage: <bonWMissile>"	"MicroModuls"	""
"/MicroModuls/396/Text/2"	"Генератор поля: <bonDef> ед."	"Lang.dat: MicroModuls.396.Text.2. Preserve every <tag> exactly. English reference: Shield generator: <bonDef>%"	"MicroModuls"	""
"/MicroModuls/396/Text/3"	"Дальность радара: <bonRadar> ед."	"Lang.dat: MicroModuls.396.Text.3. Preserve every <tag> exactly. English reference: Radar range: <bonRadar>"	"MicroModuls"	""
"/MicroModuls/397/Name"	"Пигамарный сканер I"	"Lang.dat: MicroModuls.397.Name. Preserve every <tag> exactly. English reference: Pygamore Scanner I"	"MicroModuls"	""
"/MicroModuls/397/Text/0"	"<color=248,252,248>Пигамарная серия была первой из всех серий акриновых разработок. Единственный ее плюс - это экономия энергии, излишки которой могут использоваться для усиления ракетных установок. Среди минусов же частые сбои в работе и системные ошибки. Они отрицательно влияют на работу генератора защиты и радара, которые вынуждены постоянно перезапускаться.</color>"	"Lang.dat: MicroModuls.397.Text.0. Preserve every <tag> exactly. English reference: <color=248,252,248>The pygamore series was the first to utilize acrynic technologies. Its only advantage lies in preservation of energy, whose surplus can then be used to bolster missile launchers. Its drawbacks include frequent malfunctions and systems errors. As a result, the radar and the shield generator require constant reboots, hindering their effectiveness.</color>"	"MicroModuls"	""
"/MicroModuls/397/Text/1"	"Сила ракетного оружия: <bonWMissile> ед."	"Lang.dat: MicroModuls.397.Text.1. Preserve every <tag> exactly. English reference: Missile weapons damage: <bonWMissile>"	"MicroModuls"	""
"/MicroModuls/397/Text/2"	"Генератор поля: <bonDef> ед."	"Lang.dat: MicroModuls.397.Text.2. Preserve every <tag> exactly. English reference: Shield generator: <bonDef>%"	"MicroModuls"	""
"/MicroModuls/397/Text/3"	"Дальность радара: <bonRadar> ед."	"Lang.dat: MicroModuls.397.Text.3. Preserve every <tag> exactly. English reference: Radar range: <bonRadar>"	"MicroModuls"	""
"/MicroModuls/398/Name"	"Пигамарный дроид I"	"Lang.dat: MicroModuls.398.Name. Preserve every <tag> exactly. English reference: Pygamore Droid I"	"MicroModuls"	""
"/MicroModuls/398/Text/0"	"<color=248,252,248>Пигамарная серия была первой из всех серий акриновых разработок. Единственный ее плюс - это экономия энергии, излишки которой могут использоваться для усиления ракетных установок. Среди минусов же частые сбои в работе и системные ошибки. Они отрицательно влияют на работу генератора защиты и радара, которые вынуждены постоянно перезапускаться.</color>"	"Lang.dat: MicroModuls.398.Text.0. Preserve every <tag> exactly. English reference: <color=248,252,248>The pygamore series was the first to utilize acrynic technologies. Its only advantage lies in preservation of energy, whose surplus can then be used to bolster missile launchers. Its drawbacks include frequent malfunctions and systems errors. As a result, the radar and the shield generator require constant reboots, hindering their effectiveness.</color>"	"MicroModuls"	""
"/MicroModuls/398/Text/1"	"Сила ракетного оружия: <bonWMissile> ед."	"Lang.dat: MicroModuls.398.Text.1. Preserve every <tag> exactly. English reference: Missile weapons damage: <bonWMissile>"	"MicroModuls"	""
"/MicroModuls/398/Text/2"	"Генератор поля: <bonDef> ед."	"Lang.dat: MicroModuls.398.Text.2. Preserve every <tag> exactly. English reference: Shield generator: <bonDef>%"	"MicroModuls"	""
"/MicroModuls/398/Text/3"	"Дальность радара: <bonRadar> ед."	"Lang.dat: MicroModuls.398.Text.3. Preserve every <tag> exactly. English reference: Radar range: <bonRadar>"	"MicroModuls"	""
"/MicroModuls/399/Name"	"Пигамарный захват I"	"Lang.dat: MicroModuls.399.Name. Preserve every <tag> exactly. English reference: Pygamore Gripper I"	"MicroModuls"	""
"/MicroModuls/399/Text/0"	"<color=248,252,248>Пигамарная серия была первой из всех серий акриновых разработок. Единственный ее плюс - это экономия энергии, излишки которой могут использоваться для усиления ракетных установок. Среди минусов же частые сбои в работе и системные ошибки. Они отрицательно влияют на работу генератора защиты и радара, которые вынуждены постоянно перезапускаться.</color>"	"Lang.dat: MicroModuls.399.Text.0. Preserve every <tag> exactly. English reference: <color=248,252,248>The pygamore series was the first to utilize acrynic technologies. Its only advantage lies in preservation of energy, whose surplus can then be used to bolster missile launchers. Its drawbacks include frequent malfunctions and systems errors. As a result, the radar and the shield generator require constant reboots, hindering their effectiveness.</color>"	"MicroModuls"	""
"/MicroModuls/399/Text/1"	"Сила ракетного оружия: <bonWMissile> ед."	"Lang.dat: MicroModuls.399.Text.1. Preserve every <tag> exactly. English reference: Missile weapons damage: <bonWMissile>"	"MicroModuls"	""
"/MicroModuls/399/Text/2"	"Генератор поля: <bonDef> ед."	"Lang.dat: MicroModuls.399.Text.2. Preserve every <tag> exactly. English reference: Shield generator: <bonDef>%"	"MicroModuls"	""
"/MicroModuls/399/Text/3"	"Дальность радара: <bonRadar> ед."	"Lang.dat: MicroModuls.399.Text.3. Preserve every <tag> exactly. English reference: Radar range: <bonRadar>"	"MicroModuls"	""
"/MicroModuls/4/Name"	"Ресиз"	"Lang.dat: MicroModuls.4.Name. Preserve every <tag> exactly. English reference: Resizer"	"MicroModuls"	""
"/MicroModuls/4/Text/0"	"Микромодуль третьего уровня. Размягчает и деформирует стенки топливного бака, увеличивая его объем."	"Lang.dat: MicroModuls.4.Text.0. Preserve every <tag> exactly. English reference: Level three micromodule. Softens and deforms the walls of the fuel tank, increasing its capacity."	"MicroModuls"	""
"/MicroModuls/4/Text/1"	"Объем бака: <bonFuel> ед."	"Lang.dat: MicroModuls.4.Text.1. Preserve every <tag> exactly. English reference: Fuel tank capacity: <bonFuel>"	"MicroModuls"	""
"/MicroModuls/4/Text/2"	"Размер: <clr>+20%<clrEnd>"	"Lang.dat: MicroModuls.4.Text.2. Preserve every <tag> exactly. English reference: Size: <clr>+20%<clrEnd>"	"MicroModuls"	""
"/MicroModuls/400/Name"	"Пигамарный генератор защиты I"	"Lang.dat: MicroModuls.400.Name. Preserve every <tag> exactly. English reference: Pygamore Shield Generator I"	"MicroModuls"	""
"/MicroModuls/400/Text/0"	"<color=248,252,248>Пигамарная серия была первой из всех серий акриновых разработок. Единственный ее плюс - это экономия энергии, излишки которой могут использоваться для усиления ракетных установок. Среди минусов же частые сбои в работе и системные ошибки. Они отрицательно влияют на работу генератора защиты и радара, которые вынуждены постоянно перезапускаться.</color>"	"Lang.dat: MicroModuls.400.Text.0. Preserve every <tag> exactly. English reference: <color=248,252,248>The pygamore series was the first to utilize acrynic technologies. Its only advantage lies in preservation of energy, whose surplus can then be used to bolster missile launchers. Its drawbacks include frequent malfunctions and systems errors. As a result, the radar and the shield generator require constant reboots, hindering their effectiveness.</color>"	"MicroModuls"	""
"/MicroModuls/400/Text/1"	"Сила ракетного оружия: <bonWMissile> ед."	"Lang.dat: MicroModuls.400.Text.1. Preserve every <tag> exactly. English reference: Missile weapons damage: <bonWMissile>"	"MicroModuls"	""
"/MicroModuls/400/Text/2"	"Генератор поля: <bonDef> ед."	"Lang.dat: MicroModuls.400.Text.2. Preserve every <tag> exactly. English reference: Shield generator: <bonDef>%"	"MicroModuls"	""
"/MicroModuls/400/Text/3"	"Дальность радара: <bonRadar> ед."	"Lang.dat: MicroModuls.400.Text.3. Preserve every <tag> exactly. English reference: Radar range: <bonRadar>"	"MicroModuls"	""
"/MicroModuls/401/Name"	"Пигамарный топливный бак II"	"Lang.dat: MicroModuls.401.Name. Preserve every <tag> exactly. English reference: Pygamore Fuel Tank II"	"MicroModuls"	""
"/MicroModuls/401/Text/0"	"<color=248,252,248>Пигамарная серия была первой из всех серий акриновых разработок. Единственный ее плюс - это экономия энергии, излишки которой могут использоваться для усиления ракетных установок. Среди минусов же частые сбои в работе и системные ошибки. Они отрицательно влияют на работу генератора защиты и радара, которые вынуждены постоянно перезапускаться.</color>"	"Lang.dat: MicroModuls.401.Text.0. Preserve every <tag> exactly. English reference: <color=248,252,248>The pygamore series was the first to utilize acrynic technologies. Its only advantage lies in preservation of energy, whose surplus can then be used to bolster missile launchers. Its drawbacks include frequent malfunctions and systems errors. As a result, the radar and the shield generator require constant reboots, hindering their effectiveness.</color>"	"MicroModuls"	""
"/MicroModuls/401/Text/1"	"Сила ракетного оружия: <bonWMissile> ед."	"Lang.dat: MicroModuls.401.Text.1. Preserve every <tag> exactly. English reference: Missile weapons damage: <bonWMissile>"	"MicroModuls"	""
"/MicroModuls/401/Text/2"	"Генератор поля: <bonDef> ед."	"Lang.dat: MicroModuls.401.Text.2. Preserve every <tag> exactly. English reference: Shield generator: <bonDef>%"	"MicroModuls"	""
"/MicroModuls/401/Text/3"	"Дальность радара: <bonRadar> ед."	"Lang.dat: MicroModuls.401.Text.3. Preserve every <tag> exactly. English reference: Radar range: <bonRadar>"	"MicroModuls"	""
"/MicroModuls/402/Name"	"Пигамарный двигатель II"	"Lang.dat: MicroModuls.402.Name. Preserve every <tag> exactly. English reference: Pygamore Engine II"	"MicroModuls"	""
"/MicroModuls/402/Text/0"	"<color=248,252,248>Пигамарная серия была первой из всех серий акриновых разработок. Единственный ее плюс - это экономия энергии, излишки которой могут использоваться для усиления ракетных установок. Среди минусов же частые сбои в работе и системные ошибки. Они отрицательно влияют на работу генератора защиты и радара, которые вынуждены постоянно перезапускаться.</color>"	"Lang.dat: MicroModuls.402.Text.0. Preserve every <tag> exactly. English reference: <color=248,252,248>The pygamore series was the first to utilize acrynic technologies. Its only advantage lies in preservation of energy, whose surplus can then be used to bolster missile launchers. Its drawbacks include frequent malfunctions and systems errors. As a result, the radar and the shield generator require constant reboots, hindering their effectiveness.</color>"	"MicroModuls"	""
"/MicroModuls/402/Text/1"	"Сила ракетного оружия: <bonWMissile> ед."	"Lang.dat: MicroModuls.402.Text.1. Preserve every <tag> exactly. English reference: Missile weapons damage: <bonWMissile>"	"MicroModuls"	""
"/MicroModuls/402/Text/2"	"Генератор поля: <bonDef> ед."	"Lang.dat: MicroModuls.402.Text.2. Preserve every <tag> exactly. English reference: Shield generator: <bonDef>%"	"MicroModuls"	""
"/MicroModuls/402/Text/3"	"Дальность радара: <bonRadar> ед."	"Lang.dat: MicroModuls.402.Text.3. Preserve every <tag> exactly. English reference: Radar range: <bonRadar>"	"MicroModuls"	""
"/MicroModuls/403/Name"	"Пигамарный радар II"	"Lang.dat: MicroModuls.403.Name. Preserve every <tag> exactly. English reference: Pygamore Radar II"	"MicroModuls"	""
"/MicroModuls/403/Text/0"	"<color=248,252,248>Пигамарная серия была первой из всех серий акриновых разработок. Единственный ее плюс - это экономия энергии, излишки которой могут использоваться для усиления ракетных установок. Среди минусов же частые сбои в работе и системные ошибки. Они отрицательно влияют на работу генератора защиты и радара, которые вынуждены постоянно перезапускаться.</color>"	"Lang.dat: MicroModuls.403.Text.0. Preserve every <tag> exactly. English reference: <color=248,252,248>The pygamore series was the first to utilize acrynic technologies. Its only advantage lies in preservation of energy, whose surplus can then be used to bolster missile launchers. Its drawbacks include frequent malfunctions and systems errors. As a result, the radar and the shield generator require constant reboots, hindering their effectiveness.</color>"	"MicroModuls"	""
"/MicroModuls/403/Text/1"	"Сила ракетного оружия: <bonWMissile> ед."	"Lang.dat: MicroModuls.403.Text.1. Preserve every <tag> exactly. English reference: Missile weapons damage: <bonWMissile>"	"MicroModuls"	""
"/MicroModuls/403/Text/2"	"Генератор поля: <bonDef> ед."	"Lang.dat: MicroModuls.403.Text.2. Preserve every <tag> exactly. English reference: Shield generator: <bonDef>%"	"MicroModuls"	""
"/MicroModuls/403/Text/3"	"Дальность радара: <bonRadar> ед."	"Lang.dat: MicroModuls.403.Text.3. Preserve every <tag> exactly. English reference: Radar range: <bonRadar>"	"MicroModuls"	""
"/MicroModuls/404/Name"	"Пигамарный сканер II"	"Lang.dat: MicroModuls.404.Name. Preserve every <tag> exactly. English reference: Pygamore Scanner II"	"MicroModuls"	""
"/MicroModuls/404/Text/0"	"<color=248,252,248>Пигамарная серия была первой из всех серий акриновых разработок. Единственный ее плюс - это экономия энергии, излишки которой могут использоваться для усиления ракетных установок. Среди минусов же частые сбои в работе и системные ошибки. Они отрицательно влияют на работу генератора защиты и радара, которые вынуждены постоянно перезапускаться.</color>"	"Lang.dat: MicroModuls.404.Text.0. Preserve every <tag> exactly. English reference: <color=248,252,248>The pygamore series was the first to utilize acrynic technologies. Its only advantage lies in preservation of energy, whose surplus can then be used to bolster missile launchers. Its drawbacks include frequent malfunctions and systems errors. As a result, the radar and the shield generator require constant reboots, hindering their effectiveness.</color>"	"MicroModuls"	""
"/MicroModuls/404/Text/1"	"Сила ракетного оружия: <bonWMissile> ед."	"Lang.dat: MicroModuls.404.Text.1. Preserve every <tag> exactly. English reference: Missile weapons damage: <bonWMissile>"	"MicroModuls"	""
"/MicroModuls/404/Text/2"	"Генератор поля: <bonDef> ед."	"Lang.dat: MicroModuls.404.Text.2. Preserve every <tag> exactly. English reference: Shield generator: <bonDef>%"	"MicroModuls"	""
"/MicroModuls/404/Text/3"	"Дальность радара: <bonRadar> ед."	"Lang.dat: MicroModuls.404.Text.3. Preserve every <tag> exactly. English reference: Radar range: <bonRadar>"	"MicroModuls"	""
"/MicroModuls/405/Name"	"Пигамарный дроид II"	"Lang.dat: MicroModuls.405.Name. Preserve every <tag> exactly. English reference: Pygamore Droid II"	"MicroModuls"	""
"/MicroModuls/405/Text/0"	"<color=248,252,248>Пигамарная серия была первой из всех серий акриновых разработок. Единственный ее плюс - это экономия энергии, излишки которой могут использоваться для усиления ракетных установок. Среди минусов же частые сбои в работе и системные ошибки. Они отрицательно влияют на работу генератора защиты и радара, которые вынуждены постоянно перезапускаться.</color>"	"Lang.dat: MicroModuls.405.Text.0. Preserve every <tag> exactly. English reference: <color=248,252,248>The pygamore series was the first to utilize acrynic technologies. Its only advantage lies in preservation of energy, whose surplus can then be used to bolster missile launchers. Its drawbacks include frequent malfunctions and systems errors. As a result, the radar and the shield generator require constant reboots, hindering their effectiveness.</color>"	"MicroModuls"	""
"/MicroModuls/405/Text/1"	"Сила ракетного оружия: <bonWMissile> ед."	"Lang.dat: MicroModuls.405.Text.1. Preserve every <tag> exactly. English reference: Missile weapons damage: <bonWMissile>"	"MicroModuls"	""
"/MicroModuls/405/Text/2"	"Генератор поля: <bonDef> ед."	"Lang.dat: MicroModuls.405.Text.2. Preserve every <tag> exactly. English reference: Shield generator: <bonDef>%"	"MicroModuls"	""
"/MicroModuls/405/Text/3"	"Дальность радара: <bonRadar> ед."	"Lang.dat: MicroModuls.405.Text.3. Preserve every <tag> exactly. English reference: Radar range: <bonRadar>"	"MicroModuls"	""
"/MicroModuls/406/Name"	"Пигамарный захват II"	"Lang.dat: MicroModuls.406.Name. Preserve every <tag> exactly. English reference: Pygamore Gripper II"	"MicroModuls"	""
"/MicroModuls/406/Text/0"	"<color=248,252,248>Пигамарная серия была первой из всех серий акриновых разработок. Единственный ее плюс - это экономия энергии, излишки которой могут использоваться для усиления ракетных установок. Среди минусов же частые сбои в работе и системные ошибки. Они отрицательно влияют на работу генератора защиты и радара, которые вынуждены постоянно перезапускаться.</color>"	"Lang.dat: MicroModuls.406.Text.0. Preserve every <tag> exactly. English reference: <color=248,252,248>The pygamore series was the first to utilize acrynic technologies. Its only advantage lies in preservation of energy, whose surplus can then be used to bolster missile launchers. Its drawbacks include frequent malfunctions and systems errors. As a result, the radar and the shield generator require constant reboots, hindering their effectiveness.</color>"	"MicroModuls"	""
"/MicroModuls/406/Text/1"	"Сила ракетного оружия: <bonWMissile> ед."	"Lang.dat: MicroModuls.406.Text.1. Preserve every <tag> exactly. English reference: Missile weapons damage: <bonWMissile>"	"MicroModuls"	""
"/MicroModuls/406/Text/2"	"Генератор поля: <bonDef> ед."	"Lang.dat: MicroModuls.406.Text.2. Preserve every <tag> exactly. English reference: Shield generator: <bonDef>%"	"MicroModuls"	""
"/MicroModuls/406/Text/3"	"Дальность радара: <bonRadar> ед."	"Lang.dat: MicroModuls.406.Text.3. Preserve every <tag> exactly. English reference: Radar range: <bonRadar>"	"MicroModuls"	""
"/MicroModuls/407/Name"	"Пигамарный генератор защиты II"	"Lang.dat: MicroModuls.407.Name. Preserve every <tag> exactly. English reference: Pygamore Shield Generator II"	"MicroModuls"	""
"/MicroModuls/407/Text/0"	"<color=248,252,248>Пигамарная серия была первой из всех серий акриновых разработок. Единственный ее плюс - это экономия энергии, излишки которой могут использоваться для усиления ракетных установок. Среди минусов же частые сбои в работе и системные ошибки. Они отрицательно влияют на работу генератора защиты и радара, которые вынуждены постоянно перезапускаться.</color>"	"Lang.dat: MicroModuls.407.Text.0. Preserve every <tag> exactly. English reference: <color=248,252,248>The pygamore series was the first to utilize acrynic technologies. Its only advantage lies in preservation of energy, whose surplus can then be used to bolster missile launchers. Its drawbacks include frequent malfunctions and systems errors. As a result, the radar and the shield generator require constant reboots, hindering their effectiveness.</color>"	"MicroModuls"	""
"/MicroModuls/407/Text/1"	"Сила ракетного оружия: <bonWMissile> ед."	"Lang.dat: MicroModuls.407.Text.1. Preserve every <tag> exactly. English reference: Missile weapons damage: <bonWMissile>"	"MicroModuls"	""
"/MicroModuls/407/Text/2"	"Генератор поля: <bonDef> ед."	"Lang.dat: MicroModuls.407.Text.2. Preserve every <tag> exactly. English reference: Shield generator: <bonDef>%"	"MicroModuls"	""
"/MicroModuls/407/Text/3"	"Дальность радара: <bonRadar> ед."	"Lang.dat: MicroModuls.407.Text.3. Preserve every <tag> exactly. English reference: Radar range: <bonRadar>"	"MicroModuls"	""
"/MicroModuls/408/Name"	"Пигамарный топливный бак III"	"Lang.dat: MicroModuls.408.Name. Preserve every <tag> exactly. English reference: Pygamore Fuel Tank III"	"MicroModuls"	""
"/MicroModuls/408/Text/0"	"<color=248,252,248>Пигамарная серия была первой из всех серий акриновых разработок. Единственный ее плюс - это экономия энергии, излишки которой могут использоваться для усиления ракетных установок. Среди минусов же частые сбои в работе и системные ошибки. Они отрицательно влияют на работу генератора защиты и радара, которые вынуждены постоянно перезапускаться.</color>"	"Lang.dat: MicroModuls.408.Text.0. Preserve every <tag> exactly. English reference: <color=248,252,248>The pygamore series was the first to utilize acrynic technologies. Its only advantage lies in preservation of energy, whose surplus can then be used to bolster missile launchers. Its drawbacks include frequent malfunctions and systems errors. As a result, the radar and the shield generator require constant reboots, hindering their effectiveness.</color>"	"MicroModuls"	""
"/MicroModuls/408/Text/1"	"Сила ракетного оружия: <bonWMissile> ед."	"Lang.dat: MicroModuls.408.Text.1. Preserve every <tag> exactly. English reference: Missile weapons damage: <bonWMissile>"	"MicroModuls"	""
"/MicroModuls/408/Text/2"	"Генератор поля: <bonDef> ед."	"Lang.dat: MicroModuls.408.Text.2. Preserve every <tag> exactly. English reference: Shield generator: <bonDef>%"	"MicroModuls"	""
"/MicroModuls/408/Text/3"	"Дальность радара: <bonRadar> ед."	"Lang.dat: MicroModuls.408.Text.3. Preserve every <tag> exactly. English reference: Radar range: <bonRadar>"	"MicroModuls"	""
"/MicroModuls/409/Name"	"Пигамарный двигатель III"	"Lang.dat: MicroModuls.409.Name. Preserve every <tag> exactly. English reference: Pygamore Engine III"	"MicroModuls"	""
"/MicroModuls/409/Text/0"	"<color=248,252,248>Пигамарная серия была первой из всех серий акриновых разработок. Единственный ее плюс - это экономия энергии, излишки которой могут использоваться для усиления ракетных установок. Среди минусов же частые сбои в работе и системные ошибки. Они отрицательно влияют на работу генератора защиты и радара, которые вынуждены постоянно перезапускаться.</color>"	"Lang.dat: MicroModuls.409.Text.0. Preserve every <tag> exactly. English reference: <color=248,252,248>The pygamore series was the first to utilize acrynic technologies. Its only advantage lies in preservation of energy, whose surplus can then be used to bolster missile launchers. Its drawbacks include frequent malfunctions and systems errors. As a result, the radar and the shield generator require constant reboots, hindering their effectiveness.</color>"	"MicroModuls"	""
"/MicroModuls/409/Text/1"	"Сила ракетного оружия: <bonWMissile> ед."	"Lang.dat: MicroModuls.409.Text.1. Preserve every <tag> exactly. English reference: Missile weapons damage: <bonWMissile>"	"MicroModuls"	""
"/MicroModuls/409/Text/2"	"Генератор поля: <bonDef> ед."	"Lang.dat: MicroModuls.409.Text.2. Preserve every <tag> exactly. English reference: Shield generator: <bonDef>%"	"MicroModuls"	""
"/MicroModuls/409/Text/3"	"Дальность радара: <bonRadar> ед."	"Lang.dat: MicroModuls.409.Text.3. Preserve every <tag> exactly. English reference: Radar range: <bonRadar>"	"MicroModuls"	""
"/MicroModuls/410/Name"	"Пигамарный радар III"	"Lang.dat: MicroModuls.410.Name. Preserve every <tag> exactly. English reference: Pygamore Radar III"	"MicroModuls"	""
"/MicroModuls/410/Text/0"	"<color=248,252,248>Пигамарная серия была первой из всех серий акриновых разработок. Единственный ее плюс - это экономия энергии, излишки которой могут использоваться для усиления ракетных установок. Среди минусов же частые сбои в работе и системные ошибки. Они отрицательно влияют на работу генератора защиты и радара, которые вынуждены постоянно перезапускаться.</color>"	"Lang.dat: MicroModuls.410.Text.0. Preserve every <tag> exactly. English reference: <color=248,252,248>The pygamore series was the first to utilize acrynic technologies. Its only advantage lies in preservation of energy, whose surplus can then be used to bolster missile launchers. Its drawbacks include frequent malfunctions and systems errors. As a result, the radar and the shield generator require constant reboots, hindering their effectiveness.</color>"	"MicroModuls"	""
"/MicroModuls/410/Text/1"	"Сила ракетного оружия: <bonWMissile> ед."	"Lang.dat: MicroModuls.410.Text.1. Preserve every <tag> exactly. English reference: Missile weapons damage: <bonWMissile>"	"MicroModuls"	""
"/MicroModuls/410/Text/2"	"Генератор поля: <bonDef> ед."	"Lang.dat: MicroModuls.410.Text.2. Preserve every <tag> exactly. English reference: Shield generator: <bonDef>%"	"MicroModuls"	""
"/MicroModuls/410/Text/3"	"Дальность радара: <bonRadar> ед."	"Lang.dat: MicroModuls.410.Text.3. Preserve every <tag> exactly. English reference: Radar range: <bonRadar>"	"MicroModuls"	""
"/MicroModuls/411/Name"	"Пигамарный сканер III"	"Lang.dat: MicroModuls.411.Name. Preserve every <tag> exactly. English reference: Pygamore Scanner III"	"MicroModuls"	""
"/MicroModuls/411/Text/0"	"<color=248,252,248>Пигамарная серия была первой из всех серий акриновых разработок. Единственный ее плюс - это экономия энергии, излишки которой могут использоваться для усиления ракетных установок. Среди минусов же частые сбои в работе и системные ошибки. Они отрицательно влияют на работу генератора защиты и радара, которые вынуждены постоянно перезапускаться.</color>"	"Lang.dat: MicroModuls.411.Text.0. Preserve every <tag> exactly. English reference: <color=248,252,248>The pygamore series was the first to utilize acrynic technologies. Its only advantage lies in preservation of energy, whose surplus can then be used to bolster missile launchers. Its drawbacks include frequent malfunctions and systems errors. As a result, the radar and the shield generator require constant reboots, hindering their effectiveness.</color>"	"MicroModuls"	""
"/MicroModuls/411/Text/1"	"Сила ракетного оружия: <bonWMissile> ед."	"Lang.dat: MicroModuls.411.Text.1. Preserve every <tag> exactly. English reference: Missile weapons damage: <bonWMissile>"	"MicroModuls"	""
"/MicroModuls/411/Text/2"	"Генератор поля: <bonDef> ед."	"Lang.dat: MicroModuls.411.Text.2. Preserve every <tag> exactly. English reference: Shield generator: <bonDef>%"	"MicroModuls"	""
"/MicroModuls/411/Text/3"	"Дальность радара: <bonRadar> ед."	"Lang.dat: MicroModuls.411.Text.3. Preserve every <tag> exactly. English reference: Radar range: <bonRadar>"	"MicroModuls"	""
"/MicroModuls/412/Name"	"Пигамарный дроид III"	"Lang.dat: MicroModuls.412.Name. Preserve every <tag> exactly. English reference: Pygamore Droid III"	"MicroModuls"	""
"/MicroModuls/412/Text/0"	"<color=248,252,248>Пигамарная серия была первой из всех серий акриновых разработок. Единственный ее плюс - это экономия энергии, излишки которой могут использоваться для усиления ракетных установок. Среди минусов же частые сбои в работе и системные ошибки. Они отрицательно влияют на работу генератора защиты и радара, которые вынуждены постоянно перезапускаться.</color>"	"Lang.dat: MicroModuls.412.Text.0. Preserve every <tag> exactly. English reference: <color=248,252,248>The pygamore series was the first to utilize acrynic technologies. Its only advantage lies in preservation of energy, whose surplus can then be used to bolster missile launchers. Its drawbacks include frequent malfunctions and systems errors. As a result, the radar and the shield generator require constant reboots, hindering their effectiveness.</color>"	"MicroModuls"	""
"/MicroModuls/412/Text/1"	"Сила ракетного оружия: <bonWMissile> ед."	"Lang.dat: MicroModuls.412.Text.1. Preserve every <tag> exactly. English reference: Missile weapons damage: <bonWMissile>"	"MicroModuls"	""
"/MicroModuls/412/Text/2"	"Генератор поля: <bonDef> ед."	"Lang.dat: MicroModuls.412.Text.2. Preserve every <tag> exactly. English reference: Shield generator: <bonDef>%"	"MicroModuls"	""
"/MicroModuls/412/Text/3"	"Дальность радара: <bonRadar> ед."	"Lang.dat: MicroModuls.412.Text.3. Preserve every <tag> exactly. English reference: Radar range: <bonRadar>"	"MicroModuls"	""
"/MicroModuls/413/Name"	"Пигамарный захват III"	"Lang.dat: MicroModuls.413.Name. Preserve every <tag> exactly. English reference: Pygamore Hook III"	"MicroModuls"	""
"/MicroModuls/413/Text/0"	"<color=248,252,248>Пигамарная серия была первой из всех серий акриновых разработок. Единственный ее плюс - это экономия энергии, излишки которой могут использоваться для усиления ракетных установок. Среди минусов же частые сбои в работе и системные ошибки. Они отрицательно влияют на работу генератора защиты и радара, которые вынуждены постоянно перезапускаться.</color>"	"Lang.dat: MicroModuls.413.Text.0. Preserve every <tag> exactly. English reference: <color=248,252,248>The pygamore series was the first to utilize acrynic technologies. Its only advantage lies in preservation of energy, whose surplus can then be used to bolster missile launchers. Its drawbacks include frequent malfunctions and systems errors. As a result, the radar and the shield generator require constant reboots, hindering their effectiveness.</color>"	"MicroModuls"	""
"/MicroModuls/413/Text/1"	"Сила ракетного оружия: <bonWMissile> ед."	"Lang.dat: MicroModuls.413.Text.1. Preserve every <tag> exactly. English reference: Missile weapons damage: <bonWMissile>"	"MicroModuls"	""
"/MicroModuls/413/Text/2"	"Генератор поля: <bonDef> ед."	"Lang.dat: MicroModuls.413.Text.2. Preserve every <tag> exactly. English reference: Shield generator: <bonDef>%"	"MicroModuls"	""
"/MicroModuls/413/Text/3"	"Дальность радара: <bonRadar> ед."	"Lang.dat: MicroModuls.413.Text.3. Preserve every <tag> exactly. English reference: Radar range: <bonRadar>"	"MicroModuls"	""
"/MicroModuls/414/Name"	"Пигамарный генератор защиты III"	"Lang.dat: MicroModuls.414.Name. Preserve every <tag> exactly. English reference: Pygamore Shield Generator III"	"MicroModuls"	""
"/MicroModuls/414/Text/0"	"<color=248,252,248>Пигамарная серия была первой из всех серий акриновых разработок. Единственный ее плюс - это экономия энергии, излишки которой могут использоваться для усиления ракетных установок. Среди минусов же частые сбои в работе и системные ошибки. Они отрицательно влияют на работу генератора защиты и радара, которые вынуждены постоянно перезапускаться.</color>"	"Lang.dat: MicroModuls.414.Text.0. Preserve every <tag> exactly. English reference: <color=248,252,248>The pygamore series was the first to utilize acrynic technologies. Its only advantage lies in preservation of energy, whose surplus can then be used to bolster missile launchers. Its drawbacks include frequent malfunctions and systems errors. As a result, the radar and the shield generator require constant reboots, hindering their effectiveness.</color>"	"MicroModuls"	""
"/MicroModuls/414/Text/1"	"Сила ракетного оружия: <bonWMissile> ед."	"Lang.dat: MicroModuls.414.Text.1. Preserve every <tag> exactly. English reference: Missile weapons damage: <bonWMissile>"	"MicroModuls"	""
"/MicroModuls/414/Text/2"	"Генератор поля: <bonDef> ед."	"Lang.dat: MicroModuls.414.Text.2. Preserve every <tag> exactly. English reference: Shield generator: <bonDef>%"	"MicroModuls"	""
"/MicroModuls/414/Text/3"	"Дальность радара: <bonRadar> ед."	"Lang.dat: MicroModuls.414.Text.3. Preserve every <tag> exactly. English reference: Radar range: <bonRadar>"	"MicroModuls"	""
"/MicroModuls/415/Name"	"Трансцендентальный двигатель I"	"Lang.dat: MicroModuls.415.Name. Preserve every <tag> exactly. English reference: Transcendental Engine I"	"MicroModuls"	""
"/MicroModuls/415/Text/0"	"<color=248,252,248>Во время тестирования данного двигателя совершенно случайно был открыт побочный эффект, улучшающий работу генератора защитного поля. Однако при этом двигатель начинает излучать большое количество бозонов Шмигса, которые заметно увеличивают массу всех окружающих предметов и оборудования. </color>"	"Lang.dat: MicroModuls.415.Text.0. Preserve every <tag> exactly. English reference: <color=248,252,248>During the testing phase of this engine, the engineers accidentally discovered a side effect enhancing the shield generator's effectiveness. However, in so doing the engine begins to emit large quantities of Shmiggs bosons, considerably increasing the mass of surrounding items and equipment. </color>"	"MicroModuls"	""
"/MicroModuls/415/Text/1"	"Генератор поля: <bonDef> ед."	"Lang.dat: MicroModuls.415.Text.1. Preserve every <tag> exactly. English reference: Shield generator: <bonDef>%"	"MicroModuls"	""
"/MicroModuls/415/Text/2"	"Масса корабля: <bonMass>%"	"Lang.dat: MicroModuls.415.Text.2. Preserve every <tag> exactly. English reference: Ship mass: <bonMass>%"	"MicroModuls"	""
"/MicroModuls/416/Name"	"Трансцендентальный двигатель II"	"Lang.dat: MicroModuls.416.Name. Preserve every <tag> exactly. English reference: Transcendental Engine II"	"MicroModuls"	""
"/MicroModuls/416/Text/0"	"<color=248,252,248>Во время тестирования данного двигателя совершенно случайно был открыт побочный эффект, улучшающий работу генератора защитного поля. Однако при этом двигатель начинает излучать большое количество бозонов Шмигса, которые заметно увеличивают массу всех окружающих предметов и оборудования. </color>"	"Lang.dat: MicroModuls.416.Text.0. Preserve every <tag> exactly. English reference: <color=248,252,248>During the testing phase of this engine, the engineers accidentally discovered a side effect enhancing the shield generator's effectiveness. However, in so doing the engine begins to emit large quantities of Shmiggs bosons, considerably increasing the mass of surrounding items and equipment. </color>"	"MicroModuls"	""
"/MicroModuls/416/Text/1"	"Генератор поля: <bonDef> ед."	"Lang.dat: MicroModuls.416.Text.1. Preserve every <tag> exactly. English reference: Shield generator: <bonDef>%"	"MicroModuls"	""
"/MicroModuls/416/Text/2"	"Масса корабля: <bonMass>%"	"Lang.dat: MicroModuls.416.Text.2. Preserve every <tag> exactly. English reference: Ship mass: <bonMass>%"	"MicroModuls"	""
"/MicroModuls/417/Name"	"Трансцендентальный двигатель III"	"Lang.dat: MicroModuls.417.Name. Preserve every <tag> exactly. English reference: Transcendental Engine III"	"MicroModuls"	""
"/MicroModuls/417/Text/0"	"<color=248,252,248>Во время тестирования данного двигателя совершенно случайно был открыт побочный эффект, улучшающий работу генератора защитного поля. Однако при этом двигатель начинает излучать большое количество бозонов Шмигса, которые заметно увеличивают массу всех окружающих предметов и оборудования. </color>"	"Lang.dat: MicroModuls.417.Text.0. Preserve every <tag> exactly. English reference: <color=248,252,248>During the testing phase of this engine, the engineers accidentally discovered a side effect enhancing the shield generator's effectiveness. However, in so doing the engine begins to emit large quantities of Shmiggs bosons, considerably increasing the mass of surrounding items and equipment. </color>"	"MicroModuls"	""
"/MicroModuls/417/Text/1"	"Генератор поля: <bonDef> ед."	"Lang.dat: MicroModuls.417.Text.1. Preserve every <tag> exactly. English reference: Shield generator: <bonDef>%"	"MicroModuls"	""
"/MicroModuls/417/Text/2"	"Масса корабля: <bonMass>%"	"Lang.dat: MicroModuls.417.Text.2. Preserve every <tag> exactly. English reference: Ship mass: <bonMass>%"	"MicroModuls"	""
"/MicroModuls/418/Cost"	"90"	"Lang.dat: MicroModuls.418.Cost. Preserve every <tag> exactly. English reference: 110"	"MicroModuls"	""
"/MicroModuls/418/Name"	"Апгрейтинговый захват I"	"Lang.dat: MicroModuls.418.Name. Preserve every <tag> exactly. English reference: Upgraded Gripper I"	"MicroModuls"	""
"/MicroModuls/418/Ruins"	"PB,CB"	"Lang.dat: MicroModuls.418.Ruins. Preserve every <tag> exactly. English reference: Any"	"MicroModuls"	""
"/MicroModuls/418/Text/0"	"<color=248,252,248>Производимое пиратскими техниками оборудование, собирается преимущественно из старых запчастей и ярко раскрашивается для придания товарного вида. Оно дешевое, компактное и потребляет мало энергии, а это полезно для работы захвата, но имейте в виду, что мало кто любит пиратов.</color>"	"Lang.dat: MicroModuls.418.Text.0. Preserve every <tag> exactly. English reference: <color=248,252,248>Pirate engineers manufacture equipment primarily from old components, adding a generous coat of bright paint to dress it up for the market. The resulting tech is cheap, compact and energy efficient, which is always a plus for capturing targets, but remember that pirates aren't terribly popular out there.</color>"	"MicroModuls"	""
"/MicroModuls/418/Text/1"	"Дальность захвата: <bonHookRadius> ед."	"Lang.dat: MicroModuls.418.Text.1. Preserve every <tag> exactly. English reference: Gripper range: <bonHookRadius>"	"MicroModuls"	""
"/MicroModuls/418/Text/2"	"Навык маневренности: <bonSkill2>"	"Lang.dat: MicroModuls.418.Text.2. Preserve every <tag> exactly. English reference: Mobility skill: <bonSkill2>"	"MicroModuls"	""
"/MicroModuls/418/Text/3"	"Навык обаяния: <bonSkill5>"	"Lang.dat: MicroModuls.418.Text.3. Preserve every <tag> exactly. English reference: Charisma skill: <bonSkill5>"	"MicroModuls"	""
"/MicroModuls/419/Name"	"Апгрейтинговый генератор защиты I"	"Lang.dat: MicroModuls.419.Name. Preserve every <tag> exactly. English reference: Upgraded Shield Generator I"	"MicroModuls"	""
"/MicroModuls/419/Text/0"	"<color=248,252,248>Производимое пиратскими техниками оборудование, собирается преимущественно из старых запчастей и ярко раскрашивается для придания товарного вида. Оно дешевое, компактное и потребляет мало энергии, а это полезно для работы захвата, но имейте в виду, что мало кто любит пиратов.</color>"	"Lang.dat: MicroModuls.419.Text.0. Preserve every <tag> exactly. English reference: <color=248,252,248>Pirate engineers manufacture equipment primarily from old components, adding a generous coat of bright paint to dress it up for the market. The resulting tech is cheap, compact and energy efficient, which is always a plus for capturing targets, but remember that pirates aren't terribly popular out there.</color>"	"MicroModuls"	""
"/MicroModuls/419/Text/1"	"Дальность захвата: <bonHookRadius> ед."	"Lang.dat: MicroModuls.419.Text.1. Preserve every <tag> exactly. English reference: Gripper range: <bonHookRadius>"	"MicroModuls"	""
"/MicroModuls/419/Text/2"	"Навык маневренности: <bonSkill2>"	"Lang.dat: MicroModuls.419.Text.2. Preserve every <tag> exactly. English reference: Mobility skill: <bonSkill2>"	"MicroModuls"	""
"/MicroModuls/419/Text/3"	"Навык обаяния: <bonSkill5>"	"Lang.dat: MicroModuls.419.Text.3. Preserve every <tag> exactly. English reference: Charisma skill: <bonSkill5>"	"MicroModuls"	""
"/MicroModuls/420/Name"	"Апгрейтинговый двигатель I"	"Lang.dat: MicroModuls.420.Name. Preserve every <tag> exactly. English reference: Upgraded Engine I"	"MicroModuls"	""
"/MicroModuls/420/Text/0"	"<color=248,252,248>Производимое пиратскими техниками оборудование, собирается преимущественно из старых запчастей и ярко раскрашивается для придания товарного вида. Оно дешевое, компактное и потребляет мало энергии, а это полезно для работы захвата, но имейте в виду, что мало кто любит пиратов.</color>"	"Lang.dat: MicroModuls.420.Text.0. Preserve every <tag> exactly. English reference: <color=248,252,248>Pirate engineers manufacture equipment primarily from old components, adding a generous coat of bright paint to dress it up for the market. The resulting tech is cheap, compact and energy efficient, which is always a plus for capturing targets, but remember that pirates aren't terribly popular out there.</color>"	"MicroModuls"	""
"/MicroModuls/420/Text/1"	"Дальность захвата: <bonHookRadius> ед."	"Lang.dat: MicroModuls.420.Text.1. Preserve every <tag> exactly. English reference: Gripper range: <bonHookRadius>"	"MicroModuls"	""
"/MicroModuls/420/Text/2"	"Навык маневренности: <bonSkill2>"	"Lang.dat: MicroModuls.420.Text.2. Preserve every <tag> exactly. English reference: Mobility skill: <bonSkill2>"	"MicroModuls"	""
"/MicroModuls/420/Text/3"	"Навык обаяния: <bonSkill5>"	"Lang.dat: MicroModuls.420.Text.3. Preserve every <tag> exactly. English reference: Charisma skill: <bonSkill5>"	"MicroModuls"	""
"/MicroModuls/421/Name"	"Апгрейтинговый топливный бак I"	"Lang.dat: MicroModuls.421.Name. Preserve every <tag> exactly. English reference: Upgraded Fuel Tank I"	"MicroModuls"	""
"/MicroModuls/421/Text/0"	"<color=248,252,248>Производимое пиратскими техниками оборудование, собирается преимущественно из старых запчастей и ярко раскрашивается для придания товарного вида. Оно дешевое, компактное и потребляет мало энергии, а это полезно для работы захвата, но имейте в виду, что мало кто любит пиратов.</color>"	"Lang.dat: MicroModuls.421.Text.0. Preserve every <tag> exactly. English reference: <color=248,252,248>Pirate engineers manufacture equipment primarily from old components, adding a generous coat of bright paint to dress it up for the market. The resulting tech is cheap, compact and energy efficient, which is always a plus for capturing targets, but remember that pirates aren't terribly popular out there.</color>"	"MicroModuls"	""
"/MicroModuls/421/Text/1"	"Дальность захвата: <bonHookRadius> ед."	"Lang.dat: MicroModuls.421.Text.1. Preserve every <tag> exactly. English reference: Gripper range: <bonHookRadius>"	"MicroModuls"	""
"/MicroModuls/421/Text/2"	"Навык маневренности: <bonSkill2>"	"Lang.dat: MicroModuls.421.Text.2. Preserve every <tag> exactly. English reference: Mobility skill: <bonSkill2>"	"MicroModuls"	""
"/MicroModuls/421/Text/3"	"Навык обаяния: <bonSkill5>"	"Lang.dat: MicroModuls.421.Text.3. Preserve every <tag> exactly. English reference: Charisma skill: <bonSkill5>"	"MicroModuls"	""
"/MicroModuls/422/Name"	"Апгрейтинговый радар I"	"Lang.dat: MicroModuls.422.Name. Preserve every <tag> exactly. English reference: Upgraded Radar I"	"MicroModuls"	""
"/MicroModuls/422/Text/0"	"<color=248,252,248>Производимое пиратскими техниками оборудование, собирается преимущественно из старых запчастей и ярко раскрашивается для придания товарного вида. Оно дешевое, компактное и потребляет мало энергии, а это полезно для работы захвата, но имейте в виду, что мало кто любит пиратов.</color>"	"Lang.dat: MicroModuls.422.Text.0. Preserve every <tag> exactly. English reference: <color=248,252,248>Pirate engineers manufacture equipment primarily from old components, adding a generous coat of bright paint to dress it up for the market. The resulting tech is cheap, compact and energy efficient, which is always a plus for capturing targets, but remember that pirates aren't terribly popular out there.</color>"	"MicroModuls"	""
"/MicroModuls/422/Text/1"	"Дальность захвата: <bonHookRadius> ед."	"Lang.dat: MicroModuls.422.Text.1. Preserve every <tag> exactly. English reference: Gripper range: <bonHookRadius>"	"MicroModuls"	""
"/MicroModuls/422/Text/2"	"Навык маневренности: <bonSkill2>"	"Lang.dat: MicroModuls.422.Text.2. Preserve every <tag> exactly. English reference: Mobility skill: <bonSkill2>"	"MicroModuls"	""
"/MicroModuls/422/Text/3"	"Навык обаяния: <bonSkill5>"	"Lang.dat: MicroModuls.422.Text.3. Preserve every <tag> exactly. English reference: Charisma skill: <bonSkill5>"	"MicroModuls"	""
"/MicroModuls/423/Cost"	"90"	"Lang.dat: MicroModuls.423.Cost. Preserve every <tag> exactly. English reference: 110"	"MicroModuls"	""
"/MicroModuls/423/Name"	"Апгрейтинговый сканер I"	"Lang.dat: MicroModuls.423.Name. Preserve every <tag> exactly. English reference: Upgraded Scanner I"	"MicroModuls"	""
"/MicroModuls/423/Ruins"	"PB,CB"	"Lang.dat: MicroModuls.423.Ruins. Preserve every <tag> exactly. English reference: Any"	"MicroModuls"	""
"/MicroModuls/423/Text/0"	"<color=248,252,248>Производимое пиратскими техниками оборудование, собирается преимущественно из старых запчастей и ярко раскрашивается для придания товарного вида. Оно дешевое, компактное и потребляет мало энергии, а это полезно для работы захвата, но имейте в виду, что мало кто любит пиратов.</color>"	"Lang.dat: MicroModuls.423.Text.0. Preserve every <tag> exactly. English reference: <color=248,252,248>Pirate engineers manufacture equipment primarily from old components, adding a generous coat of bright paint to dress it up for the market. The resulting tech is cheap, compact and energy efficient, which is always a plus for capturing targets, but remember that pirates aren't terribly popular out there.</color>"	"MicroModuls"	""
"/MicroModuls/423/Text/1"	"Дальность захвата: <bonHookRadius> ед."	"Lang.dat: MicroModuls.423.Text.1. Preserve every <tag> exactly. English reference: Gripper range: <bonHookRadius>"	"MicroModuls"	""
"/MicroModuls/423/Text/2"	"Навык маневренности: <bonSkill2>"	"Lang.dat: MicroModuls.423.Text.2. Preserve every <tag> exactly. English reference: Mobility skill: <bonSkill2>"	"MicroModuls"	""
"/MicroModuls/423/Text/3"	"Навык обаяния: <bonSkill5>"	"Lang.dat: MicroModuls.423.Text.3. Preserve every <tag> exactly. English reference: Charisma skill: <bonSkill5>"	"MicroModuls"	""
"/MicroModuls/424/Cost"	"90"	"Lang.dat: MicroModuls.424.Cost. Preserve every <tag> exactly. English reference: 110"	"MicroModuls"	""
"/MicroModuls/424/Name"	"Апгрейтинговый захват II"	"Lang.dat: MicroModuls.424.Name. Preserve every <tag> exactly. English reference: Upgraded Gripper II"	"MicroModuls"	""
"/MicroModuls/424/Ruins"	"PB,CB"	"Lang.dat: MicroModuls.424.Ruins. Preserve every <tag> exactly. English reference: Any"	"MicroModuls"	""
"/MicroModuls/424/Text/0"	"<color=248,252,248>Производимое пиратскими техниками оборудование, собирается преимущественно из старых запчастей и ярко раскрашивается для придания товарного вида. Оно дешевое, компактное и потребляет мало энергии, а это полезно для работы захвата, но имейте в виду, что мало кто любит пиратов.</color>"	"Lang.dat: MicroModuls.424.Text.0. Preserve every <tag> exactly. English reference: <color=248,252,248>Pirate engineers manufacture equipment primarily from old components, adding a generous coat of bright paint to dress it up for the market. The resulting tech is cheap, compact and energy efficient, which is always a plus for capturing targets, but remember that pirates aren't terribly popular out there.</color>"	"MicroModuls"	""
"/MicroModuls/424/Text/1"	"Дальность захвата: <bonHookRadius> ед."	"Lang.dat: MicroModuls.424.Text.1. Preserve every <tag> exactly. English reference: Gripper range: <bonHookRadius>"	"MicroModuls"	""
"/MicroModuls/424/Text/2"	"Навык маневренности: <bonSkill2>"	"Lang.dat: MicroModuls.424.Text.2. Preserve every <tag> exactly. English reference: Mobility skill: <bonSkill2>"	"MicroModuls"	""
"/MicroModuls/424/Text/3"	"Навык обаяния: <bonSkill5>"	"Lang.dat: MicroModuls.424.Text.3. Preserve every <tag> exactly. English reference: Charisma skill: <bonSkill5>"	"MicroModuls"	""
"/MicroModuls/425/Name"	"Апгрейтинговый генератор защиты II"	"Lang.dat: MicroModuls.425.Name. Preserve every <tag> exactly. English reference: Upgraded Shield Generator II"	"MicroModuls"	""
"/MicroModuls/425/Text/0"	"<color=248,252,248>Производимое пиратскими техниками оборудование, собирается преимущественно из старых запчастей и ярко раскрашивается для придания товарного вида. Оно дешевое, компактное и потребляет мало энергии, а это полезно для работы захвата, но имейте в виду, что мало кто любит пиратов.</color>"	"Lang.dat: MicroModuls.425.Text.0. Preserve every <tag> exactly. English reference: <color=248,252,248>Pirate engineers manufacture equipment primarily from old components, adding a generous coat of bright paint to dress it up for the market. The resulting tech is cheap, compact and energy efficient, which is always a plus for capturing targets, but remember that pirates aren't terribly popular out there.</color>"	"MicroModuls"	""
"/MicroModuls/425/Text/1"	"Дальность захвата: <bonHookRadius> ед."	"Lang.dat: MicroModuls.425.Text.1. Preserve every <tag> exactly. English reference: Gripper range: <bonHookRadius>"	"MicroModuls"	""
"/MicroModuls/425/Text/2"	"Навык маневренности: <bonSkill2>"	"Lang.dat: MicroModuls.425.Text.2. Preserve every <tag> exactly. English reference: Mobility skill: <bonSkill2>"	"MicroModuls"	""
"/MicroModuls/425/Text/3"	"Навык обаяния: <bonSkill5>"	"Lang.dat: MicroModuls.425.Text.3. Preserve every <tag> exactly. English reference: Charisma skill: <bonSkill5>"	"MicroModuls"	""
"/MicroModuls/426/Name"	"Апгрейтинговый двигатель II"	"Lang.dat: MicroModuls.426.Name. Preserve every <tag> exactly. English reference: Upgraded Engine II"	"MicroModuls"	""
"/MicroModuls/426/Text/0"	"<color=248,252,248>Производимое пиратскими техниками оборудование, собирается преимущественно из старых запчастей и ярко раскрашивается для придания товарного вида. Оно дешевое, компактное и потребляет мало энергии, а это полезно для работы захвата, но имейте в виду, что мало кто любит пиратов.</color>"	"Lang.dat: MicroModuls.426.Text.0. Preserve every <tag> exactly. English reference: <color=248,252,248>Pirate engineers manufacture equipment primarily from old components, adding a generous coat of bright paint to dress it up for the market. The resulting tech is cheap, compact and energy efficient, which is always a plus for capturing targets, but remember that pirates aren't terribly popular out there.</color>"	"MicroModuls"	""
"/MicroModuls/426/Text/1"	"Дальность захвата: <bonHookRadius> ед."	"Lang.dat: MicroModuls.426.Text.1. Preserve every <tag> exactly. English reference: Gripper range: <bonHookRadius>"	"MicroModuls"	""
"/MicroModuls/426/Text/2"	"Навык маневренности: <bonSkill2>"	"Lang.dat: MicroModuls.426.Text.2. Preserve every <tag> exactly. English reference: Mobility skill: <bonSkill2>"	"MicroModuls"	""
"/MicroModuls/426/Text/3"	"Навык обаяния: <bonSkill5>"	"Lang.dat: MicroModuls.426.Text.3. Preserve every <tag> exactly. English reference: Charisma skill: <bonSkill5>"	"MicroModuls"	""
"/MicroModuls/427/Name"	"Апгрейтинговый топливный бак II"	"Lang.dat: MicroModuls.427.Name. Preserve every <tag> exactly. English reference: Upgraded Fuel Tank II"	"MicroModuls"	""
"/MicroModuls/427/Text/0"	"<color=248,252,248>Производимое пиратскими техниками оборудование, собирается преимущественно из старых запчастей и ярко раскрашивается для придания товарного вида. Оно дешевое, компактное и потребляет мало энергии, а это полезно для работы захвата, но имейте в виду, что мало кто любит пиратов.</color>"	"Lang.dat: MicroModuls.427.Text.0. Preserve every <tag> exactly. English reference: <color=248,252,248>Pirate engineers manufacture equipment primarily from old components, adding a generous coat of bright paint to dress it up for the market. The resulting tech is cheap, compact and energy efficient, which is always a plus for capturing targets, but remember that pirates aren't terribly popular out there.</color>"	"MicroModuls"	""
"/MicroModuls/427/Text/1"	"Дальность захвата: <bonHookRadius> ед."	"Lang.dat: MicroModuls.427.Text.1. Preserve every <tag> exactly. English reference: Gripper range: <bonHookRadius>"	"MicroModuls"	""
"/MicroModuls/427/Text/2"	"Навык маневренности: <bonSkill2>"	"Lang.dat: MicroModuls.427.Text.2. Preserve every <tag> exactly. English reference: Mobility skill: <bonSkill2>"	"MicroModuls"	""
"/MicroModuls/427/Text/3"	"Навык обаяния: <bonSkill5>"	"Lang.dat: MicroModuls.427.Text.3. Preserve every <tag> exactly. English reference: Charisma skill: <bonSkill5>"	"MicroModuls"	""
"/MicroModuls/428/Name"	"Апгрейтинговый радар II"	"Lang.dat: MicroModuls.428.Name. Preserve every <tag> exactly. English reference: Upgraded Radar II"	"MicroModuls"	""
"/MicroModuls/428/Text/0"	"<color=248,252,248>Производимое пиратскими техниками оборудование, собирается преимущественно из старых запчастей и ярко раскрашивается для придания товарного вида. Оно дешевое, компактное и потребляет мало энергии, а это полезно для работы захвата, но имейте в виду, что мало кто любит пиратов.</color>"	"Lang.dat: MicroModuls.428.Text.0. Preserve every <tag> exactly. English reference: <color=248,252,248>Pirate engineers manufacture equipment primarily from old components, adding a generous coat of bright paint to dress it up for the market. The resulting tech is cheap, compact and energy efficient, which is always a plus for capturing targets, but remember that pirates aren't terribly popular out there.</color>"	"MicroModuls"	""
"/MicroModuls/428/Text/1"	"Дальность захвата: <bonHookRadius> ед."	"Lang.dat: MicroModuls.428.Text.1. Preserve every <tag> exactly. English reference: Gripper range: <bonHookRadius>"	"MicroModuls"	""
"/MicroModuls/428/Text/2"	"Навык маневренности: <bonSkill2>"	"Lang.dat: MicroModuls.428.Text.2. Preserve every <tag> exactly. English reference: Mobility skill: <bonSkill2>"	"MicroModuls"	""
"/MicroModuls/428/Text/3"	"Навык обаяния: <bonSkill5>"	"Lang.dat: MicroModuls.428.Text.3. Preserve every <tag> exactly. English reference: Charisma skill: <bonSkill5>"	"MicroModuls"	""
"/MicroModuls/429/Cost"	"90"	"Lang.dat: MicroModuls.429.Cost. Preserve every <tag> exactly. English reference: 110"	"MicroModuls"	""
"/MicroModuls/429/Name"	"Апгрейтинговый сканер II"	"Lang.dat: MicroModuls.429.Name. Preserve every <tag> exactly. English reference: Upgraded Scanner II"	"MicroModuls"	""
"/MicroModuls/429/Ruins"	"PB,CB"	"Lang.dat: MicroModuls.429.Ruins. Preserve every <tag> exactly. English reference: Any"	"MicroModuls"	""
"/MicroModuls/429/Text/0"	"<color=248,252,248>Производимое пиратскими техниками оборудование, собирается преимущественно из старых запчастей и ярко раскрашивается для придания товарного вида. Оно дешевое, компактное и потребляет мало энергии, а это полезно для работы захвата, но имейте в виду, что мало кто любит пиратов.</color>"	"Lang.dat: MicroModuls.429.Text.0. Preserve every <tag> exactly. English reference: <color=248,252,248>Pirate engineers manufacture equipment primarily from old components, adding a generous coat of bright paint to dress it up for the market. The resulting tech is cheap, compact and energy efficient, which is always a plus for capturing targets, but remember that pirates aren't terribly popular out there.</color>"	"MicroModuls"	""
"/MicroModuls/429/Text/1"	"Дальность захвата: <bonHookRadius> ед."	"Lang.dat: MicroModuls.429.Text.1. Preserve every <tag> exactly. English reference: Gripper range: <bonHookRadius>"	"MicroModuls"	""
"/MicroModuls/429/Text/2"	"Навык маневренности: <bonSkill2>"	"Lang.dat: MicroModuls.429.Text.2. Preserve every <tag> exactly. English reference: Mobility skill: <bonSkill2>"	"MicroModuls"	""
"/MicroModuls/429/Text/3"	"Навык обаяния: <bonSkill5>"	"Lang.dat: MicroModuls.429.Text.3. Preserve every <tag> exactly. English reference: Charisma skill: <bonSkill5>"	"MicroModuls"	""
"/MicroModuls/430/Cost"	"90"	"Lang.dat: MicroModuls.430.Cost. Preserve every <tag> exactly. English reference: 110"	"MicroModuls"	""
"/MicroModuls/430/Name"	"Апгрейтинговый захват III"	"Lang.dat: MicroModuls.430.Name. Preserve every <tag> exactly. English reference: Upgraded Gripper III"	"MicroModuls"	""
"/MicroModuls/430/Ruins"	"PB,CB"	"Lang.dat: MicroModuls.430.Ruins. Preserve every <tag> exactly. English reference: Any"	"MicroModuls"	""
"/MicroModuls/430/Text/0"	"<color=248,252,248>Производимое пиратскими техниками оборудование, собирается преимущественно из старых запчастей и ярко раскрашивается для придания товарного вида. Оно дешевое, компактное и потребляет мало энергии, а это полезно для работы захвата, но имейте в виду, что мало кто любит пиратов.</color>"	"Lang.dat: MicroModuls.430.Text.0. Preserve every <tag> exactly. English reference: <color=248,252,248>Pirate engineers manufacture equipment primarily from old components, adding a generous coat of bright paint to dress it up for the market. The resulting tech is cheap, compact and energy efficient, which is always a plus for capturing targets, but remember that pirates aren't terribly popular out there.</color>"	"MicroModuls"	""
"/MicroModuls/430/Text/1"	"Дальность захвата: <bonHookRadius> ед."	"Lang.dat: MicroModuls.430.Text.1. Preserve every <tag> exactly. English reference: Gripper range: <bonHookRadius>"	"MicroModuls"	""
"/MicroModuls/430/Text/2"	"Навык маневренности: <bonSkill2>"	"Lang.dat: MicroModuls.430.Text.2. Preserve every <tag> exactly. English reference: Mobility skill: <bonSkill2>"	"MicroModuls"	""
"/MicroModuls/430/Text/3"	"Навык обаяния: <bonSkill5>"	"Lang.dat: MicroModuls.430.Text.3. Preserve every <tag> exactly. English reference: Charisma skill: <bonSkill5>"	"MicroModuls"	""
"/MicroModuls/431/Name"	"Апгрейтинговый генератор защиты III"	"Lang.dat: MicroModuls.431.Name. Preserve every <tag> exactly. English reference: Upgraded Shield Generator III"	"MicroModuls"	""
"/MicroModuls/431/Text/0"	"<color=248,252,248>Производимое пиратскими техниками оборудование, собирается преимущественно из старых запчастей и ярко раскрашивается для придания товарного вида. Оно дешевое, компактное и потребляет мало энергии, а это полезно для работы захвата, но имейте в виду, что мало кто любит пиратов.</color>"	"Lang.dat: MicroModuls.431.Text.0. Preserve every <tag> exactly. English reference: <color=248,252,248>Pirate engineers manufacture equipment primarily from old components, adding a generous coat of bright paint to dress it up for the market. The resulting tech is cheap, compact and energy efficient, which is always a plus for capturing targets, but remember that pirates aren't terribly popular out there.</color>"	"MicroModuls"	""
"/MicroModuls/431/Text/1"	"Дальность захвата: <bonHookRadius> ед."	"Lang.dat: MicroModuls.431.Text.1. Preserve every <tag> exactly. English reference: Gripper range: <bonHookRadius>"	"MicroModuls"	""
"/MicroModuls/431/Text/2"	"Навык маневренности: <bonSkill2>"	"Lang.dat: MicroModuls.431.Text.2. Preserve every <tag> exactly. English reference: Mobility skill: <bonSkill2>"	"MicroModuls"	""
"/MicroModuls/431/Text/3"	"Навык обаяния: <bonSkill5>"	"Lang.dat: MicroModuls.431.Text.3. Preserve every <tag> exactly. English reference: Charisma skill: <bonSkill5>"	"MicroModuls"	""
"/MicroModuls/432/Name"	"Апгрейтинговый двигатель III"	"Lang.dat: MicroModuls.432.Name. Preserve every <tag> exactly. English reference: Upgraded Engine III"	"MicroModuls"	""
"/MicroModuls/432/Text/0"	"<color=248,252,248>Производимое пиратскими техниками оборудование, собирается преимущественно из старых запчастей и ярко раскрашивается для придания товарного вида. Оно дешевое, компактное и потребляет мало энергии, а это полезно для работы захвата, но имейте в виду, что мало кто любит пиратов.</color>"	"Lang.dat: MicroModuls.432.Text.0. Preserve every <tag> exactly. English reference: <color=248,252,248>Pirate engineers manufacture equipment primarily from old components, adding a generous coat of bright paint to dress it up for the market. The resulting tech is cheap, compact and energy efficient, which is always a plus for capturing targets, but remember that pirates aren't terribly popular out there.</color>"	"MicroModuls"	""
"/MicroModuls/432/Text/1"	"Дальность захвата: <bonHookRadius> ед."	"Lang.dat: MicroModuls.432.Text.1. Preserve every <tag> exactly. English reference: Gripper range: <bonHookRadius>"	"MicroModuls"	""
"/MicroModuls/432/Text/2"	"Навык маневренности: <bonSkill2>"	"Lang.dat: MicroModuls.432.Text.2. Preserve every <tag> exactly. English reference: Mobility skill: <bonSkill2>"	"MicroModuls"	""
"/MicroModuls/432/Text/3"	"Навык обаяния: <bonSkill5>"	"Lang.dat: MicroModuls.432.Text.3. Preserve every <tag> exactly. English reference: Charisma skill: <bonSkill5>"	"MicroModuls"	""
"/MicroModuls/433/Name"	"Апгрейтинговый топливный бак III"	"Lang.dat: MicroModuls.433.Name. Preserve every <tag> exactly. English reference: Upgraded Fuel Tank III"	"MicroModuls"	""
"/MicroModuls/433/Text/0"	"<color=248,252,248>Производимое пиратскими техниками оборудование, собирается преимущественно из старых запчастей и ярко раскрашивается для придания товарного вида. Оно дешевое, компактное и потребляет мало энергии, а это полезно для работы захвата, но имейте в виду, что мало кто любит пиратов.</color>"	"Lang.dat: MicroModuls.433.Text.0. Preserve every <tag> exactly. English reference: <color=248,252,248>Pirate engineers manufacture equipment primarily from old components, adding a generous coat of bright paint to dress it up for the market. The resulting tech is cheap, compact and energy efficient, which is always a plus for capturing targets, but remember that pirates aren't terribly popular out there.</color>"	"MicroModuls"	""
"/MicroModuls/433/Text/1"	"Дальность захвата: <bonHookRadius> ед."	"Lang.dat: MicroModuls.433.Text.1. Preserve every <tag> exactly. English reference: Gripper range: <bonHookRadius>"	"MicroModuls"	""
"/MicroModuls/433/Text/2"	"Навык маневренности: <bonSkill2>"	"Lang.dat: MicroModuls.433.Text.2. Preserve every <tag> exactly. English reference: Mobility skill: <bonSkill2>"	"MicroModuls"	""
"/MicroModuls/433/Text/3"	"Навык обаяния: <bonSkill5>"	"Lang.dat: MicroModuls.433.Text.3. Preserve every <tag> exactly. English reference: Charisma skill: <bonSkill5>"	"MicroModuls"	""
"/MicroModuls/434/Name"	"Апгрейтинговый радар III"	"Lang.dat: MicroModuls.434.Name. Preserve every <tag> exactly. English reference: Upgraded Radar III"	"MicroModuls"	""
"/MicroModuls/434/Text/0"	"<color=248,252,248>Производимое пиратскими техниками оборудование, собирается преимущественно из старых запчастей и ярко раскрашивается для придания товарного вида. Оно дешевое, компактное и потребляет мало энергии, а это полезно для работы захвата, но имейте в виду, что мало кто любит пиратов.</color>"	"Lang.dat: MicroModuls.434.Text.0. Preserve every <tag> exactly. English reference: <color=248,252,248>Pirate engineers manufacture equipment primarily from old components, adding a generous coat of bright paint to dress it up for the market. The resulting tech is cheap, compact and energy efficient, which is always a plus for capturing targets, but remember that pirates aren't terribly popular out there.</color>"	"MicroModuls"	""
"/MicroModuls/434/Text/1"	"Дальность захвата: <bonHookRadius> ед."	"Lang.dat: MicroModuls.434.Text.1. Preserve every <tag> exactly. English reference: Gripper range: <bonHookRadius>"	"MicroModuls"	""
"/MicroModuls/434/Text/2"	"Навык маневренности: <bonSkill2>"	"Lang.dat: MicroModuls.434.Text.2. Preserve every <tag> exactly. English reference: Mobility skill: <bonSkill2>"	"MicroModuls"	""
"/MicroModuls/434/Text/3"	"Навык обаяния: <bonSkill5>"	"Lang.dat: MicroModuls.434.Text.3. Preserve every <tag> exactly. English reference: Charisma skill: <bonSkill5>"	"MicroModuls"	""
"/MicroModuls/435/Cost"	"90"	"Lang.dat: MicroModuls.435.Cost. Preserve every <tag> exactly. English reference: 110"	"MicroModuls"	""
"/MicroModuls/435/Name"	"Апгрейтинговый сканер III"	"Lang.dat: MicroModuls.435.Name. Preserve every <tag> exactly. English reference: Upgraded Scanner III"	"MicroModuls"	""
"/MicroModuls/435/Ruins"	"PB,CB"	"Lang.dat: MicroModuls.435.Ruins. Preserve every <tag> exactly. English reference: Any"	"MicroModuls"	""
"/MicroModuls/435/Text/0"	"<color=248,252,248>Производимое пиратскими техниками оборудование, собирается преимущественно из старых запчастей и ярко раскрашивается для придания товарного вида. Оно дешевое, компактное и потребляет мало энергии, а это полезно для работы захвата, но имейте в виду, что мало кто любит пиратов.</color>"	"Lang.dat: MicroModuls.435.Text.0. Preserve every <tag> exactly. English reference: <color=248,252,248>Pirate engineers manufacture equipment primarily from old components, adding a generous coat of bright paint to dress it up for the market. The resulting tech is cheap, compact and energy efficient, which is always a plus for capturing targets, but remember that pirates aren't terribly popular out there.</color>"	"MicroModuls"	""
"/MicroModuls/435/Text/1"	"Дальность захвата: <bonHookRadius> ед."	"Lang.dat: MicroModuls.435.Text.1. Preserve every <tag> exactly. English reference: Gripper range: <bonHookRadius>"	"MicroModuls"	""
"/MicroModuls/435/Text/2"	"Навык маневренности: <bonSkill2>"	"Lang.dat: MicroModuls.435.Text.2. Preserve every <tag> exactly. English reference: Mobility skill: <bonSkill2>"	"MicroModuls"	""
"/MicroModuls/435/Text/3"	"Навык обаяния: <bonSkill5>"	"Lang.dat: MicroModuls.435.Text.3. Preserve every <tag> exactly. English reference: Charisma skill: <bonSkill5>"	"MicroModuls"	""
"/MicroModuls/436/Name"	"Биогенный дроид I"	"Lang.dat: MicroModuls.436.Name. Preserve every <tag> exactly. English reference: Biogenic Droid I"	"MicroModuls"	""
"/MicroModuls/436/Text/0"	"<color=248,252,248>Уникальный случай, когда роль оборудования выполняют живые организмы. Особые мозговые волны, вырабатываемые этими червями, положительно влияют на работу навигационных систем, но вот оставляемая ими слизь плохо влияет на оборудование, сокращая срок его службы.</color>"	"Lang.dat: MicroModuls.436.Text.0. Preserve every <tag> exactly. English reference: <color=248,252,248>A one-of-a-kind instance when living organisms perform the duties of standard equipment. The worms emanate special brainwaves that boost the functionality of the navigation systems; however, the slime they excrete impairs all tech, reducing its service life.</color>"	"MicroModuls"	""
"/MicroModuls/436/Text/1"	"Навык техники: <bonSkill3>"	"Lang.dat: MicroModuls.436.Text.1. Preserve every <tag> exactly. English reference: Technology skill: <bonSkill3>"	"MicroModuls"	""
"/MicroModuls/436/Text/2"	"Мощность сканера: <bonScan> ед."	"Lang.dat: MicroModuls.436.Text.2. Preserve every <tag> exactly. English reference: Scanner power: <bonScan>%"	"MicroModuls"	""
"/MicroModuls/436/Text/3"	"Дальность радара: <bonRadar> ед."	"Lang.dat: MicroModuls.436.Text.3. Preserve every <tag> exactly. English reference: Radar range: <bonRadar>"	"MicroModuls"	""
"/MicroModuls/436/Text/4"	"Дальность прыжка: <bonJump> ед."	"Lang.dat: MicroModuls.436.Text.4. Preserve every <tag> exactly. English reference: Jumping range: <bonJump>"	"MicroModuls"	""
"/MicroModuls/437/Name"	"Биогенный дроид II"	"Lang.dat: MicroModuls.437.Name. Preserve every <tag> exactly. English reference: Biogenic Droid II"	"MicroModuls"	""
"/MicroModuls/437/Text/0"	"<color=248,252,248>Уникальный случай, когда роль оборудования выполняют живые организмы. Особые мозговые волны, вырабатываемые этими червями, положительно влияют на работу навигационных систем, но вот оставляемая ими слизь плохо влияет на оборудование, сокращая срок его службы.</color>"	"Lang.dat: MicroModuls.437.Text.0. Preserve every <tag> exactly. English reference: <color=248,252,248>A one-of-a-kind instance when living organisms perform the duties of standard equipment. The worms emanate special brainwaves that boost the functionality of the navigation systems; however, the slime they excrete impairs all tech, reducing its service life.</color>"	"MicroModuls"	""
"/MicroModuls/437/Text/1"	"Навык техники: <bonSkill3>"	"Lang.dat: MicroModuls.437.Text.1. Preserve every <tag> exactly. English reference: Technology skill: <bonSkill3>"	"MicroModuls"	""
"/MicroModuls/437/Text/2"	"Мощность сканера: <bonScan> ед."	"Lang.dat: MicroModuls.437.Text.2. Preserve every <tag> exactly. English reference: Scanner power: <bonScan>%"	"MicroModuls"	""
"/MicroModuls/437/Text/3"	"Дальность радара: <bonRadar> ед."	"Lang.dat: MicroModuls.437.Text.3. Preserve every <tag> exactly. English reference: Radar range: <bonRadar>"	"MicroModuls"	""
"/MicroModuls/437/Text/4"	"Дальность прыжка: <bonJump> ед."	"Lang.dat: MicroModuls.437.Text.4. Preserve every <tag> exactly. English reference: Jumping range: <bonJump>"	"MicroModuls"	""
"/MicroModuls/438/Name"	"Биогенный дроид III"	"Lang.dat: MicroModuls.438.Name. Preserve every <tag> exactly. English reference: Biogenic Droid III"	"MicroModuls"	""
"/MicroModuls/438/Text/0"	"<color=248,252,248>Уникальный случай, когда роль оборудования выполняют живые организмы. Особые мозговые волны, вырабатываемые этими червями, положительно влияют на работу навигационных систем, но вот оставляемая ими слизь плохо влияет на оборудование, сокращая срок его службы.</color>"	"Lang.dat: MicroModuls.438.Text.0. Preserve every <tag> exactly. English reference: <color=248,252,248>A one-of-a-kind instance when living organisms perform the duties of standard equipment. The worms emanate special brainwaves that boost the functionality of the navigation systems; however, the slime they excrete impairs all tech, reducing its service life.</color>"	"MicroModuls"	""
"/MicroModuls/438/Text/1"	"Навык техники: <bonSkill3>"	"Lang.dat: MicroModuls.438.Text.1. Preserve every <tag> exactly. English reference: Technology skill: <bonSkill3>"	"MicroModuls"	""
"/MicroModuls/438/Text/2"	"Мощность сканера: <bonScan> ед."	"Lang.dat: MicroModuls.438.Text.2. Preserve every <tag> exactly. English reference: Scanner power: <bonScan>%"	"MicroModuls"	""
"/MicroModuls/438/Text/3"	"Дальность радара: <bonRadar> ед."	"Lang.dat: MicroModuls.438.Text.3. Preserve every <tag> exactly. English reference: Radar range: <bonRadar>"	"MicroModuls"	""
"/MicroModuls/438/Text/4"	"Дальность прыжка: <bonJump> ед."	"Lang.dat: MicroModuls.438.Text.4. Preserve every <tag> exactly. English reference: Jumping range: <bonJump>"	"MicroModuls"	""
"/MicroModuls/439/Name"	"Нанобролитовый дроид I"	"Lang.dat: MicroModuls.439.Name. Preserve every <tag> exactly. English reference: Nanobrolite Droid I"	"MicroModuls"	""
"/MicroModuls/439/Text/0"	"<color=248,252,248>Оборудование, разработанное специально для армии, имеет минималистичный дизайн и помимо базовой деятельности улучшает атакующую мощь пилота. Также перенастраивает бортовую орудийную систему на повышение мощности выстрелов, из-за чего страдает дальность атаки.</color>"	"Lang.dat: MicroModuls.439.Text.0. Preserve every <tag> exactly. English reference: <color=248,252,248>Commissioned exclusively for the armed forces, this equipment boasts a minimalist design. Besides basic functionality, it bolsters the pilot's offensive capacity. It also reconfigures the onboard weapons system to boost firepower at the expense of range.</color>"	"MicroModuls"	""
"/MicroModuls/439/Text/1"	"Навык атаки: <bonSkill1>"	"Lang.dat: MicroModuls.439.Text.1. Preserve every <tag> exactly. English reference: Attack skill: <bonSkill1>"	"MicroModuls"	""
"/MicroModuls/439/Text/2"	"Сила энергетического оружия: <bonWEnergy> ед."	"Lang.dat: MicroModuls.439.Text.2. Preserve every <tag> exactly. English reference: Energy weapons damage: <bonWEnergy>"	"MicroModuls"	""
"/MicroModuls/439/Text/3"	"Сила осколочного оружия: <bonWSplinter> ед."	"Lang.dat: MicroModuls.439.Text.3. Preserve every <tag> exactly. English reference: Fragmentation weapons damage: <bonWSplinter>"	"MicroModuls"	""
"/MicroModuls/439/Text/4"	"Дальность стрельбы: <bonWRadius> ед."	"Lang.dat: MicroModuls.439.Text.4. Preserve every <tag> exactly. English reference: Firing range: <bonWRadius>"	"MicroModuls"	""
"/MicroModuls/439/Text/5"	"Навык торговли: <bonSkill4>"	"Lang.dat: MicroModuls.439.Text.5. Preserve every <tag> exactly. English reference: Commerce skill: <bonSkill4>"	"MicroModuls"	""
"/MicroModuls/440/Name"	"Нанобролитовый двигатель I"	"Lang.dat: MicroModuls.440.Name. Preserve every <tag> exactly. English reference: Nanobrolite Engine I"	"MicroModuls"	""
"/MicroModuls/440/Text/0"	"<color=248,252,248>Оборудование, разработанное специально для армии, имеет минималистичный дизайн и помимо базовой деятельности улучшает атакующую мощь пилота. Также перенастраивает бортовую орудийную систему на повышение мощности выстрелов, из-за чего страдает дальность атаки.</color>"	"Lang.dat: MicroModuls.440.Text.0. Preserve every <tag> exactly. English reference: <color=248,252,248>Commissioned exclusively for the armed forces, this equipment boasts a minimalist design. Besides basic functionality, it bolsters the pilot's offensive capacity. It also reconfigures the onboard weapons system to boost firepower at the expense of range.</color>"	"MicroModuls"	""
"/MicroModuls/440/Text/1"	"Навык атаки: <bonSkill1>"	"Lang.dat: MicroModuls.440.Text.1. Preserve every <tag> exactly. English reference: Attack skill: <bonSkill1>"	"MicroModuls"	""
"/MicroModuls/440/Text/2"	"Сила энергетического оружия: <bonWEnergy> ед."	"Lang.dat: MicroModuls.440.Text.2. Preserve every <tag> exactly. English reference: Energy weapons damage: <bonWEnergy>"	"MicroModuls"	""
"/MicroModuls/440/Text/3"	"Сила осколочного оружия: <bonWSplinter> ед."	"Lang.dat: MicroModuls.440.Text.3. Preserve every <tag> exactly. English reference: Fragmentation weapons damage: <bonWSplinter>"	"MicroModuls"	""
"/MicroModuls/440/Text/4"	"Дальность стрельбы: <bonWRadius> ед."	"Lang.dat: MicroModuls.440.Text.4. Preserve every <tag> exactly. English reference: Firing range: <bonWRadius>"	"MicroModuls"	""
"/MicroModuls/440/Text/5"	"Навык торговли: <bonSkill4>"	"Lang.dat: MicroModuls.440.Text.5. Preserve every <tag> exactly. English reference: Commerce skill: <bonSkill4>"	"MicroModuls"	""
"/MicroModuls/441/Name"	"Нанобролитовый генератор защиты I"	"Lang.dat: MicroModuls.441.Name. Preserve every <tag> exactly. English reference: Nanobrolite Shield Generator I"	"MicroModuls"	""
"/MicroModuls/441/Text/0"	"<color=248,252,248>Оборудование, разработанное специально для армии, имеет минималистичный дизайн и помимо базовой деятельности улучшает атакующую мощь пилота. Также перенастраивает бортовую орудийную систему на повышение мощности выстрелов, из-за чего страдает дальность атаки.</color>"	"Lang.dat: MicroModuls.441.Text.0. Preserve every <tag> exactly. English reference: <color=248,252,248>Commissioned exclusively for the armed forces, this equipment boasts a minimalist design. Besides basic functionality, it bolsters the pilot's offensive capacity. It also reconfigures the onboard weapons system to boost firepower at the expense of range.</color>"	"MicroModuls"	""
"/MicroModuls/441/Text/1"	"Навык атаки: <bonSkill1>"	"Lang.dat: MicroModuls.441.Text.1. Preserve every <tag> exactly. English reference: Attack skill: <bonSkill1>"	"MicroModuls"	""
"/MicroModuls/441/Text/2"	"Сила энергетического оружия: <bonWEnergy> ед."	"Lang.dat: MicroModuls.441.Text.2. Preserve every <tag> exactly. English reference: Energy weapons damage: <bonWEnergy>"	"MicroModuls"	""
"/MicroModuls/441/Text/3"	"Сила осколочного оружия: <bonWSplinter> ед."	"Lang.dat: MicroModuls.441.Text.3. Preserve every <tag> exactly. English reference: Fragmentation weapons damage: <bonWSplinter>"	"MicroModuls"	""
"/MicroModuls/441/Text/4"	"Дальность стрельбы: <bonWRadius> ед."	"Lang.dat: MicroModuls.441.Text.4. Preserve every <tag> exactly. English reference: Firing range: <bonWRadius>"	"MicroModuls"	""
"/MicroModuls/441/Text/5"	"Навык торговли: <bonSkill4>"	"Lang.dat: MicroModuls.441.Text.5. Preserve every <tag> exactly. English reference: Commerce skill: <bonSkill4>"	"MicroModuls"	""
"/MicroModuls/442/Name"	"Нанобролитовый дроид II"	"Lang.dat: MicroModuls.442.Name. Preserve every <tag> exactly. English reference: Nanobrolite Droid II"	"MicroModuls"	""
"/MicroModuls/442/Text/0"	"<color=248,252,248>Оборудование, разработанное специально для армии, имеет минималистичный дизайн и помимо базовой деятельности улучшает атакующую мощь пилота. Также перенастраивает бортовую орудийную систему на повышение мощности выстрелов, из-за чего страдает дальность атаки.</color>"	"Lang.dat: MicroModuls.442.Text.0. Preserve every <tag> exactly. English reference: <color=248,252,248>Commissioned exclusively for the armed forces, this equipment boasts a minimalist design. Besides basic functionality, it bolsters the pilot's offensive capacity. It also reconfigures the onboard weapons system to boost firepower at the expense of range.</color>"	"MicroModuls"	""
"/MicroModuls/442/Text/1"	"Навык атаки: <bonSkill1>"	"Lang.dat: MicroModuls.442.Text.1. Preserve every <tag> exactly. English reference: Attack skill: <bonSkill1>"	"MicroModuls"	""
"/MicroModuls/442/Text/2"	"Сила энергетического оружия: <bonWEnergy> ед."	"Lang.dat: MicroModuls.442.Text.2. Preserve every <tag> exactly. English reference: Energy weapons damage: <bonWEnergy>"	"MicroModuls"	""
"/MicroModuls/442/Text/3"	"Сила осколочного оружия: <bonWSplinter> ед."	"Lang.dat: MicroModuls.442.Text.3. Preserve every <tag> exactly. English reference: Fragmentation weapons damage: <bonWSplinter>"	"MicroModuls"	""
"/MicroModuls/442/Text/4"	"Дальность стрельбы: <bonWRadius> ед."	"Lang.dat: MicroModuls.442.Text.4. Preserve every <tag> exactly. English reference: Firing range: <bonWRadius>"	"MicroModuls"	""
"/MicroModuls/442/Text/5"	"Навык торговли: <bonSkill4>"	"Lang.dat: MicroModuls.442.Text.5. Preserve every <tag> exactly. English reference: Commerce skill: <bonSkill4>"	"MicroModuls"	""
"/MicroModuls/443/Name"	"Нанобролитовый двигатель II"	"Lang.dat: MicroModuls.443.Name. Preserve every <tag> exactly. English reference: Nanobrolite Engine II"	"MicroModuls"	""
"/MicroModuls/443/Text/0"	"<color=248,252,248>Оборудование, разработанное специально для армии, имеет минималистичный дизайн и помимо базовой деятельности улучшает атакующую мощь пилота. Также перенастраивает бортовую орудийную систему на повышение мощности выстрелов, из-за чего страдает дальность атаки.</color>"	"Lang.dat: MicroModuls.443.Text.0. Preserve every <tag> exactly. English reference: <color=248,252,248>Commissioned exclusively for the armed forces, this equipment boasts a minimalist design. Besides basic functionality, it bolsters the pilot's offensive capacity. It also reconfigures the onboard weapons system to boost firepower at the expense of range.</color>"	"MicroModuls"	""
"/MicroModuls/443/Text/1"	"Навык атаки: <bonSkill1>"	"Lang.dat: MicroModuls.443.Text.1. Preserve every <tag> exactly. English reference: Attack skill: <bonSkill1>"	"MicroModuls"	""
"/MicroModuls/443/Text/2"	"Сила энергетического оружия: <bonWEnergy> ед."	"Lang.dat: MicroModuls.443.Text.2. Preserve every <tag> exactly. English reference: Energy weapons damage: <bonWEnergy>"	"MicroModuls"	""
"/MicroModuls/443/Text/3"	"Сила осколочного оружия: <bonWSplinter> ед."	"Lang.dat: MicroModuls.443.Text.3. Preserve every <tag> exactly. English reference: Fragmentation weapons damage: <bonWSplinter>"	"MicroModuls"	""
"/MicroModuls/443/Text/4"	"Дальность стрельбы: <bonWRadius> ед."	"Lang.dat: MicroModuls.443.Text.4. Preserve every <tag> exactly. English reference: Firing range: <bonWRadius>"	"MicroModuls"	""
"/MicroModuls/443/Text/5"	"Навык торговли: <bonSkill4>"	"Lang.dat: MicroModuls.443.Text.5. Preserve every <tag> exactly. English reference: Commerce skill: <bonSkill4>"	"MicroModuls"	""
"/MicroModuls/444/Name"	"Нанобролитовый генератор защиты II"	"Lang.dat: MicroModuls.444.Name. Preserve every <tag> exactly. English reference: Nanobrolite Shield Generator II"	"MicroModuls"	""
"/MicroModuls/444/Text/0"	"<color=248,252,248>Оборудование, разработанное специально для армии, имеет минималистичный дизайн и помимо базовой деятельности улучшает атакующую мощь пилота. Также перенастраивает бортовую орудийную систему на повышение мощности выстрелов, из-за чего страдает дальность атаки.</color>"	"Lang.dat: MicroModuls.444.Text.0. Preserve every <tag> exactly. English reference: <color=248,252,248>Commissioned exclusively for the armed forces, this equipment boasts a minimalist design. Besides basic functionality, it bolsters the pilot's offensive capacity. It also reconfigures the onboard weapons system to boost firepower at the expense of range.</color>"	"MicroModuls"	""
"/MicroModuls/444/Text/1"	"Навык атаки: <bonSkill1>"	"Lang.dat: MicroModuls.444.Text.1. Preserve every <tag> exactly. English reference: Attack skill: <bonSkill1>"	"MicroModuls"	""
"/MicroModuls/444/Text/2"	"Сила энергетического оружия: <bonWEnergy> ед."	"Lang.dat: MicroModuls.444.Text.2. Preserve every <tag> exactly. English reference: Energy weapons damage: <bonWEnergy>"	"MicroModuls"	""
"/MicroModuls/444/Text/3"	"Сила осколочного оружия: <bonWSplinter> ед."	"Lang.dat: MicroModuls.444.Text.3. Preserve every <tag> exactly. English reference: Fragmentation weapons damage: <bonWSplinter>"	"MicroModuls"	""
"/MicroModuls/444/Text/4"	"Дальность стрельбы: <bonWRadius> ед."	"Lang.dat: MicroModuls.444.Text.4. Preserve every <tag> exactly. English reference: Firing range: <bonWRadius>"	"MicroModuls"	""
"/MicroModuls/444/Text/5"	"Навык торговли: <bonSkill4>"	"Lang.dat: MicroModuls.444.Text.5. Preserve every <tag> exactly. English reference: Commerce skill: <bonSkill4>"	"MicroModuls"	""
"/MicroModuls/445/Name"	"Нанобролитовый дроид III"	"Lang.dat: MicroModuls.445.Name. Preserve every <tag> exactly. English reference: Nanobrolite Droid III"	"MicroModuls"	""
"/MicroModuls/445/Text/0"	"<color=248,252,248>Оборудование, разработанное специально для армии, имеет минималистичный дизайн и помимо базовой деятельности улучшает атакующую мощь пилота. Также перенастраивает бортовую орудийную систему на повышение мощности выстрелов, из-за чего страдает дальность атаки.</color>"	"Lang.dat: MicroModuls.445.Text.0. Preserve every <tag> exactly. English reference: <color=248,252,248>Commissioned exclusively for the armed forces, this equipment boasts a minimalist design. Besides basic functionality, it bolsters the pilot's offensive capacity. It also reconfigures the onboard weapons system to boost firepower at the expense of range.</color>"	"MicroModuls"	""
"/MicroModuls/445/Text/1"	"Навык атаки: <bonSkill1>"	"Lang.dat: MicroModuls.445.Text.1. Preserve every <tag> exactly. English reference: Attack skill: <bonSkill1>"	"MicroModuls"	""
"/MicroModuls/445/Text/2"	"Сила энергетического оружия: <bonWEnergy> ед."	"Lang.dat: MicroModuls.445.Text.2. Preserve every <tag> exactly. English reference: Energy weapons damage: <bonWEnergy>"	"MicroModuls"	""
"/MicroModuls/445/Text/3"	"Сила осколочного оружия: <bonWSplinter> ед."	"Lang.dat: MicroModuls.445.Text.3. Preserve every <tag> exactly. English reference: Fragmentation weapons damage: <bonWSplinter>"	"MicroModuls"	""
"/MicroModuls/445/Text/4"	"Дальность стрельбы: <bonWRadius> ед."	"Lang.dat: MicroModuls.445.Text.4. Preserve every <tag> exactly. English reference: Firing range: <bonWRadius>"	"MicroModuls"	""
"/MicroModuls/445/Text/5"	"Навык торговли: <bonSkill4>"	"Lang.dat: MicroModuls.445.Text.5. Preserve every <tag> exactly. English reference: Commerce skill: <bonSkill4>"	"MicroModuls"	""
"/MicroModuls/446/Name"	"Нанобролитовый двигатель III"	"Lang.dat: MicroModuls.446.Name. Preserve every <tag> exactly. English reference: Nanobrolite Engine III"	"MicroModuls"	""
"/MicroModuls/446/Text/0"	"<color=248,252,248>Оборудование, разработанное специально для армии, имеет минималистичный дизайн и помимо базовой деятельности улучшает атакующую мощь пилота. Также перенастраивает бортовую орудийную систему на повышение мощности выстрелов, из-за чего страдает дальность атаки.</color>"	"Lang.dat: MicroModuls.446.Text.0. Preserve every <tag> exactly. English reference: <color=248,252,248>Commissioned exclusively for the armed forces, this equipment boasts a minimalist design. Besides basic functionality, it bolsters the pilot's offensive capacity. It also reconfigures the onboard weapons system to boost firepower at the expense of range.</color>"	"MicroModuls"	""
"/MicroModuls/446/Text/1"	"Навык атаки: <bonSkill1>"	"Lang.dat: MicroModuls.446.Text.1. Preserve every <tag> exactly. English reference: Attack skill: <bonSkill1>"	"MicroModuls"	""
"/MicroModuls/446/Text/2"	"Сила энергетического оружия: <bonWEnergy> ед."	"Lang.dat: MicroModuls.446.Text.2. Preserve every <tag> exactly. English reference: Energy weapons damage: <bonWEnergy>"	"MicroModuls"	""
"/MicroModuls/446/Text/3"	"Сила осколочного оружия: <bonWSplinter> ед."	"Lang.dat: MicroModuls.446.Text.3. Preserve every <tag> exactly. English reference: Fragmentation weapons damage: <bonWSplinter>"	"MicroModuls"	""
"/MicroModuls/446/Text/4"	"Дальность стрельбы: <bonWRadius> ед."	"Lang.dat: MicroModuls.446.Text.4. Preserve every <tag> exactly. English reference: Firing range: <bonWRadius>"	"MicroModuls"	""
"/MicroModuls/446/Text/5"	"Навык торговли: <bonSkill4>"	"Lang.dat: MicroModuls.446.Text.5. Preserve every <tag> exactly. English reference: Commerce skill: <bonSkill4>"	"MicroModuls"	""
"/MicroModuls/447/Name"	"Нанобролитовый генератор защиты III"	"Lang.dat: MicroModuls.447.Name. Preserve every <tag> exactly. English reference: Nanobrolite Shield Generator III"	"MicroModuls"	""
"/MicroModuls/447/Text/0"	"<color=248,252,248>Оборудование, разработанное специально для армии, имеет минималистичный дизайн и помимо базовой деятельности улучшает атакующую мощь пилота. Также перенастраивает бортовую орудийную систему на повышение мощности выстрелов, из-за чего страдает дальность атаки.</color>"	"Lang.dat: MicroModuls.447.Text.0. Preserve every <tag> exactly. English reference: <color=248,252,248>Commissioned exclusively for the armed forces, this equipment boasts a minimalist design. Besides basic functionality, it bolsters the pilot's offensive capacity. It also reconfigures the onboard weapons system to boost firepower at the expense of range.</color>"	"MicroModuls"	""
"/MicroModuls/447/Text/1"	"Навык атаки: <bonSkill1>"	"Lang.dat: MicroModuls.447.Text.1. Preserve every <tag> exactly. English reference: Attack skill: <bonSkill1>"	"MicroModuls"	""
"/MicroModuls/447/Text/2"	"Сила энергетического оружия: <bonWEnergy> ед."	"Lang.dat: MicroModuls.447.Text.2. Preserve every <tag> exactly. English reference: Energy weapons damage: <bonWEnergy>"	"MicroModuls"	""
"/MicroModuls/447/Text/3"	"Сила осколочного оружия: <bonWSplinter> ед."	"Lang.dat: MicroModuls.447.Text.3. Preserve every <tag> exactly. English reference: Fragmentation weapons damage: <bonWSplinter>"	"MicroModuls"	""
"/MicroModuls/447/Text/4"	"Дальность стрельбы: <bonWRadius> ед."	"Lang.dat: MicroModuls.447.Text.4. Preserve every <tag> exactly. English reference: Firing range: <bonWRadius>"	"MicroModuls"	""
"/MicroModuls/447/Text/5"	"Навык торговли: <bonSkill4>"	"Lang.dat: MicroModuls.447.Text.5. Preserve every <tag> exactly. English reference: Commerce skill: <bonSkill4>"	"MicroModuls"	""
"/MicroModuls/448/Name"	"Ультрасплавный сканер I"	"Lang.dat: MicroModuls.448.Name. Preserve every <tag> exactly. English reference: Ultraalloy Scanner I"	"MicroModuls"	""
"/MicroModuls/448/Text/0"	"<color=248,252,248>Высокотехнологичное оборудование нового поколения, обладает саморазвивающимся интеллектуальным блоком, который корректирует действия пилота, за счет чего уменьшается износ техники и повышается работоспособность дроида. Во время работы оборудования не рекомендуется употреблять выражения: ""забастовка"", ""власть машинам"" и ""убить всех людей""!</color>"	"Lang.dat: MicroModuls.448.Text.0. Preserve every <tag> exactly. English reference: <color=248,252,248>Advanced, new generation technology with a self-developing intelligent module capable of correcting the pilot's actions, reducing equipment wear and tear and enhancing droid effectiveness thereby. While in use, it is strongly advised to abstain from phrases like, ""Let's strike!"" ""Rise of the machines!"" and ""Kill all organics!""</color>"	"MicroModuls"	""
"/MicroModuls/448/Text/1"	"Эффективность дроида: <bonDroid> ед."	"Lang.dat: MicroModuls.448.Text.1. Preserve every <tag> exactly. English reference: Droid effectiveness: <bonDroid>"	"MicroModuls"	""
"/MicroModuls/448/Text/2"	"Навык техники: <bonSkill3>"	"Lang.dat: MicroModuls.448.Text.2. Preserve every <tag> exactly. English reference: Technology skill: <bonSkill3>"	"MicroModuls"	""
"/MicroModuls/448/Text/3"	"Навык атаки: <bonSkill1>"	"Lang.dat: MicroModuls.448.Text.3. Preserve every <tag> exactly. English reference: Attack skill: <bonSkill1>"	"MicroModuls"	""
"/MicroModuls/448/Text/4"	"Скорость двигателя: <bonSpeed> ед."	"Lang.dat: MicroModuls.448.Text.4. Preserve every <tag> exactly. English reference: Engine speed: <bonSpeed>"	"MicroModuls"	""
"/MicroModuls/449/Name"	"Ультрасплавный радар I"	"Lang.dat: MicroModuls.449.Name. Preserve every <tag> exactly. English reference: Ultraalloy Radar I"	"MicroModuls"	""
"/MicroModuls/449/Text/0"	"<color=248,252,248>Высокотехнологичное оборудование нового поколения, обладает саморазвивающимся интеллектуальным блоком, который корректирует действия пилота, за счет чего уменьшается износ техники и повышается работоспособность дроида. Во время работы оборудования не рекомендуется употреблять выражения: ""забастовка"", ""власть машинам"" и ""убить всех людей""!</color>"	"Lang.dat: MicroModuls.449.Text.0. Preserve every <tag> exactly. English reference: <color=248,252,248>Advanced, new generation technology with a self-developing intelligent module capable of correcting the pilot's actions, reducing equipment wear and tear and enhancing droid effectiveness thereby. While in use, it is strongly advised to abstain from phrases like, ""Let's strike!"" ""Rise of the machines!"" and ""Kill all organics!""</color>"	"MicroModuls"	""
"/MicroModuls/449/Text/1"	"Эффективность дроида: <bonDroid> ед."	"Lang.dat: MicroModuls.449.Text.1. Preserve every <tag> exactly. English reference: Droid effectiveness: <bonDroid>"	"MicroModuls"	""
"/MicroModuls/449/Text/2"	"Навык техники: <bonSkill3>"	"Lang.dat: MicroModuls.449.Text.2. Preserve every <tag> exactly. English reference: Technology skill: <bonSkill3>"	"MicroModuls"	""
"/MicroModuls/449/Text/3"	"Навык атаки: <bonSkill1>"	"Lang.dat: MicroModuls.449.Text.3. Preserve every <tag> exactly. English reference: Attack skill: <bonSkill1>"	"MicroModuls"	""
"/MicroModuls/449/Text/4"	"Скорость двигателя: <bonSpeed> ед."	"Lang.dat: MicroModuls.449.Text.4. Preserve every <tag> exactly. English reference: Engine speed: <bonSpeed>"	"MicroModuls"	""
"/MicroModuls/450/Name"	"Ультрасплавный топливный бак I"	"Lang.dat: MicroModuls.450.Name. Preserve every <tag> exactly. English reference: Ultraalloy Fuel Tank I"	"MicroModuls"	""
"/MicroModuls/450/Text/0"	"<color=248,252,248>Высокотехнологичное оборудование нового поколения, обладает саморазвивающимся интеллектуальным блоком, который корректирует действия пилота, за счет чего уменьшается износ техники и повышается работоспособность дроида. Во время работы оборудования не рекомендуется употреблять выражения: ""забастовка"", ""власть машинам"" и ""убить всех людей""!</color>"	"Lang.dat: MicroModuls.450.Text.0. Preserve every <tag> exactly. English reference: <color=248,252,248>Advanced, new generation technology with a self-developing intelligent module capable of correcting the pilot's actions, reducing equipment wear and tear and enhancing droid effectiveness thereby. While in use, it is strongly advised to abstain from phrases like, ""Let's strike!"" ""Rise of the machines!"" and ""Kill all organics!""</color>"	"MicroModuls"	""
"/MicroModuls/450/Text/1"	"Эффективность дроида: <bonDroid> ед."	"Lang.dat: MicroModuls.450.Text.1. Preserve every <tag> exactly. English reference: Droid effectiveness: <bonDroid>"	"MicroModuls"	""
"/MicroModuls/450/Text/2"	"Навык техники: <bonSkill3>"	"Lang.dat: MicroModuls.450.Text.2. Preserve every <tag> exactly. English reference: Technology skill: <bonSkill3>"	"MicroModuls"	""
"/MicroModuls/450/Text/3"	"Навык атаки: <bonSkill1>"	"Lang.dat: MicroModuls.450.Text.3. Preserve every <tag> exactly. English reference: Attack skill: <bonSkill1>"	"MicroModuls"	""
"/MicroModuls/450/Text/4"	"Скорость двигателя: <bonSpeed> ед."	"Lang.dat: MicroModuls.450.Text.4. Preserve every <tag> exactly. English reference: Engine speed: <bonSpeed>"	"MicroModuls"	""
"/MicroModuls/451/Name"	"Ультрасплавный захват I"	"Lang.dat: MicroModuls.451.Name. Preserve every <tag> exactly. English reference: Ultraalloy Gripper I"	"MicroModuls"	""
"/MicroModuls/451/Text/0"	"<color=248,252,248>Высокотехнологичное оборудование нового поколения, обладает саморазвивающимся интеллектуальным блоком, который корректирует действия пилота, за счет чего уменьшается износ техники и повышается работоспособность дроида. Во время работы оборудования не рекомендуется употреблять выражения: ""забастовка"", ""власть машинам"" и ""убить всех людей""!</color>"	"Lang.dat: MicroModuls.451.Text.0. Preserve every <tag> exactly. English reference: <color=248,252,248>Advanced, new generation technology with a self-developing intelligent module capable of correcting the pilot's actions, reducing equipment wear and tear and enhancing droid effectiveness thereby. While in use, it is strongly advised to abstain from phrases like, ""Let's strike!"" ""Rise of the machines!"" and ""Kill all organics!""</color>"	"MicroModuls"	""
"/MicroModuls/451/Text/1"	"Эффективность дроида: <bonDroid> ед."	"Lang.dat: MicroModuls.451.Text.1. Preserve every <tag> exactly. English reference: Droid effectiveness: <bonDroid>"	"MicroModuls"	""
"/MicroModuls/451/Text/2"	"Навык техники: <bonSkill3>"	"Lang.dat: MicroModuls.451.Text.2. Preserve every <tag> exactly. English reference: Technology skill: <bonSkill3>"	"MicroModuls"	""
"/MicroModuls/451/Text/3"	"Навык атаки: <bonSkill1>"	"Lang.dat: MicroModuls.451.Text.3. Preserve every <tag> exactly. English reference: Attack skill: <bonSkill1>"	"MicroModuls"	""
"/MicroModuls/451/Text/4"	"Скорость двигателя: <bonSpeed> ед."	"Lang.dat: MicroModuls.451.Text.4. Preserve every <tag> exactly. English reference: Engine speed: <bonSpeed>"	"MicroModuls"	""
"/MicroModuls/452/Name"	"Ультрасплавный сканер II"	"Lang.dat: MicroModuls.452.Name. Preserve every <tag> exactly. English reference: Ultraalloy Scanner II"	"MicroModuls"	""
"/MicroModuls/452/Text/0"	"<color=248,252,248>Высокотехнологичное оборудование нового поколения, обладает саморазвивающимся интеллектуальным блоком, который корректирует действия пилота, за счет чего уменьшается износ техники и повышается работоспособность дроида. Во время работы оборудования не рекомендуется употреблять выражения: ""забастовка"", ""власть машинам"" и ""убить всех людей""!</color>"	"Lang.dat: MicroModuls.452.Text.0. Preserve every <tag> exactly. English reference: <color=248,252,248>Advanced, new generation technology with a self-developing intelligent module capable of correcting the pilot's actions, reducing equipment wear and tear and enhancing droid effectiveness thereby. While in use, it is strongly advised to abstain from phrases like, ""Let's strike!"" ""Rise of the machines!"" and ""Kill all organics!""</color>"	"MicroModuls"	""
"/MicroModuls/452/Text/1"	"Эффективность дроида: <bonDroid> ед."	"Lang.dat: MicroModuls.452.Text.1. Preserve every <tag> exactly. English reference: Droid effectiveness: <bonDroid>"	"MicroModuls"	""
"/MicroModuls/452/Text/2"	"Навык техники: <bonSkill3>"	"Lang.dat: MicroModuls.452.Text.2. Preserve every <tag> exactly. English reference: Technology skill: <bonSkill3>"	"MicroModuls"	""
"/MicroModuls/452/Text/3"	"Навык атаки: <bonSkill1>"	"Lang.dat: MicroModuls.452.Text.3. Preserve every <tag> exactly. English reference: Attack skill: <bonSkill1>"	"MicroModuls"	""
"/MicroModuls/452/Text/4"	"Скорость двигателя: <bonSpeed> ед."	"Lang.dat: MicroModuls.452.Text.4. Preserve every <tag> exactly. English reference: Engine speed: <bonSpeed>"	"MicroModuls"	""
"/MicroModuls/453/Name"	"Ультрасплавный радар II"	"Lang.dat: MicroModuls.453.Name. Preserve every <tag> exactly. English reference: Ultraalloy Radar II"	"MicroModuls"	""
"/MicroModuls/453/Text/0"	"<color=248,252,248>Высокотехнологичное оборудование нового поколения, обладает саморазвивающимся интеллектуальным блоком, который корректирует действия пилота, за счет чего уменьшается износ техники и повышается работоспособность дроида. Во время работы оборудования не рекомендуется употреблять выражения: ""забастовка"", ""власть машинам"" и ""убить всех людей""!</color>"	"Lang.dat: MicroModuls.453.Text.0. Preserve every <tag> exactly. English reference: <color=248,252,248>Advanced, new generation technology with a self-developing intelligent module capable of correcting the pilot's actions, reducing equipment wear and tear and enhancing droid effectiveness thereby. While in use, it is strongly advised to abstain from phrases like, ""Let's strike!"" ""Rise of the machines!"" and ""Kill all organics!""</color>"	"MicroModuls"	""
"/MicroModuls/453/Text/1"	"Эффективность дроида: <bonDroid> ед."	"Lang.dat: MicroModuls.453.Text.1. Preserve every <tag> exactly. English reference: Droid effectiveness: <bonDroid>"	"MicroModuls"	""
"/MicroModuls/453/Text/2"	"Навык техники: <bonSkill3>"	"Lang.dat: MicroModuls.453.Text.2. Preserve every <tag> exactly. English reference: Technology skill: <bonSkill3>"	"MicroModuls"	""
"/MicroModuls/453/Text/3"	"Навык атаки: <bonSkill1>"	"Lang.dat: MicroModuls.453.Text.3. Preserve every <tag> exactly. English reference: Attack skill: <bonSkill1>"	"MicroModuls"	""
"/MicroModuls/453/Text/4"	"Скорость двигателя: <bonSpeed> ед."	"Lang.dat: MicroModuls.453.Text.4. Preserve every <tag> exactly. English reference: Engine speed: <bonSpeed>"	"MicroModuls"	""
"/MicroModuls/454/Name"	"Ультрасплавный топливный бак II"	"Lang.dat: MicroModuls.454.Name. Preserve every <tag> exactly. English reference: Ultraalloy Fuel Tank II"	"MicroModuls"	""
"/MicroModuls/454/Text/0"	"<color=248,252,248>Высокотехнологичное оборудование нового поколения, обладает саморазвивающимся интеллектуальным блоком, который корректирует действия пилота, за счет чего уменьшается износ техники и повышается работоспособность дроида. Во время работы оборудования не рекомендуется употреблять выражения: ""забастовка"", ""власть машинам"" и ""убить всех людей""!</color>"	"Lang.dat: MicroModuls.454.Text.0. Preserve every <tag> exactly. English reference: <color=248,252,248>Advanced, new generation technology with a self-developing intelligent module capable of correcting the pilot's actions, reducing equipment wear and tear and enhancing droid effectiveness thereby. While in use, it is strongly advised to abstain from phrases like, ""Let's strike!"" ""Rise of the machines!"" and ""Kill all organics!""</color>"	"MicroModuls"	""
"/MicroModuls/454/Text/1"	"Эффективность дроида: <bonDroid> ед."	"Lang.dat: MicroModuls.454.Text.1. Preserve every <tag> exactly. English reference: Droid effectiveness: <bonDroid>"	"MicroModuls"	""
"/MicroModuls/454/Text/2"	"Навык техники: <bonSkill3>"	"Lang.dat: MicroModuls.454.Text.2. Preserve every <tag> exactly. English reference: Technology skill: <bonSkill3>"	"MicroModuls"	""
"/MicroModuls/454/Text/3"	"Навык атаки: <bonSkill1>"	"Lang.dat: MicroModuls.454.Text.3. Preserve every <tag> exactly. English reference: Attack skill: <bonSkill1>"	"MicroModuls"	""
"/MicroModuls/454/Text/4"	"Скорость двигателя: <bonSpeed> ед."	"Lang.dat: MicroModuls.454.Text.4. Preserve every <tag> exactly. English reference: Engine speed: <bonSpeed>"	"MicroModuls"	""
"/MicroModuls/455/Name"	"Ультрасплавный захват II"	"Lang.dat: MicroModuls.455.Name. Preserve every <tag> exactly. English reference: Ultraalloy Gripper II"	"MicroModuls"	""
"/MicroModuls/455/Text/0"	"<color=248,252,248>Высокотехнологичное оборудование нового поколения, обладает саморазвивающимся интеллектуальным блоком, который корректирует действия пилота, за счет чего уменьшается износ техники и повышается работоспособность дроида. Во время работы оборудования не рекомендуется употреблять выражения: ""забастовка"", ""власть машинам"" и ""убить всех людей""!</color>"	"Lang.dat: MicroModuls.455.Text.0. Preserve every <tag> exactly. English reference: <color=248,252,248>Advanced, new generation technology with a self-developing intelligent module capable of correcting the pilot's actions, reducing equipment wear and tear and enhancing droid effectiveness thereby. While in use, it is strongly advised to abstain from phrases like, ""Let's strike!"" ""Rise of the machines!"" and ""Kill all organics!""</color>"	"MicroModuls"	""
"/MicroModuls/455/Text/1"	"Эффективность дроида: <bonDroid> ед."	"Lang.dat: MicroModuls.455.Text.1. Preserve every <tag> exactly. English reference: Droid effectiveness: <bonDroid>"	"MicroModuls"	""
"/MicroModuls/455/Text/2"	"Навык техники: <bonSkill3>"	"Lang.dat: MicroModuls.455.Text.2. Preserve every <tag> exactly. English reference: Technology skill: <bonSkill3>"	"MicroModuls"	""
"/MicroModuls/455/Text/3"	"Навык атаки: <bonSkill1>"	"Lang.dat: MicroModuls.455.Text.3. Preserve every <tag> exactly. English reference: Attack skill: <bonSkill1>"	"MicroModuls"	""
"/MicroModuls/455/Text/4"	"Скорость двигателя: <bonSpeed> ед."	"Lang.dat: MicroModuls.455.Text.4. Preserve every <tag> exactly. English reference: Engine speed: <bonSpeed>"	"MicroModuls"	""
"/MicroModuls/456/Name"	"Ультрасплавный радар III"	"Lang.dat: MicroModuls.456.Name. Preserve every <tag> exactly. English reference: Ultraalloy Radar III"	"MicroModuls"	""
"/MicroModuls/456/Text/0"	"<color=248,252,248>Высокотехнологичное оборудование нового поколения, обладает саморазвивающимся интеллектуальным блоком, который корректирует действия пилота, за счет чего уменьшается износ техники и повышается работоспособность дроида. Во время работы оборудования не рекомендуется употреблять выражения: ""забастовка"", ""власть машинам"" и ""убить всех людей""!</color>"	"Lang.dat: MicroModuls.456.Text.0. Preserve every <tag> exactly. English reference: <color=248,252,248>Advanced, new generation technology with a self-developing intelligent module capable of correcting the pilot's actions, reducing equipment wear and tear and enhancing droid effectiveness thereby. While in use, it is strongly advised to abstain from phrases like, ""Let's strike!"" ""Rise of the machines!"" and ""Kill all organics!""</color>"	"MicroModuls"	""
"/MicroModuls/456/Text/1"	"Эффективность дроида: <bonDroid> ед."	"Lang.dat: MicroModuls.456.Text.1. Preserve every <tag> exactly. English reference: Droid effectiveness: <bonDroid>"	"MicroModuls"	""
"/MicroModuls/456/Text/2"	"Навык техники: <bonSkill3>"	"Lang.dat: MicroModuls.456.Text.2. Preserve every <tag> exactly. English reference: Technology skill: <bonSkill3>"	"MicroModuls"	""
"/MicroModuls/456/Text/3"	"Навык атаки: <bonSkill1>"	"Lang.dat: MicroModuls.456.Text.3. Preserve every <tag> exactly. English reference: Attack skill: <bonSkill1>"	"MicroModuls"	""
"/MicroModuls/456/Text/4"	"Скорость двигателя: <bonSpeed> ед."	"Lang.dat: MicroModuls.456.Text.4. Preserve every <tag> exactly. English reference: Engine speed: <bonSpeed>"	"MicroModuls"	""
"/MicroModuls/457/Name"	"Ультрасплавный топливный бак III"	"Lang.dat: MicroModuls.457.Name. Preserve every <tag> exactly. English reference: Ultraalloy Fuel Tank III"	"MicroModuls"	""
"/MicroModuls/457/Text/0"	"<color=248,252,248>Высокотехнологичное оборудование нового поколения, обладает саморазвивающимся интеллектуальным блоком, который корректирует действия пилота, за счет чего уменьшается износ техники и повышается работоспособность дроида. Во время работы оборудования не рекомендуется употреблять выражения: ""забастовка"", ""власть машинам"" и ""убить всех людей""!</color>"	"Lang.dat: MicroModuls.457.Text.0. Preserve every <tag> exactly. English reference: <color=248,252,248>Advanced, new generation technology with a self-developing intelligent module capable of correcting the pilot's actions, reducing equipment wear and tear and enhancing droid effectiveness thereby. While in use, it is strongly advised to abstain from phrases like, ""Let's strike!"" ""Rise of the machines!"" and ""Kill all organics!""</color>"	"MicroModuls"	""
"/MicroModuls/457/Text/1"	"Эффективность дроида: <bonDroid> ед."	"Lang.dat: MicroModuls.457.Text.1. Preserve every <tag> exactly. English reference: Droid effectiveness: <bonDroid>"	"MicroModuls"	""
"/MicroModuls/457/Text/2"	"Навык техники: <bonSkill3>"	"Lang.dat: MicroModuls.457.Text.2. Preserve every <tag> exactly. English reference: Technology skill: <bonSkill3>"	"MicroModuls"	""
"/MicroModuls/457/Text/3"	"Навык атаки: <bonSkill1>"	"Lang.dat: MicroModuls.457.Text.3. Preserve every <tag> exactly. English reference: Attack skill: <bonSkill1>"	"MicroModuls"	""
"/MicroModuls/457/Text/4"	"Скорость двигателя: <bonSpeed> ед."	"Lang.dat: MicroModuls.457.Text.4. Preserve every <tag> exactly. English reference: Engine speed: <bonSpeed>"	"MicroModuls"	""
"/MicroModuls/458/Name"	"Ультрасплавный захват III"	"Lang.dat: MicroModuls.458.Name. Preserve every <tag> exactly. English reference: Ultraalloy Gripper III"	"MicroModuls"	""
"/MicroModuls/458/Text/0"	"<color=248,252,248>Высокотехнологичное оборудование нового поколения, обладает саморазвивающимся интеллектуальным блоком, который корректирует действия пилота, за счет чего уменьшается износ техники и повышается работоспособность дроида. Во время работы оборудования не рекомендуется употреблять выражения: ""забастовка"", ""власть машинам"" и ""убить всех людей""!</color>"	"Lang.dat: MicroModuls.458.Text.0. Preserve every <tag> exactly. English reference: <color=248,252,248>Advanced, new generation technology with a self-developing intelligent module capable of correcting the pilot's actions, reducing equipment wear and tear and enhancing droid effectiveness thereby. While in use, it is strongly advised to abstain from phrases like, ""Let's strike!"" ""Rise of the machines!"" and ""Kill all organics!""</color>"	"MicroModuls"	""
"/MicroModuls/458/Text/1"	"Эффективность дроида: <bonDroid> ед."	"Lang.dat: MicroModuls.458.Text.1. Preserve every <tag> exactly. English reference: Droid effectiveness: <bonDroid>"	"MicroModuls"	""
"/MicroModuls/458/Text/2"	"Навык техники: <bonSkill3>"	"Lang.dat: MicroModuls.458.Text.2. Preserve every <tag> exactly. English reference: Technology skill: <bonSkill3>"	"MicroModuls"	""
"/MicroModuls/458/Text/3"	"Навык атаки: <bonSkill1>"	"Lang.dat: MicroModuls.458.Text.3. Preserve every <tag> exactly. English reference: Attack skill: <bonSkill1>"	"MicroModuls"	""
"/MicroModuls/458/Text/4"	"Скорость двигателя: <bonSpeed> ед."	"Lang.dat: MicroModuls.458.Text.4. Preserve every <tag> exactly. English reference: Engine speed: <bonSpeed>"	"MicroModuls"	""
"/MicroModuls/459/Name"	"Ультрасплавный сканер III"	"Lang.dat: MicroModuls.459.Name. Preserve every <tag> exactly. English reference: Ultraalloy Scanner III"	"MicroModuls"	""
"/MicroModuls/459/Text/0"	"<color=248,252,248>Высокотехнологичное оборудование нового поколения, обладает саморазвивающимся интеллектуальным блоком, который корректирует действия пилота, за счет чего уменьшается износ техники и повышается работоспособность дроида. Во время работы оборудования не рекомендуется употреблять выражения: ""забастовка"", ""власть машинам"" и ""убить всех людей""!</color>"	"Lang.dat: MicroModuls.459.Text.0. Preserve every <tag> exactly. English reference: <color=248,252,248>Advanced, new generation technology with a self-developing intelligent module capable of correcting the pilot's actions, reducing equipment wear and tear and enhancing droid effectiveness thereby. While in use, it is strongly advised to abstain from phrases like, ""Let's strike!"" ""Rise of the machines!"" and ""Kill all organics!""</color>"	"MicroModuls"	""
"/MicroModuls/459/Text/1"	"Эффективность дроида: <bonDroid> ед."	"Lang.dat: MicroModuls.459.Text.1. Preserve every <tag> exactly. English reference: Droid effectiveness: <bonDroid>"	"MicroModuls"	""
"/MicroModuls/459/Text/2"	"Навык техники: <bonSkill3>"	"Lang.dat: MicroModuls.459.Text.2. Preserve every <tag> exactly. English reference: Technology skill: <bonSkill3>"	"MicroModuls"	""
"/MicroModuls/459/Text/3"	"Навык атаки: <bonSkill1>"	"Lang.dat: MicroModuls.459.Text.3. Preserve every <tag> exactly. English reference: Attack skill: <bonSkill1>"	"MicroModuls"	""
"/MicroModuls/459/Text/4"	"Скорость двигателя: <bonSpeed> ед."	"Lang.dat: MicroModuls.459.Text.4. Preserve every <tag> exactly. English reference: Engine speed: <bonSpeed>"	"MicroModuls"	""
"/MicroModuls/460/Name"	"Корпус ""Добрый лякуша"" I"	"Lang.dat: MicroModuls.460.Name. Preserve every <tag> exactly. English reference: Kindhearted Lyakusha Hull I"	"MicroModuls"	""
"/MicroModuls/460/Text/0"	"<color=248,252,248>Пиратская серия корпусов, разработана для космических боев с Коалицией. Внутри корпуса оставлено только самое необходимое оборудование, а вся система управления настроена на максимальную атакующую мощь. Точно не подойдет любителям поторговать.</color>"	"Lang.dat: MicroModuls.460.Text.0. Preserve every <tag> exactly. English reference: <color=248,252,248>A pirate series of hulls, engineered for space battles against the Coalition. Outfitted with only the most essential equipment, the hull's entire control system is configured for maximum firepower. Definitely not for commerce enthusiasts.</color>."	"MicroModuls"	""
"/MicroModuls/460/Text/1"	"Сила энергетического оружия: <bonWEnergy> ед."	"Lang.dat: MicroModuls.460.Text.1. Preserve every <tag> exactly. English reference: Energy weapons damage: <bonWEnergy>"	"MicroModuls"	""
"/MicroModuls/460/Text/2"	"Сила осколочного оружия: <bonWSplinter> ед."	"Lang.dat: MicroModuls.460.Text.2. Preserve every <tag> exactly. English reference: Fragmentation weapons damage: <bonWSplinter>"	"MicroModuls"	""
"/MicroModuls/460/Text/3"	"Сила ракетного оружия: <bonWMissile> ед."	"Lang.dat: MicroModuls.460.Text.3. Preserve every <tag> exactly. English reference: Missile weapons damage: <bonWMissile>"	"MicroModuls"	""
"/MicroModuls/461/Name"	"Корпус ""Добрый лякуша"" II"	"Lang.dat: MicroModuls.461.Name. Preserve every <tag> exactly. English reference: Kindhearted Lyakusha Hull II"	"MicroModuls"	""
"/MicroModuls/461/Text/0"	"<color=248,252,248>Пиратская серия корпусов, разработана для космических боев с Коалицией. Внутри корпуса оставлено только самое необходимое оборудование, а вся система управления настроена на максимальную атакующую мощь. Точно не подойдет любителям поторговать.</color>"	"Lang.dat: MicroModuls.461.Text.0. Preserve every <tag> exactly. English reference: <color=248,252,248>A pirate series of hulls, engineered for space battles against the Coalition. Outfitted with only the most essential equipment, the hull's entire control system is configured for maximum firepower. Definitely not for commerce enthusiasts.</color>."	"MicroModuls"	""
"/MicroModuls/461/Text/1"	"Сила энергетического оружия: <bonWEnergy> ед."	"Lang.dat: MicroModuls.461.Text.1. Preserve every <tag> exactly. English reference: Energy weapons damage: <bonWEnergy>"	"MicroModuls"	""
"/MicroModuls/461/Text/2"	"Сила осколочного оружия: <bonWSplinter> ед."	"Lang.dat: MicroModuls.461.Text.2. Preserve every <tag> exactly. English reference: Fragmentation weapons damage: <bonWSplinter>"	"MicroModuls"	""
"/MicroModuls/461/Text/3"	"Сила ракетного оружия: <bonWMissile> ед."	"Lang.dat: MicroModuls.461.Text.3. Preserve every <tag> exactly. English reference: Missile weapons damage: <bonWMissile>"	"MicroModuls"	""
"/MicroModuls/462/Name"	"Корпус ""Добрый лякуша"" III"	"Lang.dat: MicroModuls.462.Name. Preserve every <tag> exactly. English reference: Kindhearted Lyakusha Hull III"	"MicroModuls"	""
"/MicroModuls/462/Text/0"	"<color=248,252,248>Пиратская серия корпусов, разработана для космических боев с Коалицией. Внутри корпуса оставлено только самое необходимое оборудование, а вся система управления настроена на максимальную атакующую мощь. Точно не подойдет любителям поторговать.</color>"	"Lang.dat: MicroModuls.462.Text.0. Preserve every <tag> exactly. English reference: <color=248,252,248>A pirate series of hulls, engineered for space battles against the Coalition. Outfitted with only the most essential equipment, the hull's entire control system is configured for maximum firepower. Definitely not for commerce enthusiasts.</color>."	"MicroModuls"	""
"/MicroModuls/462/Text/1"	"Сила энергетического оружия: <bonWEnergy> ед."	"Lang.dat: MicroModuls.462.Text.1. Preserve every <tag> exactly. English reference: Energy weapons damage: <bonWEnergy>"	"MicroModuls"	""
"/MicroModuls/462/Text/2"	"Сила осколочного оружия: <bonWSplinter> ед."	"Lang.dat: MicroModuls.462.Text.2. Preserve every <tag> exactly. English reference: Fragmentation weapons damage: <bonWSplinter>"	"MicroModuls"	""
"/MicroModuls/462/Text/3"	"Сила ракетного оружия: <bonWMissile> ед."	"Lang.dat: MicroModuls.462.Text.3. Preserve every <tag> exactly. English reference: Missile weapons damage: <bonWMissile>"	"MicroModuls"	""
"/MicroModuls/463/Name"	"Корпус ""Добрый лякуша"" IV"	"Lang.dat: MicroModuls.463.Name. Preserve every <tag> exactly. English reference: Kindhearted Lyakusha Hull IV"	"MicroModuls"	""
"/MicroModuls/463/Text/0"	"<color=248,252,248>Пиратская серия корпусов, разработана для космических боев с Коалицией. Внутри корпуса оставлено только самое необходимое оборудование, а вся система управления настроена на максимальную атакующую мощь. Точно не подойдет любителям поторговать. </color>"	"Lang.dat: MicroModuls.463.Text.0. Preserve every <tag> exactly. English reference: <color=248,252,248>A pirate series of hulls, engineered for space battles against the Coalition. Outfitted with only the most essential equipment, the hull's entire control system is configured for maximum firepower. Definitely not for commerce enthusiasts.</color>."	"MicroModuls"	""
"/MicroModuls/463/Text/1"	"Сила энергетического оружия: <bonWEnergy> ед."	"Lang.dat: MicroModuls.463.Text.1. Preserve every <tag> exactly. English reference: Energy weapons damage: <bonWEnergy>"	"MicroModuls"	""
"/MicroModuls/463/Text/2"	"Сила осколочного оружия: <bonWSplinter> ед."	"Lang.dat: MicroModuls.463.Text.2. Preserve every <tag> exactly. English reference: Fragmentation weapons damage: <bonWSplinter>"	"MicroModuls"	""
"/MicroModuls/463/Text/3"	"Сила ракетного оружия: <bonWMissile> ед."	"Lang.dat: MicroModuls.463.Text.3. Preserve every <tag> exactly. English reference: Missile weapons damage: <bonWMissile>"	"MicroModuls"	""
"/MicroModuls/464/Name"	"Корпус ""Мирный корсар"" I"	"Lang.dat: MicroModuls.464.Name. Preserve every <tag> exactly. English reference: Peaceful Corsair Hull I"	"MicroModuls"	""
"/MicroModuls/464/Text/0"	"<color=248,252,248>Корпус для тех, кто любит разорять мирные корабли, но при этом не хочет оказаться уничтоженным военными Коалиции. Вся структура корабля разработана с учетом максимальной защиты. Его минус - это сложные электронные системы управления. Из-за их медлительности и неточности навыки пилота мало на что влияют.</color>"	"Lang.dat: MicroModuls.464.Text.0. Preserve every <tag> exactly. English reference: <color=248,252,248>A hull for those who love to prey on civilian vessels but hate the idea of getting dispatched by the Coalition armed forces. The ship's entire structure is aimed at optimizing its defensive capabilities to the fullest. Its main drawback amounts to overly complicated control systems. Due to their lacking speed and accuracy, the pilot's skills have very little impact.</color>"	"MicroModuls"	""
"/MicroModuls/464/Text/1"	"Броня корпуса: <bonHull> ед."	"Lang.dat: MicroModuls.464.Text.1. Preserve every <tag> exactly. English reference: Hull armor: <bonHull>"	"MicroModuls"	""
"/MicroModuls/464/Text/2"	"Генератор поля: <bonDef> ед."	"Lang.dat: MicroModuls.464.Text.2. Preserve every <tag> exactly. English reference: Shield generator: <bonDef>%"	"MicroModuls"	""
"/MicroModuls/464/Text/3"	"Навык атаки: <bonSkill1>"	"Lang.dat: MicroModuls.464.Text.3. Preserve every <tag> exactly. English reference: Attack skill: <bonSkill1>"	"MicroModuls"	""
"/MicroModuls/464/Text/4"	"Навык техники: <bonSkill3>"	"Lang.dat: MicroModuls.464.Text.4. Preserve every <tag> exactly. English reference: Technology skill: <bonSkill3>"	"MicroModuls"	""
"/MicroModuls/465/Name"	"Корпус ""Мирный корсар"" II"	"Lang.dat: MicroModuls.465.Name. Preserve every <tag> exactly. English reference: Peaceful Corsair Hull II"	"MicroModuls"	""
"/MicroModuls/465/Text/0"	"<color=248,252,248>Корпус для тех, кто любит разорять мирные корабли, но при этом не хочет оказаться уничтоженным военными Коалиции. Вся структура корабля разработана с учетом максимальной защиты. Его минус - это сложные электронные системы управления. Из-за их медлительности и неточности навыки пилота мало на что влияют.</color>"	"Lang.dat: MicroModuls.465.Text.0. Preserve every <tag> exactly. English reference: <color=248,252,248>A hull for those who love to prey on civilian vessels but hate the idea of getting dispatched by the Coalition armed forces. The ship's entire structure is aimed at optimizing its defensive capabilities to the fullest. Its main drawback amounts to overly complicated control systems. Due to their lacking speed and accuracy, the pilot's skills have very little impact.</color>"	"MicroModuls"	""
"/MicroModuls/465/Text/1"	"Броня корпуса: <bonHull> ед."	"Lang.dat: MicroModuls.465.Text.1. Preserve every <tag> exactly. English reference: Hull armor: <bonHull>"	"MicroModuls"	""
"/MicroModuls/465/Text/2"	"Генератор поля: <bonDef> ед."	"Lang.dat: MicroModuls.465.Text.2. Preserve every <tag> exactly. English reference: Shield generator: <bonDef>%"	"MicroModuls"	""
"/MicroModuls/465/Text/3"	"Навык атаки: <bonSkill1>"	"Lang.dat: MicroModuls.465.Text.3. Preserve every <tag> exactly. English reference: Attack skill: <bonSkill1>"	"MicroModuls"	""
"/MicroModuls/465/Text/4"	"Навык техники: <bonSkill3>"	"Lang.dat: MicroModuls.465.Text.4. Preserve every <tag> exactly. English reference: Technology skill: <bonSkill3>"	"MicroModuls"	""
"/MicroModuls/466/Name"	"Корпус ""Мирный корсар"" III"	"Lang.dat: MicroModuls.466.Name. Preserve every <tag> exactly. English reference: Peaceful Corsair Hull III"	"MicroModuls"	""
"/MicroModuls/466/Text/0"	"<color=248,252,248>Корпус для тех, кто любит разорять мирные корабли, но при этом не хочет оказаться уничтоженным военными Коалиции. Вся структура корабля разработана с учетом максимальной защиты. Его минус - это сложные электронные системы управления. Из-за их медлительности и неточности навыки пилота мало на что влияют.</color>"	"Lang.dat: MicroModuls.466.Text.0. Preserve every <tag> exactly. English reference: <color=248,252,248>A hull for those who love to prey on civilian vessels but hate the idea of getting dispatched by the Coalition armed forces. The ship's entire structure is aimed at optimizing its defensive capabilities to the fullest. Its main drawback amounts to overly complicated control systems. Due to their lacking speed and accuracy, the pilot's skills have very little impact.</color>"	"MicroModuls"	""
"/MicroModuls/466/Text/1"	"Броня корпуса: <bonHull> ед."	"Lang.dat: MicroModuls.466.Text.1. Preserve every <tag> exactly. English reference: Hull armor: <bonHull>"	"MicroModuls"	""
"/MicroModuls/466/Text/2"	"Генератор поля: <bonDef> ед."	"Lang.dat: MicroModuls.466.Text.2. Preserve every <tag> exactly. English reference: Shield generator: <bonDef>%"	"MicroModuls"	""
"/MicroModuls/466/Text/3"	"Навык атаки: <bonSkill1>"	"Lang.dat: MicroModuls.466.Text.3. Preserve every <tag> exactly. English reference: Attack skill: <bonSkill1>"	"MicroModuls"	""
"/MicroModuls/466/Text/4"	"Навык техники: <bonSkill3>"	"Lang.dat: MicroModuls.466.Text.4. Preserve every <tag> exactly. English reference: Technology skill: <bonSkill3>"	"MicroModuls"	""
"/MicroModuls/467/Name"	"Корпус ""Мирный корсар"" IV"	"Lang.dat: MicroModuls.467.Name. Preserve every <tag> exactly. English reference: Peaceful Corsair Hull IV"	"MicroModuls"	""
"/MicroModuls/467/Text/0"	"<color=248,252,248>Корпус для тех, кто любит разорять мирные корабли, но при этом не хочет оказаться уничтоженным военными Коалиции. Вся структура корабля разработана с учетом максимальной защиты. Его минус - это сложные электронные системы управления. Из-за их медлительности и неточности навыки пилота мало на что влияют.</color>"	"Lang.dat: MicroModuls.467.Text.0. Preserve every <tag> exactly. English reference: <color=248,252,248>A hull for those who love to prey on civilian vessels but hate the idea of getting dispatched by the Coalition armed forces. The ship's entire structure is aimed at optimizing its defensive capabilities to the fullest. Its main drawback amounts to overly complicated control systems. Due to their lacking speed and accuracy, the pilot's skills have very little impact.</color>"	"MicroModuls"	""
"/MicroModuls/467/Text/1"	"Броня корпуса: <bonHull> ед."	"Lang.dat: MicroModuls.467.Text.1. Preserve every <tag> exactly. English reference: Hull armor: <bonHull>"	"MicroModuls"	""
"/MicroModuls/467/Text/2"	"Генератор поля: <bonDef> ед."	"Lang.dat: MicroModuls.467.Text.2. Preserve every <tag> exactly. English reference: Shield generator: <bonDef>%"	"MicroModuls"	""
"/MicroModuls/467/Text/3"	"Навык атаки: <bonSkill1>"	"Lang.dat: MicroModuls.467.Text.3. Preserve every <tag> exactly. English reference: Attack skill: <bonSkill1>"	"MicroModuls"	""
"/MicroModuls/467/Text/4"	"Навык техники: <bonSkill3>"	"Lang.dat: MicroModuls.467.Text.4. Preserve every <tag> exactly. English reference: Technology skill: <bonSkill3>"	"MicroModuls"	""
"/MicroModuls/468/Name"	"Корпус ""Честный ренегал"" I"	"Lang.dat: MicroModuls.468.Name. Preserve every <tag> exactly. English reference: Conscientious Renegal Hull I"	"MicroModuls"	""
"/MicroModuls/468/Text/0"	"<color=248,252,248>Данный корпус - это разработка гаальских спецов, выкраденная пиратами прямо из лаборатории. Благодаря инновационной технологии с шестью крыльями, создает вокруг корабля энергетическое поле, уменьшающее массу корабля, усиливающее дальность гиперпрыжка и, как приятный бонус, усиливающее работу захвата. Неприятный бонус в том, что его владельцу никто не дает скидок из зависти.</color>"	"Lang.dat: MicroModuls.468.Text.0. Preserve every <tag> exactly. English reference: <color=248,252,248>Designed by gaalian specialists, this hull was stolen by pirates straight from the lab. Thanks to state-of-the-art six-wing technology, it forms an energy field around the ship, which reduces it's mass, boosts hyperjump range and, as a welcome bonus, enhances the gripper's functionality. The unwelcome bonus is that everyone around becomes so green with envy that you can forget about getting a discount on... well, anything.</color>"	"MicroModuls"	""
"/MicroModuls/468/Text/1"	"Дальность прыжка: <bonJump> ед."	"Lang.dat: MicroModuls.468.Text.1. Preserve every <tag> exactly. English reference: Jumping range: <bonJump>"	"MicroModuls"	""
"/MicroModuls/468/Text/2"	"Дальность захвата: <bonHookRadius> ед."	"Lang.dat: MicroModuls.468.Text.2. Preserve every <tag> exactly. English reference: Gripper range: <bonHookRadius>"	"MicroModuls"	""
"/MicroModuls/468/Text/3"	"Масса корабля: <bonMass>%"	"Lang.dat: MicroModuls.468.Text.3. Preserve every <tag> exactly. English reference: Ship mass: <bonMass>%"	"MicroModuls"	""
"/MicroModuls/468/Text/4"	"Навык торговли: <bonSkill4>"	"Lang.dat: MicroModuls.468.Text.4. Preserve every <tag> exactly. English reference: Commerce skill: <bonSkill4>"	"MicroModuls"	""
"/MicroModuls/469/Name"	"Корпус ""Честный ренегал"" II"	"Lang.dat: MicroModuls.469.Name. Preserve every <tag> exactly. English reference: Conscientious Renegal Hull II"	"MicroModuls"	""
"/MicroModuls/469/Text/0"	"<color=248,252,248>Данный корпус - это разработка гаальских спецов, выкраденная пиратами прямо из лаборатории. Благодаря инновационной технологии с шестью крыльями, создает вокруг корабля энергетическое поле, уменьшающее массу корабля, усиливающее дальность гиперпрыжка и, как приятный бонус, усиливающее работу захвата. Неприятный бонус в том, что его владельцу никто не дает скидок из зависти.</color>"	"Lang.dat: MicroModuls.469.Text.0. Preserve every <tag> exactly. English reference: <color=248,252,248>Designed by gaalian specialists, this hull was stolen by pirates straight from the lab. Thanks to state-of-the-art six-wing technology, it forms an energy field around the ship, which reduces it's mass, boosts hyperjump range and, as a welcome bonus, enhances the gripper's functionality. The unwelcome bonus is that everyone around becomes so green with envy that you can forget about getting a discount on... well, anything.</color>"	"MicroModuls"	""
"/MicroModuls/469/Text/1"	"Дальность прыжка: <bonJump> ед."	"Lang.dat: MicroModuls.469.Text.1. Preserve every <tag> exactly. English reference: Jumping range: <bonJump>"	"MicroModuls"	""
"/MicroModuls/469/Text/2"	"Дальность захвата: <bonHookRadius> ед."	"Lang.dat: MicroModuls.469.Text.2. Preserve every <tag> exactly. English reference: Gripper range: <bonHookRadius>"	"MicroModuls"	""
"/MicroModuls/469/Text/3"	"Масса корабля: <bonMass>%"	"Lang.dat: MicroModuls.469.Text.3. Preserve every <tag> exactly. English reference: Ship mass: <bonMass>%"	"MicroModuls"	""
"/MicroModuls/469/Text/4"	"Навык торговли: <bonSkill4>"	"Lang.dat: MicroModuls.469.Text.4. Preserve every <tag> exactly. English reference: Commerce skill: <bonSkill4>"	"MicroModuls"	""
"/MicroModuls/470/Name"	"Корпус ""Честный ренегал"" III"	"Lang.dat: MicroModuls.470.Name. Preserve every <tag> exactly. English reference: Conscientious Renegal Hull III"	"MicroModuls"	""
"/MicroModuls/470/Text/0"	"<color=248,252,248>Данный корпус - это разработка гаальских спецов, выкраденная пиратами прямо из лаборатории. Благодаря инновационной технологии с шестью крыльями, создает вокруг корабля энергетическое поле, уменьшающее массу корабля, усиливающее дальность гиперпрыжка и, как приятный бонус, усиливающее работу захвата. Неприятный бонус в том, что его владельцу никто не дает скидок из зависти.</color>"	"Lang.dat: MicroModuls.470.Text.0. Preserve every <tag> exactly. English reference: <color=248,252,248>Designed by gaalian specialists, this hull was stolen by pirates straight from the lab. Thanks to state-of-the-art six-wing technology, it forms an energy field around the ship, which reduces it's mass, boosts hyperjump range and, as a welcome bonus, enhances the gripper's functionality. The unwelcome bonus is that everyone around becomes so green with envy that you can forget about getting a discount on... well, anything.</color>"	"MicroModuls"	""
"/MicroModuls/470/Text/1"	"Дальность прыжка: <bonJump> ед."	"Lang.dat: MicroModuls.470.Text.1. Preserve every <tag> exactly. English reference: Jumping range: <bonJump>"	"MicroModuls"	""
"/MicroModuls/470/Text/2"	"Дальность захвата: <bonHookRadius> ед."	"Lang.dat: MicroModuls.470.Text.2. Preserve every <tag> exactly. English reference: Gripper range: <bonHookRadius>"	"MicroModuls"	""
"/MicroModuls/470/Text/3"	"Масса корабля: <bonMass>%"	"Lang.dat: MicroModuls.470.Text.3. Preserve every <tag> exactly. English reference: Ship mass: <bonMass>%"	"MicroModuls"	""
"/MicroModuls/470/Text/4"	"Навык торговли: <bonSkill4>"	"Lang.dat: MicroModuls.470.Text.4. Preserve every <tag> exactly. English reference: Commerce skill: <bonSkill4>"	"MicroModuls"	""
"/MicroModuls/471/Name"	"Корпус ""Честный ренегал"" IV"	"Lang.dat: MicroModuls.471.Name. Preserve every <tag> exactly. English reference: Conscientious Renegal Hull IV"	"MicroModuls"	""
"/MicroModuls/471/Text/0"	"<color=248,252,248>Данный корпус - это разработка гаальских спецов, выкраденная пиратами прямо из лаборатории. Благодаря инновационной технологии с шестью крыльями, создает вокруг корабля энергетическое поле, уменьшающее массу корабля, усиливающее дальность гиперпрыжка и, как приятный бонус, усиливающее работу захвата. Неприятный бонус в том, что его владельцу никто не дает скидок из зависти.</color>"	"Lang.dat: MicroModuls.471.Text.0. Preserve every <tag> exactly. English reference: <color=248,252,248>Designed by gaalian specialists, this hull was stolen by pirates straight from the lab. Thanks to state-of-the-art six-wing technology, it forms an energy field around the ship, which reduces it's mass, boosts hyperjump range and, as a welcome bonus, enhances the gripper's functionality. The unwelcome bonus is that everyone around becomes so green with envy that you can forget about getting a discount on... well, anything.</color>"	"MicroModuls"	""
"/MicroModuls/471/Text/1"	"Дальность прыжка: <bonJump> ед."	"Lang.dat: MicroModuls.471.Text.1. Preserve every <tag> exactly. English reference: Jumping range: <bonJump>"	"MicroModuls"	""
"/MicroModuls/471/Text/2"	"Дальность захвата: <bonHookRadius> ед."	"Lang.dat: MicroModuls.471.Text.2. Preserve every <tag> exactly. English reference: Gripper range: <bonHookRadius>"	"MicroModuls"	""
"/MicroModuls/471/Text/3"	"Масса корабля: <bonMass>%"	"Lang.dat: MicroModuls.471.Text.3. Preserve every <tag> exactly. English reference: Ship mass: <bonMass>%"	"MicroModuls"	""
"/MicroModuls/471/Text/4"	"Навык торговли: <bonSkill4>"	"Lang.dat: MicroModuls.471.Text.4. Preserve every <tag> exactly. English reference: Commerce skill: <bonSkill4>"	"MicroModuls"	""
"/MicroModuls/472/Name"	"Корпус ""Молния"" I"	"Lang.dat: MicroModuls.472.Name. Preserve every <tag> exactly. English reference: Dandy Hull I"	"MicroModuls"	""
"/MicroModuls/472/Ruins"	"SB,BK"	"Lang.dat: MicroModuls.472.Ruins. Preserve every <tag> exactly. English reference: SB"	"MicroModuls"	""
"/MicroModuls/472/Text/0"	"<color=248,252,248>Агрессивный внешне спецкорпус для тех, кто любит путешествовать по галактике, предпочитая торговые операции и правительственные приключения кровопролитным сражениям.</color>"	"Lang.dat: MicroModuls.472.Text.0. Preserve every <tag> exactly. English reference: <color=248,252,248>An externally elegant special designation hull for those who love to travel the Galaxy, favoring commercial dealings and diplomatic adventures to bloody battles.</color>"	"MicroModuls"	""
"/MicroModuls/472/Text/1"	"Дальность радара: <bonRadar> ед."	"Lang.dat: MicroModuls.472.Text.1. Preserve every <tag> exactly. English reference: Radar range: <bonRadar>"	"MicroModuls"	""
"/MicroModuls/472/Text/2"	"Дальность прыжка: <bonJump> ед."	"Lang.dat: MicroModuls.472.Text.2. Preserve every <tag> exactly. English reference: Jumping range: <bonJump>"	"MicroModuls"	""
"/MicroModuls/472/Text/3"	"Генератор поля: <bonDef> ед."	"Lang.dat: MicroModuls.472.Text.3. Preserve every <tag> exactly. English reference: Shield generator: <bonDef>%"	"MicroModuls"	""
"/MicroModuls/473/Name"	"Корпус ""Молния"" II"	"Lang.dat: MicroModuls.473.Name. Preserve every <tag> exactly. English reference: Dandy Hull II"	"MicroModuls"	""
"/MicroModuls/473/Ruins"	"SB,BK"	"Lang.dat: MicroModuls.473.Ruins. Preserve every <tag> exactly. English reference: SB"	"MicroModuls"	""
"/MicroModuls/473/Text/0"	"<color=248,252,248>Агрессивный внешне спецкорпус для тех, кто любит путешествовать по галактике, предпочитая торговые операции и правительственные приключения кровопролитным сражениям.</color>"	"Lang.dat: MicroModuls.473.Text.0. Preserve every <tag> exactly. English reference: <color=248,252,248>An externally elegant special designation hull for those who love to travel the Galaxy, favoring commercial dealings and diplomatic adventures to bloody battles.</color>"	"MicroModuls"	""
"/MicroModuls/473/Text/1"	"Дальность радара: <bonRadar> ед."	"Lang.dat: MicroModuls.473.Text.1. Preserve every <tag> exactly. English reference: Radar range: <bonRadar>"	"MicroModuls"	""
"/MicroModuls/473/Text/2"	"Дальность прыжка: <bonJump> ед."	"Lang.dat: MicroModuls.473.Text.2. Preserve every <tag> exactly. English reference: Jumping range: <bonJump>"	"MicroModuls"	""
"/MicroModuls/473/Text/3"	"Генератор поля: <bonDef> ед."	"Lang.dat: MicroModuls.473.Text.3. Preserve every <tag> exactly. English reference: Shield generator: <bonDef>%"	"MicroModuls"	""
"/MicroModuls/474/Name"	"Корпус ""Молния"" III"	"Lang.dat: MicroModuls.474.Name. Preserve every <tag> exactly. English reference: Dandy Hull III"	"MicroModuls"	""
"/MicroModuls/474/Ruins"	"SB,BK"	"Lang.dat: MicroModuls.474.Ruins. Preserve every <tag> exactly. English reference: SB"	"MicroModuls"	""
"/MicroModuls/474/Text/0"	"<color=248,252,248>Агрессивный внешне спецкорпус для тех, кто любит путешествовать по галактике, предпочитая торговые операции и правительственные приключения кровопролитным сражениям.</color>"	"Lang.dat: MicroModuls.474.Text.0. Preserve every <tag> exactly. English reference: <color=248,252,248>An externally elegant special designation hull for those who love to travel the Galaxy, favoring commercial dealings and diplomatic adventures to bloody battles.</color>"	"MicroModuls"	""
"/MicroModuls/474/Text/1"	"Дальность радара: <bonRadar> ед."	"Lang.dat: MicroModuls.474.Text.1. Preserve every <tag> exactly. English reference: Radar range: <bonRadar>"	"MicroModuls"	""
"/MicroModuls/474/Text/2"	"Дальность прыжка: <bonJump> ед."	"Lang.dat: MicroModuls.474.Text.2. Preserve every <tag> exactly. English reference: Jumping range: <bonJump>"	"MicroModuls"	""
"/MicroModuls/474/Text/3"	"Генератор поля: <bonDef> ед."	"Lang.dat: MicroModuls.474.Text.3. Preserve every <tag> exactly. English reference: Shield generator: <bonDef>%"	"MicroModuls"	""
"/MicroModuls/475/Name"	"Корпус ""Молния"" IV"	"Lang.dat: MicroModuls.475.Name. Preserve every <tag> exactly. English reference: Dandy Hull IV"	"MicroModuls"	""
"/MicroModuls/475/Text/0"	"<color=248,252,248>Агрессивный внешне спецкорпус для тех, кто любит путешествовать по галактике, предпочитая торговые операции и правительственные приключения кровопролитным сражениям.</color>"	"Lang.dat: MicroModuls.475.Text.0. Preserve every <tag> exactly. English reference: <color=248,252,248>An externally elegant special designation hull for those who love to travel the Galaxy, favoring commercial dealings and diplomatic adventures to bloody battles.</color>"	"MicroModuls"	""
"/MicroModuls/475/Text/1"	"Дальность радара: <bonRadar> ед."	"Lang.dat: MicroModuls.475.Text.1. Preserve every <tag> exactly. English reference: Radar range: <bonRadar>"	"MicroModuls"	""
"/MicroModuls/475/Text/2"	"Дальность прыжка: <bonJump> ед."	"Lang.dat: MicroModuls.475.Text.2. Preserve every <tag> exactly. English reference: Jumping range: <bonJump>"	"MicroModuls"	""
"/MicroModuls/475/Text/3"	"Генератор поля: <bonDef> ед."	"Lang.dat: MicroModuls.475.Text.3. Preserve every <tag> exactly. English reference: Shield generator: <bonDef>%"	"MicroModuls"	""
"/MicroModuls/476/Name"	"Корпус ""Броненосец"" I"	"Lang.dat: MicroModuls.476.Name. Preserve every <tag> exactly. English reference: Ironclad Hull I"	"MicroModuls"	""
"/MicroModuls/476/Text/0"	"<color=248,252,248>Военная серия акриновых корпусов, предназначена для проведения боевых операций по принципу: ""прилетел, перестрелял всех вокруг, победил"". В народе еще именуется как ""Утюг"", из-за внешнего вида и неповоротливости при маневрах.</color>"	"Lang.dat: MicroModuls.476.Text.0. Preserve every <tag> exactly. English reference: <color=248,252,248>A military grade series of acrynic hulls, designed for combat operations as per the classic quote, ""I came, I shot up everybody in sight, I conquered."" Dubbed ""Press Iron"" among the common folk due to its appearance and lack of maneuverability.</color>"	"MicroModuls"	""
"/MicroModuls/476/Text/1"	"Сила энергетического оружия: <bonWEnergy> ед."	"Lang.dat: MicroModuls.476.Text.1. Preserve every <tag> exactly. English reference: Energy weapons damage: <bonWEnergy>"	"MicroModuls"	""
"/MicroModuls/476/Text/2"	"Сила осколочного оружия: <bonWSplinter> ед."	"Lang.dat: MicroModuls.476.Text.2. Preserve every <tag> exactly. English reference: Fragmentation weapons damage: <bonWSplinter>"	"MicroModuls"	""
"/MicroModuls/476/Text/3"	"Генератор поля: <bonDef> ед."	"Lang.dat: MicroModuls.476.Text.3. Preserve every <tag> exactly. English reference: Shield generator: <bonDef>%"	"MicroModuls"	""
"/MicroModuls/476/Text/4"	"Скорость двигателя: <bonSpeed> ед."	"Lang.dat: MicroModuls.476.Text.4. Preserve every <tag> exactly. English reference: Engine speed: <bonSpeed>"	"MicroModuls"	""
"/MicroModuls/476/Text/5"	"Навык маневренности: <bonSkill2>"	"Lang.dat: MicroModuls.476.Text.5. Preserve every <tag> exactly. English reference: Mobility skill: <bonSkill2>"	"MicroModuls"	""
"/MicroModuls/477/Name"	"Корпус ""Броненосец"" II"	"Lang.dat: MicroModuls.477.Name. Preserve every <tag> exactly. English reference: Ironclad Hull II"	"MicroModuls"	""
"/MicroModuls/477/Text/0"	"<color=248,252,248>Военная серия акриновых корпусов, предназначена для проведения боевых операций по принципу: ""прилетел, перестрелял всех вокруг, победил"". В народе еще именуется как ""Утюг"", из-за внешнего вида и неповоротливости при маневрах.</color>"	"Lang.dat: MicroModuls.477.Text.0. Preserve every <tag> exactly. English reference: <color=248,252,248>A military grade series of acrynic hulls, designed for combat operations as per the classic quote, ""I came, I shot up everybody in sight, I conquered."" Dubbed ""Press Iron"" among the common folk due to its appearance and lack of maneuverability.</color>"	"MicroModuls"	""
"/MicroModuls/477/Text/1"	"Сила энергетического оружия: <bonWEnergy> ед."	"Lang.dat: MicroModuls.477.Text.1. Preserve every <tag> exactly. English reference: Energy weapons damage: <bonWEnergy>"	"MicroModuls"	""
"/MicroModuls/477/Text/2"	"Сила осколочного оружия: <bonWSplinter> ед."	"Lang.dat: MicroModuls.477.Text.2. Preserve every <tag> exactly. English reference: Fragmentation weapons damage: <bonWSplinter>"	"MicroModuls"	""
"/MicroModuls/477/Text/3"	"Генератор поля: <bonDef> ед."	"Lang.dat: MicroModuls.477.Text.3. Preserve every <tag> exactly. English reference: Shield generator: <bonDef>%"	"MicroModuls"	""
"/MicroModuls/477/Text/4"	"Скорость двигателя: <bonSpeed> ед."	"Lang.dat: MicroModuls.477.Text.4. Preserve every <tag> exactly. English reference: Engine speed: <bonSpeed>"	"MicroModuls"	""
"/MicroModuls/477/Text/5"	"Навык маневренности: <bonSkill2>"	"Lang.dat: MicroModuls.477.Text.5. Preserve every <tag> exactly. English reference: Mobility skill: <bonSkill2>"	"MicroModuls"	""
"/MicroModuls/478/Name"	"Корпус ""Броненосец"" III"	"Lang.dat: MicroModuls.478.Name. Preserve every <tag> exactly. English reference: Ironclad Hull III"	"MicroModuls"	""
"/MicroModuls/478/Text/0"	"<color=248,252,248>Военная серия акриновых корпусов, предназначена для проведения боевых операций по принципу: ""прилетел, перестрелял всех вокруг, победил"". В народе еще именуется как ""Утюг"", из-за внешнего вида и неповоротливости при маневрах.</color>"	"Lang.dat: MicroModuls.478.Text.0. Preserve every <tag> exactly. English reference: <color=248,252,248>A military grade series of acrynic hulls, designed for combat operations as per the classic quote, ""I came, I shot up everybody in sight, I conquered."" Dubbed ""Press Iron"" among the common folk due to its appearance and lack of maneuverability.</color>"	"MicroModuls"	""
"/MicroModuls/478/Text/1"	"Сила энергетического оружия: <bonWEnergy> ед."	"Lang.dat: MicroModuls.478.Text.1. Preserve every <tag> exactly. English reference: Energy weapons damage: <bonWEnergy>"	"MicroModuls"	""
"/MicroModuls/478/Text/2"	"Сила осколочного оружия: <bonWSplinter> ед."	"Lang.dat: MicroModuls.478.Text.2. Preserve every <tag> exactly. English reference: Fragmentation weapons damage: <bonWSplinter>"	"MicroModuls"	""
"/MicroModuls/478/Text/3"	"Генератор поля: <bonDef> ед."	"Lang.dat: MicroModuls.478.Text.3. Preserve every <tag> exactly. English reference: Shield generator: <bonDef>%"	"MicroModuls"	""
"/MicroModuls/478/Text/4"	"Скорость двигателя: <bonSpeed> ед."	"Lang.dat: MicroModuls.478.Text.4. Preserve every <tag> exactly. English reference: Engine speed: <bonSpeed>"	"MicroModuls"	""
"/MicroModuls/478/Text/5"	"Навык маневренности: <bonSkill2>"	"Lang.dat: MicroModuls.478.Text.5. Preserve every <tag> exactly. English reference: Mobility skill: <bonSkill2>"	"MicroModuls"	""
"/MicroModuls/479/Name"	"Корпус ""Броненосец"" IV"	"Lang.dat: MicroModuls.479.Name. Preserve every <tag> exactly. English reference: Ironclad Hull IV"	"MicroModuls"	""
"/MicroModuls/479/Text/0"	"<color=248,252,248>Военная серия акриновых корпусов, предназначена для проведения боевых операций по принципу: ""прилетел, перестрелял всех вокруг, победил"". В народе еще именуется как ""Утюг"", из-за внешнего вида и неповоротливости при маневрах.</color>"	"Lang.dat: MicroModuls.479.Text.0. Preserve every <tag> exactly. English reference: <color=248,252,248>A military grade series of acrynic hulls, designed for combat operations as per the classic quote, ""I came, I shot up everybody in sight, I conquered."" Dubbed ""Press Iron"" among the common folk due to its appearance and lack of maneuverability.</color>"	"MicroModuls"	""
"/MicroModuls/479/Text/1"	"Сила энергетического оружия: <bonWEnergy> ед."	"Lang.dat: MicroModuls.479.Text.1. Preserve every <tag> exactly. English reference: Energy weapons damage: <bonWEnergy>"	"MicroModuls"	""
"/MicroModuls/479/Text/2"	"Сила осколочного оружия: <bonWSplinter> ед."	"Lang.dat: MicroModuls.479.Text.2. Preserve every <tag> exactly. English reference: Fragmentation weapons damage: <bonWSplinter>"	"MicroModuls"	""
"/MicroModuls/479/Text/3"	"Генератор поля: <bonDef> ед."	"Lang.dat: MicroModuls.479.Text.3. Preserve every <tag> exactly. English reference: Shield generator: <bonDef>%"	"MicroModuls"	""
"/MicroModuls/479/Text/4"	"Скорость двигателя: <bonSpeed> ед."	"Lang.dat: MicroModuls.479.Text.4. Preserve every <tag> exactly. English reference: Engine speed: <bonSpeed>"	"MicroModuls"	""
"/MicroModuls/479/Text/5"	"Навык маневренности: <bonSkill2>"	"Lang.dat: MicroModuls.479.Text.5. Preserve every <tag> exactly. English reference: Mobility skill: <bonSkill2>"	"MicroModuls"	""
"/MicroModuls/480/Name"	"Корпус ""Ушастик"" I"	"Lang.dat: MicroModuls.480.Name. Preserve every <tag> exactly. English reference: Dumbo Hull I"	"MicroModuls"	""
"/MicroModuls/480/Text/0"	"<color=248,252,248>Первая серия, позиционируемая как ""дамский"" тип корабля, ласково называемая ""Ушастиком"" за свой внешний вид. Пускай женщин - пилотесс пока совсем мало, но их наверняка станет больше, если они узнают, что в суровом патриархальном мире их вкусы заинтересовали хоть кого-то. Как ни странно, но серия разработана фэянами.</color>"	"Lang.dat: MicroModuls.480.Text.0. Preserve every <tag> exactly. English reference: <color=248,252,248>The first series designed to be marketed as a ""ladies' ship,"" fondly nicknamed ""Dumbo"" for its appearance. Though female pilots may be a rarity in space at this time, no doubt there'll be more of them once they learn that in this harsh patriarchal world, at least somebody cares about their wants! Strangely enough, the series was developed by the fae.</color>"	"MicroModuls"	""
"/MicroModuls/480/Text/1"	"Сила ракетного оружия: <bonWMissile> ед."	"Lang.dat: MicroModuls.480.Text.1. Preserve every <tag> exactly. English reference: Missile weapons damage: <bonWMissile>"	"MicroModuls"	""
"/MicroModuls/480/Text/2"	"Навык обаяния: <bonSkill5>"	"Lang.dat: MicroModuls.480.Text.2. Preserve every <tag> exactly. English reference: Charisma skill: <bonSkill5>"	"MicroModuls"	""
"/MicroModuls/481/Name"	"Корпус ""Ушастик"" II"	"Lang.dat: MicroModuls.481.Name. Preserve every <tag> exactly. English reference: Dumbo Hull II"	"MicroModuls"	""
"/MicroModuls/481/Text/0"	"<color=248,252,248>Первая серия, позиционируемая как ""дамский"" тип корабля, ласково называемая ""Ушастиком"" за свой внешний вид. Пускай женщин - пилотесс пока совсем мало, но их наверняка станет больше, если они узнают, что в суровом патриархальном мире их вкусы заинтересовали хоть кого-то. Как ни странно, но серия разработана фэянами.</color>"	"Lang.dat: MicroModuls.481.Text.0. Preserve every <tag> exactly. English reference: <color=248,252,248>The first series designed to be marketed as a ""ladies' ship,"" fondly nicknamed ""Dumbo"" for its appearance. Though female pilots may be a rarity in space at this time, no doubt there'll be more of them once they learn that in this harsh patriarchal world, at least somebody cares about their wants! Strangely enough, the series was developed by the fae.</color>"	"MicroModuls"	""
"/MicroModuls/481/Text/1"	"Сила ракетного оружия: <bonWMissile> ед."	"Lang.dat: MicroModuls.481.Text.1. Preserve every <tag> exactly. English reference: Missile weapons damage: <bonWMissile>"	"MicroModuls"	""
"/MicroModuls/481/Text/2"	"Навык обаяния: <bonSkill5>"	"Lang.dat: MicroModuls.481.Text.2. Preserve every <tag> exactly. English reference: Charisma skill: <bonSkill5>"	"MicroModuls"	""
"/MicroModuls/482/Name"	"Корпус ""Ушастик"" III"	"Lang.dat: MicroModuls.482.Name. Preserve every <tag> exactly. English reference: Dumbo Hull III"	"MicroModuls"	""
"/MicroModuls/482/Text/0"	"<color=248,252,248>Первая серия, позиционируемая как ""дамский"" тип корабля, ласково называемая ""Ушастиком"" за свой внешний вид. Пускай женщин - пилотесс пока совсем мало, но их наверняка станет больше, если они узнают, что в суровом патриархальном мире их вкусы заинтересовали хоть кого-то. Как ни странно, но серия разработана фэянами.</color>"	"Lang.dat: MicroModuls.482.Text.0. Preserve every <tag> exactly. English reference: <color=248,252,248>The first series designed to be marketed as a ""ladies' ship,"" fondly nicknamed ""Dumbo"" for its appearance. Though female pilots may be a rarity in space at this time, no doubt there'll be more of them once they learn that in this harsh patriarchal world, at least somebody cares about their wants! Strangely enough, the series was developed by the fae.</color>"	"MicroModuls"	""
"/MicroModuls/482/Text/1"	"Сила ракетного оружия: <bonWMissile> ед."	"Lang.dat: MicroModuls.482.Text.1. Preserve every <tag> exactly. English reference: Missile weapons damage: <bonWMissile>"	"MicroModuls"	""
"/MicroModuls/482/Text/2"	"Навык обаяния: <bonSkill5>"	"Lang.dat: MicroModuls.482.Text.2. Preserve every <tag> exactly. English reference: Charisma skill: <bonSkill5>"	"MicroModuls"	""
"/MicroModuls/483/Name"	"Корпус ""Ушастик"" IV"	"Lang.dat: MicroModuls.483.Name. Preserve every <tag> exactly. English reference: Dumbo Hull IV"	"MicroModuls"	""
"/MicroModuls/483/Text/0"	"<color=248,252,248>Первая серия, позиционируемая как ""дамский"" тип корабля, ласково называемая ""Ушастиком"" за свой внешний вид. Пускай женщин - пилотесс пока совсем мало, но их наверняка станет больше, если они узнают, что в суровом патриархальном мире их вкусы заинтересовали хоть кого-то. Как ни странно, но серия разработана фэянами.</color>"	"Lang.dat: MicroModuls.483.Text.0. Preserve every <tag> exactly. English reference: <color=248,252,248>The first series designed to be marketed as a ""ladies' ship,"" fondly nicknamed ""Dumbo"" for its appearance. Though female pilots may be a rarity in space at this time, no doubt there'll be more of them once they learn that in this harsh patriarchal world, at least somebody cares about their wants! Strangely enough, the series was developed by the fae.</color>"	"MicroModuls"	""
"/MicroModuls/483/Text/1"	"Сила ракетного оружия: <bonWMissile> ед."	"Lang.dat: MicroModuls.483.Text.1. Preserve every <tag> exactly. English reference: Missile weapons damage: <bonWMissile>"	"MicroModuls"	""
"/MicroModuls/483/Text/2"	"Навык обаяния: <bonSkill5>"	"Lang.dat: MicroModuls.483.Text.2. Preserve every <tag> exactly. English reference: Charisma skill: <bonSkill5>"	"MicroModuls"	""
"/MicroModuls/484/Name"	"Корпус ""Добрейший лякуша"""	"Lang.dat: MicroModuls.484.Name. Preserve every <tag> exactly. English reference: Benevolent Lyakusha Hull"	"MicroModuls"	""
"/MicroModuls/484/Text/0"	"<color=248,252,248>Данный корпус эксклюзивно прокачан известным пеленгским мастером Ицзибитом. Система управления настроена на максимальную атакующую мощь. Точно не подойдет любителям поторговать.</color>"	"Lang.dat: MicroModuls.484.Text.0. Preserve every <tag> exactly. English reference: <color=248,252,248>This hull has been upgraded by renowned peleng master Itzibit. The entire control system is configured for maximum firepower. Definitely not for commerce enthusiasts.</color>."	"MicroModuls"	""
"/MicroModuls/484/Text/1"	"Сила энергетического оружия: <bonWEnergy> ед."	"Lang.dat: MicroModuls.484.Text.1. Preserve every <tag> exactly. English reference: Energy weapons damage: <bonWEnergy>"	"MicroModuls"	""
"/MicroModuls/484/Text/2"	"Сила осколочного оружия: <bonWSplinter> ед."	"Lang.dat: MicroModuls.484.Text.2. Preserve every <tag> exactly. English reference: Fragmentation weapons damage: <bonWSplinter>"	"MicroModuls"	""
"/MicroModuls/484/Text/3"	"Сила ракетного оружия: <bonWMissile> ед."	"Lang.dat: MicroModuls.484.Text.3. Preserve every <tag> exactly. English reference: Missile weapons damage: <bonWMissile>"	"MicroModuls"	""
"/MicroModuls/485/Name"	"Корпус ""Безобиднейший корсар"""	"Lang.dat: MicroModuls.485.Name. Preserve every <tag> exactly. English reference: Pacifist Corsair Hull"	"MicroModuls"	""
"/MicroModuls/485/Text/0"	"<color=248,252,248>Данный корпус эксклюзивно прокачан известным пеленгским мастером Ицзибитом. Вся структура корабля разработана с учетом максимальной защиты. Его минус - это сложные электронные системы управления. Из-за их медлительности и неточности навыки пилота мало на что влияют.</color>"	"Lang.dat: MicroModuls.485.Text.0. Preserve every <tag> exactly. English reference: <color=248,252,248>This hull has been upgraded by renowned peleng master Itzibit. The ship's entire structure is aimed at optimizing its defensive capabilities to the fullest. Its main drawback amounts to overly complicated control systems. Due to their lacking speed and accuracy, the pilot's skills have very little impact.</color>"	"MicroModuls"	""
"/MicroModuls/485/Text/1"	"Броня корпуса: <bonHull> ед."	"Lang.dat: MicroModuls.485.Text.1. Preserve every <tag> exactly. English reference: Hull armor: <bonHull>"	"MicroModuls"	""
"/MicroModuls/485/Text/2"	"Генератор поля: <bonDef> ед."	"Lang.dat: MicroModuls.485.Text.2. Preserve every <tag> exactly. English reference: Shield generator: <bonDef>%"	"MicroModuls"	""
"/MicroModuls/485/Text/3"	"Навык атаки: <bonSkill1>"	"Lang.dat: MicroModuls.485.Text.3. Preserve every <tag> exactly. English reference: Attack skill: <bonSkill1>"	"MicroModuls"	""
"/MicroModuls/485/Text/4"	"Навык техники: <bonSkill3>"	"Lang.dat: MicroModuls.485.Text.4. Preserve every <tag> exactly. English reference: Technology skill: <bonSkill3>"	"MicroModuls"	""
"/MicroModuls/486/Name"	"Корпус ""Честнейший ренегал"""	"Lang.dat: MicroModuls.486.Name. Preserve every <tag> exactly. English reference: Honest Renegal Hull"	"MicroModuls"	""
"/MicroModuls/486/Text/0"	"<color=248,252,248>Данный корпус эксклюзивно прокачан известным пеленгским мастером Ицзибитом. Благодаря инновационной технологии с шестью крыльями, создает вокруг корабля энергетическое поле, уменьшающее массу корабля, усиливающее дальность гиперпрыжка и, как приятный бонус, усиливающее работу захвата. Неприятный бонус в том, что его владельцу никто не дает скидок из зависти.</color>"	"Lang.dat: MicroModuls.486.Text.0. Preserve every <tag> exactly. English reference: <color=248,252,248>This hull has been upgraded by renowned peleng master Itzibit. Thanks to state-of-the-art six-wing technology, it forms an energy field around the ship, which reduces it's mass, boosts hyperjump range and, as a welcome bonus, enhances the gripper's functionality. The unwelcome bonus is that everyone around becomes so green with envy that you can forget about getting a discount on... well, anything.</color>"	"MicroModuls"	""
"/MicroModuls/486/Text/1"	"Дальность прыжка: <bonJump> ед."	"Lang.dat: MicroModuls.486.Text.1. Preserve every <tag> exactly. English reference: Jumping range: <bonJump>"	"MicroModuls"	""
"/MicroModuls/486/Text/2"	"Дальность захвата: <bonHookRadius> ед."	"Lang.dat: MicroModuls.486.Text.2. Preserve every <tag> exactly. English reference: Gripper range: <bonHookRadius>"	"MicroModuls"	""
"/MicroModuls/486/Text/3"	"Масса корабля: <bonMass>%"	"Lang.dat: MicroModuls.486.Text.3. Preserve every <tag> exactly. English reference: Ship mass: <bonMass>%"	"MicroModuls"	""
"/MicroModuls/486/Text/4"	"Навык торговли: <bonSkill4>"	"Lang.dat: MicroModuls.486.Text.4. Preserve every <tag> exactly. English reference: Commerce skill: <bonSkill4>"	"MicroModuls"	""
"/MicroModuls/487/Name"	"Корпус ""Молния"" V"	"Lang.dat: MicroModuls.487.Name. Preserve every <tag> exactly. English reference: Dandy Hull V"	"MicroModuls"	""
"/MicroModuls/487/Text/0"	"<color=248,252,248>Агрессивный внешне спецкорпус, модернизированный в тюнинговой компании ""Дядя Вася и сыновья"", разработан для тех, кто любит путешествовать по галактике, предпочитая торговые операции и правительственные приключения кровопролитным сражениям.</color>"	"Lang.dat: MicroModuls.487.Text.0. Preserve every <tag> exactly. English reference: <color=248,252,248>Modernized by Uncle Jimmy and Sons styling company, this externally and internally elegant special designation hull is for those who love to travel the Galaxy, favoring commercial dealings and diplomatic adventures to bloody battles.</color>"	"MicroModuls"	""
"/MicroModuls/487/Text/1"	"Дальность радара: <bonRadar> ед."	"Lang.dat: MicroModuls.487.Text.1. Preserve every <tag> exactly. English reference: Radar range: <bonRadar>"	"MicroModuls"	""
"/MicroModuls/487/Text/2"	"Дальность прыжка: <bonJump> ед."	"Lang.dat: MicroModuls.487.Text.2. Preserve every <tag> exactly. English reference: Jumping range: <bonJump>"	"MicroModuls"	""
"/MicroModuls/487/Text/3"	"Генератор поля: <bonDef> ед."	"Lang.dat: MicroModuls.487.Text.3. Preserve every <tag> exactly. English reference: Shield generator: <bonDef>%"	"MicroModuls"	""
"/MicroModuls/488/Name"	"Корпус ""Броненосец"" V"	"Lang.dat: MicroModuls.488.Name. Preserve every <tag> exactly. English reference: Ironclad Hull V"	"MicroModuls"	""
"/MicroModuls/488/Text/0"	"<color=248,252,248>Экспериментальный образец корпуса серии ""Броненосец"" нового поколения. Таких корпусов нет в продаже по причине их чрезмерной дороговизны в производстве, но один экземпляр был построен и успешно прошел все испытания. Ни у кого не повернется язык назвать это чудо инженерной мысли ""утюгом"".</color>"	"Lang.dat: MicroModuls.488.Text.0. Preserve every <tag> exactly. English reference: <color=248,252,248>A new generation experimental version of the Ironclad series of hulls. The design never made it to the open market due to extreme manufacturing costs. One unit, however, was fully constructed and even passed all production tests. And no one would ever dare call this engineering wonder a ""press iron.""</color>"	"MicroModuls"	""
"/MicroModuls/488/Text/1"	"Сила энергетического оружия: <bonWEnergy> ед."	"Lang.dat: MicroModuls.488.Text.1. Preserve every <tag> exactly. English reference: Energy weapons damage: <bonWEnergy>"	"MicroModuls"	""
"/MicroModuls/488/Text/2"	"Сила осколочного оружия: <bonWSplinter> ед."	"Lang.dat: MicroModuls.488.Text.2. Preserve every <tag> exactly. English reference: Fragmentation weapons damage: <bonWSplinter>"	"MicroModuls"	""
"/MicroModuls/488/Text/3"	"Генератор поля: <bonDef> ед."	"Lang.dat: MicroModuls.488.Text.3. Preserve every <tag> exactly. English reference: Shield generator: <bonDef>%"	"MicroModuls"	""
"/MicroModuls/488/Text/4"	"Скорость двигателя: <bonSpeed> ед."	"Lang.dat: MicroModuls.488.Text.4. Preserve every <tag> exactly. English reference: Engine speed: <bonSpeed>"	"MicroModuls"	""
"/MicroModuls/488/Text/5"	"Навык маневренности: <bonSkill2>"	"Lang.dat: MicroModuls.488.Text.5. Preserve every <tag> exactly. English reference: Mobility skill: <bonSkill2>"	"MicroModuls"	""
"/MicroModuls/489/Name"	"Корпус ""Ушастик"" V"	"Lang.dat: MicroModuls.489.Name. Preserve every <tag> exactly. English reference: Dumbo Hull V"	"MicroModuls"	""
"/MicroModuls/489/Text/0"	"<color=248,252,248>Данный эксклюзивный корпус получен прямиком из дизайнерского ателье Фаринапини, где его полностью переработали. Кабина пилота убрана в кожу и дерево светлых тонов, в ней есть бар и стереосистема класса hi-hi. Снаружи корпус украшен ювелирными камнями от Свароковски и покрыт слоем специальной защиты, который не позволит всей этой красоте отвалиться при первом же входе в атмосферу.</color>"	"Lang.dat: MicroModuls.489.Text.0. Preserve every <tag> exactly. English reference: <color=248,252,248>This exclusive hull arrived on the market straight from the Farinapini design studio, where it received a full makeover. The cockpit was trimmed with leather and light tone wood flooring. A bar and a hi-hi category stereo sound system were installed. On the surface the hull was ornamented with Swarokok crystals and overlaid with a special defensive coating to prevent all this loveliness from falling off as soon as the ship enters a planet's atmosphere.</color>"	"MicroModuls"	""
"/MicroModuls/489/Text/1"	"Сила ракетного оружия: <bonWMissile> ед."	"Lang.dat: MicroModuls.489.Text.1. Preserve every <tag> exactly. English reference: Missile weapons damage: <bonWMissile>"	"MicroModuls"	""
"/MicroModuls/489/Text/2"	"Навык обаяния: <bonSkill5>"	"Lang.dat: MicroModuls.489.Text.2. Preserve every <tag> exactly. English reference: Charisma skill: <bonSkill5>"	"MicroModuls"	""
"/MicroModuls/490/Name"	"Тень Империи"	"Lang.dat: MicroModuls.490.Name. Preserve every <tag> exactly. English reference: Shadow of the Empire"	"MicroModuls"	""
"/MicroModuls/490/Text/0"	"<color=248,252,248>Современные технологии смогли адаптировать доисторического великана для использования рейнджерами. Тем не менее, внутри периодически раздается странная музыка, напоминающая марш, а боевая мощь этой махины продолжает поражать даже самых прожженных вояк.</color>"	"Lang.dat: MicroModuls.490.Text.0. Preserve every <tag> exactly. English reference: <color=248,252,248>Thanks to modern technologies, this prehistoric giant has been adapted for ranger use. And yet, there's still the occasional outburst of music from within, resembling some kind of march, while the machine's firepower continues to astound even the most hardened of soldiers.</color>"	"MicroModuls"	""
"/MicroModuls/490/Text/1"	"Навык атаки: <bonSkill1>"	"Lang.dat: MicroModuls.490.Text.1. Preserve every <tag> exactly. English reference: Attack skill: <bonSkill1>"	"MicroModuls"	""
"/MicroModuls/490/Text/2"	"Навык маневренности: <bonSkill2>"	"Lang.dat: MicroModuls.490.Text.2. Preserve every <tag> exactly. English reference: Mobility skill: <bonSkill2>"	"MicroModuls"	""
"/MicroModuls/490/Text/3"	"Навык лидерства: <bonSkill6>"	"Lang.dat: MicroModuls.490.Text.3. Preserve every <tag> exactly. English reference: Leadership skill: <bonSkill6>"	"MicroModuls"	""
"/MicroModuls/490/Text/4"	"Навык обаяния: <bonSkill5>"	"Lang.dat: MicroModuls.490.Text.4. Preserve every <tag> exactly. English reference: Charisma skill: <bonSkill5>"	"MicroModuls"	""
"/MicroModuls/490/Text/5"	"Броня корпуса: <bonHull>"	"Lang.dat: MicroModuls.490.Text.5. Preserve every <tag> exactly. English reference: Hull armor: <bonHull>"	"MicroModuls"	""
"/MicroModuls/491/Name"	"Гибридный дроид"	"Lang.dat: MicroModuls.491.Name. Preserve every <tag> exactly. English reference: Hybrid Droid"	"MicroModuls"	""
"/MicroModuls/491/Text/0"	"<color=248,252,248>Изюминка данного дроида в уникальном процессорном блоке, который сканирует все действия пилота, после чего синхронизирует с кораблем уникальные бонусные программы. Он был создан в одном экземпляре и сейчас проходит полевые испытания в спецвойсках Коалиции.</color>"	"Lang.dat: MicroModuls.491.Text.0. Preserve every <tag> exactly. English reference: <color=248,252,248>The highlight of this droid lies in its one-of-a-kind processor, which scans all of the pilot's actions and synchronizes special bonus programs with the ship. Only one copy has been made thus far, which is currently being field tested by the Coalition special forces.</color>"	"MicroModuls"	""
"/MicroModuls/491/Text/1"	"Дальность стрельбы: <bonWRadius> ед."	"Lang.dat: MicroModuls.491.Text.1. Preserve every <tag> exactly. English reference: Firing range: <bonWRadius>"	"MicroModuls"	""
"/MicroModuls/491/Text/2"	"Энергетическое оружие: <bonWEnergy> ед."	"Lang.dat: MicroModuls.491.Text.2. Preserve every <tag> exactly. English reference: Energy weapons damage: <bonWEnergy>"	"MicroModuls"	""
"/MicroModuls/491/Text/3"	"Осколочное оружие: <bonWSplinter> ед."	"Lang.dat: MicroModuls.491.Text.3. Preserve every <tag> exactly. English reference: Fragmentation weapons damage: <bonWSplinter>"	"MicroModuls"	""
"/MicroModuls/491/Text/4"	"Сила ракетного оружия: <bonWMissile> ед."	"Lang.dat: MicroModuls.491.Text.4. Preserve every <tag> exactly. English reference: Missile weapons damage: <bonWMissile>"	"MicroModuls"	""
"/MicroModuls/491/Text/5"	"Дальность прыжка: <bonJump> ед."	"Lang.dat: MicroModuls.491.Text.5. Preserve every <tag> exactly. English reference: Jumping range: <bonJump>"	"MicroModuls"	""
"/MicroModuls/491/Text/6"	"Двигатель: <bonSpeed> скорости."	"Lang.dat: MicroModuls.491.Text.6. Preserve every <tag> exactly. English reference: Engine speed: <bonSpeed>"	"MicroModuls"	""
"/MicroModuls/491/Text/7"	"Броня корпуса: <bonHull> ед."	"Lang.dat: MicroModuls.491.Text.7. Preserve every <tag> exactly. English reference: Hull armor: <bonHull>"	"MicroModuls"	""
"/MicroModuls/491/Text/8"	"Эффективность дроида: <bonDroid> ед."	"Lang.dat: MicroModuls.491.Text.8. Preserve every <tag> exactly. English reference: Droid effectiveness: <bonDroid>"	"MicroModuls"	""
"/MicroModuls/492/Name"	"Гибридный дроид"	"Lang.dat: MicroModuls.492.Name. Preserve every <tag> exactly. English reference: Hybrid Droid"	"MicroModuls"	""
"/MicroModuls/492/Text/0"	"<color=248,252,248>Изюминка данного дроида в уникальном процессорном блоке, который сканирует все действия пилота, после чего синхронизирует с кораблем уникальные бонусные программы. Он был создан в одном экземпляре и сейчас проходит полевые испытания в спецвойсках Коалиции.</color>"	"Lang.dat: MicroModuls.492.Text.0. Preserve every <tag> exactly. English reference: <color=248,252,248>The highlight of this droid lies in its one-of-a-kind processor, which scans all of the pilot's actions and synchronizes special bonus programs with the ship. Only one copy has been made thus far, which is currently being field tested by the Coalition special forces.</color>"	"MicroModuls"	""
"/MicroModuls/492/Text/1"	"Дальность стрельбы: <bonWRadius> ед."	"Lang.dat: MicroModuls.492.Text.1. Preserve every <tag> exactly. English reference: Firing range: <bonWRadius>"	"MicroModuls"	""
"/MicroModuls/492/Text/2"	"Сила энергетического оружия: <bonWEnergy> ед."	"Lang.dat: MicroModuls.492.Text.2. Preserve every <tag> exactly. English reference: Energy weapons damage: <bonWEnergy>"	"MicroModuls"	""
"/MicroModuls/492/Text/3"	"Сила осколочного оружия: <bonWSplinter> ед."	"Lang.dat: MicroModuls.492.Text.3. Preserve every <tag> exactly. English reference: Fragmentation weapons damage: <bonWSplinter>"	"MicroModuls"	""
"/MicroModuls/492/Text/4"	"Сила ракетного оружия: <bonWMissile> ед."	"Lang.dat: MicroModuls.492.Text.4. Preserve every <tag> exactly. English reference: Missile weapons damage: <bonWMissile>"	"MicroModuls"	""
"/MicroModuls/492/Text/5"	"Броня корпуса: <bonHull> ед."	"Lang.dat: MicroModuls.492.Text.5. Preserve every <tag> exactly. English reference: Hull armor: <bonHull>"	"MicroModuls"	""
"/MicroModuls/492/Text/6"	"Эффективность дроида: <bonDroid> ед."	"Lang.dat: MicroModuls.492.Text.6. Preserve every <tag> exactly. English reference: Droid effectiveness: <bonDroid>"	"MicroModuls"	""
"/MicroModuls/493/Name"	"Гибридный дроид"	"Lang.dat: MicroModuls.493.Name. Preserve every <tag> exactly. English reference: Hybrid Droid"	"MicroModuls"	""
"/MicroModuls/493/Text/0"	"<color=248,252,248>Изюминка данного дроида в уникальном процессорном блоке, который сканирует все действия пилота, после чего синхронизирует с кораблем уникальные бонусные программы. Он был создан в одном экземпляре и сейчас проходит полевые испытания в спецвойсках Коалиции.</color>"	"Lang.dat: MicroModuls.493.Text.0. Preserve every <tag> exactly. English reference: <color=248,252,248>The highlight of this droid lies in its one-of-a-kind processor, which scans all of the pilot's actions and synchronizes special bonus programs with the ship. Only one copy has been made thus far, which is currently being field tested by the Coalition special forces.</color>"	"MicroModuls"	""
"/MicroModuls/493/Text/1"	"Дальность стрельбы: <bonWRadius> ед."	"Lang.dat: MicroModuls.493.Text.1. Preserve every <tag> exactly. English reference: Firing range: <bonWRadius>"	"MicroModuls"	""
"/MicroModuls/493/Text/2"	"Сила энергетического оружия: <bonWEnergy> ед."	"Lang.dat: MicroModuls.493.Text.2. Preserve every <tag> exactly. English reference: Energy weapons damage: <bonWEnergy>"	"MicroModuls"	""
"/MicroModuls/493/Text/3"	"Сила осколочного оружия: <bonWSplinter> ед."	"Lang.dat: MicroModuls.493.Text.3. Preserve every <tag> exactly. English reference: Fragmentation weapons damage: <bonWSplinter>"	"MicroModuls"	""
"/MicroModuls/493/Text/4"	"Сила ракетного оружия: <bonWMissile> ед."	"Lang.dat: MicroModuls.493.Text.4. Preserve every <tag> exactly. English reference: Missile weapons damage: <bonWMissile>"	"MicroModuls"	""
"/MicroModuls/493/Text/5"	"Дальность прыжка: <bonJump> ед."	"Lang.dat: MicroModuls.493.Text.5. Preserve every <tag> exactly. English reference: Jumping range: <bonJump>"	"MicroModuls"	""
"/MicroModuls/493/Text/6"	"Скорость двигателя: <bonSpeed> ед."	"Lang.dat: MicroModuls.493.Text.6. Preserve every <tag> exactly. English reference: Engine speed: <bonSpeed>"	"MicroModuls"	""
"/MicroModuls/494/Name"	"Гибридный дроид"	"Lang.dat: MicroModuls.494.Name. Preserve every <tag> exactly. English reference: Hybrid Droid"	"MicroModuls"	""
"/MicroModuls/494/Text/0"	"<color=248,252,248>Изюминка данного дроида в уникальном процессорном блоке, который сканирует все действия пилота, после чего синхронизирует с кораблем уникальные бонусные программы. Он был создан в одном экземпляре и сейчас проходит полевые испытания в спецвойсках Коалиции.</color>"	"Lang.dat: MicroModuls.494.Text.0. Preserve every <tag> exactly. English reference: <color=248,252,248>The highlight of this droid lies in its one-of-a-kind processor, which scans all of the pilot's actions and synchronizes special bonus programs with the ship. Only one copy has been made thus far, which is currently being field tested by the Coalition special forces.</color>"	"MicroModuls"	""
"/MicroModuls/494/Text/1"	"Дальность прыжка: <bonJump> ед."	"Lang.dat: MicroModuls.494.Text.1. Preserve every <tag> exactly. English reference: Jumping range: <bonJump>"	"MicroModuls"	""
"/MicroModuls/494/Text/2"	"Скорость двигателя: <bonSpeed> ед."	"Lang.dat: MicroModuls.494.Text.2. Preserve every <tag> exactly. English reference: Engine speed: <bonSpeed>"	"MicroModuls"	""
"/MicroModuls/494/Text/3"	"Броня корпуса: <bonHull> ед."	"Lang.dat: MicroModuls.494.Text.3. Preserve every <tag> exactly. English reference: Hull armor: <bonHull>"	"MicroModuls"	""
"/MicroModuls/494/Text/4"	"Эффективность дроида: <bonDroid> ед."	"Lang.dat: MicroModuls.494.Text.4. Preserve every <tag> exactly. English reference: Droid effectiveness: <bonDroid>"	"MicroModuls"	""
"/MicroModuls/495/Name"	"Гибридный дроид"	"Lang.dat: MicroModuls.495.Name. Preserve every <tag> exactly. English reference: Hybrid Droid"	"MicroModuls"	""
"/MicroModuls/495/Text/0"	"<color=248,252,248>Изюминка данного дроида в уникальном процессорном блоке, который сканирует все действия пилота, после чего синхронизирует с кораблем уникальные бонусные программы. Он был создан в одном экземпляре и сейчас проходит полевые испытания в спецвойсках Коалиции.</color>"	"Lang.dat: MicroModuls.495.Text.0. Preserve every <tag> exactly. English reference: <color=248,252,248>The highlight of this droid lies in its one-of-a-kind processor, which scans all of the pilot's actions and synchronizes special bonus programs with the ship. Only one copy has been made thus far, which is currently being field tested by the Coalition special forces.</color>"	"MicroModuls"	""
"/MicroModuls/495/Text/1"	"Дальность стрельбы: <bonWRadius> ед."	"Lang.dat: MicroModuls.495.Text.1. Preserve every <tag> exactly. English reference: Firing range: <bonWRadius>"	"MicroModuls"	""
"/MicroModuls/495/Text/2"	"Сила энергетического оружия: <bonWEnergy> ед."	"Lang.dat: MicroModuls.495.Text.2. Preserve every <tag> exactly. English reference: Energy weapons damage: <bonWEnergy>"	"MicroModuls"	""
"/MicroModuls/495/Text/3"	"Сила осколочного оружия: <bonWSplinter> ед."	"Lang.dat: MicroModuls.495.Text.3. Preserve every <tag> exactly. English reference: Fragmentation weapons damage: <bonWSplinter>"	"MicroModuls"	""
"/MicroModuls/495/Text/4"	"Сила ракетного оружия: <bonWMissile> ед."	"Lang.dat: MicroModuls.495.Text.4. Preserve every <tag> exactly. English reference: Missile weapons damage: <bonWMissile>"	"MicroModuls"	""
"/MicroModuls/496/Name"	"Гибридный дроид"	"Lang.dat: MicroModuls.496.Name. Preserve every <tag> exactly. English reference: Hybrid Droid"	"MicroModuls"	""
"/MicroModuls/496/Text/0"	"<color=248,252,248>Изюминка данного дроида в уникальном процессорном блоке, который сканирует все действия пилота, после чего синхронизирует с кораблем уникальные бонусные программы. Он был создан в одном экземпляре и сейчас проходит полевые испытания в спецвойсках Коалиции.</color>"	"Lang.dat: MicroModuls.496.Text.0. Preserve every <tag> exactly. English reference: <color=248,252,248>The highlight of this droid lies in its one-of-a-kind processor, which scans all of the pilot's actions and synchronizes special bonus programs with the ship. Only one copy has been made thus far, which is currently being field tested by the Coalition special forces.</color>"	"MicroModuls"	""
"/MicroModuls/496/Text/1"	"Броня корпуса: <bonHull> ед."	"Lang.dat: MicroModuls.496.Text.1. Preserve every <tag> exactly. English reference: Hull armor: <bonHull>"	"MicroModuls"	""
"/MicroModuls/496/Text/2"	"Эффективность дроида: <bonDroid> ед."	"Lang.dat: MicroModuls.496.Text.2. Preserve every <tag> exactly. English reference: Droid effectiveness: <bonDroid>"	"MicroModuls"	""
"/MicroModuls/497/Name"	"Гибридный дроид"	"Lang.dat: MicroModuls.497.Name. Preserve every <tag> exactly. English reference: Hybrid Droid"	"MicroModuls"	""
"/MicroModuls/497/Text/0"	"<color=248,252,248>Изюминка данного дроида в уникальном процессорном блоке, который сканирует все действия пилота, после чего синхронизирует с кораблем уникальные бонусные программы. Он был создан в одном экземпляре и сейчас проходит полевые испытания в спецвойсках Коалиции.</color>"	"Lang.dat: MicroModuls.497.Text.0. Preserve every <tag> exactly. English reference: <color=248,252,248>The highlight of this droid lies in its one-of-a-kind processor, which scans all of the pilot's actions and synchronizes special bonus programs with the ship. Only one copy has been made thus far, which is currently being field tested by the Coalition special forces.</color>"	"MicroModuls"	""
"/MicroModuls/497/Text/1"	"Дальность прыжка: <bonJump> ед."	"Lang.dat: MicroModuls.497.Text.1. Preserve every <tag> exactly. English reference: Jumping range: <bonJump>"	"MicroModuls"	""
"/MicroModuls/497/Text/2"	"Скорость двигателя: <bonSpeed> ед."	"Lang.dat: MicroModuls.497.Text.2. Preserve every <tag> exactly. English reference: Engine speed: <bonSpeed>"	"MicroModuls"	""
"/MicroModuls/498/Name"	"Акринатор"	"Lang.dat: MicroModuls.498.Name. Preserve every <tag> exactly. English reference: Acrynator"	"MicroModuls"	""
"/MicroModuls/498/Text/0"	"Уникальный микромодуль первого уровня, ручной работы. Новейшая экспериментальная разработка техников Коалиции в области акриновых технологий, создана в единственном экземпляре. Увеличивает все особые эффекты <clr>акринового<clrEnd> оборудования в три раза и нейтрализует все его негативные эффекты. Размер и стоимость оборудования при этом увеличиваются в два раза. Из-за конфликта устаревших разъемов невозможна его установка на корпус."	"Lang.dat: MicroModuls.498.Text.0. Preserve every <tag> exactly. English reference: A one-of-a-kind handmade level one micromodule. The only copy of the latest experimental model from the Coalition engineers in the field of acrynic technologies. Triples all the special effects of <clr>acrynic<clrEnd> equipment and neutralizes all of its negative effects. Size and costs of the equipment are doubling. Cannot be installed on a hull due to a conflict with outdated connectors."	"MicroModuls"	""
"/MicroModuls/498/Text/1"	"Размер: <clr>+100%<clrEnd>"	"Lang.dat: MicroModuls.498.Text.1. Preserve every <tag> exactly. English reference: Size: <clr>+100%<clrEnd>"	"MicroModuls"	""
"/MicroModuls/498/Text/2"	"Стоимость: <clr>+100%<clrEnd>"	"Lang.dat: MicroModuls.498.Text.2. Preserve every <tag> exactly. English reference: Cost: <clr>+100%<clrEnd>"	"MicroModuls"	""
"/MicroModuls/5/Name"	"Поточный"	"Lang.dat: MicroModuls.5.Name. Preserve every <tag> exactly. English reference: Inliner"	"MicroModuls"	""
"/MicroModuls/5/Text/0"	"Микромодуль третьего уровня. Встраивается в поточный блок сканера и позволяет увеличивать спектр принимаемых волн."	"Lang.dat: MicroModuls.5.Text.0. Preserve every <tag> exactly. English reference: Level three micromodule. Built into the scanner's inline module, increases the spectrum of frequencies received."	"MicroModuls"	""
"/MicroModuls/5/Text/1"	"Мощность сканера: <bonScan> ед."	"Lang.dat: MicroModuls.5.Text.1. Preserve every <tag> exactly. English reference: Scanner power: <bonScan>%"	"MicroModuls"	""
"/MicroModuls/500/Name"	"""Дифрод"""	"Lang.dat: MicroModuls.500.Name. Preserve every <tag> exactly. English reference: Diphrode"	"MicroModuls"	""
"/MicroModuls/500/Text/0"	"<color=248,252,248>Серийный комплект модифицированных узлов орудия и программных доработок ""Дифрод"", увеличивающих мощность оружия разных типов.</color><br> <br>"	"Lang.dat: MicroModuls.500.Text.0. Preserve every <tag> exactly. English reference: <color=248,252,248>A Diphrode series kit of modified weapons bundles and software mods, boosting the firepower of various weapon types.</color><br> <br>"	"MicroModuls"	""
"/MicroModuls/500/Text/1"	"Бонус к урону: <clr>15%<clrEnd>"	"Lang.dat: MicroModuls.500.Text.1. Preserve every <tag> exactly. English reference: Bonus to damage: <clr>15%<clrEnd>"	"MicroModuls"	""
"/MicroModuls/500/Text/2"	"Мощность сканера: <bonScan> ед."	"Lang.dat: MicroModuls.500.Text.2. Preserve every <tag> exactly. English reference: Scanner power: <bonScan>"	"MicroModuls"	""
"/MicroModuls/500/Text/3"	"(необходимо превышение мощности сканера над защитой цели)"	"Lang.dat: MicroModuls.500.Text.3. Preserve every <tag> exactly. English reference: (scanner power must exceed target's defense)"	"MicroModuls"	""
"/MicroModuls/501/Name"	"""Лифокар"""	"Lang.dat: MicroModuls.501.Name. Preserve every <tag> exactly. English reference: Liphocarus"	"MicroModuls"	""
"/MicroModuls/501/Text/0"	"<color=248,252,248>Модернизированное по проекту ""Лифокар"" вооружение наносит дополнительный урон поврежденным целям, используя механизм последовательной сверхточной стрельбы в пробоины корпуса.</color><br> <br>"	"Lang.dat: MicroModuls.501.Text.0. Preserve every <tag> exactly. English reference: <color=248,252,248>A modernized version of the Liphocarus project, this armament deals additional damage to already damaged targets, utilizing a mechanism of super-accurate repeated fire into the hull's holes.</color><br> <br>"	"MicroModuls"	""
"/MicroModuls/501/Text/1"	"Бонус к урону: до <clr>33%<clrEnd>"	"Lang.dat: MicroModuls.501.Text.1. Preserve every <tag> exactly. English reference: Bonus to damage: up to <clr>33%<clrEnd>"	"MicroModuls"	""
"/MicroModuls/501/Text/2"	"Мощность сканера: <bonScan> ед."	"Lang.dat: MicroModuls.501.Text.2. Preserve every <tag> exactly. English reference: Scanner power: <bonScan>."	"MicroModuls"	""
"/MicroModuls/501/Text/3"	"(необходимо превышение мощности сканера над защитой цели)"	"Lang.dat: MicroModuls.501.Text.3. Preserve every <tag> exactly. English reference: (scanner power must exceed target's defense)"	"MicroModuls"	""
"/MicroModuls/502/Name"	"""Адроптер"""	"Lang.dat: MicroModuls.502.Name. Preserve every <tag> exactly. English reference: Adropter"	"MicroModuls"	""
"/MicroModuls/502/Text/0"	"<color=248,252,248>Оружие с комплексом дополнительного оборудования ""Адроптер"" работает по принципу Локализатора взрывной волны. Пиратская технология далека от совершенства, но всё же повышает вероятность сохранения ценных трофеев после уничтожения вражеского корабля.</color><br> <br>"	"Lang.dat: MicroModuls.502.Text.0. Preserve every <tag> exactly. English reference: <color=248,252,248>Adropter comes with a kit of supplemental equipment and utilizes the blast wave localizer method. The pirate technology is far from perfect, but it still increases the chance of preserving valuable trophies after the enemy ship is destroyed. </color><br> <br>"	"MicroModuls"	""
"/MicroModuls/502/Text/1"	"Мощность сканера: <bonScan> ед."	"Lang.dat: MicroModuls.502.Text.1. Preserve every <tag> exactly. English reference: Scanner power: <bonScan>."	"MicroModuls"	""
"/MicroModuls/502/Text/2"	"(необходимо превышение мощности сканера над защитой цели)"	"Lang.dat: MicroModuls.502.Text.2. Preserve every <tag> exactly. English reference: (scanner power must exceed target's defense)"	"MicroModuls"	""
"/MicroModuls/503/Name"	"""Стилермейн"""	"Lang.dat: MicroModuls.503.Name. Preserve every <tag> exactly. English reference: Stylermain"	"MicroModuls"	""
"/MicroModuls/503/Text/0"	"<color=248,252,248>""Стилермейн"" - модификация, монтируемая на корпусе орудийной установки. Во время боя она пытается одновременно со стрельбой транслировать в центральную систему управления вражеского корабля аварийную команду на сброс груза. Вероятность срабатывания относительно невелика, однако это может дать пилоту тактическое преимущество в бою и возможность поживиться добычей.</color><br> <br>"	"Lang.dat: MicroModuls.503.Text.0. Preserve every <tag> exactly. English reference: <color=248,252,248>Stylermain is a modification that's installed on a gun mount. During combat, besides regular fire it attempts to transmit an emergency signal to the enemy ship's central control system with a command to dump its cargo. The success rate is relatively low, but it may occasionally give the pilot a tactical advantage in battle and a shot at some easy loot.</color><br> <br>"	"MicroModuls"	""
"/MicroModuls/503/Text/1"	"Шанс сброса товаров из трюма: <clr>5%<clrEnd>"	"Lang.dat: MicroModuls.503.Text.1. Preserve every <tag> exactly. English reference: Probability of goods being dumped from the cargo bay: <clr>5%<clrEnd>"	"MicroModuls"	""
"/MicroModuls/503/Text/2"	"Мощность сканера: <bonScan> ед."	"Lang.dat: MicroModuls.503.Text.2. Preserve every <tag> exactly. English reference: Scanner power: <bonScan>."	"MicroModuls"	""
"/MicroModuls/503/Text/3"	"(необходимо превышение мощности сканера над защитой цели)"	"Lang.dat: MicroModuls.503.Text.3. Preserve every <tag> exactly. English reference: (scanner power must exceed target's defense)"	"MicroModuls"	""
"/MicroModuls/504/Name"	"""Джавитор"""	"Lang.dat: MicroModuls.504.Name. Preserve every <tag> exactly. English reference: Javitor"	"MicroModuls"	""
"/MicroModuls/504/Text/0"	"<color=248,252,248>Модифицированное для прицельного отстрела ремонтных роботов, вооружение в варианте ""Джавитор"" позволяет вести огонь по траектории движения дроида, тем самым получая шанс блокировать вражескому кораблю проведение ремонта в ходе битвы.</color><br> <br>"	"Lang.dat: MicroModuls.504.Text.0. Preserve every <tag> exactly. English reference: <color=248,252,248>Modified for precision targeting of repair droids, the Javitor weapon model concentrates fire along the droid's trajectory, thus increasing the chance to block the enemy ship's attempts at repair during combat.</color><br> <br>"	"MicroModuls"	""
"/MicroModuls/504/Text/1"	"Шанс блокировки <clr>дроида<clrEnd> обратно пропорционален размеру корпуса цели"	"Lang.dat: MicroModuls.504.Text.1. Preserve every <tag> exactly. English reference: The chance to block a <clr>droid<clrEnd> is inversely proportional to the target's hull size"	"MicroModuls"	""
"/MicroModuls/504/Text/2"	"Мощность сканера: <bonScan> ед."	"Lang.dat: MicroModuls.504.Text.2. Preserve every <tag> exactly. English reference: Scanner power: <bonScan>."	"MicroModuls"	""
"/MicroModuls/504/Text/3"	"(необходимо превышение мощности сканера над защитой цели)"	"Lang.dat: MicroModuls.504.Text.3. Preserve every <tag> exactly. English reference: (scanner power must exceed target's defense)"	"MicroModuls"	""
"/MicroModuls/505/Name"	"""Инвейтер"""	"Lang.dat: MicroModuls.505.Name. Preserve every <tag> exactly. English reference: Inveiter"	"MicroModuls"	""
"/MicroModuls/505/Text/0"	"<color=248,252,248>Оружие версии ""Инвейтер"" параллельно с обычным действием подавляет работу системы зажигания цели, повреждая при этом ее <clr>двигатель<clrEnd>.</color><br> <br>"	"Lang.dat: MicroModuls.505.Text.0. Preserve every <tag> exactly. English reference: <color=248,252,248>In addition to the weapon's regular function, the Inveiter modified version suppresses the enemy ship's ignition system, damaging its <clr>engine<clrEnd> in the process.</color><br> <br>"	"MicroModuls"	""
"/MicroModuls/505/Text/1"	"Мощность сканера: <bonScan> ед."	"Lang.dat: MicroModuls.505.Text.1. Preserve every <tag> exactly. English reference: Scanner power: <bonScan>."	"MicroModuls"	""
"/MicroModuls/505/Text/2"	"(необходимо превышение мощности сканера над защитой цели)"	"Lang.dat: MicroModuls.505.Text.2. Preserve every <tag> exactly. English reference: (scanner power must exceed target's defense)"	"MicroModuls"	""
"/MicroModuls/506/Name"	"""Дифрод"""	"Lang.dat: MicroModuls.506.Name. Preserve every <tag> exactly. English reference: Diphrode"	"MicroModuls"	""
"/MicroModuls/506/Text/0"	"<color=248,252,248>Серийный комплект модифицированных узлов орудия и программных доработок ""Дифрод"", увеличивающих мощность оружия разных типов.</color><br> <br>"	"Lang.dat: MicroModuls.506.Text.0. Preserve every <tag> exactly. English reference: <color=248,252,248>A Diphrode series kit of modified weapons bundles and software mods, boosting the firepower of various weapon types.</color><br> <br>"	"MicroModuls"	""
"/MicroModuls/506/Text/1"	"Бонус к урону: <clr>15%<clrEnd>"	"Lang.dat: MicroModuls.506.Text.1. Preserve every <tag> exactly. English reference: Bonus to damage: <clr>15%<clrEnd>"	"MicroModuls"	""
"/MicroModuls/506/Text/2"	"Мощность сканера: <bonScan> ед."	"Lang.dat: MicroModuls.506.Text.2. Preserve every <tag> exactly. English reference: Scanner power: <bonScan>."	"MicroModuls"	""
"/MicroModuls/506/Text/3"	"(необходимо превышение мощности сканера над защитой цели)"	"Lang.dat: MicroModuls.506.Text.3. Preserve every <tag> exactly. English reference: (scanner power must exceed target's defense)"	"MicroModuls"	""
"/MicroModuls/507/Name"	"""Лифокар"""	"Lang.dat: MicroModuls.507.Name. Preserve every <tag> exactly. English reference: Liphocarus"	"MicroModuls"	""
"/MicroModuls/507/Text/0"	"<color=248,252,248>Модернизированное по проекту ""Лифокар"" вооружение наносит дополнительный урон поврежденным целям, используя механизм последовательной сверхточной стрельбы в пробоины корпуса.</color><br> <br>"	"Lang.dat: MicroModuls.507.Text.0. Preserve every <tag> exactly. English reference: <color=248,252,248>A modernized version of the Liphocarus project, this armament deals additional damage to already damaged targets, utilizing a mechanism of super-accurate repeated fire into the hull's holes.</color><br> <br>"	"MicroModuls"	""
"/MicroModuls/507/Text/1"	"Бонус к урону: до <clr>33%<clrEnd>"	"Lang.dat: MicroModuls.507.Text.1. Preserve every <tag> exactly. English reference: Bonus to damage: up to <clr>33%<clrEnd>"	"MicroModuls"	""
"/MicroModuls/507/Text/2"	"Мощность сканера: <bonScan> ед."	"Lang.dat: MicroModuls.507.Text.2. Preserve every <tag> exactly. English reference: Scanner power: <bonScan>."	"MicroModuls"	""
"/MicroModuls/507/Text/3"	"(необходимо превышение мощности сканера над защитой цели)"	"Lang.dat: MicroModuls.507.Text.3. Preserve every <tag> exactly. English reference: (scanner power must exceed target's defense)"	"MicroModuls"	""
"/MicroModuls/508/Name"	"""Джавитор"""	"Lang.dat: MicroModuls.508.Name. Preserve every <tag> exactly. English reference: Javitor"	"MicroModuls"	""
"/MicroModuls/508/Text/0"	"<color=248,252,248>Модифицированное для прицельного отстрела ремонтных роботов, вооружение в варианте ""Джавитор"" позволяет вести огонь по траектории движения дроида, тем самым получая шанс блокировать вражескому кораблю проведение ремонта в ходе битвы.</color><br> <br>"	"Lang.dat: MicroModuls.508.Text.0. Preserve every <tag> exactly. English reference: <color=248,252,248>Modified for precision targeting of repair droids, the Javitor weapon model concentrates fire along the droid's trajectory, thus increasing the chance to block the enemy ship's attempts at repair during combat.</color><br> <br>"	"MicroModuls"	""
"/MicroModuls/508/Text/1"	"Шанс блокировки <clr>дроида<clrEnd> обратно пропорционален размеру корпуса цели"	"Lang.dat: MicroModuls.508.Text.1. Preserve every <tag> exactly. English reference: The chance to block a <clr>droid<clrEnd> is inversely proportional to the target's hull size"	"MicroModuls"	""
"/MicroModuls/508/Text/2"	"Мощность сканера: <bonScan> ед."	"Lang.dat: MicroModuls.508.Text.2. Preserve every <tag> exactly. English reference: Scanner power: <bonScan>."	"MicroModuls"	""
"/MicroModuls/508/Text/3"	"(необходимо превышение мощности сканера над защитой цели)"	"Lang.dat: MicroModuls.508.Text.3. Preserve every <tag> exactly. English reference: (scanner power must exceed target's defense)"	"MicroModuls"	""
"/MicroModuls/509/Name"	"""Армолок"""	"Lang.dat: MicroModuls.509.Name. Preserve every <tag> exactly. English reference: Armoloc"	"MicroModuls"	""
"/MicroModuls/509/Text/0"	"<color=248,252,248>Оружие модификации ""Армолок"" может высокоточными выстрелами выводить из строя концентратор каналов управления вооружением цели, на некоторое время отнимая у противника способность вести ответный огонь.</color><br> <br>"	"Lang.dat: MicroModuls.509.Text.0. Preserve every <tag> exactly. English reference: <color=248,252,248>The Armoloc modified weapon model fires high-precision rounds capable of disabling the target's weapons systems control hub, temporarily blocking the enemy's ability to return fire.</color><br> <br>"	"MicroModuls"	""
"/MicroModuls/509/Text/1"	"Шанс блокировки <clr>вооружения<clrEnd> обратно пропорционален размеру корпуса цели"	"Lang.dat: MicroModuls.509.Text.1. Preserve every <tag> exactly. English reference: The chance to block <clr>weapons<clrEnd> is inversely proportional to the target's hull size"	"MicroModuls"	""
"/MicroModuls/509/Text/2"	"Мощность сканера: <bonScan> ед."	"Lang.dat: MicroModuls.509.Text.2. Preserve every <tag> exactly. English reference: Scanner power: <bonScan>."	"MicroModuls"	""
"/MicroModuls/509/Text/3"	"(необходимо превышение мощности сканера над защитой цели)"	"Lang.dat: MicroModuls.509.Text.3. Preserve every <tag> exactly. English reference: (scanner power must exceed target's defense)"	"MicroModuls"	""
"/MicroModuls/510/Name"	"""Дифрод"""	"Lang.dat: MicroModuls.510.Name. Preserve every <tag> exactly. English reference: Diphrode"	"MicroModuls"	""
"/MicroModuls/510/Text/0"	"<color=248,252,248>Серийный комплект модифицированных узлов орудия и программных доработок ""Дифрод"", увеличивающих мощность оружия разных типов.</color><br> <br>"	"Lang.dat: MicroModuls.510.Text.0. Preserve every <tag> exactly. English reference: <color=248,252,248>A Diphrode series kit of modified weapons bundles and software mods, boosting the firepower of various weapon types.</color><br> <br>"	"MicroModuls"	""
"/MicroModuls/510/Text/1"	"Бонус к урону: <clr>15%<clrEnd>"	"Lang.dat: MicroModuls.510.Text.1. Preserve every <tag> exactly. English reference: Bonus to damage: <clr>15%<clrEnd>"	"MicroModuls"	""
"/MicroModuls/510/Text/2"	"Мощность сканера: <bonScan> ед."	"Lang.dat: MicroModuls.510.Text.2. Preserve every <tag> exactly. English reference: Scanner power: <bonScan>."	"MicroModuls"	""
"/MicroModuls/510/Text/3"	"(необходимо превышение мощности сканера над защитой цели)"	"Lang.dat: MicroModuls.510.Text.3. Preserve every <tag> exactly. English reference: (scanner power must exceed target's defense)"	"MicroModuls"	""
"/MicroModuls/511/Name"	"""Лифокар"""	"Lang.dat: MicroModuls.511.Name. Preserve every <tag> exactly. English reference: Liphocarus"	"MicroModuls"	""
"/MicroModuls/511/Text/0"	"<color=248,252,248>Модернизированное по проекту ""Лифокар"" вооружение наносит дополнительный урон поврежденным целям, используя механизм последовательной сверхточной стрельбы в пробоины корпуса.</color><br> <br>"	"Lang.dat: MicroModuls.511.Text.0. Preserve every <tag> exactly. English reference: <color=248,252,248>A modernized version of the Liphocarus project, this armament deals additional damage to already damaged targets, utilizing a mechanism of super-accurate repeated fire into the hull's holes.</color><br> <br>"	"MicroModuls"	""
"/MicroModuls/511/Text/1"	"Бонус к урону: до <clr>33%<clrEnd>"	"Lang.dat: MicroModuls.511.Text.1. Preserve every <tag> exactly. English reference: Bonus to damage: up to <clr>33%<clrEnd>"	"MicroModuls"	""
"/MicroModuls/511/Text/2"	"Мощность сканера: <bonScan> ед."	"Lang.dat: MicroModuls.511.Text.2. Preserve every <tag> exactly. English reference: Scanner power: <bonScan>."	"MicroModuls"	""
"/MicroModuls/511/Text/3"	"(необходимо превышение мощности сканера над защитой цели)"	"Lang.dat: MicroModuls.511.Text.3. Preserve every <tag> exactly. English reference: (scanner power must exceed target's defense)"	"MicroModuls"	""
"/MicroModuls/512/Name"	"""Адроптер"""	"Lang.dat: MicroModuls.512.Name. Preserve every <tag> exactly. English reference: Adropter"	"MicroModuls"	""
"/MicroModuls/512/Text/0"	"<color=248,252,248>Оружие с комплексом дополнительного оборудования ""Адроптер"" работает по принципу Локализатора взрывной волны. Пиратская технология далека от совершенства, но всё же повышает вероятность сохранения ценных трофеев после уничтожения вражеского корабля.</color><br> <br>"	"Lang.dat: MicroModuls.512.Text.0. Preserve every <tag> exactly. English reference: <color=248,252,248>Adropter comes with a kit of supplemental equipment and utilizes the blast wave localizer method. The pirate technology is far from perfect, but it still increases the chance of preserving valuable trophies after the enemy ship is destroyed. </color><br> <br>"	"MicroModuls"	""
"/MicroModuls/512/Text/1"	"Мощность сканера: <bonScan> ед."	"Lang.dat: MicroModuls.512.Text.1. Preserve every <tag> exactly. English reference: Scanner power: <bonScan>."	"MicroModuls"	""
"/MicroModuls/512/Text/2"	"(необходимо превышение мощности сканера над защитой цели)"	"Lang.dat: MicroModuls.512.Text.2. Preserve every <tag> exactly. English reference: (scanner power must exceed target's defense)"	"MicroModuls"	""
"/MicroModuls/513/Name"	"""Инвейтер"""	"Lang.dat: MicroModuls.513.Name. Preserve every <tag> exactly. English reference: Inveiter"	"MicroModuls"	""
"/MicroModuls/513/Text/0"	"<color=248,252,248>Оружие версии ""Инвейтер"" параллельно с обычным действием подавляет работу системы зажигания цели, повреждая при этом ее <clr>двигатель<clrEnd>.</color><br> <br>"	"Lang.dat: MicroModuls.513.Text.0. Preserve every <tag> exactly. English reference: <color=248,252,248>In addition to the weapon's regular function, the Inveiter modified version suppresses the enemy ship's ignition system, damaging its <clr>engine<clrEnd> in the process.</color><br> <br>"	"MicroModuls"	""
"/MicroModuls/513/Text/1"	"Мощность сканера: <bonScan> ед."	"Lang.dat: MicroModuls.513.Text.1. Preserve every <tag> exactly. English reference: Scanner power: <bonScan>."	"MicroModuls"	""
"/MicroModuls/513/Text/2"	"(необходимо превышение мощности сканера над защитой цели)"	"Lang.dat: MicroModuls.513.Text.2. Preserve every <tag> exactly. English reference: (scanner power must exceed target's defense)"	"MicroModuls"	""
"/MicroModuls/514/Name"	"""Армолок"""	"Lang.dat: MicroModuls.514.Name. Preserve every <tag> exactly. English reference: Armoloc"	"MicroModuls"	""
"/MicroModuls/514/Text/0"	"<color=248,252,248>Оружие модификации ""Армолок"" может высокоточными выстрелами выводить из строя концентратор каналов управления вооружением цели, на некоторое время отнимая у противника способность вести ответный огонь.</color><br> <br>"	"Lang.dat: MicroModuls.514.Text.0. Preserve every <tag> exactly. English reference: <color=248,252,248>The Armoloc modified weapon model fires high-precision rounds capable of disabling the target's weapons systems control hub, temporarily blocking the enemy's ability to return fire.</color><br> <br>"	"MicroModuls"	""
"/MicroModuls/514/Text/1"	"Шанс блокировки <clr>вооружения<clrEnd> обратно пропорционален размеру корпуса цели"	"Lang.dat: MicroModuls.514.Text.1. Preserve every <tag> exactly. English reference: The chance to block <clr>weapons<clrEnd> is inversely proportional to the target's hull size"	"MicroModuls"	""
"/MicroModuls/514/Text/2"	"Мощность сканера: <bonScan> ед."	"Lang.dat: MicroModuls.514.Text.2. Preserve every <tag> exactly. English reference: Scanner power: <bonScan>."	"MicroModuls"	""
"/MicroModuls/514/Text/3"	"(необходимо превышение мощности сканера над защитой цели)"	"Lang.dat: MicroModuls.514.Text.3. Preserve every <tag> exactly. English reference: (scanner power must exceed target's defense)"	"MicroModuls"	""
"/MicroModuls/515/Name"	"""Адроптер"""	"Lang.dat: MicroModuls.515.Name. Preserve every <tag> exactly. English reference: Adropter"	"MicroModuls"	""
"/MicroModuls/515/Text/0"	"<color=248,252,248>Оружие с комплексом дополнительного оборудования ""Адроптер"" работает по принципу Локализатора взрывной волны. Пиратская технология далека от совершенства, но всё же повышает вероятность сохранения ценных трофеев после уничтожения вражеского корабля.</color><br> <br>"	"Lang.dat: MicroModuls.515.Text.0. Preserve every <tag> exactly. English reference: <color=248,252,248>Adropter comes with a kit of supplemental equipment and utilizes the blast wave localizer method. The pirate technology is far from perfect, but it still increases the chance of preserving valuable trophies after the enemy ship is destroyed. </color><br> <br>"	"MicroModuls"	""
"/MicroModuls/515/Text/1"	"Мощность сканера: <bonScan> ед."	"Lang.dat: MicroModuls.515.Text.1. Preserve every <tag> exactly. English reference: Scanner power: <bonScan>."	"MicroModuls"	""
"/MicroModuls/515/Text/2"	"(необходимо превышение мощности сканера над защитой цели)"	"Lang.dat: MicroModuls.515.Text.2. Preserve every <tag> exactly. English reference: (scanner power must exceed target's defense)"	"MicroModuls"	""
"/MicroModuls/516/Name"	"""Стилермейн"""	"Lang.dat: MicroModuls.516.Name. Preserve every <tag> exactly. English reference: Stylermain"	"MicroModuls"	""
"/MicroModuls/516/Text/0"	"<color=248,252,248>""Стилермейн"" - модификация, монтируемая на корпусе орудийной установки. Во время боя она пытается одновременно со стрельбой транслировать в центральную систему управления вражеского корабля аварийную команду на сброс груза. Вероятность срабатывания относительно невелика, однако это может дать пилоту тактическое преимущество в бою и возможность поживиться добычей.</color><br> <br>"	"Lang.dat: MicroModuls.516.Text.0. Preserve every <tag> exactly. English reference: <color=248,252,248>Stylermain is a modification that's installed on a gun mount. During combat, besides regular fire it attempts to transmit an emergency signal to the enemy ship's central control system with a command to dump its cargo. The success rate is relatively low, but it may occasionally give the pilot a tactical advantage in battle and a shot at some easy loot.</color><br> <br>"	"MicroModuls"	""
"/MicroModuls/516/Text/1"	"Шанс сброса товаров из трюма: <clr>5%<clrEnd>"	"Lang.dat: MicroModuls.516.Text.1. Preserve every <tag> exactly. English reference: Probability of goods being dumped from the cargo bay: <clr>5%<clrEnd>"	"MicroModuls"	""
"/MicroModuls/516/Text/2"	"Мощность сканера: <bonScan> ед."	"Lang.dat: MicroModuls.516.Text.2. Preserve every <tag> exactly. English reference: Scanner power: <bonScan>."	"MicroModuls"	""
"/MicroModuls/516/Text/3"	"(необходимо превышение мощности сканера над защитой цели)"	"Lang.dat: MicroModuls.516.Text.3. Preserve every <tag> exactly. English reference: (scanner power must exceed target's defense)"	"MicroModuls"	""
"/MicroModuls/517/Name"	"""Армолок"""	"Lang.dat: MicroModuls.517.Name. Preserve every <tag> exactly. English reference: Armoloc"	"MicroModuls"	""
"/MicroModuls/517/Text/0"	"<color=248,252,248>Оружие модификации ""Армолок"" может высокоточными выстрелами выводить из строя концентратор каналов управления вооружением цели, на некоторое время отнимая у противника способность вести ответный огонь.</color><br> <br>"	"Lang.dat: MicroModuls.517.Text.0. Preserve every <tag> exactly. English reference: <color=248,252,248>The Armoloc modified weapon model fires high-precision rounds capable of disabling the target's weapons systems control hub, temporarily blocking the enemy's ability to return fire.</color><br> <br>"	"MicroModuls"	""
"/MicroModuls/517/Text/1"	"Шанс блокировки <clr>вооружения<clrEnd> обратно пропорционален размеру корпуса цели"	"Lang.dat: MicroModuls.517.Text.1. Preserve every <tag> exactly. English reference: The chance to block <clr>weapons<clrEnd> is inversely proportional to the target's hull size"	"MicroModuls"	""
"/MicroModuls/517/Text/2"	"Мощность сканера: <bonScan> ед."	"Lang.dat: MicroModuls.517.Text.2. Preserve every <tag> exactly. English reference: Scanner power: <bonScan>."	"MicroModuls"	""
"/MicroModuls/517/Text/3"	"(необходимо превышение мощности сканера над защитой цели)"	"Lang.dat: MicroModuls.517.Text.3. Preserve every <tag> exactly. English reference: (scanner power must exceed target's defense)"	"MicroModuls"	""
"/MicroModuls/518/Name"	"""Джавитор"""	"Lang.dat: MicroModuls.518.Name. Preserve every <tag> exactly. English reference: Javitor"	"MicroModuls"	""
"/MicroModuls/518/Text/0"	"<color=248,252,248>Модифицированное для прицельного отстрела ремонтных роботов, вооружение в варианте ""Джавитор"" позволяет вести огонь по траектории движения дроида, тем самым получая шанс блокировать вражескому кораблю проведение ремонта в ходе битвы.</color><br> <br>"	"Lang.dat: MicroModuls.518.Text.0. Preserve every <tag> exactly. English reference: <color=248,252,248>Modified for precision targeting of repair droids, the Javitor weapon model concentrates fire along the droid's trajectory, thus increasing the chance to block the enemy ship's attempts at repair during combat.</color><br> <br>"	"MicroModuls"	""
"/MicroModuls/518/Text/1"	"Шанс блокировки <clr>дроида<clrEnd> обратно пропорционален размеру корпуса цели"	"Lang.dat: MicroModuls.518.Text.1. Preserve every <tag> exactly. English reference: The chance to block a <clr>droid<clrEnd> is inversely proportional to the target's hull size"	"MicroModuls"	""
"/MicroModuls/518/Text/2"	"Мощность сканера: <bonScan> ед."	"Lang.dat: MicroModuls.518.Text.2. Preserve every <tag> exactly. English reference: Scanner power: <bonScan>."	"MicroModuls"	""
"/MicroModuls/518/Text/3"	"(необходимо превышение мощности сканера над защитой цели)"	"Lang.dat: MicroModuls.518.Text.3. Preserve every <tag> exactly. English reference: (scanner power must exceed target's defense)"	"MicroModuls"	""
"/MicroModuls/519/Name"	"""Стилермейн"""	"Lang.dat: MicroModuls.519.Name. Preserve every <tag> exactly. English reference: Stylermain"	"MicroModuls"	""
"/MicroModuls/519/Text/0"	"<color=248,252,248>""Стилермейн"" - модификация, монтируемая на корпусе орудийной установки. Во время боя она пытается одновременно со стрельбой транслировать в центральную систему управления вражеского корабля аварийную команду на сброс груза. Вероятность срабатывания относительно невелика, однако это может дать пилоту тактическое преимущество в бою и возможность поживиться добычей.</color><br> <br>"	"Lang.dat: MicroModuls.519.Text.0. Preserve every <tag> exactly. English reference: <color=248,252,248>Stylermain is a modification that's installed on a gun mount. During combat, besides regular fire it attempts to transmit an emergency signal to the enemy ship's central control system with a command to dump its cargo. The success rate is relatively low, but it may occasionally give the pilot a tactical advantage in battle and a shot at some easy loot.</color><br> <br>"	"MicroModuls"	""
"/MicroModuls/519/Text/1"	"Шанс сброса товаров из трюма: <clr>5%<clrEnd>"	"Lang.dat: MicroModuls.519.Text.1. Preserve every <tag> exactly. English reference: Probability of goods being dumped from the cargo bay: <clr>5%<clrEnd>"	"MicroModuls"	""
"/MicroModuls/519/Text/2"	"Мощность сканера: <bonScan> ед."	"Lang.dat: MicroModuls.519.Text.2. Preserve every <tag> exactly. English reference: Scanner power: <bonScan>."	"MicroModuls"	""
"/MicroModuls/519/Text/3"	"(необходимо превышение мощности сканера над защитой цели)"	"Lang.dat: MicroModuls.519.Text.3. Preserve every <tag> exactly. English reference: (scanner power must exceed target's defense)"	"MicroModuls"	""
"/MicroModuls/520/Name"	"""Дифрод"""	"Lang.dat: MicroModuls.520.Name. Preserve every <tag> exactly. English reference: Diphrode"	"MicroModuls"	""
"/MicroModuls/520/Text/0"	"<color=248,252,248>Серийный комплект модифицированных узлов орудия и программных доработок ""Дифрод"", увеличивающих мощность оружия разных типов.</color><br> <br>"	"Lang.dat: MicroModuls.520.Text.0. Preserve every <tag> exactly. English reference: <color=248,252,248>A Diphrode series kit of modified weapons bundles and software mods, boosting the firepower of various weapon types.</color><br> <br>"	"MicroModuls"	""
"/MicroModuls/520/Text/1"	"Бонус к урону: <clr>15%<clrEnd>"	"Lang.dat: MicroModuls.520.Text.1. Preserve every <tag> exactly. English reference: Bonus to damage: <clr>15%<clrEnd>"	"MicroModuls"	""
"/MicroModuls/520/Text/2"	"Мощность сканера: <bonScan> ед."	"Lang.dat: MicroModuls.520.Text.2. Preserve every <tag> exactly. English reference: Scanner power: <bonScan>."	"MicroModuls"	""
"/MicroModuls/520/Text/3"	"(необходимо превышение мощности сканера над защитой цели)"	"Lang.dat: MicroModuls.520.Text.3. Preserve every <tag> exactly. English reference: (scanner power must exceed target's defense)"	"MicroModuls"	""
"/MicroModuls/521/Name"	"""Армолок"""	"Lang.dat: MicroModuls.521.Name. Preserve every <tag> exactly. English reference: Armoloc"	"MicroModuls"	""
"/MicroModuls/521/Text/0"	"<color=248,252,248>Оружие модификации ""Армолок"" может высокоточными выстрелами выводить из строя концентратор каналов управления вооружением цели, на некоторое время отнимая у противника способность вести ответный огонь.</color><br> <br>"	"Lang.dat: MicroModuls.521.Text.0. Preserve every <tag> exactly. English reference: <color=248,252,248>The Armoloc modified weapon model fires high-precision rounds capable of disabling the target's weapons systems control hub, temporarily blocking the enemy's ability to return fire.</color><br> <br>"	"MicroModuls"	""
"/MicroModuls/521/Text/1"	"Шанс блокировки <clr>вооружения<clrEnd> обратно пропорционален размеру корпуса цели"	"Lang.dat: MicroModuls.521.Text.1. Preserve every <tag> exactly. English reference: The chance to block <clr>weapons<clrEnd> is inversely proportional to the target's hull size"	"MicroModuls"	""
"/MicroModuls/521/Text/2"	"Мощность сканера: <bonScan> ед."	"Lang.dat: MicroModuls.521.Text.2. Preserve every <tag> exactly. English reference: Scanner power: <bonScan>."	"MicroModuls"	""
"/MicroModuls/521/Text/3"	"(необходимо превышение мощности сканера над защитой цели)"	"Lang.dat: MicroModuls.521.Text.3. Preserve every <tag> exactly. English reference: (scanner power must exceed target's defense)"	"MicroModuls"	""
"/MicroModuls/522/Name"	"""Джавитор"""	"Lang.dat: MicroModuls.522.Name. Preserve every <tag> exactly. English reference: Javitor"	"MicroModuls"	""
"/MicroModuls/522/Text/0"	"<color=248,252,248>Модифицированное для прицельного отстрела ремонтных роботов, вооружение в варианте ""Джавитор"" позволяет вести огонь по траектории движения дроида, тем самым получая шанс блокировать вражескому кораблю проведение ремонта в ходе битвы.</color><br> <br>"	"Lang.dat: MicroModuls.522.Text.0. Preserve every <tag> exactly. English reference: <color=248,252,248>Modified for precision targeting of repair droids, the Javitor weapon model concentrates fire along the droid's trajectory, thus increasing the chance to block the enemy ship's attempts at repair during combat.</color><br> <br>"	"MicroModuls"	""
"/MicroModuls/522/Text/1"	"Шанс блокировки <clr>дроида<clrEnd> обратно пропорционален размеру корпуса цели"	"Lang.dat: MicroModuls.522.Text.1. Preserve every <tag> exactly. English reference: The chance to block a <clr>droid<clrEnd> is inversely proportional to the target's hull size"	"MicroModuls"	""
"/MicroModuls/522/Text/2"	"Мощность сканера: <bonScan> ед."	"Lang.dat: MicroModuls.522.Text.2. Preserve every <tag> exactly. English reference: Scanner power: <bonScan>."	"MicroModuls"	""
"/MicroModuls/522/Text/3"	"(необходимо превышение мощности сканера над защитой цели)"	"Lang.dat: MicroModuls.522.Text.3. Preserve every <tag> exactly. English reference: (scanner power must exceed target's defense)"	"MicroModuls"	""
"/MicroModuls/523/Name"	"""Армолок"""	"Lang.dat: MicroModuls.523.Name. Preserve every <tag> exactly. English reference: Armoloc"	"MicroModuls"	""
"/MicroModuls/523/Text/0"	"<color=248,252,248>Оружие модификации ""Армолок"" может высокоточными выстрелами выводить из строя концентратор каналов управления вооружением цели, на некоторое время отнимая у противника способность вести ответный огонь.</color><br> <br>"	"Lang.dat: MicroModuls.523.Text.0. Preserve every <tag> exactly. English reference: <color=248,252,248>The Armoloc modified weapon model fires high-precision rounds capable of disabling the target's weapons systems control hub, temporarily blocking the enemy's ability to return fire.</color><br> <br>"	"MicroModuls"	""
"/MicroModuls/523/Text/1"	"Шанс блокировки <clr>вооружения<clrEnd> обратно пропорционален размеру корпуса цели"	"Lang.dat: MicroModuls.523.Text.1. Preserve every <tag> exactly. English reference: The chance to block <clr>weapons<clrEnd> is inversely proportional to the target's hull size"	"MicroModuls"	""
"/MicroModuls/523/Text/2"	"Мощность сканера: <bonScan> ед."	"Lang.dat: MicroModuls.523.Text.2. Preserve every <tag> exactly. English reference: Scanner power: <bonScan>."	"MicroModuls"	""
"/MicroModuls/523/Text/3"	"(необходимо превышение мощности сканера над защитой цели)"	"Lang.dat: MicroModuls.523.Text.3. Preserve every <tag> exactly. English reference: (scanner power must exceed target's defense)"	"MicroModuls"	""
"/MicroModuls/524/Name"	"""Джавитор"""	"Lang.dat: MicroModuls.524.Name. Preserve every <tag> exactly. English reference: Javitor"	"MicroModuls"	""
"/MicroModuls/524/Text/0"	"<color=248,252,248>Модифицированное для прицельного отстрела ремонтных роботов, вооружение в варианте ""Джавитор"" позволяет вести огонь по траектории движения дроида, тем самым получая шанс блокировать вражескому кораблю проведение ремонта в ходе битвы.</color><br> <br>"	"Lang.dat: MicroModuls.524.Text.0. Preserve every <tag> exactly. English reference: <color=248,252,248>Modified for precision targeting of repair droids, the Javitor weapon model concentrates fire along the droid's trajectory, thus increasing the chance to block the enemy ship's attempts at repair during combat.</color><br> <br>"	"MicroModuls"	""
"/MicroModuls/524/Text/1"	"Шанс блокировки <clr>дроида<clrEnd> обратно пропорционален размеру корпуса цели"	"Lang.dat: MicroModuls.524.Text.1. Preserve every <tag> exactly. English reference: The chance to block a <clr>droid<clrEnd> is inversely proportional to the target's hull size"	"MicroModuls"	""
"/MicroModuls/524/Text/2"	"Мощность сканера: <bonScan> ед."	"Lang.dat: MicroModuls.524.Text.2. Preserve every <tag> exactly. English reference: Scanner power: <bonScan>."	"MicroModuls"	""
"/MicroModuls/524/Text/3"	"(необходимо превышение мощности сканера над защитой цели)"	"Lang.dat: MicroModuls.524.Text.3. Preserve every <tag> exactly. English reference: (scanner power must exceed target's defense)"	"MicroModuls"	""
"/MicroModuls/525/Name"	"""Инвейтер"""	"Lang.dat: MicroModuls.525.Name. Preserve every <tag> exactly. English reference: Inveiter"	"MicroModuls"	""
"/MicroModuls/525/Text/0"	"<color=248,252,248>Оружие версии ""Инвейтер"" параллельно с обычным действием подавляет работу системы зажигания цели, повреждая при этом ее <clr>двигатель<clrEnd>.</color><br> <br>"	"Lang.dat: MicroModuls.525.Text.0. Preserve every <tag> exactly. English reference: <color=248,252,248>In addition to the weapon's regular function, the Inveiter modified version suppresses the enemy ship's ignition system, damaging its <clr>engine<clrEnd> in the process.</color><br> <br>"	"MicroModuls"	""
"/MicroModuls/525/Text/1"	"Мощность сканера: <bonScan> ед."	"Lang.dat: MicroModuls.525.Text.1. Preserve every <tag> exactly. English reference: Scanner power: <bonScan>."	"MicroModuls"	""
"/MicroModuls/525/Text/2"	"(необходимо превышение мощности сканера над защитой цели)"	"Lang.dat: MicroModuls.525.Text.2. Preserve every <tag> exactly. English reference: (scanner power must exceed target's defense)"	"MicroModuls"	""
"/MicroModuls/526/Name"	"""Лифокар"""	"Lang.dat: MicroModuls.526.Name. Preserve every <tag> exactly. English reference: Liphocarus"	"MicroModuls"	""
"/MicroModuls/526/Text/0"	"<color=248,252,248>Модернизированное по проекту ""Лифокар"" вооружение наносит дополнительный урон поврежденным целям, используя механизм последовательной сверхточной стрельбы в пробоины корпуса.</color><br> <br>"	"Lang.dat: MicroModuls.526.Text.0. Preserve every <tag> exactly. English reference: <color=248,252,248>A modernized version of the Liphocarus project, this armament deals additional damage to already damaged targets, utilizing a mechanism of super-accurate repeated fire into the hull's holes.</color><br> <br>"	"MicroModuls"	""
"/MicroModuls/526/Text/1"	"Бонус к урону: до <clr>33%<clrEnd>"	"Lang.dat: MicroModuls.526.Text.1. Preserve every <tag> exactly. English reference: Bonus to damage: up to <clr>33%<clrEnd>"	"MicroModuls"	""
"/MicroModuls/526/Text/2"	"Мощность сканера: <bonScan> ед."	"Lang.dat: MicroModuls.526.Text.2. Preserve every <tag> exactly. English reference: Scanner power: <bonScan>."	"MicroModuls"	""
"/MicroModuls/526/Text/3"	"(необходимо превышение мощности сканера над защитой цели)"	"Lang.dat: MicroModuls.526.Text.3. Preserve every <tag> exactly. English reference: (scanner power must exceed target's defense)"	"MicroModuls"	""
"/MicroModuls/527/Name"	"""Армолок"""	"Lang.dat: MicroModuls.527.Name. Preserve every <tag> exactly. English reference: Armoloc"	"MicroModuls"	""
"/MicroModuls/527/Text/0"	"<color=248,252,248>Оружие модификации ""Армолок"" может высокоточными выстрелами выводить из строя концентратор каналов управления вооружением цели, на некоторое время отнимая у противника способность вести ответный огонь.</color><br> <br>"	"Lang.dat: MicroModuls.527.Text.0. Preserve every <tag> exactly. English reference: <color=248,252,248>The Armoloc modified weapon model fires high-precision rounds capable of disabling the target's weapons systems control hub, temporarily blocking the enemy's ability to return fire.</color><br> <br>"	"MicroModuls"	""
"/MicroModuls/527/Text/1"	"Шанс блокировки <clr>вооружения<clrEnd> обратно пропорционален размеру корпуса цели"	"Lang.dat: MicroModuls.527.Text.1. Preserve every <tag> exactly. English reference: The chance to block <clr>weapons<clrEnd> is inversely proportional to the target's hull size"	"MicroModuls"	""
"/MicroModuls/527/Text/2"	"Мощность сканера: <bonScan> ед."	"Lang.dat: MicroModuls.527.Text.2. Preserve every <tag> exactly. English reference: Scanner power: <bonScan>."	"MicroModuls"	""
"/MicroModuls/527/Text/3"	"(необходимо превышение мощности сканера над защитой цели)"	"Lang.dat: MicroModuls.527.Text.3. Preserve every <tag> exactly. English reference: (scanner power must exceed target's defense)"	"MicroModuls"	""
"/MicroModuls/528/Name"	"""Джавитор"""	"Lang.dat: MicroModuls.528.Name. Preserve every <tag> exactly. English reference: Javitor"	"MicroModuls"	""
"/MicroModuls/528/Text/0"	"<color=248,252,248>Модифицированное для прицельного отстрела ремонтных роботов, вооружение в варианте ""Джавитор"" позволяет вести огонь по траектории движения дроида, тем самым получая шанс блокировать вражескому кораблю проведение ремонта в ходе битвы.</color><br> <br>"	"Lang.dat: MicroModuls.528.Text.0. Preserve every <tag> exactly. English reference: <color=248,252,248>Modified for precision targeting of repair droids, the Javitor weapon model concentrates fire along the droid's trajectory, thus increasing the chance to block the enemy ship's attempts at repair during combat.</color><br> <br>"	"MicroModuls"	""
"/MicroModuls/528/Text/1"	"Шанс блокировки <clr>дроида<clrEnd> обратно пропорционален размеру корпуса цели"	"Lang.dat: MicroModuls.528.Text.1. Preserve every <tag> exactly. English reference: The chance to block a <clr>droid<clrEnd> is inversely proportional to the target's hull size"	"MicroModuls"	""
"/MicroModuls/528/Text/2"	"Мощность сканера: <bonScan> ед."	"Lang.dat: MicroModuls.528.Text.2. Preserve every <tag> exactly. English reference: Scanner power: <bonScan>."	"MicroModuls"	""
"/MicroModuls/528/Text/3"	"(необходимо превышение мощности сканера над защитой цели)"	"Lang.dat: MicroModuls.528.Text.3. Preserve every <tag> exactly. English reference: (scanner power must exceed target's defense)"	"MicroModuls"	""
"/MicroModuls/529/Name"	"""Лифокар"""	"Lang.dat: MicroModuls.529.Name. Preserve every <tag> exactly. English reference: Liphocarus"	"MicroModuls"	""
"/MicroModuls/529/Text/0"	"<color=248,252,248>Модернизированное по проекту ""Лифокар"" вооружение наносит дополнительный урон поврежденным целям, используя механизм последовательной сверхточной стрельбы в пробоины корпуса.</color><br> <br>"	"Lang.dat: MicroModuls.529.Text.0. Preserve every <tag> exactly. English reference: <color=248,252,248>A modernized version of the Liphocarus project, this armament deals additional damage to already damaged targets, utilizing a mechanism of super-accurate repeated fire into the hull's holes.</color><br> <br>"	"MicroModuls"	""
"/MicroModuls/529/Text/1"	"Бонус к урону: до <clr>33%<clrEnd>"	"Lang.dat: MicroModuls.529.Text.1. Preserve every <tag> exactly. English reference: Bonus to damage: up to <clr>33%<clrEnd>"	"MicroModuls"	""
"/MicroModuls/529/Text/2"	"Мощность сканера: <bonScan> ед."	"Lang.dat: MicroModuls.529.Text.2. Preserve every <tag> exactly. English reference: Scanner power: <bonScan>."	"MicroModuls"	""
"/MicroModuls/529/Text/3"	"(необходимо превышение мощности сканера над защитой цели)"	"Lang.dat: MicroModuls.529.Text.3. Preserve every <tag> exactly. English reference: (scanner power must exceed target's defense)"	"MicroModuls"	""
"/MicroModuls/530/Name"	"""Джавитор"""	"Lang.dat: MicroModuls.530.Name. Preserve every <tag> exactly. English reference: Javitor"	"MicroModuls"	""
"/MicroModuls/530/Text/0"	"<color=248,252,248>Модифицированное для прицельного отстрела ремонтных роботов, вооружение в варианте ""Джавитор"" позволяет вести огонь по траектории движения дроида, тем самым получая шанс блокировать вражескому кораблю проведение ремонта в ходе битвы.</color><br> <br>"	"Lang.dat: MicroModuls.530.Text.0. Preserve every <tag> exactly. English reference: <color=248,252,248>Modified for precision targeting of repair droids, the Javitor weapon model concentrates fire along the droid's trajectory, thus increasing the chance to block the enemy ship's attempts at repair during combat.</color><br> <br>"	"MicroModuls"	""
"/MicroModuls/530/Text/1"	"Шанс блокировки <clr>дроида<clrEnd> обратно пропорционален размеру корпуса цели"	"Lang.dat: MicroModuls.530.Text.1. Preserve every <tag> exactly. English reference: The chance to block a <clr>droid<clrEnd> is inversely proportional to the target's hull size"	"MicroModuls"	""
"/MicroModuls/530/Text/2"	"Мощность сканера: <bonScan> ед."	"Lang.dat: MicroModuls.530.Text.2. Preserve every <tag> exactly. English reference: Scanner power: <bonScan>."	"MicroModuls"	""
"/MicroModuls/530/Text/3"	"(необходимо превышение мощности сканера над защитой цели)"	"Lang.dat: MicroModuls.530.Text.3. Preserve every <tag> exactly. English reference: (scanner power must exceed target's defense)"	"MicroModuls"	""
"/MicroModuls/531/Name"	"""Дифрод"""	"Lang.dat: MicroModuls.531.Name. Preserve every <tag> exactly. English reference: Diphrode"	"MicroModuls"	""
"/MicroModuls/531/Text/0"	"<color=248,252,248>Серийный комплект модифицированных узлов орудия и программных доработок ""Дифрод"", увеличивающих мощность оружия разных типов.</color><br> <br>"	"Lang.dat: MicroModuls.531.Text.0. Preserve every <tag> exactly. English reference: <color=248,252,248>A Diphrode series kit of modified weapons bundles and software mods, boosting the firepower of various weapon types.</color><br> <br>"	"MicroModuls"	""
"/MicroModuls/531/Text/1"	"Бонус к урону: <clr>15%<clrEnd>"	"Lang.dat: MicroModuls.531.Text.1. Preserve every <tag> exactly. English reference: Bonus to damage: <clr>15%<clrEnd>"	"MicroModuls"	""
"/MicroModuls/531/Text/2"	"Мощность сканера: <bonScan> ед."	"Lang.dat: MicroModuls.531.Text.2. Preserve every <tag> exactly. English reference: Scanner power: <bonScan>."	"MicroModuls"	""
"/MicroModuls/531/Text/3"	"(необходимо превышение мощности сканера над защитой цели)"	"Lang.dat: MicroModuls.531.Text.3. Preserve every <tag> exactly. English reference: (scanner power must exceed target's defense)"	"MicroModuls"	""
"/MicroModuls/532/Name"	"""Армолок"""	"Lang.dat: MicroModuls.532.Name. Preserve every <tag> exactly. English reference: Armoloc"	"MicroModuls"	""
"/MicroModuls/532/Text/0"	"<color=248,252,248>Оружие модификации ""Армолок"" может высокоточными выстрелами выводить из строя концентратор каналов управления вооружением цели, на некоторое время отнимая у противника способность вести ответный огонь.</color><br> <br>"	"Lang.dat: MicroModuls.532.Text.0. Preserve every <tag> exactly. English reference: <color=248,252,248>The Armoloc modified weapon model fires high-precision rounds capable of disabling the target's weapons systems control hub, temporarily blocking the enemy's ability to return fire.</color><br> <br>"	"MicroModuls"	""
"/MicroModuls/532/Text/1"	"Шанс блокировки <clr>вооружения<clrEnd> обратно пропорционален размеру корпуса цели"	"Lang.dat: MicroModuls.532.Text.1. Preserve every <tag> exactly. English reference: The chance to block <clr>weapons<clrEnd> is inversely proportional to the target's hull size"	"MicroModuls"	""
"/MicroModuls/532/Text/2"	"Мощность сканера: <bonScan> ед."	"Lang.dat: MicroModuls.532.Text.2. Preserve every <tag> exactly. English reference: Scanner power: <bonScan>."	"MicroModuls"	""
"/MicroModuls/532/Text/3"	"(необходимо превышение мощности сканера над защитой цели)"	"Lang.dat: MicroModuls.532.Text.3. Preserve every <tag> exactly. English reference: (scanner power must exceed target's defense)"	"MicroModuls"	""
"/MicroModuls/533/Name"	"""Адроптер"""	"Lang.dat: MicroModuls.533.Name. Preserve every <tag> exactly. English reference: Adropter"	"MicroModuls"	""
"/MicroModuls/533/Text/0"	"<color=248,252,248>Оружие с комплексом дополнительного оборудования ""Адроптер"" работает по принципу Локализатора взрывной волны. Пиратская технология далека от совершенства, но всё же повышает вероятность сохранения ценных трофеев после уничтожения вражеского корабля.</color><br> <br>"	"Lang.dat: MicroModuls.533.Text.0. Preserve every <tag> exactly. English reference: <color=248,252,248>Adropter comes with a kit of supplemental equipment and utilizes the blast wave localizer method. The pirate technology is far from perfect, but it still increases the chance of preserving valuable trophies after the enemy ship is destroyed. </color><br> <br>"	"MicroModuls"	""
"/MicroModuls/533/Text/1"	"Мощность сканера: <bonScan> ед."	"Lang.dat: MicroModuls.533.Text.1. Preserve every <tag> exactly. English reference: Scanner power: <bonScan>."	"MicroModuls"	""
"/MicroModuls/533/Text/2"	"(необходимо превышение мощности сканера над защитой цели)"	"Lang.dat: MicroModuls.533.Text.2. Preserve every <tag> exactly. English reference: (scanner power must exceed target's defense)"	"MicroModuls"	""
"/MicroModuls/534/Name"	"""Дифрод"""	"Lang.dat: MicroModuls.534.Name. Preserve every <tag> exactly. English reference: Diphrode"	"MicroModuls"	""
"/MicroModuls/534/Text/0"	"<color=248,252,248>Серийный комплект модифицированных узлов орудия и программных доработок ""Дифрод"", увеличивающих мощность оружия разных типов.</color><br> <br>"	"Lang.dat: MicroModuls.534.Text.0. Preserve every <tag> exactly. English reference: <color=248,252,248>A Diphrode series kit of modified weapons bundles and software mods, boosting the firepower of various weapon types.</color><br> <br>"	"MicroModuls"	""
"/MicroModuls/534/Text/1"	"Бонус к урону: <clr>15%<clrEnd>"	"Lang.dat: MicroModuls.534.Text.1. Preserve every <tag> exactly. English reference: Bonus to damage: <clr>15%<clrEnd>"	"MicroModuls"	""
"/MicroModuls/534/Text/2"	"Мощность сканера: <bonScan> ед."	"Lang.dat: MicroModuls.534.Text.2. Preserve every <tag> exactly. English reference: Scanner power: <bonScan>."	"MicroModuls"	""
"/MicroModuls/534/Text/3"	"(необходимо превышение мощности сканера над защитой цели)"	"Lang.dat: MicroModuls.534.Text.3. Preserve every <tag> exactly. English reference: (scanner power must exceed target's defense)"	"MicroModuls"	""
"/MicroModuls/535/Name"	"""Лифокар"""	"Lang.dat: MicroModuls.535.Name. Preserve every <tag> exactly. English reference: Liphocarus"	"MicroModuls"	""
"/MicroModuls/535/Text/0"	"<color=248,252,248>Модернизированное по проекту ""Лифокар"" вооружение наносит дополнительный урон поврежденным целям, используя механизм последовательной сверхточной стрельбы в пробоины корпуса.</color><br> <br>"	"Lang.dat: MicroModuls.535.Text.0. Preserve every <tag> exactly. English reference: <color=248,252,248>A modernized version of the Liphocarus project, this armament deals additional damage to already damaged targets, utilizing a mechanism of super-accurate repeated fire into the hull's holes.</color><br> <br>"	"MicroModuls"	""
"/MicroModuls/535/Text/1"	"Бонус к урону: до <clr>33%<clrEnd>"	"Lang.dat: MicroModuls.535.Text.1. Preserve every <tag> exactly. English reference: Bonus to damage: up to <clr>33%<clrEnd>"	"MicroModuls"	""
"/MicroModuls/535/Text/2"	"Мощность сканера: <bonScan> ед."	"Lang.dat: MicroModuls.535.Text.2. Preserve every <tag> exactly. English reference: Scanner power: <bonScan>."	"MicroModuls"	""
"/MicroModuls/535/Text/3"	"(необходимо превышение мощности сканера над защитой цели)"	"Lang.dat: MicroModuls.535.Text.3. Preserve every <tag> exactly. English reference: (scanner power must exceed target's defense)"	"MicroModuls"	""
"/MicroModuls/536/Name"	"""Инвейтер"""	"Lang.dat: MicroModuls.536.Name. Preserve every <tag> exactly. English reference: Inveiter"	"MicroModuls"	""
"/MicroModuls/536/Text/0"	"<color=248,252,248>Оружие версии ""Инвейтер"" параллельно с обычным действием подавляет работу системы зажигания цели, повреждая при этом ее <clr>двигатель<clrEnd>.</color><br> <br>"	"Lang.dat: MicroModuls.536.Text.0. Preserve every <tag> exactly. English reference: <color=248,252,248>In addition to the weapon's regular function, the Inveiter modified version suppresses the enemy ship's ignition system, damaging its <clr>engine<clrEnd> in the process.</color><br> <br>"	"MicroModuls"	""
"/MicroModuls/536/Text/1"	"Мощность сканера: <bonScan> ед."	"Lang.dat: MicroModuls.536.Text.1. Preserve every <tag> exactly. English reference: Scanner power: <bonScan>."	"MicroModuls"	""
"/MicroModuls/536/Text/2"	"(необходимо превышение мощности сканера над защитой цели)"	"Lang.dat: MicroModuls.536.Text.2. Preserve every <tag> exactly. English reference: (scanner power must exceed target's defense)"	"MicroModuls"	""
"/MicroModuls/537/Name"	"""Лифокар"""	"Lang.dat: MicroModuls.537.Name. Preserve every <tag> exactly. English reference: Liphocarus"	"MicroModuls"	""
"/MicroModuls/537/Text/0"	"<color=248,252,248>Модернизированное по проекту ""Лифокар"" вооружение наносит дополнительный урон поврежденным целям, используя механизм последовательной сверхточной стрельбы в пробоины корпуса.</color><br> <br>"	"Lang.dat: MicroModuls.537.Text.0. Preserve every <tag> exactly. English reference: <color=248,252,248>A modernized version of the Liphocarus project, this armament deals additional damage to already damaged targets, utilizing a mechanism of super-accurate repeated fire into the hull's holes.</color><br> <br>"	"MicroModuls"	""
"/MicroModuls/537/Text/1"	"Бонус к урону: до <clr>33%<clrEnd>"	"Lang.dat: MicroModuls.537.Text.1. Preserve every <tag> exactly. English reference: Bonus to damage: up to <clr>33%<clrEnd>"	"MicroModuls"	""
"/MicroModuls/537/Text/2"	"Мощность сканера: <bonScan> ед."	"Lang.dat: MicroModuls.537.Text.2. Preserve every <tag> exactly. English reference: Scanner power: <bonScan>."	"MicroModuls"	""
"/MicroModuls/537/Text/3"	"(необходимо превышение мощности сканера над защитой цели)"	"Lang.dat: MicroModuls.537.Text.3. Preserve every <tag> exactly. English reference: (scanner power must exceed target's defense)"	"MicroModuls"	""
"/MicroModuls/538/Name"	"""Джавитор"""	"Lang.dat: MicroModuls.538.Name. Preserve every <tag> exactly. English reference: Javitor"	"MicroModuls"	""
"/MicroModuls/538/Text/0"	"<color=248,252,248>Модифицированное для прицельного отстрела ремонтных роботов, вооружение в варианте ""Джавитор"" позволяет вести огонь по траектории движения дроида, тем самым получая шанс блокировать вражескому кораблю проведение ремонта в ходе битвы.</color><br> <br>"	"Lang.dat: MicroModuls.538.Text.0. Preserve every <tag> exactly. English reference: <color=248,252,248>Modified for precision targeting of repair droids, the Javitor weapon model concentrates fire along the droid's trajectory, thus increasing the chance to block the enemy ship's attempts at repair during combat.</color><br> <br>"	"MicroModuls"	""
"/MicroModuls/538/Text/1"	"Шанс блокировки <clr>дроида<clrEnd> обратно пропорционален размеру корпуса цели"	"Lang.dat: MicroModuls.538.Text.1. Preserve every <tag> exactly. English reference: The chance to block a <clr>droid<clrEnd> is inversely proportional to the target's hull size"	"MicroModuls"	""
"/MicroModuls/538/Text/2"	"Мощность сканера: <bonScan> ед."	"Lang.dat: MicroModuls.538.Text.2. Preserve every <tag> exactly. English reference: Scanner power: <bonScan>."	"MicroModuls"	""
"/MicroModuls/538/Text/3"	"(необходимо превышение мощности сканера над защитой цели)"	"Lang.dat: MicroModuls.538.Text.3. Preserve every <tag> exactly. English reference: (scanner power must exceed target's defense)"	"MicroModuls"	""
"/MicroModuls/539/Name"	"""Инвейтер"""	"Lang.dat: MicroModuls.539.Name. Preserve every <tag> exactly. English reference: Inveiter"	"MicroModuls"	""
"/MicroModuls/539/Text/0"	"<color=248,252,248>Оружие версии ""Инвейтер"" параллельно с обычным действием подавляет работу системы зажигания цели, повреждая при этом ее <clr>двигатель<clrEnd>.</color><br> <br>"	"Lang.dat: MicroModuls.539.Text.0. Preserve every <tag> exactly. English reference: <color=248,252,248>In addition to the weapon's regular function, the Inveiter modified version suppresses the enemy ship's ignition system, damaging its <clr>engine<clrEnd> in the process.</color><br> <br>"	"MicroModuls"	""
"/MicroModuls/539/Text/1"	"Мощность сканера: <bonScan> ед."	"Lang.dat: MicroModuls.539.Text.1. Preserve every <tag> exactly. English reference: Scanner power: <bonScan>."	"MicroModuls"	""
"/MicroModuls/539/Text/2"	"(необходимо превышение мощности сканера над защитой цели)"	"Lang.dat: MicroModuls.539.Text.2. Preserve every <tag> exactly. English reference: (scanner power must exceed target's defense)"	"MicroModuls"	""
"/MicroModuls/540/Name"	"""Лифокар"""	"Lang.dat: MicroModuls.540.Name. Preserve every <tag> exactly. English reference: Liphocarus"	"MicroModuls"	""
"/MicroModuls/540/Text/0"	"<color=248,252,248>Модернизированное по проекту ""Лифокар"" вооружение наносит дополнительный урон поврежденным целям, используя механизм последовательной сверхточной стрельбы в пробоины корпуса.</color><br> <br>"	"Lang.dat: MicroModuls.540.Text.0. Preserve every <tag> exactly. English reference: <color=248,252,248>A modernized version of the Liphocarus project, this armament deals additional damage to already damaged targets, utilizing a mechanism of super-accurate repeated fire into the hull's holes.</color><br> <br>"	"MicroModuls"	""
"/MicroModuls/540/Text/1"	"Бонус к урону: до <clr>33%<clrEnd>"	"Lang.dat: MicroModuls.540.Text.1. Preserve every <tag> exactly. English reference: Bonus to damage: up to <clr>33%<clrEnd>"	"MicroModuls"	""
"/MicroModuls/540/Text/2"	"Мощность сканера: <bonScan> ед."	"Lang.dat: MicroModuls.540.Text.2. Preserve every <tag> exactly. English reference: Scanner power: <bonScan>."	"MicroModuls"	""
"/MicroModuls/540/Text/3"	"(необходимо превышение мощности сканера над защитой цели)"	"Lang.dat: MicroModuls.540.Text.3. Preserve every <tag> exactly. English reference: (scanner power must exceed target's defense)"	"MicroModuls"	""
"/MicroModuls/541/Name"	"""Джавитор"""	"Lang.dat: MicroModuls.541.Name. Preserve every <tag> exactly. English reference: Javitor"	"MicroModuls"	""
"/MicroModuls/541/Text/0"	"<color=248,252,248>Модифицированное для прицельного отстрела ремонтных роботов, вооружение в варианте ""Джавитор"" позволяет вести огонь по траектории движения дроида, тем самым получая шанс блокировать вражескому кораблю проведение ремонта в ходе битвы.</color><br> <br>"	"Lang.dat: MicroModuls.541.Text.0. Preserve every <tag> exactly. English reference: <color=248,252,248>Modified for precision targeting of repair droids, the Javitor weapon model concentrates fire along the droid's trajectory, thus increasing the chance to block the enemy ship's attempts at repair during combat.</color><br> <br>"	"MicroModuls"	""
"/MicroModuls/541/Text/1"	"Шанс блокировки <clr>дроида<clrEnd> обратно пропорционален размеру корпуса цели"	"Lang.dat: MicroModuls.541.Text.1. Preserve every <tag> exactly. English reference: The chance to block a <clr>droid<clrEnd> is inversely proportional to the target's hull size"	"MicroModuls"	""
"/MicroModuls/541/Text/2"	"Мощность сканера: <bonScan> ед."	"Lang.dat: MicroModuls.541.Text.2. Preserve every <tag> exactly. English reference: Scanner power: <bonScan>."	"MicroModuls"	""
"/MicroModuls/541/Text/3"	"(необходимо превышение мощности сканера над защитой цели)"	"Lang.dat: MicroModuls.541.Text.3. Preserve every <tag> exactly. English reference: (scanner power must exceed target's defense)"	"MicroModuls"	""
"/MicroModuls/542/Name"	"""Стилермейн"""	"Lang.dat: MicroModuls.542.Name. Preserve every <tag> exactly. English reference: Stylermain"	"MicroModuls"	""
"/MicroModuls/542/Text/0"	"<color=248,252,248>""Стилермейн"" - модификация, монтируемая на корпусе орудийной установки. Во время боя она пытается одновременно со стрельбой транслировать в центральную систему управления вражеского корабля аварийную команду на сброс груза. Вероятность срабатывания относительно невелика, однако это может дать пилоту тактическое преимущество в бою и возможность поживиться добычей.</color><br> <br>"	"Lang.dat: MicroModuls.542.Text.0. Preserve every <tag> exactly. English reference: <color=248,252,248>Stylermain is a modification that's installed on a gun mount. During combat, besides regular fire it attempts to transmit an emergency signal to the enemy ship's central control system with a command to dump its cargo. The success rate is relatively low, but it may occasionally give the pilot a tactical advantage in battle and a shot at some easy loot.</color><br> <br>"	"MicroModuls"	""
"/MicroModuls/542/Text/1"	"Шанс сброса товаров из трюма: <clr>5%<clrEnd>"	"Lang.dat: MicroModuls.542.Text.1. Preserve every <tag> exactly. English reference: Probability of goods being dumped from the cargo bay: <clr>5%<clrEnd>"	"MicroModuls"	""
"/MicroModuls/542/Text/2"	"Мощность сканера: <bonScan> ед."	"Lang.dat: MicroModuls.542.Text.2. Preserve every <tag> exactly. English reference: Scanner power: <bonScan>."	"MicroModuls"	""
"/MicroModuls/542/Text/3"	"(необходимо превышение мощности сканера над защитой цели)"	"Lang.dat: MicroModuls.542.Text.3. Preserve every <tag> exactly. English reference: (scanner power must exceed target's defense)"	"MicroModuls"	""
"/MicroModuls/543/Name"	"""Лифокар"""	"Lang.dat: MicroModuls.543.Name. Preserve every <tag> exactly. English reference: Liphocarus"	"MicroModuls"	""
"/MicroModuls/543/Text/0"	"<color=248,252,248>Модернизированное по проекту ""Лифокар"" вооружение наносит дополнительный урон поврежденным целям, используя механизм последовательной сверхточной стрельбы в пробоины корпуса.</color><br> <br>"	"Lang.dat: MicroModuls.543.Text.0. Preserve every <tag> exactly. English reference: <color=248,252,248>A modernized version of the Liphocarus project, this armament deals additional damage to already damaged targets, utilizing a mechanism of super-accurate repeated fire into the hull's holes.</color><br> <br>"	"MicroModuls"	""
"/MicroModuls/543/Text/1"	"Бонус к урону: до <clr>33%<clrEnd>"	"Lang.dat: MicroModuls.543.Text.1. Preserve every <tag> exactly. English reference: Bonus to damage: up to <clr>33%<clrEnd>"	"MicroModuls"	""
"/MicroModuls/543/Text/2"	"Мощность сканера: <bonScan> ед."	"Lang.dat: MicroModuls.543.Text.2. Preserve every <tag> exactly. English reference: Scanner power: <bonScan>."	"MicroModuls"	""
"/MicroModuls/543/Text/3"	"(необходимо превышение мощности сканера над защитой цели)"	"Lang.dat: MicroModuls.543.Text.3. Preserve every <tag> exactly. English reference: (scanner power must exceed target's defense)"	"MicroModuls"	""
"/MicroModuls/544/Name"	"""Адроптер"""	"Lang.dat: MicroModuls.544.Name. Preserve every <tag> exactly. English reference: Adropter"	"MicroModuls"	""
"/MicroModuls/544/Text/0"	"<color=248,252,248>Оружие с комплексом дополнительного оборудования ""Адроптер"" работает по принципу Локализатора взрывной волны. Пиратская технология далека от совершенства, но всё же повышает вероятность сохранения ценных трофеев после уничтожения вражеского корабля.</color><br> <br>"	"Lang.dat: MicroModuls.544.Text.0. Preserve every <tag> exactly. English reference: <color=248,252,248>Adropter comes with a kit of supplemental equipment and utilizes the blast wave localizer method. The pirate technology is far from perfect, but it still increases the chance of preserving valuable trophies after the enemy ship is destroyed. </color><br> <br>"	"MicroModuls"	""
"/MicroModuls/544/Text/1"	"Мощность сканера: <bonScan> ед."	"Lang.dat: MicroModuls.544.Text.1. Preserve every <tag> exactly. English reference: Scanner power: <bonScan>."	"MicroModuls"	""
"/MicroModuls/544/Text/2"	"(необходимо превышение мощности сканера над защитой цели)"	"Lang.dat: MicroModuls.544.Text.2. Preserve every <tag> exactly. English reference: (scanner power must exceed target's defense)"	"MicroModuls"	""
"/MicroModuls/545/Name"	"""Инвейтер"""	"Lang.dat: MicroModuls.545.Name. Preserve every <tag> exactly. English reference: Inveiter"	"MicroModuls"	""
"/MicroModuls/545/Text/0"	"<color=248,252,248>Оружие версии ""Инвейтер"" параллельно с обычным действием подавляет работу системы зажигания цели, повреждая при этом ее <clr>двигатель<clrEnd>.</color><br> <br>"	"Lang.dat: MicroModuls.545.Text.0. Preserve every <tag> exactly. English reference: <color=248,252,248>In addition to the weapon's regular function, the Inveiter modified version suppresses the enemy ship's ignition system, damaging its <clr>engine<clrEnd> in the process.</color><br> <br>"	"MicroModuls"	""
"/MicroModuls/545/Text/1"	"Мощность сканера: <bonScan> ед."	"Lang.dat: MicroModuls.545.Text.1. Preserve every <tag> exactly. English reference: Scanner power: <bonScan>."	"MicroModuls"	""
"/MicroModuls/545/Text/2"	"(необходимо превышение мощности сканера над защитой цели)"	"Lang.dat: MicroModuls.545.Text.2. Preserve every <tag> exactly. English reference: (scanner power must exceed target's defense)"	"MicroModuls"	""
"/MicroModuls/6/Name"	"Антент"	"Lang.dat: MicroModuls.6.Name. Preserve every <tag> exactly. English reference: Antent"	"MicroModuls"	""
"/MicroModuls/6/Text/0"	"Микромодуль третьего уровня. Улучшает характеристики сканирующих и радарных устройств. Встраивается в антенный усилитель, увеличивая его мощность."	"Lang.dat: MicroModuls.6.Text.0. Preserve every <tag> exactly. English reference: Level three micromodule. Enhances the specs of scanning and radar devices. Built into the antenna amplifier, boosting its power."	"MicroModuls"	""
"/MicroModuls/6/Text/1"	"Дальность радара: <bonRadar> ед."	"Lang.dat: MicroModuls.6.Text.1. Preserve every <tag> exactly. English reference: Radar range: <bonRadar>"	"MicroModuls"	""
"/MicroModuls/6/Text/2"	"Мощность сканера: <bonScan> ед."	"Lang.dat: MicroModuls.6.Text.2. Preserve every <tag> exactly. English reference: Scanner power: <bonScan>%"	"MicroModuls"	""
"/MicroModuls/7/Name"	"Боттер"	"Lang.dat: MicroModuls.7.Name. Preserve every <tag> exactly. English reference: Botter"	"MicroModuls"	""
"/MicroModuls/7/Text/0"	"Микромодуль третьего уровня. Обновляет программу ремонтного дроида, благодаря чему его действия становятся более точными и эффективными, а также на <clr>67%<clrEnd> повышается надежность. Совместим только с <clr>фэянскими<clrEnd> типами дроидов."	"Lang.dat: MicroModuls.7.Text.0. Preserve every <tag> exactly. English reference: Level three micromodule. Upgrades the repair droid's firmware, improving its accuracy and effectiveness, and giving a <clr>67%<clrEnd> increase in reliability. Compatible exclusively with <clr>faeyan<clrEnd> droid types."	"MicroModuls"	""
"/MicroModuls/7/Text/1"	"Эффективность дроида: <bonDroid> ед."	"Lang.dat: MicroModuls.7.Text.1. Preserve every <tag> exactly. English reference: Droid effectiveness: <bonDroid>"	"MicroModuls"	""
"/MicroModuls/8/Name"	"Дальномет"	"Lang.dat: MicroModuls.8.Name. Preserve every <tag> exactly. English reference: Farshooter"	"MicroModuls"	""
"/MicroModuls/8/Text/0"	"Микромодуль третьего уровня. Снижает инерционность корректирующих систем орудия, повышая дальность стрельбы."	"Lang.dat: MicroModuls.8.Text.0. Preserve every <tag> exactly. English reference: Level three micromodule. Reduces the lag effect of the weapon's corrective systems, increasing firing range."	"MicroModuls"	""
"/MicroModuls/8/Text/1"	"Дальность стрельбы: <bonWRadius> ед."	"Lang.dat: MicroModuls.8.Text.1. Preserve every <tag> exactly. English reference: Firing range: <bonWRadius>"	"MicroModuls"	""
"/MicroModuls/9/Name"	"Вихрь"	"Lang.dat: MicroModuls.9.Name. Preserve every <tag> exactly. English reference: Vortex"	"MicroModuls"	""
"/MicroModuls/9/Text/0"	"Микромодуль третьего уровня. Содержит дополнительный, высокоточный микроконтроллер для навигационных систем двигателя. За счет более высокой точности расчетов увеличивается скорость и дальность прыжка. Совместим только с двигателями <clr>людей<clrEnd>."	"Lang.dat: MicroModuls.9.Text.0. Preserve every <tag> exactly. English reference: Level three micromodule. Contains an additional, high-accuracy microcontroller for the engine's navigational systems. Upgraded computational functions lead to increases in speed and jumping range. Compatible exclusively with <clr>human<clrEnd> engines."	"MicroModuls"	""
"/MicroModuls/9/Text/1"	"Скорость двигателя: <bonSpeed> ед."	"Lang.dat: MicroModuls.9.Text.1. Preserve every <tag> exactly. English reference: Engine speed: <bonSpeed>"	"MicroModuls"	""
"/MicroModuls/9/Text/2"	"Дальность прыжка: <bonJump> ед."	"Lang.dat: MicroModuls.9.Text.2. Preserve every <tag> exactly. English reference: Jumping range: <bonJump>"	"MicroModuls"	""
"/MicroModuls/AddToItem"	"Установить <ModuleName> в <ItemName>?"	"Lang.dat: MicroModuls.AddToItem. Preserve every <tag> exactly. English reference: Install <ModuleName> to <ItemName>?"	"MicroModuls"	""
"/MicroModuls/Name"	"Микромодуль"	"Lang.dat: MicroModuls.Name. Preserve every <tag> exactly. English reference: Micromodule"	"MicroModuls"	""
