"identifier"	"source_phrase"	"context"	"labels"	"be"
"/ShipName/Kling/1"	"Админ"	"Lang.dat: ShipName.Kling.1. Preserve every <tag> exactly. English reference: Admin"	"ShipName"	""
"/ShipName/Kling/10"	"Баттон"	"Lang.dat: ShipName.Kling.10. Preserve every <tag> exactly. English reference: Button"	"ShipName"	""
"/ShipName/Kling/100"	"Террабайт"	"Lang.dat: ShipName.Kling.100. Preserve every <tag> exactly. English reference: Terabyte"	"ShipName"	""
"/ShipName/Kling/101"	"Техно"	"Lang.dat: ShipName.Kling.101. Preserve every <tag> exactly. English reference: Techno"	"ShipName"	""
"/ShipName/Kling/102"	"Траблоид"	"Lang.dat: ShipName.Kling.102. Preserve every <tag> exactly. English reference: Trabloid"	"ShipName"	""
"/ShipName/Kling/103"	"Трансформер"	"Lang.dat: ShipName.Kling.103. Preserve every <tag> exactly. English reference: Transformer"	"ShipName"	""
"/ShipName/Kling/104"	"Триггер"	"Lang.dat: ShipName.Kling.104. Preserve every <tag> exactly. English reference: Trigger"	"ShipName"	""
"/ShipName/Kling/105"	"Троянец"	"Lang.dat: ShipName.Kling.105. Preserve every <tag> exactly. English reference: Trojan"	"ShipName"	""
"/ShipName/Kling/106"	"Фидошник"	"Lang.dat: ShipName.Kling.106. Preserve every <tag> exactly. English reference: FidoNet"	"ShipName"	""
"/ShipName/Kling/107"	"Фиксатор"	"Lang.dat: ShipName.Kling.107. Preserve every <tag> exactly. English reference: Fixer"	"ShipName"	""
"/ShipName/Kling/108"	"Флешер"	"Lang.dat: ShipName.Kling.108. Preserve every <tag> exactly. English reference: Flashman"	"ShipName"	""
"/ShipName/Kling/109"	"Флопик"	"Lang.dat: ShipName.Kling.109. Preserve every <tag> exactly. English reference: Floppy"	"ShipName"	""
"/ShipName/Kling/11"	"Бит"	"Lang.dat: ShipName.Kling.11. Preserve every <tag> exactly. English reference: Bit"	"ShipName"	""
"/ShipName/Kling/110"	"Флудер"	"Lang.dat: ShipName.Kling.110. Preserve every <tag> exactly. English reference: Flooder"	"ShipName"	""
"/ShipName/Kling/111"	"Форт"	"Lang.dat: ShipName.Kling.111. Preserve every <tag> exactly. English reference: Fort"	"ShipName"	""
"/ShipName/Kling/112"	"Фраг"	"Lang.dat: ShipName.Kling.112. Preserve every <tag> exactly. English reference: Frag"	"ShipName"	""
"/ShipName/Kling/113"	"Хостер"	"Lang.dat: ShipName.Kling.113. Preserve every <tag> exactly. English reference: Hoster"	"ShipName"	""
"/ShipName/Kling/114"	"Чипсет"	"Lang.dat: ShipName.Kling.114. Preserve every <tag> exactly. English reference: Chipset"	"ShipName"	""
"/ShipName/Kling/115"	"Читер"	"Lang.dat: ShipName.Kling.115. Preserve every <tag> exactly. English reference: Cheater"	"ShipName"	""
"/ShipName/Kling/116"	"Шифт"	"Lang.dat: ShipName.Kling.116. Preserve every <tag> exactly. English reference: Font"	"ShipName"	""
"/ShipName/Kling/117"	"Штрихкод"	"Lang.dat: ShipName.Kling.117. Preserve every <tag> exactly. English reference: Barcode"	"ShipName"	""
"/ShipName/Kling/118"	"Эксплорер"	"Lang.dat: ShipName.Kling.118. Preserve every <tag> exactly. English reference: Explorer"	"ShipName"	""
"/ShipName/Kling/119"	"Элемент"	"Lang.dat: ShipName.Kling.119. Preserve every <tag> exactly. English reference: Element"	"ShipName"	""
"/ShipName/Kling/12"	"Блог"	"Lang.dat: ShipName.Kling.12. Preserve every <tag> exactly. English reference: Blog"	"ShipName"	""
"/ShipName/Kling/120"	"Эникей"	"Lang.dat: ShipName.Kling.120. Preserve every <tag> exactly. English reference: Anykey"	"ShipName"	""
"/ShipName/Kling/121"	"Эрджишка"	"Lang.dat: ShipName.Kling.121. Preserve every <tag> exactly. English reference: Deleter"	"ShipName"	""
"/ShipName/Kling/122"	"Эрнотрон"	"Lang.dat: ShipName.Kling.122. Preserve every <tag> exactly. English reference: Ernotron"	"ShipName"	""
"/ShipName/Kling/123"	"Юзер"	"Lang.dat: ShipName.Kling.123. Preserve every <tag> exactly. English reference: User"	"ShipName"	""
"/ShipName/Kling/13"	"Болид"	"Lang.dat: ShipName.Kling.13. Preserve every <tag> exactly. English reference: Bolide"	"ShipName"	""
"/ShipName/Kling/14"	"Бот"	"Lang.dat: ShipName.Kling.14. Preserve every <tag> exactly. English reference: Bot"	"ShipName"	""
"/ShipName/Kling/15"	"Варезник"	"Lang.dat: ShipName.Kling.15. Preserve every <tag> exactly. English reference: Warezman"	"ShipName"	""
"/ShipName/Kling/16"	"Веб"	"Lang.dat: ShipName.Kling.16. Preserve every <tag> exactly. English reference: Web"	"ShipName"	""
"/ShipName/Kling/17"	"Вектор"	"Lang.dat: ShipName.Kling.17. Preserve every <tag> exactly. English reference: Vector"	"ShipName"	""
"/ShipName/Kling/18"	"Виборг"	"Lang.dat: ShipName.Kling.18. Preserve every <tag> exactly. English reference: Viborg"	"ShipName"	""
"/ShipName/Kling/19"	"Виндовоз"	"Lang.dat: ShipName.Kling.19. Preserve every <tag> exactly. English reference: Windowcart"	"ShipName"	""
"/ShipName/Kling/2"	"Альт"	"Lang.dat: ShipName.Kling.2. Preserve every <tag> exactly. English reference: Alt"	"ShipName"	""
"/ShipName/Kling/20"	"Вирус"	"Lang.dat: ShipName.Kling.20. Preserve every <tag> exactly. English reference: Virus"	"ShipName"	""
"/ShipName/Kling/21"	"Воксель"	"Lang.dat: ShipName.Kling.21. Preserve every <tag> exactly. English reference: Voxel"	"ShipName"	""
"/ShipName/Kling/22"	"Гаджет"	"Lang.dat: ShipName.Kling.22. Preserve every <tag> exactly. English reference: Gadget"	"ShipName"	""
"/ShipName/Kling/23"	"Гейтс"	"Lang.dat: ShipName.Kling.23. Preserve every <tag> exactly. English reference: Gates"	"ShipName"	""
"/ShipName/Kling/24"	"Геном"	"Lang.dat: ShipName.Kling.24. Preserve every <tag> exactly. English reference: Genome"	"ShipName"	""
"/ShipName/Kling/25"	"Гиг"	"Lang.dat: ShipName.Kling.25. Preserve every <tag> exactly. English reference: Gig"	"ShipName"	""
"/ShipName/Kling/26"	"Гигабайт"	"Lang.dat: ShipName.Kling.26. Preserve every <tag> exactly. English reference: Gigabyte"	"ShipName"	""
"/ShipName/Kling/27"	"Гигагерц"	"Lang.dat: ShipName.Kling.27. Preserve every <tag> exactly. English reference: Gigahertz"	"ShipName"	""
"/ShipName/Kling/28"	"Глюк"	"Lang.dat: ShipName.Kling.28. Preserve every <tag> exactly. English reference: Glitch"	"ShipName"	""
"/ShipName/Kling/29"	"Гранулятор"	"Lang.dat: ShipName.Kling.29. Preserve every <tag> exactly. English reference: Granulator"	"ShipName"	""
"/ShipName/Kling/3"	"Ампер"	"Lang.dat: ShipName.Kling.3. Preserve every <tag> exactly. English reference: Amp"	"ShipName"	""
"/ShipName/Kling/30"	"Гугол"	"Lang.dat: ShipName.Kling.30. Preserve every <tag> exactly. English reference: Googol"	"ShipName"	""
"/ShipName/Kling/31"	"Девайс"	"Lang.dat: ShipName.Kling.31. Preserve every <tag> exactly. English reference: Device"	"ShipName"	""
"/ShipName/Kling/32"	"Делитер"	"Lang.dat: ShipName.Kling.32. Preserve every <tag> exactly. English reference: Deleter"	"ShipName"	""
"/ShipName/Kling/33"	"Дефраг"	"Lang.dat: ShipName.Kling.33. Preserve every <tag> exactly. English reference: Defrag"	"ShipName"	""
"/ShipName/Kling/34"	"Диод"	"Lang.dat: ShipName.Kling.34. Preserve every <tag> exactly. English reference: Diode"	"ShipName"	""
"/ShipName/Kling/35"	"Драйвер"	"Lang.dat: ShipName.Kling.35. Preserve every <tag> exactly. English reference: Driver"	"ShipName"	""
"/ShipName/Kling/36"	"Дум"	"Lang.dat: ShipName.Kling.36. Preserve every <tag> exactly. English reference: Doom"	"ShipName"	""
"/ShipName/Kling/37"	"Едитор"	"Lang.dat: ShipName.Kling.37. Preserve every <tag> exactly. English reference: Editor"	"ShipName"	""
"/ShipName/Kling/38"	"Ентер"	"Lang.dat: ShipName.Kling.38. Preserve every <tag> exactly. English reference: Enter"	"ShipName"	""
"/ShipName/Kling/39"	"Запал"	"Lang.dat: ShipName.Kling.39. Preserve every <tag> exactly. English reference: Fuse"	"ShipName"	""
"/ShipName/Kling/4"	"Антивирь"	"Lang.dat: ShipName.Kling.4. Preserve every <tag> exactly. English reference: Antivirus"	"ShipName"	""
"/ShipName/Kling/40"	"Зоннатор"	"Lang.dat: ShipName.Kling.40. Preserve every <tag> exactly. English reference: Zoner"	"ShipName"	""
"/ShipName/Kling/41"	"Инсерт"	"Lang.dat: ShipName.Kling.41. Preserve every <tag> exactly. English reference: Insert"	"ShipName"	""
"/ShipName/Kling/42"	"Инсталл"	"Lang.dat: ShipName.Kling.42. Preserve every <tag> exactly. English reference: Install"	"ShipName"	""
"/ShipName/Kling/43"	"Интерно"	"Lang.dat: ShipName.Kling.43. Preserve every <tag> exactly. English reference: Interno"	"ShipName"	""
"/ShipName/Kling/44"	"Кибердемон"	"Lang.dat: ShipName.Kling.44. Preserve every <tag> exactly. English reference: Cyberdemon"	"ShipName"	""
"/ShipName/Kling/45"	"Кнопочник"	"Lang.dat: ShipName.Kling.45. Preserve every <tag> exactly. English reference: Keyboarder"	"ShipName"	""
"/ShipName/Kling/46"	"Кодер"	"Lang.dat: ShipName.Kling.46. Preserve every <tag> exactly. English reference: Coder"	"ShipName"	""
"/ShipName/Kling/47"	"Коннектор"	"Lang.dat: ShipName.Kling.47. Preserve every <tag> exactly. English reference: Connector"	"ShipName"	""
"/ShipName/Kling/48"	"Контрол"	"Lang.dat: ShipName.Kling.48. Preserve every <tag> exactly. English reference: Control"	"ShipName"	""
"/ShipName/Kling/49"	"Контупер"	"Lang.dat: ShipName.Kling.49. Preserve every <tag> exactly. English reference: Contuper"	"ShipName"	""
"/ShipName/Kling/5"	"Архиватор"	"Lang.dat: ShipName.Kling.5. Preserve every <tag> exactly. English reference: Archiver"	"ShipName"	""
"/ShipName/Kling/50"	"Копирайт"	"Lang.dat: ShipName.Kling.50. Preserve every <tag> exactly. English reference: Copyright"	"ShipName"	""
"/ShipName/Kling/51"	"Кракер"	"Lang.dat: ShipName.Kling.51. Preserve every <tag> exactly. English reference: Cracker"	"ShipName"	""
"/ShipName/Kling/52"	"Кранк"	"Lang.dat: ShipName.Kling.52. Preserve every <tag> exactly. English reference: Crank"	"ShipName"	""
"/ShipName/Kling/53"	"Ксенод"	"Lang.dat: ShipName.Kling.53. Preserve every <tag> exactly. English reference: Xenode"	"ShipName"	""
"/ShipName/Kling/54"	"Ламер"	"Lang.dat: ShipName.Kling.54. Preserve every <tag> exactly. English reference: Lamer"	"ShipName"	""
"/ShipName/Kling/55"	"Лаптоп"	"Lang.dat: ShipName.Kling.55. Preserve every <tag> exactly. English reference: Laptop"	"ShipName"	""
"/ShipName/Kling/56"	"Лексус"	"Lang.dat: ShipName.Kling.56. Preserve every <tag> exactly. English reference: Lexus"	"ShipName"	""
"/ShipName/Kling/57"	"Линковщик"	"Lang.dat: ShipName.Kling.57. Preserve every <tag> exactly. English reference: Linker"	"ShipName"	""
"/ShipName/Kling/58"	"Логин"	"Lang.dat: ShipName.Kling.58. Preserve every <tag> exactly. English reference: Login"	"ShipName"	""
"/ShipName/Kling/59"	"Макинтош"	"Lang.dat: ShipName.Kling.59. Preserve every <tag> exactly. English reference: Macintosh"	"ShipName"	""
"/ShipName/Kling/6"	"Аська"	"Lang.dat: ShipName.Kling.6. Preserve every <tag> exactly. English reference: ICQ"	"ShipName"	""
"/ShipName/Kling/60"	"Мануал"	"Lang.dat: ShipName.Kling.60. Preserve every <tag> exactly. English reference: Manual"	"ShipName"	""
"/ShipName/Kling/61"	"Масдай"	"Lang.dat: ShipName.Kling.61. Preserve every <tag> exactly. English reference: Mustdie"	"ShipName"	""
"/ShipName/Kling/62"	"Мегафон"	"Lang.dat: ShipName.Kling.62. Preserve every <tag> exactly. English reference: Megaphone"	"ShipName"	""
"/ShipName/Kling/63"	"Молот"	"Lang.dat: ShipName.Kling.63. Preserve every <tag> exactly. English reference: Hammer"	"ShipName"	""
"/ShipName/Kling/64"	"Момед"	"Lang.dat: ShipName.Kling.64. Preserve every <tag> exactly. English reference: Modem"	"ShipName"	""
"/ShipName/Kling/65"	"Навигатор"	"Lang.dat: ShipName.Kling.65. Preserve every <tag> exactly. English reference: Navigator"	"ShipName"	""
"/ShipName/Kling/66"	"Напстер"	"Lang.dat: ShipName.Kling.66. Preserve every <tag> exactly. English reference: Napster"	"ShipName"	""
"/ShipName/Kling/67"	"Окуляр"	"Lang.dat: ShipName.Kling.67. Preserve every <tag> exactly. English reference: Ocular"	"ShipName"	""
"/ShipName/Kling/68"	"Омега"	"Lang.dat: ShipName.Kling.68. Preserve every <tag> exactly. English reference: Omega"	"ShipName"	""
"/ShipName/Kling/69"	"Осцилог"	"Lang.dat: ShipName.Kling.69. Preserve every <tag> exactly. English reference: Oscilog"	"ShipName"	""
"/ShipName/Kling/7"	"Баг"	"Lang.dat: ShipName.Kling.7. Preserve every <tag> exactly. English reference: Bug"	"ShipName"	""
"/ShipName/Kling/70"	"Палмовод"	"Lang.dat: ShipName.Kling.70. Preserve every <tag> exactly. English reference: Palmdriver"	"ShipName"	""
"/ShipName/Kling/71"	"Пауз"	"Lang.dat: ShipName.Kling.71. Preserve every <tag> exactly. English reference: Pause"	"ShipName"	""
"/ShipName/Kling/72"	"Перезагруз"	"Lang.dat: ShipName.Kling.72. Preserve every <tag> exactly. English reference: Reload"	"ShipName"	""
"/ShipName/Kling/73"	"Перс"	"Lang.dat: ShipName.Kling.73. Preserve every <tag> exactly. English reference: Perses"	"ShipName"	""
"/ShipName/Kling/74"	"Плоттер"	"Lang.dat: ShipName.Kling.74. Preserve every <tag> exactly. English reference: Plotter"	"ShipName"	""
"/ShipName/Kling/75"	"Поувер"	"Lang.dat: ShipName.Kling.75. Preserve every <tag> exactly. English reference: Power"	"ShipName"	""
"/ShipName/Kling/76"	"Прессор"	"Lang.dat: ShipName.Kling.76. Preserve every <tag> exactly. English reference: Pressor"	"ShipName"	""
"/ShipName/Kling/77"	"Провайдер"	"Lang.dat: ShipName.Kling.77. Preserve every <tag> exactly. English reference: Provider"	"ShipName"	""
"/ShipName/Kling/78"	"Протокол"	"Lang.dat: ShipName.Kling.78. Preserve every <tag> exactly. English reference: Protocol"	"ShipName"	""
"/ShipName/Kling/79"	"Проц"	"Lang.dat: ShipName.Kling.79. Preserve every <tag> exactly. English reference: Processor"	"ShipName"	""
"/ShipName/Kling/8"	"Байт"	"Lang.dat: ShipName.Kling.8. Preserve every <tag> exactly. English reference: Byte"	"ShipName"	""
"/ShipName/Kling/80"	"Ридер"	"Lang.dat: ShipName.Kling.80. Preserve every <tag> exactly. English reference: Rider"	"ShipName"	""
"/ShipName/Kling/81"	"Сабж"	"Lang.dat: ShipName.Kling.81. Preserve every <tag> exactly. English reference: Subject"	"ShipName"	""
"/ShipName/Kling/82"	"Сакс"	"Lang.dat: ShipName.Kling.82. Preserve every <tag> exactly. English reference: Sax"	"ShipName"	""
"/ShipName/Kling/83"	"Своп"	"Lang.dat: ShipName.Kling.83. Preserve every <tag> exactly. English reference: Swap"	"ShipName"	""
"/ShipName/Kling/84"	"Сервак"	"Lang.dat: ShipName.Kling.84. Preserve every <tag> exactly. English reference: Server"	"ShipName"	""
"/ShipName/Kling/85"	"Сетчатник"	"Lang.dat: ShipName.Kling.85. Preserve every <tag> exactly. English reference: Netset"	"ShipName"	""
"/ShipName/Kling/86"	"Симка"	"Lang.dat: ShipName.Kling.86. Preserve every <tag> exactly. English reference: SIM"	"ShipName"	""
"/ShipName/Kling/87"	"Синхрон"	"Lang.dat: ShipName.Kling.87. Preserve every <tag> exactly. English reference: Sync"	"ShipName"	""
"/ShipName/Kling/88"	"Сисоп"	"Lang.dat: ShipName.Kling.88. Preserve every <tag> exactly. English reference: Sysop"	"ShipName"	""
"/ShipName/Kling/89"	"Софтос"	"Lang.dat: ShipName.Kling.89. Preserve every <tag> exactly. English reference: Softos"	"ShipName"	""
"/ShipName/Kling/9"	"Баннер"	"Lang.dat: ShipName.Kling.9. Preserve every <tag> exactly. English reference: Banner"	"ShipName"	""
"/ShipName/Kling/90"	"Спаммер"	"Lang.dat: ShipName.Kling.90. Preserve every <tag> exactly. English reference: Spammer"	"ShipName"	""
"/ShipName/Kling/91"	"Сплавир"	"Lang.dat: ShipName.Kling.91. Preserve every <tag> exactly. English reference: Welder"	"ShipName"	""
"/ShipName/Kling/92"	"Стеккер"	"Lang.dat: ShipName.Kling.92. Preserve every <tag> exactly. English reference: Staker"	"ShipName"	""
"/ShipName/Kling/93"	"Стенсель"	"Lang.dat: ShipName.Kling.93. Preserve every <tag> exactly. English reference: Stensel"	"ShipName"	""
"/ShipName/Kling/94"	"Схемщик"	"Lang.dat: ShipName.Kling.94. Preserve every <tag> exactly. English reference: Schemer"	"ShipName"	""
"/ShipName/Kling/95"	"Табулятор"	"Lang.dat: ShipName.Kling.95. Preserve every <tag> exactly. English reference: Tabulator"	"ShipName"	""
"/ShipName/Kling/96"	"Тангентор"	"Lang.dat: ShipName.Kling.96. Preserve every <tag> exactly. English reference: Tangent"	"ShipName"	""
"/ShipName/Kling/97"	"Твинкам"	"Lang.dat: ShipName.Kling.97. Preserve every <tag> exactly. English reference: Twincam"	"ShipName"	""
"/ShipName/Kling/98"	"Терминатор"	"Lang.dat: ShipName.Kling.98. Preserve every <tag> exactly. English reference: Terminator"	"ShipName"	""
"/ShipName/Kling/99"	"Термос"	"Lang.dat: ShipName.Kling.99. Preserve every <tag> exactly. English reference: Thermos"	"ShipName"	""
"/ShipName/Pirate/Fei/1"	"Айкаяни-Га"	"Lang.dat: ShipName.Pirate.Fei.1. Preserve every <tag> exactly. English reference: Aikayani-Ga"	"ShipName"	""
"/ShipName/Pirate/Fei/10"	"Клиами"	"Lang.dat: ShipName.Pirate.Fei.10. Preserve every <tag> exactly. English reference: Kliami"	"ShipName"	""
"/ShipName/Pirate/Fei/11"	"Лаемми-Га"	"Lang.dat: ShipName.Pirate.Fei.11. Preserve every <tag> exactly. English reference: Laemmi-Ga"	"ShipName"	""
"/ShipName/Pirate/Fei/12"	"Лайми"	"Lang.dat: ShipName.Pirate.Fei.12. Preserve every <tag> exactly. English reference: Laimi"	"ShipName"	""
"/ShipName/Pirate/Fei/13"	"Лакайна"	"Lang.dat: ShipName.Pirate.Fei.13. Preserve every <tag> exactly. English reference: Lakayna"	"ShipName"	""
"/ShipName/Pirate/Fei/14"	"Латания"	"Lang.dat: ShipName.Pirate.Fei.14. Preserve every <tag> exactly. English reference: Latania"	"ShipName"	""
"/ShipName/Pirate/Fei/15"	"Лиакни"	"Lang.dat: ShipName.Pirate.Fei.15. Preserve every <tag> exactly. English reference: Liakni"	"ShipName"	""
"/ShipName/Pirate/Fei/16"	"Лоасмай"	"Lang.dat: ShipName.Pirate.Fei.16. Preserve every <tag> exactly. English reference: Loasmay"	"ShipName"	""
"/ShipName/Pirate/Fei/17"	"Маликай"	"Lang.dat: ShipName.Pirate.Fei.17. Preserve every <tag> exactly. English reference: Malikay"	"ShipName"	""
"/ShipName/Pirate/Fei/18"	"Матиали"	"Lang.dat: ShipName.Pirate.Fei.18. Preserve every <tag> exactly. English reference: Matialy"	"ShipName"	""
"/ShipName/Pirate/Fei/19"	"Мелайка-Га"	"Lang.dat: ShipName.Pirate.Fei.19. Preserve every <tag> exactly. English reference: Melayka-Ga"	"ShipName"	""
"/ShipName/Pirate/Fei/2"	"Аллиами-Га"	"Lang.dat: ShipName.Pirate.Fei.2. Preserve every <tag> exactly. English reference: Alliamy-Ga"	"ShipName"	""
"/ShipName/Pirate/Fei/20"	"Меянни"	"Lang.dat: ShipName.Pirate.Fei.20. Preserve every <tag> exactly. English reference: Meyanni"	"ShipName"	""
"/ShipName/Pirate/Fei/21"	"Миакли"	"Lang.dat: ShipName.Pirate.Fei.21. Preserve every <tag> exactly. English reference: Miakli"	"ShipName"	""
"/ShipName/Pirate/Fei/22"	"Миксия"	"Lang.dat: ShipName.Pirate.Fei.22. Preserve every <tag> exactly. English reference: Mixia"	"ShipName"	""
"/ShipName/Pirate/Fei/23"	"Молиани"	"Lang.dat: ShipName.Pirate.Fei.23. Preserve every <tag> exactly. English reference: Moliani"	"ShipName"	""
"/ShipName/Pirate/Fei/24"	"Налиаки"	"Lang.dat: ShipName.Pirate.Fei.24. Preserve every <tag> exactly. English reference: Naliaki"	"ShipName"	""
"/ShipName/Pirate/Fei/25"	"Ноамми"	"Lang.dat: ShipName.Pirate.Fei.25. Preserve every <tag> exactly. English reference: Noammi"	"ShipName"	""
"/ShipName/Pirate/Fei/26"	"Оликка-Га"	"Lang.dat: ShipName.Pirate.Fei.26. Preserve every <tag> exactly. English reference: Olikka-Ga"	"ShipName"	""
"/ShipName/Pirate/Fei/27"	"Олоанки"	"Lang.dat: ShipName.Pirate.Fei.27. Preserve every <tag> exactly. English reference: Oloanki"	"ShipName"	""
"/ShipName/Pirate/Fei/28"	"Онлая"	"Lang.dat: ShipName.Pirate.Fei.28. Preserve every <tag> exactly. English reference: Onlaya"	"ShipName"	""
"/ShipName/Pirate/Fei/29"	"Рамиали-Га"	"Lang.dat: ShipName.Pirate.Fei.29. Preserve every <tag> exactly. English reference: Ramiali-Ga"	"ShipName"	""
"/ShipName/Pirate/Fei/3"	"Алтамай"	"Lang.dat: ShipName.Pirate.Fei.3. Preserve every <tag> exactly. English reference: Altamay"	"ShipName"	""
"/ShipName/Pirate/Fei/30"	"Рикиамия"	"Lang.dat: ShipName.Pirate.Fei.30. Preserve every <tag> exactly. English reference: Rickiamia"	"ShipName"	""
"/ShipName/Pirate/Fei/31"	"Ритамай"	"Lang.dat: ShipName.Pirate.Fei.31. Preserve every <tag> exactly. English reference: Ritamay"	"ShipName"	""
"/ShipName/Pirate/Fei/32"	"Ронлаик"	"Lang.dat: ShipName.Pirate.Fei.32. Preserve every <tag> exactly. English reference: Ronlaik"	"ShipName"	""
"/ShipName/Pirate/Fei/33"	"Саилени"	"Lang.dat: ShipName.Pirate.Fei.33. Preserve every <tag> exactly. English reference: Saileni"	"ShipName"	""
"/ShipName/Pirate/Fei/34"	"Талиоми"	"Lang.dat: ShipName.Pirate.Fei.34. Preserve every <tag> exactly. English reference: Taliomi"	"ShipName"	""
"/ShipName/Pirate/Fei/35"	"Тафиалки"	"Lang.dat: ShipName.Pirate.Fei.35. Preserve every <tag> exactly. English reference: Tafialki"	"ShipName"	""
"/ShipName/Pirate/Fei/36"	"Уалаки"	"Lang.dat: ShipName.Pirate.Fei.36. Preserve every <tag> exactly. English reference: Walaki"	"ShipName"	""
"/ShipName/Pirate/Fei/37"	"Улиай"	"Lang.dat: ShipName.Pirate.Fei.37. Preserve every <tag> exactly. English reference: Uliay"	"ShipName"	""
"/ShipName/Pirate/Fei/38"	"Уммиаки"	"Lang.dat: ShipName.Pirate.Fei.38. Preserve every <tag> exactly. English reference: Ummiaki"	"ShipName"	""
"/ShipName/Pirate/Fei/39"	"Уплаяни"	"Lang.dat: ShipName.Pirate.Fei.39. Preserve every <tag> exactly. English reference: Uplayani"	"ShipName"	""
"/ShipName/Pirate/Fei/4"	"Амели-Га"	"Lang.dat: ShipName.Pirate.Fei.4. Preserve every <tag> exactly. English reference: Ameli-Ga"	"ShipName"	""
"/ShipName/Pirate/Fei/40"	"Урмай"	"Lang.dat: ShipName.Pirate.Fei.40. Preserve every <tag> exactly. English reference: Urmay"	"ShipName"	""
"/ShipName/Pirate/Fei/41"	"Утликка-Га"	"Lang.dat: ShipName.Pirate.Fei.41. Preserve every <tag> exactly. English reference: Otlikka-Ga"	"ShipName"	""
"/ShipName/Pirate/Fei/42"	"Фантоя"	"Lang.dat: ShipName.Pirate.Fei.42. Preserve every <tag> exactly. English reference: Fantoya"	"ShipName"	""
"/ShipName/Pirate/Fei/43"	"Фафалай"	"Lang.dat: ShipName.Pirate.Fei.43. Preserve every <tag> exactly. English reference: Fafalay"	"ShipName"	""
"/ShipName/Pirate/Fei/44"	"Фианти"	"Lang.dat: ShipName.Pirate.Fei.44. Preserve every <tag> exactly. English reference: Fianti"	"ShipName"	""
"/ShipName/Pirate/Fei/45"	"Фиянло"	"Lang.dat: ShipName.Pirate.Fei.45. Preserve every <tag> exactly. English reference: Fianlo"	"ShipName"	""
"/ShipName/Pirate/Fei/46"	"Фэялиан"	"Lang.dat: ShipName.Pirate.Fei.46. Preserve every <tag> exactly. English reference: Faelian"	"ShipName"	""
"/ShipName/Pirate/Fei/47"	"Эммияни"	"Lang.dat: ShipName.Pirate.Fei.47. Preserve every <tag> exactly. English reference: Emmiyani"	"ShipName"	""
"/ShipName/Pirate/Fei/48"	"Эпикай"	"Lang.dat: ShipName.Pirate.Fei.48. Preserve every <tag> exactly. English reference: Epikay"	"ShipName"	""
"/ShipName/Pirate/Fei/49"	"Ямиалки"	"Lang.dat: ShipName.Pirate.Fei.49. Preserve every <tag> exactly. English reference: Yamialki"	"ShipName"	""
"/ShipName/Pirate/Fei/5"	"Гонялай"	"Lang.dat: ShipName.Pirate.Fei.5. Preserve every <tag> exactly. English reference: Gonyalay"	"ShipName"	""
"/ShipName/Pirate/Fei/50"	"Янимли"	"Lang.dat: ShipName.Pirate.Fei.50. Preserve every <tag> exactly. English reference: Yanimli"	"ShipName"	""
"/ShipName/Pirate/Fei/51"	"Эйтамнамели"	"Lang.dat: ShipName.Pirate.Fei.51. Preserve every <tag> exactly. English reference:  Eytamnameli"	"ShipName"	""
"/ShipName/Pirate/Fei/52"	"Ололай"	"Lang.dat: ShipName.Pirate.Fei.52. Preserve every <tag> exactly. English reference:  Ololai"	"ShipName"	""
"/ShipName/Pirate/Fei/53"	"Инулкин"	"Lang.dat: ShipName.Pirate.Fei.53. Preserve every <tag> exactly. English reference:  Inulkin"	"ShipName"	""
"/ShipName/Pirate/Fei/54"	"Каймалто"	"Lang.dat: ShipName.Pirate.Fei.54. Preserve every <tag> exactly. English reference:  Kaimalto"	"ShipName"	""
"/ShipName/Pirate/Fei/55"	"Умойя"	"Lang.dat: ShipName.Pirate.Fei.55. Preserve every <tag> exactly. English reference:  Umoiya"	"ShipName"	""
"/ShipName/Pirate/Fei/56"	"Тайлипа"	"Lang.dat: ShipName.Pirate.Fei.56. Preserve every <tag> exactly. English reference:  Taylipa"	"ShipName"	""
"/ShipName/Pirate/Fei/57"	"Яойла"	"Lang.dat: ShipName.Pirate.Fei.57. Preserve every <tag> exactly. English reference:  Yaoyla"	"ShipName"	""
"/ShipName/Pirate/Fei/58"	"Лаписой"	"Lang.dat: ShipName.Pirate.Fei.58. Preserve every <tag> exactly. English reference:  Lapisoy"	"ShipName"	""
"/ShipName/Pirate/Fei/59"	"Флайкилор"	"Lang.dat: ShipName.Pirate.Fei.59. Preserve every <tag> exactly. English reference:  Flaykilor"	"ShipName"	""
"/ShipName/Pirate/Fei/6"	"Данайки"	"Lang.dat: ShipName.Pirate.Fei.6. Preserve every <tag> exactly. English reference: Danayki"	"ShipName"	""
"/ShipName/Pirate/Fei/60"	"Фефлун"	"Lang.dat: ShipName.Pirate.Fei.60. Preserve every <tag> exactly. English reference:  Feflun"	"ShipName"	""
"/ShipName/Pirate/Fei/61"	"Уфталин"	"Lang.dat: ShipName.Pirate.Fei.61. Preserve every <tag> exactly. English reference:  Uftalin"	"ShipName"	""
"/ShipName/Pirate/Fei/62"	"Лалайка"	"Lang.dat: ShipName.Pirate.Fei.62. Preserve every <tag> exactly. English reference:  Lalayka"	"ShipName"	""
"/ShipName/Pirate/Fei/63"	"Энсилас"	"Lang.dat: ShipName.Pirate.Fei.63. Preserve every <tag> exactly. English reference:  Ensilas"	"ShipName"	""
"/ShipName/Pirate/Fei/64"	"Икеола"	"Lang.dat: ShipName.Pirate.Fei.64. Preserve every <tag> exactly. English reference:  Ikeola"	"ShipName"	""
"/ShipName/Pirate/Fei/65"	"Диомитис"	"Lang.dat: ShipName.Pirate.Fei.65. Preserve every <tag> exactly. English reference:  Diomitis"	"ShipName"	""
"/ShipName/Pirate/Fei/66"	"Луяна-Га"	"Lang.dat: ShipName.Pirate.Fei.66. Preserve every <tag> exactly. English reference:  Luyana-Ga"	"ShipName"	""
"/ShipName/Pirate/Fei/67"	"Киментат"	"Lang.dat: ShipName.Pirate.Fei.67. Preserve every <tag> exactly. English reference:  Kimentat"	"ShipName"	""
"/ShipName/Pirate/Fei/68"	"Мактеал"	"Lang.dat: ShipName.Pirate.Fei.68. Preserve every <tag> exactly. English reference:  Makteal"	"ShipName"	""
"/ShipName/Pirate/Fei/69"	"Инсора-Га"	"Lang.dat: ShipName.Pirate.Fei.69. Preserve every <tag> exactly. English reference:  Insora-Ga"	"ShipName"	""
"/ShipName/Pirate/Fei/7"	"Илиани"	"Lang.dat: ShipName.Pirate.Fei.7. Preserve every <tag> exactly. English reference: Iliani"	"ShipName"	""
"/ShipName/Pirate/Fei/70"	"Тифуми"	"Lang.dat: ShipName.Pirate.Fei.70. Preserve every <tag> exactly. English reference:  Tifumi"	"ShipName"	""
"/ShipName/Pirate/Fei/71"	"Касаланка-Га"	"Lang.dat: ShipName.Pirate.Fei.71. Preserve every <tag> exactly. English reference:  Kasalanka-Ga"	"ShipName"	""
"/ShipName/Pirate/Fei/72"	"Тэйменси"	"Lang.dat: ShipName.Pirate.Fei.72. Preserve every <tag> exactly. English reference:  Teimensi"	"ShipName"	""
"/ShipName/Pirate/Fei/73"	"Эшлиланс"	"Lang.dat: ShipName.Pirate.Fei.73. Preserve every <tag> exactly. English reference:  Eshlilans"	"ShipName"	""
"/ShipName/Pirate/Fei/74"	"Нилапилестес"	"Lang.dat: ShipName.Pirate.Fei.74. Preserve every <tag> exactly. English reference:  Nilapilestes"	"ShipName"	""
"/ShipName/Pirate/Fei/75"	"Иноциалне"	"Lang.dat: ShipName.Pirate.Fei.75. Preserve every <tag> exactly. English reference:  Inotsialne"	"ShipName"	""
"/ShipName/Pirate/Fei/76"	"Шницель"	"Lang.dat: ShipName.Pirate.Fei.76. Preserve every <tag> exactly. English reference:  Shnitsel"	"ShipName"	""
"/ShipName/Pirate/Fei/77"	"Лячокума"	"Lang.dat: ShipName.Pirate.Fei.77. Preserve every <tag> exactly. English reference:  Lyachokuma"	"ShipName"	""
"/ShipName/Pirate/Fei/78"	"Силенхилл"	"Lang.dat: ShipName.Pirate.Fei.78. Preserve every <tag> exactly. English reference:  Silenhill"	"ShipName"	""
"/ShipName/Pirate/Fei/79"	"Фиолет"	"Lang.dat: ShipName.Pirate.Fei.79. Preserve every <tag> exactly. English reference:  Fiolet"	"ShipName"	""
"/ShipName/Pirate/Fei/8"	"Кенлия-Га"	"Lang.dat: ShipName.Pirate.Fei.8. Preserve every <tag> exactly. English reference: Kenlia-Ga"	"ShipName"	""
"/ShipName/Pirate/Fei/80"	"Релайя"	"Lang.dat: ShipName.Pirate.Fei.80. Preserve every <tag> exactly. English reference:  Relayya"	"ShipName"	""
"/ShipName/Pirate/Fei/81"	"Мимими"	"Lang.dat: ShipName.Pirate.Fei.81. Preserve every <tag> exactly. English reference:  Mimimi"	"ShipName"	""
"/ShipName/Pirate/Fei/82"	"Лиепаи"	"Lang.dat: ShipName.Pirate.Fei.82. Preserve every <tag> exactly. English reference:  Liepai"	"ShipName"	""
"/ShipName/Pirate/Fei/83"	"Емнип"	"Lang.dat: ShipName.Pirate.Fei.83. Preserve every <tag> exactly. English reference:  Emnip"	"ShipName"	""
"/ShipName/Pirate/Fei/84"	"Бялки"	"Lang.dat: ShipName.Pirate.Fei.84. Preserve every <tag> exactly. English reference:  Byalki"	"ShipName"	""
"/ShipName/Pirate/Fei/85"	"Сисля"	"Lang.dat: ShipName.Pirate.Fei.85. Preserve every <tag> exactly. English reference:  Sislya"	"ShipName"	""
"/ShipName/Pirate/Fei/86"	"Винкс"	"Lang.dat: ShipName.Pirate.Fei.86. Preserve every <tag> exactly. English reference:  Vinx"	"ShipName"	""
"/ShipName/Pirate/Fei/87"	"Грисс"	"Lang.dat: ShipName.Pirate.Fei.87. Preserve every <tag> exactly. English reference:  Griss"	"ShipName"	""
"/ShipName/Pirate/Fei/88"	"Митрандир"	"Lang.dat: ShipName.Pirate.Fei.88. Preserve every <tag> exactly. English reference:  Mitrandir"	"ShipName"	""
"/ShipName/Pirate/Fei/9"	"Кимоай"	"Lang.dat: ShipName.Pirate.Fei.9. Preserve every <tag> exactly. English reference: Kimoay"	"ShipName"	""
"/ShipName/Pirate/Gaal/1"	"Аагерт"	"Lang.dat: ShipName.Pirate.Gaal.1. Preserve every <tag> exactly. English reference: Aagert"	"ShipName"	""
"/ShipName/Pirate/Gaal/10"	"Гооцерта"	"Lang.dat: ShipName.Pirate.Gaal.10. Preserve every <tag> exactly. English reference: Gootzerta"	"ShipName"	""
"/ShipName/Pirate/Gaal/11"	"Греента"	"Lang.dat: ShipName.Pirate.Gaal.11. Preserve every <tag> exactly. English reference: Greenta"	"ShipName"	""
"/ShipName/Pirate/Gaal/12"	"Гунлаал"	"Lang.dat: ShipName.Pirate.Gaal.12. Preserve every <tag> exactly. English reference: Gunlaal"	"ShipName"	""
"/ShipName/Pirate/Gaal/13"	"Десаарта"	"Lang.dat: ShipName.Pirate.Gaal.13. Preserve every <tag> exactly. English reference: Desaarta"	"ShipName"	""
"/ShipName/Pirate/Gaal/14"	"Диплааки"	"Lang.dat: ShipName.Pirate.Gaal.14. Preserve every <tag> exactly. English reference: Diplaaki"	"ShipName"	""
"/ShipName/Pirate/Gaal/15"	"Длеемар"	"Lang.dat: ShipName.Pirate.Gaal.15. Preserve every <tag> exactly. English reference: Dleemar"	"ShipName"	""
"/ShipName/Pirate/Gaal/16"	"Днеенки"	"Lang.dat: ShipName.Pirate.Gaal.16. Preserve every <tag> exactly. English reference: Dneenky"	"ShipName"	""
"/ShipName/Pirate/Gaal/17"	"Доокай"	"Lang.dat: ShipName.Pirate.Gaal.17. Preserve every <tag> exactly. English reference: Dookay"	"ShipName"	""
"/ShipName/Pirate/Gaal/18"	"Заагорна"	"Lang.dat: ShipName.Pirate.Gaal.18. Preserve every <tag> exactly. English reference: Zaagorna"	"ShipName"	""
"/ShipName/Pirate/Gaal/19"	"Зиа-ар"	"Lang.dat: ShipName.Pirate.Gaal.19. Preserve every <tag> exactly. English reference: Zia-ar"	"ShipName"	""
"/ShipName/Pirate/Gaal/2"	"Агоонка"	"Lang.dat: ShipName.Pirate.Gaal.2. Preserve every <tag> exactly. English reference: Agoonka"	"ShipName"	""
"/ShipName/Pirate/Gaal/20"	"Золеери"	"Lang.dat: ShipName.Pirate.Gaal.20. Preserve every <tag> exactly. English reference: Zoleeri"	"ShipName"	""
"/ShipName/Pirate/Gaal/21"	"Зоноотир"	"Lang.dat: ShipName.Pirate.Gaal.21. Preserve every <tag> exactly. English reference: Zonootir"	"ShipName"	""
"/ShipName/Pirate/Gaal/22"	"Кеерка"	"Lang.dat: ShipName.Pirate.Gaal.22. Preserve every <tag> exactly. English reference: Keherka"	"ShipName"	""
"/ShipName/Pirate/Gaal/23"	"Кельянка"	"Lang.dat: ShipName.Pirate.Gaal.23. Preserve every <tag> exactly. English reference: Kelyanka"	"ShipName"	""
"/ShipName/Pirate/Gaal/24"	"Креенги"	"Lang.dat: ShipName.Pirate.Gaal.24. Preserve every <tag> exactly. English reference: Krehengi"	"ShipName"	""
"/ShipName/Pirate/Gaal/25"	"Лааинта"	"Lang.dat: ShipName.Pirate.Gaal.25. Preserve every <tag> exactly. English reference: Laainta"	"ShipName"	""
"/ShipName/Pirate/Gaal/26"	"Лапи-иро"	"Lang.dat: ShipName.Pirate.Gaal.26. Preserve every <tag> exactly. English reference: Lapi-iro"	"ShipName"	""
"/ShipName/Pirate/Gaal/27"	"Латееми"	"Lang.dat: ShipName.Pirate.Gaal.27. Preserve every <tag> exactly. English reference: Lateemi"	"ShipName"	""
"/ShipName/Pirate/Gaal/28"	"Латиксаан"	"Lang.dat: ShipName.Pirate.Gaal.28. Preserve every <tag> exactly. English reference: Latiksaan"	"ShipName"	""
"/ShipName/Pirate/Gaal/29"	"Леемнак"	"Lang.dat: ShipName.Pirate.Gaal.29. Preserve every <tag> exactly. English reference: Leemnak"	"ShipName"	""
"/ShipName/Pirate/Gaal/3"	"Аи-ибро"	"Lang.dat: ShipName.Pirate.Gaal.3. Preserve every <tag> exactly. English reference: Ai-ibro"	"ShipName"	""
"/ShipName/Pirate/Gaal/30"	"Лиитатра"	"Lang.dat: ShipName.Pirate.Gaal.30. Preserve every <tag> exactly. English reference: Liitatra"	"ShipName"	""
"/ShipName/Pirate/Gaal/31"	"Ло-оки"	"Lang.dat: ShipName.Pirate.Gaal.31. Preserve every <tag> exactly. English reference: Lo-oki"	"ShipName"	""
"/ShipName/Pirate/Gaal/32"	"Лоочка"	"Lang.dat: ShipName.Pirate.Gaal.32. Preserve every <tag> exactly. English reference: Loochka"	"ShipName"	""
"/ShipName/Pirate/Gaal/33"	"Лоожик"	"Lang.dat: ShipName.Pirate.Gaal.33. Preserve every <tag> exactly. English reference: Loozhik"	"ShipName"	""
"/ShipName/Pirate/Gaal/34"	"Лопааси"	"Lang.dat: ShipName.Pirate.Gaal.34. Preserve every <tag> exactly. English reference: Lopaasi"	"ShipName"	""
"/ShipName/Pirate/Gaal/35"	"Меенгоа"	"Lang.dat: ShipName.Pirate.Gaal.35. Preserve every <tag> exactly. English reference: Meengoa"	"ShipName"	""
"/ShipName/Pirate/Gaal/36"	"Миитак"	"Lang.dat: ShipName.Pirate.Gaal.36. Preserve every <tag> exactly. English reference: Miitak"	"ShipName"	""
"/ShipName/Pirate/Gaal/37"	"Наалтра"	"Lang.dat: ShipName.Pirate.Gaal.37. Preserve every <tag> exactly. English reference: Naaltra"	"ShipName"	""
"/ShipName/Pirate/Gaal/38"	"Нисфиир"	"Lang.dat: ShipName.Pirate.Gaal.38. Preserve every <tag> exactly. English reference: Nisphiir"	"ShipName"	""
"/ShipName/Pirate/Gaal/39"	"Орааси"	"Lang.dat: ShipName.Pirate.Gaal.39. Preserve every <tag> exactly. English reference: Oraasi"	"ShipName"	""
"/ShipName/Pirate/Gaal/4"	"Аци-ип"	"Lang.dat: ShipName.Pirate.Gaal.4. Preserve every <tag> exactly. English reference: Atzi-ip"	"ShipName"	""
"/ShipName/Pirate/Gaal/40"	"Про-оргиянец"	"Lang.dat: ShipName.Pirate.Gaal.40. Preserve every <tag> exactly. English reference: Pro-orgean"	"ShipName"	""
"/ShipName/Pirate/Gaal/41"	"Птаанка"	"Lang.dat: ShipName.Pirate.Gaal.41. Preserve every <tag> exactly. English reference: Ptaane"	"ShipName"	""
"/ShipName/Pirate/Gaal/42"	"Пта-ворон"	"Lang.dat: ShipName.Pirate.Gaal.42. Preserve every <tag> exactly. English reference: Pta-raven"	"ShipName"	""
"/ShipName/Pirate/Gaal/43"	"Роопи"	"Lang.dat: ShipName.Pirate.Gaal.43. Preserve every <tag> exactly. English reference: Roopi"	"ShipName"	""
"/ShipName/Pirate/Gaal/44"	"Сеезери"	"Lang.dat: ShipName.Pirate.Gaal.44. Preserve every <tag> exactly. English reference: Seezeri"	"ShipName"	""
"/ShipName/Pirate/Gaal/45"	"Сикраанец"	"Lang.dat: ShipName.Pirate.Gaal.45. Preserve every <tag> exactly. English reference: Sikraanian"	"ShipName"	""
"/ShipName/Pirate/Gaal/46"	"Фаанкай"	"Lang.dat: ShipName.Pirate.Gaal.46. Preserve every <tag> exactly. English reference: Faankay"	"ShipName"	""
"/ShipName/Pirate/Gaal/47"	"Филифьенка"	"Lang.dat: ShipName.Pirate.Gaal.47. Preserve every <tag> exactly. English reference: Filifienian"	"ShipName"	""
"/ShipName/Pirate/Gaal/48"	"Хлееси"	"Lang.dat: ShipName.Pirate.Gaal.48. Preserve every <tag> exactly. English reference: Khleesi"	"ShipName"	""
"/ShipName/Pirate/Gaal/49"	"Экарлик"	"Lang.dat: ShipName.Pirate.Gaal.49. Preserve every <tag> exactly. English reference: Aekarlik"	"ShipName"	""
"/ShipName/Pirate/Gaal/5"	"Баамбар"	"Lang.dat: ShipName.Pirate.Gaal.5. Preserve every <tag> exactly. English reference: Baambar"	"ShipName"	""
"/ShipName/Pirate/Gaal/50"	"Юмаанна"	"Lang.dat: ShipName.Pirate.Gaal.50. Preserve every <tag> exactly."	"ShipName"	""
"/ShipName/Pirate/Gaal/51"	"Баака"	"Lang.dat: ShipName.Pirate.Gaal.51. Preserve every <tag> exactly. English reference:  Baaka"	"ShipName"	""
"/ShipName/Pirate/Gaal/52"	"Оо-нда"	"Lang.dat: ShipName.Pirate.Gaal.52. Preserve every <tag> exactly. English reference:  Oo-nda"	"ShipName"	""
"/ShipName/Pirate/Gaal/53"	"Пиилса"	"Lang.dat: ShipName.Pirate.Gaal.53. Preserve every <tag> exactly. English reference:  Piilsa"	"ShipName"	""
"/ShipName/Pirate/Gaal/54"	"Региинча"	"Lang.dat: ShipName.Pirate.Gaal.54. Preserve every <tag> exactly. English reference:  Regeencha"	"ShipName"	""
"/ShipName/Pirate/Gaal/55"	"Гоорун"	"Lang.dat: ShipName.Pirate.Gaal.55. Preserve every <tag> exactly. English reference:  Goorun"	"ShipName"	""
"/ShipName/Pirate/Gaal/56"	"Зоомби"	"Lang.dat: ShipName.Pirate.Gaal.56. Preserve every <tag> exactly. English reference:  Zoombi"	"ShipName"	""
"/ShipName/Pirate/Gaal/57"	"Пара-аун"	"Lang.dat: ShipName.Pirate.Gaal.57. Preserve every <tag> exactly. English reference:  Para-aun"	"ShipName"	""
"/ShipName/Pirate/Gaal/58"	"Леепкила"	"Lang.dat: ShipName.Pirate.Gaal.58. Preserve every <tag> exactly. English reference:  Leepkila"	"ShipName"	""
"/ShipName/Pirate/Gaal/59"	"Аалока"	"Lang.dat: ShipName.Pirate.Gaal.59. Preserve every <tag> exactly. English reference:  Aaloka"	"ShipName"	""
"/ShipName/Pirate/Gaal/6"	"Бошооми"	"Lang.dat: ShipName.Pirate.Gaal.6. Preserve every <tag> exactly. English reference: Boshoomi"	"ShipName"	""
"/ShipName/Pirate/Gaal/60"	"Кеембе"	"Lang.dat: ShipName.Pirate.Gaal.60. Preserve every <tag> exactly. English reference:  Keembe"	"ShipName"	""
"/ShipName/Pirate/Gaal/61"	"Рамаанца"	"Lang.dat: ShipName.Pirate.Gaal.61. Preserve every <tag> exactly. English reference:  Ramaantsa"	"ShipName"	""
"/ShipName/Pirate/Gaal/62"	"Шоапеер"	"Lang.dat: ShipName.Pirate.Gaal.62. Preserve every <tag> exactly. English reference:  Shoapeer"	"ShipName"	""
"/ShipName/Pirate/Gaal/63"	"Куа-ауг"	"Lang.dat: ShipName.Pirate.Gaal.63. Preserve every <tag> exactly. English reference:  Kua-aug"	"ShipName"	""
"/ShipName/Pirate/Gaal/64"	"Гудааки"	"Lang.dat: ShipName.Pirate.Gaal.64. Preserve every <tag> exactly. English reference:  Gudaaki"	"ShipName"	""
"/ShipName/Pirate/Gaal/65"	"Дилкоом"	"Lang.dat: ShipName.Pirate.Gaal.65. Preserve every <tag> exactly. English reference:  Dilkoom"	"ShipName"	""
"/ShipName/Pirate/Gaal/66"	"Олгуреес"	"Lang.dat: ShipName.Pirate.Gaal.66. Preserve every <tag> exactly. English reference:  Olgurees"	"ShipName"	""
"/ShipName/Pirate/Gaal/67"	"Пеец"	"Lang.dat: ShipName.Pirate.Gaal.67. Preserve every <tag> exactly. English reference:  Peets"	"ShipName"	""
"/ShipName/Pirate/Gaal/68"	"Наштууглу"	"Lang.dat: ShipName.Pirate.Gaal.68. Preserve every <tag> exactly. English reference:  Nashtuuglu"	"ShipName"	""
"/ShipName/Pirate/Gaal/69"	"Глепиим"	"Lang.dat: ShipName.Pirate.Gaal.69. Preserve every <tag> exactly. English reference:  Glepiim"	"ShipName"	""
"/ShipName/Pirate/Gaal/7"	"Га-ания"	"Lang.dat: ShipName.Pirate.Gaal.7. Preserve every <tag> exactly. English reference: Ga-ania"	"ShipName"	""
"/ShipName/Pirate/Gaal/70"	"Омкаваар"	"Lang.dat: ShipName.Pirate.Gaal.70. Preserve every <tag> exactly. English reference:  Omkavaar"	"ShipName"	""
"/ShipName/Pirate/Gaal/71"	"Дееминту"	"Lang.dat: ShipName.Pirate.Gaal.71. Preserve every <tag> exactly. English reference:  Deemintu"	"ShipName"	""
"/ShipName/Pirate/Gaal/72"	"Ценкиин"	"Lang.dat: ShipName.Pirate.Gaal.72. Preserve every <tag> exactly. English reference:  Tsenkiin"	"ShipName"	""
"/ShipName/Pirate/Gaal/73"	"Линаалша"	"Lang.dat: ShipName.Pirate.Gaal.73. Preserve every <tag> exactly. English reference:  Linaalsha"	"ShipName"	""
"/ShipName/Pirate/Gaal/74"	"Аасейна"	"Lang.dat: ShipName.Pirate.Gaal.74. Preserve every <tag> exactly. English reference:  Aaseyna"	"ShipName"	""
"/ShipName/Pirate/Gaal/75"	"Олго-ок"	"Lang.dat: ShipName.Pirate.Gaal.75. Preserve every <tag> exactly. English reference:  Olgo-ok"	"ShipName"	""
"/ShipName/Pirate/Gaal/76"	"Чооглох"	"Lang.dat: ShipName.Pirate.Gaal.76. Preserve every <tag> exactly. English reference:  Chooglok"	"ShipName"	""
"/ShipName/Pirate/Gaal/77"	"Ло-олд"	"Lang.dat: ShipName.Pirate.Gaal.77. Preserve every <tag> exactly. English reference:  Lo-old"	"ShipName"	""
"/ShipName/Pirate/Gaal/78"	"Лалалаа"	"Lang.dat: ShipName.Pirate.Gaal.78. Preserve every <tag> exactly. English reference:  Lalalaa"	"ShipName"	""
"/ShipName/Pirate/Gaal/79"	"Пивоо"	"Lang.dat: ShipName.Pirate.Gaal.79. Preserve every <tag> exactly. English reference:  Pivoo"	"ShipName"	""
"/ShipName/Pirate/Gaal/8"	"Гаарте"	"Lang.dat: ShipName.Pirate.Gaal.8. Preserve every <tag> exactly. English reference: Gaarte"	"ShipName"	""
"/ShipName/Pirate/Gaal/80"	"Каафка"	"Lang.dat: ShipName.Pirate.Gaal.80. Preserve every <tag> exactly. English reference:  Kaafka"	"ShipName"	""
"/ShipName/Pirate/Gaal/81"	"Молот-ок"	"Lang.dat: ShipName.Pirate.Gaal.81. Preserve every <tag> exactly. English reference:  Molot-ok"	"ShipName"	""
"/ShipName/Pirate/Gaal/82"	"Жоолтый"	"Lang.dat: ShipName.Pirate.Gaal.82. Preserve every <tag> exactly. English reference:  Zhoolty"	"ShipName"	""
"/ShipName/Pirate/Gaal/83"	"Каапс"	"Lang.dat: ShipName.Pirate.Gaal.83. Preserve every <tag> exactly. English reference:  Kaaps"	"ShipName"	""
"/ShipName/Pirate/Gaal/84"	"Ооверлей"	"Lang.dat: ShipName.Pirate.Gaal.84. Preserve every <tag> exactly. English reference:  Ooverlei"	"ShipName"	""
"/ShipName/Pirate/Gaal/85"	"Рееверс"	"Lang.dat: ShipName.Pirate.Gaal.85. Preserve every <tag> exactly. English reference:  ReeverСЃ"	"ShipName"	""
"/ShipName/Pirate/Gaal/86"	"Шваа Бра"	"Lang.dat: ShipName.Pirate.Gaal.86. Preserve every <tag> exactly. English reference:  Shvaa Bra"	"ShipName"	""
"/ShipName/Pirate/Gaal/87"	"Тряяп Ка"	"Lang.dat: ShipName.Pirate.Gaal.87. Preserve every <tag> exactly. English reference:  Tryaap Ka"	"ShipName"	""
"/ShipName/Pirate/Gaal/88"	"Каа-тет"	"Lang.dat: ShipName.Pirate.Gaal.88. Preserve every <tag> exactly. English reference:  Kaa-tet"	"ShipName"	""
"/ShipName/Pirate/Gaal/89"	"Ал-оссь"	"Lang.dat: ShipName.Pirate.Gaal.89. Preserve every <tag> exactly. English reference:  Al-oss'"	"ShipName"	""
"/ShipName/Pirate/Gaal/9"	"Гефраак"	"Lang.dat: ShipName.Pirate.Gaal.9. Preserve every <tag> exactly. English reference: Gefraak"	"ShipName"	""
"/ShipName/Pirate/Maloc/1"	"Багарра"	"Lang.dat: ShipName.Pirate.Maloc.1. Preserve every <tag> exactly. English reference: Bagarra"	"ShipName"	""
"/ShipName/Pirate/Maloc/10"	"Боленба"	"Lang.dat: ShipName.Pirate.Maloc.10. Preserve every <tag> exactly. English reference: Bolenba"	"ShipName"	""
"/ShipName/Pirate/Maloc/11"	"Борган"	"Lang.dat: ShipName.Pirate.Maloc.11. Preserve every <tag> exactly. English reference: Borghan"	"ShipName"	""
"/ShipName/Pirate/Maloc/12"	"Бракобу"	"Lang.dat: ShipName.Pirate.Maloc.12. Preserve every <tag> exactly. English reference: Brakobu"	"ShipName"	""
"/ShipName/Pirate/Maloc/13"	"Будрабар"	"Lang.dat: ShipName.Pirate.Maloc.13. Preserve every <tag> exactly. English reference: Budrabar"	"ShipName"	""
"/ShipName/Pirate/Maloc/14"	"Вмордор"	"Lang.dat: ShipName.Pirate.Maloc.14. Preserve every <tag> exactly. English reference: Vmordor"	"ShipName"	""
"/ShipName/Pirate/Maloc/15"	"Гаргунга"	"Lang.dat: ShipName.Pirate.Maloc.15. Preserve every <tag> exactly. English reference: Gargungha"	"ShipName"	""
"/ShipName/Pirate/Maloc/16"	"Гарраба"	"Lang.dat: ShipName.Pirate.Maloc.16. Preserve every <tag> exactly. English reference: Garraba"	"ShipName"	""
"/ShipName/Pirate/Maloc/17"	"Геброн"	"Lang.dat: ShipName.Pirate.Maloc.17. Preserve every <tag> exactly. English reference: Gebron"	"ShipName"	""
"/ShipName/Pirate/Maloc/18"	"Гонгадра"	"Lang.dat: ShipName.Pirate.Maloc.18. Preserve every <tag> exactly. English reference: Gongadra"	"ShipName"	""
"/ShipName/Pirate/Maloc/19"	"Горголот"	"Lang.dat: ShipName.Pirate.Maloc.19. Preserve every <tag> exactly. English reference: Gorgolot"	"ShipName"	""
"/ShipName/Pirate/Maloc/2"	"Барга"	"Lang.dat: ShipName.Pirate.Maloc.2. Preserve every <tag> exactly. English reference: Barga"	"ShipName"	""
"/ShipName/Pirate/Maloc/20"	"Гратоба"	"Lang.dat: ShipName.Pirate.Maloc.20. Preserve every <tag> exactly. English reference: Gratoba"	"ShipName"	""
"/ShipName/Pirate/Maloc/21"	"Грончен"	"Lang.dat: ShipName.Pirate.Maloc.21. Preserve every <tag> exactly. English reference: Gronchen"	"ShipName"	""
"/ShipName/Pirate/Maloc/22"	"Дакидра"	"Lang.dat: ShipName.Pirate.Maloc.22. Preserve every <tag> exactly. English reference: Dakidra"	"ShipName"	""
"/ShipName/Pirate/Maloc/23"	"Дартвейдр"	"Lang.dat: ShipName.Pirate.Maloc.23. Preserve every <tag> exactly. English reference: Dartveidr"	"ShipName"	""
"/ShipName/Pirate/Maloc/24"	"Дебераг"	"Lang.dat: ShipName.Pirate.Maloc.24. Preserve every <tag> exactly. English reference: Deberag"	"ShipName"	""
"/ShipName/Pirate/Maloc/25"	"Деданга"	"Lang.dat: ShipName.Pirate.Maloc.25. Preserve every <tag> exactly. English reference: Dedanga"	"ShipName"	""
"/ShipName/Pirate/Maloc/26"	"Доббар"	"Lang.dat: ShipName.Pirate.Maloc.26. Preserve every <tag> exactly. English reference: Dobbar"	"ShipName"	""
"/ShipName/Pirate/Maloc/27"	"Забалгу"	"Lang.dat: ShipName.Pirate.Maloc.27. Preserve every <tag> exactly. English reference: Zabalghu"	"ShipName"	""
"/ShipName/Pirate/Maloc/28"	"Земпура"	"Lang.dat: ShipName.Pirate.Maloc.28. Preserve every <tag> exactly. English reference: Zempura"	"ShipName"	""
"/ShipName/Pirate/Maloc/29"	"Зигла"	"Lang.dat: ShipName.Pirate.Maloc.29. Preserve every <tag> exactly. English reference: Zigla"	"ShipName"	""
"/ShipName/Pirate/Maloc/3"	"Бебенга"	"Lang.dat: ShipName.Pirate.Maloc.3. Preserve every <tag> exactly. English reference: Bebenga"	"ShipName"	""
"/ShipName/Pirate/Maloc/30"	"Зубракра"	"Lang.dat: ShipName.Pirate.Maloc.30. Preserve every <tag> exactly. English reference: Zubracra"	"ShipName"	""
"/ShipName/Pirate/Maloc/31"	"Зуграга"	"Lang.dat: ShipName.Pirate.Maloc.31. Preserve every <tag> exactly. English reference: Zugragha"	"ShipName"	""
"/ShipName/Pirate/Maloc/32"	"Карноба"	"Lang.dat: ShipName.Pirate.Maloc.32. Preserve every <tag> exactly. English reference: Karnoba"	"ShipName"	""
"/ShipName/Pirate/Maloc/33"	"Крабан"	"Lang.dat: ShipName.Pirate.Maloc.33. Preserve every <tag> exactly. English reference: Kraban"	"ShipName"	""
"/ShipName/Pirate/Maloc/34"	"Логноба"	"Lang.dat: ShipName.Pirate.Maloc.34. Preserve every <tag> exactly. English reference: Lognoba"	"ShipName"	""
"/ShipName/Pirate/Maloc/35"	"Мерагрок"	"Lang.dat: ShipName.Pirate.Maloc.35. Preserve every <tag> exactly. English reference: Meragrock"	"ShipName"	""
"/ShipName/Pirate/Maloc/36"	"Предгар"	"Lang.dat: ShipName.Pirate.Maloc.36. Preserve every <tag> exactly. English reference: Predgar"	"ShipName"	""
"/ShipName/Pirate/Maloc/37"	"Претанда"	"Lang.dat: ShipName.Pirate.Maloc.37. Preserve every <tag> exactly. English reference: Pretanda"	"ShipName"	""
"/ShipName/Pirate/Maloc/38"	"Ракаброг"	"Lang.dat: ShipName.Pirate.Maloc.38. Preserve every <tag> exactly. English reference: Rakabrog"	"ShipName"	""
"/ShipName/Pirate/Maloc/39"	"Рамгерт"	"Lang.dat: ShipName.Pirate.Maloc.39. Preserve every <tag> exactly. English reference: Ramgert"	"ShipName"	""
"/ShipName/Pirate/Maloc/4"	"Бедлаг"	"Lang.dat: ShipName.Pirate.Maloc.4. Preserve every <tag> exactly. English reference: Bedlag"	"ShipName"	""
"/ShipName/Pirate/Maloc/40"	"Регендра"	"Lang.dat: ShipName.Pirate.Maloc.40. Preserve every <tag> exactly. English reference: Regendra"	"ShipName"	""
"/ShipName/Pirate/Maloc/41"	"Онаррак"	"Lang.dat: ShipName.Pirate.Maloc.41. Preserve every <tag> exactly. English reference: Onarrack"	"ShipName"	""
"/ShipName/Pirate/Maloc/42"	"Темрогад"	"Lang.dat: ShipName.Pirate.Maloc.42. Preserve every <tag> exactly. English reference: Temrogad"	"ShipName"	""
"/ShipName/Pirate/Maloc/43"	"Тралега"	"Lang.dat: ShipName.Pirate.Maloc.43. Preserve every <tag> exactly. English reference: Tralega"	"ShipName"	""
"/ShipName/Pirate/Maloc/44"	"Уаррак"	"Lang.dat: ShipName.Pirate.Maloc.44. Preserve every <tag> exactly. English reference: Warrak"	"ShipName"	""
"/ShipName/Pirate/Maloc/45"	"Убегалар"	"Lang.dat: ShipName.Pirate.Maloc.45. Preserve every <tag> exactly. English reference: Ubegalar"	"ShipName"	""
"/ShipName/Pirate/Maloc/46"	"Уграган"	"Lang.dat: ShipName.Pirate.Maloc.46. Preserve every <tag> exactly. English reference: Ugragan"	"ShipName"	""
"/ShipName/Pirate/Maloc/47"	"Унглар"	"Lang.dat: ShipName.Pirate.Maloc.47. Preserve every <tag> exactly. English reference: Unglar"	"ShipName"	""
"/ShipName/Pirate/Maloc/48"	"Унуракра"	"Lang.dat: ShipName.Pirate.Maloc.48. Preserve every <tag> exactly. English reference: Unurakra"	"ShipName"	""
"/ShipName/Pirate/Maloc/49"	"Уркулга"	"Lang.dat: ShipName.Pirate.Maloc.49. Preserve every <tag> exactly. English reference: Urkulga"	"ShipName"	""
"/ShipName/Pirate/Maloc/5"	"Бербенаг"	"Lang.dat: ShipName.Pirate.Maloc.5. Preserve every <tag> exactly. English reference: Berbenag"	"ShipName"	""
"/ShipName/Pirate/Maloc/50"	"Урчан"	"Lang.dat: ShipName.Pirate.Maloc.50. Preserve every <tag> exactly. English reference: Urchan"	"ShipName"	""
"/ShipName/Pirate/Maloc/51"	"Бандыра"	"Lang.dat: ShipName.Pirate.Maloc.51. Preserve every <tag> exactly. English reference:  Bandyra"	"ShipName"	""
"/ShipName/Pirate/Maloc/52"	"Дгында"	"Lang.dat: ShipName.Pirate.Maloc.52. Preserve every <tag> exactly. English reference:  Dginda"	"ShipName"	""
"/ShipName/Pirate/Maloc/53"	"Храбанда"	"Lang.dat: ShipName.Pirate.Maloc.53. Preserve every <tag> exactly. English reference:  Khrabanda"	"ShipName"	""
"/ShipName/Pirate/Maloc/54"	"Заграба"	"Lang.dat: ShipName.Pirate.Maloc.54. Preserve every <tag> exactly. English reference:  Zaghraba"	"ShipName"	""
"/ShipName/Pirate/Maloc/55"	"Коблун"	"Lang.dat: ShipName.Pirate.Maloc.55. Preserve every <tag> exactly. English reference:  Koblun"	"ShipName"	""
"/ShipName/Pirate/Maloc/56"	"Бурлилдо"	"Lang.dat: ShipName.Pirate.Maloc.56. Preserve every <tag> exactly. English reference:  Burlildo"	"ShipName"	""
"/ShipName/Pirate/Maloc/57"	"Карбас"	"Lang.dat: ShipName.Pirate.Maloc.57. Preserve every <tag> exactly. English reference:  Karbas"	"ShipName"	""
"/ShipName/Pirate/Maloc/58"	"Крабекун"	"Lang.dat: ShipName.Pirate.Maloc.58. Preserve every <tag> exactly. English reference:  Krabekun"	"ShipName"	""
"/ShipName/Pirate/Maloc/59"	"Гуздыхан"	"Lang.dat: ShipName.Pirate.Maloc.59. Preserve every <tag> exactly. English reference:  Guzdykhan"	"ShipName"	""
"/ShipName/Pirate/Maloc/6"	"Беркадор"	"Lang.dat: ShipName.Pirate.Maloc.6. Preserve every <tag> exactly. English reference: Berkador"	"ShipName"	""
"/ShipName/Pirate/Maloc/60"	"Добронуб"	"Lang.dat: ShipName.Pirate.Maloc.60. Preserve every <tag> exactly. English reference:  Dobronub"	"ShipName"	""
"/ShipName/Pirate/Maloc/61"	"Улбака"	"Lang.dat: ShipName.Pirate.Maloc.61. Preserve every <tag> exactly. English reference:  Ulbaka"	"ShipName"	""
"/ShipName/Pirate/Maloc/62"	"Бакенба"	"Lang.dat: ShipName.Pirate.Maloc.62. Preserve every <tag> exactly. English reference:  Bakenba"	"ShipName"	""
"/ShipName/Pirate/Maloc/63"	"Менгура"	"Lang.dat: ShipName.Pirate.Maloc.63. Preserve every <tag> exactly. English reference:  Mengura"	"ShipName"	""
"/ShipName/Pirate/Maloc/64"	"Зендугуз"	"Lang.dat: ShipName.Pirate.Maloc.64. Preserve every <tag> exactly. English reference:  Zenduguz"	"ShipName"	""
"/ShipName/Pirate/Maloc/65"	"Тыбр"	"Lang.dat: ShipName.Pirate.Maloc.65. Preserve every <tag> exactly. English reference:  Tybr"	"ShipName"	""
"/ShipName/Pirate/Maloc/66"	"Рагдонча"	"Lang.dat: ShipName.Pirate.Maloc.66. Preserve every <tag> exactly. English reference:  Ragdoncha"	"ShipName"	""
"/ShipName/Pirate/Maloc/67"	"Нердар"	"Lang.dat: ShipName.Pirate.Maloc.67. Preserve every <tag> exactly. English reference:  Nerdar"	"ShipName"	""
"/ShipName/Pirate/Maloc/68"	"Дрэмбулед"	"Lang.dat: ShipName.Pirate.Maloc.68. Preserve every <tag> exactly. English reference:  DrembuLed"	"ShipName"	""
"/ShipName/Pirate/Maloc/69"	"Трокомбе"	"Lang.dat: ShipName.Pirate.Maloc.69. Preserve every <tag> exactly. English reference:  Trokombe"	"ShipName"	""
"/ShipName/Pirate/Maloc/7"	"Беркергу"	"Lang.dat: ShipName.Pirate.Maloc.7. Preserve every <tag> exactly. English reference: Berkerghu"	"ShipName"	""
"/ShipName/Pirate/Maloc/70"	"Вамдам"	"Lang.dat: ShipName.Pirate.Maloc.70. Preserve every <tag> exactly. English reference:  Vamdam"	"ShipName"	""
"/ShipName/Pirate/Maloc/71"	"Пенденгер"	"Lang.dat: ShipName.Pirate.Maloc.71. Preserve every <tag> exactly. English reference:  Pendenger"	"ShipName"	""
"/ShipName/Pirate/Maloc/72"	"Мдарбабан"	"Lang.dat: ShipName.Pirate.Maloc.72. Preserve every <tag> exactly. English reference:  MdarbabР°n"	"ShipName"	""
"/ShipName/Pirate/Maloc/73"	"Нбам"	"Lang.dat: ShipName.Pirate.Maloc.73. Preserve every <tag> exactly. English reference:  NbР°m"	"ShipName"	""
"/ShipName/Pirate/Maloc/74"	"Кедорка"	"Lang.dat: ShipName.Pirate.Maloc.74. Preserve every <tag> exactly. English reference:  Kedorka"	"ShipName"	""
"/ShipName/Pirate/Maloc/75"	"Одрагзе"	"Lang.dat: ShipName.Pirate.Maloc.75. Preserve every <tag> exactly. English reference:  Odragze"	"ShipName"	""
"/ShipName/Pirate/Maloc/76"	"Каррамба"	"Lang.dat: ShipName.Pirate.Maloc.76. Preserve every <tag> exactly. English reference:  Karramba"	"ShipName"	""
"/ShipName/Pirate/Maloc/77"	"Грызня"	"Lang.dat: ShipName.Pirate.Maloc.77. Preserve every <tag> exactly. English reference:  Gryznya"	"ShipName"	""
"/ShipName/Pirate/Maloc/78"	"Бейвзуб"	"Lang.dat: ShipName.Pirate.Maloc.78. Preserve every <tag> exactly. English reference:  Beyvzub"	"ShipName"	""
"/ShipName/Pirate/Maloc/79"	"Дыстрой"	"Lang.dat: ShipName.Pirate.Maloc.79. Preserve every <tag> exactly. English reference:  Dystroy"	"ShipName"	""
"/ShipName/Pirate/Maloc/8"	"Бладонга"	"Lang.dat: ShipName.Pirate.Maloc.8. Preserve every <tag> exactly. English reference: Bladonga"	"ShipName"	""
"/ShipName/Pirate/Maloc/80"	"Бом-Бом"	"Lang.dat: ShipName.Pirate.Maloc.80. Preserve every <tag> exactly. English reference:  Bom-Bom"	"ShipName"	""
"/ShipName/Pirate/Maloc/81"	"Многожор"	"Lang.dat: ShipName.Pirate.Maloc.81. Preserve every <tag> exactly. English reference:  Mnogozhor"	"ShipName"	""
"/ShipName/Pirate/Maloc/82"	"Бабай"	"Lang.dat: ShipName.Pirate.Maloc.82. Preserve every <tag> exactly. English reference:  Babay"	"ShipName"	""
"/ShipName/Pirate/Maloc/83"	"Нукраб"	"Lang.dat: ShipName.Pirate.Maloc.83. Preserve every <tag> exactly. English reference:  Nukrab"	"ShipName"	""
"/ShipName/Pirate/Maloc/84"	"Погром"	"Lang.dat: ShipName.Pirate.Maloc.84. Preserve every <tag> exactly. English reference:  Pogrom"	"ShipName"	""
"/ShipName/Pirate/Maloc/85"	"Тугадым"	"Lang.dat: ShipName.Pirate.Maloc.85. Preserve every <tag> exactly. English reference:  Tugadym"	"ShipName"	""
"/ShipName/Pirate/Maloc/86"	"Тудадум"	"Lang.dat: ShipName.Pirate.Maloc.86. Preserve every <tag> exactly. English reference:  Tudadum"	"ShipName"	""
"/ShipName/Pirate/Maloc/87"	"Рампапапам"	"Lang.dat: ShipName.Pirate.Maloc.87. Preserve every <tag> exactly. English reference:  Rampapapam"	"ShipName"	""
"/ShipName/Pirate/Maloc/88"	"Краснодром"	"Lang.dat: ShipName.Pirate.Maloc.88. Preserve every <tag> exactly. English reference:  Krasnodrom"	"ShipName"	""
"/ShipName/Pirate/Maloc/89"	"Осама"	"Lang.dat: ShipName.Pirate.Maloc.89. Preserve every <tag> exactly. English reference:  Osama"	"ShipName"	""
"/ShipName/Pirate/Maloc/9"	"Бободел"	"Lang.dat: ShipName.Pirate.Maloc.9. Preserve every <tag> exactly. English reference: Bobodel"	"ShipName"	""
"/ShipName/Pirate/Peleng/1"	"АгуроХан"	"Lang.dat: ShipName.Pirate.Peleng.1. Preserve every <tag> exactly. English reference: AguroKhan"	"ShipName"	""
"/ShipName/Pirate/Peleng/10"	"Лаксаша"	"Lang.dat: ShipName.Pirate.Peleng.10. Preserve every <tag> exactly. English reference: Laksasha"	"ShipName"	""
"/ShipName/Pirate/Peleng/11"	"Лассецис"	"Lang.dat: ShipName.Pirate.Peleng.11. Preserve every <tag> exactly. English reference: Lassetzis"	"ShipName"	""
"/ShipName/Pirate/Peleng/12"	"Лепецак"	"Lang.dat: ShipName.Pirate.Peleng.12. Preserve every <tag> exactly. English reference: Lepetzak"	"ShipName"	""
"/ShipName/Pirate/Peleng/13"	"Лечикса"	"Lang.dat: ShipName.Pirate.Peleng.13. Preserve every <tag> exactly. English reference: Lechiksa"	"ShipName"	""
"/ShipName/Pirate/Peleng/14"	"Липакиш"	"Lang.dat: ShipName.Pirate.Peleng.14. Preserve every <tag> exactly. English reference: Lipakish"	"ShipName"	""
"/ShipName/Pirate/Peleng/15"	"Лихайха"	"Lang.dat: ShipName.Pirate.Peleng.15. Preserve every <tag> exactly. English reference: Likhaikha"	"ShipName"	""
"/ShipName/Pirate/Peleng/16"	"Лошарик"	"Lang.dat: ShipName.Pirate.Peleng.16. Preserve every <tag> exactly. English reference: Losharik"	"ShipName"	""
"/ShipName/Pirate/Peleng/17"	"Лойшан"	"Lang.dat: ShipName.Pirate.Peleng.17. Preserve every <tag> exactly. English reference: Loishan"	"ShipName"	""
"/ShipName/Pirate/Peleng/18"	"Ляйча"	"Lang.dat: ShipName.Pirate.Peleng.18. Preserve every <tag> exactly. English reference: Lyacha"	"ShipName"	""
"/ShipName/Pirate/Peleng/19"	"Накешла"	"Lang.dat: ShipName.Pirate.Peleng.19. Preserve every <tag> exactly. English reference: Nakeshla"	"ShipName"	""
"/ShipName/Pirate/Peleng/2"	"АцкаХан"	"Lang.dat: ShipName.Pirate.Peleng.2. Preserve every <tag> exactly. English reference: AtzkaKhan"	"ShipName"	""
"/ShipName/Pirate/Peleng/20"	"Нишлакака"	"Lang.dat: ShipName.Pirate.Peleng.20. Preserve every <tag> exactly. English reference: Nishlakaka"	"ShipName"	""
"/ShipName/Pirate/Peleng/21"	"Пасаша"	"Lang.dat: ShipName.Pirate.Peleng.21. Preserve every <tag> exactly. English reference: Pasasha"	"ShipName"	""
"/ShipName/Pirate/Peleng/22"	"Пешкиска"	"Lang.dat: ShipName.Pirate.Peleng.22. Preserve every <tag> exactly. English reference: Peshkiska"	"ShipName"	""
"/ShipName/Pirate/Peleng/23"	"Пленгрю"	"Lang.dat: ShipName.Pirate.Peleng.23. Preserve every <tag> exactly. English reference: Plengrue"	"ShipName"	""
"/ShipName/Pirate/Peleng/24"	"Рахойта"	"Lang.dat: ShipName.Pirate.Peleng.24. Preserve every <tag> exactly. English reference: Rakhoita"	"ShipName"	""
"/ShipName/Pirate/Peleng/25"	"Рахоцис"	"Lang.dat: ShipName.Pirate.Peleng.25. Preserve every <tag> exactly. English reference: Rakhotzis"	"ShipName"	""
"/ShipName/Pirate/Peleng/26"	"Реккошта"	"Lang.dat: ShipName.Pirate.Peleng.26. Preserve every <tag> exactly. English reference: Rekkoshta"	"ShipName"	""
"/ShipName/Pirate/Peleng/27"	"Риалкаш"	"Lang.dat: ShipName.Pirate.Peleng.27. Preserve every <tag> exactly. English reference: Realkash"	"ShipName"	""
"/ShipName/Pirate/Peleng/28"	"Рикитави"	"Lang.dat: ShipName.Pirate.Peleng.28. Preserve every <tag> exactly. English reference: Rikitavi"	"ShipName"	""
"/ShipName/Pirate/Peleng/29"	"СайшакХан"	"Lang.dat: ShipName.Pirate.Peleng.29. Preserve every <tag> exactly. English reference: SaishaKhan"	"ShipName"	""
"/ShipName/Pirate/Peleng/3"	"Гава"	"Lang.dat: ShipName.Pirate.Peleng.3. Preserve every <tag> exactly. English reference: Gava"	"ShipName"	""
"/ShipName/Pirate/Peleng/30"	"Саллаш"	"Lang.dat: ShipName.Pirate.Peleng.30. Preserve every <tag> exactly. English reference: Sallash"	"ShipName"	""
"/ShipName/Pirate/Peleng/31"	"СетХан"	"Lang.dat: ShipName.Pirate.Peleng.31. Preserve every <tag> exactly. English reference: SetKhan"	"ShipName"	""
"/ShipName/Pirate/Peleng/32"	"ТатшакХан"	"Lang.dat: ShipName.Pirate.Peleng.32. Preserve every <tag> exactly. English reference: TatshakKhan"	"ShipName"	""
"/ShipName/Pirate/Peleng/33"	"Уклайша"	"Lang.dat: ShipName.Pirate.Peleng.33. Preserve every <tag> exactly. English reference: Uklaisha"	"ShipName"	""
"/ShipName/Pirate/Peleng/34"	"Улятай"	"Lang.dat: ShipName.Pirate.Peleng.34. Preserve every <tag> exactly. English reference: Uliatay"	"ShipName"	""
"/ShipName/Pirate/Peleng/35"	"Уцулаш"	"Lang.dat: ShipName.Pirate.Peleng.35. Preserve every <tag> exactly. English reference: Utzulash"	"ShipName"	""
"/ShipName/Pirate/Peleng/36"	"Ушкаца"	"Lang.dat: ShipName.Pirate.Peleng.36. Preserve every <tag> exactly. English reference: Ushkatza"	"ShipName"	""
"/ShipName/Pirate/Peleng/37"	"Цалекша"	"Lang.dat: ShipName.Pirate.Peleng.37. Preserve every <tag> exactly. English reference: Tzaleksha"	"ShipName"	""
"/ShipName/Pirate/Peleng/38"	"Хагги"	"Lang.dat: ShipName.Pirate.Peleng.38. Preserve every <tag> exactly. English reference: Haggi"	"ShipName"	""
"/ShipName/Pirate/Peleng/39"	"Цаскакиш"	"Lang.dat: ShipName.Pirate.Peleng.39. Preserve every <tag> exactly. English reference: Tzaskakish"	"ShipName"	""
"/ShipName/Pirate/Peleng/4"	"Гагариш"	"Lang.dat: ShipName.Pirate.Peleng.4. Preserve every <tag> exactly. English reference: Gagarish"	"ShipName"	""
"/ShipName/Pirate/Peleng/40"	"Цебиска"	"Lang.dat: ShipName.Pirate.Peleng.40. Preserve every <tag> exactly. English reference: Tzebiska"	"ShipName"	""
"/ShipName/Pirate/Peleng/41"	"Ципекша"	"Lang.dat: ShipName.Pirate.Peleng.41. Preserve every <tag> exactly. English reference: Tzipeksha"	"ShipName"	""
"/ShipName/Pirate/Peleng/42"	"Цосшияк"	"Lang.dat: ShipName.Pirate.Peleng.42. Preserve every <tag> exactly. English reference: Tzoshiyak"	"ShipName"	""
"/ShipName/Pirate/Peleng/43"	"Цулсай"	"Lang.dat: ShipName.Pirate.Peleng.43. Preserve every <tag> exactly. English reference: Tzulsay"	"ShipName"	""
"/ShipName/Pirate/Peleng/44"	"Чацацак"	"Lang.dat: ShipName.Pirate.Peleng.44. Preserve every <tag> exactly. English reference: Chatzatzak"	"ShipName"	""
"/ShipName/Pirate/Peleng/45"	"Чинчин"	"Lang.dat: ShipName.Pirate.Peleng.45. Preserve every <tag> exactly. English reference: Chinchin"	"ShipName"	""
"/ShipName/Pirate/Peleng/46"	"Шейхан"	"Lang.dat: ShipName.Pirate.Peleng.46. Preserve every <tag> exactly. English reference: Sheikhan"	"ShipName"	""
"/ShipName/Pirate/Peleng/47"	"Шнаслак"	"Lang.dat: ShipName.Pirate.Peleng.47. Preserve every <tag> exactly. English reference: Shnaslak"	"ShipName"	""
"/ShipName/Pirate/Peleng/48"	"Ямцаца"	"Lang.dat: ShipName.Pirate.Peleng.48. Preserve every <tag> exactly. English reference: Yamtzatza"	"ShipName"	""
"/ShipName/Pirate/Peleng/49"	"Янташак"	"Lang.dat: ShipName.Pirate.Peleng.49. Preserve every <tag> exactly. English reference: Yantashak"	"ShipName"	""
"/ShipName/Pirate/Peleng/5"	"Йокиташ"	"Lang.dat: ShipName.Pirate.Peleng.5. Preserve every <tag> exactly. English reference: Jokitash"	"ShipName"	""
"/ShipName/Pirate/Peleng/50"	"Яшанкис"	"Lang.dat: ShipName.Pirate.Peleng.50. Preserve every <tag> exactly. English reference: Yashankis"	"ShipName"	""
"/ShipName/Pirate/Peleng/51"	"Челкаш"	"Lang.dat: ShipName.Pirate.Peleng.51. Preserve every <tag> exactly. English reference:  Chelkash"	"ShipName"	""
"/ShipName/Pirate/Peleng/52"	"Биркешка"	"Lang.dat: ShipName.Pirate.Peleng.52. Preserve every <tag> exactly. English reference:  Birkeshka"	"ShipName"	""
"/ShipName/Pirate/Peleng/53"	"Личецык"	"Lang.dat: ShipName.Pirate.Peleng.53. Preserve every <tag> exactly. English reference:  Lichetsyk"	"ShipName"	""
"/ShipName/Pirate/Peleng/54"	"Кацыкон"	"Lang.dat: ShipName.Pirate.Peleng.54. Preserve every <tag> exactly. English reference:  Katsykon"	"ShipName"	""
"/ShipName/Pirate/Peleng/55"	"Шпецель"	"Lang.dat: ShipName.Pirate.Peleng.55. Preserve every <tag> exactly. English reference:  ShpetseДѕ"	"ShipName"	""
"/ShipName/Pirate/Peleng/56"	"Кушайчай"	"Lang.dat: ShipName.Pirate.Peleng.56. Preserve every <tag> exactly. English reference:  Kushaychay"	"ShipName"	""
"/ShipName/Pirate/Peleng/57"	"Ныхухыш"	"Lang.dat: ShipName.Pirate.Peleng.57. Preserve every <tag> exactly. English reference:  Nykhukhysh"	"ShipName"	""
"/ShipName/Pirate/Peleng/58"	"Цижамка"	"Lang.dat: ShipName.Pirate.Peleng.58. Preserve every <tag> exactly. English reference:  Tsizhamka"	"ShipName"	""
"/ShipName/Pirate/Peleng/59"	"Хлещер"	"Lang.dat: ShipName.Pirate.Peleng.59. Preserve every <tag> exactly. English reference:  Khlescher"	"ShipName"	""
"/ShipName/Pirate/Peleng/6"	"Кацашис"	"Lang.dat: ShipName.Pirate.Peleng.6. Preserve every <tag> exactly. English reference: Katzashis"	"ShipName"	""
"/ShipName/Pirate/Peleng/60"	"Чепятка"	"Lang.dat: ShipName.Pirate.Peleng.60. Preserve every <tag> exactly. English reference:  Chepyatka"	"ShipName"	""
"/ShipName/Pirate/Peleng/61"	"Ушкуйняк"	"Lang.dat: ShipName.Pirate.Peleng.61. Preserve every <tag> exactly. English reference:  Ushkuynyak"	"ShipName"	""
"/ShipName/Pirate/Peleng/62"	"Саркозух"	"Lang.dat: ShipName.Pirate.Peleng.62. Preserve every <tag> exactly. English reference:  Sarkozukh"	"ShipName"	""
"/ShipName/Pirate/Peleng/63"	"Шешелец"	"Lang.dat: ShipName.Pirate.Peleng.63. Preserve every <tag> exactly. English reference:  Sheshelets"	"ShipName"	""
"/ShipName/Pirate/Peleng/64"	"ПепчакХан"	"Lang.dat: ShipName.Pirate.Peleng.64. Preserve every <tag> exactly. English reference:  PepchakKhan"	"ShipName"	""
"/ShipName/Pirate/Peleng/65"	"Чукунак"	"Lang.dat: ShipName.Pirate.Peleng.65. Preserve every <tag> exactly. English reference:  Chukunak"	"ShipName"	""
"/ShipName/Pirate/Peleng/66"	"Цинтакин"	"Lang.dat: ShipName.Pirate.Peleng.66. Preserve every <tag> exactly. English reference:  Tsintakin"	"ShipName"	""
"/ShipName/Pirate/Peleng/67"	"АлчакХан"	"Lang.dat: ShipName.Pirate.Peleng.67. Preserve every <tag> exactly. English reference:  AlchakKhan"	"ShipName"	""
"/ShipName/Pirate/Peleng/68"	"Онуша"	"Lang.dat: ShipName.Pirate.Peleng.68. Preserve every <tag> exactly. English reference:  Onusha"	"ShipName"	""
"/ShipName/Pirate/Peleng/69"	"Ахланис"	"Lang.dat: ShipName.Pirate.Peleng.69. Preserve every <tag> exactly. English reference:  AkhlР°nis"	"ShipName"	""
"/ShipName/Pirate/Peleng/7"	"Кош"	"Lang.dat: ShipName.Pirate.Peleng.7. Preserve every <tag> exactly. English reference: Kosh"	"ShipName"	""
"/ShipName/Pirate/Peleng/70"	"Крецкец"	"Lang.dat: ShipName.Pirate.Peleng.70. Preserve every <tag> exactly. English reference:  Kretskec"	"ShipName"	""
"/ShipName/Pirate/Peleng/71"	"Лачанта"	"Lang.dat: ShipName.Pirate.Peleng.71. Preserve every <tag> exactly. English reference:  Lachanta"	"ShipName"	""
"/ShipName/Pirate/Peleng/72"	"Пелипка"	"Lang.dat: ShipName.Pirate.Peleng.72. Preserve every <tag> exactly. English reference:  Pelipka"	"ShipName"	""
"/ShipName/Pirate/Peleng/73"	"Мокшин"	"Lang.dat: ShipName.Pirate.Peleng.73. Preserve every <tag> exactly. English reference:  Mokshin"	"ShipName"	""
"/ShipName/Pirate/Peleng/74"	"Селчацал"	"Lang.dat: ShipName.Pirate.Peleng.74. Preserve every <tag> exactly. English reference:  Selchatsal"	"ShipName"	""
"/ShipName/Pirate/Peleng/75"	"Чохтамыш"	"Lang.dat: ShipName.Pirate.Peleng.75. Preserve every <tag> exactly. English reference:  Chokhtamysh"	"ShipName"	""
"/ShipName/Pirate/Peleng/76"	"Чукигек"	"Lang.dat: ShipName.Pirate.Peleng.76. Preserve every <tag> exactly. English reference:  Chukigek"	"ShipName"	""
"/ShipName/Pirate/Peleng/77"	"Ощепацан"	"Lang.dat: ShipName.Pirate.Peleng.77. Preserve every <tag> exactly. English reference:  Oshchepatsan"	"ShipName"	""
"/ShipName/Pirate/Peleng/78"	"ЦеснаХан"	"Lang.dat: ShipName.Pirate.Peleng.78. Preserve every <tag> exactly. English reference:  TsesnaKhan"	"ShipName"	""
"/ShipName/Pirate/Peleng/79"	"Пепелац"	"Lang.dat: ShipName.Pirate.Peleng.79. Preserve every <tag> exactly. English reference:  Pepelats"	"ShipName"	""
"/ShipName/Pirate/Peleng/8"	"Келкацак"	"Lang.dat: ShipName.Pirate.Peleng.8. Preserve every <tag> exactly. English reference: Kelkatzak"	"ShipName"	""
"/ShipName/Pirate/Peleng/80"	"Целопуз"	"Lang.dat: ShipName.Pirate.Peleng.80. Preserve every <tag> exactly. English reference:  Tselopuz"	"ShipName"	""
"/ShipName/Pirate/Peleng/81"	"Цыкидан"	"Lang.dat: ShipName.Pirate.Peleng.81. Preserve every <tag> exactly. English reference:  Tsykidan"	"ShipName"	""
"/ShipName/Pirate/Peleng/82"	"Пацахиз"	"Lang.dat: ShipName.Pirate.Peleng.82. Preserve every <tag> exactly. English reference:  Patzakhiz"	"ShipName"	""
"/ShipName/Pirate/Peleng/83"	"МицХан"	"Lang.dat: ShipName.Pirate.Peleng.83. Preserve every <tag> exactly. English reference:  MitsKhan"	"ShipName"	""
"/ShipName/Pirate/Peleng/84"	"Шчуцжа"	"Lang.dat: ShipName.Pirate.Peleng.84. Preserve every <tag> exactly. English reference:  Shchutzha"	"ShipName"	""
"/ShipName/Pirate/Peleng/85"	"Цыкицак"	"Lang.dat: ShipName.Pirate.Peleng.85. Preserve every <tag> exactly. English reference:  Tsykitsak"	"ShipName"	""
"/ShipName/Pirate/Peleng/86"	"Щялчо"	"Lang.dat: ShipName.Pirate.Peleng.86. Preserve every <tag> exactly. English reference:  ShchyР°lcho"	"ShipName"	""
"/ShipName/Pirate/Peleng/87"	"Чокак"	"Lang.dat: ShipName.Pirate.Peleng.87. Preserve every <tag> exactly. English reference:  Chokak"	"ShipName"	""
"/ShipName/Pirate/Peleng/88"	"Чопочем"	"Lang.dat: ShipName.Pirate.Peleng.88. Preserve every <tag> exactly. English reference:  Chopochem"	"ShipName"	""
"/ShipName/Pirate/Peleng/89"	"Кимикора ст."	"Lang.dat: ShipName.Pirate.Peleng.89. Preserve every <tag> exactly. English reference:  Kimikora st."	"ShipName"	""
"/ShipName/Pirate/Peleng/9"	"Куйлакша"	"Lang.dat: ShipName.Pirate.Peleng.9. Preserve every <tag> exactly. English reference: Kuilaksha"	"ShipName"	""
"/ShipName/Pirate/Peleng/90"	"Кимикора мл."	"Lang.dat: ShipName.Pirate.Peleng.90. Preserve every <tag> exactly. English reference: Kimikora Jr."	"ShipName"	""
"/ShipName/Pirate/Peleng/91"	"Кимикора ср."	"Lang.dat: ShipName.Pirate.Peleng.91. Preserve every <tag> exactly. English reference: Kimikora Sr."	"ShipName"	""
"/ShipName/Pirate/Peleng/92"	"Гуслик"	"Lang.dat: ShipName.Pirate.Peleng.92. Preserve every <tag> exactly. English reference: Gopher"	"ShipName"	""
"/ShipName/Pirate/Peleng/93"	"Вислик"	"Lang.dat: ShipName.Pirate.Peleng.93. Preserve every <tag> exactly. English reference: Hiss"	"ShipName"	""
"/ShipName/Pirate/People/1"	"Агония"	"Lang.dat: ShipName.Pirate.People.1. Preserve every <tag> exactly. English reference: Agony"	"ShipName"	""
"/ShipName/Pirate/People/10"	"Годзилла"	"Lang.dat: ShipName.Pirate.People.10. Preserve every <tag> exactly. English reference: Godzilla"	"ShipName"	""
"/ShipName/Pirate/People/100"	"Психопат"	"Lang.dat: ShipName.Pirate.People.100. Preserve every <tag> exactly. English reference:  Dogcatcher"	"ShipName"	""
"/ShipName/Pirate/People/101"	"Йура"	"Lang.dat: ShipName.Pirate.People.101. Preserve every <tag> exactly. English reference:  Yura"	"ShipName"	""
"/ShipName/Pirate/People/102"	"Призрак"	"Lang.dat: ShipName.Pirate.People.102. Preserve every <tag> exactly. English reference:  Phantom"	"ShipName"	""
"/ShipName/Pirate/People/103"	"Автовор"	"Lang.dat: ShipName.Pirate.People.103. Preserve every <tag> exactly. English reference:  Avtoror"	"ShipName"	""
"/ShipName/Pirate/People/104"	"Бэдбой"	"Lang.dat: ShipName.Pirate.People.104. Preserve every <tag> exactly. English reference:  Badboy"	"ShipName"	""
"/ShipName/Pirate/People/105"	"Отмороз"	"Lang.dat: ShipName.Pirate.People.105. Preserve every <tag> exactly. English reference:  Otmoroz"	"ShipName"	""
"/ShipName/Pirate/People/106"	"Саша Белый"	"Lang.dat: ShipName.Pirate.People.106. Preserve every <tag> exactly. English reference:  Sasha Belly"	"ShipName"	""
"/ShipName/Pirate/People/107"	"Хейтер"	"Lang.dat: ShipName.Pirate.People.107. Preserve every <tag> exactly. English reference:  Heater"	"ShipName"	""
"/ShipName/Pirate/People/108"	"Сизый"	"Lang.dat: ShipName.Pirate.People.108. Preserve every <tag> exactly. English reference:  Sizy"	"ShipName"	""
"/ShipName/Pirate/People/109"	"Карнедж"	"Lang.dat: ShipName.Pirate.People.109. Preserve every <tag> exactly. English reference:  Karnedz"	"ShipName"	""
"/ShipName/Pirate/People/11"	"Гроб"	"Lang.dat: ShipName.Pirate.People.11. Preserve every <tag> exactly. English reference: Coffin"	"ShipName"	""
"/ShipName/Pirate/People/12"	"Гроза"	"Lang.dat: ShipName.Pirate.People.12. Preserve every <tag> exactly. English reference: Thunder"	"ShipName"	""
"/ShipName/Pirate/People/13"	"Дантист"	"Lang.dat: ShipName.Pirate.People.13. Preserve every <tag> exactly. English reference: Dentist"	"ShipName"	""
"/ShipName/Pirate/People/14"	"Демон"	"Lang.dat: ShipName.Pirate.People.14. Preserve every <tag> exactly. English reference: Demon"	"ShipName"	""
"/ShipName/Pirate/People/15"	"Добряк"	"Lang.dat: ShipName.Pirate.People.15. Preserve every <tag> exactly. English reference: Sweetheart"	"ShipName"	""
"/ShipName/Pirate/People/16"	"ДМБ"	"Lang.dat: ShipName.Pirate.People.16. Preserve every <tag> exactly. English reference: DMB"	"ShipName"	""
"/ShipName/Pirate/People/17"	"Зорро"	"Lang.dat: ShipName.Pirate.People.17. Preserve every <tag> exactly. English reference: Zorro"	"ShipName"	""
"/ShipName/Pirate/People/18"	"Каракатица"	"Lang.dat: ShipName.Pirate.People.18. Preserve every <tag> exactly. English reference: Cuttlefish"	"ShipName"	""
"/ShipName/Pirate/People/19"	"Каратель"	"Lang.dat: ShipName.Pirate.People.19. Preserve every <tag> exactly. English reference: Punisher"	"ShipName"	""
"/ShipName/Pirate/People/2"	"Анархист"	"Lang.dat: ShipName.Pirate.People.2. Preserve every <tag> exactly. English reference: Anarchist"	"ShipName"	""
"/ShipName/Pirate/People/20"	"Кашалот"	"Lang.dat: ShipName.Pirate.People.20. Preserve every <tag> exactly. English reference: Spermwhale"	"ShipName"	""
"/ShipName/Pirate/People/21"	"Кибермен"	"Lang.dat: ShipName.Pirate.People.21. Preserve every <tag> exactly. English reference: Cyberman"	"ShipName"	""
"/ShipName/Pirate/People/22"	"Китозавр"	"Lang.dat: ShipName.Pirate.People.22. Preserve every <tag> exactly. English reference: Whalosaurus"	"ShipName"	""
"/ShipName/Pirate/People/23"	"Коготь"	"Lang.dat: ShipName.Pirate.People.23. Preserve every <tag> exactly. English reference: Claw"	"ShipName"	""
"/ShipName/Pirate/People/24"	"Коса"	"Lang.dat: ShipName.Pirate.People.24. Preserve every <tag> exactly. English reference: Scythe"	"ShipName"	""
"/ShipName/Pirate/People/25"	"Крематорий"	"Lang.dat: ShipName.Pirate.People.25. Preserve every <tag> exactly. English reference: Crematorium"	"ShipName"	""
"/ShipName/Pirate/People/26"	"Кровавый"	"Lang.dat: ShipName.Pirate.People.26. Preserve every <tag> exactly. English reference: Bloody"	"ShipName"	""
"/ShipName/Pirate/People/27"	"Крылатый"	"Lang.dat: ShipName.Pirate.People.27. Preserve every <tag> exactly. English reference: Winged"	"ShipName"	""
"/ShipName/Pirate/People/28"	"Люцифер"	"Lang.dat: ShipName.Pirate.People.28. Preserve every <tag> exactly. English reference: Lucifer"	"ShipName"	""
"/ShipName/Pirate/People/29"	"Метеор"	"Lang.dat: ShipName.Pirate.People.29. Preserve every <tag> exactly. English reference: Meteor"	"ShipName"	""
"/ShipName/Pirate/People/3"	"Армагеддон"	"Lang.dat: ShipName.Pirate.People.3. Preserve every <tag> exactly. English reference: Armageddon"	"ShipName"	""
"/ShipName/Pirate/People/30"	"Пардон"	"Lang.dat: ShipName.Pirate.People.30. Preserve every <tag> exactly. English reference: Pardon"	"ShipName"	""
"/ShipName/Pirate/People/31"	"Палач"	"Lang.dat: ShipName.Pirate.People.31. Preserve every <tag> exactly. English reference: Executioner"	"ShipName"	""
"/ShipName/Pirate/People/32"	"Пацифист"	"Lang.dat: ShipName.Pirate.People.32. Preserve every <tag> exactly. English reference: Pacifist"	"ShipName"	""
"/ShipName/Pirate/People/33"	"Рубака"	"Lang.dat: ShipName.Pirate.People.33. Preserve every <tag> exactly. English reference: Slasher"	"ShipName"	""
"/ShipName/Pirate/People/34"	"Свобода"	"Lang.dat: ShipName.Pirate.People.34. Preserve every <tag> exactly. English reference: Freedom"	"ShipName"	""
"/ShipName/Pirate/People/35"	"Скряга"	"Lang.dat: ShipName.Pirate.People.35. Preserve every <tag> exactly. English reference: Scrooge"	"ShipName"	""
"/ShipName/Pirate/People/36"	"Смерть"	"Lang.dat: ShipName.Pirate.People.36. Preserve every <tag> exactly. English reference: Death"	"ShipName"	""
"/ShipName/Pirate/People/37"	"Стервятник"	"Lang.dat: ShipName.Pirate.People.37. Preserve every <tag> exactly. English reference: Vulture"	"ShipName"	""
"/ShipName/Pirate/People/38"	"Страсть"	"Lang.dat: ShipName.Pirate.People.38. Preserve every <tag> exactly. English reference: Passion"	"ShipName"	""
"/ShipName/Pirate/People/39"	"Страх"	"Lang.dat: ShipName.Pirate.People.39. Preserve every <tag> exactly. English reference: Fear"	"ShipName"	""
"/ShipName/Pirate/People/4"	"Бочка"	"Lang.dat: ShipName.Pirate.People.4. Preserve every <tag> exactly. English reference: Barrel"	"ShipName"	""
"/ShipName/Pirate/People/40"	"Тарзан"	"Lang.dat: ShipName.Pirate.People.40. Preserve every <tag> exactly. English reference: Tarzan"	"ShipName"	""
"/ShipName/Pirate/People/41"	"Террор"	"Lang.dat: ShipName.Pirate.People.41. Preserve every <tag> exactly. English reference: Terror"	"ShipName"	""
"/ShipName/Pirate/People/42"	"Толстяк"	"Lang.dat: ShipName.Pirate.People.42. Preserve every <tag> exactly. English reference: Fatman"	"ShipName"	""
"/ShipName/Pirate/People/43"	"Топор"	"Lang.dat: ShipName.Pirate.People.43. Preserve every <tag> exactly. English reference: Corkscrew"	"ShipName"	""
"/ShipName/Pirate/People/44"	"Тупарик"	"Lang.dat: ShipName.Pirate.People.44. Preserve every <tag> exactly. English reference: Dolt"	"ShipName"	""
"/ShipName/Pirate/People/45"	"Фобос"	"Lang.dat: ShipName.Pirate.People.45. Preserve every <tag> exactly. English reference: Phobos"	"ShipName"	""
"/ShipName/Pirate/People/46"	"Холод"	"Lang.dat: ShipName.Pirate.People.46. Preserve every <tag> exactly. English reference: Cold"	"ShipName"	""
"/ShipName/Pirate/People/47"	"Цезарь"	"Lang.dat: ShipName.Pirate.People.47. Preserve every <tag> exactly. English reference: Caesar"	"ShipName"	""
"/ShipName/Pirate/People/48"	"Череп"	"Lang.dat: ShipName.Pirate.People.48. Preserve every <tag> exactly. English reference: Skull"	"ShipName"	""
"/ShipName/Pirate/People/49"	"Черт"	"Lang.dat: ShipName.Pirate.People.49. Preserve every <tag> exactly. English reference: Devil"	"ShipName"	""
"/ShipName/Pirate/People/5"	"Броневой"	"Lang.dat: ShipName.Pirate.People.5. Preserve every <tag> exactly. English reference: Armored"	"ShipName"	""
"/ShipName/Pirate/People/50"	"Чума"	"Lang.dat: ShipName.Pirate.People.50. Preserve every <tag> exactly. English reference: Plague"	"ShipName"	""
"/ShipName/Pirate/People/51"	"Хипстер"	"Lang.dat: ShipName.Pirate.People.51. Preserve every <tag> exactly. English reference: Hipster"	"ShipName"	""
"/ShipName/Pirate/People/52"	"Кракен"	"Lang.dat: ShipName.Pirate.People.52. Preserve every <tag> exactly. English reference: Kraken"	"ShipName"	""
"/ShipName/Pirate/People/53"	"Реальный"	"Lang.dat: ShipName.Pirate.People.53. Preserve every <tag> exactly. English reference: Reality"	"ShipName"	""
"/ShipName/Pirate/People/54"	"Корыто"	"Lang.dat: ShipName.Pirate.People.54. Preserve every <tag> exactly. English reference: Crusty"	"ShipName"	""
"/ShipName/Pirate/People/55"	"Неизбежный"	"Lang.dat: ShipName.Pirate.People.55. Preserve every <tag> exactly. English reference: Unavoidable"	"ShipName"	""
"/ShipName/Pirate/People/56"	"Каракурт"	"Lang.dat: ShipName.Pirate.People.56. Preserve every <tag> exactly. English reference: Karakurt"	"ShipName"	""
"/ShipName/Pirate/People/57"	"Питбуль"	"Lang.dat: ShipName.Pirate.People.57. Preserve every <tag> exactly. English reference: Pitbull"	"ShipName"	""
"/ShipName/Pirate/People/58"	"Динамит"	"Lang.dat: ShipName.Pirate.People.58. Preserve every <tag> exactly. English reference: Dynamite"	"ShipName"	""
"/ShipName/Pirate/People/59"	"Взломщик"	"Lang.dat: ShipName.Pirate.People.59. Preserve every <tag> exactly. English reference: Burglar"	"ShipName"	""
"/ShipName/Pirate/People/6"	"Вампир"	"Lang.dat: ShipName.Pirate.People.6. Preserve every <tag> exactly. English reference: Vampire"	"ShipName"	""
"/ShipName/Pirate/People/60"	"Стенька"	"Lang.dat: ShipName.Pirate.People.60. Preserve every <tag> exactly. English reference: Stenka"	"ShipName"	""
"/ShipName/Pirate/People/61"	"Кошмар"	"Lang.dat: ShipName.Pirate.People.61. Preserve every <tag> exactly. English reference: Nightmare"	"ShipName"	""
"/ShipName/Pirate/People/62"	"Бутлегер"	"Lang.dat: ShipName.Pirate.People.62. Preserve every <tag> exactly. English reference: Bootlegger"	"ShipName"	""
"/ShipName/Pirate/People/63"	"Кредитор"	"Lang.dat: ShipName.Pirate.People.63. Preserve every <tag> exactly. English reference: The Creditor"	"ShipName"	""
"/ShipName/Pirate/People/64"	"Зловещий"	"Lang.dat: ShipName.Pirate.People.64. Preserve every <tag> exactly. English reference: Ominous"	"ShipName"	""
"/ShipName/Pirate/People/65"	"Саранча"	"Lang.dat: ShipName.Pirate.People.65. Preserve every <tag> exactly. English reference: Locust"	"ShipName"	""
"/ShipName/Pirate/People/66"	"Лапоть"	"Lang.dat: ShipName.Pirate.People.66. Preserve every <tag> exactly. English reference: The Bonnet"	"ShipName"	""
"/ShipName/Pirate/People/67"	"Крокодил"	"Lang.dat: ShipName.Pirate.People.67. Preserve every <tag> exactly. English reference: Crocodile"	"ShipName"	""
"/ShipName/Pirate/People/68"	"Гринго"	"Lang.dat: ShipName.Pirate.People.68. Preserve every <tag> exactly. English reference: Gringo"	"ShipName"	""
"/ShipName/Pirate/People/69"	"Диктатор"	"Lang.dat: ShipName.Pirate.People.69. Preserve every <tag> exactly. English reference: Dictator"	"ShipName"	""
"/ShipName/Pirate/People/7"	"Вирус"	"Lang.dat: ShipName.Pirate.People.7. Preserve every <tag> exactly. English reference: Virus"	"ShipName"	""
"/ShipName/Pirate/People/70"	"Весельчак"	"Lang.dat: ShipName.Pirate.People.70. Preserve every <tag> exactly. English reference: Hilarious"	"ShipName"	""
"/ShipName/Pirate/People/71"	"Кинжал"	"Lang.dat: ShipName.Pirate.People.71. Preserve every <tag> exactly. English reference: Dagger"	"ShipName"	""
"/ShipName/Pirate/People/72"	"Красавчик"	"Lang.dat: ShipName.Pirate.People.72. Preserve every <tag> exactly. English reference: Handsome"	"ShipName"	""
"/ShipName/Pirate/People/73"	"Вурдалак"	"Lang.dat: ShipName.Pirate.People.73. Preserve every <tag> exactly. English reference: Ghoul"	"ShipName"	""
"/ShipName/Pirate/People/74"	"Водоворот"	"Lang.dat: ShipName.Pirate.People.74. Preserve every <tag> exactly. English reference: The Whirlpool"	"ShipName"	""
"/ShipName/Pirate/People/75"	"Дырокол"	"Lang.dat: ShipName.Pirate.People.75. Preserve every <tag> exactly. English reference: Hole"	"ShipName"	""
"/ShipName/Pirate/People/76"	"Косяк"	"Lang.dat: ShipName.Pirate.People.76. Preserve every <tag> exactly. English reference: Jamb"	"ShipName"	""
"/ShipName/Pirate/People/77"	"Омлет"	"Lang.dat: ShipName.Pirate.People.77. Preserve every <tag> exactly. English reference: Omelette"	"ShipName"	""
"/ShipName/Pirate/People/78"	"Лангуст"	"Lang.dat: ShipName.Pirate.People.78. Preserve every <tag> exactly. English reference: Langust"	"ShipName"	""
"/ShipName/Pirate/People/79"	"Валера"	"Lang.dat: ShipName.Pirate.People.79. Preserve every <tag> exactly. English reference: Valley"	"ShipName"	""
"/ShipName/Pirate/People/8"	"Вышибала"	"Lang.dat: ShipName.Pirate.People.8. Preserve every <tag> exactly. English reference: Bouncer"	"ShipName"	""
"/ShipName/Pirate/People/80"	"Паровоз"	"Lang.dat: ShipName.Pirate.People.80. Preserve every <tag> exactly. English reference: Wagon"	"ShipName"	""
"/ShipName/Pirate/People/81"	"Мститель"	"Lang.dat: ShipName.Pirate.People.81. Preserve every <tag> exactly. English reference: Avenger"	"ShipName"	""
"/ShipName/Pirate/People/82"	"Попугай"	"Lang.dat: ShipName.Pirate.People.82. Preserve every <tag> exactly. English reference: Parrot"	"ShipName"	""
"/ShipName/Pirate/People/83"	"Кардан"	"Lang.dat: ShipName.Pirate.People.83. Preserve every <tag> exactly. English reference: Cardan"	"ShipName"	""
"/ShipName/Pirate/People/84"	"Немалок"	"Lang.dat: ShipName.Pirate.People.84. Preserve every <tag> exactly. English reference: Nemalok"	"ShipName"	""
"/ShipName/Pirate/People/85"	"Дурачок"	"Lang.dat: ShipName.Pirate.People.85. Preserve every <tag> exactly. English reference: Cricket"	"ShipName"	""
"/ShipName/Pirate/People/86"	"Кирпич"	"Lang.dat: ShipName.Pirate.People.86. Preserve every <tag> exactly. English reference: Brick"	"ShipName"	""
"/ShipName/Pirate/People/87"	"Блендер"	"Lang.dat: ShipName.Pirate.People.87. Preserve every <tag> exactly. English reference:  Blender"	"ShipName"	""
"/ShipName/Pirate/People/88"	"Яковка"	"Lang.dat: ShipName.Pirate.People.88. Preserve every <tag> exactly. English reference: Nut"	"ShipName"	""
"/ShipName/Pirate/People/89"	"Длинномер"	"Lang.dat: ShipName.Pirate.People.89. Preserve every <tag> exactly. English reference: Linometer"	"ShipName"	""
"/ShipName/Pirate/People/9"	"Гонзалес"	"Lang.dat: ShipName.Pirate.People.9. Preserve every <tag> exactly. English reference: Gonzales"	"ShipName"	""
"/ShipName/Pirate/People/90"	"Портной"	"Lang.dat: ShipName.Pirate.People.90. Preserve every <tag> exactly. English reference: Sailor"	"ShipName"	""
"/ShipName/Pirate/People/91"	"Врущий Ло"	"Lang.dat: ShipName.Pirate.People.91. Preserve every <tag> exactly. English reference: Lying Law"	"ShipName"	""
"/ShipName/Pirate/People/92"	"Анатоль Саныч"	"Lang.dat: ShipName.Pirate.People.92. Preserve every <tag> exactly. English reference: Anatol Sanych"	"ShipName"	""
"/ShipName/Pirate/People/93"	"Братишка"	"Lang.dat: ShipName.Pirate.People.93. Preserve every <tag> exactly. English reference: Brother"	"ShipName"	""
"/ShipName/Pirate/People/94"	"Кремний"	"Lang.dat: ShipName.Pirate.People.94. Preserve every <tag> exactly. English reference: Silicon"	"ShipName"	""
"/ShipName/Pirate/People/95"	"Чапай"	"Lang.dat: ShipName.Pirate.People.95. Preserve every <tag> exactly. English reference: Chapai"	"ShipName"	""
"/ShipName/Pirate/People/96"	"Чек"	"Lang.dat: ShipName.Pirate.People.96. Preserve every <tag> exactly. English reference: Chek"	"ShipName"	""
"/ShipName/Pirate/People/97"	"Рип"	"Lang.dat: ShipName.Pirate.People.97. Preserve every <tag> exactly. English reference: Rip"	"ShipName"	""
"/ShipName/Pirate/People/98"	"Монстр"	"Lang.dat: ShipName.Pirate.People.98. Preserve every <tag> exactly. English reference: Monster"	"ShipName"	""
"/ShipName/Pirate/People/99"	"Гамми Бир"	"Lang.dat: ShipName.Pirate.People.99. Preserve every <tag> exactly. English reference: Gummy Bear"	"ShipName"	""
"/ShipName/Ranger/Fei/1"	"Алеамис"	"Lang.dat: ShipName.Ranger.Fei.1. Preserve every <tag> exactly. English reference: Aleamis"	"ShipName"	""
"/ShipName/Ranger/Fei/10"	"Илганиа"	"Lang.dat: ShipName.Ranger.Fei.10. Preserve every <tag> exactly. English reference: Ilgania"	"ShipName"	""
"/ShipName/Ranger/Fei/11"	"Иммиотис"	"Lang.dat: ShipName.Ranger.Fei.11. Preserve every <tag> exactly. English reference: Immiotis"	"ShipName"	""
"/ShipName/Ranger/Fei/12"	"Илик"	"Lang.dat: ShipName.Ranger.Fei.12. Preserve every <tag> exactly. English reference: Ilick"	"ShipName"	""
"/ShipName/Ranger/Fei/13"	"Иффилай"	"Lang.dat: ShipName.Ranger.Fei.13. Preserve every <tag> exactly. English reference: Iffilay"	"ShipName"	""
"/ShipName/Ranger/Fei/14"	"Ланоакия"	"Lang.dat: ShipName.Ranger.Fei.14. Preserve every <tag> exactly. English reference: Lanoakia"	"ShipName"	""
"/ShipName/Ranger/Fei/15"	"Лаоффик"	"Lang.dat: ShipName.Ranger.Fei.15. Preserve every <tag> exactly. English reference: Laoffick"	"ShipName"	""
"/ShipName/Ranger/Fei/16"	"Лафойта"	"Lang.dat: ShipName.Ranger.Fei.16. Preserve every <tag> exactly. English reference: Lafoita"	"ShipName"	""
"/ShipName/Ranger/Fei/17"	"Лианарик"	"Lang.dat: ShipName.Ranger.Fei.17. Preserve every <tag> exactly. English reference: Lianarick"	"ShipName"	""
"/ShipName/Ranger/Fei/18"	"Менайкан"	"Lang.dat: ShipName.Ranger.Fei.18. Preserve every <tag> exactly. English reference: Menaikan"	"ShipName"	""
"/ShipName/Ranger/Fei/19"	"Миатаи"	"Lang.dat: ShipName.Ranger.Fei.19. Preserve every <tag> exactly. English reference: Miataie"	"ShipName"	""
"/ShipName/Ranger/Fei/2"	"Алиций"	"Lang.dat: ShipName.Ranger.Fei.2. Preserve every <tag> exactly. English reference: Alitzy"	"ShipName"	""
"/ShipName/Ranger/Fei/20"	"Милианай"	"Lang.dat: ShipName.Ranger.Fei.20. Preserve every <tag> exactly. English reference: Milianay"	"ShipName"	""
"/ShipName/Ranger/Fei/21"	"Метилла"	"Lang.dat: ShipName.Ranger.Fei.21. Preserve every <tag> exactly. English reference: Metilla"	"ShipName"	""
"/ShipName/Ranger/Fei/22"	"Нимаилта"	"Lang.dat: ShipName.Ranger.Fei.22. Preserve every <tag> exactly. English reference: Nimailta"	"ShipName"	""
"/ShipName/Ranger/Fei/23"	"Олиорси"	"Lang.dat: ShipName.Ranger.Fei.23. Preserve every <tag> exactly. English reference: Oliorsie"	"ShipName"	""
"/ShipName/Ranger/Fei/24"	"Олмилай"	"Lang.dat: ShipName.Ranger.Fei.24. Preserve every <tag> exactly. English reference: Olmilay"	"ShipName"	""
"/ShipName/Ranger/Fei/25"	"Оломайа"	"Lang.dat: ShipName.Ranger.Fei.25. Preserve every <tag> exactly. English reference: Olomaya"	"ShipName"	""
"/ShipName/Ranger/Fei/26"	"Онаемлак"	"Lang.dat: ShipName.Ranger.Fei.26. Preserve every <tag> exactly. English reference: Onaemlak"	"ShipName"	""
"/ShipName/Ranger/Fei/27"	"Онкиар"	"Lang.dat: ShipName.Ranger.Fei.27. Preserve every <tag> exactly. English reference: Onkiar"	"ShipName"	""
"/ShipName/Ranger/Fei/28"	"Раноялми"	"Lang.dat: ShipName.Ranger.Fei.28. Preserve every <tag> exactly. English reference: Ranoyalmie"	"ShipName"	""
"/ShipName/Ranger/Fei/29"	"Риторик"	"Lang.dat: ShipName.Ranger.Fei.29. Preserve every <tag> exactly. English reference: Ritorick"	"ShipName"	""
"/ShipName/Ranger/Fei/3"	"Алламиан"	"Lang.dat: ShipName.Ranger.Fei.3. Preserve every <tag> exactly. English reference: Allamian"	"ShipName"	""
"/ShipName/Ranger/Fei/30"	"Талайко"	"Lang.dat: ShipName.Ranger.Fei.30. Preserve every <tag> exactly. English reference: Talaiko"	"ShipName"	""
"/ShipName/Ranger/Fei/31"	"Тамиоллис"	"Lang.dat: ShipName.Ranger.Fei.31. Preserve every <tag> exactly. English reference: Tamiollis"	"ShipName"	""
"/ShipName/Ranger/Fei/32"	"Толоймак"	"Lang.dat: ShipName.Ranger.Fei.32. Preserve every <tag> exactly. English reference: Toloymak"	"ShipName"	""
"/ShipName/Ranger/Fei/33"	"Ула Ган"	"Lang.dat: ShipName.Ranger.Fei.33. Preserve every <tag> exactly. English reference: Ula Gun"	"ShipName"	""
"/ShipName/Ranger/Fei/34"	"Ула Фитай"	"Lang.dat: ShipName.Ranger.Fei.34. Preserve every <tag> exactly. English reference: Ula Fitay"	"ShipName"	""
"/ShipName/Ranger/Fei/35"	"Улка Нойма"	"Lang.dat: ShipName.Ranger.Fei.35. Preserve every <tag> exactly. English reference: Ulka Noima"	"ShipName"	""
"/ShipName/Ranger/Fei/36"	"Улла Исни"	"Lang.dat: ShipName.Ranger.Fei.36. Preserve every <tag> exactly. English reference: Ulla Isni"	"ShipName"	""
"/ShipName/Ranger/Fei/37"	"Умта Уоллис"	"Lang.dat: ShipName.Ranger.Fei.37. Preserve every <tag> exactly. English reference: Umta Wallis"	"ShipName"	""
"/ShipName/Ranger/Fei/38"	"Фанниян"	"Lang.dat: ShipName.Ranger.Fei.38. Preserve every <tag> exactly. English reference: Fannean"	"ShipName"	""
"/ShipName/Ranger/Fei/39"	"Фейриаган"	"Lang.dat: ShipName.Ranger.Fei.39. Preserve every <tag> exactly. English reference: Faeriagan"	"ShipName"	""
"/ShipName/Ranger/Fei/4"	"Амальгамма"	"Lang.dat: ShipName.Ranger.Fei.4. Preserve every <tag> exactly. English reference: Amalgamma"	"ShipName"	""
"/ShipName/Ranger/Fei/40"	"Финайла"	"Lang.dat: ShipName.Ranger.Fei.40. Preserve every <tag> exactly. English reference: Finaila"	"ShipName"	""
"/ShipName/Ranger/Fei/41"	"Элеймак"	"Lang.dat: ShipName.Ranger.Fei.41. Preserve every <tag> exactly. English reference: Eleimak"	"ShipName"	""
"/ShipName/Ranger/Fei/42"	"Элка-Ган"	"Lang.dat: ShipName.Ranger.Fei.42. Preserve every <tag> exactly. English reference: Elka-Gan"	"ShipName"	""
"/ShipName/Ranger/Fei/43"	"Элеомис"	"Lang.dat: ShipName.Ranger.Fei.43. Preserve every <tag> exactly. English reference: Eleomis"	"ShipName"	""
"/ShipName/Ranger/Fei/44"	"Элиамай"	"Lang.dat: ShipName.Ranger.Fei.44. Preserve every <tag> exactly. English reference: Eliamay"	"ShipName"	""
"/ShipName/Ranger/Fei/45"	"Элном Кара"	"Lang.dat: ShipName.Ranger.Fei.45. Preserve every <tag> exactly. English reference: Elnom Kara"	"ShipName"	""
"/ShipName/Ranger/Fei/46"	"Элко-Айра"	"Lang.dat: ShipName.Ranger.Fei.46. Preserve every <tag> exactly. English reference: Elko-Aira"	"ShipName"	""
"/ShipName/Ranger/Fei/47"	"Эллафис"	"Lang.dat: ShipName.Ranger.Fei.47. Preserve every <tag> exactly. English reference: Ellafis"	"ShipName"	""
"/ShipName/Ranger/Fei/48"	"Эллентар-По"	"Lang.dat: ShipName.Ranger.Fei.48. Preserve every <tag> exactly. English reference: Ellentar-Po"	"ShipName"	""
"/ShipName/Ranger/Fei/49"	"Экитармиссен"	"Lang.dat: ShipName.Ranger.Fei.49. Preserve every <tag> exactly. English reference: Ekitarmissen"	"ShipName"	""
"/ShipName/Ranger/Fei/5"	"Аниолнис"	"Lang.dat: ShipName.Ranger.Fei.5. Preserve every <tag> exactly. English reference: Aniolnis"	"ShipName"	""
"/ShipName/Ranger/Fei/50"	"Эо Нарик"	"Lang.dat: ShipName.Ranger.Fei.50. Preserve every <tag> exactly. English reference: Eo Narik"	"ShipName"	""
"/ShipName/Ranger/Fei/51"	"Линкс"	"Lang.dat: ShipName.Ranger.Fei.51. Preserve every <tag> exactly. English reference: Lynx"	"ShipName"	""
"/ShipName/Ranger/Fei/52"	"Дефрас"	"Lang.dat: ShipName.Ranger.Fei.52. Preserve every <tag> exactly. English reference: Defras"	"ShipName"	""
"/ShipName/Ranger/Fei/53"	"Тау-Сер"	"Lang.dat: ShipName.Ranger.Fei.53. Preserve every <tag> exactly. English reference: Tau Ser."	"ShipName"	""
"/ShipName/Ranger/Fei/54"	"Ифитлекс"	"Lang.dat: ShipName.Ranger.Fei.54. Preserve every <tag> exactly. English reference: Ifitlex"	"ShipName"	""
"/ShipName/Ranger/Fei/55"	"Ультимейт"	"Lang.dat: ShipName.Ranger.Fei.55. Preserve every <tag> exactly. English reference: Ultimate"	"ShipName"	""
"/ShipName/Ranger/Fei/56"	"Диим-Усик"	"Lang.dat: ShipName.Ranger.Fei.56. Preserve every <tag> exactly. English reference: Diim-Usik"	"ShipName"	""
"/ShipName/Ranger/Fei/57"	"Нимх"	"Lang.dat: ShipName.Ranger.Fei.57. Preserve every <tag> exactly. English reference: Nimh"	"ShipName"	""
"/ShipName/Ranger/Fei/58"	"Анатис"	"Lang.dat: ShipName.Ranger.Fei.58. Preserve every <tag> exactly. English reference: Anatis"	"ShipName"	""
"/ShipName/Ranger/Fei/59"	"Мертан"	"Lang.dat: ShipName.Ranger.Fei.59. Preserve every <tag> exactly. English reference: Mertan"	"ShipName"	""
"/ShipName/Ranger/Fei/6"	"Ассимай"	"Lang.dat: ShipName.Ranger.Fei.6. Preserve every <tag> exactly. English reference: Assimay"	"ShipName"	""
"/ShipName/Ranger/Fei/60"	"Минамото"	"Lang.dat: ShipName.Ranger.Fei.60. Preserve every <tag> exactly. English reference: Minamoto"	"ShipName"	""
"/ShipName/Ranger/Fei/7"	"Атакайло"	"Lang.dat: ShipName.Ranger.Fei.7. Preserve every <tag> exactly. English reference: Atackailo"	"ShipName"	""
"/ShipName/Ranger/Fei/8"	"Афайкай"	"Lang.dat: ShipName.Ranger.Fei.8. Preserve every <tag> exactly. English reference: Afaikay"	"ShipName"	""
"/ShipName/Ranger/Fei/9"	"Аэллон"	"Lang.dat: ShipName.Ranger.Fei.9. Preserve every <tag> exactly. English reference: Aellon"	"ShipName"	""
"/ShipName/Ranger/Gaal/1"	"Ални-Ир"	"Lang.dat: ShipName.Ranger.Gaal.1. Preserve every <tag> exactly. English reference: Alni-Ir"	"ShipName"	""
"/ShipName/Ranger/Gaal/10"	"Икеба"	"Lang.dat: ShipName.Ranger.Gaal.10. Preserve every <tag> exactly. English reference: Ikeba"	"ShipName"	""
"/ShipName/Ranger/Gaal/11"	"Илоса"	"Lang.dat: ShipName.Ranger.Gaal.11. Preserve every <tag> exactly. English reference: Ilosa"	"ShipName"	""
"/ShipName/Ranger/Gaal/12"	"Каамайра"	"Lang.dat: ShipName.Ranger.Gaal.12. Preserve every <tag> exactly. English reference: Kahamaira"	"ShipName"	""
"/ShipName/Ranger/Gaal/13"	"Кимаррак"	"Lang.dat: ShipName.Ranger.Gaal.13. Preserve every <tag> exactly. English reference: Kimarrak"	"ShipName"	""
"/ShipName/Ranger/Gaal/14"	"Клееон"	"Lang.dat: ShipName.Ranger.Gaal.14. Preserve every <tag> exactly. English reference: Kleeon"	"ShipName"	""
"/ShipName/Ranger/Gaal/15"	"Конгами"	"Lang.dat: ShipName.Ranger.Gaal.15. Preserve every <tag> exactly. English reference: Konghami"	"ShipName"	""
"/ShipName/Ranger/Gaal/16"	"Краамис"	"Lang.dat: ShipName.Ranger.Gaal.16. Preserve every <tag> exactly. English reference: Kraamis"	"ShipName"	""
"/ShipName/Ranger/Gaal/17"	"Лама-Ани"	"Lang.dat: ShipName.Ranger.Gaal.17. Preserve every <tag> exactly. English reference: Lama-Ani"	"ShipName"	""
"/ShipName/Ranger/Gaal/18"	"Леа-Аоран"	"Lang.dat: ShipName.Ranger.Gaal.18. Preserve every <tag> exactly. English reference: Lea-Aoran"	"ShipName"	""
"/ShipName/Ranger/Gaal/19"	"Леестак"	"Lang.dat: ShipName.Ranger.Gaal.19. Preserve every <tag> exactly. English reference: Leestak"	"ShipName"	""
"/ShipName/Ranger/Gaal/2"	"Антаанар"	"Lang.dat: ShipName.Ranger.Gaal.2. Preserve every <tag> exactly. English reference: Antaanar"	"ShipName"	""
"/ShipName/Ranger/Gaal/20"	"Летса-Ар"	"Lang.dat: ShipName.Ranger.Gaal.20. Preserve every <tag> exactly. English reference: Letsa-Ar"	"ShipName"	""
"/ShipName/Ranger/Gaal/21"	"Лобаамир"	"Lang.dat: ShipName.Ranger.Gaal.21. Preserve every <tag> exactly. English reference: Lobaamir"	"ShipName"	""
"/ShipName/Ranger/Gaal/22"	"Лоборви"	"Lang.dat: ShipName.Ranger.Gaal.22. Preserve every <tag> exactly. English reference: Loborvi"	"ShipName"	""
"/ShipName/Ranger/Gaal/23"	"Мелорри"	"Lang.dat: ShipName.Ranger.Gaal.23. Preserve every <tag> exactly. English reference: Mellori"	"ShipName"	""
"/ShipName/Ranger/Gaal/24"	"На-Аклари"	"Lang.dat: ShipName.Ranger.Gaal.24. Preserve every <tag> exactly. English reference: Na-Aklari"	"ShipName"	""
"/ShipName/Ranger/Gaal/25"	"Наран"	"Lang.dat: ShipName.Ranger.Gaal.25. Preserve every <tag> exactly. English reference: Naran"	"ShipName"	""
"/ShipName/Ranger/Gaal/26"	"Келлис"	"Lang.dat: ShipName.Ranger.Gaal.26. Preserve every <tag> exactly. English reference: Kellis"	"ShipName"	""
"/ShipName/Ranger/Gaal/27"	"Ороллин"	"Lang.dat: ShipName.Ranger.Gaal.27. Preserve every <tag> exactly. English reference: Orollin"	"ShipName"	""
"/ShipName/Ranger/Gaal/28"	"Ороонба"	"Lang.dat: ShipName.Ranger.Gaal.28. Preserve every <tag> exactly. English reference: Oroonba"	"ShipName"	""
"/ShipName/Ranger/Gaal/29"	"Оса-Атинни"	"Lang.dat: ShipName.Ranger.Gaal.29. Preserve every <tag> exactly. English reference: Osa-Atinni"	"ShipName"	""
"/ShipName/Ranger/Gaal/3"	"Бооматли"	"Lang.dat: ShipName.Ranger.Gaal.3. Preserve every <tag> exactly. English reference: Boomatli"	"ShipName"	""
"/ShipName/Ranger/Gaal/30"	"Памати"	"Lang.dat: ShipName.Ranger.Gaal.30. Preserve every <tag> exactly. English reference: Pamati"	"ShipName"	""
"/ShipName/Ranger/Gaal/31"	"Плиинор-Га"	"Lang.dat: ShipName.Ranger.Gaal.31. Preserve every <tag> exactly. English reference: Pliinor-Ga"	"ShipName"	""
"/ShipName/Ranger/Gaal/32"	"Прирамо"	"Lang.dat: ShipName.Ranger.Gaal.32. Preserve every <tag> exactly. English reference: Priramo"	"ShipName"	""
"/ShipName/Ranger/Gaal/33"	"Прооглин"	"Lang.dat: ShipName.Ranger.Gaal.33. Preserve every <tag> exactly. English reference: Prooglin"	"ShipName"	""
"/ShipName/Ranger/Gaal/34"	"Раа Мати"	"Lang.dat: ShipName.Ranger.Gaal.34. Preserve every <tag> exactly. English reference: Raa Mati"	"ShipName"	""
"/ShipName/Ranger/Gaal/35"	"Ртааток"	"Lang.dat: ShipName.Ranger.Gaal.35. Preserve every <tag> exactly. English reference: Rtaatok"	"ShipName"	""
"/ShipName/Ranger/Gaal/36"	"Рамисаак"	"Lang.dat: ShipName.Ranger.Gaal.36. Preserve every <tag> exactly. English reference: Ramisaak"	"ShipName"	""
"/ShipName/Ranger/Gaal/37"	"Ролаакан"	"Lang.dat: ShipName.Ranger.Gaal.37. Preserve every <tag> exactly. English reference: Rolaakan"	"ShipName"	""
"/ShipName/Ranger/Gaal/38"	"Рорра-Аки"	"Lang.dat: ShipName.Ranger.Gaal.38. Preserve every <tag> exactly. English reference: Rorra-Aki"	"ShipName"	""
"/ShipName/Ranger/Gaal/39"	"Саанри"	"Lang.dat: ShipName.Ranger.Gaal.39. Preserve every <tag> exactly. English reference: Saanri"	"ShipName"	""
"/ShipName/Ranger/Gaal/4"	"Браадис"	"Lang.dat: ShipName.Ranger.Gaal.4. Preserve every <tag> exactly. English reference: Braadis"	"ShipName"	""
"/ShipName/Ranger/Gaal/40"	"Смираан"	"Lang.dat: ShipName.Ranger.Gaal.40. Preserve every <tag> exactly. English reference: Smiraan"	"ShipName"	""
"/ShipName/Ranger/Gaal/41"	"Сооламис"	"Lang.dat: ShipName.Ranger.Gaal.41. Preserve every <tag> exactly. English reference: Soolamis"	"ShipName"	""
"/ShipName/Ranger/Gaal/42"	"Таамияк"	"Lang.dat: ShipName.Ranger.Gaal.42. Preserve every <tag> exactly. English reference: Taamiyak"	"ShipName"	""
"/ShipName/Ranger/Gaal/43"	"То-Олак"	"Lang.dat: ShipName.Ranger.Gaal.43. Preserve every <tag> exactly. English reference: To-Olak"	"ShipName"	""
"/ShipName/Ranger/Gaal/44"	"Траак"	"Lang.dat: ShipName.Ranger.Gaal.44. Preserve every <tag> exactly. English reference: Traak"	"ShipName"	""
"/ShipName/Ranger/Gaal/45"	"Улаан"	"Lang.dat: ShipName.Ranger.Gaal.45. Preserve every <tag> exactly. English reference: Ulaan"	"ShipName"	""
"/ShipName/Ranger/Gaal/46"	"Урааган"	"Lang.dat: ShipName.Ranger.Gaal.46. Preserve every <tag> exactly. English reference: Uraagan"	"ShipName"	""
"/ShipName/Ranger/Gaal/47"	"Фа-Арлан"	"Lang.dat: ShipName.Ranger.Gaal.47. Preserve every <tag> exactly. English reference: Fa-Arlan"	"ShipName"	""
"/ShipName/Ranger/Gaal/48"	"Фонтаами"	"Lang.dat: ShipName.Ranger.Gaal.48. Preserve every <tag> exactly. English reference: Fontaami"	"ShipName"	""
"/ShipName/Ranger/Gaal/49"	"Шоонари"	"Lang.dat: ShipName.Ranger.Gaal.49. Preserve every <tag> exactly. English reference: Shoonari"	"ShipName"	""
"/ShipName/Ranger/Gaal/5"	"Гааори"	"Lang.dat: ShipName.Ranger.Gaal.5. Preserve every <tag> exactly. English reference: Gaaori"	"ShipName"	""
"/ShipName/Ranger/Gaal/50"	"Янса-Анк"	"Lang.dat: ShipName.Ranger.Gaal.50. Preserve every <tag> exactly. English reference: Yansa-Ank"	"ShipName"	""
"/ShipName/Ranger/Gaal/51"	"Хаммер-Тоор"	"Lang.dat: ShipName.Ranger.Gaal.51. Preserve every <tag> exactly. English reference: Hammer-Thor"	"ShipName"	""
"/ShipName/Ranger/Gaal/52"	"Паак-Ман"	"Lang.dat: ShipName.Ranger.Gaal.52. Preserve every <tag> exactly. English reference: Paak-Man"	"ShipName"	""
"/ShipName/Ranger/Gaal/53"	"Тим Сан"	"Lang.dat: ShipName.Ranger.Gaal.53. Preserve every <tag> exactly. English reference: Tim Sun"	"ShipName"	""
"/ShipName/Ranger/Gaal/54"	"Зуулус"	"Lang.dat: ShipName.Ranger.Gaal.54. Preserve every <tag> exactly. English reference: Zuulus"	"ShipName"	""
"/ShipName/Ranger/Gaal/55"	"Вер-Иххард"	"Lang.dat: ShipName.Ranger.Gaal.55. Preserve every <tag> exactly. English reference: Wer-Ichhard"	"ShipName"	""
"/ShipName/Ranger/Gaal/56"	"Буумер"	"Lang.dat: ShipName.Ranger.Gaal.56. Preserve every <tag> exactly. English reference: Boomer"	"ShipName"	""
"/ShipName/Ranger/Gaal/57"	"Рус-Ман"	"Lang.dat: ShipName.Ranger.Gaal.57. Preserve every <tag> exactly. English reference: Rus-Man"	"ShipName"	""
"/ShipName/Ranger/Gaal/58"	"Лап"	"Lang.dat: ShipName.Ranger.Gaal.58. Preserve every <tag> exactly. English reference: Lap"	"ShipName"	""
"/ShipName/Ranger/Gaal/59"	"Коот"	"Lang.dat: ShipName.Ranger.Gaal.59. Preserve every <tag> exactly. English reference: Koot"	"ShipName"	""
"/ShipName/Ranger/Gaal/6"	"Гра-Аиро"	"Lang.dat: ShipName.Ranger.Gaal.6. Preserve every <tag> exactly. English reference: Gra-Airo"	"ShipName"	""
"/ShipName/Ranger/Gaal/7"	"Гроомак"	"Lang.dat: ShipName.Ranger.Gaal.7. Preserve every <tag> exactly. English reference: Groomak"	"ShipName"	""
"/ShipName/Ranger/Gaal/8"	"Даана"	"Lang.dat: ShipName.Ranger.Gaal.8. Preserve every <tag> exactly. English reference: Daana"	"ShipName"	""
"/ShipName/Ranger/Gaal/9"	"Залос"	"Lang.dat: ShipName.Ranger.Gaal.9. Preserve every <tag> exactly. English reference: Zalos"	"ShipName"	""
"/ShipName/Ranger/Maloc/1"	"Агоббор"	"Lang.dat: ShipName.Ranger.Maloc.1. Preserve every <tag> exactly. English reference: Agobbor"	"ShipName"	""
"/ShipName/Ranger/Maloc/10"	"Баракен"	"Lang.dat: ShipName.Ranger.Maloc.10. Preserve every <tag> exactly. English reference: Baracken"	"ShipName"	""
"/ShipName/Ranger/Maloc/11"	"Барогаб"	"Lang.dat: ShipName.Ranger.Maloc.11. Preserve every <tag> exactly. English reference: Barogab"	"ShipName"	""
"/ShipName/Ranger/Maloc/12"	"Батог"	"Lang.dat: ShipName.Ranger.Maloc.12. Preserve every <tag> exactly. English reference: Batog"	"ShipName"	""
"/ShipName/Ranger/Maloc/13"	"Блодро"	"Lang.dat: ShipName.Ranger.Maloc.13. Preserve every <tag> exactly. English reference: Blodro"	"ShipName"	""
"/ShipName/Ranger/Maloc/14"	"Борегрок"	"Lang.dat: ShipName.Ranger.Maloc.14. Preserve every <tag> exactly. English reference: Boregrock"	"ShipName"	""
"/ShipName/Ranger/Maloc/15"	"Брадор"	"Lang.dat: ShipName.Ranger.Maloc.15. Preserve every <tag> exactly. English reference: Brador"	"ShipName"	""
"/ShipName/Ranger/Maloc/16"	"Гадрак"	"Lang.dat: ShipName.Ranger.Maloc.16. Preserve every <tag> exactly. English reference: Gadrack"	"ShipName"	""
"/ShipName/Ranger/Maloc/17"	"Ганоддо"	"Lang.dat: ShipName.Ranger.Maloc.17. Preserve every <tag> exactly. English reference: Ganoddo"	"ShipName"	""
"/ShipName/Ranger/Maloc/18"	"Гоббар"	"Lang.dat: ShipName.Ranger.Maloc.18. Preserve every <tag> exactly. English reference: Gobbar"	"ShipName"	""
"/ShipName/Ranger/Maloc/19"	"Громкар"	"Lang.dat: ShipName.Ranger.Maloc.19. Preserve every <tag> exactly. English reference: Gromkar"	"ShipName"	""
"/ShipName/Ranger/Maloc/2"	"Алетагро"	"Lang.dat: ShipName.Ranger.Maloc.2. Preserve every <tag> exactly. English reference: Aletagro"	"ShipName"	""
"/ShipName/Ranger/Maloc/20"	"Грумандо"	"Lang.dat: ShipName.Ranger.Maloc.20. Preserve every <tag> exactly. English reference: Grumando"	"ShipName"	""
"/ShipName/Ranger/Maloc/21"	"Гудареб"	"Lang.dat: ShipName.Ranger.Maloc.21. Preserve every <tag> exactly. English reference: Gudareb"	"ShipName"	""
"/ShipName/Ranger/Maloc/22"	"Дантар"	"Lang.dat: ShipName.Ranger.Maloc.22. Preserve every <tag> exactly. English reference: Dantar"	"ShipName"	""
"/ShipName/Ranger/Maloc/23"	"Драген"	"Lang.dat: ShipName.Ranger.Maloc.23. Preserve every <tag> exactly. English reference: Dragen"	"ShipName"	""
"/ShipName/Ranger/Maloc/24"	"Дабчик"	"Lang.dat: ShipName.Ranger.Maloc.24. Preserve every <tag> exactly. English reference: Dabcheck"	"ShipName"	""
"/ShipName/Ranger/Maloc/25"	"Зерогуд"	"Lang.dat: ShipName.Ranger.Maloc.25. Preserve every <tag> exactly. English reference: Zerogood"	"ShipName"	""
"/ShipName/Ranger/Maloc/26"	"Зоггарто"	"Lang.dat: ShipName.Ranger.Maloc.26. Preserve every <tag> exactly. English reference: Zoggarto"	"ShipName"	""
"/ShipName/Ranger/Maloc/27"	"Кагон"	"Lang.dat: ShipName.Ranger.Maloc.27. Preserve every <tag> exactly. English reference: Kagon"	"ShipName"	""
"/ShipName/Ranger/Maloc/28"	"Кантебо"	"Lang.dat: ShipName.Ranger.Maloc.28. Preserve every <tag> exactly. English reference: Kantebo"	"ShipName"	""
"/ShipName/Ranger/Maloc/29"	"Келобар"	"Lang.dat: ShipName.Ranger.Maloc.29. Preserve every <tag> exactly. English reference: Kelobar"	"ShipName"	""
"/ShipName/Ranger/Maloc/3"	"Аргатру"	"Lang.dat: ShipName.Ranger.Maloc.3. Preserve every <tag> exactly. English reference: Argatrue"	"ShipName"	""
"/ShipName/Ranger/Maloc/30"	"Коргар"	"Lang.dat: ShipName.Ranger.Maloc.30. Preserve every <tag> exactly. English reference: Korgar"	"ShipName"	""
"/ShipName/Ranger/Maloc/31"	"Крандо"	"Lang.dat: ShipName.Ranger.Maloc.31. Preserve every <tag> exactly. English reference: Krando"	"ShipName"	""
"/ShipName/Ranger/Maloc/32"	"Кудорга"	"Lang.dat: ShipName.Ranger.Maloc.32. Preserve every <tag> exactly. English reference: Kudorga"	"ShipName"	""
"/ShipName/Ranger/Maloc/33"	"Модбор"	"Lang.dat: ShipName.Ranger.Maloc.33. Preserve every <tag> exactly. English reference: Modbor"	"ShipName"	""
"/ShipName/Ranger/Maloc/34"	"Моларбо"	"Lang.dat: ShipName.Ranger.Maloc.34. Preserve every <tag> exactly. English reference: Molarbo"	"ShipName"	""
"/ShipName/Ranger/Maloc/35"	"Монтер"	"Lang.dat: ShipName.Ranger.Maloc.35. Preserve every <tag> exactly. English reference: Monter"	"ShipName"	""
"/ShipName/Ranger/Maloc/36"	"Огандрок"	"Lang.dat: ShipName.Ranger.Maloc.36. Preserve every <tag> exactly. English reference: Ogandrock"	"ShipName"	""
"/ShipName/Ranger/Maloc/37"	"Орбан"	"Lang.dat: ShipName.Ranger.Maloc.37. Preserve every <tag> exactly. English reference: Orban"	"ShipName"	""
"/ShipName/Ranger/Maloc/38"	"Ордоруб"	"Lang.dat: ShipName.Ranger.Maloc.38. Preserve every <tag> exactly. English reference: Ordorub"	"ShipName"	""
"/ShipName/Ranger/Maloc/39"	"Проббар"	"Lang.dat: ShipName.Ranger.Maloc.39. Preserve every <tag> exactly. English reference: Probbar"	"ShipName"	""
"/ShipName/Ranger/Maloc/4"	"Аргеброн"	"Lang.dat: ShipName.Ranger.Maloc.4. Preserve every <tag> exactly. English reference: Argebron"	"ShipName"	""
"/ShipName/Ranger/Maloc/40"	"Рабрак"	"Lang.dat: ShipName.Ranger.Maloc.40. Preserve every <tag> exactly. English reference: Rabrak"	"ShipName"	""
"/ShipName/Ranger/Maloc/41"	"Ралого"	"Lang.dat: ShipName.Ranger.Maloc.41. Preserve every <tag> exactly. English reference: Ralogo"	"ShipName"	""
"/ShipName/Ranger/Maloc/42"	"Ратеброн"	"Lang.dat: ShipName.Ranger.Maloc.42. Preserve every <tag> exactly. English reference: Ratebron"	"ShipName"	""
"/ShipName/Ranger/Maloc/43"	"Рогазуб"	"Lang.dat: ShipName.Ranger.Maloc.43. Preserve every <tag> exactly. English reference: Rogazub"	"ShipName"	""
"/ShipName/Ranger/Maloc/44"	"Таландо"	"Lang.dat: ShipName.Ranger.Maloc.44. Preserve every <tag> exactly. English reference: Talando"	"ShipName"	""
"/ShipName/Ranger/Maloc/45"	"Тандрон"	"Lang.dat: ShipName.Ranger.Maloc.45. Preserve every <tag> exactly. English reference: Tandron"	"ShipName"	""
"/ShipName/Ranger/Maloc/46"	"Угарго"	"Lang.dat: ShipName.Ranger.Maloc.46. Preserve every <tag> exactly. English reference: Ugargo"	"ShipName"	""
"/ShipName/Ranger/Maloc/47"	"Удондер"	"Lang.dat: ShipName.Ranger.Maloc.47. Preserve every <tag> exactly. English reference: Wudonder"	"ShipName"	""
"/ShipName/Ranger/Maloc/48"	"Унабраг"	"Lang.dat: ShipName.Ranger.Maloc.48. Preserve every <tag> exactly. English reference: Unabrag"	"ShipName"	""
"/ShipName/Ranger/Maloc/49"	"Урагербо"	"Lang.dat: ShipName.Ranger.Maloc.49. Preserve every <tag> exactly. English reference: Uragerbo"	"ShipName"	""
"/ShipName/Ranger/Maloc/5"	"Ардогар"	"Lang.dat: ShipName.Ranger.Maloc.5. Preserve every <tag> exactly. English reference: Ardogar"	"ShipName"	""
"/ShipName/Ranger/Maloc/50"	"Урбаган"	"Lang.dat: ShipName.Ranger.Maloc.50. Preserve every <tag> exactly. English reference: Urbagan"	"ShipName"	""
"/ShipName/Ranger/Maloc/51"	"Моркар"	"Lang.dat: ShipName.Ranger.Maloc.51. Preserve every <tag> exactly. English reference: Morkar"	"ShipName"	""
"/ShipName/Ranger/Maloc/52"	"Бомбазук"	"Lang.dat: ShipName.Ranger.Maloc.52. Preserve every <tag> exactly. English reference: Bombazouk"	"ShipName"	""
"/ShipName/Ranger/Maloc/53"	"Бурбуз"	"Lang.dat: ShipName.Ranger.Maloc.53. Preserve every <tag> exactly. English reference: Burbuz"	"ShipName"	""
"/ShipName/Ranger/Maloc/6"	"Армаддак"	"Lang.dat: ShipName.Ranger.Maloc.6. Preserve every <tag> exactly. English reference: Armaddack"	"ShipName"	""
"/ShipName/Ranger/Maloc/7"	"Артелга"	"Lang.dat: ShipName.Ranger.Maloc.7. Preserve every <tag> exactly. English reference: Artelga"	"ShipName"	""
"/ShipName/Ranger/Maloc/8"	"Банарго"	"Lang.dat: ShipName.Ranger.Maloc.8. Preserve every <tag> exactly. English reference: Banargo"	"ShipName"	""
"/ShipName/Ranger/Maloc/9"	"Бандак"	"Lang.dat: ShipName.Ranger.Maloc.9. Preserve every <tag> exactly. English reference: Bandak"	"ShipName"	""
"/ShipName/Ranger/Peleng/1"	"Акеца"	"Lang.dat: ShipName.Ranger.Peleng.1. Preserve every <tag> exactly. English reference: Aketza"	"ShipName"	""
"/ShipName/Ranger/Peleng/10"	"Ашпарака"	"Lang.dat: ShipName.Ranger.Peleng.10. Preserve every <tag> exactly. English reference: Azhparaka"	"ShipName"	""
"/ShipName/Ranger/Peleng/11"	"Запецанец"	"Lang.dat: ShipName.Ranger.Peleng.11. Preserve every <tag> exactly. English reference: Zapetzanetz"	"ShipName"	""
"/ShipName/Ranger/Peleng/12"	"Зефик"	"Lang.dat: ShipName.Ranger.Peleng.12. Preserve every <tag> exactly. English reference: Zefik"	"ShipName"	""
"/ShipName/Ranger/Peleng/13"	"Йцухен"	"Lang.dat: ShipName.Ranger.Peleng.13. Preserve every <tag> exactly. English reference: Jtzukhen"	"ShipName"	""
"/ShipName/Ranger/Peleng/14"	"Кучма Хан"	"Lang.dat: ShipName.Ranger.Peleng.14. Preserve every <tag> exactly. English reference: Kuchma Khan"	"ShipName"	""
"/ShipName/Ranger/Peleng/15"	"Лаки Хан"	"Lang.dat: ShipName.Ranger.Peleng.15. Preserve every <tag> exactly. English reference: Lucky Khan"	"ShipName"	""
"/ShipName/Ranger/Peleng/16"	"Шак Мулда"	"Lang.dat: ShipName.Ranger.Peleng.16. Preserve every <tag> exactly. English reference: Shack Mulda"	"ShipName"	""
"/ShipName/Ranger/Peleng/17"	"Лошашка"	"Lang.dat: ShipName.Ranger.Peleng.17. Preserve every <tag> exactly. English reference: Loshashka"	"ShipName"	""
"/ShipName/Ranger/Peleng/18"	"Липецек"	"Lang.dat: ShipName.Ranger.Peleng.18. Preserve every <tag> exactly. English reference: Lipetzeck"	"ShipName"	""
"/ShipName/Ranger/Peleng/19"	"Ляха Моска"	"Lang.dat: ShipName.Ranger.Peleng.19. Preserve every <tag> exactly. English reference: Lyakha Moska"	"ShipName"	""
"/ShipName/Ranger/Peleng/2"	"Ацелло"	"Lang.dat: ShipName.Ranger.Peleng.2. Preserve every <tag> exactly. English reference: Atzello"	"ShipName"	""
"/ShipName/Ranger/Peleng/20"	"Ошира Бен"	"Lang.dat: ShipName.Ranger.Peleng.20. Preserve every <tag> exactly. English reference: Oshira Ben"	"ShipName"	""
"/ShipName/Ranger/Peleng/21"	"Паша Бен"	"Lang.dat: ShipName.Ranger.Peleng.21. Preserve every <tag> exactly. English reference: Pasha Ben"	"ShipName"	""
"/ShipName/Ranger/Peleng/22"	"Пехи Монца"	"Lang.dat: ShipName.Ranger.Peleng.22. Preserve every <tag> exactly. English reference: Pekhi Montza"	"ShipName"	""
"/ShipName/Ranger/Peleng/23"	"Пехи Дан"	"Lang.dat: ShipName.Ranger.Peleng.23. Preserve every <tag> exactly. English reference: Pekhi Dan"	"ShipName"	""
"/ShipName/Ranger/Peleng/24"	"Рах Цулан"	"Lang.dat: ShipName.Ranger.Peleng.24. Preserve every <tag> exactly. English reference: Rakh Tzulan"	"ShipName"	""
"/ShipName/Ranger/Peleng/25"	"Рацоккиш"	"Lang.dat: ShipName.Ranger.Peleng.25. Preserve every <tag> exactly. English reference: Ratzokkish"	"ShipName"	""
"/ShipName/Ranger/Peleng/26"	"Рипаципа"	"Lang.dat: ShipName.Ranger.Peleng.26. Preserve every <tag> exactly. English reference: Ripatzipa"	"ShipName"	""
"/ShipName/Ranger/Peleng/27"	"Рийомайцах"	"Lang.dat: ShipName.Ranger.Peleng.27. Preserve every <tag> exactly. English reference: Rijomaitzakh"	"ShipName"	""
"/ShipName/Ranger/Peleng/28"	"Сайлакаш"	"Lang.dat: ShipName.Ranger.Peleng.28. Preserve every <tag> exactly. English reference: Sailakash"	"ShipName"	""
"/ShipName/Ranger/Peleng/29"	"Цац Илкаш"	"Lang.dat: ShipName.Ranger.Peleng.29. Preserve every <tag> exactly. English reference: Tzatz Ilkash"	"ShipName"	""
"/ShipName/Ranger/Peleng/3"	"Алтикшан"	"Lang.dat: ShipName.Ranger.Peleng.3. Preserve every <tag> exactly. English reference: Altikshan"	"ShipName"	""
"/ShipName/Ranger/Peleng/30"	"Сиша Цвах"	"Lang.dat: ShipName.Ranger.Peleng.30. Preserve every <tag> exactly. English reference: Sisha Tzvakh"	"ShipName"	""
"/ShipName/Ranger/Peleng/31"	"Таша"	"Lang.dat: ShipName.Ranger.Peleng.31. Preserve every <tag> exactly. English reference: Tasha"	"ShipName"	""
"/ShipName/Ranger/Peleng/32"	"Улляланка"	"Lang.dat: ShipName.Ranger.Peleng.32. Preserve every <tag> exactly. English reference: Ullyalanka"	"ShipName"	""
"/ShipName/Ranger/Peleng/33"	"Уляпка"	"Lang.dat: ShipName.Ranger.Peleng.33. Preserve every <tag> exactly. English reference: Ulyapka"	"ShipName"	""
"/ShipName/Ranger/Peleng/34"	"Ухматеуш"	"Lang.dat: ShipName.Ranger.Peleng.34. Preserve every <tag> exactly. English reference: Ukhmateush"	"ShipName"	""
"/ShipName/Ranger/Peleng/35"	"Ука Мерзоцина"	"Lang.dat: ShipName.Ranger.Peleng.35. Preserve every <tag> exactly. English reference: Uka Merzotzina"	"ShipName"	""
"/ShipName/Ranger/Peleng/36"	"Хендрик"	"Lang.dat: ShipName.Ranger.Peleng.36. Preserve every <tag> exactly. English reference: Hendrick"	"ShipName"	""
"/ShipName/Ranger/Peleng/37"	"Цайкан По"	"Lang.dat: ShipName.Ranger.Peleng.37. Preserve every <tag> exactly. English reference: Tzaikan Po"	"ShipName"	""
"/ShipName/Ranger/Peleng/38"	"Цантакиш"	"Lang.dat: ShipName.Ranger.Peleng.38. Preserve every <tag> exactly. English reference: Tzantakish"	"ShipName"	""
"/ShipName/Ranger/Peleng/39"	"Цапиль"	"Lang.dat: ShipName.Ranger.Peleng.39. Preserve every <tag> exactly. English reference: Tzapil"	"ShipName"	""
"/ShipName/Ranger/Peleng/4"	"Ацубенчик"	"Lang.dat: ShipName.Ranger.Peleng.4. Preserve every <tag> exactly. English reference: Atzubenchick"	"ShipName"	""
"/ShipName/Ranger/Peleng/40"	"Царондо"	"Lang.dat: ShipName.Ranger.Peleng.40. Preserve every <tag> exactly. English reference: Tzarondo"	"ShipName"	""
"/ShipName/Ranger/Peleng/41"	"Цедила"	"Lang.dat: ShipName.Ranger.Peleng.41. Preserve every <tag> exactly. English reference: Tzedila"	"ShipName"	""
"/ShipName/Ranger/Peleng/42"	"Цишилкис"	"Lang.dat: ShipName.Ranger.Peleng.42. Preserve every <tag> exactly. English reference: Tzishilkis"	"ShipName"	""
"/ShipName/Ranger/Peleng/43"	"Цурилшек"	"Lang.dat: ShipName.Ranger.Peleng.43. Preserve every <tag> exactly. English reference: Tzurilshek"	"ShipName"	""
"/ShipName/Ranger/Peleng/44"	"Цыхуля"	"Lang.dat: ShipName.Ranger.Peleng.44. Preserve every <tag> exactly. English reference: Tzikhulya"	"ShipName"	""
"/ShipName/Ranger/Peleng/45"	"Чахратак"	"Lang.dat: ShipName.Ranger.Peleng.45. Preserve every <tag> exactly. English reference: Chakhratack"	"ShipName"	""
"/ShipName/Ranger/Peleng/46"	"Чецелякиш"	"Lang.dat: ShipName.Ranger.Peleng.46. Preserve every <tag> exactly. English reference: Chetzelyakish"	"ShipName"	""
"/ShipName/Ranger/Peleng/47"	"Чатлан По"	"Lang.dat: ShipName.Ranger.Peleng.47. Preserve every <tag> exactly. English reference: Chatlan Po"	"ShipName"	""
"/ShipName/Ranger/Peleng/48"	"Шапацак"	"Lang.dat: ShipName.Ranger.Peleng.48. Preserve every <tag> exactly. English reference: Shapatzack"	"ShipName"	""
"/ShipName/Ranger/Peleng/49"	"Пацакен"	"Lang.dat: ShipName.Ranger.Peleng.49. Preserve every <tag> exactly. English reference: Patzaken"	"ShipName"	""
"/ShipName/Ranger/Peleng/5"	"Асселцак"	"Lang.dat: ShipName.Ranger.Peleng.5. Preserve every <tag> exactly. English reference: Asseltzack"	"ShipName"	""
"/ShipName/Ranger/Peleng/50"	"Язилла Цукен"	"Lang.dat: ShipName.Ranger.Peleng.50. Preserve every <tag> exactly. English reference: Yazilla Tzuken"	"ShipName"	""
"/ShipName/Ranger/Peleng/51"	"Борзук Хан"	"Lang.dat: ShipName.Ranger.Peleng.51. Preserve every <tag> exactly. English reference: Borzouk Khan"	"ShipName"	""
"/ShipName/Ranger/Peleng/52"	"Демак Хан"	"Lang.dat: ShipName.Ranger.Peleng.52. Preserve every <tag> exactly. English reference: Demak Khan"	"ShipName"	""
"/ShipName/Ranger/Peleng/53"	"Дезмант По"	"Lang.dat: ShipName.Ranger.Peleng.53. Preserve every <tag> exactly. English reference: Dezmant Po"	"ShipName"	""
"/ShipName/Ranger/Peleng/54"	"Лайцбрингер"	"Lang.dat: ShipName.Ranger.Peleng.54. Preserve every <tag> exactly. English reference: Leitzbringer"	"ShipName"	""
"/ShipName/Ranger/Peleng/55"	"Акситон"	"Lang.dat: ShipName.Ranger.Peleng.55. Preserve every <tag> exactly. English reference: Axiton"	"ShipName"	""
"/ShipName/Ranger/Peleng/6"	"Ахайа"	"Lang.dat: ShipName.Ranger.Peleng.6. Preserve every <tag> exactly. English reference: Ahaja"	"ShipName"	""
"/ShipName/Ranger/Peleng/7"	"Ацакша"	"Lang.dat: ShipName.Ranger.Peleng.7. Preserve every <tag> exactly. English reference: Atzaksha"	"ShipName"	""
"/ShipName/Ranger/Peleng/8"	"Ацикерс"	"Lang.dat: ShipName.Ranger.Peleng.8. Preserve every <tag> exactly. English reference: Atzickers"	"ShipName"	""
"/ShipName/Ranger/Peleng/9"	"Ацка"	"Lang.dat: ShipName.Ranger.Peleng.9. Preserve every <tag> exactly. English reference: Atzka"	"ShipName"	""
"/ShipName/Ranger/People/1"	"Аббат"	"Lang.dat: ShipName.Ranger.People.1. Preserve every <tag> exactly. English reference: Abbot"	"ShipName"	""
"/ShipName/Ranger/People/10"	"Бромшвейгер"	"Lang.dat: ShipName.Ranger.People.10. Preserve every <tag> exactly. English reference: Braunschweiger"	"ShipName"	""
"/ShipName/Ranger/People/11"	"Виктор"	"Lang.dat: ShipName.Ranger.People.11. Preserve every <tag> exactly. English reference: Victor"	"ShipName"	""
"/ShipName/Ranger/People/12"	"Винсент"	"Lang.dat: ShipName.Ranger.People.12. Preserve every <tag> exactly. English reference: Vincent"	"ShipName"	""
"/ShipName/Ranger/People/13"	"Герхард"	"Lang.dat: ShipName.Ranger.People.13. Preserve every <tag> exactly. English reference: Gerhard"	"ShipName"	""
"/ShipName/Ranger/People/14"	"Данила"	"Lang.dat: ShipName.Ranger.People.14. Preserve every <tag> exactly. English reference: Daniel"	"ShipName"	""
"/ShipName/Ranger/People/15"	"Греф"	"Lang.dat: ShipName.Ranger.People.15. Preserve every <tag> exactly. English reference: Graefe"	"ShipName"	""
"/ShipName/Ranger/People/16"	"Джохан"	"Lang.dat: ShipName.Ranger.People.16. Preserve every <tag> exactly. English reference: Johan"	"ShipName"	""
"/ShipName/Ranger/People/17"	"Дик"	"Lang.dat: ShipName.Ranger.People.17. Preserve every <tag> exactly. English reference: Dick"	"ShipName"	""
"/ShipName/Ranger/People/18"	"Дмитрий"	"Lang.dat: ShipName.Ranger.People.18. Preserve every <tag> exactly. English reference: Dean"	"ShipName"	""
"/ShipName/Ranger/People/19"	"Жорж"	"Lang.dat: ShipName.Ranger.People.19. Preserve every <tag> exactly. English reference: George"	"ShipName"	""
"/ShipName/Ranger/People/2"	"Адамастис"	"Lang.dat: ShipName.Ranger.People.2. Preserve every <tag> exactly. English reference: Adamastis"	"ShipName"	""
"/ShipName/Ranger/People/20"	"Иоган"	"Lang.dat: ShipName.Ranger.People.20. Preserve every <tag> exactly. English reference: Jonah"	"ShipName"	""
"/ShipName/Ranger/People/21"	"Константин"	"Lang.dat: ShipName.Ranger.People.21. Preserve every <tag> exactly. English reference: Constantine"	"ShipName"	""
"/ShipName/Ranger/People/22"	"Корнилий"	"Lang.dat: ShipName.Ranger.People.22. Preserve every <tag> exactly. English reference: Cornelius"	"ShipName"	""
"/ShipName/Ranger/People/23"	"Леонардо"	"Lang.dat: ShipName.Ranger.People.23. Preserve every <tag> exactly. English reference: Leonardo"	"ShipName"	""
"/ShipName/Ranger/People/24"	"Леонид"	"Lang.dat: ShipName.Ranger.People.24. Preserve every <tag> exactly. English reference: Leo"	"ShipName"	""
"/ShipName/Ranger/People/25"	"Лука"	"Lang.dat: ShipName.Ranger.People.25. Preserve every <tag> exactly. English reference: Lucas"	"ShipName"	""
"/ShipName/Ranger/People/26"	"Марк"	"Lang.dat: ShipName.Ranger.People.26. Preserve every <tag> exactly. English reference: Mark"	"ShipName"	""
"/ShipName/Ranger/People/27"	"Микита"	"Lang.dat: ShipName.Ranger.People.27. Preserve every <tag> exactly. English reference: Michael"	"ShipName"	""
"/ShipName/Ranger/People/28"	"Маза"	"Lang.dat: ShipName.Ranger.People.28. Preserve every <tag> exactly. English reference: Maza"	"ShipName"	""
"/ShipName/Ranger/People/29"	"Нео"	"Lang.dat: ShipName.Ranger.People.29. Preserve every <tag> exactly. English reference: Neo"	"ShipName"	""
"/ShipName/Ranger/People/3"	"Алан"	"Lang.dat: ShipName.Ranger.People.3. Preserve every <tag> exactly. English reference: Allan"	"ShipName"	""
"/ShipName/Ranger/People/30"	"О'Мэллор"	"Lang.dat: ShipName.Ranger.People.30. Preserve every <tag> exactly. English reference: O'Mellor"	"ShipName"	""
"/ShipName/Ranger/People/31"	"Оскар"	"Lang.dat: ShipName.Ranger.People.31. Preserve every <tag> exactly. English reference: Oscar"	"ShipName"	""
"/ShipName/Ranger/People/32"	"Патрик"	"Lang.dat: ShipName.Ranger.People.32. Preserve every <tag> exactly. English reference: Patrick"	"ShipName"	""
"/ShipName/Ranger/People/33"	"Петер"	"Lang.dat: ShipName.Ranger.People.33. Preserve every <tag> exactly. English reference: Peter"	"ShipName"	""
"/ShipName/Ranger/People/34"	"Пирр"	"Lang.dat: ShipName.Ranger.People.34. Preserve every <tag> exactly. English reference: Pierre"	"ShipName"	""
"/ShipName/Ranger/People/35"	"Рикардо"	"Lang.dat: ShipName.Ranger.People.35. Preserve every <tag> exactly. English reference: Ricardo"	"ShipName"	""
"/ShipName/Ranger/People/36"	"Робин"	"Lang.dat: ShipName.Ranger.People.36. Preserve every <tag> exactly. English reference: Robin"	"ShipName"	""
"/ShipName/Ranger/People/37"	"Роджер"	"Lang.dat: ShipName.Ranger.People.37. Preserve every <tag> exactly. English reference: Roger"	"ShipName"	""
"/ShipName/Ranger/People/38"	"Саб"	"Lang.dat: ShipName.Ranger.People.38. Preserve every <tag> exactly. English reference: Sub"	"ShipName"	""
"/ShipName/Ranger/People/39"	"Синклер"	"Lang.dat: ShipName.Ranger.People.39. Preserve every <tag> exactly. English reference: Sinclair"	"ShipName"	""
"/ShipName/Ranger/People/4"	"Аликс"	"Lang.dat: ShipName.Ranger.People.4. Preserve every <tag> exactly. English reference: Alex"	"ShipName"	""
"/ShipName/Ranger/People/40"	"Тимофей"	"Lang.dat: ShipName.Ranger.People.40. Preserve every <tag> exactly. English reference: Timothy"	"ShipName"	""
"/ShipName/Ranger/People/41"	"Томми"	"Lang.dat: ShipName.Ranger.People.41. Preserve every <tag> exactly. English reference: Tommy"	"ShipName"	""
"/ShipName/Ranger/People/42"	"Ульрих"	"Lang.dat: ShipName.Ranger.People.42. Preserve every <tag> exactly. English reference: Ulrich"	"ShipName"	""
"/ShipName/Ranger/People/43"	"Уордер"	"Lang.dat: ShipName.Ranger.People.43. Preserve every <tag> exactly. English reference: Warder"	"ShipName"	""
"/ShipName/Ranger/People/44"	"Фердинанд"	"Lang.dat: ShipName.Ranger.People.44. Preserve every <tag> exactly. English reference: Ferdinand"	"ShipName"	""
"/ShipName/Ranger/People/45"	"Шварц"	"Lang.dat: ShipName.Ranger.People.45. Preserve every <tag> exactly. English reference: Schwartz"	"ShipName"	""
"/ShipName/Ranger/People/46"	"Шелдон"	"Lang.dat: ShipName.Ranger.People.46. Preserve every <tag> exactly. English reference: Sheldon"	"ShipName"	""
"/ShipName/Ranger/People/47"	"Шугерт"	"Lang.dat: ShipName.Ranger.People.47. Preserve every <tag> exactly. English reference: Schugert"	"ShipName"	""
"/ShipName/Ranger/People/48"	"Эдуард"	"Lang.dat: ShipName.Ranger.People.48. Preserve every <tag> exactly. English reference: Edward"	"ShipName"	""
"/ShipName/Ranger/People/49"	"Эраст"	"Lang.dat: ShipName.Ranger.People.49. Preserve every <tag> exactly. English reference: Eric"	"ShipName"	""
"/ShipName/Ranger/People/5"	"Альберт"	"Lang.dat: ShipName.Ranger.People.5. Preserve every <tag> exactly. English reference: Albert"	"ShipName"	""
"/ShipName/Ranger/People/50"	"Эрнан"	"Lang.dat: ShipName.Ranger.People.50. Preserve every <tag> exactly. English reference: Ernest"	"ShipName"	""
"/ShipName/Ranger/People/51"	"Кос"	"Lang.dat: ShipName.Ranger.People.51. Preserve every <tag> exactly. English reference: Cos"	"ShipName"	""
"/ShipName/Ranger/People/52"	"Костоправ"	"Lang.dat: ShipName.Ranger.People.52. Preserve every <tag> exactly. English reference: Assistant"	"ShipName"	""
"/ShipName/Ranger/People/53"	"Альба"	"Lang.dat: ShipName.Ranger.People.53. Preserve every <tag> exactly. English reference: Alba"	"ShipName"	""
"/ShipName/Ranger/People/54"	"Паладин"	"Lang.dat: ShipName.Ranger.People.54. Preserve every <tag> exactly. English reference: Paladin"	"ShipName"	""
"/ShipName/Ranger/People/55"	"Арсений"	"Lang.dat: ShipName.Ranger.People.55. Preserve every <tag> exactly. English reference: Arseniy"	"ShipName"	""
"/ShipName/Ranger/People/56"	"Сичер"	"Lang.dat: ShipName.Ranger.People.56. Preserve every <tag> exactly. English reference: Sicher"	"ShipName"	""
"/ShipName/Ranger/People/57"	"Сова"	"Lang.dat: ShipName.Ranger.People.57. Preserve every <tag> exactly. English reference: Sova"	"ShipName"	""
"/ShipName/Ranger/People/58"	"Стен"	"Lang.dat: ShipName.Ranger.People.58. Preserve every <tag> exactly. English reference: Sten"	"ShipName"	""
"/ShipName/Ranger/People/59"	"Инди"	"Lang.dat: ShipName.Ranger.People.59. Preserve every <tag> exactly. English reference: Indy"	"ShipName"	""
"/ShipName/Ranger/People/6"	"Антон"	"Lang.dat: ShipName.Ranger.People.6. Preserve every <tag> exactly. English reference: Anton"	"ShipName"	""
"/ShipName/Ranger/People/60"	"ЭльМарио"	"Lang.dat: ShipName.Ranger.People.60. Preserve every <tag> exactly."	"ShipName"	""
"/ShipName/Ranger/People/61"	"Ксорыч"	"Lang.dat: ShipName.Ranger.People.61. Preserve every <tag> exactly. English reference: Xoroch"	"ShipName"	""
"/ShipName/Ranger/People/62"	"Давыдушка"	"Lang.dat: ShipName.Ranger.People.62. Preserve every <tag> exactly. English reference: Davydushka"	"ShipName"	""
"/ShipName/Ranger/People/63"	"Чит"	"Lang.dat: ShipName.Ranger.People.63. Preserve every <tag> exactly. English reference: Cheat"	"ShipName"	""
"/ShipName/Ranger/People/64"	"Кен Смоллетт"	"Lang.dat: ShipName.Ranger.People.64. Preserve every <tag> exactly. English reference: Ken Smalllett"	"ShipName"	""
"/ShipName/Ranger/People/65"	"Газаход"	"Lang.dat: ShipName.Ranger.People.65. Preserve every <tag> exactly. English reference: Gazing"	"ShipName"	""
"/ShipName/Ranger/People/66"	"Абрам Форевер"	"Lang.dat: ShipName.Ranger.People.66. Preserve every <tag> exactly. English reference: Abram Forever"	"ShipName"	""
"/ShipName/Ranger/People/67"	"Крамер"	"Lang.dat: ShipName.Ranger.People.67. Preserve every <tag> exactly. English reference: Kramer"	"ShipName"	""
"/ShipName/Ranger/People/68"	"Доктор"	"Lang.dat: ShipName.Ranger.People.68. Preserve every <tag> exactly. English reference: Doctor"	"ShipName"	""
"/ShipName/Ranger/People/69"	"ЭльХрено"	"Lang.dat: ShipName.Ranger.People.69. Preserve every <tag> exactly. English reference: ElHreno"	"ShipName"	""
"/ShipName/Ranger/People/7"	"Аристарх"	"Lang.dat: ShipName.Ranger.People.7. Preserve every <tag> exactly. English reference: Ariel"	"ShipName"	""
"/ShipName/Ranger/People/8"	"Арнольд"	"Lang.dat: ShipName.Ranger.People.8. Preserve every <tag> exactly. English reference: Arnold"	"ShipName"	""
"/ShipName/Ranger/People/9"	"Гомез"	"Lang.dat: ShipName.Ranger.People.9. Preserve every <tag> exactly. English reference: White"	"ShipName"	""
"/ShipName/Transport/Fei/1"	"Аенай"	"Lang.dat: ShipName.Transport.Fei.1. Preserve every <tag> exactly. English reference: Aenay"	"ShipName"	""
"/ShipName/Transport/Fei/10"	"Анаинни"	"Lang.dat: ShipName.Transport.Fei.10. Preserve every <tag> exactly. English reference: Anainny"	"ShipName"	""
"/ShipName/Transport/Fei/100"	"Уаталки"	"Lang.dat: ShipName.Transport.Fei.100. Preserve every <tag> exactly. English reference: Uutalki"	"ShipName"	""
"/ShipName/Transport/Fei/101"	"Уйиани"	"Lang.dat: ShipName.Transport.Fei.101. Preserve every <tag> exactly. English reference: Uyiani"	"ShipName"	""
"/ShipName/Transport/Fei/102"	"Укайна"	"Lang.dat: ShipName.Transport.Fei.102. Preserve every <tag> exactly. English reference: Ukaina"	"ShipName"	""
"/ShipName/Transport/Fei/103"	"Укалтаки"	"Lang.dat: ShipName.Transport.Fei.103. Preserve every <tag> exactly. English reference: Ukaltaki"	"ShipName"	""
"/ShipName/Transport/Fei/104"	"Улейми-Ка"	"Lang.dat: ShipName.Transport.Fei.104. Preserve every <tag> exactly. English reference: Uleymi-Ka"	"ShipName"	""
"/ShipName/Transport/Fei/105"	"Уликка"	"Lang.dat: ShipName.Transport.Fei.105. Preserve every <tag> exactly. English reference: Ulikka"	"ShipName"	""
"/ShipName/Transport/Fei/106"	"Улитай"	"Lang.dat: ShipName.Transport.Fei.106. Preserve every <tag> exactly. English reference: Ulitay"	"ShipName"	""
"/ShipName/Transport/Fei/107"	"Унакли-Упа"	"Lang.dat: ShipName.Transport.Fei.107. Preserve every <tag> exactly. English reference: Unakli-Upa"	"ShipName"	""
"/ShipName/Transport/Fei/108"	"Уннория"	"Lang.dat: ShipName.Transport.Fei.108. Preserve every <tag> exactly. English reference: Unnoria"	"ShipName"	""
"/ShipName/Transport/Fei/109"	"Уянитти"	"Lang.dat: ShipName.Transport.Fei.109. Preserve every <tag> exactly. English reference: Uyanitti"	"ShipName"	""
"/ShipName/Transport/Fei/11"	"Анилкая"	"Lang.dat: ShipName.Transport.Fei.11. Preserve every <tag> exactly. English reference: Anilkaya"	"ShipName"	""
"/ShipName/Transport/Fei/110"	"Фаенла"	"Lang.dat: ShipName.Transport.Fei.110. Preserve every <tag> exactly. English reference: Faenla"	"ShipName"	""
"/ShipName/Transport/Fei/111"	"Фазияцупенка"	"Lang.dat: ShipName.Transport.Fei.111. Preserve every <tag> exactly. English reference: Faziyazupenka"	"ShipName"	""
"/ShipName/Transport/Fei/112"	"Файани"	"Lang.dat: ShipName.Transport.Fei.112. Preserve every <tag> exactly. English reference: Faiany"	"ShipName"	""
"/ShipName/Transport/Fei/113"	"Фалнаика"	"Lang.dat: ShipName.Transport.Fei.113. Preserve every <tag> exactly. English reference: Falnaika"	"ShipName"	""
"/ShipName/Transport/Fei/114"	"Фаникка"	"Lang.dat: ShipName.Transport.Fei.114. Preserve every <tag> exactly. English reference: Fanikka"	"ShipName"	""
"/ShipName/Transport/Fei/115"	"Фаоинни"	"Lang.dat: ShipName.Transport.Fei.115. Preserve every <tag> exactly. English reference: Faoinni"	"ShipName"	""
"/ShipName/Transport/Fei/116"	"Фаякана"	"Lang.dat: ShipName.Transport.Fei.116. Preserve every <tag> exactly. English reference: Fayakana"	"ShipName"	""
"/ShipName/Transport/Fei/117"	"Феали"	"Lang.dat: ShipName.Transport.Fei.117. Preserve every <tag> exactly. English reference: Feali"	"ShipName"	""
"/ShipName/Transport/Fei/118"	"Фиаллай"	"Lang.dat: ShipName.Transport.Fei.118. Preserve every <tag> exactly. English reference: Fiallay"	"ShipName"	""
"/ShipName/Transport/Fei/119"	"Фигнятичка"	"Lang.dat: ShipName.Transport.Fei.119. Preserve every <tag> exactly. English reference: Fignatichka"	"ShipName"	""
"/ShipName/Transport/Fei/12"	"Анкайо"	"Lang.dat: ShipName.Transport.Fei.12. Preserve every <tag> exactly. English reference: Ankayo"	"ShipName"	""
"/ShipName/Transport/Fei/120"	"Фианит"	"Lang.dat: ShipName.Transport.Fei.120. Preserve every <tag> exactly. English reference: Fianit"	"ShipName"	""
"/ShipName/Transport/Fei/121"	"Филиайна"	"Lang.dat: ShipName.Transport.Fei.121. Preserve every <tag> exactly. English reference: Filiayna"	"ShipName"	""
"/ShipName/Transport/Fei/122"	"Филлин"	"Lang.dat: ShipName.Transport.Fei.122. Preserve every <tag> exactly. English reference: Fillin"	"ShipName"	""
"/ShipName/Transport/Fei/123"	"Финеири"	"Lang.dat: ShipName.Transport.Fei.123. Preserve every <tag> exactly. English reference: Fineiri"	"ShipName"	""
"/ShipName/Transport/Fei/124"	"Финилай"	"Lang.dat: ShipName.Transport.Fei.124. Preserve every <tag> exactly. English reference: Finilay"	"ShipName"	""
"/ShipName/Transport/Fei/125"	"Финло"	"Lang.dat: ShipName.Transport.Fei.125. Preserve every <tag> exactly. English reference: Finlo"	"ShipName"	""
"/ShipName/Transport/Fei/126"	"Флакиан"	"Lang.dat: ShipName.Transport.Fei.126. Preserve every <tag> exactly. English reference: Flakian"	"ShipName"	""
"/ShipName/Transport/Fei/127"	"Фолния"	"Lang.dat: ShipName.Transport.Fei.127. Preserve every <tag> exactly. English reference: Folnia"	"ShipName"	""
"/ShipName/Transport/Fei/128"	"Фэяста"	"Lang.dat: ShipName.Transport.Fei.128. Preserve every <tag> exactly. English reference: Faesta"	"ShipName"	""
"/ShipName/Transport/Fei/129"	"Эйлалай"	"Lang.dat: ShipName.Transport.Fei.129. Preserve every <tag> exactly. English reference: Eylalay"	"ShipName"	""
"/ShipName/Transport/Fei/13"	"Анкилти"	"Lang.dat: ShipName.Transport.Fei.13. Preserve every <tag> exactly. English reference: Ankilty"	"ShipName"	""
"/ShipName/Transport/Fei/130"	"Эймур-Зер"	"Lang.dat: ShipName.Transport.Fei.130. Preserve every <tag> exactly. English reference: Eymur-Zer"	"ShipName"	""
"/ShipName/Transport/Fei/131"	"Экалайка"	"Lang.dat: ShipName.Transport.Fei.131. Preserve every <tag> exactly. English reference: Ekalayka"	"ShipName"	""
"/ShipName/Transport/Fei/132"	"Экелит"	"Lang.dat: ShipName.Transport.Fei.132. Preserve every <tag> exactly. English reference: Aekelit"	"ShipName"	""
"/ShipName/Transport/Fei/133"	"Элеания"	"Lang.dat: ShipName.Transport.Fei.133. Preserve every <tag> exactly. English reference: Eleaniya"	"ShipName"	""
"/ShipName/Transport/Fei/134"	"Эленни"	"Lang.dat: ShipName.Transport.Fei.134. Preserve every <tag> exactly. English reference: Elenni"	"ShipName"	""
"/ShipName/Transport/Fei/135"	"Элесна"	"Lang.dat: ShipName.Transport.Fei.135. Preserve every <tag> exactly. English reference: Aelesna"	"ShipName"	""
"/ShipName/Transport/Fei/136"	"Эликани"	"Lang.dat: ShipName.Transport.Fei.136. Preserve every <tag> exactly. English reference: Aelikani"	"ShipName"	""
"/ShipName/Transport/Fei/137"	"Элинокка"	"Lang.dat: ShipName.Transport.Fei.137. Preserve every <tag> exactly. English reference: Aelinokka"	"ShipName"	""
"/ShipName/Transport/Fei/138"	"Элока Брин"	"Lang.dat: ShipName.Transport.Fei.138. Preserve every <tag> exactly. English reference: Eloka Brin"	"ShipName"	""
"/ShipName/Transport/Fei/139"	"Эникей"	"Lang.dat: ShipName.Transport.Fei.139. Preserve every <tag> exactly. English reference: Enikei"	"ShipName"	""
"/ShipName/Transport/Fei/14"	"Асаффи"	"Lang.dat: ShipName.Transport.Fei.14. Preserve every <tag> exactly. English reference: Asaffi"	"ShipName"	""
"/ShipName/Transport/Fei/140"	"Энналия"	"Lang.dat: ShipName.Transport.Fei.140. Preserve every <tag> exactly. English reference: Ennaliya"	"ShipName"	""
"/ShipName/Transport/Fei/141"	"Энэло"	"Lang.dat: ShipName.Transport.Fei.141. Preserve every <tag> exactly. English reference: Aenelo"	"ShipName"	""
"/ShipName/Transport/Fei/142"	"Эриста"	"Lang.dat: ShipName.Transport.Fei.142. Preserve every <tag> exactly. English reference: Aerista"	"ShipName"	""
"/ShipName/Transport/Fei/143"	"Эссиула"	"Lang.dat: ShipName.Transport.Fei.143. Preserve every <tag> exactly. English reference: Essiluya"	"ShipName"	""
"/ShipName/Transport/Fei/144"	"Язынка"	"Lang.dat: ShipName.Transport.Fei.144. Preserve every <tag> exactly. English reference: Yazinka"	"ShipName"	""
"/ShipName/Transport/Fei/145"	"Ялимео"	"Lang.dat: ShipName.Transport.Fei.145. Preserve every <tag> exactly. English reference: Yalimeo"	"ShipName"	""
"/ShipName/Transport/Fei/146"	"Ялинси"	"Lang.dat: ShipName.Transport.Fei.146. Preserve every <tag> exactly. English reference: Yalinsi"	"ShipName"	""
"/ShipName/Transport/Fei/147"	"Яналай Галай"	"Lang.dat: ShipName.Transport.Fei.147. Preserve every <tag> exactly. English reference: Yanalay Galay"	"ShipName"	""
"/ShipName/Transport/Fei/148"	"Янталаки"	"Lang.dat: ShipName.Transport.Fei.148. Preserve every <tag> exactly. English reference: Yantalaki"	"ShipName"	""
"/ShipName/Transport/Fei/149"	"Ятанкис"	"Lang.dat: ShipName.Transport.Fei.149. Preserve every <tag> exactly. English reference: Yatankis"	"ShipName"	""
"/ShipName/Transport/Fei/15"	"Атиланни"	"Lang.dat: ShipName.Transport.Fei.15. Preserve every <tag> exactly. English reference: Atilanni"	"ShipName"	""
"/ShipName/Transport/Fei/150"	"Яфта Каланья"	"Lang.dat: ShipName.Transport.Fei.150. Preserve every <tag> exactly. English reference: Yafta Kalanya"	"ShipName"	""
"/ShipName/Transport/Fei/16"	"Аттолки"	"Lang.dat: ShipName.Transport.Fei.16. Preserve every <tag> exactly. English reference: Attolky"	"ShipName"	""
"/ShipName/Transport/Fei/17"	"Афайян"	"Lang.dat: ShipName.Transport.Fei.17. Preserve every <tag> exactly. English reference: Aphayan"	"ShipName"	""
"/ShipName/Transport/Fei/18"	"Игейда"	"Lang.dat: ShipName.Transport.Fei.18. Preserve every <tag> exactly. English reference: Igeida"	"ShipName"	""
"/ShipName/Transport/Fei/19"	"Икатар"	"Lang.dat: ShipName.Transport.Fei.19. Preserve every <tag> exactly. English reference: Ikatar"	"ShipName"	""
"/ShipName/Transport/Fei/2"	"Аентери"	"Lang.dat: ShipName.Transport.Fei.2. Preserve every <tag> exactly. English reference: Aentery"	"ShipName"	""
"/ShipName/Transport/Fei/20"	"Иклутай"	"Lang.dat: ShipName.Transport.Fei.20. Preserve every <tag> exactly. English reference: Iklutay"	"ShipName"	""
"/ShipName/Transport/Fei/21"	"Иланки-Ра"	"Lang.dat: ShipName.Transport.Fei.21. Preserve every <tag> exactly. English reference: Ilanki-Ra"	"ShipName"	""
"/ShipName/Transport/Fei/22"	"Илиела"	"Lang.dat: ShipName.Transport.Fei.22. Preserve every <tag> exactly. English reference: Iliela"	"ShipName"	""
"/ShipName/Transport/Fei/23"	"Илифа"	"Lang.dat: ShipName.Transport.Fei.23. Preserve every <tag> exactly. English reference: Ilifa"	"ShipName"	""
"/ShipName/Transport/Fei/24"	"Илланфи"	"Lang.dat: ShipName.Transport.Fei.24. Preserve every <tag> exactly. English reference: Illanfy"	"ShipName"	""
"/ShipName/Transport/Fei/25"	"Иллиака"	"Lang.dat: ShipName.Transport.Fei.25. Preserve every <tag> exactly. English reference: Illiaka"	"ShipName"	""
"/ShipName/Transport/Fei/26"	"Инилай"	"Lang.dat: ShipName.Transport.Fei.26. Preserve every <tag> exactly. English reference: Finilay"	"ShipName"	""
"/ShipName/Transport/Fei/27"	"Иплинир"	"Lang.dat: ShipName.Transport.Fei.27. Preserve every <tag> exactly. English reference: Iplinir"	"ShipName"	""
"/ShipName/Transport/Fei/28"	"Исиата-Ра"	"Lang.dat: ShipName.Transport.Fei.28. Preserve every <tag> exactly. English reference: Isiata-Ra"	"ShipName"	""
"/ShipName/Transport/Fei/29"	"Итилак"	"Lang.dat: ShipName.Transport.Fei.29. Preserve every <tag> exactly. English reference: Itilak"	"ShipName"	""
"/ShipName/Transport/Fei/3"	"Аилтик"	"Lang.dat: ShipName.Transport.Fei.3. Preserve every <tag> exactly. English reference: Ailtik"	"ShipName"	""
"/ShipName/Transport/Fei/30"	"Лайстан"	"Lang.dat: ShipName.Transport.Fei.30. Preserve every <tag> exactly. English reference: Laistan"	"ShipName"	""
"/ShipName/Transport/Fei/31"	"Лакемли"	"Lang.dat: ShipName.Transport.Fei.31. Preserve every <tag> exactly. English reference: Lakemly"	"ShipName"	""
"/ShipName/Transport/Fei/32"	"Лалами-Ра"	"Lang.dat: ShipName.Transport.Fei.32. Preserve every <tag> exactly. English reference: Lalami-Ra"	"ShipName"	""
"/ShipName/Transport/Fei/33"	"Ламикка"	"Lang.dat: ShipName.Transport.Fei.33. Preserve every <tag> exactly. English reference: Lamikka"	"ShipName"	""
"/ShipName/Transport/Fei/34"	"Ланнати"	"Lang.dat: ShipName.Transport.Fei.34. Preserve every <tag> exactly. English reference: Lannaty"	"ShipName"	""
"/ShipName/Transport/Fei/35"	"Ланойа"	"Lang.dat: ShipName.Transport.Fei.35. Preserve every <tag> exactly. English reference: Lanoya"	"ShipName"	""
"/ShipName/Transport/Fei/36"	"Лаоти-Ра"	"Lang.dat: ShipName.Transport.Fei.36. Preserve every <tag> exactly. English reference: Laoti-Ra"	"ShipName"	""
"/ShipName/Transport/Fei/37"	"Ласиго"	"Lang.dat: ShipName.Transport.Fei.37. Preserve every <tag> exactly. English reference: Lasigo"	"ShipName"	""
"/ShipName/Transport/Fei/38"	"Латиар"	"Lang.dat: ShipName.Transport.Fei.38. Preserve every <tag> exactly. English reference: Latiar"	"ShipName"	""
"/ShipName/Transport/Fei/39"	"Лаяфена"	"Lang.dat: ShipName.Transport.Fei.39. Preserve every <tag> exactly. English reference: Layafene"	"ShipName"	""
"/ShipName/Transport/Fei/4"	"Айтали"	"Lang.dat: ShipName.Transport.Fei.4. Preserve every <tag> exactly. English reference: Aitaly"	"ShipName"	""
"/ShipName/Transport/Fei/40"	"Лейнами"	"Lang.dat: ShipName.Transport.Fei.40. Preserve every <tag> exactly. English reference: Leynamy"	"ShipName"	""
"/ShipName/Transport/Fei/41"	"Лекиан"	"Lang.dat: ShipName.Transport.Fei.41. Preserve every <tag> exactly. English reference: Lekian"	"ShipName"	""
"/ShipName/Transport/Fei/42"	"Ленента"	"Lang.dat: ShipName.Transport.Fei.42. Preserve every <tag> exactly. English reference: Lenenta"	"ShipName"	""
"/ShipName/Transport/Fei/43"	"Лиами Ра"	"Lang.dat: ShipName.Transport.Fei.43. Preserve every <tag> exactly. English reference: Liamy Ra"	"ShipName"	""
"/ShipName/Transport/Fei/44"	"Лиеманни"	"Lang.dat: ShipName.Transport.Fei.44. Preserve every <tag> exactly. English reference: Liemanny"	"ShipName"	""
"/ShipName/Transport/Fei/45"	"Ликайна"	"Lang.dat: ShipName.Transport.Fei.45. Preserve every <tag> exactly. English reference: Likayna"	"ShipName"	""
"/ShipName/Transport/Fei/46"	"Лилиам"	"Lang.dat: ShipName.Transport.Fei.46. Preserve every <tag> exactly. English reference: Liliam"	"ShipName"	""
"/ShipName/Transport/Fei/47"	"Линанки"	"Lang.dat: ShipName.Transport.Fei.47. Preserve every <tag> exactly. English reference: Linanky"	"ShipName"	""
"/ShipName/Transport/Fei/48"	"Лиоласта"	"Lang.dat: ShipName.Transport.Fei.48. Preserve every <tag> exactly. English reference: Liolaste"	"ShipName"	""
"/ShipName/Transport/Fei/49"	"Литайна"	"Lang.dat: ShipName.Transport.Fei.49. Preserve every <tag> exactly. English reference: Litine"	"ShipName"	""
"/ShipName/Transport/Fei/5"	"Алакай"	"Lang.dat: ShipName.Transport.Fei.5. Preserve every <tag> exactly. English reference: Alakay"	"ShipName"	""
"/ShipName/Transport/Fei/50"	"Лотолай"	"Lang.dat: ShipName.Transport.Fei.50. Preserve every <tag> exactly. English reference: Lotolay"	"ShipName"	""
"/ShipName/Transport/Fei/51"	"Матали-Ва"	"Lang.dat: ShipName.Transport.Fei.51. Preserve every <tag> exactly. English reference: Matali-Va"	"ShipName"	""
"/ShipName/Transport/Fei/52"	"Матолли"	"Lang.dat: ShipName.Transport.Fei.52. Preserve every <tag> exactly. English reference: Matolly"	"ShipName"	""
"/ShipName/Transport/Fei/53"	"Мемилки"	"Lang.dat: ShipName.Transport.Fei.53. Preserve every <tag> exactly. English reference: Memilky"	"ShipName"	""
"/ShipName/Transport/Fei/54"	"Миани"	"Lang.dat: ShipName.Transport.Fei.54. Preserve every <tag> exactly. English reference: Miani"	"ShipName"	""
"/ShipName/Transport/Fei/55"	"Минилай"	"Lang.dat: ShipName.Transport.Fei.55. Preserve every <tag> exactly. English reference: Minilay"	"ShipName"	""
"/ShipName/Transport/Fei/56"	"Минниати"	"Lang.dat: ShipName.Transport.Fei.56. Preserve every <tag> exactly. English reference: Minniaty"	"ShipName"	""
"/ShipName/Transport/Fei/57"	"Наима"	"Lang.dat: ShipName.Transport.Fei.57. Preserve every <tag> exactly. English reference: Naima"	"ShipName"	""
"/ShipName/Transport/Fei/58"	"Налиак"	"Lang.dat: ShipName.Transport.Fei.58. Preserve every <tag> exactly. English reference: Naliak"	"ShipName"	""
"/ShipName/Transport/Fei/59"	"Налойя"	"Lang.dat: ShipName.Transport.Fei.59. Preserve every <tag> exactly. English reference: Naloya"	"ShipName"	""
"/ShipName/Transport/Fei/6"	"Аламея"	"Lang.dat: ShipName.Transport.Fei.6. Preserve every <tag> exactly. English reference: Alameya"	"ShipName"	""
"/ShipName/Transport/Fei/60"	"Намлак"	"Lang.dat: ShipName.Transport.Fei.60. Preserve every <tag> exactly. English reference: Namlak"	"ShipName"	""
"/ShipName/Transport/Fei/61"	"Наннори"	"Lang.dat: ShipName.Transport.Fei.61. Preserve every <tag> exactly. English reference: Nannory"	"ShipName"	""
"/ShipName/Transport/Fei/62"	"Некки-Наки"	"Lang.dat: ShipName.Transport.Fei.62. Preserve every <tag> exactly. English reference: Nekki-Naki"	"ShipName"	""
"/ShipName/Transport/Fei/63"	"Никориа"	"Lang.dat: ShipName.Transport.Fei.63. Preserve every <tag> exactly. English reference: Nikoria"	"ShipName"	""
"/ShipName/Transport/Fei/64"	"Нилами-Рак"	"Lang.dat: ShipName.Transport.Fei.64. Preserve every <tag> exactly. English reference: Nilami-Rak"	"ShipName"	""
"/ShipName/Transport/Fei/65"	"Ниллаик"	"Lang.dat: ShipName.Transport.Fei.65. Preserve every <tag> exactly. English reference: Nillaik"	"ShipName"	""
"/ShipName/Transport/Fei/66"	"Нуинна"	"Lang.dat: ShipName.Transport.Fei.66. Preserve every <tag> exactly. English reference: Nuinna"	"ShipName"	""
"/ShipName/Transport/Fei/67"	"Оакани"	"Lang.dat: ShipName.Transport.Fei.67. Preserve every <tag> exactly. English reference: Oakany"	"ShipName"	""
"/ShipName/Transport/Fei/68"	"Оаронна"	"Lang.dat: ShipName.Transport.Fei.68. Preserve every <tag> exactly. English reference: Oaronna"	"ShipName"	""
"/ShipName/Transport/Fei/69"	"Оланиа"	"Lang.dat: ShipName.Transport.Fei.69. Preserve every <tag> exactly. English reference: Olanya"	"ShipName"	""
"/ShipName/Transport/Fei/7"	"Аликли"	"Lang.dat: ShipName.Transport.Fei.7. Preserve every <tag> exactly. English reference: Alikly"	"ShipName"	""
"/ShipName/Transport/Fei/70"	"Олиан"	"Lang.dat: ShipName.Transport.Fei.70. Preserve every <tag> exactly. English reference: Olian"	"ShipName"	""
"/ShipName/Transport/Fei/71"	"Олоаки"	"Lang.dat: ShipName.Transport.Fei.71. Preserve every <tag> exactly. English reference: Oloaki"	"ShipName"	""
"/ShipName/Transport/Fei/72"	"Олрай-По"	"Lang.dat: ShipName.Transport.Fei.72. Preserve every <tag> exactly. English reference: Olray-Po"	"ShipName"	""
"/ShipName/Transport/Fei/73"	"Онирана"	"Lang.dat: ShipName.Transport.Fei.73. Preserve every <tag> exactly. English reference: Onirana"	"ShipName"	""
"/ShipName/Transport/Fei/74"	"Оннамли"	"Lang.dat: ShipName.Transport.Fei.74. Preserve every <tag> exactly. English reference: Onnamli"	"ShipName"	""
"/ShipName/Transport/Fei/75"	"Онолиск"	"Lang.dat: ShipName.Transport.Fei.75. Preserve every <tag> exactly. English reference: Onolisk"	"ShipName"	""
"/ShipName/Transport/Fei/76"	"Ориали"	"Lang.dat: ShipName.Transport.Fei.76. Preserve every <tag> exactly. English reference: Orialy"	"ShipName"	""
"/ShipName/Transport/Fei/77"	"Оснарис"	"Lang.dat: ShipName.Transport.Fei.77. Preserve every <tag> exactly. English reference: Osnaris"	"ShipName"	""
"/ShipName/Transport/Fei/78"	"Отиалли"	"Lang.dat: ShipName.Transport.Fei.78. Preserve every <tag> exactly. English reference: Otially"	"ShipName"	""
"/ShipName/Transport/Fei/79"	"Офелаки"	"Lang.dat: ShipName.Transport.Fei.79. Preserve every <tag> exactly. English reference: Ophelaki"	"ShipName"	""
"/ShipName/Transport/Fei/8"	"Алиота"	"Lang.dat: ShipName.Transport.Fei.8. Preserve every <tag> exactly. English reference: Alyota"	"ShipName"	""
"/ShipName/Transport/Fei/80"	"Ракаяла"	"Lang.dat: ShipName.Transport.Fei.80. Preserve every <tag> exactly. English reference: Rakayala"	"ShipName"	""
"/ShipName/Transport/Fei/81"	"Раланни"	"Lang.dat: ShipName.Transport.Fei.81. Preserve every <tag> exactly. English reference: Ralanni"	"ShipName"	""
"/ShipName/Transport/Fei/82"	"Рамилта"	"Lang.dat: ShipName.Transport.Fei.82. Preserve every <tag> exactly. English reference: Ramilta"	"ShipName"	""
"/ShipName/Transport/Fei/83"	"Ранимай"	"Lang.dat: ShipName.Transport.Fei.83. Preserve every <tag> exactly. English reference: Ranimay"	"ShipName"	""
"/ShipName/Transport/Fei/84"	"Риания-Анро"	"Lang.dat: ShipName.Transport.Fei.84. Preserve every <tag> exactly. English reference: Rianiya-Anro"	"ShipName"	""
"/ShipName/Transport/Fei/85"	"Рилофи"	"Lang.dat: ShipName.Transport.Fei.85. Preserve every <tag> exactly. English reference: Rilophi"	"ShipName"	""
"/ShipName/Transport/Fei/86"	"Риоали"	"Lang.dat: ShipName.Transport.Fei.86. Preserve every <tag> exactly. English reference: Rioaly"	"ShipName"	""
"/ShipName/Transport/Fei/87"	"Ритонкай"	"Lang.dat: ShipName.Transport.Fei.87. Preserve every <tag> exactly. English reference: Ritonkay"	"ShipName"	""
"/ShipName/Transport/Fei/88"	"Рокояли"	"Lang.dat: ShipName.Transport.Fei.88. Preserve every <tag> exactly. English reference: Rokoyali"	"ShipName"	""
"/ShipName/Transport/Fei/89"	"Руаитни"	"Lang.dat: ShipName.Transport.Fei.89. Preserve every <tag> exactly. English reference: Ruaitni"	"ShipName"	""
"/ShipName/Transport/Fei/9"	"Аллиста"	"Lang.dat: ShipName.Transport.Fei.9. Preserve every <tag> exactly. English reference: Allista"	"ShipName"	""
"/ShipName/Transport/Fei/90"	"Такиани"	"Lang.dat: ShipName.Transport.Fei.90. Preserve every <tag> exactly. English reference: Takiani"	"ShipName"	""
"/ShipName/Transport/Fei/91"	"Талаик"	"Lang.dat: ShipName.Transport.Fei.91. Preserve every <tag> exactly. English reference: Talaik"	"ShipName"	""
"/ShipName/Transport/Fei/92"	"Таликия"	"Lang.dat: ShipName.Transport.Fei.92. Preserve every <tag> exactly. English reference: Talikia"	"ShipName"	""
"/ShipName/Transport/Fei/93"	"Теклинай"	"Lang.dat: ShipName.Transport.Fei.93. Preserve every <tag> exactly. English reference: Teklinay"	"ShipName"	""
"/ShipName/Transport/Fei/94"	"Тиллая"	"Lang.dat: ShipName.Transport.Fei.94. Preserve every <tag> exactly. English reference: Tillaya"	"ShipName"	""
"/ShipName/Transport/Fei/95"	"Толика"	"Lang.dat: ShipName.Transport.Fei.95. Preserve every <tag> exactly. English reference: Tolika"	"ShipName"	""
"/ShipName/Transport/Fei/96"	"Уаилаи"	"Lang.dat: ShipName.Transport.Fei.96. Preserve every <tag> exactly. English reference: Uailaee"	"ShipName"	""
"/ShipName/Transport/Fei/97"	"Уайнак"	"Lang.dat: ShipName.Transport.Fei.97. Preserve every <tag> exactly. English reference: Uaynak"	"ShipName"	""
"/ShipName/Transport/Fei/98"	"Уайя"	"Lang.dat: ShipName.Transport.Fei.98. Preserve every <tag> exactly. English reference: Uaya"	"ShipName"	""
"/ShipName/Transport/Fei/99"	"Уания"	"Lang.dat: ShipName.Transport.Fei.99. Preserve every <tag> exactly. English reference: Uaniya"	"ShipName"	""
"/ShipName/Transport/Gaal/1"	"Аадимра"	"Lang.dat: ShipName.Transport.Gaal.1. Preserve every <tag> exactly. English reference: Ahadimra"	"ShipName"	""
"/ShipName/Transport/Gaal/10"	"Алсееки"	"Lang.dat: ShipName.Transport.Gaal.10. Preserve every <tag> exactly. English reference: Alseheki"	"ShipName"	""
"/ShipName/Transport/Gaal/100"	"Ноорика"	"Lang.dat: ShipName.Transport.Gaal.100. Preserve every <tag> exactly. English reference: Noorika"	"ShipName"	""
"/ShipName/Transport/Gaal/101"	"Оортек"	"Lang.dat: ShipName.Transport.Gaal.101. Preserve every <tag> exactly. English reference: Oortek"	"ShipName"	""
"/ShipName/Transport/Gaal/102"	"Паалея"	"Lang.dat: ShipName.Transport.Gaal.102. Preserve every <tag> exactly. English reference: Paaleya"	"ShipName"	""
"/ShipName/Transport/Gaal/103"	"Паараки"	"Lang.dat: ShipName.Transport.Gaal.103. Preserve every <tag> exactly. English reference: Paaraki"	"ShipName"	""
"/ShipName/Transport/Gaal/104"	"Периинда"	"Lang.dat: ShipName.Transport.Gaal.104. Preserve every <tag> exactly. English reference: Periinda"	"ShipName"	""
"/ShipName/Transport/Gaal/105"	"Пероолки"	"Lang.dat: ShipName.Transport.Gaal.105. Preserve every <tag> exactly. English reference: Peroolki"	"ShipName"	""
"/ShipName/Transport/Gaal/106"	"Персаанея"	"Lang.dat: ShipName.Transport.Gaal.106. Preserve every <tag> exactly. English reference: Persaaneya"	"ShipName"	""
"/ShipName/Transport/Gaal/107"	"Пиирли"	"Lang.dat: ShipName.Transport.Gaal.107. Preserve every <tag> exactly. English reference: Piirli"	"ShipName"	""
"/ShipName/Transport/Gaal/108"	"Пираагак"	"Lang.dat: ShipName.Transport.Gaal.108. Preserve every <tag> exactly. English reference: Piraagak"	"ShipName"	""
"/ShipName/Transport/Gaal/109"	"Плоосиа"	"Lang.dat: ShipName.Transport.Gaal.109. Preserve every <tag> exactly. English reference: Ploosiya"	"ShipName"	""
"/ShipName/Transport/Gaal/11"	"Ара-ага"	"Lang.dat: ShipName.Transport.Gaal.11. Preserve every <tag> exactly. English reference: Ara-aga"	"ShipName"	""
"/ShipName/Transport/Gaal/110"	"Пра-ату"	"Lang.dat: ShipName.Transport.Gaal.110. Preserve every <tag> exactly. English reference: Pra-atu"	"ShipName"	""
"/ShipName/Transport/Gaal/111"	"Про-ока"	"Lang.dat: ShipName.Transport.Gaal.111. Preserve every <tag> exactly. English reference: Pro-oka"	"ShipName"	""
"/ShipName/Transport/Gaal/112"	"Реебраг"	"Lang.dat: ShipName.Transport.Gaal.112. Preserve every <tag> exactly. English reference: Reebrag"	"ShipName"	""
"/ShipName/Transport/Gaal/113"	"Реексей"	"Lang.dat: ShipName.Transport.Gaal.113. Preserve every <tag> exactly. English reference: Reexey"	"ShipName"	""
"/ShipName/Transport/Gaal/114"	"Рееуза"	"Lang.dat: ShipName.Transport.Gaal.114. Preserve every <tag> exactly. English reference: Reeuza"	"ShipName"	""
"/ShipName/Transport/Gaal/115"	"Риал-каан"	"Lang.dat: ShipName.Transport.Gaal.115. Preserve every <tag> exactly. English reference: Rial-kaan"	"ShipName"	""
"/ShipName/Transport/Gaal/116"	"Рибоокра"	"Lang.dat: ShipName.Transport.Gaal.116. Preserve every <tag> exactly. English reference: Ribookra"	"ShipName"	""
"/ShipName/Transport/Gaal/117"	"Роодонга"	"Lang.dat: ShipName.Transport.Gaal.117. Preserve every <tag> exactly. English reference: Roodonga"	"ShipName"	""
"/ShipName/Transport/Gaal/118"	"Ро-олоки"	"Lang.dat: ShipName.Transport.Gaal.118. Preserve every <tag> exactly. English reference: Ro-oloki"	"ShipName"	""
"/ShipName/Transport/Gaal/119"	"Саабарка"	"Lang.dat: ShipName.Transport.Gaal.119. Preserve every <tag> exactly. English reference: Saabarka"	"ShipName"	""
"/ShipName/Transport/Gaal/12"	"Ара-ат"	"Lang.dat: ShipName.Transport.Gaal.12. Preserve every <tag> exactly. English reference: Ara-at"	"ShipName"	""
"/ShipName/Transport/Gaal/120"	"Саалоир"	"Lang.dat: ShipName.Transport.Gaal.120. Preserve every <tag> exactly. English reference: Saaloir"	"ShipName"	""
"/ShipName/Transport/Gaal/121"	"Саамери"	"Lang.dat: ShipName.Transport.Gaal.121. Preserve every <tag> exactly. English reference: Saameri"	"ShipName"	""
"/ShipName/Transport/Gaal/122"	"Самаакла"	"Lang.dat: ShipName.Transport.Gaal.122. Preserve every <tag> exactly. English reference: Samaakla"	"ShipName"	""
"/ShipName/Transport/Gaal/123"	"Саонкаан"	"Lang.dat: ShipName.Transport.Gaal.123. Preserve every <tag> exactly. English reference: Saonkaan"	"ShipName"	""
"/ShipName/Transport/Gaal/124"	"Саппа-ак"	"Lang.dat: ShipName.Transport.Gaal.124. Preserve every <tag> exactly. English reference: Sappa-ak"	"ShipName"	""
"/ShipName/Transport/Gaal/125"	"Севроой"	"Lang.dat: ShipName.Transport.Gaal.125. Preserve every <tag> exactly. English reference: Sevrooye"	"ShipName"	""
"/ShipName/Transport/Gaal/126"	"Сеетилси"	"Lang.dat: ShipName.Transport.Gaal.126. Preserve every <tag> exactly. English reference: Seetilsi"	"ShipName"	""
"/ShipName/Transport/Gaal/127"	"Сереениф"	"Lang.dat: ShipName.Transport.Gaal.127. Preserve every <tag> exactly. English reference: Sereenif"	"ShipName"	""
"/ShipName/Transport/Gaal/128"	"Со-онгек"	"Lang.dat: ShipName.Transport.Gaal.128. Preserve every <tag> exactly. English reference: So-ongek"	"ShipName"	""
"/ShipName/Transport/Gaal/129"	"Таа-ита"	"Lang.dat: ShipName.Transport.Gaal.129. Preserve every <tag> exactly. English reference: Taa-ita"	"ShipName"	""
"/ShipName/Transport/Gaal/13"	"Ариилка"	"Lang.dat: ShipName.Transport.Gaal.13. Preserve every <tag> exactly. English reference: Arihilka"	"ShipName"	""
"/ShipName/Transport/Gaal/130"	"Та-даа"	"Lang.dat: ShipName.Transport.Gaal.130. Preserve every <tag> exactly. English reference: Ta-daa"	"ShipName"	""
"/ShipName/Transport/Gaal/131"	"Титаак"	"Lang.dat: ShipName.Transport.Gaal.131. Preserve every <tag> exactly. English reference: Titaak"	"ShipName"	""
"/ShipName/Transport/Gaal/132"	"Траадис"	"Lang.dat: ShipName.Transport.Gaal.132. Preserve every <tag> exactly. English reference: Traadis"	"ShipName"	""
"/ShipName/Transport/Gaal/133"	"Укиигра"	"Lang.dat: ShipName.Transport.Gaal.133. Preserve every <tag> exactly. English reference: Ukiigra"	"ShipName"	""
"/ShipName/Transport/Gaal/134"	"Улааки"	"Lang.dat: ShipName.Transport.Gaal.134. Preserve every <tag> exactly. English reference: Ulaaki"	"ShipName"	""
"/ShipName/Transport/Gaal/135"	"Ураклаан"	"Lang.dat: ShipName.Transport.Gaal.135. Preserve every <tag> exactly. English reference: Uraklaan"	"ShipName"	""
"/ShipName/Transport/Gaal/136"	"Уфаали"	"Lang.dat: ShipName.Transport.Gaal.136. Preserve every <tag> exactly. English reference: Ufaali"	"ShipName"	""
"/ShipName/Transport/Gaal/137"	"Уфо-ох"	"Lang.dat: ShipName.Transport.Gaal.137. Preserve every <tag> exactly. English reference: Ufo-oh"	"ShipName"	""
"/ShipName/Transport/Gaal/138"	"Фергеер"	"Lang.dat: ShipName.Transport.Gaal.138. Preserve every <tag> exactly. English reference: Fergeer"	"ShipName"	""
"/ShipName/Transport/Gaal/139"	"Фи-ика"	"Lang.dat: ShipName.Transport.Gaal.139. Preserve every <tag> exactly. English reference: Fi-ika"	"ShipName"	""
"/ShipName/Transport/Gaal/14"	"Арне-ем"	"Lang.dat: ShipName.Transport.Gaal.14. Preserve every <tag> exactly. English reference: Arne-em"	"ShipName"	""
"/ShipName/Transport/Gaal/140"	"Фиинуа"	"Lang.dat: ShipName.Transport.Gaal.140. Preserve every <tag> exactly. English reference: Fiinua"	"ShipName"	""
"/ShipName/Transport/Gaal/141"	"Филиинкис"	"Lang.dat: ShipName.Transport.Gaal.141. Preserve every <tag> exactly. English reference: Filiinkis"	"ShipName"	""
"/ShipName/Transport/Gaal/142"	"Фроолки"	"Lang.dat: ShipName.Transport.Gaal.142. Preserve every <tag> exactly. English reference: Froolki"	"ShipName"	""
"/ShipName/Transport/Gaal/143"	"Фунаали"	"Lang.dat: ShipName.Transport.Gaal.143. Preserve every <tag> exactly. English reference: Funaali"	"ShipName"	""
"/ShipName/Transport/Gaal/144"	"Цаанео-ори"	"Lang.dat: ShipName.Transport.Gaal.144. Preserve every <tag> exactly. English reference: Caaneo-ori"	"ShipName"	""
"/ShipName/Transport/Gaal/145"	"Шаан-ла"	"Lang.dat: ShipName.Transport.Gaal.145. Preserve every <tag> exactly. English reference: Shaan-la"	"ShipName"	""
"/ShipName/Transport/Gaal/146"	"Шеенти"	"Lang.dat: ShipName.Transport.Gaal.146. Preserve every <tag> exactly. English reference: Sheenti"	"ShipName"	""
"/ShipName/Transport/Gaal/147"	"Шираала"	"Lang.dat: ShipName.Transport.Gaal.147. Preserve every <tag> exactly. English reference: Shiraala"	"ShipName"	""
"/ShipName/Transport/Gaal/148"	"Юма-алия"	"Lang.dat: ShipName.Transport.Gaal.148. Preserve every <tag> exactly. English reference: Uma-aliya"	"ShipName"	""
"/ShipName/Transport/Gaal/149"	"Юмееллак"	"Lang.dat: ShipName.Transport.Gaal.149. Preserve every <tag> exactly. English reference: Umeellak"	"ShipName"	""
"/ShipName/Transport/Gaal/15"	"Асаамрик"	"Lang.dat: ShipName.Transport.Gaal.15. Preserve every <tag> exactly. English reference: Asahamrick"	"ShipName"	""
"/ShipName/Transport/Gaal/150"	"Ямиину"	"Lang.dat: ShipName.Transport.Gaal.150. Preserve every <tag> exactly. English reference: Yamiinu"	"ShipName"	""
"/ShipName/Transport/Gaal/151"	"Моорти"	"Lang.dat: ShipName.Transport.Gaal.151. Preserve every <tag> exactly. English reference: Moorty"	"ShipName"	""
"/ShipName/Transport/Gaal/152"	"Юууки"	"Lang.dat: ShipName.Transport.Gaal.152. Preserve every <tag> exactly. English reference: Yuuki"	"ShipName"	""
"/ShipName/Transport/Gaal/16"	"Асоолеун"	"Lang.dat: ShipName.Transport.Gaal.16. Preserve every <tag> exactly. English reference: Asoholeun"	"ShipName"	""
"/ShipName/Transport/Gaal/17"	"Ассела-ан"	"Lang.dat: ShipName.Transport.Gaal.17. Preserve every <tag> exactly. English reference: Assela-an"	"ShipName"	""
"/ShipName/Transport/Gaal/18"	"Астиилга"	"Lang.dat: ShipName.Transport.Gaal.18. Preserve every <tag> exactly. English reference: Astihilga"	"ShipName"	""
"/ShipName/Transport/Gaal/19"	"Беелаг"	"Lang.dat: ShipName.Transport.Gaal.19. Preserve every <tag> exactly. English reference: Behelag"	"ShipName"	""
"/ShipName/Transport/Gaal/2"	"Ааркис"	"Lang.dat: ShipName.Transport.Gaal.2. Preserve every <tag> exactly. English reference: Aharkis"	"ShipName"	""
"/ShipName/Transport/Gaal/20"	"Браанакли"	"Lang.dat: ShipName.Transport.Gaal.20. Preserve every <tag> exactly. English reference: Brahanakli"	"ShipName"	""
"/ShipName/Transport/Gaal/21"	"Бунаграак"	"Lang.dat: ShipName.Transport.Gaal.21. Preserve every <tag> exactly. English reference: Bunagrahak"	"ShipName"	""
"/ShipName/Transport/Gaal/22"	"Ваайтем"	"Lang.dat: ShipName.Transport.Gaal.22. Preserve every <tag> exactly. English reference: Vahaytem"	"ShipName"	""
"/ShipName/Transport/Gaal/23"	"Вароола"	"Lang.dat: ShipName.Transport.Gaal.23. Preserve every <tag> exactly. English reference: Varohola"	"ShipName"	""
"/ShipName/Transport/Gaal/24"	"Веепакар"	"Lang.dat: ShipName.Transport.Gaal.24. Preserve every <tag> exactly. English reference: Vehepakar"	"ShipName"	""
"/ShipName/Transport/Gaal/25"	"Векуулга"	"Lang.dat: ShipName.Transport.Gaal.25. Preserve every <tag> exactly. English reference: Vekuhulga"	"ShipName"	""
"/ShipName/Transport/Gaal/26"	"Виамаат"	"Lang.dat: ShipName.Transport.Gaal.26. Preserve every <tag> exactly. English reference: Viamat"	"ShipName"	""
"/ShipName/Transport/Gaal/27"	"Винфаал"	"Lang.dat: ShipName.Transport.Gaal.27. Preserve every <tag> exactly. English reference: Vinfahal"	"ShipName"	""
"/ShipName/Transport/Gaal/28"	"Гаабебра"	"Lang.dat: ShipName.Transport.Gaal.28. Preserve every <tag> exactly. English reference: Hahabebra"	"ShipName"	""
"/ShipName/Transport/Gaal/29"	"Гаал-ла"	"Lang.dat: ShipName.Transport.Gaal.29. Preserve every <tag> exactly. English reference: Gaal-la"	"ShipName"	""
"/ShipName/Transport/Gaal/3"	"Аасика"	"Lang.dat: ShipName.Transport.Gaal.3. Preserve every <tag> exactly. English reference: Ahasika"	"ShipName"	""
"/ShipName/Transport/Gaal/30"	"Гаам-ит"	"Lang.dat: ShipName.Transport.Gaal.30. Preserve every <tag> exactly. English reference: Gaam-it"	"ShipName"	""
"/ShipName/Transport/Gaal/31"	"Гаанге"	"Lang.dat: ShipName.Transport.Gaal.31. Preserve every <tag> exactly. English reference: Gahangeh"	"ShipName"	""
"/ShipName/Transport/Gaal/32"	"Га-апрог"	"Lang.dat: ShipName.Transport.Gaal.32. Preserve every <tag> exactly. English reference: Ga-aprog"	"ShipName"	""
"/ShipName/Transport/Gaal/33"	"Геоогра"	"Lang.dat: ShipName.Transport.Gaal.33. Preserve every <tag> exactly. English reference: Geohogra"	"ShipName"	""
"/ShipName/Transport/Gaal/34"	"Гираагма"	"Lang.dat: ShipName.Transport.Gaal.34. Preserve every <tag> exactly. English reference: Hipahagma"	"ShipName"	""
"/ShipName/Transport/Gaal/35"	"Глау-ута"	"Lang.dat: ShipName.Transport.Gaal.35. Preserve every <tag> exactly. English reference: Glau-uta"	"ShipName"	""
"/ShipName/Transport/Gaal/36"	"Глообар"	"Lang.dat: ShipName.Transport.Gaal.36. Preserve every <tag> exactly. English reference: Glohobar"	"ShipName"	""
"/ShipName/Transport/Gaal/37"	"Гусаровка"	"Lang.dat: ShipName.Transport.Gaal.37. Preserve every <tag> exactly. English reference: Gusarovka"	"ShipName"	""
"/ShipName/Transport/Gaal/38"	"Гнеепи"	"Lang.dat: ShipName.Transport.Gaal.38. Preserve every <tag> exactly. English reference: Gnehepy"	"ShipName"	""
"/ShipName/Transport/Gaal/39"	"Гоостакли"	"Lang.dat: ShipName.Transport.Gaal.39. Preserve every <tag> exactly. English reference: Ghohostakly"	"ShipName"	""
"/ShipName/Transport/Gaal/4"	"Ага-акра"	"Lang.dat: ShipName.Transport.Gaal.4. Preserve every <tag> exactly. English reference: Aga-acra"	"ShipName"	""
"/ShipName/Transport/Gaal/40"	"Греемиан"	"Lang.dat: ShipName.Transport.Gaal.40. Preserve every <tag> exactly. English reference: Grehemian"	"ShipName"	""
"/ShipName/Transport/Gaal/41"	"Дааена"	"Lang.dat: ShipName.Transport.Gaal.41. Preserve every <tag> exactly. English reference: Dahaena"	"ShipName"	""
"/ShipName/Transport/Gaal/42"	"Даанкеса"	"Lang.dat: ShipName.Transport.Gaal.42. Preserve every <tag> exactly. English reference: Dahankesa"	"ShipName"	""
"/ShipName/Transport/Gaal/43"	"Да-арока"	"Lang.dat: ShipName.Transport.Gaal.43. Preserve every <tag> exactly. English reference: Da-aroka"	"ShipName"	""
"/ShipName/Transport/Gaal/44"	"Деекра"	"Lang.dat: ShipName.Transport.Gaal.44. Preserve every <tag> exactly. English reference: Dehekra"	"ShipName"	""
"/ShipName/Transport/Gaal/45"	"Дееркиа"	"Lang.dat: ShipName.Transport.Gaal.45. Preserve every <tag> exactly. English reference: Deherkia"	"ShipName"	""
"/ShipName/Transport/Gaal/46"	"Демеера"	"Lang.dat: ShipName.Transport.Gaal.46. Preserve every <tag> exactly. English reference: Demehera"	"ShipName"	""
"/ShipName/Transport/Gaal/47"	"Демираак"	"Lang.dat: ShipName.Transport.Gaal.47. Preserve every <tag> exactly. English reference: Demirahak"	"ShipName"	""
"/ShipName/Transport/Gaal/48"	"Динтаак"	"Lang.dat: ShipName.Transport.Gaal.48. Preserve every <tag> exactly. English reference: Dintahak"	"ShipName"	""
"/ShipName/Transport/Gaal/49"	"Длеенк"	"Lang.dat: ShipName.Transport.Gaal.49. Preserve every <tag> exactly. English reference: Dlehenk"	"ShipName"	""
"/ShipName/Transport/Gaal/5"	"Аглигаан"	"Lang.dat: ShipName.Transport.Gaal.5. Preserve every <tag> exactly. English reference: Agligahan"	"ShipName"	""
"/ShipName/Transport/Gaal/50"	"Длеесна"	"Lang.dat: ShipName.Transport.Gaal.50. Preserve every <tag> exactly. English reference: Dlehesna"	"ShipName"	""
"/ShipName/Transport/Gaal/51"	"Длиипар"	"Lang.dat: ShipName.Transport.Gaal.51. Preserve every <tag> exactly. English reference: Dlihipar"	"ShipName"	""
"/ShipName/Transport/Gaal/52"	"Доолка"	"Lang.dat: ShipName.Transport.Gaal.52. Preserve every <tag> exactly. English reference: Doholka"	"ShipName"	""
"/ShipName/Transport/Gaal/53"	"До-опра"	"Lang.dat: ShipName.Transport.Gaal.53. Preserve every <tag> exactly. English reference: Do-opra"	"ShipName"	""
"/ShipName/Transport/Gaal/54"	"Заамал"	"Lang.dat: ShipName.Transport.Gaal.54. Preserve every <tag> exactly. English reference: Zahamal"	"ShipName"	""
"/ShipName/Transport/Gaal/55"	"Здаани"	"Lang.dat: ShipName.Transport.Gaal.55. Preserve every <tag> exactly. English reference: Zdahany"	"ShipName"	""
"/ShipName/Transport/Gaal/56"	"Зео-орин"	"Lang.dat: ShipName.Transport.Gaal.56. Preserve every <tag> exactly. English reference: Zeo-orin"	"ShipName"	""
"/ShipName/Transport/Gaal/57"	"Илоонир"	"Lang.dat: ShipName.Transport.Gaal.57. Preserve every <tag> exactly. English reference: Ilohonir"	"ShipName"	""
"/ShipName/Transport/Gaal/58"	"Истаан"	"Lang.dat: ShipName.Transport.Gaal.58. Preserve every <tag> exactly. English reference: Istahan"	"ShipName"	""
"/ShipName/Transport/Gaal/59"	"Каалатка"	"Lang.dat: ShipName.Transport.Gaal.59. Preserve every <tag> exactly. English reference: Kahalatka"	"ShipName"	""
"/ShipName/Transport/Gaal/6"	"Агно-он"	"Lang.dat: ShipName.Transport.Gaal.6. Preserve every <tag> exactly. English reference: Agno-on"	"ShipName"	""
"/ShipName/Transport/Gaal/60"	"Каараил"	"Lang.dat: ShipName.Transport.Gaal.60. Preserve every <tag> exactly. English reference: Kaharail"	"ShipName"	""
"/ShipName/Transport/Gaal/61"	"Каасаяр"	"Lang.dat: ShipName.Transport.Gaal.61. Preserve every <tag> exactly. English reference: Kahasayar"	"ShipName"	""
"/ShipName/Transport/Gaal/62"	"Кагеенка"	"Lang.dat: ShipName.Transport.Gaal.62. Preserve every <tag> exactly. English reference: Kagehenka"	"ShipName"	""
"/ShipName/Transport/Gaal/63"	"Кеентам"	"Lang.dat: ShipName.Transport.Gaal.63. Preserve every <tag> exactly. English reference: Kehentam"	"ShipName"	""
"/ShipName/Transport/Gaal/64"	"Келгееба"	"Lang.dat: ShipName.Transport.Gaal.64. Preserve every <tag> exactly. English reference: Kelgeheba"	"ShipName"	""
"/ShipName/Transport/Gaal/65"	"Кептаак"	"Lang.dat: ShipName.Transport.Gaal.65. Preserve every <tag> exactly. English reference: Keptahak"	"ShipName"	""
"/ShipName/Transport/Gaal/66"	"Киинакле"	"Lang.dat: ShipName.Transport.Gaal.66. Preserve every <tag> exactly. English reference: Kihinakleh"	"ShipName"	""
"/ShipName/Transport/Gaal/67"	"Кинеела"	"Lang.dat: ShipName.Transport.Gaal.67. Preserve every <tag> exactly. English reference: Kinehela"	"ShipName"	""
"/ShipName/Transport/Gaal/68"	"Киркоойя"	"Lang.dat: ShipName.Transport.Gaal.68. Preserve every <tag> exactly. English reference: Kirkohoya"	"ShipName"	""
"/ShipName/Transport/Gaal/69"	"Клиинна"	"Lang.dat: ShipName.Transport.Gaal.69. Preserve every <tag> exactly. English reference: Klihinna"	"ShipName"	""
"/ShipName/Transport/Gaal/7"	"Айли-ирк"	"Lang.dat: ShipName.Transport.Gaal.7. Preserve every <tag> exactly. English reference: Aily-irk"	"ShipName"	""
"/ShipName/Transport/Gaal/70"	"Коо-ба"	"Lang.dat: ShipName.Transport.Gaal.70. Preserve every <tag> exactly. English reference: Koo-ba"	"ShipName"	""
"/ShipName/Transport/Gaal/71"	"Коолат"	"Lang.dat: ShipName.Transport.Gaal.71. Preserve every <tag> exactly. English reference: Koholat"	"ShipName"	""
"/ShipName/Transport/Gaal/72"	"Кра-аббор"	"Lang.dat: ShipName.Transport.Gaal.72. Preserve every <tag> exactly. English reference: Kra-abbor"	"ShipName"	""
"/ShipName/Transport/Gaal/73"	"Лаанта"	"Lang.dat: ShipName.Transport.Gaal.73. Preserve every <tag> exactly. English reference: Lahante"	"ShipName"	""
"/ShipName/Transport/Gaal/74"	"Ламаайт"	"Lang.dat: ShipName.Transport.Gaal.74. Preserve every <tag> exactly. English reference: Lamahait"	"ShipName"	""
"/ShipName/Transport/Gaal/75"	"Лао-ога"	"Lang.dat: ShipName.Transport.Gaal.75. Preserve every <tag> exactly. English reference: Lao-oga"	"ShipName"	""
"/ShipName/Transport/Gaal/76"	"Леемарка"	"Lang.dat: ShipName.Transport.Gaal.76. Preserve every <tag> exactly. English reference: Lehemarka"	"ShipName"	""
"/ShipName/Transport/Gaal/77"	"Леи-има"	"Lang.dat: ShipName.Transport.Gaal.77. Preserve every <tag> exactly. English reference: Lei-ima"	"ShipName"	""
"/ShipName/Transport/Gaal/78"	"Ленлиико"	"Lang.dat: ShipName.Transport.Gaal.78. Preserve every <tag> exactly. English reference: Lenlihiko"	"ShipName"	""
"/ShipName/Transport/Gaal/79"	"Лиинка"	"Lang.dat: ShipName.Transport.Gaal.79. Preserve every <tag> exactly. English reference: Lihinka"	"ShipName"	""
"/ShipName/Transport/Gaal/8"	"Айна-ант"	"Lang.dat: ShipName.Transport.Gaal.8. Preserve every <tag> exactly. English reference: Aina-ant"	"ShipName"	""
"/ShipName/Transport/Gaal/80"	"Лиисик"	"Lang.dat: ShipName.Transport.Gaal.80. Preserve every <tag> exactly. English reference: Lihisik"	"ShipName"	""
"/ShipName/Transport/Gaal/81"	"Лоонен"	"Lang.dat: ShipName.Transport.Gaal.81. Preserve every <tag> exactly. English reference: Lohonen"	"ShipName"	""
"/ShipName/Transport/Gaal/82"	"Ло-оста"	"Lang.dat: ShipName.Transport.Gaal.82. Preserve every <tag> exactly. English reference: Lo-osta"	"ShipName"	""
"/ShipName/Transport/Gaal/83"	"Лоо-хи"	"Lang.dat: ShipName.Transport.Gaal.83. Preserve every <tag> exactly. English reference: Loo-hi"	"ShipName"	""
"/ShipName/Transport/Gaal/84"	"Луйкааст"	"Lang.dat: ShipName.Transport.Gaal.84. Preserve every <tag> exactly. English reference: Luikahast"	"ShipName"	""
"/ShipName/Transport/Gaal/85"	"Луулиа"	"Lang.dat: ShipName.Transport.Gaal.85. Preserve every <tag> exactly. English reference: Luhulia"	"ShipName"	""
"/ShipName/Transport/Gaal/86"	"Меенгар"	"Lang.dat: ShipName.Transport.Gaal.86. Preserve every <tag> exactly. English reference: Mehengar"	"ShipName"	""
"/ShipName/Transport/Gaal/87"	"Миирка"	"Lang.dat: ShipName.Transport.Gaal.87. Preserve every <tag> exactly. English reference: Mihirka"	"ShipName"	""
"/ShipName/Transport/Gaal/88"	"Мини-ир"	"Lang.dat: ShipName.Transport.Gaal.88. Preserve every <tag> exactly. English reference: Mini-ir"	"ShipName"	""
"/ShipName/Transport/Gaal/89"	"Моойнак"	"Lang.dat: ShipName.Transport.Gaal.89. Preserve every <tag> exactly. English reference: Mohoinak"	"ShipName"	""
"/ShipName/Transport/Gaal/9"	"Акраак"	"Lang.dat: ShipName.Transport.Gaal.9. Preserve every <tag> exactly. English reference: Akrahak"	"ShipName"	""
"/ShipName/Transport/Gaal/90"	"Моолкар"	"Lang.dat: ShipName.Transport.Gaal.90. Preserve every <tag> exactly. English reference: Moholkar"	"ShipName"	""
"/ShipName/Transport/Gaal/91"	"Муаайри"	"Lang.dat: ShipName.Transport.Gaal.91. Preserve every <tag> exactly. English reference: Muahairy"	"ShipName"	""
"/ShipName/Transport/Gaal/92"	"Наавуфра"	"Lang.dat: ShipName.Transport.Gaal.92. Preserve every <tag> exactly. English reference: Nahavufrah"	"ShipName"	""
"/ShipName/Transport/Gaal/93"	"Наамика"	"Lang.dat: ShipName.Transport.Gaal.93. Preserve every <tag> exactly. English reference: Nahamika"	"ShipName"	""
"/ShipName/Transport/Gaal/94"	"Наклаая"	"Lang.dat: ShipName.Transport.Gaal.94. Preserve every <tag> exactly. English reference: Naklahaya"	"ShipName"	""
"/ShipName/Transport/Gaal/95"	"Нееканпи"	"Lang.dat: ShipName.Transport.Gaal.95. Preserve every <tag> exactly. English reference: Nehekanpy"	"ShipName"	""
"/ShipName/Transport/Gaal/96"	"Нексеер"	"Lang.dat: ShipName.Transport.Gaal.96. Preserve every <tag> exactly. English reference: Nexeer"	"ShipName"	""
"/ShipName/Transport/Gaal/97"	"Ноола"	"Lang.dat: ShipName.Transport.Gaal.97. Preserve every <tag> exactly. English reference: Noola"	"ShipName"	""
"/ShipName/Transport/Gaal/98"	"Но-омота"	"Lang.dat: ShipName.Transport.Gaal.98. Preserve every <tag> exactly. English reference: No-omota"	"ShipName"	""
"/ShipName/Transport/Gaal/99"	"Ноорак"	"Lang.dat: ShipName.Transport.Gaal.99. Preserve every <tag> exactly. English reference: Nohorak"	"ShipName"	""
"/ShipName/Transport/Maloc/1"	"Абораг"	"Lang.dat: ShipName.Transport.Maloc.1. Preserve every <tag> exactly. English reference: Aborag"	"ShipName"	""
"/ShipName/Transport/Maloc/10"	"Амбакар"	"Lang.dat: ShipName.Transport.Maloc.10. Preserve every <tag> exactly. English reference: Ambakar"	"ShipName"	""
"/ShipName/Transport/Maloc/100"	"Окибар"	"Lang.dat: ShipName.Transport.Maloc.100. Preserve every <tag> exactly. English reference: Okibar"	"ShipName"	""
"/ShipName/Transport/Maloc/101"	"Ораггор"	"Lang.dat: ShipName.Transport.Maloc.101. Preserve every <tag> exactly. English reference: Oraggor"	"ShipName"	""
"/ShipName/Transport/Maloc/102"	"Орбан"	"Lang.dat: ShipName.Transport.Maloc.102. Preserve every <tag> exactly. English reference: Orban"	"ShipName"	""
"/ShipName/Transport/Maloc/103"	"Орготаг"	"Lang.dat: ShipName.Transport.Maloc.103. Preserve every <tag> exactly. English reference: Orgotag"	"ShipName"	""
"/ShipName/Transport/Maloc/104"	"Оркогру"	"Lang.dat: ShipName.Transport.Maloc.104. Preserve every <tag> exactly. English reference: Orkogru"	"ShipName"	""
"/ShipName/Transport/Maloc/105"	"Оруддар"	"Lang.dat: ShipName.Transport.Maloc.105. Preserve every <tag> exactly. English reference: Oruddar"	"ShipName"	""
"/ShipName/Transport/Maloc/106"	"Паганга"	"Lang.dat: ShipName.Transport.Maloc.106. Preserve every <tag> exactly. English reference: Palanga"	"ShipName"	""
"/ShipName/Transport/Maloc/107"	"Потагак"	"Lang.dat: ShipName.Transport.Maloc.107. Preserve every <tag> exactly. English reference: Potagak"	"ShipName"	""
"/ShipName/Transport/Maloc/108"	"Предлатор"	"Lang.dat: ShipName.Transport.Maloc.108. Preserve every <tag> exactly. English reference: Predlator"	"ShipName"	""
"/ShipName/Transport/Maloc/109"	"Пронтилга"	"Lang.dat: ShipName.Transport.Maloc.109. Preserve every <tag> exactly. English reference: Prontilga"	"ShipName"	""
"/ShipName/Transport/Maloc/11"	"Андадру"	"Lang.dat: ShipName.Transport.Maloc.11. Preserve every <tag> exactly. English reference: Andadrue"	"ShipName"	""
"/ShipName/Transport/Maloc/110"	"Рагакру"	"Lang.dat: ShipName.Transport.Maloc.110. Preserve every <tag> exactly. English reference: Ragakru"	"ShipName"	""
"/ShipName/Transport/Maloc/111"	"Рагдер"	"Lang.dat: ShipName.Transport.Maloc.111. Preserve every <tag> exactly. English reference: Ragder"	"ShipName"	""
"/ShipName/Transport/Maloc/112"	"Рагон"	"Lang.dat: ShipName.Transport.Maloc.112. Preserve every <tag> exactly. English reference: Ragon"	"ShipName"	""
"/ShipName/Transport/Maloc/113"	"Радагон"	"Lang.dat: ShipName.Transport.Maloc.113. Preserve every <tag> exactly. English reference: Radagon"	"ShipName"	""
"/ShipName/Transport/Maloc/114"	"Радобру"	"Lang.dat: ShipName.Transport.Maloc.114. Preserve every <tag> exactly. English reference: Radobru"	"ShipName"	""
"/ShipName/Transport/Maloc/115"	"Радункар"	"Lang.dat: ShipName.Transport.Maloc.115. Preserve every <tag> exactly. English reference: Radunkar"	"ShipName"	""
"/ShipName/Transport/Maloc/116"	"Ракабар"	"Lang.dat: ShipName.Transport.Maloc.116. Preserve every <tag> exactly. English reference: Rakabar"	"ShipName"	""
"/ShipName/Transport/Maloc/117"	"Ратаграк"	"Lang.dat: ShipName.Transport.Maloc.117. Preserve every <tag> exactly. English reference: Ratagrak"	"ShipName"	""
"/ShipName/Transport/Maloc/118"	"Рдалка"	"Lang.dat: ShipName.Transport.Maloc.118. Preserve every <tag> exactly. English reference: Rdalka"	"ShipName"	""
"/ShipName/Transport/Maloc/119"	"Ребенаг"	"Lang.dat: ShipName.Transport.Maloc.119. Preserve every <tag> exactly. English reference: Rebenag"	"ShipName"	""
"/ShipName/Transport/Maloc/12"	"Аратог"	"Lang.dat: ShipName.Transport.Maloc.12. Preserve every <tag> exactly. English reference: Aratog"	"ShipName"	""
"/ShipName/Transport/Maloc/120"	"Регатор"	"Lang.dat: ShipName.Transport.Maloc.120. Preserve every <tag> exactly. English reference: Regator"	"ShipName"	""
"/ShipName/Transport/Maloc/121"	"Реграк"	"Lang.dat: ShipName.Transport.Maloc.121. Preserve every <tag> exactly. English reference: Regrak"	"ShipName"	""
"/ShipName/Transport/Maloc/122"	"Регунтаг"	"Lang.dat: ShipName.Transport.Maloc.122. Preserve every <tag> exactly. English reference: Reguntag"	"ShipName"	""
"/ShipName/Transport/Maloc/123"	"Рекан"	"Lang.dat: ShipName.Transport.Maloc.123. Preserve every <tag> exactly. English reference: Rekan"	"ShipName"	""
"/ShipName/Transport/Maloc/124"	"Ретадра"	"Lang.dat: ShipName.Transport.Maloc.124. Preserve every <tag> exactly. English reference: Retadra"	"ShipName"	""
"/ShipName/Transport/Maloc/125"	"Риббон"	"Lang.dat: ShipName.Transport.Maloc.125. Preserve every <tag> exactly. English reference: Ribbon"	"ShipName"	""
"/ShipName/Transport/Maloc/126"	"Рогандак"	"Lang.dat: ShipName.Transport.Maloc.126. Preserve every <tag> exactly. English reference: Rogandak"	"ShipName"	""
"/ShipName/Transport/Maloc/127"	"Рогирга"	"Lang.dat: ShipName.Transport.Maloc.127. Preserve every <tag> exactly. English reference: Rogirga"	"ShipName"	""
"/ShipName/Transport/Maloc/128"	"Рогот"	"Lang.dat: ShipName.Transport.Maloc.128. Preserve every <tag> exactly. English reference: Rogot"	"ShipName"	""
"/ShipName/Transport/Maloc/129"	"Роканду"	"Lang.dat: ShipName.Transport.Maloc.129. Preserve every <tag> exactly. English reference: Rokandu"	"ShipName"	""
"/ShipName/Transport/Maloc/13"	"Аргелар"	"Lang.dat: ShipName.Transport.Maloc.13. Preserve every <tag> exactly. English reference: Argelar"	"ShipName"	""
"/ShipName/Transport/Maloc/130"	"Рокоба"	"Lang.dat: ShipName.Transport.Maloc.130. Preserve every <tag> exactly. English reference: Rokoba"	"ShipName"	""
"/ShipName/Transport/Maloc/131"	"Ромаддар"	"Lang.dat: ShipName.Transport.Maloc.131. Preserve every <tag> exactly. English reference: Romaddar"	"ShipName"	""
"/ShipName/Transport/Maloc/132"	"Ротонор"	"Lang.dat: ShipName.Transport.Maloc.132. Preserve every <tag> exactly. English reference: Rotonor"	"ShipName"	""
"/ShipName/Transport/Maloc/133"	"Табарга"	"Lang.dat: ShipName.Transport.Maloc.133. Preserve every <tag> exactly. English reference: Tabarga"	"ShipName"	""
"/ShipName/Transport/Maloc/134"	"Таррок"	"Lang.dat: ShipName.Transport.Maloc.134. Preserve every <tag> exactly. English reference: Tarrok"	"ShipName"	""
"/ShipName/Transport/Maloc/135"	"Тибокен"	"Lang.dat: ShipName.Transport.Maloc.135. Preserve every <tag> exactly. English reference: Tiboken"	"ShipName"	""
"/ShipName/Transport/Maloc/136"	"Тиброр"	"Lang.dat: ShipName.Transport.Maloc.136. Preserve every <tag> exactly. English reference: Tibror"	"ShipName"	""
"/ShipName/Transport/Maloc/137"	"Титаган"	"Lang.dat: ShipName.Transport.Maloc.137. Preserve every <tag> exactly. English reference: Titagan"	"ShipName"	""
"/ShipName/Transport/Maloc/138"	"Убогру"	"Lang.dat: ShipName.Transport.Maloc.138. Preserve every <tag> exactly. English reference: Ubogru"	"ShipName"	""
"/ShipName/Transport/Maloc/139"	"Угаддар"	"Lang.dat: ShipName.Transport.Maloc.139. Preserve every <tag> exactly. English reference: Ugaddar"	"ShipName"	""
"/ShipName/Transport/Maloc/14"	"Аргонту"	"Lang.dat: ShipName.Transport.Maloc.14. Preserve every <tag> exactly. English reference: Argontu"	"ShipName"	""
"/ShipName/Transport/Maloc/140"	"Уганка"	"Lang.dat: ShipName.Transport.Maloc.140. Preserve every <tag> exactly. English reference: Uganka"	"ShipName"	""
"/ShipName/Transport/Maloc/141"	"Угаробар"	"Lang.dat: ShipName.Transport.Maloc.141. Preserve every <tag> exactly. English reference: Ugarobar"	"ShipName"	""
"/ShipName/Transport/Maloc/142"	"Угоклан"	"Lang.dat: ShipName.Transport.Maloc.142. Preserve every <tag> exactly. English reference: Ugoklan"	"ShipName"	""
"/ShipName/Transport/Maloc/143"	"Угурак"	"Lang.dat: ShipName.Transport.Maloc.143. Preserve every <tag> exactly. English reference: Ugurak"	"ShipName"	""
"/ShipName/Transport/Maloc/144"	"Удагар"	"Lang.dat: ShipName.Transport.Maloc.144. Preserve every <tag> exactly. English reference: Udagar"	"ShipName"	""
"/ShipName/Transport/Maloc/145"	"Ударрак"	"Lang.dat: ShipName.Transport.Maloc.145. Preserve every <tag> exactly. English reference: Udarrak"	"ShipName"	""
"/ShipName/Transport/Maloc/146"	"Унабанду"	"Lang.dat: ShipName.Transport.Maloc.146. Preserve every <tag> exactly. English reference: Unabandu"	"ShipName"	""
"/ShipName/Transport/Maloc/147"	"Урабал"	"Lang.dat: ShipName.Transport.Maloc.147. Preserve every <tag> exactly. English reference: Urabal"	"ShipName"	""
"/ShipName/Transport/Maloc/148"	"Урбадор"	"Lang.dat: ShipName.Transport.Maloc.148. Preserve every <tag> exactly. English reference: Urbador"	"ShipName"	""
"/ShipName/Transport/Maloc/149"	"Ургакру"	"Lang.dat: ShipName.Transport.Maloc.149. Preserve every <tag> exactly. English reference: Urgakru"	"ShipName"	""
"/ShipName/Transport/Maloc/15"	"Ардабон"	"Lang.dat: ShipName.Transport.Maloc.15. Preserve every <tag> exactly. English reference: Ardabon"	"ShipName"	""
"/ShipName/Transport/Maloc/150"	"Уркангак"	"Lang.dat: ShipName.Transport.Maloc.150. Preserve every <tag> exactly. English reference: Urkangak"	"ShipName"	""
"/ShipName/Transport/Maloc/151"	"Малодаром"	"Lang.dat: ShipName.Transport.Maloc.151. Preserve every <tag> exactly. English reference: Malodarom"	"ShipName"	""
"/ShipName/Transport/Maloc/16"	"Ареддан"	"Lang.dat: ShipName.Transport.Maloc.16. Preserve every <tag> exactly. English reference: Areddan"	"ShipName"	""
"/ShipName/Transport/Maloc/17"	"Аркелга"	"Lang.dat: ShipName.Transport.Maloc.17. Preserve every <tag> exactly. English reference: Arkelga"	"ShipName"	""
"/ShipName/Transport/Maloc/18"	"Аркомаддан"	"Lang.dat: ShipName.Transport.Maloc.18. Preserve every <tag> exactly. English reference: Arkomaddan"	"ShipName"	""
"/ShipName/Transport/Maloc/19"	"Аталон"	"Lang.dat: ShipName.Transport.Maloc.19. Preserve every <tag> exactly. English reference: Atalon"	"ShipName"	""
"/ShipName/Transport/Maloc/2"	"Абрагор"	"Lang.dat: ShipName.Transport.Maloc.2. Preserve every <tag> exactly. English reference: Abragor"	"ShipName"	""
"/ShipName/Transport/Maloc/20"	"Багарра"	"Lang.dat: ShipName.Transport.Maloc.20. Preserve every <tag> exactly. English reference: Bagarra"	"ShipName"	""
"/ShipName/Transport/Maloc/21"	"Бадолка"	"Lang.dat: ShipName.Transport.Maloc.21. Preserve every <tag> exactly. English reference: Badolka"	"ShipName"	""
"/ShipName/Transport/Maloc/22"	"Бакагор"	"Lang.dat: ShipName.Transport.Maloc.22. Preserve every <tag> exactly. English reference: Bakagor"	"ShipName"	""
"/ShipName/Transport/Maloc/23"	"Баксан"	"Lang.dat: ShipName.Transport.Maloc.23. Preserve every <tag> exactly. English reference: Baksan"	"ShipName"	""
"/ShipName/Transport/Maloc/24"	"Балангак"	"Lang.dat: ShipName.Transport.Maloc.24. Preserve every <tag> exactly. English reference: Balangak"	"ShipName"	""
"/ShipName/Transport/Maloc/25"	"Балдагр"	"Lang.dat: ShipName.Transport.Maloc.25. Preserve every <tag> exactly. English reference: Baldagr"	"ShipName"	""
"/ShipName/Transport/Maloc/26"	"Бантог"	"Lang.dat: ShipName.Transport.Maloc.26. Preserve every <tag> exactly. English reference: Bantog"	"ShipName"	""
"/ShipName/Transport/Maloc/27"	"Баррагар"	"Lang.dat: ShipName.Transport.Maloc.27. Preserve every <tag> exactly. English reference: Barragar"	"ShipName"	""
"/ShipName/Transport/Maloc/28"	"Бебонду"	"Lang.dat: ShipName.Transport.Maloc.28. Preserve every <tag> exactly. English reference: Bebondu"	"ShipName"	""
"/ShipName/Transport/Maloc/29"	"Бедрон"	"Lang.dat: ShipName.Transport.Maloc.29. Preserve every <tag> exactly. English reference: Bedron"	"ShipName"	""
"/ShipName/Transport/Maloc/3"	"Агедру"	"Lang.dat: ShipName.Transport.Maloc.3. Preserve every <tag> exactly. English reference: Agedru"	"ShipName"	""
"/ShipName/Transport/Maloc/30"	"Бодаркен"	"Lang.dat: ShipName.Transport.Maloc.30. Preserve every <tag> exactly. English reference: Bodarken"	"ShipName"	""
"/ShipName/Transport/Maloc/31"	"Боланер"	"Lang.dat: ShipName.Transport.Maloc.31. Preserve every <tag> exactly. English reference: Bolaner"	"ShipName"	""
"/ShipName/Transport/Maloc/32"	"Бонага"	"Lang.dat: ShipName.Transport.Maloc.32. Preserve every <tag> exactly. English reference: Bonaga"	"ShipName"	""
"/ShipName/Transport/Maloc/33"	"Бранландар"	"Lang.dat: ShipName.Transport.Maloc.33. Preserve every <tag> exactly. English reference: Branlandar"	"ShipName"	""
"/ShipName/Transport/Maloc/34"	"Брождан"	"Lang.dat: ShipName.Transport.Maloc.34. Preserve every <tag> exactly. English reference: Brozhdan"	"ShipName"	""
"/ShipName/Transport/Maloc/35"	"Бронакин"	"Lang.dat: ShipName.Transport.Maloc.35. Preserve every <tag> exactly. English reference: Bronakin"	"ShipName"	""
"/ShipName/Transport/Maloc/36"	"Буддар"	"Lang.dat: ShipName.Transport.Maloc.36. Preserve every <tag> exactly. English reference: Buddar"	"ShipName"	""
"/ShipName/Transport/Maloc/37"	"Бурдак"	"Lang.dat: ShipName.Transport.Maloc.37. Preserve every <tag> exactly. English reference: Burdak"	"ShipName"	""
"/ShipName/Transport/Maloc/38"	"Габанда"	"Lang.dat: ShipName.Transport.Maloc.38. Preserve every <tag> exactly. English reference: Gabanda"	"ShipName"	""
"/ShipName/Transport/Maloc/39"	"Габартон"	"Lang.dat: ShipName.Transport.Maloc.39. Preserve every <tag> exactly. English reference: Gabarton"	"ShipName"	""
"/ShipName/Transport/Maloc/4"	"Агламагар"	"Lang.dat: ShipName.Transport.Maloc.4. Preserve every <tag> exactly. English reference: Aglamagar"	"ShipName"	""
"/ShipName/Transport/Maloc/40"	"Ганага"	"Lang.dat: ShipName.Transport.Maloc.40. Preserve every <tag> exactly. English reference: Ganaga"	"ShipName"	""
"/ShipName/Transport/Maloc/41"	"Гандок"	"Lang.dat: ShipName.Transport.Maloc.41. Preserve every <tag> exactly. English reference: Gandok"	"ShipName"	""
"/ShipName/Transport/Maloc/42"	"Гаронду"	"Lang.dat: ShipName.Transport.Maloc.42. Preserve every <tag> exactly. English reference: Garondu"	"ShipName"	""
"/ShipName/Transport/Maloc/43"	"Гартан"	"Lang.dat: ShipName.Transport.Maloc.43. Preserve every <tag> exactly. English reference: Gartan"	"ShipName"	""
"/ShipName/Transport/Maloc/44"	"Глатак"	"Lang.dat: ShipName.Transport.Maloc.44. Preserve every <tag> exactly. English reference: Glatak"	"ShipName"	""
"/ShipName/Transport/Maloc/45"	"Глоддар"	"Lang.dat: ShipName.Transport.Maloc.45. Preserve every <tag> exactly. English reference: Gloddar"	"ShipName"	""
"/ShipName/Transport/Maloc/46"	"Гнабер"	"Lang.dat: ShipName.Transport.Maloc.46. Preserve every <tag> exactly. English reference: Gnaber"	"ShipName"	""
"/ShipName/Transport/Maloc/47"	"Гобаррак"	"Lang.dat: ShipName.Transport.Maloc.47. Preserve every <tag> exactly. English reference: Gobarrak"	"ShipName"	""
"/ShipName/Transport/Maloc/48"	"Годобан"	"Lang.dat: ShipName.Transport.Maloc.48. Preserve every <tag> exactly. English reference: Godoban"	"ShipName"	""
"/ShipName/Transport/Maloc/49"	"Гонгарт"	"Lang.dat: ShipName.Transport.Maloc.49. Preserve every <tag> exactly. English reference: Gongart"	"ShipName"	""
"/ShipName/Transport/Maloc/5"	"Агранк"	"Lang.dat: ShipName.Transport.Maloc.5. Preserve every <tag> exactly. English reference: Agrank"	"ShipName"	""
"/ShipName/Transport/Maloc/50"	"Гондар"	"Lang.dat: ShipName.Transport.Maloc.50. Preserve every <tag> exactly. English reference: Gondar"	"ShipName"	""
"/ShipName/Transport/Maloc/51"	"Граган"	"Lang.dat: ShipName.Transport.Maloc.51. Preserve every <tag> exactly. English reference: Granan"	"ShipName"	""
"/ShipName/Transport/Maloc/52"	"Гранту"	"Lang.dat: ShipName.Transport.Maloc.52. Preserve every <tag> exactly. English reference: Grantu"	"ShipName"	""
"/ShipName/Transport/Maloc/53"	"Гроббер"	"Lang.dat: ShipName.Transport.Maloc.53. Preserve every <tag> exactly. English reference: Grobber"	"ShipName"	""
"/ShipName/Transport/Maloc/54"	"Громаг"	"Lang.dat: ShipName.Transport.Maloc.54. Preserve every <tag> exactly. English reference: Gromag"	"ShipName"	""
"/ShipName/Transport/Maloc/55"	"Гундор"	"Lang.dat: ShipName.Transport.Maloc.55. Preserve every <tag> exactly. English reference: Gundor"	"ShipName"	""
"/ShipName/Transport/Maloc/56"	"Дакадар"	"Lang.dat: ShipName.Transport.Maloc.56. Preserve every <tag> exactly. English reference: Dakadar"	"ShipName"	""
"/ShipName/Transport/Maloc/57"	"Дангор"	"Lang.dat: ShipName.Transport.Maloc.57. Preserve every <tag> exactly. English reference: Dangor"	"ShipName"	""
"/ShipName/Transport/Maloc/58"	"Дарбо"	"Lang.dat: ShipName.Transport.Maloc.58. Preserve every <tag> exactly. English reference: Darbo"	"ShipName"	""
"/ShipName/Transport/Maloc/59"	"Дебаргон"	"Lang.dat: ShipName.Transport.Maloc.59. Preserve every <tag> exactly. English reference: Debargon"	"ShipName"	""
"/ShipName/Transport/Maloc/6"	"Аддерак"	"Lang.dat: ShipName.Transport.Maloc.6. Preserve every <tag> exactly. English reference: Adderak"	"ShipName"	""
"/ShipName/Transport/Maloc/60"	"Деригла"	"Lang.dat: ShipName.Transport.Maloc.60. Preserve every <tag> exactly. English reference: Derigla"	"ShipName"	""
"/ShipName/Transport/Maloc/61"	"Дерран"	"Lang.dat: ShipName.Transport.Maloc.61. Preserve every <tag> exactly. English reference: Derran"	"ShipName"	""
"/ShipName/Transport/Maloc/62"	"Домкрак"	"Lang.dat: ShipName.Transport.Maloc.62. Preserve every <tag> exactly. English reference: Domkrak"	"ShipName"	""
"/ShipName/Transport/Maloc/63"	"Драдат"	"Lang.dat: ShipName.Transport.Maloc.63. Preserve every <tag> exactly. English reference: Dradat"	"ShipName"	""
"/ShipName/Transport/Maloc/64"	"Дрелак"	"Lang.dat: ShipName.Transport.Maloc.64. Preserve every <tag> exactly. English reference: Drelak"	"ShipName"	""
"/ShipName/Transport/Maloc/65"	"Загнарду"	"Lang.dat: ShipName.Transport.Maloc.65. Preserve every <tag> exactly. English reference: Zagnardu"	"ShipName"	""
"/ShipName/Transport/Maloc/66"	"Зандар"	"Lang.dat: ShipName.Transport.Maloc.66. Preserve every <tag> exactly. English reference: Zandar"	"ShipName"	""
"/ShipName/Transport/Maloc/67"	"Зарран"	"Lang.dat: ShipName.Transport.Maloc.67. Preserve every <tag> exactly. English reference: Zarran"	"ShipName"	""
"/ShipName/Transport/Maloc/68"	"Кабадру"	"Lang.dat: ShipName.Transport.Maloc.68. Preserve every <tag> exactly. English reference: Kabadru"	"ShipName"	""
"/ShipName/Transport/Maloc/69"	"Кагерра"	"Lang.dat: ShipName.Transport.Maloc.69. Preserve every <tag> exactly. English reference: Kagerra"	"ShipName"	""
"/ShipName/Transport/Maloc/7"	"Адегар"	"Lang.dat: ShipName.Transport.Maloc.7. Preserve every <tag> exactly. English reference: Adegar"	"ShipName"	""
"/ShipName/Transport/Maloc/70"	"Катанор"	"Lang.dat: ShipName.Transport.Maloc.70. Preserve every <tag> exactly. English reference: Katanor"	"ShipName"	""
"/ShipName/Transport/Maloc/71"	"Кендилга"	"Lang.dat: ShipName.Transport.Maloc.71. Preserve every <tag> exactly. English reference: Kendilga"	"ShipName"	""
"/ShipName/Transport/Maloc/72"	"Кинзаза"	"Lang.dat: ShipName.Transport.Maloc.72. Preserve every <tag> exactly. English reference: Kinzaza"	"ShipName"	""
"/ShipName/Transport/Maloc/73"	"Клаббор"	"Lang.dat: ShipName.Transport.Maloc.73. Preserve every <tag> exactly. English reference: Klabbor"	"ShipName"	""
"/ShipName/Transport/Maloc/74"	"Кминтура"	"Lang.dat: ShipName.Transport.Maloc.74. Preserve every <tag> exactly. English reference: Kmintura"	"ShipName"	""
"/ShipName/Transport/Maloc/75"	"Кодаг"	"Lang.dat: ShipName.Transport.Maloc.75. Preserve every <tag> exactly. English reference: Kodag"	"ShipName"	""
"/ShipName/Transport/Maloc/76"	"Кракан"	"Lang.dat: ShipName.Transport.Maloc.76. Preserve every <tag> exactly. English reference: Krakan"	"ShipName"	""
"/ShipName/Transport/Maloc/77"	"Крантор"	"Lang.dat: ShipName.Transport.Maloc.77. Preserve every <tag> exactly. English reference: Krantor"	"ShipName"	""
"/ShipName/Transport/Maloc/78"	"Кудатра"	"Lang.dat: ShipName.Transport.Maloc.78. Preserve every <tag> exactly. English reference: Kudatra"	"ShipName"	""
"/ShipName/Transport/Maloc/79"	"Кураган"	"Lang.dat: ShipName.Transport.Maloc.79. Preserve every <tag> exactly. English reference: Kuragan"	"ShipName"	""
"/ShipName/Transport/Maloc/8"	"Албарга"	"Lang.dat: ShipName.Transport.Maloc.8. Preserve every <tag> exactly. English reference: Albarga"	"ShipName"	""
"/ShipName/Transport/Maloc/80"	"Лабаран"	"Lang.dat: ShipName.Transport.Maloc.80. Preserve every <tag> exactly. English reference: Labaran"	"ShipName"	""
"/ShipName/Transport/Maloc/81"	"Лагартон"	"Lang.dat: ShipName.Transport.Maloc.81. Preserve every <tag> exactly. English reference: Lagarton"	"ShipName"	""
"/ShipName/Transport/Maloc/82"	"Ладракру"	"Lang.dat: ShipName.Transport.Maloc.82. Preserve every <tag> exactly. English reference: Ladrakrue"	"ShipName"	""
"/ShipName/Transport/Maloc/83"	"Лаксадер"	"Lang.dat: ShipName.Transport.Maloc.83. Preserve every <tag> exactly. English reference: Laxader"	"ShipName"	""
"/ShipName/Transport/Maloc/84"	"Лангак"	"Lang.dat: ShipName.Transport.Maloc.84. Preserve every <tag> exactly. English reference: Langak"	"ShipName"	""
"/ShipName/Transport/Maloc/85"	"Латакан"	"Lang.dat: ShipName.Transport.Maloc.85. Preserve every <tag> exactly. English reference: Latakan"	"ShipName"	""
"/ShipName/Transport/Maloc/86"	"Лебран"	"Lang.dat: ShipName.Transport.Maloc.86. Preserve every <tag> exactly. English reference: Lebran"	"ShipName"	""
"/ShipName/Transport/Maloc/87"	"Легебар"	"Lang.dat: ShipName.Transport.Maloc.87. Preserve every <tag> exactly. English reference: Legebar"	"ShipName"	""
"/ShipName/Transport/Maloc/88"	"Лекар"	"Lang.dat: ShipName.Transport.Maloc.88. Preserve every <tag> exactly. English reference: Lekar"	"ShipName"	""
"/ShipName/Transport/Maloc/89"	"Лобарду"	"Lang.dat: ShipName.Transport.Maloc.89. Preserve every <tag> exactly. English reference: Lobardu"	"ShipName"	""
"/ShipName/Transport/Maloc/9"	"Алдакрон"	"Lang.dat: ShipName.Transport.Maloc.9. Preserve every <tag> exactly. English reference: Aldakron"	"ShipName"	""
"/ShipName/Transport/Maloc/90"	"Лоддар"	"Lang.dat: ShipName.Transport.Maloc.90. Preserve every <tag> exactly. English reference: Loddar"	"ShipName"	""
"/ShipName/Transport/Maloc/91"	"Лотонга"	"Lang.dat: ShipName.Transport.Maloc.91. Preserve every <tag> exactly. English reference: Lotonga"	"ShipName"	""
"/ShipName/Transport/Maloc/92"	"Матагон"	"Lang.dat: ShipName.Transport.Maloc.92. Preserve every <tag> exactly. English reference: Matagon"	"ShipName"	""
"/ShipName/Transport/Maloc/93"	"Меладза"	"Lang.dat: ShipName.Transport.Maloc.93. Preserve every <tag> exactly. English reference: Meladza"	"ShipName"	""
"/ShipName/Transport/Maloc/94"	"Набадан"	"Lang.dat: ShipName.Transport.Maloc.94. Preserve every <tag> exactly. English reference: Nabadan"	"ShipName"	""
"/ShipName/Transport/Maloc/95"	"Наглабар"	"Lang.dat: ShipName.Transport.Maloc.95. Preserve every <tag> exactly. English reference: Naglabar"	"ShipName"	""
"/ShipName/Transport/Maloc/96"	"Незарту"	"Lang.dat: ShipName.Transport.Maloc.96. Preserve every <tag> exactly. English reference: Nezartu"	"ShipName"	""
"/ShipName/Transport/Maloc/97"	"Оббор"	"Lang.dat: ShipName.Transport.Maloc.97. Preserve every <tag> exactly. English reference: Obbor"	"ShipName"	""
"/ShipName/Transport/Maloc/98"	"Огатак"	"Lang.dat: ShipName.Transport.Maloc.98. Preserve every <tag> exactly. English reference: Ogatak"	"ShipName"	""
"/ShipName/Transport/Maloc/99"	"Одарбаг"	"Lang.dat: ShipName.Transport.Maloc.99. Preserve every <tag> exactly. English reference: Odarbag"	"ShipName"	""
"/ShipName/Transport/Peleng/1"	"Айкочак"	"Lang.dat: ShipName.Transport.Peleng.1. Preserve every <tag> exactly. English reference: Aikochak"	"ShipName"	""
"/ShipName/Transport/Peleng/10"	"Акойчуха"	"Lang.dat: ShipName.Transport.Peleng.10. Preserve every <tag> exactly. English reference: Akoichukha"	"ShipName"	""
"/ShipName/Transport/Peleng/100"	"Уцухек"	"Lang.dat: ShipName.Transport.Peleng.100. Preserve every <tag> exactly. English reference: Uzukhek"	"ShipName"	""
"/ShipName/Transport/Peleng/101"	"Учацлис"	"Lang.dat: ShipName.Transport.Peleng.101. Preserve every <tag> exactly. English reference: Uchaclis"	"ShipName"	""
"/ShipName/Transport/Peleng/102"	"Учулиш"	"Lang.dat: ShipName.Transport.Peleng.102. Preserve every <tag> exactly. English reference: Uchulish"	"ShipName"	""
"/ShipName/Transport/Peleng/103"	"Ушикка"	"Lang.dat: ShipName.Transport.Peleng.103. Preserve every <tag> exactly. English reference: Ushikka"	"ShipName"	""
"/ShipName/Transport/Peleng/104"	"Ушипанка"	"Lang.dat: ShipName.Transport.Peleng.104. Preserve every <tag> exactly. English reference: Ushipanka"	"ShipName"	""
"/ShipName/Transport/Peleng/105"	"Ушкопек"	"Lang.dat: ShipName.Transport.Peleng.105. Preserve every <tag> exactly. English reference: Ushkopek"	"ShipName"	""
"/ShipName/Transport/Peleng/106"	"Ушоцис"	"Lang.dat: ShipName.Transport.Peleng.106. Preserve every <tag> exactly. English reference: Ushocis"	"ShipName"	""
"/ShipName/Transport/Peleng/107"	"Ханачиш"	"Lang.dat: ShipName.Transport.Peleng.107. Preserve every <tag> exactly. English reference: Khanachish"	"ShipName"	""
"/ShipName/Transport/Peleng/108"	"Хехешка"	"Lang.dat: ShipName.Transport.Peleng.108. Preserve every <tag> exactly. English reference: Khekheshka"	"ShipName"	""
"/ShipName/Transport/Peleng/109"	"Хецетак"	"Lang.dat: ShipName.Transport.Peleng.109. Preserve every <tag> exactly. English reference: Khecetak"	"ShipName"	""
"/ShipName/Transport/Peleng/11"	"Ацихак"	"Lang.dat: ShipName.Transport.Peleng.11. Preserve every <tag> exactly. English reference: Atzikhak"	"ShipName"	""
"/ShipName/Transport/Peleng/110"	"Цайках"	"Lang.dat: ShipName.Transport.Peleng.110. Preserve every <tag> exactly. English reference: Tzaykakh"	"ShipName"	""
"/ShipName/Transport/Peleng/111"	"Цайшиска"	"Lang.dat: ShipName.Transport.Peleng.111. Preserve every <tag> exactly. English reference: Tzayshicka"	"ShipName"	""
"/ShipName/Transport/Peleng/112"	"Цакла"	"Lang.dat: ShipName.Transport.Peleng.112. Preserve every <tag> exactly. English reference: Tzakla"	"ShipName"	""
"/ShipName/Transport/Peleng/113"	"Цалотша"	"Lang.dat: ShipName.Transport.Peleng.113. Preserve every <tag> exactly. English reference: Tzalotsha"	"ShipName"	""
"/ShipName/Transport/Peleng/114"	"Цамарташ"	"Lang.dat: ShipName.Transport.Peleng.114. Preserve every <tag> exactly. English reference: Tzamartash"	"ShipName"	""
"/ShipName/Transport/Peleng/115"	"Цасетха-Пру"	"Lang.dat: ShipName.Transport.Peleng.115. Preserve every <tag> exactly. English reference: Tzasertkha-Pru"	"ShipName"	""
"/ShipName/Transport/Peleng/116"	"Цачиншак"	"Lang.dat: ShipName.Transport.Peleng.116. Preserve every <tag> exactly. English reference: Tzachinshak"	"ShipName"	""
"/ShipName/Transport/Peleng/117"	"Цепиш Цепан"	"Lang.dat: ShipName.Transport.Peleng.117. Preserve every <tag> exactly. English reference: Tzepish Tzepan"	"ShipName"	""
"/ShipName/Transport/Peleng/118"	"Цеценаш"	"Lang.dat: ShipName.Transport.Peleng.118. Preserve every <tag> exactly. English reference: Tzetzenash"	"ShipName"	""
"/ShipName/Transport/Peleng/119"	"Цешутка"	"Lang.dat: ShipName.Transport.Peleng.119. Preserve every <tag> exactly. English reference: Tzeshutka"	"ShipName"	""
"/ShipName/Transport/Peleng/12"	"Ашкехлак"	"Lang.dat: ShipName.Transport.Peleng.12. Preserve every <tag> exactly. English reference: Ashkekhlak"	"ShipName"	""
"/ShipName/Transport/Peleng/120"	"Ципайши"	"Lang.dat: ShipName.Transport.Peleng.120. Preserve every <tag> exactly. English reference: Tzipayshi"	"ShipName"	""
"/ShipName/Transport/Peleng/121"	"Ципекша"	"Lang.dat: ShipName.Transport.Peleng.121. Preserve every <tag> exactly. English reference: Tzipeksha"	"ShipName"	""
"/ShipName/Transport/Peleng/122"	"Ципишан"	"Lang.dat: ShipName.Transport.Peleng.122. Preserve every <tag> exactly. English reference: Tzipinash"	"ShipName"	""
"/ShipName/Transport/Peleng/123"	"Цишиска"	"Lang.dat: ShipName.Transport.Peleng.123. Preserve every <tag> exactly. English reference: Tzishiska"	"ShipName"	""
"/ShipName/Transport/Peleng/124"	"Цлатакша"	"Lang.dat: ShipName.Transport.Peleng.124. Preserve every <tag> exactly. English reference: Tzlataksha"	"ShipName"	""
"/ShipName/Transport/Peleng/125"	"Цокахак"	"Lang.dat: ShipName.Transport.Peleng.125. Preserve every <tag> exactly. English reference: Tzokakhak"	"ShipName"	""
"/ShipName/Transport/Peleng/126"	"Цопшик"	"Lang.dat: ShipName.Transport.Peleng.126. Preserve every <tag> exactly. English reference: Tzopshik"	"ShipName"	""
"/ShipName/Transport/Peleng/127"	"Цоцкекеш"	"Lang.dat: ShipName.Transport.Peleng.127. Preserve every <tag> exactly. English reference: Tzotzkekesh"	"ShipName"	""
"/ShipName/Transport/Peleng/128"	"Цубакша"	"Lang.dat: ShipName.Transport.Peleng.128. Preserve every <tag> exactly. English reference: Tzubaksha"	"ShipName"	""
"/ShipName/Transport/Peleng/129"	"Цукали"	"Lang.dat: ShipName.Transport.Peleng.129. Preserve every <tag> exactly. English reference: Tzukali"	"ShipName"	""
"/ShipName/Transport/Peleng/13"	"Ихтишис"	"Lang.dat: ShipName.Transport.Peleng.13. Preserve every <tag> exactly. English reference: Ikhtishis"	"ShipName"	""
"/ShipName/Transport/Peleng/130"	"Цухешка"	"Lang.dat: ShipName.Transport.Peleng.130. Preserve every <tag> exactly. English reference: Tzukeshka"	"ShipName"	""
"/ShipName/Transport/Peleng/131"	"Чеке Шан"	"Lang.dat: ShipName.Transport.Peleng.131. Preserve every <tag> exactly. English reference: Checkeh Shan"	"ShipName"	""
"/ShipName/Transport/Peleng/132"	"Чеспейка"	"Lang.dat: ShipName.Transport.Peleng.132. Preserve every <tag> exactly. English reference: Chespeyka"	"ShipName"	""
"/ShipName/Transport/Peleng/133"	"Чецекиш"	"Lang.dat: ShipName.Transport.Peleng.133. Preserve every <tag> exactly. English reference: Chetzekish"	"ShipName"	""
"/ShipName/Transport/Peleng/134"	"Чешуйкис"	"Lang.dat: ShipName.Transport.Peleng.134. Preserve every <tag> exactly. English reference: Cheshuykis"	"ShipName"	""
"/ShipName/Transport/Peleng/135"	"Чиккаш"	"Lang.dat: ShipName.Transport.Peleng.135. Preserve every <tag> exactly. English reference: Chikkash"	"ShipName"	""
"/ShipName/Transport/Peleng/136"	"Чапелли"	"Lang.dat: ShipName.Transport.Peleng.136. Preserve every <tag> exactly. English reference: Chapelli"	"ShipName"	""
"/ShipName/Transport/Peleng/137"	"Чивчалка"	"Lang.dat: ShipName.Transport.Peleng.137. Preserve every <tag> exactly. English reference: Chivchalka"	"ShipName"	""
"/ShipName/Transport/Peleng/138"	"Шайнах"	"Lang.dat: ShipName.Transport.Peleng.138. Preserve every <tag> exactly. English reference: Shaynakh"	"ShipName"	""
"/ShipName/Transport/Peleng/139"	"Шатапан"	"Lang.dat: ShipName.Transport.Peleng.139. Preserve every <tag> exactly. English reference: Shatapan"	"ShipName"	""
"/ShipName/Transport/Peleng/14"	"Ихцичак"	"Lang.dat: ShipName.Transport.Peleng.14. Preserve every <tag> exactly. English reference: Ikhtzichak"	"ShipName"	""
"/ShipName/Transport/Peleng/140"	"Шацак"	"Lang.dat: ShipName.Transport.Peleng.140. Preserve every <tag> exactly. English reference: Shatzak"	"ShipName"	""
"/ShipName/Transport/Peleng/141"	"Шекеча"	"Lang.dat: ShipName.Transport.Peleng.141. Preserve every <tag> exactly. English reference: Shekecha"	"ShipName"	""
"/ShipName/Transport/Peleng/142"	"Шекицак"	"Lang.dat: ShipName.Transport.Peleng.142. Preserve every <tag> exactly. English reference: Shekitzak"	"ShipName"	""
"/ShipName/Transport/Peleng/143"	"Шехлак"	"Lang.dat: ShipName.Transport.Peleng.143. Preserve every <tag> exactly. English reference: Shekhlak"	"ShipName"	""
"/ShipName/Transport/Peleng/144"	"Шеценка"	"Lang.dat: ShipName.Transport.Peleng.144. Preserve every <tag> exactly. English reference: Shetzenka"	"ShipName"	""
"/ShipName/Transport/Peleng/145"	"Шецеплан"	"Lang.dat: ShipName.Transport.Peleng.145. Preserve every <tag> exactly. English reference: Shetzeplan"	"ShipName"	""
"/ShipName/Transport/Peleng/146"	"Шукукха"	"Lang.dat: ShipName.Transport.Peleng.146. Preserve every <tag> exactly. English reference: Shukukha"	"ShipName"	""
"/ShipName/Transport/Peleng/147"	"Якицеска"	"Lang.dat: ShipName.Transport.Peleng.147. Preserve every <tag> exactly. English reference: Yakitzeska"	"ShipName"	""
"/ShipName/Transport/Peleng/148"	"Ятатшик"	"Lang.dat: ShipName.Transport.Peleng.148. Preserve every <tag> exactly. English reference: Yagatshik"	"ShipName"	""
"/ShipName/Transport/Peleng/149"	"Яхациш"	"Lang.dat: ShipName.Transport.Peleng.149. Preserve every <tag> exactly. English reference: Yakhatzish"	"ShipName"	""
"/ShipName/Transport/Peleng/15"	"Ицехакка"	"Lang.dat: ShipName.Transport.Peleng.15. Preserve every <tag> exactly. English reference: Itzekhakka"	"ShipName"	""
"/ShipName/Transport/Peleng/150"	"Яцикка"	"Lang.dat: ShipName.Transport.Peleng.150. Preserve every <tag> exactly. English reference: Yatzikka"	"ShipName"	""
"/ShipName/Transport/Peleng/16"	"Йечешка"	"Lang.dat: ShipName.Transport.Peleng.16. Preserve every <tag> exactly. English reference: Jecheshka"	"ShipName"	""
"/ShipName/Transport/Peleng/17"	"Йкушичан"	"Lang.dat: ShipName.Transport.Peleng.17. Preserve every <tag> exactly. English reference: Jkushitchan"	"ShipName"	""
"/ShipName/Transport/Peleng/18"	"Йцикаш"	"Lang.dat: ShipName.Transport.Peleng.18. Preserve every <tag> exactly. English reference: Jtzikash"	"ShipName"	""
"/ShipName/Transport/Peleng/19"	"Йцомахак"	"Lang.dat: ShipName.Transport.Peleng.19. Preserve every <tag> exactly. English reference: Jotzomakhak"	"ShipName"	""
"/ShipName/Transport/Peleng/2"	"Айхикка"	"Lang.dat: ShipName.Transport.Peleng.2. Preserve every <tag> exactly. English reference: Aikhikka"	"ShipName"	""
"/ShipName/Transport/Peleng/20"	"Касатиш"	"Lang.dat: ShipName.Transport.Peleng.20. Preserve every <tag> exactly. English reference: Kasatish"	"ShipName"	""
"/ShipName/Transport/Peleng/21"	"Кахицак"	"Lang.dat: ShipName.Transport.Peleng.21. Preserve every <tag> exactly. English reference: Kakhitzak"	"ShipName"	""
"/ShipName/Transport/Peleng/22"	"Кашикка"	"Lang.dat: ShipName.Transport.Peleng.22. Preserve every <tag> exactly. English reference: Kashikka"	"ShipName"	""
"/ShipName/Transport/Peleng/23"	"Кешецкис"	"Lang.dat: ShipName.Transport.Peleng.23. Preserve every <tag> exactly. English reference: Keshetzkis"	"ShipName"	""
"/ShipName/Transport/Peleng/24"	"Кинтакша"	"Lang.dat: ShipName.Transport.Peleng.24. Preserve every <tag> exactly. English reference: Kintaksha"	"ShipName"	""
"/ShipName/Transport/Peleng/25"	"Кушанак"	"Lang.dat: ShipName.Transport.Peleng.25. Preserve every <tag> exactly. English reference: Kushanak"	"ShipName"	""
"/ShipName/Transport/Peleng/26"	"Лапашак"	"Lang.dat: ShipName.Transport.Peleng.26. Preserve every <tag> exactly. English reference: Lapashak"	"ShipName"	""
"/ShipName/Transport/Peleng/27"	"Лахацан"	"Lang.dat: ShipName.Transport.Peleng.27. Preserve every <tag> exactly. English reference: Lakhatzan"	"ShipName"	""
"/ShipName/Transport/Peleng/28"	"Лахляк"	"Lang.dat: ShipName.Transport.Peleng.28. Preserve every <tag> exactly. English reference: Lakhlyak"	"ShipName"	""
"/ShipName/Transport/Peleng/29"	"Лаценкор"	"Lang.dat: ShipName.Transport.Peleng.29. Preserve every <tag> exactly. English reference: Latzenkor"	"ShipName"	""
"/ShipName/Transport/Peleng/3"	"Алехча"	"Lang.dat: ShipName.Transport.Peleng.3. Preserve every <tag> exactly. English reference: Alekhcha"	"ShipName"	""
"/ShipName/Transport/Peleng/30"	"Лациках"	"Lang.dat: ShipName.Transport.Peleng.30. Preserve every <tag> exactly. English reference: Latzikakh"	"ShipName"	""
"/ShipName/Transport/Peleng/31"	"Лацокка"	"Lang.dat: ShipName.Transport.Peleng.31. Preserve every <tag> exactly. English reference: Latzokka"	"ShipName"	""
"/ShipName/Transport/Peleng/32"	"Лекешкис"	"Lang.dat: ShipName.Transport.Peleng.32. Preserve every <tag> exactly. English reference: Lyekeshkis"	"ShipName"	""
"/ShipName/Transport/Peleng/33"	"Лелкаш"	"Lang.dat: ShipName.Transport.Peleng.33. Preserve every <tag> exactly. English reference: Lelkash"	"ShipName"	""
"/ShipName/Transport/Peleng/34"	"Лепракан"	"Lang.dat: ShipName.Transport.Peleng.34. Preserve every <tag> exactly. English reference: Leprakan"	"ShipName"	""
"/ShipName/Transport/Peleng/35"	"Лептанк"	"Lang.dat: ShipName.Transport.Peleng.35. Preserve every <tag> exactly. English reference: Leptank"	"ShipName"	""
"/ShipName/Transport/Peleng/36"	"Лесинцак"	"Lang.dat: ShipName.Transport.Peleng.36. Preserve every <tag> exactly. English reference: Lesintzak"	"ShipName"	""
"/ShipName/Transport/Peleng/37"	"Летохча"	"Lang.dat: ShipName.Transport.Peleng.37. Preserve every <tag> exactly. English reference: Letokhcha"	"ShipName"	""
"/ShipName/Transport/Peleng/38"	"Лецекка"	"Lang.dat: ShipName.Transport.Peleng.38. Preserve every <tag> exactly. English reference: Letzekka"	"ShipName"	""
"/ShipName/Transport/Peleng/39"	"Лецишача"	"Lang.dat: ShipName.Transport.Peleng.39. Preserve every <tag> exactly. English reference: Letzishacha"	"ShipName"	""
"/ShipName/Transport/Peleng/4"	"Алецкиш"	"Lang.dat: ShipName.Transport.Peleng.4. Preserve every <tag> exactly. English reference: Aletzkish"	"ShipName"	""
"/ShipName/Transport/Peleng/40"	"Лечецкиш"	"Lang.dat: ShipName.Transport.Peleng.40. Preserve every <tag> exactly. English reference: Lechetzkish"	"ShipName"	""
"/ShipName/Transport/Peleng/41"	"Лик Сенац"	"Lang.dat: ShipName.Transport.Peleng.41. Preserve every <tag> exactly. English reference: Lik Senatz"	"ShipName"	""
"/ShipName/Transport/Peleng/42"	"Ли Пешка"	"Lang.dat: ShipName.Transport.Peleng.42. Preserve every <tag> exactly. English reference: Li Peshka"	"ShipName"	""
"/ShipName/Transport/Peleng/43"	"Липшик"	"Lang.dat: ShipName.Transport.Peleng.43. Preserve every <tag> exactly. English reference: Lipshik"	"ShipName"	""
"/ShipName/Transport/Peleng/44"	"Лишицта"	"Lang.dat: ShipName.Transport.Peleng.44. Preserve every <tag> exactly. English reference: Lishitza"	"ShipName"	""
"/ShipName/Transport/Peleng/45"	"Лок Ханка"	"Lang.dat: ShipName.Transport.Peleng.45. Preserve every <tag> exactly. English reference: Lok Khanka"	"ShipName"	""
"/ShipName/Transport/Peleng/46"	"Лочечиш"	"Lang.dat: ShipName.Transport.Peleng.46. Preserve every <tag> exactly. English reference: Lochechish"	"ShipName"	""
"/ShipName/Transport/Peleng/47"	"Лякшитис"	"Lang.dat: ShipName.Transport.Peleng.47. Preserve every <tag> exactly. English reference: Lyakshitis"	"ShipName"	""
"/ShipName/Transport/Peleng/48"	"Лясошик"	"Lang.dat: ShipName.Transport.Peleng.48. Preserve every <tag> exactly. English reference: Lyasoshik"	"ShipName"	""
"/ShipName/Transport/Peleng/49"	"Ляхицак"	"Lang.dat: ShipName.Transport.Peleng.49. Preserve every <tag> exactly. English reference: Lyakhitzak"	"ShipName"	""
"/ShipName/Transport/Peleng/5"	"Алляста"	"Lang.dat: ShipName.Transport.Peleng.5. Preserve every <tag> exactly. English reference: Allyasta"	"ShipName"	""
"/ShipName/Transport/Peleng/50"	"Ля Чишкан"	"Lang.dat: ShipName.Transport.Peleng.50. Preserve every <tag> exactly. English reference: Lya Chishkan"	"ShipName"	""
"/ShipName/Transport/Peleng/51"	"Нацеккиш"	"Lang.dat: ShipName.Transport.Peleng.51. Preserve every <tag> exactly. English reference: Natzekish"	"ShipName"	""
"/ShipName/Transport/Peleng/52"	"Начикша"	"Lang.dat: ShipName.Transport.Peleng.52. Preserve every <tag> exactly. English reference: Nachiksha"	"ShipName"	""
"/ShipName/Transport/Peleng/53"	"Нашточка"	"Lang.dat: ShipName.Transport.Peleng.53. Preserve every <tag> exactly. English reference: Nashtochka"	"ShipName"	""
"/ShipName/Transport/Peleng/54"	"Нашцак"	"Lang.dat: ShipName.Transport.Peleng.54. Preserve every <tag> exactly. English reference: Nashtzak"	"ShipName"	""
"/ShipName/Transport/Peleng/55"	"Нелишек"	"Lang.dat: ShipName.Transport.Peleng.55. Preserve every <tag> exactly. English reference: Nelishek"	"ShipName"	""
"/ShipName/Transport/Peleng/56"	"Нишахак"	"Lang.dat: ShipName.Transport.Peleng.56. Preserve every <tag> exactly. English reference: Nishakhak"	"ShipName"	""
"/ShipName/Transport/Peleng/57"	"Нуйцачка"	"Lang.dat: ShipName.Transport.Peleng.57. Preserve every <tag> exactly. English reference: Nuitzachka"	"ShipName"	""
"/ShipName/Transport/Peleng/58"	"Нукицак"	"Lang.dat: ShipName.Transport.Peleng.58. Preserve every <tag> exactly. English reference: Nukitzak"	"ShipName"	""
"/ShipName/Transport/Peleng/59"	"Нуктикша"	"Lang.dat: ShipName.Transport.Peleng.59. Preserve every <tag> exactly. English reference: Nuktiksha"	"ShipName"	""
"/ShipName/Transport/Peleng/6"	"Апацаш"	"Lang.dat: ShipName.Transport.Peleng.6. Preserve every <tag> exactly. English reference: Apatzash"	"ShipName"	""
"/ShipName/Transport/Peleng/60"	"Нухапаш"	"Lang.dat: ShipName.Transport.Peleng.60. Preserve every <tag> exactly. English reference: Nukhapash"	"ShipName"	""
"/ShipName/Transport/Peleng/61"	"Нучешка-Ли"	"Lang.dat: ShipName.Transport.Peleng.61. Preserve every <tag> exactly. English reference: Nucheshka-Li"	"ShipName"	""
"/ShipName/Transport/Peleng/62"	"Пенечаска"	"Lang.dat: ShipName.Transport.Peleng.62. Preserve every <tag> exactly. English reference: Penechaska"	"ShipName"	""
"/ShipName/Transport/Peleng/63"	"Пеханкаш"	"Lang.dat: ShipName.Transport.Peleng.63. Preserve every <tag> exactly. English reference: Pekhankash"	"ShipName"	""
"/ShipName/Transport/Peleng/64"	"Райеча"	"Lang.dat: ShipName.Transport.Peleng.64. Preserve every <tag> exactly. English reference: Rayecha"	"ShipName"	""
"/ShipName/Transport/Peleng/65"	"Райхан"	"Lang.dat: ShipName.Transport.Peleng.65. Preserve every <tag> exactly. English reference: Raikhan"	"ShipName"	""
"/ShipName/Transport/Peleng/66"	"Ратлоцка"	"Lang.dat: ShipName.Transport.Peleng.66. Preserve every <tag> exactly. English reference: Ratlotzka"	"ShipName"	""
"/ShipName/Transport/Peleng/67"	"Рахочис"	"Lang.dat: ShipName.Transport.Peleng.67. Preserve every <tag> exactly. English reference: Rakhochis"	"ShipName"	""
"/ShipName/Transport/Peleng/68"	"Рецехчиш"	"Lang.dat: ShipName.Transport.Peleng.68. Preserve every <tag> exactly. English reference: Retzekhchish"	"ShipName"	""
"/ShipName/Transport/Peleng/69"	"Риохац"	"Lang.dat: ShipName.Transport.Peleng.69. Preserve every <tag> exactly. English reference: Riokhatz"	"ShipName"	""
"/ShipName/Transport/Peleng/7"	"Ахайцак"	"Lang.dat: ShipName.Transport.Peleng.7. Preserve every <tag> exactly. English reference: Akhaitzak"	"ShipName"	""
"/ShipName/Transport/Peleng/70"	"Рицашка"	"Lang.dat: ShipName.Transport.Peleng.70. Preserve every <tag> exactly. English reference: Ritzashka"	"ShipName"	""
"/ShipName/Transport/Peleng/71"	"Ричецис"	"Lang.dat: ShipName.Transport.Peleng.71. Preserve every <tag> exactly. English reference: Richetzis"	"ShipName"	""
"/ShipName/Transport/Peleng/72"	"Роплацка"	"Lang.dat: ShipName.Transport.Peleng.72. Preserve every <tag> exactly. English reference: Roplatzka"	"ShipName"	""
"/ShipName/Transport/Peleng/73"	"Руляцха"	"Lang.dat: ShipName.Transport.Peleng.73. Preserve every <tag> exactly. English reference: Rulyakhtza"	"ShipName"	""
"/ShipName/Transport/Peleng/74"	"Рухалац"	"Lang.dat: ShipName.Transport.Peleng.74. Preserve every <tag> exactly. English reference: Rukhalatz"	"ShipName"	""
"/ShipName/Transport/Peleng/75"	"Сайнаши"	"Lang.dat: ShipName.Transport.Peleng.75. Preserve every <tag> exactly. English reference: Sainashy"	"ShipName"	""
"/ShipName/Transport/Peleng/76"	"Савинка"	"Lang.dat: ShipName.Transport.Peleng.76. Preserve every <tag> exactly. English reference: Savinka"	"ShipName"	""
"/ShipName/Transport/Peleng/77"	"Сейсошка"	"Lang.dat: ShipName.Transport.Peleng.77. Preserve every <tag> exactly. English reference: Seisoshka"	"ShipName"	""
"/ShipName/Transport/Peleng/78"	"Сипацка"	"Lang.dat: ShipName.Transport.Peleng.78. Preserve every <tag> exactly. English reference: Sipatzka"	"ShipName"	""
"/ShipName/Transport/Peleng/79"	"Сичеплиц"	"Lang.dat: ShipName.Transport.Peleng.79. Preserve every <tag> exactly. English reference: Sicheplitz"	"ShipName"	""
"/ShipName/Transport/Peleng/8"	"Веремчушка"	"Lang.dat: ShipName.Transport.Peleng.8. Preserve every <tag> exactly. English reference: Verchemushka"	"ShipName"	""
"/ShipName/Transport/Peleng/80"	"Суйцанка"	"Lang.dat: ShipName.Transport.Peleng.80. Preserve every <tag> exactly. English reference: Suitzanka"	"ShipName"	""
"/ShipName/Transport/Peleng/81"	"Сухацан"	"Lang.dat: ShipName.Transport.Peleng.81. Preserve every <tag> exactly. English reference: Sukhatzan"	"ShipName"	""
"/ShipName/Transport/Peleng/82"	"Суцайкиш"	"Lang.dat: ShipName.Transport.Peleng.82. Preserve every <tag> exactly. English reference: Sutzaikish"	"ShipName"	""
"/ShipName/Transport/Peleng/83"	"Такашта"	"Lang.dat: ShipName.Transport.Peleng.83. Preserve every <tag> exactly. English reference: Takashta"	"ShipName"	""
"/ShipName/Transport/Peleng/84"	"Ташатак"	"Lang.dat: ShipName.Transport.Peleng.84. Preserve every <tag> exactly. English reference: Tashatak"	"ShipName"	""
"/ShipName/Transport/Peleng/85"	"Тецишкис"	"Lang.dat: ShipName.Transport.Peleng.85. Preserve every <tag> exactly. English reference: Tetzishkis"	"ShipName"	""
"/ShipName/Transport/Peleng/86"	"Тицинчак"	"Lang.dat: ShipName.Transport.Peleng.86. Preserve every <tag> exactly. English reference: Titzinchakh"	"ShipName"	""
"/ShipName/Transport/Peleng/87"	"Уйкушка"	"Lang.dat: ShipName.Transport.Peleng.87. Preserve every <tag> exactly. English reference: Uykushka"	"ShipName"	""
"/ShipName/Transport/Peleng/88"	"Укайшак"	"Lang.dat: ShipName.Transport.Peleng.88. Preserve every <tag> exactly. English reference: Ukaishakh"	"ShipName"	""
"/ShipName/Transport/Peleng/89"	"Улянкишла"	"Lang.dat: ShipName.Transport.Peleng.89. Preserve every <tag> exactly. English reference: Ulyankishla"	"ShipName"	""
"/ShipName/Transport/Peleng/9"	"Бушка"	"Lang.dat: ShipName.Transport.Peleng.9. Preserve every <tag> exactly. English reference: Bushka"	"ShipName"	""
"/ShipName/Transport/Peleng/90"	"Упатишах"	"Lang.dat: ShipName.Transport.Peleng.90. Preserve every <tag> exactly. English reference: Upatishakh"	"ShipName"	""
"/ShipName/Transport/Peleng/91"	"Ухайцент"	"Lang.dat: ShipName.Transport.Peleng.91. Preserve every <tag> exactly. English reference: Ukhaitzent"	"ShipName"	""
"/ShipName/Transport/Peleng/92"	"Ухехечиш"	"Lang.dat: ShipName.Transport.Peleng.92. Preserve every <tag> exactly. English reference: Ukhekhechish"	"ShipName"	""
"/ShipName/Transport/Peleng/93"	"Ухтакша"	"Lang.dat: ShipName.Transport.Peleng.93. Preserve every <tag> exactly. English reference: Ukhtaksha"	"ShipName"	""
"/ShipName/Transport/Peleng/94"	"Ухшутак"	"Lang.dat: ShipName.Transport.Peleng.94. Preserve every <tag> exactly. English reference: Ukhshutakh"	"ShipName"	""
"/ShipName/Transport/Peleng/95"	"Уцайхан"	"Lang.dat: ShipName.Transport.Peleng.95. Preserve every <tag> exactly. English reference: Utzaikhan"	"ShipName"	""
"/ShipName/Transport/Peleng/96"	"Уцанха"	"Lang.dat: ShipName.Transport.Peleng.96. Preserve every <tag> exactly. English reference: Utzankha"	"ShipName"	""
"/ShipName/Transport/Peleng/97"	"Уцелакша"	"Lang.dat: ShipName.Transport.Peleng.97. Preserve every <tag> exactly. English reference: Utzelaksha"	"ShipName"	""
"/ShipName/Transport/Peleng/98"	"Уцецашик"	"Lang.dat: ShipName.Transport.Peleng.98. Preserve every <tag> exactly. English reference: Utzetzashik"	"ShipName"	""
"/ShipName/Transport/Peleng/99"	"Уцешли"	"Lang.dat: ShipName.Transport.Peleng.99. Preserve every <tag> exactly. English reference: Utzeshly"	"ShipName"	""
"/ShipName/Transport/People/1"	"Август"	"Lang.dat: ShipName.Transport.People.1. Preserve every <tag> exactly. English reference: August"	"ShipName"	""
"/ShipName/Transport/People/10"	"Анаконда"	"Lang.dat: ShipName.Transport.People.10. Preserve every <tag> exactly. English reference: Anaconda"	"ShipName"	""
"/ShipName/Transport/People/100"	"Пенелопа"	"Lang.dat: ShipName.Transport.People.100. Preserve every <tag> exactly. English reference: Penelope"	"ShipName"	""
"/ShipName/Transport/People/101"	"Перикл"	"Lang.dat: ShipName.Transport.People.101. Preserve every <tag> exactly. English reference: Pericles"	"ShipName"	""
"/ShipName/Transport/People/102"	"Персей"	"Lang.dat: ShipName.Transport.People.102. Preserve every <tag> exactly. English reference: Perseus"	"ShipName"	""
"/ShipName/Transport/People/103"	"Перун"	"Lang.dat: ShipName.Transport.People.103. Preserve every <tag> exactly. English reference: Peroun"	"ShipName"	""
"/ShipName/Transport/People/104"	"Пифагор"	"Lang.dat: ShipName.Transport.People.104. Preserve every <tag> exactly. English reference: Pythagoras"	"ShipName"	""
"/ShipName/Transport/People/105"	"Плутон"	"Lang.dat: ShipName.Transport.People.105. Preserve every <tag> exactly. English reference: Pluto"	"ShipName"	""
"/ShipName/Transport/People/106"	"Полет"	"Lang.dat: ShipName.Transport.People.106. Preserve every <tag> exactly. English reference: Flight"	"ShipName"	""
"/ShipName/Transport/People/107"	"Посейдон"	"Lang.dat: ShipName.Transport.People.107. Preserve every <tag> exactly. English reference: Poseidon"	"ShipName"	""
"/ShipName/Transport/People/108"	"Правосудие"	"Lang.dat: ShipName.Transport.People.108. Preserve every <tag> exactly. English reference: Retribution"	"ShipName"	""
"/ShipName/Transport/People/109"	"Президент"	"Lang.dat: ShipName.Transport.People.109. Preserve every <tag> exactly. English reference: President"	"ShipName"	""
"/ShipName/Transport/People/11"	"Андромеда"	"Lang.dat: ShipName.Transport.People.11. Preserve every <tag> exactly. English reference: Andromeda"	"ShipName"	""
"/ShipName/Transport/People/110"	"Прокуратор"	"Lang.dat: ShipName.Transport.People.110. Preserve every <tag> exactly. English reference: Procurator"	"ShipName"	""
"/ShipName/Transport/People/111"	"Прометей"	"Lang.dat: ShipName.Transport.People.111. Preserve every <tag> exactly. English reference: Prometheus"	"ShipName"	""
"/ShipName/Transport/People/112"	"Пророк"	"Lang.dat: ShipName.Transport.People.112. Preserve every <tag> exactly. English reference: Prophet"	"ShipName"	""
"/ShipName/Transport/People/113"	"Путь"	"Lang.dat: ShipName.Transport.People.113. Preserve every <tag> exactly. English reference: Voyager"	"ShipName"	""
"/ShipName/Transport/People/114"	"Рубин"	"Lang.dat: ShipName.Transport.People.114. Preserve every <tag> exactly. English reference: Ruby"	"ShipName"	""
"/ShipName/Transport/People/115"	"Русалка"	"Lang.dat: ShipName.Transport.People.115. Preserve every <tag> exactly. English reference: Mermaid"	"ShipName"	""
"/ShipName/Transport/People/116"	"Рыцарь"	"Lang.dat: ShipName.Transport.People.116. Preserve every <tag> exactly. English reference: Knight"	"ShipName"	""
"/ShipName/Transport/People/117"	"Светоч"	"Lang.dat: ShipName.Transport.People.117. Preserve every <tag> exactly. English reference: Luminary"	"ShipName"	""
"/ShipName/Transport/People/118"	"Свирель"	"Lang.dat: ShipName.Transport.People.118. Preserve every <tag> exactly. English reference: Reed Pipe"	"ShipName"	""
"/ShipName/Transport/People/119"	"Священник"	"Lang.dat: ShipName.Transport.People.119. Preserve every <tag> exactly. English reference: Priest"	"ShipName"	""
"/ShipName/Transport/People/12"	"Анубис"	"Lang.dat: ShipName.Transport.People.12. Preserve every <tag> exactly. English reference: Anubis"	"ShipName"	""
"/ShipName/Transport/People/120"	"Сенатор"	"Lang.dat: ShipName.Transport.People.120. Preserve every <tag> exactly. English reference: Senator"	"ShipName"	""
"/ShipName/Transport/People/121"	"Согласие"	"Lang.dat: ShipName.Transport.People.121. Preserve every <tag> exactly. English reference: Consent"	"ShipName"	""
"/ShipName/Transport/People/122"	"Стихия"	"Lang.dat: ShipName.Transport.People.122. Preserve every <tag> exactly. English reference: Element"	"ShipName"	""
"/ShipName/Transport/People/123"	"Странник"	"Lang.dat: ShipName.Transport.People.123. Preserve every <tag> exactly. English reference: Wanderer"	"ShipName"	""
"/ShipName/Transport/People/124"	"Стрела"	"Lang.dat: ShipName.Transport.People.124. Preserve every <tag> exactly. English reference: Arrow"	"ShipName"	""
"/ShipName/Transport/People/125"	"Судьба"	"Lang.dat: ShipName.Transport.People.125. Preserve every <tag> exactly. English reference: Destiny"	"ShipName"	""
"/ShipName/Transport/People/126"	"Сфинкс"	"Lang.dat: ShipName.Transport.People.126. Preserve every <tag> exactly. English reference: Sphinx"	"ShipName"	""
"/ShipName/Transport/People/127"	"Тацит"	"Lang.dat: ShipName.Transport.People.127. Preserve every <tag> exactly. English reference: Tacitus"	"ShipName"	""
"/ShipName/Transport/People/128"	"Титан"	"Lang.dat: ShipName.Transport.People.128. Preserve every <tag> exactly. English reference: Titan"	"ShipName"	""
"/ShipName/Transport/People/129"	"Топаз"	"Lang.dat: ShipName.Transport.People.129. Preserve every <tag> exactly. English reference: Topaz"	"ShipName"	""
"/ShipName/Transport/People/13"	"Аполлон"	"Lang.dat: ShipName.Transport.People.13. Preserve every <tag> exactly. English reference: Apollo"	"ShipName"	""
"/ShipName/Transport/People/130"	"Торнадо"	"Lang.dat: ShipName.Transport.People.130. Preserve every <tag> exactly. English reference: Tornado"	"ShipName"	""
"/ShipName/Transport/People/131"	"Тройя"	"Lang.dat: ShipName.Transport.People.131. Preserve every <tag> exactly. English reference: Troy"	"ShipName"	""
"/ShipName/Transport/People/132"	"Трубадур"	"Lang.dat: ShipName.Transport.People.132. Preserve every <tag> exactly. English reference: Troubadour"	"ShipName"	""
"/ShipName/Transport/People/133"	"Труд"	"Lang.dat: ShipName.Transport.People.133. Preserve every <tag> exactly. English reference: Labor"	"ShipName"	""
"/ShipName/Transport/People/134"	"Фараон"	"Lang.dat: ShipName.Transport.People.134. Preserve every <tag> exactly. English reference: Pharaoh"	"ShipName"	""
"/ShipName/Transport/People/135"	"Феникс"	"Lang.dat: ShipName.Transport.People.135. Preserve every <tag> exactly. English reference: Phoenix"	"ShipName"	""
"/ShipName/Transport/People/136"	"Фиалка"	"Lang.dat: ShipName.Transport.People.136. Preserve every <tag> exactly. English reference: Violet"	"ShipName"	""
"/ShipName/Transport/People/137"	"Философ"	"Lang.dat: ShipName.Transport.People.137. Preserve every <tag> exactly. English reference: Philosopher"	"ShipName"	""
"/ShipName/Transport/People/138"	"Храбрый"	"Lang.dat: ShipName.Transport.People.138. Preserve every <tag> exactly. English reference: Braveheart"	"ShipName"	""
"/ShipName/Transport/People/139"	"Христианин"	"Lang.dat: ShipName.Transport.People.139. Preserve every <tag> exactly. English reference: Christian"	"ShipName"	""
"/ShipName/Transport/People/14"	"Арбитр"	"Lang.dat: ShipName.Transport.People.14. Preserve every <tag> exactly. English reference: Arbiter"	"ShipName"	""
"/ShipName/Transport/People/140"	"Хронос"	"Lang.dat: ShipName.Transport.People.140. Preserve every <tag> exactly. English reference: Chronos"	"ShipName"	""
"/ShipName/Transport/People/141"	"Цезарь"	"Lang.dat: ShipName.Transport.People.141. Preserve every <tag> exactly. English reference: Caesar"	"ShipName"	""
"/ShipName/Transport/People/142"	"Шаттл"	"Lang.dat: ShipName.Transport.People.142. Preserve every <tag> exactly. English reference: Shuttle"	"ShipName"	""
"/ShipName/Transport/People/143"	"Шива"	"Lang.dat: ShipName.Transport.People.143. Preserve every <tag> exactly. English reference: Shiva"	"ShipName"	""
"/ShipName/Transport/People/144"	"Эволюция"	"Lang.dat: ShipName.Transport.People.144. Preserve every <tag> exactly. English reference: Evolution"	"ShipName"	""
"/ShipName/Transport/People/145"	"Эдип"	"Lang.dat: ShipName.Transport.People.145. Preserve every <tag> exactly. English reference: Oedipus"	"ShipName"	""
"/ShipName/Transport/People/146"	"Эйлер"	"Lang.dat: ShipName.Transport.People.146. Preserve every <tag> exactly. English reference: Euler"	"ShipName"	""
"/ShipName/Transport/People/147"	"Эликсир"	"Lang.dat: ShipName.Transport.People.147. Preserve every <tag> exactly. English reference: Elixir"	"ShipName"	""
"/ShipName/Transport/People/148"	"Эллада"	"Lang.dat: ShipName.Transport.People.148. Preserve every <tag> exactly. English reference: Iliad"	"ShipName"	""
"/ShipName/Transport/People/149"	"Эльф"	"Lang.dat: ShipName.Transport.People.149. Preserve every <tag> exactly. English reference: Elf"	"ShipName"	""
"/ShipName/Transport/People/15"	"Арго"	"Lang.dat: ShipName.Transport.People.15. Preserve every <tag> exactly. English reference: Argo"	"ShipName"	""
"/ShipName/Transport/People/150"	"Эмиссар"	"Lang.dat: ShipName.Transport.People.150. Preserve every <tag> exactly. English reference: Emissary"	"ShipName"	""
"/ShipName/Transport/People/151"	"Беня"	"Lang.dat: ShipName.Transport.People.151. Preserve every <tag> exactly. English reference: Benja"	"ShipName"	""
"/ShipName/Transport/People/152"	"Дусских Ренис"	"Lang.dat: ShipName.Transport.People.152. Preserve every <tag> exactly. English reference: Dusky Denis"	"ShipName"	""
"/ShipName/Transport/People/153"	"Гелионавт"	"Lang.dat: ShipName.Transport.People.153. Preserve every <tag> exactly. English reference: Helionaut"	"ShipName"	""
"/ShipName/Transport/People/154"	"Спикер"	"Lang.dat: ShipName.Transport.People.154. Preserve every <tag> exactly. English reference: Speaker"	"ShipName"	""
"/ShipName/Transport/People/155"	"ЭльСент"	"Lang.dat: ShipName.Transport.People.155. Preserve every <tag> exactly. English reference: AlSaint"	"ShipName"	""
"/ShipName/Transport/People/156"	"Бульдозер"	"Lang.dat: ShipName.Transport.People.156. Preserve every <tag> exactly. English reference: Bulldozer"	"ShipName"	""
"/ShipName/Transport/People/157"	"Партизандр"	"Lang.dat: ShipName.Transport.People.157. Preserve every <tag> exactly. English reference: Partisander"	"ShipName"	""
"/ShipName/Transport/People/158"	"Профи"	"Lang.dat: ShipName.Transport.People.158. Preserve every <tag> exactly. English reference: Professional"	"ShipName"	""
"/ShipName/Transport/People/159"	"Касик"	"Lang.dat: ShipName.Transport.People.159. Preserve every <tag> exactly. English reference: Kasik"	"ShipName"	""
"/ShipName/Transport/People/16"	"Артемида"	"Lang.dat: ShipName.Transport.People.16. Preserve every <tag> exactly. English reference: Artemis"	"ShipName"	""
"/ShipName/Transport/People/160"	"Артемер"	"Lang.dat: ShipName.Transport.People.160. Preserve every <tag> exactly. English reference: Artemere"	"ShipName"	""
"/ShipName/Transport/People/17"	"Архимед"	"Lang.dat: ShipName.Transport.People.17. Preserve every <tag> exactly. English reference: Archimedes"	"ShipName"	""
"/ShipName/Transport/People/18"	"Ассоль"	"Lang.dat: ShipName.Transport.People.18. Preserve every <tag> exactly. English reference: Isolde"	"ShipName"	""
"/ShipName/Transport/People/19"	"Астра"	"Lang.dat: ShipName.Transport.People.19. Preserve every <tag> exactly. English reference: Aster"	"ShipName"	""
"/ShipName/Transport/People/2"	"Адам"	"Lang.dat: ShipName.Transport.People.2. Preserve every <tag> exactly. English reference: Adan"	"ShipName"	""
"/ShipName/Transport/People/20"	"Атолл"	"Lang.dat: ShipName.Transport.People.20. Preserve every <tag> exactly. English reference: Atoll"	"ShipName"	""
"/ShipName/Transport/People/21"	"Афина"	"Lang.dat: ShipName.Transport.People.21. Preserve every <tag> exactly. English reference: Athena"	"ShipName"	""
"/ShipName/Transport/People/22"	"Афродита"	"Lang.dat: ShipName.Transport.People.22. Preserve every <tag> exactly. English reference: Aphrodite"	"ShipName"	""
"/ShipName/Transport/People/23"	"Аякс"	"Lang.dat: ShipName.Transport.People.23. Preserve every <tag> exactly. English reference: Ajax"	"ShipName"	""
"/ShipName/Transport/People/24"	"Бегония"	"Lang.dat: ShipName.Transport.People.24. Preserve every <tag> exactly. English reference: Begonia"	"ShipName"	""
"/ShipName/Transport/People/25"	"Блатосфера"	"Lang.dat: ShipName.Transport.People.25. Preserve every <tag> exactly. English reference: Blastosphere"	"ShipName"	""
"/ShipName/Transport/People/26"	"Братец Кролик"	"Lang.dat: ShipName.Transport.People.26. Preserve every <tag> exactly. English reference: Brother Rabbit"	"ShipName"	""
"/ShipName/Transport/People/27"	"Везувий"	"Lang.dat: ShipName.Transport.People.27. Preserve every <tag> exactly. English reference: Vesuvius"	"ShipName"	""
"/ShipName/Transport/People/28"	"Венера"	"Lang.dat: ShipName.Transport.People.28. Preserve every <tag> exactly. English reference: Venus"	"ShipName"	""
"/ShipName/Transport/People/29"	"Вензель"	"Lang.dat: ShipName.Transport.People.29. Preserve every <tag> exactly. English reference: Monogram"	"ShipName"	""
"/ShipName/Transport/People/3"	"Адмирал"	"Lang.dat: ShipName.Transport.People.3. Preserve every <tag> exactly. English reference: Admiral"	"ShipName"	""
"/ShipName/Transport/People/30"	"Виктория"	"Lang.dat: ShipName.Transport.People.30. Preserve every <tag> exactly. English reference: Victory"	"ShipName"	""
"/ShipName/Transport/People/31"	"Витязь"	"Lang.dat: ShipName.Transport.People.31. Preserve every <tag> exactly. English reference: Hero"	"ShipName"	""
"/ShipName/Transport/People/32"	"Волопас"	"Lang.dat: ShipName.Transport.People.32. Preserve every <tag> exactly. English reference: Bootes"	"ShipName"	""
"/ShipName/Transport/People/33"	"Восход"	"Lang.dat: ShipName.Transport.People.33. Preserve every <tag> exactly. English reference: Sunrise"	"ShipName"	""
"/ShipName/Transport/People/34"	"Галилей"	"Lang.dat: ShipName.Transport.People.34. Preserve every <tag> exactly. English reference: Galileo"	"ShipName"	""
"/ShipName/Transport/People/35"	"Гановер"	"Lang.dat: ShipName.Transport.People.35. Preserve every <tag> exactly. English reference: Hanover"	"ShipName"	""
"/ShipName/Transport/People/36"	"Гаусс"	"Lang.dat: ShipName.Transport.People.36. Preserve every <tag> exactly. English reference: Gauss"	"ShipName"	""
"/ShipName/Transport/People/37"	"Гера"	"Lang.dat: ShipName.Transport.People.37. Preserve every <tag> exactly. English reference: Hera"	"ShipName"	""
"/ShipName/Transport/People/38"	"Геркулес"	"Lang.dat: ShipName.Transport.People.38. Preserve every <tag> exactly. English reference: Hercules"	"ShipName"	""
"/ShipName/Transport/People/39"	"Гермес"	"Lang.dat: ShipName.Transport.People.39. Preserve every <tag> exactly. English reference: Hermes"	"ShipName"	""
"/ShipName/Transport/People/4"	"Аква"	"Lang.dat: ShipName.Transport.People.4. Preserve every <tag> exactly. English reference: Aqua"	"ShipName"	""
"/ShipName/Transport/People/40"	"Геродот"	"Lang.dat: ShipName.Transport.People.40. Preserve every <tag> exactly. English reference: Herodotus"	"ShipName"	""
"/ShipName/Transport/People/41"	"Герцог"	"Lang.dat: ShipName.Transport.People.41. Preserve every <tag> exactly. English reference: Duke"	"ShipName"	""
"/ShipName/Transport/People/42"	"Гибралтар"	"Lang.dat: ShipName.Transport.People.42. Preserve every <tag> exactly. English reference: Gibraltar"	"ShipName"	""
"/ShipName/Transport/People/43"	"Гигант"	"Lang.dat: ShipName.Transport.People.43. Preserve every <tag> exactly. English reference: Giant"	"ShipName"	""
"/ShipName/Transport/People/44"	"Гладиолус"	"Lang.dat: ShipName.Transport.People.44. Preserve every <tag> exactly. English reference: Swordlily"	"ShipName"	""
"/ShipName/Transport/People/45"	"Горный"	"Lang.dat: ShipName.Transport.People.45. Preserve every <tag> exactly. English reference: Mountaineer"	"ShipName"	""
"/ShipName/Transport/People/46"	"Дельфин"	"Lang.dat: ShipName.Transport.People.46. Preserve every <tag> exactly. English reference: Dolphin"	"ShipName"	""
"/ShipName/Transport/People/47"	"Дервиш"	"Lang.dat: ShipName.Transport.People.47. Preserve every <tag> exactly. English reference: Dervish"	"ShipName"	""
"/ShipName/Transport/People/48"	"Дровишки"	"Lang.dat: ShipName.Transport.People.48. Preserve every <tag> exactly. English reference: Firewood"	"ShipName"	""
"/ShipName/Transport/People/49"	"Дионис"	"Lang.dat: ShipName.Transport.People.49. Preserve every <tag> exactly. English reference: Dionysus"	"ShipName"	""
"/ShipName/Transport/People/5"	"Альбатрос"	"Lang.dat: ShipName.Transport.People.5. Preserve every <tag> exactly. English reference: Albatross"	"ShipName"	""
"/ShipName/Transport/People/50"	"Дед Мороз"	"Lang.dat: ShipName.Transport.People.50. Preserve every <tag> exactly. English reference: Santa Claus"	"ShipName"	""
"/ShipName/Transport/People/51"	"Друид"	"Lang.dat: ShipName.Transport.People.51. Preserve every <tag> exactly. English reference: Druid"	"ShipName"	""
"/ShipName/Transport/People/52"	"Дюна"	"Lang.dat: ShipName.Transport.People.52. Preserve every <tag> exactly. English reference: Dune"	"ShipName"	""
"/ShipName/Transport/People/53"	"Епископ"	"Lang.dat: ShipName.Transport.People.53. Preserve every <tag> exactly. English reference: Bishop"	"ShipName"	""
"/ShipName/Transport/People/54"	"Звезда"	"Lang.dat: ShipName.Transport.People.54. Preserve every <tag> exactly. English reference: Star"	"ShipName"	""
"/ShipName/Transport/People/55"	"Изумруд"	"Lang.dat: ShipName.Transport.People.55. Preserve every <tag> exactly. English reference: Emerald"	"ShipName"	""
"/ShipName/Transport/People/56"	"Иллюзия"	"Lang.dat: ShipName.Transport.People.56. Preserve every <tag> exactly. English reference: Illusion"	"ShipName"	""
"/ShipName/Transport/People/57"	"Иммодиум"	"Lang.dat: ShipName.Transport.People.57. Preserve every <tag> exactly. English reference: Immodium"	"ShipName"	""
"/ShipName/Transport/People/58"	"Инь и Янь"	"Lang.dat: ShipName.Transport.People.58. Preserve every <tag> exactly. English reference: Yin and Yang"	"ShipName"	""
"/ShipName/Transport/People/59"	"Кардинал"	"Lang.dat: ShipName.Transport.People.59. Preserve every <tag> exactly. English reference: Cardinal"	"ShipName"	""
"/ShipName/Transport/People/6"	"Альбинос"	"Lang.dat: ShipName.Transport.People.6. Preserve every <tag> exactly. English reference: Albino"	"ShipName"	""
"/ShipName/Transport/People/60"	"Кассиопея"	"Lang.dat: ShipName.Transport.People.60. Preserve every <tag> exactly. English reference: Cassiopeia"	"ShipName"	""
"/ShipName/Transport/People/61"	"Катана"	"Lang.dat: ShipName.Transport.People.61. Preserve every <tag> exactly. English reference: Katana"	"ShipName"	""
"/ShipName/Transport/People/62"	"Ковчег"	"Lang.dat: ShipName.Transport.People.62. Preserve every <tag> exactly. English reference: Ark"	"ShipName"	""
"/ShipName/Transport/People/63"	"Колибри"	"Lang.dat: ShipName.Transport.People.63. Preserve every <tag> exactly. English reference: Hummingbird"	"ShipName"	""
"/ShipName/Transport/People/64"	"Комета"	"Lang.dat: ShipName.Transport.People.64. Preserve every <tag> exactly. English reference: Comet"	"ShipName"	""
"/ShipName/Transport/People/65"	"Козловский"	"Lang.dat: ShipName.Transport.People.65. Preserve every <tag> exactly. English reference: Kozlowski"	"ShipName"	""
"/ShipName/Transport/People/66"	"Кристалл"	"Lang.dat: ShipName.Transport.People.66. Preserve every <tag> exactly. English reference: Crystal"	"ShipName"	""
"/ShipName/Transport/People/67"	"Легионер"	"Lang.dat: ShipName.Transport.People.67. Preserve every <tag> exactly. English reference: Legionnaire"	"ShipName"	""
"/ShipName/Transport/People/68"	"Лилия"	"Lang.dat: ShipName.Transport.People.68. Preserve every <tag> exactly. English reference: Lily"	"ShipName"	""
"/ShipName/Transport/People/69"	"Лорд"	"Lang.dat: ShipName.Transport.People.69. Preserve every <tag> exactly. English reference: Lord"	"ShipName"	""
"/ShipName/Transport/People/7"	"Альтаир"	"Lang.dat: ShipName.Transport.People.7. Preserve every <tag> exactly. English reference: Altair"	"ShipName"	""
"/ShipName/Transport/People/70"	"Луна"	"Lang.dat: ShipName.Transport.People.70. Preserve every <tag> exactly. English reference: Moon"	"ShipName"	""
"/ShipName/Transport/People/71"	"Луч"	"Lang.dat: ShipName.Transport.People.71. Preserve every <tag> exactly. English reference: Ray"	"ShipName"	""
"/ShipName/Transport/People/72"	"Май"	"Lang.dat: ShipName.Transport.People.72. Preserve every <tag> exactly. English reference: May"	"ShipName"	""
"/ShipName/Transport/People/73"	"Малахит"	"Lang.dat: ShipName.Transport.People.73. Preserve every <tag> exactly. English reference: Malachite"	"ShipName"	""
"/ShipName/Transport/People/74"	"Маркиз"	"Lang.dat: ShipName.Transport.People.74. Preserve every <tag> exactly. English reference: Marquis"	"ShipName"	""
"/ShipName/Transport/People/75"	"Матфей"	"Lang.dat: ShipName.Transport.People.75. Preserve every <tag> exactly. English reference: Mathew"	"ShipName"	""
"/ShipName/Transport/People/76"	"Мгновение"	"Lang.dat: ShipName.Transport.People.76. Preserve every <tag> exactly. English reference: Moment"	"ShipName"	""
"/ShipName/Transport/People/77"	"Менделеев"	"Lang.dat: ShipName.Transport.People.77. Preserve every <tag> exactly. English reference: Mendeleev"	"ShipName"	""
"/ShipName/Transport/People/78"	"Меркурий"	"Lang.dat: ShipName.Transport.People.78. Preserve every <tag> exactly. English reference: Mercury"	"ShipName"	""
"/ShipName/Transport/People/79"	"Мерлин"	"Lang.dat: ShipName.Transport.People.79. Preserve every <tag> exactly. English reference: Merlin"	"ShipName"	""
"/ShipName/Transport/People/8"	"Белецкая"	"Lang.dat: ShipName.Transport.People.8. Preserve every <tag> exactly. English reference: Curry"	"ShipName"	""
"/ShipName/Transport/People/80"	"Минор"	"Lang.dat: ShipName.Transport.People.80. Preserve every <tag> exactly. English reference: Minor"	"ShipName"	""
"/ShipName/Transport/People/81"	"Минотавр"	"Lang.dat: ShipName.Transport.People.81. Preserve every <tag> exactly. English reference: Minotaur"	"ShipName"	""
"/ShipName/Transport/People/82"	"Мир"	"Lang.dat: ShipName.Transport.People.82. Preserve every <tag> exactly. English reference: Peace"	"ShipName"	""
"/ShipName/Transport/People/83"	"Монарх"	"Lang.dat: ShipName.Transport.People.83. Preserve every <tag> exactly. English reference: Monarch"	"ShipName"	""
"/ShipName/Transport/People/84"	"Монах"	"Lang.dat: ShipName.Transport.People.84. Preserve every <tag> exactly. English reference: Monk"	"ShipName"	""
"/ShipName/Transport/People/85"	"Муза"	"Lang.dat: ShipName.Transport.People.85. Preserve every <tag> exactly. English reference: Muse"	"ShipName"	""
"/ShipName/Transport/People/86"	"Надежда"	"Lang.dat: ShipName.Transport.People.86. Preserve every <tag> exactly. English reference: Hope"	"ShipName"	""
"/ShipName/Transport/People/87"	"Нарцисс"	"Lang.dat: ShipName.Transport.People.87. Preserve every <tag> exactly. English reference: Narcissus"	"ShipName"	""
"/ShipName/Transport/People/88"	"Наследник"	"Lang.dat: ShipName.Transport.People.88. Preserve every <tag> exactly. English reference: Heir"	"ShipName"	""
"/ShipName/Transport/People/89"	"Нептун"	"Lang.dat: ShipName.Transport.People.89. Preserve every <tag> exactly. English reference: Neptune"	"ShipName"	""
"/ShipName/Transport/People/9"	"Ампер"	"Lang.dat: ShipName.Transport.People.9. Preserve every <tag> exactly. English reference: Amp"	"ShipName"	""
"/ShipName/Transport/People/90"	"Одиссей"	"Lang.dat: ShipName.Transport.People.90. Preserve every <tag> exactly. English reference: Odysseus"	"ShipName"	""
"/ShipName/Transport/People/91"	"Океан"	"Lang.dat: ShipName.Transport.People.91. Preserve every <tag> exactly. English reference: Ocean"	"ShipName"	""
"/ShipName/Transport/People/92"	"Октава"	"Lang.dat: ShipName.Transport.People.92. Preserve every <tag> exactly. English reference: Octave"	"ShipName"	""
"/ShipName/Transport/People/93"	"Олимп"	"Lang.dat: ShipName.Transport.People.93. Preserve every <tag> exactly. English reference: Olympia"	"ShipName"	""
"/ShipName/Transport/People/94"	"Орел"	"Lang.dat: ShipName.Transport.People.94. Preserve every <tag> exactly. English reference: Eagle"	"ShipName"	""
"/ShipName/Transport/People/95"	"Орион"	"Lang.dat: ShipName.Transport.People.95. Preserve every <tag> exactly. English reference: Orion"	"ShipName"	""
"/ShipName/Transport/People/96"	"Осирис"	"Lang.dat: ShipName.Transport.People.96. Preserve every <tag> exactly. English reference: Osiris"	"ShipName"	""
"/ShipName/Transport/People/97"	"Парадис"	"Lang.dat: ShipName.Transport.People.97. Preserve every <tag> exactly. English reference: Paradise"	"ShipName"	""
"/ShipName/Transport/People/98"	"Парис"	"Lang.dat: ShipName.Transport.People.98. Preserve every <tag> exactly. English reference: Paris"	"ShipName"	""
"/ShipName/Transport/People/99"	"Патагония"	"Lang.dat: ShipName.Transport.People.99. Preserve every <tag> exactly. English reference: Patagonia"	"ShipName"	""
"/ShipName/Warrior/Fei/1"	"Аилтия"	"Lang.dat: ShipName.Warrior.Fei.1. Preserve every <tag> exactly. English reference: Ailtia"	"ShipName"	""
"/ShipName/Warrior/Fei/10"	"Килимай"	"Lang.dat: ShipName.Warrior.Fei.10. Preserve every <tag> exactly. English reference: Kilimay"	"ShipName"	""
"/ShipName/Warrior/Fei/11"	"Коатия"	"Lang.dat: ShipName.Warrior.Fei.11. Preserve every <tag> exactly. English reference: Koatia"	"ShipName"	""
"/ShipName/Warrior/Fei/12"	"Ланиоми"	"Lang.dat: ShipName.Warrior.Fei.12. Preserve every <tag> exactly. English reference: Laniomy"	"ShipName"	""
"/ShipName/Warrior/Fei/13"	"Лемиания"	"Lang.dat: ShipName.Warrior.Fei.13. Preserve every <tag> exactly. English reference: Lemiania"	"ShipName"	""
"/ShipName/Warrior/Fei/14"	"Майтали"	"Lang.dat: ShipName.Warrior.Fei.14. Preserve every <tag> exactly. English reference: Maytali"	"ShipName"	""
"/ShipName/Warrior/Fei/15"	"Миаллай"	"Lang.dat: ShipName.Warrior.Fei.15. Preserve every <tag> exactly. English reference: Miallay"	"ShipName"	""
"/ShipName/Warrior/Fei/16"	"Микиана"	"Lang.dat: ShipName.Warrior.Fei.16. Preserve every <tag> exactly. English reference: Mickiana"	"ShipName"	""
"/ShipName/Warrior/Fei/17"	"Млайкия"	"Lang.dat: ShipName.Warrior.Fei.17. Preserve every <tag> exactly. English reference: Mlaikia"	"ShipName"	""
"/ShipName/Warrior/Fei/18"	"Намаелли"	"Lang.dat: ShipName.Warrior.Fei.18. Preserve every <tag> exactly. English reference: Namaelly"	"ShipName"	""
"/ShipName/Warrior/Fei/19"	"Ниммлия"	"Lang.dat: ShipName.Warrior.Fei.19. Preserve every <tag> exactly. English reference: Nimmlia"	"ShipName"	""
"/ShipName/Warrior/Fei/2"	"Аимай"	"Lang.dat: ShipName.Warrior.Fei.2. Preserve every <tag> exactly. English reference: Aimay"	"ShipName"	""
"/ShipName/Warrior/Fei/20"	"Оллиами"	"Lang.dat: ShipName.Warrior.Fei.20. Preserve every <tag> exactly. English reference: Olliamy"	"ShipName"	""
"/ShipName/Warrior/Fei/21"	"Отилаи"	"Lang.dat: ShipName.Warrior.Fei.21. Preserve every <tag> exactly. English reference: Otilay"	"ShipName"	""
"/ShipName/Warrior/Fei/22"	"Рамлиай"	"Lang.dat: ShipName.Warrior.Fei.22. Preserve every <tag> exactly. English reference: Ramliay"	"ShipName"	""
"/ShipName/Warrior/Fei/23"	"Талайка"	"Lang.dat: ShipName.Warrior.Fei.23. Preserve every <tag> exactly. English reference: Talaika"	"ShipName"	""
"/ShipName/Warrior/Fei/24"	"Тлаймия"	"Lang.dat: ShipName.Warrior.Fei.24. Preserve every <tag> exactly. English reference: Tlaimia"	"ShipName"	""
"/ShipName/Warrior/Fei/25"	"Толианни"	"Lang.dat: ShipName.Warrior.Fei.25. Preserve every <tag> exactly. English reference: Tolianny"	"ShipName"	""
"/ShipName/Warrior/Fei/26"	"Улайна"	"Lang.dat: ShipName.Warrior.Fei.26. Preserve every <tag> exactly. English reference: Ulaina"	"ShipName"	""
"/ShipName/Warrior/Fei/27"	"Умианка"	"Lang.dat: ShipName.Warrior.Fei.27. Preserve every <tag> exactly. English reference: Umianka"	"ShipName"	""
"/ShipName/Warrior/Fei/28"	"Файани"	"Lang.dat: ShipName.Warrior.Fei.28. Preserve every <tag> exactly. English reference: Faiany"	"ShipName"	""
"/ShipName/Warrior/Fei/29"	"Экелия"	"Lang.dat: ShipName.Warrior.Fei.29. Preserve every <tag> exactly. English reference: Ekelia"	"ShipName"	""
"/ShipName/Warrior/Fei/3"	"Алайми"	"Lang.dat: ShipName.Warrior.Fei.3. Preserve every <tag> exactly. English reference: Alaimy"	"ShipName"	""
"/ShipName/Warrior/Fei/30"	"Ямиани"	"Lang.dat: ShipName.Warrior.Fei.30. Preserve every <tag> exactly. English reference: Yamiany"	"ShipName"	""
"/ShipName/Warrior/Fei/31"	"Фалькон"	"Lang.dat: ShipName.Warrior.Fei.31. Preserve every <tag> exactly. English reference: Falcon"	"ShipName"	""
"/ShipName/Warrior/Fei/4"	"Алиави"	"Lang.dat: ShipName.Warrior.Fei.4. Preserve every <tag> exactly. English reference: Aliavy"	"ShipName"	""
"/ShipName/Warrior/Fei/5"	"Аммоари"	"Lang.dat: ShipName.Warrior.Fei.5. Preserve every <tag> exactly. English reference: Ammoary"	"ShipName"	""
"/ShipName/Warrior/Fei/6"	"Иатами"	"Lang.dat: ShipName.Warrior.Fei.6. Preserve every <tag> exactly. English reference: Yatamy"	"ShipName"	""
"/ShipName/Warrior/Fei/7"	"Илиамми"	"Lang.dat: ShipName.Warrior.Fei.7. Preserve every <tag> exactly. English reference: Iliammy"	"ShipName"	""
"/ShipName/Warrior/Fei/8"	"Кеафани"	"Lang.dat: ShipName.Warrior.Fei.8. Preserve every <tag> exactly. English reference: Keafany"	"ShipName"	""
"/ShipName/Warrior/Fei/9"	"Кейтиа"	"Lang.dat: ShipName.Warrior.Fei.9. Preserve every <tag> exactly. English reference: Keitia"	"ShipName"	""
"/ShipName/Warrior/Gaal/1"	"Аамаби"	"Lang.dat: ShipName.Warrior.Gaal.1. Preserve every <tag> exactly. English reference: Ahamaby"	"ShipName"	""
"/ShipName/Warrior/Gaal/10"	"Даалба"	"Lang.dat: ShipName.Warrior.Gaal.10. Preserve every <tag> exactly. English reference: Dahalba"	"ShipName"	""
"/ShipName/Warrior/Gaal/11"	"Каанцар"	"Lang.dat: ShipName.Warrior.Gaal.11. Preserve every <tag> exactly. English reference: Kahantzar"	"ShipName"	""
"/ShipName/Warrior/Gaal/12"	"Каапра"	"Lang.dat: ShipName.Warrior.Gaal.12. Preserve every <tag> exactly. English reference: Kahapra"	"ShipName"	""
"/ShipName/Warrior/Gaal/13"	"Кирпаан"	"Lang.dat: ShipName.Warrior.Gaal.13. Preserve every <tag> exactly. English reference: Kirpahan"	"ShipName"	""
"/ShipName/Warrior/Gaal/14"	"Кооргог"	"Lang.dat: ShipName.Warrior.Gaal.14. Preserve every <tag> exactly. English reference: Kohorgog"	"ShipName"	""
"/ShipName/Warrior/Gaal/15"	"Коолби"	"Lang.dat: ShipName.Warrior.Gaal.15. Preserve every <tag> exactly. English reference: Koholby"	"ShipName"	""
"/ShipName/Warrior/Gaal/16"	"Лоонбал"	"Lang.dat: ShipName.Warrior.Gaal.16. Preserve every <tag> exactly. English reference: Lohonbal"	"ShipName"	""
"/ShipName/Warrior/Gaal/17"	"Напаамба"	"Lang.dat: ShipName.Warrior.Gaal.17. Preserve every <tag> exactly. English reference: Napahamba"	"ShipName"	""
"/ShipName/Warrior/Gaal/18"	"Оомонга"	"Lang.dat: ShipName.Warrior.Gaal.18. Preserve every <tag> exactly. English reference: Ohomonga"	"ShipName"	""
"/ShipName/Warrior/Gaal/19"	"Раабар"	"Lang.dat: ShipName.Warrior.Gaal.19. Preserve every <tag> exactly. English reference: Rhabar"	"ShipName"	""
"/ShipName/Warrior/Gaal/2"	"Атрооли"	"Lang.dat: ShipName.Warrior.Gaal.2. Preserve every <tag> exactly. English reference: Atroholy"	"ShipName"	""
"/ShipName/Warrior/Gaal/20"	"Руулаз"	"Lang.dat: ShipName.Warrior.Gaal.20. Preserve every <tag> exactly. English reference: Ruhulaz"	"ShipName"	""
"/ShipName/Warrior/Gaal/21"	"Сиилго"	"Lang.dat: ShipName.Warrior.Gaal.21. Preserve every <tag> exactly. English reference: Sihilgo"	"ShipName"	""
"/ShipName/Warrior/Gaal/22"	"Таакеба"	"Lang.dat: ShipName.Warrior.Gaal.22. Preserve every <tag> exactly. English reference: Taakeba"	"ShipName"	""
"/ShipName/Warrior/Gaal/23"	"Табааг"	"Lang.dat: ShipName.Warrior.Gaal.23. Preserve every <tag> exactly. English reference: Tabaag"	"ShipName"	""
"/ShipName/Warrior/Gaal/24"	"Тиагаар"	"Lang.dat: ShipName.Warrior.Gaal.24. Preserve every <tag> exactly. English reference: Tiagahar"	"ShipName"	""
"/ShipName/Warrior/Gaal/25"	"Тутаан"	"Lang.dat: ShipName.Warrior.Gaal.25. Preserve every <tag> exactly. English reference: Tatahan"	"ShipName"	""
"/ShipName/Warrior/Gaal/26"	"Хааджас"	"Lang.dat: ShipName.Warrior.Gaal.26. Preserve every <tag> exactly. English reference: Khaadgas"	"ShipName"	""
"/ShipName/Warrior/Gaal/27"	"Хоомок"	"Lang.dat: ShipName.Warrior.Gaal.27. Preserve every <tag> exactly. English reference: Khoomak"	"ShipName"	""
"/ShipName/Warrior/Gaal/28"	"Шаабра"	"Lang.dat: ShipName.Warrior.Gaal.28. Preserve every <tag> exactly. English reference: Shaabra"	"ShipName"	""
"/ShipName/Warrior/Gaal/29"	"Шакаарба"	"Lang.dat: ShipName.Warrior.Gaal.29. Preserve every <tag> exactly. English reference: Shakaarba"	"ShipName"	""
"/ShipName/Warrior/Gaal/3"	"Баалсин"	"Lang.dat: ShipName.Warrior.Gaal.3. Preserve every <tag> exactly. English reference: Baalsin"	"ShipName"	""
"/ShipName/Warrior/Gaal/30"	"Шпаам"	"Lang.dat: ShipName.Warrior.Gaal.30. Preserve every <tag> exactly. English reference: Shpaam"	"ShipName"	""
"/ShipName/Warrior/Gaal/31"	"Прейвин"	"Lang.dat: ShipName.Warrior.Gaal.31. Preserve every <tag> exactly. English reference: Pravin"	"ShipName"	""
"/ShipName/Warrior/Gaal/4"	"Браабро"	"Lang.dat: ShipName.Warrior.Gaal.4. Preserve every <tag> exactly. English reference: Brahabro"	"ShipName"	""
"/ShipName/Warrior/Gaal/5"	"Боосга"	"Lang.dat: ShipName.Warrior.Gaal.5. Preserve every <tag> exactly. English reference: Bohosga"	"ShipName"	""
"/ShipName/Warrior/Gaal/6"	"Гаабал"	"Lang.dat: ShipName.Warrior.Gaal.6. Preserve every <tag> exactly. English reference: Gaabal"	"ShipName"	""
"/ShipName/Warrior/Gaal/7"	"Гаал-Ра"	"Lang.dat: ShipName.Warrior.Gaal.7. Preserve every <tag> exactly. English reference: Gaal-Ra"	"ShipName"	""
"/ShipName/Warrior/Gaal/8"	"Гнаабра"	"Lang.dat: ShipName.Warrior.Gaal.8. Preserve every <tag> exactly. English reference: Gnaabra"	"ShipName"	""
"/ShipName/Warrior/Gaal/9"	"Даадра"	"Lang.dat: ShipName.Warrior.Gaal.9. Preserve every <tag> exactly. English reference: Daadra"	"ShipName"	""
"/ShipName/Warrior/Maloc/1"	"Аборрега"	"Lang.dat: ShipName.Warrior.Maloc.1. Preserve every <tag> exactly. English reference: Aborrega"	"ShipName"	""
"/ShipName/Warrior/Maloc/10"	"Дабрага"	"Lang.dat: ShipName.Warrior.Maloc.10. Preserve every <tag> exactly. English reference: Dabraga"	"ShipName"	""
"/ShipName/Warrior/Maloc/11"	"Даггар"	"Lang.dat: ShipName.Warrior.Maloc.11. Preserve every <tag> exactly. English reference: Daggar"	"ShipName"	""
"/ShipName/Warrior/Maloc/12"	"Дручанноид"	"Lang.dat: ShipName.Warrior.Maloc.12. Preserve every <tag> exactly. English reference: Druchanoid"	"ShipName"	""
"/ShipName/Warrior/Maloc/13"	"Денозабр"	"Lang.dat: ShipName.Warrior.Maloc.13. Preserve every <tag> exactly. English reference: Denozabrus"	"ShipName"	""
"/ShipName/Warrior/Maloc/14"	"Дабунец"	"Lang.dat: ShipName.Warrior.Maloc.14. Preserve every <tag> exactly. English reference: Dabunetz"	"ShipName"	""
"/ShipName/Warrior/Maloc/15"	"Кинзарга"	"Lang.dat: ShipName.Warrior.Maloc.15. Preserve every <tag> exactly. English reference: Kinzarga"	"ShipName"	""
"/ShipName/Warrior/Maloc/16"	"Лабарон"	"Lang.dat: ShipName.Warrior.Maloc.16. Preserve every <tag> exactly. English reference: Labaron"	"ShipName"	""
"/ShipName/Warrior/Maloc/17"	"Обадруча"	"Lang.dat: ShipName.Warrior.Maloc.17. Preserve every <tag> exactly. English reference: Obadrucha"	"ShipName"	""
"/ShipName/Warrior/Maloc/18"	"Оборзевшик"	"Lang.dat: ShipName.Warrior.Maloc.18. Preserve every <tag> exactly. English reference: Oborzevshik"	"ShipName"	""
"/ShipName/Warrior/Maloc/19"	"Омбагар"	"Lang.dat: ShipName.Warrior.Maloc.19. Preserve every <tag> exactly. English reference: Ombagar"	"ShipName"	""
"/ShipName/Warrior/Maloc/2"	"Амбагрок"	"Lang.dat: ShipName.Warrior.Maloc.2. Preserve every <tag> exactly. English reference: Ambagrock"	"ShipName"	""
"/ShipName/Warrior/Maloc/20"	"Рагнар"	"Lang.dat: ShipName.Warrior.Maloc.20. Preserve every <tag> exactly. English reference: Ragnar"	"ShipName"	""
"/ShipName/Warrior/Maloc/21"	"Раларгак"	"Lang.dat: ShipName.Warrior.Maloc.21. Preserve every <tag> exactly. English reference: Ralargack"	"ShipName"	""
"/ShipName/Warrior/Maloc/22"	"Раргану"	"Lang.dat: ShipName.Warrior.Maloc.22. Preserve every <tag> exactly. English reference: Rarganu"	"ShipName"	""
"/ShipName/Warrior/Maloc/23"	"Рартаган"	"Lang.dat: ShipName.Warrior.Maloc.23. Preserve every <tag> exactly. English reference: Rartagan"	"ShipName"	""
"/ShipName/Warrior/Maloc/24"	"Резубраг"	"Lang.dat: ShipName.Warrior.Maloc.24. Preserve every <tag> exactly. English reference: Rezubrag"	"ShipName"	""
"/ShipName/Warrior/Maloc/25"	"Реннарга"	"Lang.dat: ShipName.Warrior.Maloc.25. Preserve every <tag> exactly. English reference: Rennarga"	"ShipName"	""
"/ShipName/Warrior/Maloc/26"	"Рогатор"	"Lang.dat: ShipName.Warrior.Maloc.26. Preserve every <tag> exactly. English reference: Rogator"	"ShipName"	""
"/ShipName/Warrior/Maloc/27"	"Роддегар"	"Lang.dat: ShipName.Warrior.Maloc.27. Preserve every <tag> exactly. English reference: Roddegar"	"ShipName"	""
"/ShipName/Warrior/Maloc/28"	"Роддабу"	"Lang.dat: ShipName.Warrior.Maloc.28. Preserve every <tag> exactly. English reference: Roddabu"	"ShipName"	""
"/ShipName/Warrior/Maloc/29"	"Ужасаса"	"Lang.dat: ShipName.Warrior.Maloc.29. Preserve every <tag> exactly. English reference: Uzhasasa"	"ShipName"	""
"/ShipName/Warrior/Maloc/3"	"Армалла"	"Lang.dat: ShipName.Warrior.Maloc.3. Preserve every <tag> exactly. English reference: Armalla"	"ShipName"	""
"/ShipName/Warrior/Maloc/30"	"Уграггер"	"Lang.dat: ShipName.Warrior.Maloc.30. Preserve every <tag> exactly. English reference: Ugragger"	"ShipName"	""
"/ShipName/Warrior/Maloc/4"	"Аррагеддонер"	"Lang.dat: ShipName.Warrior.Maloc.4. Preserve every <tag> exactly. English reference: Arrageddoner"	"ShipName"	""
"/ShipName/Warrior/Maloc/5"	"Беллингамер"	"Lang.dat: ShipName.Warrior.Maloc.5. Preserve every <tag> exactly. English reference: Bellingamer"	"ShipName"	""
"/ShipName/Warrior/Maloc/6"	"Бодбарга"	"Lang.dat: ShipName.Warrior.Maloc.6. Preserve every <tag> exactly. English reference: Bodbarga"	"ShipName"	""
"/ShipName/Warrior/Maloc/7"	"Бомбадар"	"Lang.dat: ShipName.Warrior.Maloc.7. Preserve every <tag> exactly. English reference: Bombadar"	"ShipName"	""
"/ShipName/Warrior/Maloc/8"	"Гебанзай"	"Lang.dat: ShipName.Warrior.Maloc.8. Preserve every <tag> exactly. English reference: Gebanzay"	"ShipName"	""
"/ShipName/Warrior/Maloc/9"	"Горраба"	"Lang.dat: ShipName.Warrior.Maloc.9. Preserve every <tag> exactly. English reference: Gorraba"	"ShipName"	""
"/ShipName/Warrior/Peleng/1"	"Цака"	"Lang.dat: ShipName.Warrior.Peleng.1. Preserve every <tag> exactly. English reference: Tzaka"	"ShipName"	""
"/ShipName/Warrior/Peleng/10"	"Лепрас"	"Lang.dat: ShipName.Warrior.Peleng.10. Preserve every <tag> exactly. English reference: Lepras"	"ShipName"	""
"/ShipName/Warrior/Peleng/11"	"Лецкашак"	"Lang.dat: ShipName.Warrior.Peleng.11. Preserve every <tag> exactly. English reference: Letzkashak"	"ShipName"	""
"/ShipName/Warrior/Peleng/12"	"Рапанцер"	"Lang.dat: ShipName.Warrior.Peleng.12. Preserve every <tag> exactly. English reference: Papantzer"	"ShipName"	""
"/ShipName/Warrior/Peleng/13"	"Рацехал"	"Lang.dat: ShipName.Warrior.Peleng.13. Preserve every <tag> exactly. English reference: Ratzekhal"	"ShipName"	""
"/ShipName/Warrior/Peleng/14"	"Рачециш"	"Lang.dat: ShipName.Warrior.Peleng.14. Preserve every <tag> exactly. English reference: Rachetzish"	"ShipName"	""
"/ShipName/Warrior/Peleng/15"	"Рехецан"	"Lang.dat: ShipName.Warrior.Peleng.15. Preserve every <tag> exactly. English reference: Rekhetzan"	"ShipName"	""
"/ShipName/Warrior/Peleng/16"	"Сайцапак"	"Lang.dat: ShipName.Warrior.Peleng.16. Preserve every <tag> exactly. English reference: Saitzapack"	"ShipName"	""
"/ShipName/Warrior/Peleng/17"	"Сачецка"	"Lang.dat: ShipName.Warrior.Peleng.17. Preserve every <tag> exactly. English reference: Sachetzka"	"ShipName"	""
"/ShipName/Warrior/Peleng/18"	"Трацакиш"	"Lang.dat: ShipName.Warrior.Peleng.18. Preserve every <tag> exactly. English reference: Tratzakish"	"ShipName"	""
"/ShipName/Warrior/Peleng/19"	"Ухушарк"	"Lang.dat: ShipName.Warrior.Peleng.19. Preserve every <tag> exactly. English reference: Ukhushark"	"ShipName"	""
"/ShipName/Warrior/Peleng/2"	"Заггеца"	"Lang.dat: ShipName.Warrior.Peleng.2. Preserve every <tag> exactly. English reference: Zaggetza"	"ShipName"	""
"/ShipName/Warrior/Peleng/20"	"Уцрагиш"	"Lang.dat: ShipName.Warrior.Peleng.20. Preserve every <tag> exactly. English reference: Utzragish"	"ShipName"	""
"/ShipName/Warrior/Peleng/21"	"Харацега"	"Lang.dat: ShipName.Warrior.Peleng.21. Preserve every <tag> exactly. English reference: Kharatzega"	"ShipName"	""
"/ShipName/Warrior/Peleng/22"	"Цапераш"	"Lang.dat: ShipName.Warrior.Peleng.22. Preserve every <tag> exactly. English reference: Tzaperash"	"ShipName"	""
"/ShipName/Warrior/Peleng/23"	"Цецетор"	"Lang.dat: ShipName.Warrior.Peleng.23. Preserve every <tag> exactly. English reference: Tzetzetor"	"ShipName"	""
"/ShipName/Warrior/Peleng/24"	"Цечехар"	"Lang.dat: ShipName.Warrior.Peleng.24. Preserve every <tag> exactly. English reference: Tzechekhar"	"ShipName"	""
"/ShipName/Warrior/Peleng/25"	"Цешеттек"	"Lang.dat: ShipName.Warrior.Peleng.25. Preserve every <tag> exactly. English reference: Tzesheteck"	"ShipName"	""
"/ShipName/Warrior/Peleng/26"	"Цикайша"	"Lang.dat: ShipName.Warrior.Peleng.26. Preserve every <tag> exactly. English reference: Tzikaisha"	"ShipName"	""
"/ShipName/Warrior/Peleng/27"	"Шаперкан"	"Lang.dat: ShipName.Warrior.Peleng.27. Preserve every <tag> exactly. English reference: Shaperkan"	"ShipName"	""
"/ShipName/Warrior/Peleng/28"	"Шацарат"	"Lang.dat: ShipName.Warrior.Peleng.28. Preserve every <tag> exactly. English reference: Shatzarat"	"ShipName"	""
"/ShipName/Warrior/Peleng/29"	"Шекецар"	"Lang.dat: ShipName.Warrior.Peleng.29. Preserve every <tag> exactly. English reference: Sheketzar"	"ShipName"	""
"/ShipName/Warrior/Peleng/3"	"Зелиф"	"Lang.dat: ShipName.Warrior.Peleng.3. Preserve every <tag> exactly. English reference: Zelif"	"ShipName"	""
"/ShipName/Warrior/Peleng/30"	"Шецеска"	"Lang.dat: ShipName.Warrior.Peleng.30. Preserve every <tag> exactly. English reference: Shetzeska"	"ShipName"	""
"/ShipName/Warrior/Peleng/4"	"Йокишан"	"Lang.dat: ShipName.Warrior.Peleng.4. Preserve every <tag> exactly. English reference: Yokishan"	"ShipName"	""
"/ShipName/Warrior/Peleng/5"	"Кацерка"	"Lang.dat: ShipName.Warrior.Peleng.5. Preserve every <tag> exactly. English reference: Katzerka"	"ShipName"	""
"/ShipName/Warrior/Peleng/6"	"Кочецак"	"Lang.dat: ShipName.Warrior.Peleng.6. Preserve every <tag> exactly. English reference: Kochetzak"	"ShipName"	""
"/ShipName/Warrior/Peleng/7"	"Ласеккаш"	"Lang.dat: ShipName.Warrior.Peleng.7. Preserve every <tag> exactly. English reference: Lasekkash"	"ShipName"	""
"/ShipName/Warrior/Peleng/8"	"Лахезар"	"Lang.dat: ShipName.Warrior.Peleng.8. Preserve every <tag> exactly. English reference: Lakhezar"	"ShipName"	""
"/ShipName/Warrior/Peleng/9"	"Лепецета"	"Lang.dat: ShipName.Warrior.Peleng.9. Preserve every <tag> exactly. English reference: Lepetzeta"	"ShipName"	""
"/ShipName/Warrior/People/1"	"Атлант"	"Lang.dat: ShipName.Warrior.People.1. Preserve every <tag> exactly. English reference: Atlas"	"ShipName"	""
"/ShipName/Warrior/People/10"	"Бетта"	"Lang.dat: ShipName.Warrior.People.10. Preserve every <tag> exactly. English reference: Beta"	"ShipName"	""
"/ShipName/Warrior/People/11"	"Каратель"	"Lang.dat: ShipName.Warrior.People.11. Preserve every <tag> exactly. English reference: Punisher"	"ShipName"	""
"/ShipName/Warrior/People/12"	"Легионер"	"Lang.dat: ShipName.Warrior.People.12. Preserve every <tag> exactly. English reference: Legionnaire"	"ShipName"	""
"/ShipName/Warrior/People/13"	"Марс"	"Lang.dat: ShipName.Warrior.People.13. Preserve every <tag> exactly. English reference: Mars"	"ShipName"	""
"/ShipName/Warrior/People/14"	"Могучий"	"Lang.dat: ShipName.Warrior.People.14. Preserve every <tag> exactly. English reference: Mighty"	"ShipName"	""
"/ShipName/Warrior/People/15"	"Молния"	"Lang.dat: ShipName.Warrior.People.15. Preserve every <tag> exactly. English reference: Lightning"	"ShipName"	""
"/ShipName/Warrior/People/16"	"Молот"	"Lang.dat: ShipName.Warrior.People.16. Preserve every <tag> exactly. English reference: Hammer"	"ShipName"	""
"/ShipName/Warrior/People/17"	"Непобедимый"	"Lang.dat: ShipName.Warrior.People.17. Preserve every <tag> exactly. English reference: Invincible"	"ShipName"	""
"/ShipName/Warrior/People/18"	"Орел"	"Lang.dat: ShipName.Warrior.People.18. Preserve every <tag> exactly. English reference: Eagle"	"ShipName"	""
"/ShipName/Warrior/People/19"	"Отважный"	"Lang.dat: ShipName.Warrior.People.19. Preserve every <tag> exactly. English reference: Courageous"	"ShipName"	""
"/ShipName/Warrior/People/2"	"Берсеркер"	"Lang.dat: ShipName.Warrior.People.2. Preserve every <tag> exactly. English reference: Berserker"	"ShipName"	""
"/ShipName/Warrior/People/20"	"Пятерня"	"Lang.dat: ShipName.Warrior.People.20. Preserve every <tag> exactly. English reference: Fist"	"ShipName"	""
"/ShipName/Warrior/People/21"	"Смерч"	"Lang.dat: ShipName.Warrior.People.21. Preserve every <tag> exactly. English reference: Tornado"	"ShipName"	""
"/ShipName/Warrior/People/22"	"Стальной"	"Lang.dat: ShipName.Warrior.People.22. Preserve every <tag> exactly. English reference: Steel"	"ShipName"	""
"/ShipName/Warrior/People/23"	"Стойкий"	"Lang.dat: ShipName.Warrior.People.23. Preserve every <tag> exactly. English reference: Steadfast"	"ShipName"	""
"/ShipName/Warrior/People/24"	"Стражник"	"Lang.dat: ShipName.Warrior.People.24. Preserve every <tag> exactly. English reference: Warden"	"ShipName"	""
"/ShipName/Warrior/People/25"	"Тигр"	"Lang.dat: ShipName.Warrior.People.25. Preserve every <tag> exactly. English reference: Tiger"	"ShipName"	""
"/ShipName/Warrior/People/26"	"Ураган"	"Lang.dat: ShipName.Warrior.People.26. Preserve every <tag> exactly. English reference: Hurricane"	"ShipName"	""
"/ShipName/Warrior/People/27"	"Штурмовик"	"Lang.dat: ShipName.Warrior.People.27. Preserve every <tag> exactly. English reference: Trooper"	"ShipName"	""
"/ShipName/Warrior/People/28"	"Экскалибур"	"Lang.dat: ShipName.Warrior.People.28. Preserve every <tag> exactly. English reference: Excalibur"	"ShipName"	""
"/ShipName/Warrior/People/29"	"Ярость"	"Lang.dat: ShipName.Warrior.People.29. Preserve every <tag> exactly. English reference: Fury"	"ShipName"	""
"/ShipName/Warrior/People/3"	"Богатырь"	"Lang.dat: ShipName.Warrior.People.3. Preserve every <tag> exactly. English reference: Athlete"	"ShipName"	""
"/ShipName/Warrior/People/30"	"Ятаган"	"Lang.dat: ShipName.Warrior.People.30. Preserve every <tag> exactly. English reference: Yatagan"	"ShipName"	""
"/ShipName/Warrior/People/31"	"Стрелок"	"Lang.dat: ShipName.Warrior.People.31. Preserve every <tag> exactly. English reference: Shooter"	"ShipName"	""
"/ShipName/Warrior/People/4"	"Богомол"	"Lang.dat: ShipName.Warrior.People.4. Preserve every <tag> exactly. English reference: Mantis"	"ShipName"	""
"/ShipName/Warrior/People/5"	"Варяг"	"Lang.dat: ShipName.Warrior.People.5. Preserve every <tag> exactly. English reference: Varangian"	"ShipName"	""
"/ShipName/Warrior/People/6"	"Викинг"	"Lang.dat: ShipName.Warrior.People.6. Preserve every <tag> exactly. English reference: Viking"	"ShipName"	""
"/ShipName/Warrior/People/7"	"Геракл"	"Lang.dat: ShipName.Warrior.People.7. Preserve every <tag> exactly. English reference: Heracles"	"ShipName"	""
"/ShipName/Warrior/People/8"	"Альфа"	"Lang.dat: ShipName.Warrior.People.8. Preserve every <tag> exactly. English reference: Alpha"	"ShipName"	""
"/ShipName/Warrior/People/9"	"Зевс"	"Lang.dat: ShipName.Warrior.People.9. Preserve every <tag> exactly. English reference: Zeus"	"ShipName"	""
