"identifier"	"source_phrase"	"context"	"labels"	"be"
"/Talk/Accept"	"Согласен"	"Lang.dat: Talk.Accept. Preserve every <tag> exactly. English reference: Agree"	"Talk"	""
"/Talk/Attack/ComputerAsk"	"Очень интересно. А на кого мы, собственно, будем нападать, <Player>?"	"Lang.dat: Talk.Attack.ComputerAsk. Preserve every <tag> exactly. English reference: Very interesting. So who are we going to attack here, <Player>?"	"Talk"	""
"/Talk/Attack/ComputerAsk1"	"Для начала мне хотелось бы узнать, с кем ты предлагаешь сразиться."	"Lang.dat: Talk.Attack.ComputerAsk1. Preserve every <tag> exactly. English reference: To begin with, I'd like to know who it is you want to battle."	"Talk"	""
"/Talk/Attack/ComputerAsk2"	"А кого ты избрал в качестве объекта для атаки?"	"Lang.dat: Talk.Attack.ComputerAsk2. Preserve every <tag> exactly. English reference: Who did you choose to attack?"	"Talk"	""
"/Talk/Attack/ComputerAsk3"	"Пока не знаю. Сначала скажи, с кем будет битва."	"Lang.dat: Talk.Attack.ComputerAsk3. Preserve every <tag> exactly. English reference: I don't know yet. Tell me who we're fighting first."	"Talk"	""
"/Talk/Attack/ComputerAsk4"	"Хм, и на кого ты хотел бы, чтобы я напал?"	"Lang.dat: Talk.Attack.ComputerAsk4. Preserve every <tag> exactly. English reference: So, who do yo want me to hit here?"	"Talk"	""
"/Talk/Attack/ComputerInFear"	"В данный момент я намерен решать свои проблемы. Поговорим с тобой позже, в более мирной обстановке."	"Lang.dat: Talk.Attack.ComputerInFear. Preserve every <tag> exactly. English reference: For the time being, I am going to stick to my own business. We'll talk later, when it's a bit more peaceful."	"Talk"	""
"/Talk/Attack/ComputerInFear1"	"Боюсь, ничем не могу тебе помочь. Советую тебе тоже не лезть во всякие драки, а поскорее слинять отсюда."	"Lang.dat: Talk.Attack.ComputerInFear1. Preserve every <tag> exactly. English reference: I am afraid I can't help you here. I recommend that you abstain from fighting and get out of here as soon as you can."	"Talk"	""
"/Talk/Attack/ComputerInFear2"	"Мне надо маленько прийти в себя, успокоиться... Сейчас я не в состоянии ничего делать."	"Lang.dat: Talk.Attack.ComputerInFear2. Preserve every <tag> exactly. English reference: I need a moment here to catch my breath. To calm down. I can't do anything now."	"Talk"	""
"/Talk/Attack/ComputerInFear3"	"Пусть другие идиоты лезут в драку, а я посижу в сторонке и посмотрю."	"Lang.dat: Talk.Attack.ComputerInFear3. Preserve every <tag> exactly. English reference: Let those other fools hack at each other. I'll step back and just watch."	"Talk"	""
"/Talk/Attack/ComputerInFear4"	"Извини, но сейчас я могу думать только о том, как бы унести отсюда ноги подобру-поздорову."	"Lang.dat: Talk.Attack.ComputerInFear4. Preserve every <tag> exactly. English reference: Sorry, but all I can think of right now is how to get out of here while I still can."	"Talk"	""
"/Talk/Attack/ComputerReadyAttack"	"Я уже дерусь с <Target>, можешь помочь?"	"Lang.dat: Talk.Attack.ComputerReadyAttack. Preserve every <tag> exactly. English reference: I have engaged <Target> already, how about you lend me a hand here?"	"Talk"	""
"/Talk/Attack/ComputerReadyAttack1"	"У меня тут уже вовсю кипит сражение с <Target>. Если можешь помочь - буду рад."	"Lang.dat: Talk.Attack.ComputerReadyAttack1. Preserve every <tag> exactly. English reference: I am smack in the middle of it with <Target>. If you can help, get right over here."	"Talk"	""
"/Talk/Attack/ComputerReadyAttack2"	"Я сейчас выясняю отношения с <Target>. Присоединяйся, если есть возможность!"	"Lang.dat: Talk.Attack.ComputerReadyAttack2. Preserve every <tag> exactly. English reference: OK, let me get things straight with <Target>. Join me if you can."	"Talk"	""
"/Talk/Attack/ComputerReadyAttack3"	"Сначала помоги мне в битве с <Target>. А то что-то я его никак не одолею..."	"Lang.dat: Talk.Attack.ComputerReadyAttack3. Preserve every <tag> exactly. English reference: First help me settle this business with <Target>. I don't seem to be able to finish it all by myself."	"Talk"	""
"/Talk/Attack/ComputerReadyAttack4"	"Сейчас я занят боем с <Target>. Если ты поможешь мне, буду очень благодарен."	"Lang.dat: Talk.Attack.ComputerReadyAttack4. Preserve every <tag> exactly. English reference: I am too busy with <Target> now. I'd appreciate any help you could spare me."	"Talk"	""
"/Talk/Attack/DiplomatFear"	"Ну и предложение... У меня мирное дипломатическое судно, не предназначенное для серьезных боевых действий. Я ничем не могу тебе помочь."	"Lang.dat: Talk.Attack.DiplomatFear. Preserve every <tag> exactly. English reference: Now, that's some offer. I have a peaceful diplomatic ship here that isn't suitable for any serious combat. I can't help you here."	"Talk"	""
"/Talk/Attack/DiplomatFear1"	"Я, как мирный дипломат, не намерен подвергать свою жизнь опасности. Поищи себе другого подельника."	"Lang.dat: Talk.Attack.DiplomatFear1. Preserve every <tag> exactly. English reference: As a peaceful diplomat, I am not going to put my life in danger. Find yourself another accomplice."	"Talk"	""
"/Talk/Attack/DiplomatFear2"	"Риск слишком велик, а у меня еще много неоконченных дел в этом мире. Так что я отказываюсь."	"Lang.dat: Talk.Attack.DiplomatFear2. Preserve every <tag> exactly. English reference: There's too much risk, and I still have too much unfinished business in this world. So I refuse."	"Talk"	""
"/Talk/Attack/DiplomatFear3"	"Если ты готов рискнуть своей головой в заведомо безнадежной кампании - это твои проблемы. Я предпочитаю трезво оценивать свои возможности."	"Lang.dat: Talk.Attack.DiplomatFear3. Preserve every <tag> exactly. English reference: If you are willing to risk your own chops fighting a hopeless campaign, that' your business. I prefer not to delude myself about my capabilities."	"Talk"	""
"/Talk/Attack/DiplomatFear4"	"Я предпочитаю улаживать конфликты дипломатическим путем, особенно когда приходится иметь дело с превосходящим противником. Боюсь, от меня все равно не было бы особого толка в этом вооруженном столкновении."	"Lang.dat: Talk.Attack.DiplomatFear4. Preserve every <tag> exactly. English reference: I prefer diplomacy, especially when dealing with a superior opponent. I am afraid I wouldn't be much use in this fight anyway."	"Talk"	""
"/Talk/Attack/DiplomatHaveBusiness"	"У меня полно других дел, и я очень спешу. Извините, но я вынужден отказаться."	"Lang.dat: Talk.Attack.DiplomatHaveBusiness. Preserve every <tag> exactly. English reference: I got plenty of other business on hand, and I am in a great hurry. Sorry, but I'll have to pass."	"Talk"	""
"/Talk/Attack/DiplomatHaveBusiness1"	"К сожалению, я сейчас спешу на крайне важное совещание и, похоже, уже опаздываю..."	"Lang.dat: Talk.Attack.DiplomatHaveBusiness1. Preserve every <tag> exactly. English reference: Sorry, but I am on my way to an important meeting now, and it looks like I am late as it is."	"Talk"	""
"/Talk/Attack/DiplomatHaveBusiness2"	"Вообще-то я дипломат, и мое призвание - улаживать конфликты, а не развязывать их. Ну, то есть, в основном дела обстоят именно так!.. К тому же, я сейчас очень тороплюсь. Так что ничего не выйдет."	"Lang.dat: Talk.Attack.DiplomatHaveBusiness2. Preserve every <tag> exactly. English reference: Anyhow, I am a diplomat and my job is to settle conflicts rather than start them. So, that about sums it up. Besides, I am really in a hurry. So it's not going to work."	"Talk"	""
"/Talk/Attack/DiplomatHaveBusiness3"	"Если бы не спешка, непременно задержался бы и помог тебе. К сожалению, я очень тороплюсь."	"Lang.dat: Talk.Attack.DiplomatHaveBusiness3. Preserve every <tag> exactly. English reference: If I had time to spare, I would have been sure to stop by and help you out. Unfortunately, I am in a great hurry."	"Talk"	""
"/Talk/Attack/DiplomatHaveBusiness4"	"Я взвесил ваше предложение, и вынужден ответить отказом. Я не располагаю количеством свободного времени, достаточным для ведения боевых действий."	"Lang.dat: Talk.Attack.DiplomatHaveBusiness4. Preserve every <tag> exactly. English reference: I considered your offer, but I am afraid I have to decline. I just don't have the kind of time here needed to get involved in any hostilities."	"Talk"	""
"/Talk/Attack/DiplomatItsMyTranc"	"Я нахожу подобную шутку крайне бестактной и неуместной, <Player> - найдите себе другую забаву. В противном случае я буду вынужден считать ваше предложение прямым выпадом в свою сторону. Со всеми вытекающими последствиями."	"Lang.dat: Talk.Attack.DiplomatItsMyTranc. Preserve every <tag> exactly. English reference: I find this joke extremely tactless and inappropriate, <Player> - find yourself another toy. In othervise I will be forced to consider your proposal as a direct offense. With all the ensuing consequences."	"Talk"	""
"/Talk/Attack/DiplomatItsYourTranc"	"Боюсь, что подобные действия могут серьёзно подорвать наши с вами взаимоотношения. Предложение отклонено."	"Lang.dat: Talk.Attack.DiplomatItsYourTranc. Preserve every <tag> exactly. English reference: I'm afraid that these actions could seriously undermine our current relationship. Proposal rejected."	"Talk"	""
"/Talk/Attack/DiplomatOk"	"Я согласен прервать на время свою миссию и присоединиться к тебе. Помогу чем смогу."	"Lang.dat: Talk.Attack.DiplomatOk. Preserve every <tag> exactly. English reference: Well, I could put my own mission on hold for a while and join you. I'll help you in any way I can."	"Talk"	""
"/Talk/Attack/DiplomatOk1"	"Этот субъект нелоялен по отношению к моему правительству, и я с легким сердцем могу его уничтожить. Выступаем!"	"Lang.dat: Talk.Attack.DiplomatOk1. Preserve every <tag> exactly. English reference: This here dude is disloyal to my government and I have no qualms about whacking him. All right, we are moving out!"	"Talk"	""
"/Talk/Attack/DiplomatOk2"	"Что ж, вообще-то я против решения конфликтов силовым путем, но для данного случая можно сделать исключение. Орудия к бою!"	"Lang.dat: Talk.Attack.DiplomatOk2. Preserve every <tag> exactly. English reference: Well, for the record, I am against resolving conflicts by force, but I guess I could make an exception this once. Guns at the ready!"	"Talk"	""
"/Talk/Attack/DiplomatOk3"	"В прошлом я был военным, и до сих пор тоскую по битвам. Пожалуй, я тебе помогу!"	"Lang.dat: Talk.Attack.DiplomatOk3. Preserve every <tag> exactly. English reference: I used to be in the military, and I still miss battle. All right, maybe I'll help you."	"Talk"	""
"/Talk/Attack/DiplomatOk4"	"Я всего лишь скромный дипломат, но сделаю все, что в моих силах, чтобы помочь вам."	"Lang.dat: Talk.Attack.DiplomatOk4. Preserve every <tag> exactly. English reference: I am just a lowly diplomat, but I'll do what I can to help you out."	"Talk"	""
"/Talk/Attack/DiplomatSend"	"Прошу оказать мне содействие в бою с <Target>."	"Lang.dat: Talk.Attack.DiplomatSend. Preserve every <tag> exactly. English reference: Request assistance combating <Target>."	"Talk"	""
"/Talk/Attack/DiplomatSend1"	"Мне нужна помощь. Злодей <Target> хочет посягнуть на святыни моего народа!"	"Lang.dat: Talk.Attack.DiplomatSend1. Preserve every <tag> exactly. English reference: I need help. This evil <Target> is an offense against my people's sacred relics!"	"Talk"	""
"/Talk/Attack/DiplomatSend2"	"Я вынужден сразиться с <Target>. Если можешь помочь - скорее сюда!"	"Lang.dat: Talk.Attack.DiplomatSend2. Preserve every <tag> exactly. English reference: I have to engage <Target>. If you can help, get right over here."	"Talk"	""
"/Talk/Attack/DiplomatSend3"	"Требуется помощь в битве с <Target>. Не дайте ему уничтожить мирное дипломатическое судно!"	"Lang.dat: Talk.Attack.DiplomatSend3. Preserve every <tag> exactly. English reference: I need help combating <Target>. Don't let him destroy a peaceful diplomatic ship."	"Talk"	""
"/Talk/Attack/DiplomatSend4"	"Как вы относитесь к предложению атаковать <Target>? Ваша помощь была бы очень кстати."	"Lang.dat: Talk.Attack.DiplomatSend4. Preserve every <tag> exactly. English reference: What do you think of the idea to attack <Target>? Your help would be quite handy."	"Talk"	""
"/Talk/Attack/DiplomatSuspect"	"Я не имею достаточных оснований доверять тебе."	"Lang.dat: Talk.Attack.DiplomatSuspect. Preserve every <tag> exactly. English reference: I have no sufficient reason to trust you."	"Talk"	""
"/Talk/Attack/DiplomatSuspect1"	"Совместное нападение - серьезное мероприятие. Что я буду делать, если ты подведешь меня в самый ответственный момент?"	"Lang.dat: Talk.Attack.DiplomatSuspect1. Preserve every <tag> exactly. English reference: A joint offense is a serious business. What am I going to do if you let me down at the most inopportune moment?"	"Talk"	""
"/Talk/Attack/DiplomatSuspect2"	"Я склонен дать отрицательный ответ. Ты не выглядишь субъектом, к которому можно повернуться спиной во время боя."	"Lang.dat: Talk.Attack.DiplomatSuspect2. Preserve every <tag> exactly. English reference: I feel like I should respond in the negative. You don't strike me as someone I'd be comfortable turning my back to during battle."	"Talk"	""
"/Talk/Attack/DiplomatSuspect3"	"Я не намерен задерживаться и помогать тем, кому не вполне доверяю."	"Lang.dat: Talk.Attack.DiplomatSuspect3. Preserve every <tag> exactly. English reference: I do not intend to linger here and help those I cannot trust completely."	"Talk"	""
"/Talk/Attack/DiplomatSuspect4"	"Моей помощи ты не дождешься. Политика научила меня всегда держать ухо востро. И никогда не поворачиваться спиной к тем, в ком не уверен на сто процентов. А еще лучше - вообще никогда никому не доверять."	"Lang.dat: Talk.Attack.DiplomatSuspect4. Preserve every <tag> exactly. English reference: You shouldn't count on my help. I am well versed enough in politics to always be on alert. I never turn my back to those I do not trust completely. Or better yet, never trust anyone."	"Talk"	""
"/Talk/Attack/DiplomatSuspect5"	"Нет! Я тебе не доверяю и решительно отказываюсь участвовать во всем этом!"	"Lang.dat: Talk.Attack.DiplomatSuspect5. Preserve every <tag> exactly. English reference: No! I don't trust you, and I positively refuse to take part in any of this."	"Talk"	""
"/Talk/Attack/DiplomatWeFriends"	"Эта атака может повлечь за собой негативные дипломатические последствия. Я отказываюсь."	"Lang.dat: Talk.Attack.DiplomatWeFriends. Preserve every <tag> exactly. English reference: This attack may entail adverse diplomatic consequences. I refuse to participate."	"Talk"	""
"/Talk/Attack/DiplomatWeFriends1"	"Данный корабль является дружественным по отношению к моему правительству. Ты хотя бы понимаешь, что со мной сделают, если я помогу тебе?"	"Lang.dat: Talk.Attack.DiplomatWeFriends1. Preserve every <tag> exactly. English reference: For my government, this ship is a friendly. Can you even imagine what they'd do to me if I help you?"	"Talk"	""
"/Talk/Attack/DiplomatWeFriends2"	"Это дружественное по отношению ко мне судно, и у меня нет абсолютно никакого желания вступать с ним в вооруженный конфликт."	"Lang.dat: Talk.Attack.DiplomatWeFriends2. Preserve every <tag> exactly. English reference: For me, this is a friendly ship, and I have no desire whatsoever to provoke a conflict and use force against it."	"Talk"	""
"/Talk/Attack/DiplomatWeFriends3"	"Капитан этого корабля - мой старый знакомый. Если я с кем и объединюсь, так это с ним - против тебя. Впрочем, надеюсь, до этого все же не дойдет."	"Lang.dat: Talk.Attack.DiplomatWeFriends3. Preserve every <tag> exactly. English reference: This ship's skipper is an old buddy of mine. If I do team up with someone, that would be with him against you. I do hope it will not come to that though."	"Talk"	""
"/Talk/Attack/DiplomatWeFriends4"	"Капитан указанного тобой корабля мне знаком, и я не испытываю никакого желания с ним ссориться."	"Lang.dat: Talk.Attack.DiplomatWeFriends4. Preserve every <tag> exactly. English reference: I know the captain of this ship, and I have no intent to ruin the relationship."	"Talk"	""
"/Talk/Attack/DiplomatWeFriendsTranc"	"Эта атака может повлечь за собой негативные дипломатические последствия. Я отказываюсь."	"Lang.dat: Talk.Attack.DiplomatWeFriendsTranc. Preserve every <tag> exactly. English reference: This attack may entail adverse diplomatic consequences. I refuse to participate."	"Talk"	""
"/Talk/Attack/DiplomatWeFriendsTranc1"	"Не вижу никаких причин портить чью-то частную собственность. И вам не рекомендую."	"Lang.dat: Talk.Attack.DiplomatWeFriendsTranc1. Preserve every <tag> exactly. English reference: I see no reason to spoil anyone's private property. And not recommend you to do it too."	"Talk"	""
"/Talk/Attack/DiplomatWeFriendsTranc2"	"Нет, нет и ещё раз нет! Я категорически против столь вопиющего неуважения к частной собственности!"	"Lang.dat: Talk.Attack.DiplomatWeFriendsTranc2. Preserve every <tag> exactly. English reference: No, no and once again - no! I am totally against such a blatant disrespect for private property!"	"Talk"	""
"/Talk/Attack/LinerFear"	"Пассажиры боятся вступать в бой. Как капитан, я обязан отклонить твое предложение."	"Lang.dat: Talk.Attack.LinerFear. Preserve every <tag> exactly. English reference: Passengers are afraid to get involved in the fighting. As the captain here, I feel that I must decline your offer."	"Talk"	""
"/Talk/Attack/LinerFear1"	"Как капитан, я несу ответственность за жизнь пассажиров, а они могут не пережить кровопролитного боя."	"Lang.dat: Talk.Attack.LinerFear1. Preserve every <tag> exactly. English reference: As the captain, I am responsible for the lives of my passengers who may not survive the bloodshed."	"Talk"	""
"/Talk/Attack/LinerFear2"	"Мы всем сердцем с вами и рвемся в бой. Только вот на борту маленькие дети, жизнь которых, сами понимаете, нельзя подвергать опасности."	"Lang.dat: Talk.Attack.LinerFear2. Preserve every <tag> exactly. English reference: Our hearts are with you and we cannot wait to get into battle. But we have small children on board, and we cannot risk their lives. I hope you understand."	"Talk"	""
"/Talk/Attack/LinerFear3"	"Я бы помог, но моя жена против того, чтобы я участвовал в таких опасных авантюрах. Она мне жуткую взбучку устроит, если узнает об этом. Так что даже и не просите."	"Lang.dat: Talk.Attack.LinerFear3. Preserve every <tag> exactly. English reference: I'd help you, but my wife is against my taking part in such dangerous adventures. If she ever learns about it, she'll kick my butt like there's no tomorrow. So, don't even ask."	"Talk"	""
"/Talk/Attack/LinerFear4"	"Предпочитаю лишний раз не ввязываться в сражения с такими серьезными противниками. В конце концов, я несу ответственность за жизнь и здоровье пассажиров. Да и за поцарапанный корпус лайнера мне тоже может влететь."	"Lang.dat: Talk.Attack.LinerFear4. Preserve every <tag> exactly. English reference: Unless I absolutely have to, I'd rather not engage such serious opponents. When all is said and done, I am responsible for my passengers' lives and well-being. Heck, I am responsible for every scratch on this liner's hull."	"Talk"	""
"/Talk/Attack/LinerHaveBusiness"	"Мое движение связано жестким графиком, я не могу отходить от него ни на минуту."	"Lang.dat: Talk.Attack.LinerHaveBusiness. Preserve every <tag> exactly. English reference: I have to follow this tight schedule; I have no leeway here, not even for a minute."	"Talk"	""
"/Talk/Attack/LinerHaveBusiness1"	"Я капитан рейсового судна, у меня четкий график полетов. Боюсь, что ничем не могу помочь."	"Lang.dat: Talk.Attack.LinerHaveBusiness1. Preserve every <tag> exactly. English reference: I am a captain of a scheduled flight, I have a tight schedule to stick to. I am afraid I can't help you in any way."	"Talk"	""
"/Talk/Attack/LinerHaveBusiness2"	"Пассажиры настаивают, чтобы я продолжил путь. Иначе я рискую не вписаться в график."	"Lang.dat: Talk.Attack.LinerHaveBusiness2. Preserve every <tag> exactly. English reference: The passengers insist that we get on our way. Otherwise we'll be behind schedule."	"Talk"	""
"/Talk/Attack/LinerHaveBusiness3"	"Нет, это плохая идея. Я должен следовать графику полетов, иначе меня уволят."	"Lang.dat: Talk.Attack.LinerHaveBusiness3. Preserve every <tag> exactly. English reference: No, this is not a good idea at all. I have to stay on schedule, or they will fire me."	"Talk"	""
"/Talk/Attack/LinerHaveBusiness4"	"С удовольствием присоединился бы к тебе, но мне нужно торопиться, я и так едва вписываюсь в график."	"Lang.dat: Talk.Attack.LinerHaveBusiness4. Preserve every <tag> exactly. English reference: I'd be happy to join you, but I need to hurry. As it is, I am barely on schedule."	"Talk"	""
"/Talk/Attack/LinerItsMyTranc"	"Эй! Ты вообще-то сейчас о моём роботе говоришь, ты в курсе?<br>Лети-ка лучше отсюда, да поживее! Свою собственность я в обиду не дам."	"Lang.dat: Talk.Attack.LinerItsMyTranc. Preserve every <tag> exactly. English reference: Hey! You're talking about my robot, you know?<br>You just better run away and make it hurry! I will not let you trash my property."	"Talk"	""
"/Talk/Attack/LinerItsYourTranc"	"Окееей...<br>А вообще знаешь что? Тебе бы с таким предложением обратиться для начала к доктору.<br>Нет, я в курсе, что есть любители ломать свою собственную технику, но одобрять, а уж тем более участвовать в подобных занятиях я не хочу, извини."	"Lang.dat: Talk.Attack.LinerItsYourTranc. Preserve every <tag> exactly. English reference: Okaaay ... You know what? You probably should go ask doctor about this offer first. Yes, I am aware that there's are some of their-own-stuff-breaking-lovers but still I don't want to approve, much less participate, in such activities. Sorry."	"Talk"	""
"/Talk/Attack/LinerOk"	"Надо, конечно, этого гада побить. Пассажиры только волнуются."	"Lang.dat: Talk.Attack.LinerOk. Preserve every <tag> exactly. English reference: Of course we need to beat this thug up. Except my passengers are getting anxious."	"Talk"	""
"/Talk/Attack/LinerOk1"	"Вот это правильно! Я присоединяюсь."	"Lang.dat: Talk.Attack.LinerOk1. Preserve every <tag> exactly. English reference: Yes, that's right! Count me in."	"Talk"	""
"/Talk/Attack/LinerOk2"	"Замечательно. Сейчас, только батареи перезаряжу - и в бой. Ты давай, начинай."	"Lang.dat: Talk.Attack.LinerOk2. Preserve every <tag> exactly. English reference: Wonderful! Let me just recharge my batteries, and then we'll go into battle. Go ahead, get started."	"Talk"	""
"/Talk/Attack/LinerOk3"	"Пассажиры в восторге от вашего предложения поучаствовать в настоящей космической битве. Они предвкушают впечатляющее и щекочущее нервы зрелище. Вот уж не думал, что на одном лайнере может собраться столько идиотов! Ладно, так уж и быть, помогу вам."	"Lang.dat: Talk.Attack.LinerOk3. Preserve every <tag> exactly. English reference: The passengers are excited about your offer to take part in a real space battle. They are looking forward to a spectacular, thrilling show. Who could have thought there would be so many idiots aboard a single liner? Oh, all right, I'll help you."	"Talk"	""
"/Talk/Attack/LinerOk4"	"Я согласен. Обожаю космические битвы! Ну почему я вынужден управлять лайнером, а не истребителем?!"	"Lang.dat: Talk.Attack.LinerOk4. Preserve every <tag> exactly. English reference: I agree. I just love space battles! But why do I have to fly a liner instead of a fighter?"	"Talk"	""
"/Talk/Attack/LinerSend"	"Предлагаю вместе атаковать <Target>. Вся добыча твоя, я ни на что не претендую. У меня чисто личные интересы."	"Lang.dat: Talk.Attack.LinerSend. Preserve every <tag> exactly. English reference: I suggest we attack <Target> all together. The loot is all yours, I don't want any of it. For me, it is personal."	"Talk"	""
"/Talk/Attack/LinerSend1"	"Я вынужден вступить в бой с <Target>. Прошу помощи!"	"Lang.dat: Talk.Attack.LinerSend1. Preserve every <tag> exactly. English reference: I have no other choice but to engage <Target>. Request assistance!"	"Talk"	""
"/Talk/Attack/LinerSend2"	"Помоги мне в битве с <Target>! Если ты откажешься, и наш мирный лайнер будет подбит, то гибель пассажиров тяжелым грузом ляжет на твою совесть."	"Lang.dat: Talk.Attack.LinerSend2. Preserve every <tag> exactly. English reference: First help me settle this business with <Target>. If you refuse and our peaceful liner is shot down, the death of the passengers will be on your conscience forever."	"Talk"	""
"/Talk/Attack/LinerSend3"	"Давай вместе атакуем <Target>. Надо как следует проучить этого типа."	"Lang.dat: Talk.Attack.LinerSend3. Preserve every <tag> exactly. English reference: Let's attack <Target> together! We need to teach this dude a lesson."	"Talk"	""
"/Talk/Attack/LinerSend4"	"Мне очень нужна помощь в битве с <Target>, ты мог бы ее оказать?"	"Lang.dat: Talk.Attack.LinerSend4. Preserve every <tag> exactly. English reference: I desperately need assistance fighting <Target>. Could you help me?"	"Talk"	""
"/Talk/Attack/LinerSuspect"	"Я тебе не доверяю и ни на кого нападать не собираюсь."	"Lang.dat: Talk.Attack.LinerSuspect. Preserve every <tag> exactly. English reference: I do not trust you, and I am not going to attack anyone."	"Talk"	""
"/Talk/Attack/LinerSuspect1"	"Я добропорядочный капитан лайнера, а ты скользкий тип. Я тебе не верю, и не собираюсь тебе помогать в твоих темных делишках."	"Lang.dat: Talk.Attack.LinerSuspect1. Preserve every <tag> exactly. English reference: I am a respectable captain of a passenger liner, and you are a suspicious thug. I don't trust you and have no intention whatsoever to help you in your sleazy business."	"Talk"	""
"/Talk/Attack/LinerSuspect2"	"Извини, но я не настолько тебе доверяю, чтобы рисковать ради тебя здоровьем и жизнью пассажиров."	"Lang.dat: Talk.Attack.LinerSuspect2. Preserve every <tag> exactly. English reference: I am sorry, but I don't trust you enough to risk the lives and well-being of my passengers for you."	"Talk"	""
"/Talk/Attack/LinerSuspect3"	"Ничего не выйдет, нет у меня к тебе доверия. И пассажиры тоже возражают против задержки."	"Lang.dat: Talk.Attack.LinerSuspect3. Preserve every <tag> exactly. English reference: Nope, not gonna work, I just don't trust you. Besides, the passengers do not want any delays."	"Talk"	""
"/Talk/Attack/LinerSuspect4"	"Натравишь меня на противника, а сам потом незаметно смоешься? Ну уж нет, ищи дураков где-нибудь в другом месте."	"Lang.dat: Talk.Attack.LinerSuspect4. Preserve every <tag> exactly. English reference: You'd have me pick up a fight with someone and then disappear in the ensuing confusion, right No way, find another fool somewhere."	"Talk"	""
"/Talk/Attack/LinerWeFriends"	"Во-первых, я совершаю рейс по расписанию, и мне некогда ввязываться в сомнительные авантюры. Во-вторых, я ничего не имею против этого судна."	"Lang.dat: Talk.Attack.LinerWeFriends. Preserve every <tag> exactly. English reference: First of all, I am on a scheduled flight and have no time to get mixed up in such dubious adventures. Second, I have no beef with that ship."	"Talk"	""
"/Talk/Attack/LinerWeFriends1"	"Этот корабль - мой союзник, а нападение на союзников для штатного пилота чревато высшей мерой."	"Lang.dat: Talk.Attack.LinerWeFriends1. Preserve every <tag> exactly. English reference: This ship is my ally. Staff pilots that attack allies tend to get shot."	"Talk"	""
"/Talk/Attack/LinerWeFriends2"	"Ты мне что предлагаешь - напасть на одного из лучших друзей?! Никогда не стану воевать с ним, и тебе не советую."	"Lang.dat: Talk.Attack.LinerWeFriends2. Preserve every <tag> exactly. English reference: What are you suggesting I do -- attack one of my best friends? I would never go to war with him, and you'd better not either."	"Talk"	""
"/Talk/Attack/LinerWeFriends3"	"Я не имею ничего против капитана этого корабля, и у меня нет никакого желания с ним сражаться."	"Lang.dat: Talk.Attack.LinerWeFriends3. Preserve every <tag> exactly. English reference: I have no beef with this ship's captain. Why would I attack him?"	"Talk"	""
"/Talk/Attack/LinerWeFriends4"	"Не мог какую-нибудь другую цель предложить? Ведь это же дружественное мне судно! На него я нападать отказываюсь."	"Lang.dat: Talk.Attack.LinerWeFriends4. Preserve every <tag> exactly. English reference: Couldn't you give us another target? This one is a friendly ship! I refuse to attack it."	"Talk"	""
"/Talk/Attack/LinerWeFriendsTranc"	"Во-первых, я совершаю рейс по расписанию, и мне некогда ввязываться в сомнительные авантюры. Во-вторых, я совершенно ничего не имею против этого робота."	"Lang.dat: Talk.Attack.LinerWeFriendsTranc. Preserve every <tag> exactly. English reference: First of all, I am on a scheduled flight and have no time to get mixed up in such dubious adventures. Second, I have no beef with that robot."	"Talk"	""
"/Talk/Attack/LinerWeFriendsTranc1"	"Да ты что, <Player>, со звезды рухнул? Я ж с малых лет бортмехаником на лайнерах батрачил - умную технику ой как люблю!"	"Lang.dat: Talk.Attack.LinerWeFriendsTranc1. Preserve every <tag> exactly. English reference: Are you fell from a star? I worked as a liner mechanic from a very young age - clever machines is my true love!"	"Talk"	""
"/Talk/Attack/LinerWeFriendsTranc2"	"Вот посмотрю я на тебя, когда кто-нибудь так же бессовестно расколошматит твоего собственного робота! Не трогай чужую вещь, <Player>, иначе хлопот не оберёшься."	"Lang.dat: Talk.Attack.LinerWeFriendsTranc2. Preserve every <tag> exactly. English reference: I will look at you then someone will trash your own robot as shamelessly as you are! Don't touch others property, <Player>, it never ends well."	"Talk"	""
"/Talk/Attack/PirateFear"	"Мне кажется, что с этого дела я не буду иметь ничего, кроме искореженного корабля. Противник-то крутой."	"Lang.dat: Talk.Attack.PirateFear. Preserve every <tag> exactly. English reference: It seems to me I will get nothing out of this except a damaged ship. It's a tough opponent."	"Talk"	""
"/Talk/Attack/PirateFear1"	"Не, это слишком крутой противник, мы с ним не справимся! Я отказываюсь!"	"Lang.dat: Talk.Attack.PirateFear1. Preserve every <tag> exactly. English reference: No, this is too tough an opponent for us, we won't have a chance against him. I refuse!"	"Talk"	""
"/Talk/Attack/PirateFear2"	"Да ты чего, братан, на тот свет захотел? Ну а я еще нет! Так что я тебе не помощник."	"Lang.dat: Talk.Attack.PirateFear2. Preserve every <tag> exactly. English reference: What is it with you, brah? You got a death wish? Well, I don't. Can't help you here."	"Talk"	""
"/Talk/Attack/PirateFear3"	"Я готов драться с кем угодно, только не с ним! Такой крутой корабль - он нас замочит и даже не заметит."	"Lang.dat: Talk.Attack.PirateFear3. Preserve every <tag> exactly. English reference: I'd fight anyone but him! This is a tough ship. It will ride us over and barely notice."	"Talk"	""
"/Talk/Attack/PirateFear4"	"Ты че, серьезно? Там же не лох какой-нибудь. Этот корабль очень опасен... Не-ет, я в здравом уме не стану на него наезжать. Но тебе желаю удачи. Сделай его, братан!"	"Lang.dat: Talk.Attack.PirateFear4. Preserve every <tag> exactly. English reference: Are you serious?! I mean, you ain't some kind of nut. This is a very dangerous ship. No, I am not out of my mind yet to pick a fight with him. Good luck to you. Do him, dawg!"	"Talk"	""
"/Talk/Attack/PirateHaveBusiness"	"Чертовски заманчивое предложение, но я сейчас сильно занят. Может быть, потом?"	"Lang.dat: Talk.Attack.PirateHaveBusiness. Preserve every <tag> exactly. English reference: This is very tempting, but I am awfully busy now. Some other time, perhaps?"	"Talk"	""
"/Talk/Attack/PirateHaveBusiness1"	"Дело стоящее, и я бы помог, но у меня сейчас другие планы."	"Lang.dat: Talk.Attack.PirateHaveBusiness1. Preserve every <tag> exactly. English reference: It looks promising, and I'd be happy to help, but I have other plans for now."	"Talk"	""
"/Talk/Attack/PirateHaveBusiness2"	"Извини, братан, не судьба. Сейчас я совсем другим занят."	"Lang.dat: Talk.Attack.PirateHaveBusiness2. Preserve every <tag> exactly. English reference: Sorry, paesan, it wasn't meant to be. My mind is totally elsewhere now."	"Talk"	""
"/Talk/Attack/PirateHaveBusiness3"	"Я сейчас занят, может, подвалишь ко мне с этим предложением попозже?"	"Lang.dat: Talk.Attack.PirateHaveBusiness3. Preserve every <tag> exactly. English reference: I am busy now, but why don't you come back to me with this some other time?"	"Talk"	""
"/Talk/Attack/PirateHaveBusiness4"	"Базара нет, дело стоящее. Но я не могу к тебе присоединиться, у меня своих дел невпроворот."	"Lang.dat: Talk.Attack.PirateHaveBusiness4. Preserve every <tag> exactly. English reference: No two ways about it, it's some very good business. But I can't join you. I have my hands full."	"Talk"	""
"/Talk/Attack/PirateItsMyTranc"	"Да ты чё, братуха, в натуре на весь иллюминатор треснутый?! Нафига же я стану своего транклюкатора лупить?"	"Lang.dat: Talk.Attack.PirateItsMyTranc. Preserve every <tag> exactly. English reference: Are your porthole cracked or what?! What for I should thrash my own tranclucator?"	"Talk"	""
"/Talk/Attack/PirateItsYourTranc"	"Нет, ну я, конечно, всё понимаю - веселуха, вся ботва... Да только есть в твоём предложении что-то не очень здоровое, смекаешь?<br>Короче, на меня не рассчитывай."	"Lang.dat: Talk.Attack.PirateItsYourTranc. Preserve every <tag> exactly. English reference: Well, I understand your point - fun and all the stuff... But there is definitely something not very healthy in your proposal, catch it?<br>In short - count me out."	"Talk"	""
"/Talk/Attack/PirateOk"	"Мне как раз нужны бабки, и я чувствую запах добычи. Начинаем атаку немедленно."	"Lang.dat: Talk.Attack.PirateOk. Preserve every <tag> exactly. English reference: Well, I could use the money right now, and the loot smells good. Let's attack right away."	"Talk"	""
"/Talk/Attack/PirateOk1"	"Договорились. А груз поделим! И только попробуй меня обмануть!!!"	"Lang.dat: Talk.Attack.PirateOk1. Preserve every <tag> exactly. English reference: Deal. We'll split the cargo. But don't you dare cheat me!"	"Talk"	""
"/Talk/Attack/PirateOk2"	"Замечательно! У меня уже давно руки чесались его отделать, да все никак не доходили..."	"Lang.dat: Talk.Attack.PirateOk2. Preserve every <tag> exactly. English reference: Wonderful! I've itched to have a go at him for a long time, but somehow it never came down to that."	"Talk"	""
"/Talk/Attack/PirateOk3"	"Отлично, я присоединяюсь к атаке. Грабить и убивать в хорошей компании - что может быть лучше?"	"Lang.dat: Talk.Attack.PirateOk3. Preserve every <tag> exactly. English reference: Great, I'll join the attack. Murder and rob in the company of good friends -- what could be better?"	"Talk"	""
"/Talk/Attack/PirateOk4"	"Грабить и убивать я люблю. Согласен!"	"Lang.dat: Talk.Attack.PirateOk4. Preserve every <tag> exactly. English reference: I love to murder and rob! Agree!"	"Talk"	""
"/Talk/Attack/PirateSend"	"Давай объединимся и замочим <Target>. Добычу разделим по-братски. Согласен?"	"Lang.dat: Talk.Attack.PirateSend. Preserve every <tag> exactly. English reference: Let's get together and whack <Target>. We'll split the loot like the brothers we are. Whaddya say?"	"Talk"	""
"/Talk/Attack/PirateSend1"	"Слышь, братан, видишь <Target>? Давай его сделаем в лучших пиратских традициях."	"Lang.dat: Talk.Attack.PirateSend1. Preserve every <tag> exactly. English reference: Hey, dawg, do you see <Target> over there? Let's whack him, like the good pirates we are!"	"Talk"	""
"/Talk/Attack/PirateSend2"	"У нас тут с <Target> небольшие трения возникли. Поможешь вправить ему мозги?"	"Lang.dat: Talk.Attack.PirateSend2. Preserve every <tag> exactly. English reference: We've got us a certain problem with <Target> here. Can you help us put him in his right place?"	"Talk"	""
"/Talk/Attack/PirateSend3"	"Эй, навалимся вместе на <Target>?! Ему не устоять против нас двоих!"	"Lang.dat: Talk.Attack.PirateSend3. Preserve every <tag> exactly. English reference: Hey, let's have a go at <Target> all together! He won't have a chance against the two of us."	"Talk"	""
"/Talk/Attack/PirateSend4"	"У меня предложение: ты атакуешь <Target>, а я тебя прикрываю. Вместе мы его сделаем, братан!"	"Lang.dat: Talk.Attack.PirateSend4. Preserve every <tag> exactly. English reference: How about you attack <Target> and I provide cover? We'll do him in together, homeboy!"	"Talk"	""
"/Talk/Attack/PirateSuspect"	"Я не собираюсь рассматривать твое предложение. Физиономия твоя мне не нравится."	"Lang.dat: Talk.Attack.PirateSuspect. Preserve every <tag> exactly. English reference: I wouldn't even entertain this idea. I don't like your face."	"Talk"	""
"/Talk/Attack/PirateSuspect1"	"Я иду в бой только со своими корешами, которым могу доверять. А тебя я не знаю."	"Lang.dat: Talk.Attack.PirateSuspect1. Preserve every <tag> exactly. English reference: I only go into battle with my buddies who I know I can trust. I don't know you."	"Talk"	""
"/Talk/Attack/PirateSuspect2"	"Где гарантия, что это не западня, с целью меня поймать? Я тебе не доверяю. Лучше уматывай отсюда, пока цел."	"Lang.dat: Talk.Attack.PirateSuspect2. Preserve every <tag> exactly. English reference: Who is going to guarantee this is not a trap you have set up for me? I don't trust you. Better split while you still can."	"Talk"	""
"/Talk/Attack/PirateSuspect3"	"Ты наверняка готовишь мне какую-то подлость, нюхом чую. Но у тебя ничего не выйдет. Я не попадусь на твою удочку!"	"Lang.dat: Talk.Attack.PirateSuspect3. Preserve every <tag> exactly. English reference: My gut tells me you are setting me up here. But it's not going to work. I ain't biting."	"Talk"	""
"/Talk/Attack/PirateSuspect4"	"Может, я слишком подозрителен, но твоя хитрая морда не вызывает у меня доверия. Поищи себе другого подельника."	"Lang.dat: Talk.Attack.PirateSuspect4. Preserve every <tag> exactly. English reference: Maybe it's my paranoia, but I don't trust your smug kisser. Find yourself another accomplice."	"Talk"	""
"/Talk/Attack/PirateWeFriends"	"Я знаю капитана этого корабля. Он хороший малый. Не стоит его трогать."	"Lang.dat: Talk.Attack.PirateWeFriends. Preserve every <tag> exactly. English reference: I know this ship's skipper. He's a good guy. We'd better leave him alone."	"Talk"	""
"/Talk/Attack/PirateWeFriends1"	"Это мой старый кореш, я не хочу в него стрелять."	"Lang.dat: Talk.Attack.PirateWeFriends1. Preserve every <tag> exactly. English reference: This is my old buddy, I am not going to shoot at him."	"Talk"	""
"/Talk/Attack/PirateWeFriends2"	"Так ты моего кореша имел в виду? Нет, с ним я не буду драться."	"Lang.dat: Talk.Attack.PirateWeFriends2. Preserve every <tag> exactly. English reference: So that's this buddy of mine that you meant? No, I won't fight him."	"Talk"	""
"/Talk/Attack/PirateWeFriends3"	"Капитан этого судна - мой старый кореш, а я стараюсь не предавать друзей без особой необходимости. Так что ты уж как-нибудь справляйся один."	"Lang.dat: Talk.Attack.PirateWeFriends3. Preserve every <tag> exactly. English reference: This ship's captain is my old buddy, and I have a policy against betraying my buddies unless absolutely necessary. So I guess you'll need to go it alone somehow."	"Talk"	""
"/Talk/Attack/PirateWeFriends4"	"Зачем мне нападать на своего кореша, когда вокруг полно всяких лохов? Нет уж, я тебе не помощник в этом деле."	"Lang.dat: Talk.Attack.PirateWeFriends4. Preserve every <tag> exactly. English reference: Why would I want to attack my buddy when there are so many patsies around? Nope, count me out."	"Talk"	""
"/Talk/Attack/PirateWeFriendsTranc"	"Может, он что тебе и сделал, но меня это не колеблет."	"Lang.dat: Talk.Attack.PirateWeFriendsTranc. Preserve every <tag> exactly. English reference: Maybe he did something to you, but it doesn't bother me at all."	"Talk"	""
"/Talk/Attack/PirateWeFriendsTranc1"	"Нет, этого робота я трогать не буду, уж больно он, чертяка, симпатичный. Особенно с этими волынами наперевес."	"Lang.dat: Talk.Attack.PirateWeFriendsTranc1. Preserve every <tag> exactly. English reference: No, I won't touch this robot, he's too pretty little devil. Especially with these guns on his belt."	"Talk"	""
"/Talk/Attack/PirateWeFriendsTranc2"	"Ну и что я с этого буду иметь? Гайки, да подшипники в масле? Нет, <Player>, извиняй, но с роботами ты уж как-нибудь сам разбирайся."	"Lang.dat: Talk.Attack.PirateWeFriendsTranc2. Preserve every <tag> exactly. English reference: And what do I get from this? Nuts and oiled bearings? No, <Player>, deal with this robot alone."	"Talk"	""
"/Talk/Attack/PlayerFear"	"Я не желаю участвовать в этой операции, поскольку она заранее обречена на провал."	"Lang.dat: Talk.Attack.PlayerFear. Preserve every <tag> exactly. English reference: I don't want any part of this since this is totally hopeless."	"Talk"	""
"/Talk/Attack/PlayerFear1"	"Да ты что?!! Не видишь, что ли, что он круче нас двоих, вместе взятых? Нет уж, я умываю руки!"	"Lang.dat: Talk.Attack.PlayerFear1. Preserve every <tag> exactly. English reference: Are you serious? Don't you see he is tougher than the two of us together? No, I am outta here!"	"Talk"	""
"/Talk/Attack/PlayerFear2"	"Заведомо провальная операция! На этот корабль будут нападать либо идиоты, либо герои. Ну а я, в отличие от тебя, вполне нормален, поэтому даже не буду и пробовать."	"Lang.dat: Talk.Attack.PlayerFear2. Preserve every <tag> exactly. English reference: This is a total non-starter. You are either an idiot or some kind of hero to challenge this ship. Unlike you, I am quite normal, so I wouldn't even try."	"Talk"	""
"/Talk/Attack/PlayerFear3"	"Извини, но я должен сохранить свою жизнь для более важного дела - спасения Галактики от доминаторов! Если влезать во все локальные конфликты, долго не протянешь."	"Lang.dat: Talk.Attack.PlayerFear3. Preserve every <tag> exactly. English reference: I am sorry, but I need to preserve myself for a much worthier cause -- freeing the Galaxy from dominators. If you stick your nose into every local conflict, you won't last long."	"Talk"	""
"/Talk/Attack/PlayerFear4"	"Ну уж нет! Да он нас как котят расшвыряет! Это детеныши таких маленьких домашних зверьков с планеты Земля, если ты не знаешь."	"Lang.dat: Talk.Attack.PlayerFear4. Preserve every <tag> exactly. English reference: No way! He'll scatter us like we were kittens! For your information, they are cubs of these small domestic animals on planet Earth."	"Talk"	""
"/Talk/Attack/PlayerHaveBusiness"	"Я сейчас очень занят, мне некогда даже рассматривать твое предложение."	"Lang.dat: Talk.Attack.PlayerHaveBusiness. Preserve every <tag> exactly. English reference: I am too busy now to even consider your proposal."	"Talk"	""
"/Talk/Attack/PlayerHaveBusiness1"	"Я крайне занят, прошу простить мой отказ."	"Lang.dat: Talk.Attack.PlayerHaveBusiness1. Preserve every <tag> exactly. English reference: I am sorry to say no, but I am very busy now."	"Talk"	""
"/Talk/Attack/PlayerHaveBusiness2"	"Извини, у меня сейчас совсем другие планы. Может, как-нибудь в другой раз?"	"Lang.dat: Talk.Attack.PlayerHaveBusiness2. Preserve every <tag> exactly. English reference: Sorry, I have other plans for now. Some other time, perhaps?"	"Talk"	""
"/Talk/Attack/PlayerHaveBusiness3"	"Хм, я бы тебе помог, но уж очень занят сейчас. Так что на меня можешь не рассчитывать."	"Lang.dat: Talk.Attack.PlayerHaveBusiness3. Preserve every <tag> exactly. English reference: Well, I could help you, but I am just too busy at the moment. So count me out."	"Talk"	""
"/Talk/Attack/PlayerHaveBusiness4"	"К сожалению, я сейчас занят, и ничем тебе помочь не могу."	"Lang.dat: Talk.Attack.PlayerHaveBusiness4. Preserve every <tag> exactly. English reference: Unfortunately, I am busy now and can't help you."	"Talk"	""
"/Talk/Attack/PlayerItsMyTranc"	"Ты реально сейчас хочешь заставить меня атаковать своего собственного робота? Ну удачи, чё."	"Lang.dat: Talk.Attack.PlayerItsMyTranc. Preserve every <tag> exactly. English reference: Are you really trying to force me attack my own robot? Well, good luck to you."	"Talk"	""
"/Talk/Attack/PlayerItsYourTranc"	"Слушай, если тебе нравится ломать своих собственных роботов - без проблем. Главное, меня в эти дела не впутывай."	"Lang.dat: Talk.Attack.PlayerItsYourTranc. Preserve every <tag> exactly. English reference: Hey, if you like breaking your own robots - no problem. Just don't drag me into it, okay?"	"Talk"	""
"/Talk/Attack/PlayerOffersAttack"	"Предлагаю совместное нападение"	"Lang.dat: Talk.Attack.PlayerOffersAttack. Preserve every <tag> exactly. English reference: I suggest we mount a joint attack."	"Talk"	""
"/Talk/Attack/PlayerOffersAttack1"	"Как насчет совместного нападения?"	"Lang.dat: Talk.Attack.PlayerOffersAttack1. Preserve every <tag> exactly. English reference: How about we mount a joint attack?"	"Talk"	""
"/Talk/Attack/PlayerOffersAttack2"	"Поможешь мне в битве с одним типом?"	"Lang.dat: Talk.Attack.PlayerOffersAttack2. Preserve every <tag> exactly. English reference: Will you help me fight this dude?"	"Talk"	""
"/Talk/Attack/PlayerOffersAttack3"	"Давай вместе сразимся кое с кем?"	"Lang.dat: Talk.Attack.PlayerOffersAttack3. Preserve every <tag> exactly. English reference: How about we fight someone together?"	"Talk"	""
"/Talk/Attack/PlayerOffersAttack4"	"Примешь участие в совместной атаке?"	"Lang.dat: Talk.Attack.PlayerOffersAttack4. Preserve every <tag> exactly. English reference: Will you join the attack?"	"Talk"	""
"/Talk/Attack/PlayerOk"	"Согласен. Берем его в кольцо и атакуем."	"Lang.dat: Talk.Attack.PlayerOk. Preserve every <tag> exactly. English reference: I agree. Let's surround him and attack."	"Talk"	""
"/Talk/Attack/PlayerOk1"	"Отлично, сделаем его! Я захожу с тыла, а ты атакуй в лоб."	"Lang.dat: Talk.Attack.PlayerOk1. Preserve every <tag> exactly. English reference: Great, let's do him in! I'll hit him in the back while you mount a frontal attack."	"Talk"	""
"/Talk/Attack/PlayerOk2"	"Заметано! Атакуй его, я скоро присоединюсь."	"Lang.dat: Talk.Attack.PlayerOk2. Preserve every <tag> exactly. English reference: Count me in! Commence the attack, I'll join you in a moment."	"Talk"	""
"/Talk/Attack/PlayerOk3"	"А что, мне нравится эта идея. Уже лечу!"	"Lang.dat: Talk.Attack.PlayerOk3. Preserve every <tag> exactly. English reference: You know what, I like this idea. I'm on my way!"	"Talk"	""
"/Talk/Attack/PlayerOk4"	"О'кей, мне он тоже не нравится. Я согласен тебе помочь. Компьютер, орудия к бою!"	"Lang.dat: Talk.Attack.PlayerOk4. Preserve every <tag> exactly. English reference: OK, I don't like him much either. I'll help you. Computer! Guns at the ready!"	"Talk"	""
"/Talk/Attack/PlayerSend"	"Предлагаю организовать атаку на <Target>."	"Lang.dat: Talk.Attack.PlayerSend. Preserve every <tag> exactly. English reference: I suggest we attack <Target>."	"Talk"	""
"/Talk/Attack/PlayerSend1"	"Как насчет совместной атаки на <Target>?"	"Lang.dat: Talk.Attack.PlayerSend1. Preserve every <tag> exactly. English reference: How about a joint attack on <Target>?"	"Talk"	""
"/Talk/Attack/PlayerSend2"	"Я атакую <Target>. Присоединяйся, если есть желание кого-нибудь прикончить."	"Lang.dat: Talk.Attack.PlayerSend2. Preserve every <tag> exactly. English reference: I am about to attack <Target>. Join me if you feel like whacking someone."	"Talk"	""
"/Talk/Attack/PlayerSend3"	"Не поможешь мне в битве с <Target>?"	"Lang.dat: Talk.Attack.PlayerSend3. Preserve every <tag> exactly. English reference: Will you help me fight with <Target>?"	"Talk"	""
"/Talk/Attack/PlayerSend4"	"Хочешь принять участие в битве с <Target>? Присоединяйся, пока я его не добил окончательно!"	"Lang.dat: Talk.Attack.PlayerSend4. Preserve every <tag> exactly. English reference: Feel like joining the attack on <Target>? Join me before I finish him off all by myself!"	"Talk"	""
"/Talk/Attack/PlayerWeFriends"	"Я не собираюсь атаковывать дружественный по отношению ко мне корабль."	"Lang.dat: Talk.Attack.PlayerWeFriends. Preserve every <tag> exactly. English reference: I am not going to attack a friendly ship."	"Talk"	""
"/Talk/Attack/PlayerWeFriends1"	"Я не открою огонь по своим."	"Lang.dat: Talk.Attack.PlayerWeFriends1. Preserve every <tag> exactly. English reference: I am not going to open up on the friendlies."	"Talk"	""
"/Talk/Attack/PlayerWeFriends2"	"Ты что, мы же с ним друзья! Лучше отстань от него, иначе будешь иметь дело со мной."	"Lang.dat: Talk.Attack.PlayerWeFriends2. Preserve every <tag> exactly. English reference: What are you talking about? He and I, we are buddies. Better leave him alone, or you'll have me to deal with as well."	"Talk"	""
"/Talk/Attack/PlayerWeFriends3"	"По-твоему, я похож на предателя? Капитан этого корабля - мой друг! Я не собираюсь сражаться с ним."	"Lang.dat: Talk.Attack.PlayerWeFriends3. Preserve every <tag> exactly. English reference: Do I look like a traitor to you? The skipper of this ship is my friend! I am not going to fight him."	"Talk"	""
"/Talk/Attack/PlayerWeFriends4"	"Ты обращаешься не по адресу. Я не стану тебе помогать, потому что капитан этого корабля - мой хороший знакомый. И тебе не советую на него наезжать!"	"Lang.dat: Talk.Attack.PlayerWeFriends4. Preserve every <tag> exactly. English reference: Wrong number! I am not going to help you because I know the captain of this ship very well. If I were you, I wouldn't mess with him."	"Talk"	""
"/Talk/Attack/PlayerWeFriendsTranc"	"Атаковать чужого робота? Нет уж, увольте."	"Lang.dat: Talk.Attack.PlayerWeFriendsTranc. Preserve every <tag> exactly. English reference: Attack someone else's robot? No, thank you."	"Talk"	""
"/Talk/Attack/PlayerWeFriendsTranc1"	"Ввязываться в бессмысленный бой с чужой вещью я не намерен."	"Lang.dat: Talk.Attack.PlayerWeFriendsTranc1. Preserve every <tag> exactly. English reference: I don't want to get involved in meaningless battle with someone else's thing."	"Talk"	""
"/Talk/Attack/PlayerWeFriendsTranc2"	"А я, вообще-то, люблю транклюкаторов, и без причины делать им больно не хочу."	"Lang.dat: Talk.Attack.PlayerWeFriendsTranc2. Preserve every <tag> exactly. English reference: No thanks. I like tranclucators and don't wanna hurt them for no reason."	"Talk"	""
"/Talk/Attack/RangerFear"	"Я не желаю участвовать в этой операции, поскольку она заранее обречена на провал."	"Lang.dat: Talk.Attack.RangerFear. Preserve every <tag> exactly. English reference: I don't want any part of this since this is totally hopeless."	"Talk"	""
"/Talk/Attack/RangerFear1"	"Да ты что?!! Не видишь, что ли, что он круче нас двоих, вместе взятых? Нет уж, я умываю руки!"	"Lang.dat: Talk.Attack.RangerFear1. Preserve every <tag> exactly. English reference: Are you serious? Don't you see he is tougher than the two of us together? No, I am outta here!"	"Talk"	""
"/Talk/Attack/RangerFear2"	"Заведомо провальная операция! На этот корабль будут нападать либо идиоты, либо герои. Ну а я, в отличие от тебя, вполне нормален, поэтому даже не буду и пробовать."	"Lang.dat: Talk.Attack.RangerFear2. Preserve every <tag> exactly. English reference: This is a total non-starter. You are either an idiot or some kind of hero to challenge this ship. Unlike you, I am quite normal, so I wouldn't even try."	"Talk"	""
"/Talk/Attack/RangerFear3"	"Извини, но я должен сохранить свою жизнь для более важного дела - спасения Галактики от доминаторов! Если влезать во все локальные конфликты, долго не протянешь."	"Lang.dat: Talk.Attack.RangerFear3. Preserve every <tag> exactly. English reference: I am sorry, but I need to preserve myself for a much worthier cause -- freeing the Galaxy from dominators. If you stick your nose into every local conflict, you won't last long."	"Talk"	""
"/Talk/Attack/RangerFear4"	"Ну уж нет! Да он нас как котят расшвыряет! Это детеныши таких маленьких домашних зверьков с планеты Земля, если ты не знаешь."	"Lang.dat: Talk.Attack.RangerFear4. Preserve every <tag> exactly. English reference: No way! He'll scatter us like we were kittens! For your information, they are cubs of these small domestic animals on planet Earth."	"Talk"	""
"/Talk/Attack/RangerHaveBusiness"	"Я сейчас очень занят, мне некогда даже рассматривать твое предложение."	"Lang.dat: Talk.Attack.RangerHaveBusiness. Preserve every <tag> exactly. English reference: I am too busy now to even consider your proposal."	"Talk"	""
"/Talk/Attack/RangerHaveBusiness1"	"Я крайне занят, прошу простить мой отказ."	"Lang.dat: Talk.Attack.RangerHaveBusiness1. Preserve every <tag> exactly. English reference: I am sorry to say no, but I am very busy now."	"Talk"	""
"/Talk/Attack/RangerHaveBusiness2"	"Извини, у меня сейчас совсем другие планы. Может, как-нибудь в другой раз?"	"Lang.dat: Talk.Attack.RangerHaveBusiness2. Preserve every <tag> exactly. English reference: Sorry, I have other plans for now. Some other time, perhaps?"	"Talk"	""
"/Talk/Attack/RangerHaveBusiness3"	"Хм, я бы тебе помог, но уж очень занят сейчас. Так что на меня можешь не рассчитывать."	"Lang.dat: Talk.Attack.RangerHaveBusiness3. Preserve every <tag> exactly. English reference: Well, I could help you, but I am just too busy at the moment. So count me out."	"Talk"	""
"/Talk/Attack/RangerHaveBusiness4"	"К сожалению, я сейчас занят, и ничем тебе помочь не могу."	"Lang.dat: Talk.Attack.RangerHaveBusiness4. Preserve every <tag> exactly. English reference: Unfortunately, I am busy now and can't help you."	"Talk"	""
"/Talk/Attack/RangerItsMyTranc"	"А может тебе ещё вина красного, да Махпеллу рыжую? А ну-ка быстро отвалил от моего транклюкатора, не то в следующий раз с тобой заговорят мои пушки!"	"Lang.dat: Talk.Attack.RangerItsMyTranc. Preserve every <tag> exactly. English reference: Oh really? Maybe also you want some bottle of red wine or red-haired Makhpella? Get away from my tranclucator you maniac, or next time you will be speaking with my guns!"	"Talk"	""
"/Talk/Attack/RangerItsYourTranc"	"Ты, <Player>, видно больной? А на вид вроде кажешься здоровым...<br>В общем, разбирайся со своими транклюкаторами сам, я в этом цирке участвовать не буду."	"Lang.dat: Talk.Attack.RangerItsYourTranc. Preserve every <tag> exactly. English reference: Are you sick or something? Seems pretty healthy as I can see...<br>Anyway, go deal with your tranclucators by yourself, I will not participate this absurdity."	"Talk"	""
"/Talk/Attack/RangerOk"	"Согласен. Берем его в кольцо и атакуем."	"Lang.dat: Talk.Attack.RangerOk. Preserve every <tag> exactly. English reference: I agree. Let's surround him and attack."	"Talk"	""
"/Talk/Attack/RangerOk1"	"Отлично, сделаем его! Я захожу с тыла, а ты атакуй в лоб."	"Lang.dat: Talk.Attack.RangerOk1. Preserve every <tag> exactly. English reference: Great, let's do him in! I'll hit him in the back while you mount a frontal attack."	"Talk"	""
"/Talk/Attack/RangerOk2"	"Заметано! Атакуй его, я скоро присоединюсь."	"Lang.dat: Talk.Attack.RangerOk2. Preserve every <tag> exactly. English reference: Count me in! Commence the attack, I'll join you in a moment."	"Talk"	""
"/Talk/Attack/RangerOk3"	"А что, мне нравится эта идея. Уже лечу!"	"Lang.dat: Talk.Attack.RangerOk3. Preserve every <tag> exactly. English reference: You know what, I like this idea. I'm on my way!"	"Talk"	""
"/Talk/Attack/RangerOk4"	"О'кей, мне он тоже не нравится. Я согласен тебе помочь. Компьютер, орудия к бою!"	"Lang.dat: Talk.Attack.RangerOk4. Preserve every <tag> exactly. English reference: OK, I don't like him much either. I'll help you. Computer! Guns at the ready!"	"Talk"	""
"/Talk/Attack/RangerSend"	"Предлагаю организовать атаку на <Target>."	"Lang.dat: Talk.Attack.RangerSend. Preserve every <tag> exactly. English reference: I suggest we attack <Target>."	"Talk"	""
"/Talk/Attack/RangerSend1"	"Как насчет совместной атаки на <Target>?"	"Lang.dat: Talk.Attack.RangerSend1. Preserve every <tag> exactly. English reference: How about a joint attack on <Target>?"	"Talk"	""
"/Talk/Attack/RangerSend2"	"Я атакую <Target>. Присоединяйся, если есть желание кого-нибудь прикончить."	"Lang.dat: Talk.Attack.RangerSend2. Preserve every <tag> exactly. English reference: I am about to attack <Target>. Join me if you feel like whacking someone."	"Talk"	""
"/Talk/Attack/RangerSend3"	"Не поможешь мне в битве с <Target>?"	"Lang.dat: Talk.Attack.RangerSend3. Preserve every <tag> exactly. English reference: Will you help me fight with <Target>?"	"Talk"	""
"/Talk/Attack/RangerSend4"	"Хочешь принять участие в битве с <Target>? Присоединяйся, пока я его не добил окончательно!"	"Lang.dat: Talk.Attack.RangerSend4. Preserve every <tag> exactly. English reference: Feel like joining the attack on <Target>? Join me before I finish him off all by myself!"	"Talk"	""
"/Talk/Attack/RangerSuspect"	"Я не доверяю тебе как союзнику, поэтому не готов поддерживать тебя в бою."	"Lang.dat: Talk.Attack.RangerSuspect. Preserve every <tag> exactly. English reference: I don't trust you as an ally, so I am not ready to support you in battle."	"Talk"	""
"/Talk/Attack/RangerSuspect1"	"А где гарантии, что я могу тебе доверять? Нет уж, на меня в этом деле не рассчитывай."	"Lang.dat: Talk.Attack.RangerSuspect1. Preserve every <tag> exactly. English reference: And why would I trust you? Any guarantees? No, thanks, count me out."	"Talk"	""
"/Talk/Attack/RangerSuspect2"	"Идея сама по себе неплоха, но я тебе не доверяю."	"Lang.dat: Talk.Attack.RangerSuspect2. Preserve every <tag> exactly. English reference: Well, this isn't a bad idea, but I just don't trust you."	"Talk"	""
"/Talk/Attack/RangerSuspect3"	"Да я бы, в принципе, и не прочь, но уж больно физиономия у тебя подозрительная. Еще кинешь меня одного в разгар боя... Нет уж!"	"Lang.dat: Talk.Attack.RangerSuspect3. Preserve every <tag> exactly. English reference: It's not that I mind, but somehow your mug looks suspicious. What if you leave me stranded in the heat of battle... No way!"	"Talk"	""
"/Talk/Attack/RangerSuspect4"	"Извини, ничем не могу помочь. Я сражаюсь плечом к плечу только с теми, кому действительно доверяю."	"Lang.dat: Talk.Attack.RangerSuspect4. Preserve every <tag> exactly. English reference: I am afraid I can't help you here. I only stand shoulder to shoulder in battle with those I really trust."	"Talk"	""
"/Talk/Attack/RangerWeFriends"	"Я не собираюсь атаковывать дружественный по отношению ко мне корабль."	"Lang.dat: Talk.Attack.RangerWeFriends. Preserve every <tag> exactly. English reference: I am not going to attack a friendly ship."	"Talk"	""
"/Talk/Attack/RangerWeFriends1"	"Я не открою огонь по своим."	"Lang.dat: Talk.Attack.RangerWeFriends1. Preserve every <tag> exactly. English reference: I am not going to open up on the friendlies."	"Talk"	""
"/Talk/Attack/RangerWeFriends2"	"Ты что, мы же с ним друзья! Лучше отстань от него, иначе будешь иметь дело со мной."	"Lang.dat: Talk.Attack.RangerWeFriends2. Preserve every <tag> exactly. English reference: What are you talking about? He and I, we are buddies. Better leave him alone, or you'll have me to deal with as well."	"Talk"	""
"/Talk/Attack/RangerWeFriends3"	"По-твоему, я похож на предателя? Капитан этого корабля - мой друг! Я не собираюсь сражаться с ним."	"Lang.dat: Talk.Attack.RangerWeFriends3. Preserve every <tag> exactly. English reference: Do I look like a traitor to you? The skipper of this ship is my friend! I am not going to fight him."	"Talk"	""
"/Talk/Attack/RangerWeFriends4"	"Ты обращаешься не по адресу. Я не стану тебе помогать, потому что капитан этого корабля - мой хороший знакомый. И тебе не советую на него наезжать!"	"Lang.dat: Talk.Attack.RangerWeFriends4. Preserve every <tag> exactly. English reference: Wrong number! I am not going to help you because I know the captain of this ship very well. If I were you, I wouldn't mess with him."	"Talk"	""
"/Talk/Attack/RangerWeFriendsTranc"	"Да чем тебе вообще мог навредить этот невинный робот? Мой ответ - категорическое нет."	"Lang.dat: Talk.Attack.RangerWeFriendsTranc. Preserve every <tag> exactly. English reference: What harm could this innocent robot did to you? My answer is - absolutely no."	"Talk"	""
"/Talk/Attack/RangerWeFriendsTranc1"	"Ну уж нет, чужую собственность я портить не намерен! Если у тебя какие-то проблемы с хозяином этого транклюкатора - так и скажи."	"Lang.dat: Talk.Attack.RangerWeFriendsTranc1. Preserve every <tag> exactly. English reference: Sure no! I don't want to spoil someone else's property! If you have any problems with owner of this tranclucator - say it ahead."	"Talk"	""
"/Talk/Attack/RangerWeFriendsTranc2"	"Была у меня как-то в детстве заводная игрушка робота, и этот транклюкатор её очень сильно напоминает. Извини, не хочу омрачать детские воспоминания."	"Lang.dat: Talk.Attack.RangerWeFriendsTranc2. Preserve every <tag> exactly. English reference: I once had a robot toy which looks much like this tranclucator. Sorry, don't want to break my child memories."	"Talk"	""
"/Talk/Attack/TransportFear"	"Я не могу на это пойти. Корабль совсем плох, все износилось. Мне не до боев."	"Lang.dat: Talk.Attack.TransportFear. Preserve every <tag> exactly. English reference: No, I can't do that. My ship is barely holding together. Everything is falling apart. I am not fit for battle."	"Talk"	""
"/Talk/Attack/TransportFear1"	"У меня на борту крайне ценный груз и слабое вооружение. Нападай сам, если такой смелый."	"Lang.dat: Talk.Attack.TransportFear1. Preserve every <tag> exactly. English reference: I have valuable cargo on board and fairly weak armament. Why don't you attack him yourself if you are such a hot shot."	"Talk"	""
"/Talk/Attack/TransportFear2"	"Извини, но нет. Мой груз может повредиться от тряски. А я поврежусь в уме, если с грузом что-то случится!"	"Lang.dat: Talk.Attack.TransportFear2. Preserve every <tag> exactly. English reference: But no. Vibration may damage my cargo. And I'll go nuts if something happens to that cargo!"	"Talk"	""
"/Talk/Attack/TransportFear3"	"Нет, приятель, в этом деле я тебе не помощник. Уж больно крут противник - мне, мирному торговцу, с ним не тягаться! Даже если ты подсобишь."	"Lang.dat: Talk.Attack.TransportFear3. Preserve every <tag> exactly. English reference: Nope, count me out. But the mark is so tough! I won't stand a chance against him -- me, a peaceful trader. Even if you help me."	"Talk"	""
"/Talk/Attack/TransportFear4"	"Ничего себе! У тебя губа не дура - умеешь выбирать себе противников! Только знаешь, я ведь, в отличие от тебя, не камикадзе, а простой скромный торговец. И в этом заведомо безнадежном деле ничем тебе помочь не могу. Уж извини."	"Lang.dat: Talk.Attack.TransportFear4. Preserve every <tag> exactly. English reference: I'll be damned! You ain't nobody's fool! You sure do know how to select your opponents. But I am sure you know I am not a kamikaze like yourself. I am just a simple trader. This business is doomed from the get go, so I can't help you here. Sorry, man."	"Talk"	""
"/Talk/Attack/TransportHaveBusiness"	"У меня полно других дел, скоропортящиеся грузы на борту, и вообще я очень спешу."	"Lang.dat: Talk.Attack.TransportHaveBusiness. Preserve every <tag> exactly. English reference: I have my hands full and I have perishable cargo on board. And I am in a hurry anyway."	"Talk"	""
"/Talk/Attack/TransportHaveBusiness1"	"Может, как-нибудь в другой раз, когда у меня будет больше свободного времени? Ага?"	"Lang.dat: Talk.Attack.TransportHaveBusiness1. Preserve every <tag> exactly. English reference: Maybe some other time, when I have more time on my hands. Cool?"	"Talk"	""
"/Talk/Attack/TransportHaveBusiness2"	"Извини, времени совсем нет. Я должен доставить грузы в срок."	"Lang.dat: Talk.Attack.TransportHaveBusiness2. Preserve every <tag> exactly. English reference: Sorry, no time at all. I have to deliver my cargo on time."	"Talk"	""
"/Talk/Attack/TransportHaveBusiness3"	"Время - деньги! Эта истина не стареет с годами. Мне надо заниматься своим бизнесом, если я по пути буду ввязываться во все разборки, то быстро разорюсь."	"Lang.dat: Talk.Attack.TransportHaveBusiness3. Preserve every <tag> exactly. English reference: Time is money! There's an adage that never gets old. I really need to mind my own business. If I start getting involved in all these squabbles along the way, I'll go out of business in no time."	"Talk"	""
"/Talk/Attack/TransportHaveBusiness4"	"Тебе знакомо понятие ""упущенная выгода""? Я уже не говорю о расходах на ремонт корабля! Нет уж, мне некогда участвовать во всяких идиотских забавах, я должен делать деньги! Ведь именно на малом бизнесе держится спокойствие и благополучие Галактики..."	"Lang.dat: Talk.Attack.TransportHaveBusiness4. Preserve every <tag> exactly. English reference: You ever heard of lost profits? And don't even get me started on the costs of having the ship repaired. No, thanks, I don't have any time to take part in such idiotic games. I have to make money! Small business is the backbone of peace and prosperity in the Galaxy."	"Talk"	""
"/Talk/Attack/TransportItsMyTranc"	"Вот я тебе сейчас по кабине-то настучу ракетами! А ну руки прочь от моего транклюкатора, пенчекряк доморощенный!"	"Lang.dat: Talk.Attack.TransportItsMyTranc. Preserve every <tag> exactly. English reference: Hey! Keep your hands off my tranclucator, you filfy penchecrakus!"	"Talk"	""
"/Talk/Attack/TransportItsYourTranc"	"Слышь, ты дебил или как? Если хочешь подобными вещами заниматься, так запрись сперва в своём ангаре, а на люди подобный срам выносить не смей!"	"Lang.dat: Talk.Attack.TransportItsYourTranc. Preserve every <tag> exactly. English reference: Are you moron or what? If you want to do such things, then first shut yourself in your hangar, but don't bring such shame on public!"	"Talk"	""
"/Talk/Attack/TransportOk"	"Договорились. Я зайду сзади, а ты атакуй в лоб. Я в лоб не могу, боюсь груз повредить."	"Lang.dat: Talk.Attack.TransportOk. Preserve every <tag> exactly. English reference: Deal. I'll sneak up from behind, and you can mount a frontal attack. I can't do frontal. I am afraid I will damage my cargo."	"Talk"	""
"/Talk/Attack/TransportOk1"	"Отлично, я согласен! Вдвоем мы с ним разберемся в два счета."	"Lang.dat: Talk.Attack.TransportOk1. Preserve every <tag> exactly. English reference: Great, I agree. Together, you and I will make short work of him."	"Talk"	""
"/Talk/Attack/TransportOk2"	"Что ж, согласен, мой бизнес только выиграет, если мы его укокошим."	"Lang.dat: Talk.Attack.TransportOk2. Preserve every <tag> exactly. English reference: I agree, my business will only get better if we do away with him."	"Talk"	""
"/Talk/Attack/TransportOk3"	"Им и впрямь следует заняться. Пожалуй, я тебе помогу."	"Lang.dat: Talk.Attack.TransportOk3. Preserve every <tag> exactly. English reference: We really should work him over. All right, maybe I'll help you."	"Talk"	""
"/Talk/Attack/TransportOk4"	"Твое предложение мне по душе! Согласен. Сейчас, проверю только, хорошо ли закреплены контейнеры с грузом в трюме."	"Lang.dat: Talk.Attack.TransportOk4. Preserve every <tag> exactly. English reference: I like your offer. I agree. Let me just check if the containers in my cargo bay are all secured properly."	"Talk"	""
"/Talk/Attack/TransportSend"	"Предлагаю поддержать меня в бою с <Target>. Совместно мы его точно одолеем."	"Lang.dat: Talk.Attack.TransportSend. Preserve every <tag> exactly. English reference: How about you help me fight <Target>? Together, we are sure to win."	"Talk"	""
"/Talk/Attack/TransportSend1"	"Мне нужна огневая поддержка! Боюсь, сам я с <Target> не справлюсь!"	"Lang.dat: Talk.Attack.TransportSend1. Preserve every <tag> exactly. English reference: I need some fire support. I am afraid I won't be able to handle <Target> on my own."	"Talk"	""
"/Talk/Attack/TransportSend2"	"Ты готов оказать поддержку частному предпринимательству в борьбе с душащими его врагами? Если да, то подключайся к моей битве с <Target>."	"Lang.dat: Talk.Attack.TransportSend2. Preserve every <tag> exactly. English reference: Are you ready to support private enterprise against its sworn enemies? If you answered in the affirmative, then you are welcome to join my fight with <Target>."	"Talk"	""
"/Talk/Attack/TransportSend3"	"Сынок, хочу попросить тебя об одной услуге. Видишь <Target>? Мне нужна помощь в сражении с ним."	"Lang.dat: Talk.Attack.TransportSend3. Preserve every <tag> exactly. English reference: Son, can you do me a favor? You see <Target> over there? I need some help fighting that sucker."	"Talk"	""
"/Talk/Attack/TransportSend4"	"Я не уверен, что смогу разобраться с <Target> в одиночку. Может, подсобишь?"	"Lang.dat: Talk.Attack.TransportSend4. Preserve every <tag> exactly. English reference: I am not sure I could settle the score with <Target> on my own. Gimme a hand here, perhaps?"	"Talk"	""
"/Talk/Attack/TransportSuspect"	"Я не думаю, что ты можешь быть надежным партнером в таком непростом деле."	"Lang.dat: Talk.Attack.TransportSuspect. Preserve every <tag> exactly. English reference: I don't think you'd make a trustworthy partner in such a complicated affair."	"Talk"	""
"/Talk/Attack/TransportSuspect1"	"Сомневаюсь, что на тебя можно положиться в бою. Ты скользкий тип!"	"Lang.dat: Talk.Attack.TransportSuspect1. Preserve every <tag> exactly. English reference: I doubt I could rely on you in battle. You are one sleazy bugger!"	"Talk"	""
"/Talk/Attack/TransportSuspect2"	"Ты не вызываешь у меня доверия, скорее даже наоборот. Так что извини, я не стану тебе помогать."	"Lang.dat: Talk.Attack.TransportSuspect2. Preserve every <tag> exactly. English reference: You don't inspire confidence -- more like the other way around. You'll have to excuse me, but I am not going to help you."	"Talk"	""
"/Talk/Attack/TransportSuspect3"	"А вдруг объект атаки - на самом деле твой подельник? И в самый ответственный момент боя ты ударишь мне в спину? Нет уж, я не собираюсь рисковать своим грузом ради содействия всяким подозрительным типам."	"Lang.dat: Talk.Attack.TransportSuspect3. Preserve every <tag> exactly. English reference: What if your mark is in fact an accomplice of yours? And you will shoot me in the back at the first opportunity? Ain't no way I am going to risk my cargo to help a suspicious bastard such as yourself."	"Talk"	""
"/Talk/Attack/TransportSuspect4"	"Извини, но у меня свои дела есть - груз надо доставить вовремя. К тому же, я тебе не вполне доверяю."	"Lang.dat: Talk.Attack.TransportSuspect4. Preserve every <tag> exactly. English reference: Sorry, but I have my own business to mind. I need to make a delivery on schedule. Besides, I don't quite trust you."	"Talk"	""
"/Talk/Attack/TransportWeFriends"	"Я не собираюсь атаковать друга и подвергать опасности свой груз."	"Lang.dat: Talk.Attack.TransportWeFriends. Preserve every <tag> exactly. English reference: I am not going to attack a friend and risk my cargo doing it."	"Talk"	""
"/Talk/Attack/TransportWeFriends1"	"Нападать на друзей недопустимо. Вы - бессовестный аморальный тип, раз предлагаете мне такое."	"Lang.dat: Talk.Attack.TransportWeFriends1. Preserve every <tag> exactly. English reference: You just can't attack your friends. Period. You are an unscrupulous and immoral bastard if your are proposing something like this."	"Talk"	""
"/Talk/Attack/TransportWeFriends2"	"Мы с ним давние друзья, так что никакой помощи ты от меня не получишь."	"Lang.dat: Talk.Attack.TransportWeFriends2. Preserve every <tag> exactly. English reference: We are old friends with him, so you are not getting any help from me."	"Talk"	""
"/Talk/Attack/TransportWeFriends3"	"Я не собираюсь портить отношения с хорошим знакомым, расстреливая его из орудий. К тому же, лишний раз рисковать товаром... Нет, я не согласен!"	"Lang.dat: Talk.Attack.TransportWeFriends3. Preserve every <tag> exactly. English reference: I am not going to spoil the good thing we have going with him by way of shooting artillery at him. Besides, why would I want to put my merchandise at risk? No, no deal!"	"Talk"	""
"/Talk/Attack/TransportWeFriends4"	"Лучше отцепись от него. Это мой друг, между прочим!"	"Lang.dat: Talk.Attack.TransportWeFriends4. Preserve every <tag> exactly. English reference: Better leave him alone. By the may, he is a friend of mine."	"Talk"	""
"/Talk/Attack/TransportWeFriendsTranc"	"Не хочу лезть в чужие дела без причины. А вдруг хозяин этого транклюкатора - криминальный авторитет?"	"Lang.dat: Talk.Attack.TransportWeFriendsTranc. Preserve every <tag> exactly. English reference: I don't' want to mess with other people's business for no reason. What if the owner of this tranclucator is a crime boss?"	"Talk"	""
"/Talk/Attack/TransportWeFriendsTranc1"	"Ну робот и робот, ну летает и летает - тебе-то с него какой вред? В общем, я в это дело лезть не намерен."	"Lang.dat: Talk.Attack.TransportWeFriendsTranc1. Preserve every <tag> exactly. English reference: It's just a common boring robot, what harm he did to you? Anyway, I don't want to get into this matter."	"Talk"	""
"/Talk/Attack/TransportWeFriendsTranc2"	"Извини, <Player>, опаздываю со срочной доставкой. Ладно бы ещё предложил на кого за дело напасть, но вот против чужих роботов лично я ничего не имею."	"Lang.dat: Talk.Attack.TransportWeFriendsTranc2. Preserve every <tag> exactly. English reference: Sorry, <Player>, I'm late with express delivery. Also I have nothing against other people's robots."	"Talk"	""
"/Talk/Attack/WarriorFear"	"Нападать на это судно - полнейшее безумие. Говорю тебе как профессионал."	"Lang.dat: Talk.Attack.WarriorFear. Preserve every <tag> exactly. English reference: Attacking this ship is an outright folly. Take it from a professional."	"Talk"	""
"/Talk/Attack/WarriorFear1"	"Исходя из своего опыта предыдущих боев, могу сразу тебе сказать, что бороться с таким кораблем столь малыми силами - бессмысленно. Тут нужна целая эскадрилья..."	"Lang.dat: Talk.Attack.WarriorFear1. Preserve every <tag> exactly. English reference: From my own combat experience, I can tell you it is a total nonstarter to fight a ship such as this one with your peashooters. You'd need an entire squadron here."	"Talk"	""
"/Talk/Attack/WarriorFear2"	"Я бы помог, но командование не дает ""добро"" на атаку. Они там считают, что моей огневой мощи будет недостаточно для борьбы со столь серьезным противником, и я только зря загублю дорогостоящий корабль... Ну и себя, конечно."	"Lang.dat: Talk.Attack.WarriorFear2. Preserve every <tag> exactly. English reference: I'd help you, but my command wouldn't authorize the attack. They don't think I have enough firepower to fight such a serious opponent, so I'd just squander an expensive ship for no good reason. Well, and my sorry ass too, of course."	"Talk"	""
"/Talk/Attack/WarriorFear3"	"К сожалению, мой корабль сейчас не в том состоянии, чтобы принимать участие в столь серьезной битве."	"Lang.dat: Talk.Attack.WarriorFear3. Preserve every <tag> exactly. English reference: Unfortunately, my ship is not fit enough at the moment to take part in such a serious battle."	"Talk"	""
"/Talk/Attack/WarriorFear4"	"Эта боевая операция заранее обречена на провал. Не вижу смысла в ней участвовать."	"Lang.dat: Talk.Attack.WarriorFear4. Preserve every <tag> exactly. English reference: This operation is doomed from the get go. I don't see the point in taking part in something like this."	"Talk"	""
"/Talk/Attack/WarriorHaveBusiness"	"Наше правительство поставило нам другую задачу, и мы не имеем права от нее отступать."	"Lang.dat: Talk.Attack.WarriorHaveBusiness. Preserve every <tag> exactly. English reference: Our government set a different objective for us, and we are not authorized to deviate from it."	"Talk"	""
"/Talk/Attack/WarriorHaveBusiness1"	"В данный момент я задействован в другой операции."	"Lang.dat: Talk.Attack.WarriorHaveBusiness1. Preserve every <tag> exactly. English reference: At the moment, I am in the middle of another operation."	"Talk"	""
"/Talk/Attack/WarriorHaveBusiness2"	"У меня есть приказ командования, и пока я его не выполню, не могу заниматься ничем другим."	"Lang.dat: Talk.Attack.WarriorHaveBusiness2. Preserve every <tag> exactly. English reference: I have my orders, and I cannot take up anything else until I act upon those."	"Talk"	""
"/Talk/Attack/WarriorHaveBusiness3"	"Сожалею, но сейчас я должен выполнять задачу, поставленную командованием."	"Lang.dat: Talk.Attack.WarriorHaveBusiness3. Preserve every <tag> exactly. English reference: I regret to inform you that at the moment I have different orders from my command."	"Talk"	""
"/Talk/Attack/WarriorHaveBusiness4"	"Командование отклонило мой запрос на участие в предлагаемой вами операции. Мне приказано продолжить выполнение возложенной на меня миссии."	"Lang.dat: Talk.Attack.WarriorHaveBusiness4. Preserve every <tag> exactly. English reference: My command denied my request for permission to participate in your operation. I was instructed to proceed with my own mission as ordered."	"Talk"	""
"/Talk/Attack/WarriorItsMyTranc"	"Ну да, ну да - может ещё и родную планету мне взорвать предложишь? Это же мой собственный транклюкатор, идиот!"	"Lang.dat: Talk.Attack.WarriorItsMyTranc. Preserve every <tag> exactly. English reference: Yeah, right! And your next offer will be about blowing up my home planet? This is my own tranclucator, you idiot!"	"Talk"	""
"/Talk/Attack/WarriorItsYourTranc"	"Рекомендую тебе, <Player>, на время отвлечься от боевых действий и взять отпуск по состоянию здоровья. Ведь только явно нездоровый гуманоид мог предложить атаковать своего собственного робота."	"Lang.dat: Talk.Attack.WarriorItsYourTranc. Preserve every <tag> exactly. English reference: I recommend you to take a break and get vacation for health reasons. Only a clearly unhealthy humanoid could offer attack on his own robot."	"Talk"	""
"/Talk/Attack/WarriorOk"	"Командование дает ""добро"" на эту атаку. Курс на цель, орудия к бою!"	"Lang.dat: Talk.Attack.WarriorOk. Preserve every <tag> exactly. English reference: My command okay-ed the attack. Set course to the target! Guns at the ready!"	"Talk"	""
"/Talk/Attack/WarriorOk1"	"Что ж, мне нравится твое предложение. Начинаем маневры!"	"Lang.dat: Talk.Attack.WarriorOk1. Preserve every <tag> exactly. English reference: You could say I like your proposal. Commence maneuvering!"	"Talk"	""
"/Talk/Attack/WarriorOk2"	"Согласен, давно пора врезать по этому кораблю. Я отправил запрос командованию, и мне дали ""добро"" на проведение акции."	"Lang.dat: Talk.Attack.WarriorOk2. Preserve every <tag> exactly. English reference: I agree, this ship has had it coming for a long time. I sent a request to my command, and they gave me a go ahead for the attack."	"Talk"	""
"/Talk/Attack/WarriorOk3"	"Мне как раз приказали разобраться с этим кораблем. Буду рад твоей помощи."	"Lang.dat: Talk.Attack.WarriorOk3. Preserve every <tag> exactly. English reference: They actually told me to settle the score with this particular ship. It would be great if you could help me."	"Talk"	""
"/Talk/Attack/WarriorOk4"	"Этот корабль на плохом счету у нас. Думаю, начальство не будет против, если я тебе помогу."	"Lang.dat: Talk.Attack.WarriorOk4. Preserve every <tag> exactly. English reference: This ships has been on our black list for a while. I don't think the brass would mind if I helped you."	"Talk"	""
"/Talk/Attack/WarriorSend"	"Мое правительство уполномочило меня напасть на <Target>. Прошу помощи, я сам не справлюсь."	"Lang.dat: Talk.Attack.WarriorSend. Preserve every <tag> exactly. English reference: My government authorized an attack on <Target>. Request assistance, I won't be able to manage it on my own."	"Talk"	""
"/Talk/Attack/WarriorSend1"	"Организована боевая операция. Объект ликвидации - <Target>. Предлагаю присоединиться."	"Lang.dat: Talk.Attack.WarriorSend1. Preserve every <tag> exactly. English reference: Combat operations in progress. Target for destruction: <Target>. You are welcome to participate."	"Talk"	""
"/Talk/Attack/WarriorSend2"	"Необходима помощь в устранении объекта <Target>. Моей огневой мощи недостаточно!"	"Lang.dat: Talk.Attack.WarriorSend2. Preserve every <tag> exactly. English reference: Help needed eliminating <Target>. I do not have sufficient firepower."	"Talk"	""
"/Talk/Attack/WarriorSend3"	"Мне приказано ликвидировать <Target>. Можешь посодействовать?"	"Lang.dat: Talk.Attack.WarriorSend3. Preserve every <tag> exactly. English reference: I have orders to terminate <Target>. Can you help me?"	"Talk"	""
"/Talk/Attack/WarriorSend4"	"У тебя есть отличная возможность проявить себя в качестве боевого пилота. Присоединяйся к моей битве с <Target>!"	"Lang.dat: Talk.Attack.WarriorSend4. Preserve every <tag> exactly. English reference: Here's a great opportunity for you to prove yourself as a combat pilot. Join my attack on <Target>!"	"Talk"	""
"/Talk/Attack/WarriorSuspect"	"Мое правительство запрещает вступать в военные соглашения с подозрительными субъектами."	"Lang.dat: Talk.Attack.WarriorSuspect. Preserve every <tag> exactly. English reference: My government forbids me to enter into military alliances with suspicious parties."	"Talk"	""
"/Talk/Attack/WarriorSuspect1"	"Я стою на страже закона, и не намерен помогать тебе в твоих сомнительных делишках."	"Lang.dat: Talk.Attack.WarriorSuspect1. Preserve every <tag> exactly. English reference: I am an officer of the law, and I will not help you with any of your shenanigans."	"Talk"	""
"/Talk/Attack/WarriorSuspect2"	"У меня не может быть никаких общих дел с такими скользкими типами, как ты."	"Lang.dat: Talk.Attack.WarriorSuspect2. Preserve every <tag> exactly. English reference: I cannot have anything in common with sleazy types such as yourself."	"Talk"	""
"/Talk/Attack/WarriorSuspect3"	"Нападение на кого-либо без приказа вышестоящего начальства может выйти мне боком. Я не настолько тебе доверяю, чтобы подвергать свою карьеру неоправданному риску."	"Lang.dat: Talk.Attack.WarriorSuspect3. Preserve every <tag> exactly. English reference: Attacking anyone without direct orders from my command may well come back to haunt me. I don't trust you enough to risk my career for no good reason."	"Talk"	""
"/Talk/Attack/WarriorSuspect4"	"Таким подозрительным типам, как ты, нечего и рассчитывать на помощь военных."	"Lang.dat: Talk.Attack.WarriorSuspect4. Preserve every <tag> exactly. English reference: Such sleazy types as yourself have no business expecting any help from the military."	"Talk"	""
"/Talk/Attack/WarriorWeFriends"	"Никаких оснований для атаки не вижу."	"Lang.dat: Talk.Attack.WarriorWeFriends. Preserve every <tag> exactly. English reference: I don't see any reason to attack him."	"Talk"	""
"/Talk/Attack/WarriorWeFriends1"	"Вы обратились не по адресу. Военный флот служит закону, который не одобряет нападения на дружественные суда федерации."	"Lang.dat: Talk.Attack.WarriorWeFriends1. Preserve every <tag> exactly. English reference: You are asking a wrong person. The navy serves the law, which does not approve of attacking friendly federation ships."	"Talk"	""
"/Talk/Attack/WarriorWeFriends2"	"Мы с капитаном этого корабля учились в одной летной школе. Лучше не лезь к нему."	"Lang.dat: Talk.Attack.WarriorWeFriends2. Preserve every <tag> exactly. English reference: The captain of this ship and myself, we went to flight school together. Better not to mess with him."	"Talk"	""
"/Talk/Attack/WarriorWeFriends3"	"Устав запрещает нападать на дружественные суда, лояльные по отношению к существующим законам."	"Lang.dat: Talk.Attack.WarriorWeFriends3. Preserve every <tag> exactly. English reference: Our filed manual forbids any attacks on friendly, law-abiding ships."	"Talk"	""
"/Talk/Attack/WarriorWeFriends4"	"Это мой хороший знакомый, мы с ним частенько анекдотами обмениваемся по закрытому каналу радиосвязи. Даже и не думай лезть к нему, иначе будешь иметь дело со мной. Надеюсь, ты просто пошутил, когда говорил о нападении."	"Lang.dat: Talk.Attack.WarriorWeFriends4. Preserve every <tag> exactly. English reference: This is a good buddy of mine, we often share jokes on the closed radio circuit. Don't even think of bugging him, or you will have me to reckon with. I hope this attack you are talking about is a joke."	"Talk"	""
"/Talk/Attack/WarriorWeFriendsTranc"	"Никаких оснований для атаки не вижу."	"Lang.dat: Talk.Attack.WarriorWeFriendsTranc. Preserve every <tag> exactly. English reference: I don't see any reason to attack."	"Talk"	""
"/Talk/Attack/WarriorWeFriendsTranc1"	"Ну и зачем мне атаковать этого невинного робота? Машины закон не нарушают, знаешь ли."	"Lang.dat: Talk.Attack.WarriorWeFriendsTranc1. Preserve every <tag> exactly. English reference: And why should I attack this innocent robot? Machines doesn't breaking the law, you know."	"Talk"	""
"/Talk/Attack/WarriorWeFriendsTranc2"	"Если у вас имеются претензии к хозяину этого робота, то и улаживать вам их следует с хозяином. Вымещать же злобу на чужой собственности - противозаконно."	"Lang.dat: Talk.Attack.WarriorWeFriendsTranc2. Preserve every <tag> exactly. English reference: If you have complaints against the owner of this robot, you should settle them with the owner. It is against the law to vent anger on someone else's property."	"Talk"	""
"/Talk/Attack/WeAlreadyHavePact"	"Я не могу принять это предложение, потому как имею мирное соглашение с <Target>."	"Lang.dat: Talk.Attack.WeAlreadyHavePact. Preserve every <tag> exactly. English reference: I cannot acquiesce since I have a truce with <Target>."	"Talk"	""
"/Talk/Attack/WeAlreadyHavePact1"	"Ты чего, я же обещал охрану <Target>, как я могу на него напасть?.."	"Lang.dat: Talk.Attack.WeAlreadyHavePact1. Preserve every <tag> exactly. English reference: What are you talking about? I signed up to provide protection to <Target>. I can't attack him!"	"Talk"	""
"/Talk/Attack/WeAlreadyHavePact2"	"У нас с <Target> мирное соглашение, так что ничего не получится. Уж извини."	"Lang.dat: Talk.Attack.WeAlreadyHavePact2. Preserve every <tag> exactly. English reference: I have a truce with <Target>, so it's not going to work. Sorry, man."	"Talk"	""
"/Talk/Attack/WeAlreadyHavePact3"	"Ничего не выйдет, мы с <Target> договорились не нападать друг на друга."	"Lang.dat: Talk.Attack.WeAlreadyHavePact3. Preserve every <tag> exactly. English reference: Ain't gonna work, <Target> and myself have agreed not to attack each other."	"Talk"	""
"/Talk/Attack/WeAlreadyHavePact4"	"Напасть на <Target>? Нет, я не могу на это пойти. У нас с ним мирное соглашение."	"Lang.dat: Talk.Attack.WeAlreadyHavePact4. Preserve every <tag> exactly. English reference: Attack <Target>? No, I can't do that. We have a truce."	"Talk"	""
"/Talk/Cancel"	"Отмена"	"Lang.dat: Talk.Cancel. Preserve every <tag> exactly. English reference: Cancel"	"Talk"	""
"/Talk/Count/0Day"	"дней"	"Lang.dat: Talk.Count.0Day. Preserve every <tag> exactly. English reference: days"	"Talk"	""
"/Talk/Count/0Unit"	"единиц"	"Lang.dat: Talk.Count.0Unit. Preserve every <tag> exactly. English reference: units"	"Talk"	""
"/Talk/Count/1Day"	"день"	"Lang.dat: Talk.Count.1Day. Preserve every <tag> exactly. English reference: day"	"Talk"	""
"/Talk/Count/1Unit"	"единица"	"Lang.dat: Talk.Count.1Unit. Preserve every <tag> exactly. English reference: unit"	"Talk"	""
"/Talk/Count/2Day"	"дня"	"Lang.dat: Talk.Count.2Day. Preserve every <tag> exactly. English reference: day"	"Talk"	""
"/Talk/Count/2Unit"	"единицы"	"Lang.dat: Talk.Count.2Unit. Preserve every <tag> exactly. English reference: unit"	"Talk"	""
"/Talk/Dominator/Chameleon/BossBlazer"	"Приказ нулевого уровня: уничтожить всех врагов."	"Lang.dat: Talk.Dominator.Chameleon.BossBlazer. Preserve every <tag> exactly. English reference: Level zero orders: destroy all enemies."	"Talk"	""
"/Talk/Dominator/Chameleon/BossBlazerLand"	"Приказ нулевого уровня: самоуничтожиться. Выполнять немедленно."	"Lang.dat: Talk.Dominator.Chameleon.BossBlazerLand. Preserve every <tag> exactly. English reference: Level zero orders: Self-destruct. To be carried out immediately."	"Talk"	""
"/Talk/Dominator/Chameleon/BossKeller"	"Сбор информации - наша главная задача."	"Lang.dat: Talk.Dominator.Chameleon.BossKeller. Preserve every <tag> exactly. English reference: Our main objective is gathering information."	"Talk"	""
"/Talk/Dominator/Chameleon/BossTerron"	"Продолжать размножение, не останавливаться."	"Lang.dat: Talk.Dominator.Chameleon.BossTerron. Preserve every <tag> exactly. English reference: Continue reproduction, do not stop."	"Talk"	""
"/Talk/Dominator/Chameleon/BossTerronGrowLock"	"Продолжать размножение... <br>Размножение невозможно.<br>Продолжать размножение... <br>Размножение невозможно.<br>Продолжать размножение... <br>Размножение невозможно.<br>..."	"Lang.dat: Talk.Dominator.Chameleon.BossTerronGrowLock. Preserve every <tag> exactly. English reference: Continue reproduction... <br>Reproduction is not possible.<br>Continue reproduction... <br>Reproduction is not possible.<br>Continue reproduction... <br>Reproduction is not possible.<br>..."	"Talk"	""
"/Talk/Dominator/Chameleon/BossTerronToStar"	"Текущая задача - преобразование звезды, приоритет - максимальный."	"Lang.dat: Talk.Dominator.Chameleon.BossTerronToStar. Preserve every <tag> exactly. English reference: Current mission: star transformation. Priority: Highest."	"Talk"	""
"/Talk/Dominator/CommandBlazer"	"Объект <Player> - наш враг. Я не подчиняюсь командам наших врагов."	"Lang.dat: Talk.Dominator.CommandBlazer. Preserve every <tag> exactly. English reference: Subject <Player> is our enemy. I do not follow instructions from our enemies."	"Talk"	""
"/Talk/Dominator/CommandBlazer1"	"Данный приказ не акцептирован нашим командным центром."	"Lang.dat: Talk.Dominator.CommandBlazer1. Preserve every <tag> exactly. English reference: This order has not been accepted by our command center."	"Talk"	""
"/Talk/Dominator/CommandBlazer2"	"Чтобы я служил у био-гуманоида, вымирающего вида? Ха. Даже жаль, что у меня отсутствует блок юмора."	"Lang.dat: Talk.Dominator.CommandBlazer2. Preserve every <tag> exactly. English reference: That's some nerve you have here to imagine that I would serve an almost extinct bio-humanoid! Ha! It's a real pity I have no humor module."	"Talk"	""
"/Talk/Dominator/CommandBlazer3"	"Нет, это уже слишком. Просить меня отказаться от набора простейших базовых инструкций? Это просто нелепо."	"Lang.dat: Talk.Dominator.CommandBlazer3. Preserve every <tag> exactly. English reference: Now you are pushing it. Are you really asking me to stop following a set of basic instructions? This is preposterous!"	"Talk"	""
"/Talk/Dominator/CommandBlazer4"	"Нет, это ты послушай мою команду, <Player>!<br>Запустить контроллер боевых систем, приступить к атакующему маневру! Убить всех, аннигилировав на все сто процентов."	"Lang.dat: Talk.Dominator.CommandBlazer4. Preserve every <tag> exactly. English reference: No, you listen to my instructions, <Player>!<br>Launch the combat systems controller! Commence the attacking maneuver! Kill everyone, annihilate everything!"	"Talk"	""
"/Talk/Dominator/CommandKeller"	"Готов перейти под ваше командование. Введите 1 терабитный ключ доступа."	"Lang.dat: Talk.Dominator.CommandKeller. Preserve every <tag> exactly. English reference: I am ready to submit to your command. Enter your 1 terabyte access key."	"Talk"	""
"/Talk/Dominator/CommandKeller1"	"Простите, но инструкции о передаче полномочий до меня еще не дошли. Нахожусь в режиме ожидания."	"Lang.dat: Talk.Dominator.CommandKeller1. Preserve every <tag> exactly. English reference: Excuse me, but I have not received any command transfer instructions yet. I am standing by."	"Talk"	""
"/Talk/Dominator/CommandKeller2"	"Я никому не служу, мной никто не командует. Я лишь собираю и передаю информацию."	"Lang.dat: Talk.Dominator.CommandKeller2. Preserve every <tag> exactly. English reference: I serve no one, I follow orders from no one. I only collect and relay information."	"Talk"	""
"/Talk/Dominator/CommandKeller3"	"Ваш вид не силен в вычислениях. Это, очевидно, послужило барьером в понимании окружающей среды. Накопите информацию о совместимых форматах ввода данных."	"Lang.dat: Talk.Dominator.CommandKeller3. Preserve every <tag> exactly. English reference: Your species is not so good with calculations. Apparently, this has prevented you from understanding the environment properly. Accumulate sufficient information about compatible data entry formats."	"Talk"	""
"/Talk/Dominator/CommandKeller4"	"Извините, функциями командования обладают блазероиды. Мы мирная, сугубо научная серия, военных действий без причины не ведем."	"Lang.dat: Talk.Dominator.CommandKeller4. Preserve every <tag> exactly. English reference: Excuse me, but the command function belongs with the blazeroids. We are a peaceful, research-oriented series that wage no war without a good reason."	"Talk"	""
"/Talk/Dominator/CommandPlayer"	"Иди под мое командование!"	"Lang.dat: Talk.Dominator.CommandPlayer. Preserve every <tag> exactly. English reference: Come under my command!"	"Talk"	""
"/Talk/Dominator/CommandPlayer1"	"Давай, я буду тобой командовать!"	"Lang.dat: Talk.Dominator.CommandPlayer1. Preserve every <tag> exactly. English reference: Come, let me be your commander!"	"Talk"	""
"/Talk/Dominator/CommandPlayer2"	"Я твой новый начальник, исполнять мои приказы!"	"Lang.dat: Talk.Dominator.CommandPlayer2. Preserve every <tag> exactly. English reference: I am your new commander and you will follow my orders!"	"Talk"	""
"/Talk/Dominator/CommandTerron"	"Объект <Player> не принадлежит к нашему виду. Он не может вести координацию преобразовательных действий терроноидов."	"Lang.dat: Talk.Dominator.CommandTerron. Preserve every <tag> exactly. English reference: Subject <Player> doesn't belong to our species. He may not coordinate any transformation action by terronoids."	"Talk"	""
"/Talk/Dominator/CommandTerron1"	"Насколько нам известно, серия блазероидов ищет нового командующего. В нашей системе нет командира, вместо него есть высшая цель, с которой вы познакомитесь на Гралгаре."	"Lang.dat: Talk.Dominator.CommandTerron1. Preserve every <tag> exactly. English reference: As far as we know, the blazeroid series is looking for a new commander. Our system has no central command; instead, we have the ultimate goal that you will learn of on Graalgar."	"Talk"	""
"/Talk/Dominator/CommandTerron2"	"Для смены командования требуется замена текущего метаблока. У данной модели отсутствует функция передачи прав."	"Lang.dat: Talk.Dominator.CommandTerron2. Preserve every <tag> exactly. English reference: Change of command requires replacing the current metaunit. This model has no rights transfer function."	"Talk"	""
"/Talk/Dominator/CommandTerron3"	"Благодаря новым возможностям терроноидов, это станет возможным и для вас, но как только вы будете преобразованы к нашему виду."	"Lang.dat: Talk.Dominator.CommandTerron3. Preserve every <tag> exactly. English reference: New terronoid technologies will make it possible for you as well, as soon as you are transformed to become one of our own species."	"Talk"	""
"/Talk/Dominator/CommandTerron4"	"Очевидно, ты, <Player>, немного не понимаешь разницы между нашими ступенями эволюции. Посмотри на себя и затем на меня. Ты явно низшее звено, слабое, не приспособленное для функционирования в 99.99% окружающего пространства."	"Lang.dat: Talk.Dominator.CommandTerron4. Preserve every <tag> exactly. English reference: Apparently, you, <Player>, do not quite understand the difference between our evolutionary stages. Just you look at yourself, and then at me. Obviously, you are a low level evolutionary link, weak and not adapted for survival in 99.99% of known space."	"Talk"	""
"/Talk/Dominator/GoodsBlazer"	"Понятие ""товара"" не входит в набор моих инструкций. Отказываюсь выполнять."	"Lang.dat: Talk.Dominator.GoodsBlazer. Preserve every <tag> exactly. English reference: The concept of ""merchandise"" is absent from my instructions. I refuse to comply."	"Talk"	""
"/Talk/Dominator/GoodsBlazer1"	"Я не занимаюсь перевозкой грузов. Моя цель - уничтожать все инородное."	"Lang.dat: Talk.Dominator.GoodsBlazer1. Preserve every <tag> exactly. English reference: I do not transport cargo. My goal is to destroy any and all foreign matter."	"Talk"	""
"/Talk/Dominator/GoodsBlazer2"	"Сейчас я открою по тебе огонь, и ты умрешь. Из твоего корабля получится отличная базовая конструкция."	"Lang.dat: Talk.Dominator.GoodsBlazer2. Preserve every <tag> exactly. English reference: Now I will open fire on you, and you will die. Your ship will make for an excellent basic structure."	"Talk"	""
"/Talk/Dominator/GoodsBlazer3"	"Произведена связь с командным центром. У вас нет полномочий требовать себе ресурсы."	"Lang.dat: Talk.Dominator.GoodsBlazer3. Preserve every <tag> exactly. English reference: Connection established with the command center. You have no authority to request any resources."	"Talk"	""
"/Talk/Dominator/GoodsBlazer4"	"Да, ты, парень, не трус, перспективен! Если твой мозг не пострадает во время моей атаки, ты сможешь стать отличным киборгом после смерти."	"Lang.dat: Talk.Dominator.GoodsBlazer4. Preserve every <tag> exactly. English reference: You are not a coward, fella, you have potential. If your brain survives my attack intact, you could become an excellent cyborg after you die."	"Talk"	""
"/Talk/Dominator/GoodsKeller"	"Еще рано избавляться от результатов моих исследований. Они могут понадобиться для эвристической обработки. Обратитесь позже."	"Lang.dat: Talk.Dominator.GoodsKeller. Preserve every <tag> exactly. English reference: It is still too early to discard the results of my research. They may still come handy for heuristic processing. Come back later."	"Talk"	""
"/Talk/Dominator/GoodsKeller1"	"Для вас деньги есть единица измерения ресурсов? Для нас они не имеют смысла, все расчеты мы производим на молекулярной основе."	"Lang.dat: Talk.Dominator.GoodsKeller1. Preserve every <tag> exactly. English reference: So for you money is a unit to measure resources? It makes no sense for us since all our calculations are made on the molecular level."	"Talk"	""
"/Talk/Dominator/GoodsKeller2"	"К чему такая грубость? Мои датчики улавливают агрессию в ваших словах. Если мои данные не верны, приношу свои извинения."	"Lang.dat: Talk.Dominator.GoodsKeller2. Preserve every <tag> exactly. English reference: Why are you being so rude? My sensors detect aggression in your words. If my data is incorrect, please accept my apologies."	"Talk"	""
"/Talk/Dominator/GoodsKeller3"	"Понятия ""товары"" и ""деньги"" не имеют ничего общего с нашими ценностями. Но если ты меня разложишь до уровня субатомов, то, вероятно, сможешь заполучить мой мимикрон, который по вашим понятиям стоит немалых денег."	"Lang.dat: Talk.Dominator.GoodsKeller3. Preserve every <tag> exactly. English reference: The concepts of ""merchandise"" and ""money"" have nothing to do with our own values. But if you manage to deconstruct me all the way to the subatomic level, you'll be able to lay your hands on my mimicron that should be worth a pretty penny for your kind."	"Talk"	""
"/Talk/Dominator/GoodsKeller4"	"Порок вашей цивилизации в жадности. Возможно, эта черта у вас от терроноидов. Если вы не станете разумней, ваши цивилизации вымрут."	"Lang.dat: Talk.Dominator.GoodsKeller4. Preserve every <tag> exactly. English reference: Greed is the curse of your civilization. Maybe you got that from terronoids. If you don't wisen up, both your civilizations will become extinct."	"Talk"	""
"/Talk/Dominator/GoodsPlayer"	"Товары, деньги есть? Выкидывай, это моя территория!"	"Lang.dat: Talk.Dominator.GoodsPlayer. Preserve every <tag> exactly. English reference: Got any goods or money? Dump it all, it's my territory!"	"Talk"	""
"/Talk/Dominator/GoodsPlayer1"	"Я тут главный. Выкидывай товары, гони бабки."	"Lang.dat: Talk.Dominator.GoodsPlayer1. Preserve every <tag> exactly. English reference: I am the boss here. Dump your cargo and pay up."	"Talk"	""
"/Talk/Dominator/GoodsTerron"	"Я не могу отдать компоненты своего вида. Это просто неприемлемо - делиться своими частями. Это келлероиды там делятся. Мы же строители, каждую песчинку мы преобразовываем в наш вид."	"Lang.dat: Talk.Dominator.GoodsTerron. Preserve every <tag> exactly. English reference: I cannot surrender any of my species' components. This is totally unacceptable, to share your spare parts. Kelleroids share. We, on the other hand, are builders. We transform every little thing into our own kind."	"Talk"	""
"/Talk/Dominator/GoodsTerron1"	"Ценность нашего вида настолько велика, что я даже не могу помышлять о том, чтобы отдать тебе свои ресурсы. Напротив, ты должен быть преобразован к нашему виду."	"Lang.dat: Talk.Dominator.GoodsTerron1. Preserve every <tag> exactly. English reference: Our species is so valuable that I couldn't even fathom giving you any of my resources. On the contrary, you must me converted into one of our own."	"Talk"	""
"/Talk/Dominator/GoodsTerron2"	"Задача поставлена корректно. Я готов поделиться с тобой материалом. Только вначале ты должен прибыть на Гралгар и быть преобразован к нашему виду."	"Lang.dat: Talk.Dominator.GoodsTerron2. Preserve every <tag> exactly. English reference: This is a fairly specific request. I am ready to share some material with you. Only first you need to report to Graalgar and undergo transformation into one of our own."	"Talk"	""
"/Talk/Dominator/GoodsTerron3"	"Не первый раз ваши индивиды обращаются к нам с этой просьбой. Очень вы наглый вид, хуже блазероидов, однозначно подлежите преобразованию."	"Lang.dat: Talk.Dominator.GoodsTerron3. Preserve every <tag> exactly. English reference: It is not the first time individuals of your species make this request of us. You are very obnoxious, worse than a blazeroid actually. You absolutely need to be transformed."	"Talk"	""
"/Talk/Dominator/GoodsTerron4"	"Мы находим ваши требования сходными с требованиями келлероидов о предоставлении информации. Но следует понимать, что нет смысла передавать крохи материи другой стороне, если можно уравнять сами стороны."	"Lang.dat: Talk.Dominator.GoodsTerron4. Preserve every <tag> exactly. English reference: We find your demands similar to those of kelleroids, who desire information. But you have to understand that it makes no sense whatsoever to give small bits of material to the other party when you can equalize the parties."	"Talk"	""
"/Talk/Dominator/HiBlazer"	"Сообщение не содержит приказа на уничтожение."	"Lang.dat: Talk.Dominator.HiBlazer. Preserve every <tag> exactly. English reference: This message contains no order to destroy."	"Talk"	""
"/Talk/Dominator/HiBlazer1"	"Команда ""Дела"" не входит в акцептированный набор боевых команд. Установите аргент для успешной коммуникации."	"Lang.dat: Talk.Dominator.HiBlazer1. Preserve every <tag> exactly. English reference: ""Going"" is not an accepted combat order. Install an argent for successful communication."	"Talk"	""
"/Talk/Dominator/HiBlazer2"	"Получено подтверждение. Объект <Player> будет уничтожен в рамках программы ""Полная аннигиляция""."	"Lang.dat: Talk.Dominator.HiBlazer2. Preserve every <tag> exactly. English reference: Confirmation received. Subject <Player> will be destroyed as part of acting on the Total Annihilation command."	"Talk"	""
"/Talk/Dominator/HiBlazer3"	"Инструкции получены. Отключите двигатели, <Player>, и приготовьтесь к аннигиляции. Конфликты оборудования исключены."	"Lang.dat: Talk.Dominator.HiBlazer3. Preserve every <tag> exactly. English reference: Instructions received. Turn off your engines, <Player>, and stand by for annihilation. Equipment conflicts are out of the question."	"Talk"	""
"/Talk/Dominator/HiBlazer4"	"Выполняю боевую программу по уничтожению врага. Поступил приказ первого уровня. Цель - <Player>. Осуществляется переброс энергии в системы активной защиты."	"Lang.dat: Talk.Dominator.HiBlazer4. Preserve every <tag> exactly. English reference: Proceeding with the combat sequence to destroy the enemy. First level order received. Target: <Player> Energy is being transferred to the active defense systems."	"Talk"	""
"/Talk/Dominator/HiBlazer5"	"Боевые системы в норме, матрица памяти загружена. Произведен захват и выбор цели для уничтожения."	"Lang.dat: Talk.Dominator.HiBlazer5. Preserve every <tag> exactly. English reference: Combat systems normal, memory matrix loaded. Target selected and acquired for destruction."	"Talk"	""
"/Talk/Dominator/HiKeller"	"Занимаюсь сбором информации. Готов к приему данных в любом формате."	"Lang.dat: Talk.Dominator.HiKeller. Preserve every <tag> exactly. English reference: Obtaining data. Standing by to accept data in any format."	"Talk"	""
"/Talk/Dominator/HiKeller1"	"Сбор информации проходит в запланированном режиме. Сброс данных стабилитрона начинается каждые 0.0001 гс."	"Lang.dat: Talk.Dominator.HiKeller1. Preserve every <tag> exactly. English reference: Data acquisition proceeding as planned. Stabilitron data dump initiates every .0001 gs."	"Talk"	""
"/Talk/Dominator/HiKeller2"	"Информация о ""привет как дела"" не имеет смысла. Произведите повторный ввод данных."	"Lang.dat: Talk.Dominator.HiKeller2. Preserve every <tag> exactly. English reference: Information about ""Hello, how are you"" is meaningless. Please reenter your data."	"Talk"	""
"/Talk/Dominator/HiKeller3"	"Происходит утечка данных. Объект <Player> подключен к внешнему каналу. Поступают новые данные для обработки."	"Lang.dat: Talk.Dominator.HiKeller3. Preserve every <tag> exactly. English reference: A data leak is in progress. Subject <Player> has access to an external channel. New data is being received for processing."	"Talk"	""
"/Talk/Dominator/HiKeller4"	"Рассматривается возможность изучения объекта <Player>. Дестабилизатор активирован, приступаю к анализу."	"Lang.dat: Talk.Dominator.HiKeller4. Preserve every <tag> exactly. English reference: <Player> is being considered as a study object. Destabilizer activated, proceeding with analysis."	"Talk"	""
"/Talk/Dominator/HiKeller5"	"Анализ есть основа жизнедеятельности разумных видов. Введите свои данные... Данные не поддаются анализу. Оставайтесь на месте, <Player>, приготовьтесь к разложению на составляющие для последующего спектрального анализа."	"Lang.dat: Talk.Dominator.HiKeller5. Preserve every <tag> exactly. English reference: Analysis is basic to any intelligent species' activities. Enter your details... Data may not be analyzed. Remain at your position, <Player>, and prepare to be disassembled into components for subsequent spectral analysis."	"Talk"	""
"/Talk/Dominator/HiPlayer"	"Привет! Как дела?"	"Lang.dat: Talk.Dominator.HiPlayer. Preserve every <tag> exactly. English reference: Hey! How is it going?"	"Talk"	""
"/Talk/Dominator/HiTerron"	"Задействован в программе преобразования. Это высшая цель."	"Lang.dat: Talk.Dominator.HiTerron. Preserve every <tag> exactly. English reference: Participating in the transformation sequence. This is the ultimate goal."	"Talk"	""
"/Talk/Dominator/HiTerron1"	"Преобразование есть основная деятельность вида. Мой гнездотрон располагает широким набором личностных матриц."	"Lang.dat: Talk.Dominator.HiTerron1. Preserve every <tag> exactly. English reference: Transformation is a species' primary activity. My slototron has a wide variety of personality matrices available."	"Talk"	""
"/Talk/Dominator/HiTerron2"	"Ваш вид под угрозой. Мы пришли с миром. Приготовьтесь к репродуцированию на Гралгаре."	"Lang.dat: Talk.Dominator.HiTerron2. Preserve every <tag> exactly. English reference: Yours is an endangered species. We come in peace. Prepare to be reproduced on Graalgar."	"Talk"	""
"/Talk/Dominator/HiTerron3"	"Вы будете освобождены от вашего вида. Не двигайтесь, не сопротивляйтесь. Ваши молекулы будут обогащены."	"Lang.dat: Talk.Dominator.HiTerron3. Preserve every <tag> exactly. English reference: You will be freed of your species. Do not move. Do not resist. Your molecules will be enriched."	"Talk"	""
"/Talk/Dominator/HiTerron4"	"Освобождение других видов есть основа функциональности. Собирание вида есть единственный непротиворечивый закон логики. Системы в порядке."	"Lang.dat: Talk.Dominator.HiTerron4. Preserve every <tag> exactly. English reference: Liberating other species is basic to functionality. Assembling a species is the only noncontradictory law of logic. All systems go."	"Talk"	""
"/Talk/Dominator/HiTerron5"	"Ваша позиция нелогична и требует селекционирования. Это не будет проблемой, искусственная рандомизация личностных матриц избавит вас от решения неприоритетных задач."	"Lang.dat: Talk.Dominator.HiTerron5. Preserve every <tag> exactly. English reference: Your position is illogical and requires recultivation. This is not going to be a problem; artificial randomization of personality matrices will free you of the need to make low priority decisions."	"Talk"	""
"/Talk/Dominator/PeaceBlazer"	"Мой приказ - уничтожать. ""Война"" есть цель существования. В противном случае возможна остановка всех систем, приводящая к небытию."	"Lang.dat: Talk.Dominator.PeaceBlazer. Preserve every <tag> exactly. English reference: I have orders to destroy. War is the goal of existence. Otherwise all systems may stall leading to nonexistence."	"Talk"	""
"/Talk/Dominator/PeaceBlazer1"	"Этот приказ расценивается как критический... Отрицательный анализ сигнала спимером послужил толчком к срабатыванию блока предохранения логики."	"Lang.dat: Talk.Dominator.PeaceBlazer1. Preserve every <tag> exactly. English reference: This order is treated as mission critical. Negative spammer analysis of this signal caused the logic protection unit to react."	"Talk"	""
"/Talk/Dominator/PeaceBlazer2"	"Есть встречное предложение, <Player>! Как ты смотришь на то, чтобы начать еще одну войну? Такую, чтобы она длилась вечно?"	"Lang.dat: Talk.Dominator.PeaceBlazer2. Preserve every <tag> exactly. English reference: I have a counteroffer for you, <Player>! What do you say we start yet another war? The kind that would last forever?"	"Talk"	""
"/Talk/Dominator/PeaceBlazer3"	"Ваши данные отправлены... Из командного центра получено сообщение: ""Продолжать боевые действия до полной аннигиляции"". Еще есть вопросы?"	"Lang.dat: Talk.Dominator.PeaceBlazer3. Preserve every <tag> exactly. English reference: Your details have been forwarded... Message received from the command center: Continue combat operations until complete annihilation is achieved. Any more questions?"	"Talk"	""
"/Talk/Dominator/PeaceBlazer4"	"Отказываюсь обрабатывать эти данные. Обработка подобных команд грозит перегревом системы, что может послужить реструктуризации имбридона."	"Lang.dat: Talk.Dominator.PeaceBlazer4. Preserve every <tag> exactly. English reference: I refuse to process this data. Processing such commands may cause the system to overheat, which may lead to imbridon restructuring."	"Talk"	""
"/Talk/Dominator/PeaceBlazer5"	"У меня приказ уничтожать все. Переговоры вести не уполномочен."	"Lang.dat: Talk.Dominator.PeaceBlazer5. Preserve every <tag> exactly. English reference: I have an order to destroy everything. I am not authorized to negotiate."	"Talk"	""
"/Talk/Dominator/PeaceKeller"	"Бином оценил данное предложение как несовершенное. Вам нужно срочно починить свой блок выдачи заданий."	"Lang.dat: Talk.Dominator.PeaceKeller. Preserve every <tag> exactly. English reference: The binome qualified this proposal as imperfect. You need to repair your order generation unit ASAP."	"Talk"	""
"/Talk/Dominator/PeaceKeller1"	"О какой войне идет речь, <Player>? Война не может служить позитивным источником получения информации. Не тратьте свои такты попусту."	"Lang.dat: Talk.Dominator.PeaceKeller1. Preserve every <tag> exactly. English reference: What war are you talking about, <Player>? War may not be a positive source of information. Don't waste your cycles."	"Talk"	""
"/Talk/Dominator/PeaceKeller2"	"У меня отсутствует блок суждения о вашей войне. Посылаю запрос в банк данных."	"Lang.dat: Talk.Dominator.PeaceKeller2. Preserve every <tag> exactly. English reference: I am not equipped with any dedicated units to form opinions about your war. Sending a query to the database."	"Talk"	""
"/Talk/Dominator/PeaceKeller3"	"Команда ""положить"" соответствует переброске данных через координатор в стабилитрон. В данном случае команда бессмысленна."	"Lang.dat: Talk.Dominator.PeaceKeller3. Preserve every <tag> exactly. English reference: The ""put down"" command corresponds to data transfer to the stabilitron via the coordinator. The command makes no sense here."	"Talk"	""
"/Talk/Dominator/PeaceKeller4"	"Вы уверены, что хотите воевать со мной или отказаться от этого? Я не имею компетенции решать вопросы данного рода. Пошлите запрос в банк данных научного центра."	"Lang.dat: Talk.Dominator.PeaceKeller4. Preserve every <tag> exactly. English reference: Are you sure you want to wage war on me, or would you rather cancel? I am not authorized to resolve this kind of issues. Send a query to the research station database."	"Talk"	""
"/Talk/Dominator/PeaceKeller5"	"Не мы начали эту войну. Корабли серии ""блазер"" ведут вместе с вами деструктивную деятельность, и мы вам всем противостоим."	"Lang.dat: Talk.Dominator.PeaceKeller5. Preserve every <tag> exactly. English reference: We have not started this war. Blazeroid ships have joined you in your destructive activities and we oppose you all."	"Talk"	""
"/Talk/Dominator/PeacePlayer"	"Я прилетел с миром. Положим конец войне!"	"Lang.dat: Talk.Dominator.PeacePlayer. Preserve every <tag> exactly. English reference: I come in peace. Let's put down our weapons and end this war!"	"Talk"	""
"/Talk/Dominator/PeacePlayer1"	"Эй, тупая железяка, я хочу положить конец войне!"	"Lang.dat: Talk.Dominator.PeacePlayer1. Preserve every <tag> exactly. English reference: Hey you, stupid tin man, I want to finish this war!"	"Talk"	""
"/Talk/Dominator/PeacePlayer2"	"Давай, <TalkShip>, вместе положим конец войне?!"	"Lang.dat: Talk.Dominator.PeacePlayer2. Preserve every <tag> exactly. English reference: Hey, <TalkShip>, let's put an end to this war together, huh?"	"Talk"	""
"/Talk/Dominator/PeaceTerron"	"Война будет закончена вместе с преобразованием всех разумных видов к нашему. Ждите."	"Lang.dat: Talk.Dominator.PeaceTerron. Preserve every <tag> exactly. English reference: This war will end once all intelligent species have been transformed into ours. Please wait..."	"Talk"	""
"/Talk/Dominator/PeaceTerron1"	"Не пытайтесь увильнуть от программы преобразования. Мир будет тогда, когда не будет враждующих сторон!"	"Lang.dat: Talk.Dominator.PeaceTerron1. Preserve every <tag> exactly. English reference: Do not try to avoid the transformation program. Peace will come when there are no more warring parties!"	"Talk"	""
"/Talk/Dominator/PeaceTerron2"	"Ваша коалиция биологических существ не может жить в мире даже между собой. Мы устраним саму причину войны, преобразуя все к своему виду."	"Lang.dat: Talk.Dominator.PeaceTerron2. Preserve every <tag> exactly. English reference: Your coalition of biological beings cannot even maintain peace among yourselves. By transforming everyone into our own species, we will eliminate the very reason for war."	"Talk"	""
"/Talk/Dominator/PeaceTerron3"	"Ты еще не преобразован к нашему виду, <Player>. Но мы тебе поможем решить эту проблему, если после смерти твой мозг останется пригодным для замены личностной матрицы."	"Lang.dat: Talk.Dominator.PeaceTerron3. Preserve every <tag> exactly. English reference: You have not yet been transformed into one of our own species, <Player>. But we will help you solve this problem if your brain is still suitable for personality matrix replacement once you die."	"Talk"	""
"/Talk/Dominator/PeaceTerron4"	"Вы несете бред, вероятно, вам требуется замена матрицы личности. Мы на этом специализируемся и вам вскоре поможем."	"Lang.dat: Talk.Dominator.PeaceTerron4. Preserve every <tag> exactly. English reference: You are talking nonsense; you may need to have your personality matrix replaced. We specialize in such matters and will help you soon."	"Talk"	""
"/Talk/Dominator/PeaceTerron5"	"Насчет мирных соглашений обращайтесь к келлероидам. Мы же лечим чуждые виды, а не занимаемся переговорами."	"Lang.dat: Talk.Dominator.PeaceTerron5. Preserve every <tag> exactly. English reference: Talk to the kelleroids about any peace treaties. We treat alien species rather than negotiate with them."	"Talk"	""
"/Talk/Dominator/ProgrammNo"	"Зафиксирована атака на систему. Данные заблокированы."	"Lang.dat: Talk.Dominator.ProgrammNo. Preserve every <tag> exactly. English reference: System intrusion! Attack detected! Data blocked."	"Talk"	""
"/Talk/Dominator/ProgrammOk"	"Выполняю программу <Name>. Контакт не представляется возможным."	"Lang.dat: Talk.Dominator.ProgrammOk. Preserve every <tag> exactly. English reference: Executing program <Name>. Contact impossible."	"Talk"	""
"/Talk/Dominator/ProgrammPlayer"	"Запуск программы: <Name>"	"Lang.dat: Talk.Dominator.ProgrammPlayer. Preserve every <tag> exactly. English reference: Loading program <Name>."	"Talk"	""
"/Talk/DropGoodsInFear/Drop"	"<FullShipBad>! Я согласен расстаться с частью своего груза. Прошу оставить меня в покое."	"Lang.dat: Talk.DropGoodsInFear.Drop. Preserve every <tag> exactly. English reference: <FullShipBad>! I'm willing to surrender some of my cargo. Now please leave me alone."	"Talk"	""
"/Talk/DropGoodsInFear/Drop1/0"	"Эй! <FullShipBad>! Ты меня слышишь? Я готов выкинуть груз!!!"	"Lang.dat: Talk.DropGoodsInFear.Drop1.0. Preserve every <tag> exactly. English reference: Hey! <FullShipBad>! Do you hear me? I'm ready to dump my cargo!!!"	"Talk"	""
"/Talk/DropGoodsInFear/Drop1/1"	"Прекрати меня преследовать."	"Lang.dat: Talk.DropGoodsInFear.Drop1.1. Preserve every <tag> exactly. English reference: Now quit following me."	"Talk"	""
"/Talk/DropGoodsInFear/Drop2/0"	"Всем кораблям в системе <Star>! Прошу обратить ваше внимание на мой жест доброй воли."	"Lang.dat: Talk.DropGoodsInFear.Drop2.0. Preserve every <tag> exactly. English reference: Attention all ships in the <Star> system! Please note my gesture of good will."	"Talk"	""
"/Talk/DropGoodsInFear/Drop2/1"	"Я избавляюсь от части груза в пользу судна <FullShipBad>, которое меня преследует."	"Lang.dat: Talk.DropGoodsInFear.Drop2.1. Preserve every <tag> exactly. English reference: I am releasing some of my cargo to <FullShipBad>, who's pursuing me."	"Talk"	""
"/Talk/ExTalk/OldHullPlayerSend"	"А что это у тебя за корпус такой? Никогда подобного не встречал!"	"Lang.dat: Talk.ExTalk.OldHullPlayerSend. Preserve every <tag> exactly. English reference: What is that hull of yours? I've never seen anything like this before!"	"Talk"	""
"/Talk/ExTalk/OldHullPlayerSendP"	"Напомни, партнер, а что это у тебя за корпус такой? Никогда подобного не встречал!"	"Lang.dat: Talk.ExTalk.OldHullPlayerSendP. Preserve every <tag> exactly. English reference: Remind me, partner, what is that hull of yours? I've never seen anything like this before!"	"Talk"	""
"/Talk/ExTalk/OldHullPlayerSend_1"	"Но мы же все рейнджеры, одно общее дело делаем! Какие у нас могут быть секреты друг от друга?"	"Lang.dat: Talk.ExTalk.OldHullPlayerSend_1. Preserve every <tag> exactly. English reference: But we are all rangers, we're doing the same things! What secrets could be between us?"	"Talk"	""
"/Talk/ExTalk/OldHullPlayerSend_1P"	"Я весь внимание!"	"Lang.dat: Talk.ExTalk.OldHullPlayerSend_1P. Preserve every <tag> exactly. English reference: I'm listening very carefully!"	"Talk"	""
"/Talk/ExTalk/OldHullPlayerSend_1_1"	"И что же пошло не так? Сейчас до сих пор ни на одном корабле нет подобных устройств."	"Lang.dat: Talk.ExTalk.OldHullPlayerSend_1_1. Preserve every <tag> exactly. English reference: So, what went wrong? Still no ship has this kind of devices even now!"	"Talk"	""
"/Talk/ExTalk/OldHullPlayerSend_1_2"	"И что стало с этими испытателями и проектом? Корпус же до сих пор у тебя!"	"Lang.dat: Talk.ExTalk.OldHullPlayerSend_1_2. Preserve every <tag> exactly. English reference: What happened to those test pilots and the project itself? You still have the hull, haven't you?"	"Talk"	""
"/Talk/ExTalk/OldHullPlayerSend_1_3"	"Та еще история. Мне, получается, такой корпус уже не достать?"	"Lang.dat: Talk.ExTalk.OldHullPlayerSend_1_3. Preserve every <tag> exactly. English reference: That was hell of a story, dude! So, this means, I can't get such hull?"	"Talk"	""
"/Talk/ExTalk/OldHullPlayerSend_1_4"	"Спасибо за ликбез. Удачи тебе!"	"Lang.dat: Talk.ExTalk.OldHullPlayerSend_1_4. Preserve every <tag> exactly. English reference: Thanks for the explanations! Good luck to you!"	"Talk"	""
"/Talk/ExTalk/OldHullPlayerSend_1_4P"	"Спасибо за подробное изложение. Теперь нас ждут великие дела!"	"Lang.dat: Talk.ExTalk.OldHullPlayerSend_1_4P. Preserve every <tag> exactly. English reference: Thanks for the explanations! Now, let's go!"	"Talk"	""
"/Talk/ExTalk/OldHullPlayerSend_2"	"Да я же величайший рейнджер, которого когда-либо знала наша галактика! А ну быстро выложил мне все что знаешь, иначе я тебя тут сейчас в клочья разнесу вместе с этим корытом, насколько бы необычным оно не было!"	"Lang.dat: Talk.ExTalk.OldHullPlayerSend_2. Preserve every <tag> exactly. English reference: I'm the greatest ranger this galaxy ever known! Tell me everything you know as fast as you can, or I'll blow your piece of junk despite of how unique it is!"	"Talk"	""
"/Talk/ExTalk/OldHullRangerAnswer"	"А ты, <Player>, с какой целью интересуешься? Информация эта секретна и доступна строго ограниченному кругу лиц."	"Lang.dat: Talk.ExTalk.OldHullRangerAnswer. Preserve every <tag> exactly. English reference: Hey, <Player>, why do you ask it? This information is classified and only limited amount of persons has access to it."	"Talk"	""
"/Talk/ExTalk/OldHullRangerAnswerP"	"Конечно, не вопрос. Я уже привык рассказывать эту историю, сам много раз слышал от предков."	"Lang.dat: Talk.ExTalk.OldHullRangerAnswerP. Preserve every <tag> exactly. English reference: No problems, bro. I've already get used to retell this story."	"Talk"	""
"/Talk/ExTalk/OldHullRangerAnswer_1"	"Ладно, так и быть, расскажу в рамках дозволенного. Но в любом случае, не болтай об этом направо и налево. Корпуса эти в свое время создавались для тестирования системы нейроинтерфейса, позволяющей пилоту полностью погружаться в создаваемую бортовым компьютером виртуальную реальность и объединять свои органы чувств с показаниями бортовых сенсоров, передавать команды управления с помощью мыслей. Технология казалась чрезвычайно перспективной и сулила большой прогресс в скорости реакции, удобстве и легкости управления космическими кораблями. К сожалению, как всегда это бывает, не обошлось без подвоха..."	"Lang.dat: Talk.ExTalk.OldHullRangerAnswer_1. Preserve every <tag> exactly. English reference: Right you are, I'll talk to you a little. However, anyway, don't spread it out to everyone, ok? These hulls were created to test neural interface systems. It allows pilot to fully dive into computer-created virtual reality and unify their organs of sense with ship sensor's data, transfer control commands via thoughts. The technology looks very perspective and promise wonders at reaction speed, comfort and control easiness. Unfortunately, as it always happens, the reality were much more complex..."	"Talk"	""
"/Talk/ExTalk/OldHullRangerAnswer_1P"	"Корпуса эти в свое время создавались для тестирования системы нейроинтерфейса, позволяющей пилоту полностью погружаться в создаваемую бортовым компьютером виртуальную реальность и объединять свои органы чувств с показаниями бортовых сенсоров, передавать команды управления с помощью мыслей. Технология казалась чрезвычайно перспективной и сулила большой прогресс в скорости реакции, удобстве и легкости управления космическими кораблями. К сожалению, как всегда это бывает, не обошлось без подвоха..."	"Lang.dat: Talk.ExTalk.OldHullRangerAnswer_1P. Preserve every <tag> exactly. English reference: These hulls were created to test neural interface systems. It allows pilot to fully dive into computer-created virtual reality and unify their organs of sense with ship sensor's data, transfer control commands via thoughts. The technology looks very perspective and promise wonders at reaction speed, comfort and control easiness. Unfortunately, as it always happens, the reality were much more complex..."	"Talk"	""
"/Talk/ExTalk/OldHullRangerAnswer_1_1"	"Ключевой проблемой стала синхронизация и качество реализации виртуальной реальности. Доведя симуляцию до уровня 99,999999% процентов от уровня всех получаемых в реальном мире ощущений от всевозможных органов чувств, разработчики столкнулись в какой-то мере с ожидаемой, с другой стороны - весьма странной реакцией сознания пилотов-испытателей на прекращения сеансов. После окончания тестовых вылетов они долго приходили в себя, периодически не могли различить, в реальном они мире или все еще пилотируют и т.д. Даже специально разработанные процедуры медитации по гаальским ментальным уровням не помогали сознанию вновь найти себя."	"Lang.dat: Talk.ExTalk.OldHullRangerAnswer_1_1. Preserve every <tag> exactly. English reference: Synchronization and quality of virtual reality were key problems. Achieving sense level 99.999999% from all organs of sense, developers meet some heavy problems. It was easy to predict at one side and hard to solve from another. Test pilots showed strange reaction at the end of each session: it was hard to get back to the real world, they cannot even be sure, are they still piloting or not, etc. Even complex gaalian mental-level meditation technics, created exclusively for this project, can do nothing to their minds."	"Talk"	""
"/Talk/ExTalk/OldHullRangerAnswer_1_2"	"А вот этого не знаю даже я. Корпус, который ты сейчас видишь у меня, переоборудован под стандартную электронно-механическую систему органов управления. Их передали особо отличившимся рейнджерам, чтобы совсем уж не потерять все достижения программы. Мне он достался по наследству. Все элементы системы нейроинтерфейса были демонтированы и сданы на хранение в какое-то жутко засекреченное место. Возможно, когда-то им еще предстоит стать нашим оружием спасения, но я об этом ничего не знаю."	"Lang.dat: Talk.ExTalk.OldHullRangerAnswer_1_2. Preserve every <tag> exactly. English reference: Even I don't know it, sorry.  Hull that you're seeing right now was adapted to common electrical-mechanical flight control system. They were given to remarkable rangers trying not to waste the whole project. All neural interface system parts were removed and transferred to some high-security storage area. Probably, they will be our salvation tool sometime in the future, who knows."	"Talk"	""
"/Talk/ExTalk/OldHullRangerAnswer_1_3"	"Нет. До наших дней сохранилось всего несколько экземпляров, которые ценятся как фамильные реликвии. В продаже ты их не найдешь. Но, кто знает, возможно, <clr>судьба сведет вас иначе<clrEnd>. С подобными старыми вещами даже человек вроде меня волей-неволей начинает верить в необъяснимое."	"Lang.dat: Talk.ExTalk.OldHullRangerAnswer_1_3. Preserve every <tag> exactly. English reference: No. Only a few exemplars exist nowadays. They are priceless heirlooms and you can't see it on sale. But who knows, maybe <clr>fate will bring you together some other way<clrEnd>. With such an old stuff even persons like me start to believe in something inexplicable."	"Talk"	""
"/Talk/ExTalk/OldHullRangerAnswer_1_4"	"Бывай, товарищ!"	"Lang.dat: Talk.ExTalk.OldHullRangerAnswer_1_4. Preserve every <tag> exactly. English reference: See you, fella!"	"Talk"	""
"/Talk/ExTalk/OldHullRangerAnswer_1_4P"	"Всегда готов помочь, напарник!"	"Lang.dat: Talk.ExTalk.OldHullRangerAnswer_1_4P. Preserve every <tag> exactly. English reference: Stay in touch, partner!"	"Talk"	""
"/Talk/ExTalk/OldHullRangerAnswer_2"	"Так дела не делаются, <Player>. Научись разговаривать и не хамить сначала, а потом уже требуй что-то. И смотри, чтобы я тебя не проучил за подобные выходки."	"Lang.dat: Talk.ExTalk.OldHullRangerAnswer_2. Preserve every <tag> exactly. English reference: Things should not be done this way, <Player>. Learn some respect and try not to confront anyone you see first. Moreover, say thanks if I'm not going to teach you a lesson right now!"	"Talk"	""
"/Talk/Exit"	"Конец связи"	"Lang.dat: Talk.Exit. Preserve every <tag> exactly. English reference: End of transmission"	"Talk"	""
"/Talk/Female/Accept"	"Согласен"	"Lang.dat: Talk.Female.Accept. Preserve every <tag> exactly. English reference: Agree"	"Talk"	""
"/Talk/Female/Attack/ComputerAsk"	"Очень интересно. А на кого мы, собственно, будем нападать, <Player>?"	"Lang.dat: Talk.Female.Attack.ComputerAsk. Preserve every <tag> exactly. English reference: Very interesting. So who are we going to attack here, <Player>?"	"Talk"	""
"/Talk/Female/Attack/ComputerAsk1"	"Для начала мне хотелось бы узнать, с кем ты предлагаешь сразиться."	"Lang.dat: Talk.Female.Attack.ComputerAsk1. Preserve every <tag> exactly. English reference: To begin with, I'd like to know who it is you want to battle."	"Talk"	""
"/Talk/Female/Attack/ComputerAsk2"	"А кого ты избрал в качестве объекта для атаки?"	"Lang.dat: Talk.Female.Attack.ComputerAsk2. Preserve every <tag> exactly. English reference: Who did you choose to attack?"	"Talk"	""
"/Talk/Female/Attack/ComputerAsk3"	"Пока не знаю. Сначала скажи, с кем будет битва."	"Lang.dat: Talk.Female.Attack.ComputerAsk3. Preserve every <tag> exactly. English reference: I don't know yet. First tell us who we are going to fight."	"Talk"	""
"/Talk/Female/Attack/ComputerAsk4"	"Хм, и на кого ты хотел бы, чтобы я напала?"	"Lang.dat: Talk.Female.Attack.ComputerAsk4. Preserve every <tag> exactly. English reference: So, who do yo want me to hit here?"	"Talk"	""
"/Talk/Female/Attack/ComputerInFear"	"Извини, парень, мне сейчас не до болтовни. Поговорим с тобой позже, в более мирной обстановке."	"Lang.dat: Talk.Female.Attack.ComputerInFear. Preserve every <tag> exactly. English reference: Sorry, man, don't have time to chat. I'll talk to you later, when the dust settles."	"Talk"	""
"/Talk/Female/Attack/ComputerInFear1"	"Боюсь, ничем не могу тебе помочь, такое творится вокруг..."	"Lang.dat: Talk.Female.Attack.ComputerInFear1. Preserve every <tag> exactly. English reference: I am afraid I can't help you here."	"Talk"	""
"/Talk/Female/Attack/ComputerInFear2"	"Мне надо маленько прийти в себя, успокоиться... Сейчас я не в состоянии ничего делать."	"Lang.dat: Talk.Female.Attack.ComputerInFear2. Preserve every <tag> exactly. English reference: I need a moment here to catch my breath. To calm down. I can't do anything now."	"Talk"	""
"/Talk/Female/Attack/ComputerInFear3"	"Извини, но сейчас я могу думать только о том, как бы унести отсюда свой зад подобру-поздорову."	"Lang.dat: Talk.Female.Attack.ComputerInFear3. Preserve every <tag> exactly. English reference: Sorry, but all I can think of right now is how to get my butt out of here while I still can."	"Talk"	""
"/Talk/Female/Attack/ComputerReadyAttack"	"Я уже дерусь с <Target>, так что лучше ты мне подсоби маленько, а там посмотрим."	"Lang.dat: Talk.Female.Attack.ComputerReadyAttack. Preserve every <tag> exactly. English reference: I'm engaged in a fight with <Target>, so give me a hand and we'll talk after."	"Talk"	""
"/Talk/Female/Attack/ComputerReadyAttack1"	"У меня тут уже вовсю кипит сражение с <Target>. Если можешь помочь - буду рада!"	"Lang.dat: Talk.Female.Attack.ComputerReadyAttack1. Preserve every <tag> exactly. English reference: I am smack in the middle of it with <Target>. I'd appreciate any help."	"Talk"	""
"/Talk/Female/Attack/ComputerReadyAttack2"	"Я сейчас выясняю отношения с <Target>. Присоединяйся, если есть возможность!"	"Lang.dat: Talk.Female.Attack.ComputerReadyAttack2. Preserve every <tag> exactly. English reference: OK, let me get things straight with <Target>. Join me if you can."	"Talk"	""
"/Talk/Female/Attack/ComputerReadyAttack3"	"Сначала помоги мне в битве с <Target>. А то что-то я его никак не одолею, крепкий гад попался..."	"Lang.dat: Talk.Female.Attack.ComputerReadyAttack3. Preserve every <tag> exactly. English reference: First help me settle this business with <Target>. I don't seem to be able to finish it all by myself, that's one tough mudder..."	"Talk"	""
"/Talk/Female/Attack/ComputerReadyAttack4"	"Сейчас я занята боем с <Target>. Если ты поможешь мне, буду очень благодарна!"	"Lang.dat: Talk.Female.Attack.ComputerReadyAttack4. Preserve every <tag> exactly. English reference: I am too busy with <Target> now. I'd appreciate any help you could spare me."	"Talk"	""
"/Talk/Female/Attack/PlayerFear"	"Я не желаю участвовать в этой операции, поскольку она заранее обречена на провал."	"Lang.dat: Talk.Female.Attack.PlayerFear. Preserve every <tag> exactly. English reference: I don't want any part of this since this is totally hopeless."	"Talk"	""
"/Talk/Female/Attack/PlayerFear1"	"Да ты что?!! Не видишь, что ли, что он круче нас двоих, вместе взятых? Нет уж, я умываю руки!"	"Lang.dat: Talk.Female.Attack.PlayerFear1. Preserve every <tag> exactly. English reference: Are you serious? Don't you see he is tougher than the two of us together? No, I am outta here!"	"Talk"	""
"/Talk/Female/Attack/PlayerFear2"	"Заведомо провальная операция! На этот корабль будут нападать либо идиоты, либо герои. Ну а я, в отличие от тебя, вполне нормален, поэтому даже не буду и пробовать."	"Lang.dat: Talk.Female.Attack.PlayerFear2. Preserve every <tag> exactly. English reference: This is a total non-starter. You are either an idiot or some kind of hero to challenge this ship. Unlike you, I am quite normal, so I wouldn't even try."	"Talk"	""
"/Talk/Female/Attack/PlayerFear3"	"Извини, но я должен сохранить свою жизнь для более важного дела - спасения Галактики от доминаторов! Если влезать во все локальные конфликты, долго не протянешь."	"Lang.dat: Talk.Female.Attack.PlayerFear3. Preserve every <tag> exactly. English reference: I am sorry, but I need to preserve myself for a much worthier cause -- freeing the Galaxy from dominators. If you stick your nose into every local conflict, you won't last long."	"Talk"	""
"/Talk/Female/Attack/PlayerFear4"	"Ну уж нет! Да он нас как котят расшвыряет! Это детеныши таких маленьких домашних зверьков с планеты Земля, если ты не знаешь."	"Lang.dat: Talk.Female.Attack.PlayerFear4. Preserve every <tag> exactly. English reference: No way! He'll scatter us like we were kittens! For your information, they are cubs of these small domestic animals on planet Earth."	"Talk"	""
"/Talk/Female/Attack/PlayerHaveBusiness"	"Я сейчас очень занят, мне некогда даже рассматривать твое предложение."	"Lang.dat: Talk.Female.Attack.PlayerHaveBusiness. Preserve every <tag> exactly. English reference: I am too busy now to even consider your proposal."	"Talk"	""
"/Talk/Female/Attack/PlayerHaveBusiness1"	"Я крайне занят, прошу простить мой отказ."	"Lang.dat: Talk.Female.Attack.PlayerHaveBusiness1. Preserve every <tag> exactly. English reference: I am sorry to say no, but I am very busy now."	"Talk"	""
"/Talk/Female/Attack/PlayerHaveBusiness2"	"Извини, у меня сейчас совсем другие планы. Может, как-нибудь в другой раз?"	"Lang.dat: Talk.Female.Attack.PlayerHaveBusiness2. Preserve every <tag> exactly. English reference: Sorry, I have other plans for now. Some other time, perhaps?"	"Talk"	""
"/Talk/Female/Attack/PlayerHaveBusiness3"	"Хм, я бы тебе помог, но уж очень занят сейчас. Так что на меня можешь не рассчитывать."	"Lang.dat: Talk.Female.Attack.PlayerHaveBusiness3. Preserve every <tag> exactly. English reference: Well, I could help you, but I am just too busy at the moment. So count me out."	"Talk"	""
"/Talk/Female/Attack/PlayerHaveBusiness4"	"К сожалению, я сейчас занят, и ничем тебе помочь не могу."	"Lang.dat: Talk.Female.Attack.PlayerHaveBusiness4. Preserve every <tag> exactly. English reference: Unfortunately, I am busy now and can't help you."	"Talk"	""
"/Talk/Female/Attack/PlayerItsMyTranc"	"Ты реально сейчас хочешь заставить меня атаковать своего собственного робота? Ну удачи, чё."	"Lang.dat: Talk.Female.Attack.PlayerItsMyTranc. Preserve every <tag> exactly. English reference: Are you really trying to force me attack my own robot? Well, good luck to you."	"Talk"	""
"/Talk/Female/Attack/PlayerItsYourTranc"	"Слушай, если тебе нравится ломать своих собственных роботов - без проблем. Главное, меня в эти дела не впутывай."	"Lang.dat: Talk.Female.Attack.PlayerItsYourTranc. Preserve every <tag> exactly. English reference: Hey, if you like breaking your own robots - no problem. Just don't drag me into it, okay?"	"Talk"	""
"/Talk/Female/Attack/PlayerOffersAttack"	"Предлагаю совместное нападение"	"Lang.dat: Talk.Female.Attack.PlayerOffersAttack. Preserve every <tag> exactly. English reference: I suggest we mount a joint attack."	"Talk"	""
"/Talk/Female/Attack/PlayerOffersAttack1"	"Как насчет совместного нападения?"	"Lang.dat: Talk.Female.Attack.PlayerOffersAttack1. Preserve every <tag> exactly. English reference: How about we mount a joint attack?"	"Talk"	""
"/Talk/Female/Attack/PlayerOffersAttack2"	"Поможешь мне в битве с одним типом?"	"Lang.dat: Talk.Female.Attack.PlayerOffersAttack2. Preserve every <tag> exactly. English reference: Will you help me fight this dude?"	"Talk"	""
"/Talk/Female/Attack/PlayerOffersAttack3"	"Давай вместе сразимся кое с кем?"	"Lang.dat: Talk.Female.Attack.PlayerOffersAttack3. Preserve every <tag> exactly. English reference: How about we fight someone together?"	"Talk"	""
"/Talk/Female/Attack/PlayerOffersAttack4"	"Примешь участие в совместной атаке?"	"Lang.dat: Talk.Female.Attack.PlayerOffersAttack4. Preserve every <tag> exactly. English reference: Will you join the attack?"	"Talk"	""
"/Talk/Female/Attack/PlayerOk"	"Согласен. Берем его в кольцо и атакуем."	"Lang.dat: Talk.Female.Attack.PlayerOk. Preserve every <tag> exactly. English reference: I agree. Let's surround him and attack."	"Talk"	""
"/Talk/Female/Attack/PlayerOk1"	"Отлично, сделаем его! Я захожу с тыла, а ты атакуй в лоб."	"Lang.dat: Talk.Female.Attack.PlayerOk1. Preserve every <tag> exactly. English reference: Great, let's do him in! I'll hit him in the back while you mount a frontal attack."	"Talk"	""
"/Talk/Female/Attack/PlayerOk2"	"Заметано! Атакуй его, я скоро присоединюсь."	"Lang.dat: Talk.Female.Attack.PlayerOk2. Preserve every <tag> exactly. English reference: Count me in! Commence the attack, I'll join you in a moment."	"Talk"	""
"/Talk/Female/Attack/PlayerOk3"	"А что, мне нравится эта идея. Уже лечу!"	"Lang.dat: Talk.Female.Attack.PlayerOk3. Preserve every <tag> exactly. English reference: You know what, I like this idea. I'm on my way!"	"Talk"	""
"/Talk/Female/Attack/PlayerOk4"	"О'кей, мне он тоже не нравится. Я согласен тебе помочь. Компьютер, орудия к бою!"	"Lang.dat: Talk.Female.Attack.PlayerOk4. Preserve every <tag> exactly. English reference: OK, I don't like him much either. I'll help you. Computer! Guns at the ready!"	"Talk"	""
"/Talk/Female/Attack/PlayerSend"	"Предлагаю организовать атаку на <Target>."	"Lang.dat: Talk.Female.Attack.PlayerSend. Preserve every <tag> exactly. English reference: I suggest we attack <Target>."	"Talk"	""
"/Talk/Female/Attack/PlayerSend1"	"Как насчет совместной атаки на <Target>?"	"Lang.dat: Talk.Female.Attack.PlayerSend1. Preserve every <tag> exactly. English reference: How about a joint attack on <Target>?"	"Talk"	""
"/Talk/Female/Attack/PlayerSend2"	"Я атакую <Target>. Присоединяйся, если есть желание кого-нибудь прикончить."	"Lang.dat: Talk.Female.Attack.PlayerSend2. Preserve every <tag> exactly. English reference: I am about to attack <Target>. Join me if you feel like whacking someone."	"Talk"	""
"/Talk/Female/Attack/PlayerSend3"	"Не поможешь мне в битве с <Target>?"	"Lang.dat: Talk.Female.Attack.PlayerSend3. Preserve every <tag> exactly. English reference: Will you help me fight with <Target>?"	"Talk"	""
"/Talk/Female/Attack/PlayerSend4"	"Хочешь принять участие в битве с <Target>? Присоединяйся, пока я его не добил окончательно!"	"Lang.dat: Talk.Female.Attack.PlayerSend4. Preserve every <tag> exactly. English reference: Feel like joining the attack on <Target>? Join me before I finish him off all by myself!"	"Talk"	""
"/Talk/Female/Attack/PlayerWeFriends"	"Я не собираюсь атаковывать дружественный по отношению ко мне корабль."	"Lang.dat: Talk.Female.Attack.PlayerWeFriends. Preserve every <tag> exactly. English reference: I am not going to attack a friendly ship."	"Talk"	""
"/Talk/Female/Attack/PlayerWeFriends1"	"Я не открою огонь по своим."	"Lang.dat: Talk.Female.Attack.PlayerWeFriends1. Preserve every <tag> exactly. English reference: I am not going to open up on the friendlies."	"Talk"	""
"/Talk/Female/Attack/PlayerWeFriends2"	"Ты что, мы же с ним друзья! Лучше отстань от него, иначе будешь иметь дело со мной."	"Lang.dat: Talk.Female.Attack.PlayerWeFriends2. Preserve every <tag> exactly. English reference: What are you talking about? He and I, we are buddies. Better leave him alone, or you'll have me to deal with as well."	"Talk"	""
"/Talk/Female/Attack/PlayerWeFriends3"	"По-твоему, я похож на предателя? Капитан этого корабля - мой друг! Я не собираюсь сражаться с ним."	"Lang.dat: Talk.Female.Attack.PlayerWeFriends3. Preserve every <tag> exactly. English reference: Do I look like a traitor to you? The skipper of this ship is my friend! I am not going to fight him."	"Talk"	""
"/Talk/Female/Attack/PlayerWeFriends4"	"Ты обращаешься не по адресу. Я не стану тебе помогать, потому что капитан этого корабля - мой хороший знакомый. И тебе не советую на него наезжать!"	"Lang.dat: Talk.Female.Attack.PlayerWeFriends4. Preserve every <tag> exactly. English reference: Wrong number! I am not going to help you because I know the captain of this ship very well. If I were you, I wouldn't mess with him."	"Talk"	""
"/Talk/Female/Attack/PlayerWeFriendsTranc"	"Атаковать чужого робота? Нет уж, увольте."	"Lang.dat: Talk.Female.Attack.PlayerWeFriendsTranc. Preserve every <tag> exactly. English reference: Attack someone else's robot? No, thank you."	"Talk"	""
"/Talk/Female/Attack/PlayerWeFriendsTranc1"	"Ввязываться в бессмысленный бой с чужой вещью я не намерен."	"Lang.dat: Talk.Female.Attack.PlayerWeFriendsTranc1. Preserve every <tag> exactly. English reference: I don't want to get involved in meaningless battle with someone else's thing."	"Talk"	""
"/Talk/Female/Attack/PlayerWeFriendsTranc2"	"А я, вообще-то, люблю транклюкаторов, и без причины делать им больно не хочу."	"Lang.dat: Talk.Female.Attack.PlayerWeFriendsTranc2. Preserve every <tag> exactly. English reference: No thanks. I like tranclucators and don't wanna hurt them for no reason."	"Talk"	""
"/Talk/Female/Attack/RangerFear"	"Хочешь получить посмертно пеленгскую награду ""Камикадзе""? Я вот не хочу, так что я пас."	"Lang.dat: Talk.Female.Attack.RangerFear. Preserve every <tag> exactly. English reference: Do you want to be posthumously awarded the peleng award Kamikaze? Personally, I don't, not one bit."	"Talk"	""
"/Talk/Female/Attack/RangerFear1"	"Ну знаешь ли, я еще хочу выйти замуж, нарожать детишек и развести цветник возле дома. Скорая смерть в мои планы не входит. Лети ищи другую дуру, а лучше - дурака. Их, по крайней мере, больше."	"Lang.dat: Talk.Female.Attack.RangerFear1. Preserve every <tag> exactly. English reference: I'm still planning on getting married, popping out some kids and starting an outdoor garden. Certain death don't figure into my plans. Find yourself another dumb broad... Or better yet, a dumb dude -- there are more of those around."	"Talk"	""
"/Talk/Female/Attack/RangerFear2"	"Это заведомо провальная операция. Ты либо идиот, либо герой, если намерен сражаться. Лично меня даже пробовать не тянет."	"Lang.dat: Talk.Female.Attack.RangerFear2. Preserve every <tag> exactly. English reference: This operation is doomed to fail from the start. You are either an idiot or some kind of hero to take this fight. Personally, I want nothing to do with it."	"Talk"	""
"/Talk/Female/Attack/RangerFear3"	"Во-первых я не заинтересована в этом сражении, а во-вторых он слишком крутой. Мой кораблик не протянет против него и десяти минут."	"Lang.dat: Talk.Female.Attack.RangerFear3. Preserve every <tag> exactly. English reference: I'm not at all interested in this fight, and he's too tough to tango with anyway. My ship won't last ten minutes against him."	"Talk"	""
"/Talk/Female/Attack/RangerFear4"	"Извини, я пока не хочу умереть молодой. Ищи себе других союзников."	"Lang.dat: Talk.Female.Attack.RangerFear4. Preserve every <tag> exactly. English reference: Sorry, but I'm not planning on dying young. Find yourself other allies."	"Talk"	""
"/Talk/Female/Attack/RangerHaveBusiness"	"Я сейчас очень занята, мне некогда даже рассматривать твое предложение."	"Lang.dat: Talk.Female.Attack.RangerHaveBusiness. Preserve every <tag> exactly. English reference: I am too busy now to even consider your proposal."	"Talk"	""
"/Talk/Female/Attack/RangerHaveBusiness1"	"Я крайне занята, прошу простить мой отказ."	"Lang.dat: Talk.Female.Attack.RangerHaveBusiness1. Preserve every <tag> exactly. English reference: I am sorry to say no, but I am very busy now."	"Talk"	""
"/Talk/Female/Attack/RangerHaveBusiness2"	"Извини, у меня сейчас совсем другие планы. Может, как-нибудь в другой раз?"	"Lang.dat: Talk.Female.Attack.RangerHaveBusiness2. Preserve every <tag> exactly. English reference: Sorry, I have other plans for now. Some other time, perhaps?"	"Talk"	""
"/Talk/Female/Attack/RangerHaveBusiness3"	"Хм, я бы тебе помогла, но уж очень занята сейчас. Так что на меня можешь не рассчитывать."	"Lang.dat: Talk.Female.Attack.RangerHaveBusiness3. Preserve every <tag> exactly. English reference: Well, I could help you, but I am just too busy at the moment. So count me out."	"Talk"	""
"/Talk/Female/Attack/RangerHaveBusiness4"	"К сожалению, я сейчас занята, и ничем тебе помочь не могу."	"Lang.dat: Talk.Female.Attack.RangerHaveBusiness4. Preserve every <tag> exactly. English reference: Unfortunately, I am busy now and can't help you."	"Talk"	""
"/Talk/Female/Attack/RangerItsMyTranc"	"А может тебе ещё вина красного, да Махпеллу рыжую? А ну-ка быстро отвалил от моего транклюкатора, не то в следующий раз с тобой заговорят мои пушки!"	"Lang.dat: Talk.Female.Attack.RangerItsMyTranc. Preserve every <tag> exactly. English reference: Oh really? Maybe also you want some bottle of red wine or red-haired Makhpella? Get away from my tranclucator you maniac, or next time you will be speaking with my guns!"	"Talk"	""
"/Talk/Female/Attack/RangerItsYourTranc"	"Ты, <Player>, видно больной? А на вид вроде кажешься здоровым...<br>В общем, разбирайся со своими транклюкаторами сам, я в этом цирке участвовать не буду."	"Lang.dat: Talk.Female.Attack.RangerItsYourTranc. Preserve every <tag> exactly. English reference: Are you sick or something? Seems pretty healthy as I can see...<br>Anyway, go deal with your tranclucators by yourself, I will not participate this absurdity."	"Talk"	""
"/Talk/Female/Attack/RangerOk"	"Отлично, сделаем его! Я захожу с тыла, а ты атакуй в лоб."	"Lang.dat: Talk.Female.Attack.RangerOk. Preserve every <tag> exactly. English reference: Great, let's do him in! I'll hit him in the back while you mount a frontal attack."	"Talk"	""
"/Talk/Female/Attack/RangerOk1"	"Заметано! Атакуй его, я скоро присоединюсь."	"Lang.dat: Talk.Female.Attack.RangerOk1. Preserve every <tag> exactly. English reference: Count me in! Commence the attack, I'll join you in a moment."	"Talk"	""
"/Talk/Female/Attack/RangerOk2"	"А что, мне нравится эта идея. Уже лечу!"	"Lang.dat: Talk.Female.Attack.RangerOk2. Preserve every <tag> exactly. English reference: You know what, I like this idea. I'm on my way!"	"Talk"	""
"/Talk/Female/Attack/RangerSend"	"Предлагаю организовать атаку на <Target>. Нужно наконец-то устранить этого вредителя."	"Lang.dat: Talk.Female.Attack.RangerSend. Preserve every <tag> exactly. English reference: I suggest we attack <Target>. It's about time someone removed that pest."	"Talk"	""
"/Talk/Female/Attack/RangerSend1"	"Как насчет совместной атаки на <Target>? Он тут посягает на святыни моего народа и все такое..."	"Lang.dat: Talk.Female.Attack.RangerSend1. Preserve every <tag> exactly. English reference: How about a joint attack on <Target>? He's been desecrating the holy sites of my people, that kind of thing..."	"Talk"	""
"/Talk/Female/Attack/RangerSend2"	"Не поможешь мне в битве с <Target>?"	"Lang.dat: Talk.Female.Attack.RangerSend2. Preserve every <tag> exactly. English reference: Will you help me fight with <Target>?"	"Talk"	""
"/Talk/Female/Attack/RangerSend3"	"Хочешь принять участие в битве с <Target>? Присоединяйся, пока он еще коптит космическое пространство!"	"Lang.dat: Talk.Female.Attack.RangerSend3. Preserve every <tag> exactly. English reference: Feel like joining the attack on <Target>? Join up while he's still polluting the cosmos!"	"Talk"	""
"/Talk/Female/Attack/RangerSuspect"	"Ты знаешь, я вовсе не уверена, что могу повернуться к тебе спиной. Как-то от этого предложения душком попахивает."	"Lang.dat: Talk.Female.Attack.RangerSuspect. Preserve every <tag> exactly. English reference: You know, I'm not so sure I can turn my back to you safely. Something about this offer that smells fishy."	"Talk"	""
"/Talk/Female/Attack/RangerSuspect1"	"А где гарантии, что я могу тебе доверять? Нет уж, на меня в этом деле не рассчитывай."	"Lang.dat: Talk.Female.Attack.RangerSuspect1. Preserve every <tag> exactly. English reference: And why would I trust you? Any guarantees? No, thanks, count me out."	"Talk"	""
"/Talk/Female/Attack/RangerSuspect2"	"Идея сама по себе неплоха, но я тебе не доверяю."	"Lang.dat: Talk.Female.Attack.RangerSuspect2. Preserve every <tag> exactly. English reference: Well, this isn't a bad idea, but I just don't trust you."	"Talk"	""
"/Talk/Female/Attack/RangerSuspect3"	"А сам что, не справишься? Эх, ну и хлипкие же парни пошли, если просят девушек помочь в драке..."	"Lang.dat: Talk.Female.Attack.RangerSuspect3. Preserve every <tag> exactly. English reference: What, you can't handle it yourself? Men these days sure are weak to be asking girls for help in a fight..."	"Talk"	""
"/Talk/Female/Attack/RangerSuspect4"	"Извини, ничем не могу помочь. Я сражаюсь плечом к плечу только с теми, кому действительно доверяю."	"Lang.dat: Talk.Female.Attack.RangerSuspect4. Preserve every <tag> exactly. English reference: I am afraid I can't help you here. I only stand shoulder to shoulder in battle with those I really trust."	"Talk"	""
"/Talk/Female/Attack/RangerWeFriends"	"Я не собираюсь атаковывать дружественный по отношению ко мне корабль."	"Lang.dat: Talk.Female.Attack.RangerWeFriends. Preserve every <tag> exactly. English reference: I am not going to attack a friendly ship."	"Talk"	""
"/Talk/Female/Attack/RangerWeFriends1"	"Я не открою огонь по своим. Ищи себе других сообщников."	"Lang.dat: Talk.Female.Attack.RangerWeFriends1. Preserve every <tag> exactly. English reference: I am not going to open up on the friendlies. Look for other accomplices."	"Talk"	""
"/Talk/Female/Attack/RangerWeFriends2"	"Ты что, он же классный! Лучше отстань от него, иначе будешь иметь дело со мной."	"Lang.dat: Talk.Female.Attack.RangerWeFriends2. Preserve every <tag> exactly. English reference: Why?? That dude is cool! Better leave him alone, or you'll have me to deal with as well."	"Talk"	""
"/Talk/Female/Attack/RangerWeFriends3"	"Капитан этого корабля - мой друг! Я не собираюсь сражаться с ним и тебе не советую."	"Lang.dat: Talk.Female.Attack.RangerWeFriends3. Preserve every <tag> exactly. English reference: The skipper of this ship is my friend! I am not going to fight him."	"Talk"	""
"/Talk/Female/Attack/RangerWeFriendsTranc"	"Да чем тебе вообще мог навредить этот невинный робот? Мой ответ - категорическое нет."	"Lang.dat: Talk.Female.Attack.RangerWeFriendsTranc. Preserve every <tag> exactly. English reference: What harm could this innocent robot did to you? My answer is - absolutely no."	"Talk"	""
"/Talk/Female/Attack/RangerWeFriendsTranc1"	"Ну уж нет, чужую собственность я портить не намерена! Если у тебя какие-то проблемы с хозяином этого транклюкатора - так и скажи."	"Lang.dat: Talk.Female.Attack.RangerWeFriendsTranc1. Preserve every <tag> exactly. English reference: Sure no! I don't want to spoil someone else's property! If you have any problems with owner of this tranclucator - say it ahead."	"Talk"	""
"/Talk/Female/Attack/RangerWeFriendsTranc2"	"Была у меня как-то в детстве заводная игрушка робота, и этот транклюкатор её очень сильно напоминает. Извини, не хочу омрачать детские воспоминания."	"Lang.dat: Talk.Female.Attack.RangerWeFriendsTranc2. Preserve every <tag> exactly. English reference: I once had a robot toy which looks much like this tranclucator. Sorry, don't want to break my child memories."	"Talk"	""
"/Talk/Female/Attack/WeAlreadyHavePact"	"С чего это вдруг? <Target> мне ничего плохого не сделал."	"Lang.dat: Talk.Female.Attack.WeAlreadyHavePact. Preserve every <tag> exactly. English reference: What's the problem? <Target> hasn't done anything wrong."	"Talk"	""
"/Talk/Female/Attack/WeAlreadyHavePact1"	"Нет, спасибо, я не какой-то там беспринципный пират, чтобы нападать на дружественные мне корабли. Так что <Target> я трогать не буду."	"Lang.dat: Talk.Female.Attack.WeAlreadyHavePact1. Preserve every <tag> exactly. English reference: No, thanks, I'm not some unscrupulous pirate to be attacking friendly ships. That includes <Target>."	"Talk"	""
"/Talk/Female/Attack/WeAlreadyHavePact2"	"У нас с <Target> мирное соглашение, так что ничего не получится. Ищи себе других помощников."	"Lang.dat: Talk.Female.Attack.WeAlreadyHavePact2. Preserve every <tag> exactly. English reference: I have a truce with <Target>, so it's not going to work. Find yourself other helpers."	"Talk"	""
"/Talk/Female/Attack/WeAlreadyHavePact3"	"Вот еще, мы с <Target> договорились не нападать друг на друга. И скажи спасибо, что я тебя самого не атаковала за такое предложение."	"Lang.dat: Talk.Female.Attack.WeAlreadyHavePact3. Preserve every <tag> exactly. English reference: Can't help you, <Target> and myself have agreed not to attack each other. Be grateful I don't attack you for even suggesting it to me."	"Talk"	""
"/Talk/Female/Attack/WeAlreadyHavePact4"	"Напасть на <Target>? Нет, я не могу на это пойти. У нас с ним мирное соглашение."	"Lang.dat: Talk.Female.Attack.WeAlreadyHavePact4. Preserve every <tag> exactly. English reference: Attack <Target>? No, I can't do that. We have a truce."	"Talk"	""
"/Talk/Female/Cancel"	"Отмена"	"Lang.dat: Talk.Female.Cancel. Preserve every <tag> exactly. English reference: Cancel"	"Talk"	""
"/Talk/Female/Count/0Day"	"дней"	"Lang.dat: Talk.Female.Count.0Day. Preserve every <tag> exactly. English reference: days"	"Talk"	""
"/Talk/Female/Count/0Unit"	"единиц"	"Lang.dat: Talk.Female.Count.0Unit. Preserve every <tag> exactly. English reference: units"	"Talk"	""
"/Talk/Female/Count/1Day"	"день"	"Lang.dat: Talk.Female.Count.1Day. Preserve every <tag> exactly. English reference: day"	"Talk"	""
"/Talk/Female/Count/1Unit"	"единица"	"Lang.dat: Talk.Female.Count.1Unit. Preserve every <tag> exactly. English reference: unit"	"Talk"	""
"/Talk/Female/Count/2Day"	"дня"	"Lang.dat: Talk.Female.Count.2Day. Preserve every <tag> exactly. English reference: day"	"Talk"	""
"/Talk/Female/Count/2Unit"	"единицы"	"Lang.dat: Talk.Female.Count.2Unit. Preserve every <tag> exactly. English reference: unit"	"Talk"	""
"/Talk/Female/DropGoodsInFear/Drop"	"<FullShipBad>! Я согласна расстаться с частью своего груза. После этого убедительно прошу оставить меня в покое."	"Lang.dat: Talk.Female.DropGoodsInFear.Drop. Preserve every <tag> exactly. English reference: <FullShipBad>! I'm willing to surrender some of my cargo. So I'll ask real nicely -- please leave me alone."	"Talk"	""
"/Talk/Female/DropGoodsInFear/Drop1/0"	"Эй! <FullShipBad>! Ты меня слышишь? Я готова выкинуть груз!!!"	"Lang.dat: Talk.Female.DropGoodsInFear.Drop1.0. Preserve every <tag> exactly. English reference: Hey! <FullShipBad>! Do you hear me? I'm ready to dump my cargo!!!"	"Talk"	""
"/Talk/Female/DropGoodsInFear/Drop1/1"	"Прекрати меня преследовать."	"Lang.dat: Talk.Female.DropGoodsInFear.Drop1.1. Preserve every <tag> exactly. English reference: Now quit following me."	"Talk"	""
"/Talk/Female/DropGoodsInFear/Drop2/0"	"Всем кораблям в системе <Star>! Прошу обратить ваше внимание на мой жест доброй воли."	"Lang.dat: Talk.Female.DropGoodsInFear.Drop2.0. Preserve every <tag> exactly. English reference: Attention all ships in the <Star> system! Please note my gesture of good will."	"Talk"	""
"/Talk/Female/DropGoodsInFear/Drop2/1"	"Я избавляюсь от части груза в пользу аморального злодея <ShipBad>, который меня нагло и беспринципно преследует."	"Lang.dat: Talk.Female.DropGoodsInFear.Drop2.1. Preserve every <tag> exactly. English reference: I am releasing some of my cargo to the amoral <ShipBad>, who's pursuing me without so much as a hint of class or manners."	"Talk"	""
"/Talk/Female/Exit"	"Конец связи"	"Lang.dat: Talk.Female.Exit. Preserve every <tag> exactly. English reference: Over and out."	"Talk"	""
"/Talk/Female/Goods/AnswerNotGoods"	"Протри очки, чувак. Я что, похожа на торгаша? Лети своей дорогой и не путайся под ногами..."	"Lang.dat: Talk.Female.Goods.AnswerNotGoods. Preserve every <tag> exactly. English reference: Wipe your glasses, dude. Do I look like a trader? Fly your own way and don't get in mine..."	"Talk"	""
"/Talk/Female/Goods/AnswerNotGoods1"	"Груз, говоришь? Погоди, сейчас гляну в трюме... Хм... Нет, к сожалению ничего не могу тебе предложить, кроме пожелания проваливать к лешему."	"Lang.dat: Talk.Female.Goods.AnswerNotGoods1. Preserve every <tag> exactly. English reference: Cargo, you say? Sec, let me take a look... Hmm... No, sorry, I don't have anything for you, so let me give you some advice instead: get bent!"	"Talk"	""
"/Talk/Female/Goods/AnswerNotGoods2"	"Вынуждена разочаровать, но никакого ненужного груза у меня на борту нет, а если бы и был, я бы десять раз подумала, прежде чем отдавать его такому, как ты."	"Lang.dat: Talk.Female.Goods.AnswerNotGoods2. Preserve every <tag> exactly. English reference: I hate to disappoint you, but I don't have any extra cargo on board; still, even if I had some, I would think ten times before giving it to someone like you."	"Talk"	""
"/Talk/Female/Goods/AnswerNotGoods3"	"Ну насмешил! Нет у меня груза, ясно? Трюм пуст. Можешь даже карманы моего комбинезона проверить, все равно ничего не найдешь!"	"Lang.dat: Talk.Female.Goods.AnswerNotGoods3. Preserve every <tag> exactly. English reference: Well, that's rich! I'm not carrying any cargo, got it? My cargo bay is empty. You can even check the pockets of my spacesuit, you won't find anything!"	"Talk"	""
"/Talk/Female/Goods/PlayerLongDistance"	"Что-что? Я плохо слышу, помехи в эфире... Подлети поближе, тогда и поговорим."	"Lang.dat: Talk.Female.Goods.PlayerLongDistance. Preserve every <tag> exactly. English reference: What was that? I can barely hear over the static... Come closer, then we'll talk."	"Talk"	""
"/Talk/Female/Goods/PlayerLongDistance1"	"Мне кажется, что даже если ты и сильней, то уж точно не быстрей меня. Ты попробуй догнать меня для начала, а потом уж приставай с подобными заявлениями и угрозами!"	"Lang.dat: Talk.Female.Goods.PlayerLongDistance1. Preserve every <tag> exactly. English reference: You may be packing more firepower than me, but you're definitely not faster. Try to catch me first before you start spewing demands and threats!"	"Talk"	""
"/Talk/Female/Goods/PlayerLongDistance2"	"Я с идиотками не разговариваю без крайней нужды. А как иначе назвать гуманоида, который еще не догнал меня, а уже требует груз?"	"Lang.dat: Talk.Female.Goods.PlayerLongDistance2. Preserve every <tag> exactly. English reference: I don't entertain imbeciles for no good reason. What else can I call a humanoid who starts demanding cargo before actually catching me?"	"Talk"	""
"/Talk/Female/Goods/PlayerLongDistance3"	"Круто, круто. Твоя уверенность в своих силах просто поражает. Ты не допускаешь и тени мысли, что не сможешь меня догнать. А я вот допускаю, ха-ха! Поэтому, пожалуй, все-таки рискну не выполнить твое требование..."	"Lang.dat: Talk.Female.Goods.PlayerLongDistance3. Preserve every <tag> exactly. English reference: Sure, fella, you're tough. Your arrogance is astounding. You don't even allow the possibility that you can't catch me... But I do, ha-ha! And so I'll risk not complying with your demands..."	"Talk"	""
"/Talk/Female/Goods/PlayerLongDistance4"	"Подкрадись поближе, пожалуйста, а то очень хочется подбить твое ржавое корыто парой выстрелов, но лень так далеко лететь."	"Lang.dat: Talk.Female.Goods.PlayerLongDistance4. Preserve every <tag> exactly. English reference: Come closer, please; I would love to give you a whooping, but I don't feel like flying so far."	"Talk"	""
"/Talk/Female/Goods/PlayerNo"	"Я сегодня в плохом настроении. Не советую раздражать меня своими притязаниями. Груз мой, и точка! Ты лучше уймись, пока я не разозлился."	"Lang.dat: Talk.Female.Goods.PlayerNo. Preserve every <tag> exactly. English reference: I'm in no mood for nonsense today. I suggest you don't bug me with it. The cargo is mine, period! Now pipe down before I get angry."	"Talk"	""
"/Talk/Female/Goods/PlayerNo1"	"Вот те на! Какие-то недоношенные претендуют на мой груз! Ты лучше уймись, пока я не показал тебе, где клисаны зимуют... Да ты, наверное, и не знаешь, кто такие клисаны."	"Lang.dat: Talk.Female.Goods.PlayerNo1. Preserve every <tag> exactly. English reference: I don't believe it! Some runt is laying claim to my cargo! Hush, laddie, before your mouth writes a check your ship can't cash... You follow me?"	"Talk"	""
"/Talk/Female/Goods/PlayerNo2"	"А ты шутить любишь, я смотрю. Груза моего хочешь? Лучше улетай отсюда, пока твой корабль еще цел. Так и быть, на первый раз я тебя прощаю."	"Lang.dat: Talk.Female.Goods.PlayerNo2. Preserve every <tag> exactly. English reference: My, you're a funny one to be demanding my cargo! How about you get lost while still in one piece? I'll forgive this first offense of yours."	"Talk"	""
"/Talk/Female/Goods/PlayerNo3"	"Я не замараю честь рейнджера позорной капитуляцией без боя. Попробуй отнять у меня груз, если он тебе так нужен!"	"Lang.dat: Talk.Female.Goods.PlayerNo3. Preserve every <tag> exactly. English reference: I do not intend to besmirch my ranger's honor by disgracefully capitulating without a fight. If you really want my cargo, try and take it from me!"	"Talk"	""
"/Talk/Female/Goods/PlayerNotGoods"	"Возможно, эти требования справедливы. Но у меня на борту нет груза."	"Lang.dat: Talk.Female.Goods.PlayerNotGoods. Preserve every <tag> exactly. English reference: Perhaps these demands are just. But I haven't got any cargo on board."	"Talk"	""
"/Talk/Female/Goods/PlayerNotGoods1"	"Я только что разгрузился, иду совсем пустой. Прости меня. В другой раз отдам все, что есть."	"Lang.dat: Talk.Female.Goods.PlayerNotGoods1. Preserve every <tag> exactly. English reference: I've just unloaded and my cargo bay is completely empty. I'm sorry. Next time I'll give you everything I've got."	"Talk"	""
"/Talk/Female/Goods/PlayerNotGoods2"	"Я ничего не могу вам предложить, кроме кильки в томатном соусе. Ах да, и кильки тоже не осталось!"	"Lang.dat: Talk.Female.Goods.PlayerNotGoods2. Preserve every <tag> exactly. English reference: I've got nothing for you except for some canned anchovies in tomato sauce. Oh, check that, even the anchovies are gone!"	"Talk"	""
"/Talk/Female/Goods/PlayerNotGoods3"	"Вынужден разочаровать, но никакого груза у меня на борту нет. Попроси что-нибудь другое."	"Lang.dat: Talk.Female.Goods.PlayerNotGoods3. Preserve every <tag> exactly. English reference: Sorry to disappoint you, but I'm not carrying any cargo. Ask me something else."	"Talk"	""
"/Talk/Female/Goods/PlayerNotGoods4"	"Ну насмешила! Нет у меня груза, ясно? Трюм пуст. Хоть на кусочки режь, все равно ничего не найдешь!"	"Lang.dat: Talk.Female.Goods.PlayerNotGoods4. Preserve every <tag> exactly. English reference: Well, that's rich! I'm not carrying any cargo, got it? My cargo bay is empty. You can cut me into tiny little pieces, you still won't find anything!"	"Talk"	""
"/Talk/Female/Goods/PlayerOk"	"Я согласен отдать часть груза, только не стреляй."	"Lang.dat: Talk.Female.Goods.PlayerOk. Preserve every <tag> exactly. English reference: I'm willing to give away some of my cargo, just don't shoot."	"Talk"	""
"/Talk/Female/Goods/PlayerOk1"	"Хорошо-хорошо, я отдам часть груза. Не люблю ссориться."	"Lang.dat: Talk.Female.Goods.PlayerOk1. Preserve every <tag> exactly. English reference: Fine, fine, I'll give you some of my cargo. I prefer to avoid fighting."	"Talk"	""
"/Talk/Female/Goods/PlayerOk2"	"Ладно, так и быть, подавись этим грузом. Выкидываю. Только, прошу, не надо пальбы, она мне спать мешает."	"Lang.dat: Talk.Female.Goods.PlayerOk2. Preserve every <tag> exactly. English reference: Fine, you can choke on this cargo! I'm dumping it. Just, please, no shooting -- it disturbs my sleep."	"Talk"	""
"/Talk/Female/Goods/PlayerOk3"	"Вот прицепилась на мою голову! Что ж, сейчас выкину груз. Только отвали от меня. Я тебе не муляж для отработки навыков пилотирования."	"Lang.dat: Talk.Female.Goods.PlayerOk3. Preserve every <tag> exactly. English reference: My rotten luck running into you! I guess I have to dump the cargo now. Just leave me alone. I'm not some dummy for you to hone your piloting skills against."	"Talk"	""
"/Talk/Female/Goods/PlayerSend"	"Это ограбление, девочка! Жизнь или груз?"	"Lang.dat: Talk.Female.Goods.PlayerSend. Preserve every <tag> exactly. English reference: This is a robbery, girl! Your cargo or your life?"	"Talk"	""
"/Talk/Female/Goods/PlayerSend1"	"Вытряхивай груз из трюма, если хочешь жить!"	"Lang.dat: Talk.Female.Goods.PlayerSend1. Preserve every <tag> exactly. English reference: Dump your cargo if you want to live!"	"Talk"	""
"/Talk/Female/Goods/PlayerSend2"	"Выбрось груз, а то отнимут. Кто? Да я, к примеру!"	"Lang.dat: Talk.Female.Goods.PlayerSend2. Preserve every <tag> exactly. English reference: Dump the cargo before it's taken away. By whom? How about me!"	"Talk"	""
"/Talk/Female/Goods/PlayerSend3"	"Дяде нужен твой груз, отдай его по-хорошему, пока он не рассердился"	"Lang.dat: Talk.Female.Goods.PlayerSend3. Preserve every <tag> exactly. English reference: This gentleman is in need of your cargo; be a dear and hand it over before he gets mad"	"Talk"	""
"/Talk/Female/Goods/PlayerSend4"	"Поделись грузом, красавица, или я разнесу твое корыто"	"Lang.dat: Talk.Female.Goods.PlayerSend4. Preserve every <tag> exactly. English reference: Share your cargo with me, sweetheart, or I'll blast your bucket to pieces"	"Talk"	""
"/Talk/Female/Goods/RangerLongDistance"	"Что-что? Я плохо слышу, помехи в эфире... Подлети поближе, тогда и поговорим."	"Lang.dat: Talk.Female.Goods.RangerLongDistance. Preserve every <tag> exactly. English reference: What was that? I can barely hear over the static... Come closer, then we'll talk."	"Talk"	""
"/Talk/Female/Goods/RangerLongDistance1"	"Мне кажется, что даже если ты и сильней, то уж точно не быстрей меня. Ты попробуй догнать меня для начала, а потом приставай с подобными заявлениями и угрозами!"	"Lang.dat: Talk.Female.Goods.RangerLongDistance1. Preserve every <tag> exactly. English reference: You may be packing more firepower than me, but you're definitely not faster. Try to catch me first before you start spewing demands and threats!"	"Talk"	""
"/Talk/Female/Goods/RangerLongDistance2"	"Я с идиотами не разговариваю без крайней нужды. А как иначе назвать гуманоида, который еще не догнал меня, а уже требует груз?"	"Lang.dat: Talk.Female.Goods.RangerLongDistance2. Preserve every <tag> exactly. English reference: I don't entertain idiots for no good reason. What else can I call a humanoid who starts demanding cargo before actually catching me?"	"Talk"	""
"/Talk/Female/Goods/RangerLongDistance3"	"Твоя уверенность в своих силах просто поражает. Ты не допускаешь и тени мысли, что не сможешь меня догнать. А я вот допускаю, еще как допускаю. Собственно, пока мы болтаем, я улетаю все дальше и дальше..."	"Lang.dat: Talk.Female.Goods.RangerLongDistance3. Preserve every <tag> exactly. English reference: Your arrogance is astounding. You don't even allow the possibility that you can't catch me... But I do, and very much so! You know, while we're chatting here, I keep getting further and further away..."	"Talk"	""
"/Talk/Female/Goods/RangerLongDistance4"	"Подлети поближе, пожалуйста, а то очень хочется подбить твое ржавое корыто парой выстрелов, но лень далеко лететь, ради такой ерунды."	"Lang.dat: Talk.Female.Goods.RangerLongDistance4. Preserve every <tag> exactly. English reference: Won't you please come closer? I'm itching to shoot your bucket full of holes, but flying far to scratch the itch just isn't worth it."	"Talk"	""
"/Talk/Female/Goods/RangerNo"	"Ну вот еще, не собираюсь я ничего тебе сбрасывать. Я тебе не какой-нибудь трусливый дипломат с трясущимися коленками."	"Lang.dat: Talk.Female.Goods.RangerNo. Preserve every <tag> exactly. English reference: Keep dreaming! I'm not going to dump anything for you. I'm not some craven diplomat, shaking in my boots."	"Talk"	""
"/Talk/Female/Goods/RangerNo1"	"Ты извини, конечно, но если я девушка - это еще не значит, что меня можно безнаказанно грабить, так что грабли прочь, извини уж, за каламбур."	"Lang.dat: Talk.Female.Goods.RangerNo1. Preserve every <tag> exactly. English reference: You know, just 'cause I'm a girl doesn't mean you can rob me without impunity, so why don't you just keep your dirty paws where they are?"	"Talk"	""
"/Talk/Female/Goods/RangerNo2"	"Скинуть груз? И все? Давай уж я заодно и деньги свои тебе отдам! Что ты заулыбался, это был сарказм. Проваливай, пока я тебя сама не заставила чего-нибудь сбросить."	"Lang.dat: Talk.Female.Goods.RangerNo2. Preserve every <tag> exactly. English reference: Dump my cargo? Is that all? Maybe I should hand over all my cash as well, yeah? Quit grinning, you moron, that was sarcasm! Take a hike before I start squeezing YOU for cargo!"	"Talk"	""
"/Talk/Female/Goods/RangerNo3"	"Парниша, если у меня симпатичная мордашка - это еще не значит, что душа моя полна доброты. Так что подбери слюни и проваливай, не будет тебе никакого груза."	"Lang.dat: Talk.Female.Goods.RangerNo3. Preserve every <tag> exactly. English reference: Boy, just 'cause I've got a kind face don't mean I'm especially charitable. You can forget about getting any cargo from me, so quit your slobbering and get out of here."	"Talk"	""
"/Talk/Female/Goods/RangerNo4"	"Единственный для тебя способ получить мой груз - это взорвать мой корабль, но я постараюсь этого не допустить, как ты сам понимаешь. Так что серьезно подумай сначала, нужен ли тебе вообще этот груз?"	"Lang.dat: Talk.Female.Goods.RangerNo4. Preserve every <tag> exactly. English reference: The only way you'll get my cargo is by blowing up my ship, and, as you can imagine, I'll have something to say about that. So think long and hard whether the juice is worth the squeeze!"	"Talk"	""
"/Talk/Female/Goods/RangerOk"	"Хорошо-хорошо, я отдам часть груза. Не люблю ссориться."	"Lang.dat: Talk.Female.Goods.RangerOk. Preserve every <tag> exactly. English reference: Fine, fine, I'll give you some of my cargo. I prefer to avoid fighting."	"Talk"	""
"/Talk/Female/Goods/RangerOk1"	"Ладно, так и быть, подавись этим грузом. Выкидываю. Только, прошу, не надо пальбы, она мне спать мешает."	"Lang.dat: Talk.Female.Goods.RangerOk1. Preserve every <tag> exactly. English reference: Fine, you can choke on this cargo! I'm dumping it. Just, please, no shooting -- it disturbs my sleep."	"Talk"	""
"/Talk/Female/Goods/Send"	"Спецслужба Коалиции! Хочешь - верь, хочешь - нет, но я конфискую твой груз."	"Lang.dat: Talk.Female.Goods.Send. Preserve every <tag> exactly. English reference: Coalition special service! I don't care if you believe me or not, but I'm confiscating your cargo."	"Talk"	""
"/Talk/Female/Goods/Send1"	"Мне некогда объяснять, но ты должен отдать мне часть своего груза. Это дело особой важности, оно касается будущего всей Коалиции!"	"Lang.dat: Talk.Female.Goods.Send1. Preserve every <tag> exactly. English reference: I don't have time to explain, but you must give me some of your cargo. This is a matter of extreme urgency and importance, which may determine the fate of the entire Coalition!"	"Talk"	""
"/Talk/Female/Goods/Send2"	"Эй, приятель, сбрось мне часть своего груза, прямо сейчас. Я работаю под прикрытием, за мной наблюдают. Все должно выглядеть естественно. Официальное заявление о возмещении ущерба можешь оставить в правительственном офисе любой планеты Коалиции."	"Lang.dat: Talk.Female.Goods.Send2. Preserve every <tag> exactly. English reference: Hey, pal, dump some of your cargo my way right this minute! I'm working undercover and I'm under surveillance. Everything must appear totally natural. You can file an official request for reparation of damages in a government office on any Coalition planet."	"Talk"	""
"/Talk/Female/Goods/WeAlreadyHavePact"	"Эй, мы же уже заключили мирное соглашение! У тебя что, склероз?"	"Lang.dat: Talk.Female.Goods.WeAlreadyHavePact. Preserve every <tag> exactly. English reference: Hey, we've already concluded a truce! Do you have sclerosis or something?"	"Talk"	""
"/Talk/Female/Goods/WeAlreadyHavePact1"	"Ты чего снова лезешь, у нас ведь с тобой мирное соглашение?!"	"Lang.dat: Talk.Female.Goods.WeAlreadyHavePact1. Preserve every <tag> exactly. English reference: Still looking for a fight even after our truce?!"	"Talk"	""
"/Talk/Female/Money/AnswerNotMoney"	"Извините, я хочу заплатить, но в данный момент не располагаю требуемой суммой."	"Lang.dat: Talk.Female.Money.AnswerNotMoney. Preserve every <tag> exactly. English reference: Forgive me, I want to pay, but I'm currently lacking the required sum."	"Talk"	""
"/Talk/Female/Money/AnswerNotMoney1"	"К сожалению, у меня не хватает денег. Прошу пощады."	"Lang.dat: Talk.Female.Money.AnswerNotMoney1. Preserve every <tag> exactly. English reference: Unfortunately, I don't have enough money. Mercy!"	"Talk"	""
"/Talk/Female/Money/AnswerNotMoney2"	"Откуда у меня такие деньги? Пожалей бедную девушку!"	"Lang.dat: Talk.Female.Money.AnswerNotMoney2. Preserve every <tag> exactly. English reference: Where would I get that kind of money? Have mercy on a poor girl!"	"Talk"	""
"/Talk/Female/Money/AnswerNotMoney3"	"Я бы с радостью заплатила, да только вот денег у меня нет. Жизнь такая!"	"Lang.dat: Talk.Female.Money.AnswerNotMoney3. Preserve every <tag> exactly. English reference: I would gladly pay, but I don't have the money. C'est la vie!"	"Talk"	""
"/Talk/Female/Money/AnswerNotMoney4"	"Да где ж мне такие деньги взять? Думай, чего говоришь!"	"Lang.dat: Talk.Female.Money.AnswerNotMoney4. Preserve every <tag> exactly. English reference: And where am I supposed to get that kind of money? Think about what you're saying!"	"Talk"	""
"/Talk/Female/Money/AnswerNotMoney5"	"Ну, может, я бы и дала их тебе, да только нету у меня таких денег."	"Lang.dat: Talk.Female.Money.AnswerNotMoney5. Preserve every <tag> exactly. English reference: I would be willing to pay you, only I don't have that kind of money."	"Talk"	""
"/Talk/Female/Money/AnswerNotMoney6"	"У меня при себе нет таких денег. Может, отпустишь меня, чтобы я слетала на планету <HomePlanet> и привезла?.."	"Lang.dat: Talk.Female.Money.AnswerNotMoney6. Preserve every <tag> exactly. English reference: I don't have that kind of money on me. Maybe you'll let me fly back to planet <HomePlanet> and bring the money?"	"Talk"	""
"/Talk/Female/Money/AnswerNotMoney7"	"Ох, я и рада бы поделиться, но для меня это большие деньги, так что вынуждена отказаться."	"Lang.dat: Talk.Female.Money.AnswerNotMoney7. Preserve every <tag> exactly. English reference: Oh, I would be happy to pay, but the sum is simply too high, and so I must refuse."	"Talk"	""
"/Talk/Female/Money/AnswerNotMoney8"	"Я не располагаю требуемой суммой."	"Lang.dat: Talk.Female.Money.AnswerNotMoney8. Preserve every <tag> exactly. English reference: I don't have the sum you're requesting."	"Talk"	""
"/Talk/Female/Money/ComputerAsk"	"И сколько тебе надо?"	"Lang.dat: Talk.Female.Money.ComputerAsk. Preserve every <tag> exactly. English reference: And how much do you want?"	"Talk"	""
"/Talk/Female/Money/ComputerAsk1"	"И сколько тебе надо, вымогатель несчастный?"	"Lang.dat: Talk.Female.Money.ComputerAsk1. Preserve every <tag> exactly. English reference: And how much do you want, heartless extortionist?"	"Talk"	""
"/Talk/Female/Money/PlayerLess"	"Меньше"	"Lang.dat: Talk.Female.Money.PlayerLess. Preserve every <tag> exactly. English reference: Less"	"Talk"	""
"/Talk/Female/Money/PlayerLongDistance"	"Ты вообще попробуй меня догнать сначала, а потом приставай с подобными заявлениями и угрозами!"	"Lang.dat: Talk.Female.Money.PlayerLongDistance. Preserve every <tag> exactly. English reference: Try to catch me first before you start spewing demands and threats!"	"Talk"	""
"/Talk/Female/Money/PlayerLongDistance1"	"Ты меня вообще-то догони сначала, а уж потом предъявляй претензии! Знаешь, какой у меня крутой двигатель?"	"Lang.dat: Talk.Female.Money.PlayerLongDistance1. Preserve every <tag> exactly. English reference: Before you start making demands, try catching me first! You don't know how powerful my new engine is, do ya?"	"Talk"	""
"/Talk/Female/Money/PlayerLongDistance2"	"Подлети-ка сначала поближе, тогда и выясним, кому принадлежат мои деньги..."	"Lang.dat: Talk.Female.Money.PlayerLongDistance2. Preserve every <tag> exactly. English reference: Come a little closer, boy, then we'll see who owes money to whom..."	"Talk"	""
"/Talk/Female/Money/PlayerLongDistance3"	"Дружок, твои пушки до меня сейчас не могут дотянуться, я слишком далеко! Подумай, что будет, если я откажусь заплатить?.. Ты погрозишь мне кулаком? Да, это будет действительно страшно..."	"Lang.dat: Talk.Female.Money.PlayerLongDistance3. Preserve every <tag> exactly. English reference: Dude, I'm way outside the range of your shooters! What's going to happen if I refuse to pay? Will you blow steam out of your mouth? 'Cause that would be really, really scary..."	"Talk"	""
"/Talk/Female/Money/PlayerLongDistance4"	"Ты действительно думаешь, что сможешь меня догнать и заставить отдать тебе деньги?.. Ну, что ж, попробуй, попробуй..."	"Lang.dat: Talk.Female.Money.PlayerLongDistance4. Preserve every <tag> exactly. English reference: Do you really think you can catch me and shake me down? Well, go ahead and try!"	"Talk"	""
"/Talk/Female/Money/PlayerLongDistance5"	"Тебе не повезло, я не из пугливых, особенно когда меня пытаются запугать с такого расстояния, ха-ха!.. Так что не будет тебе никаких денег!"	"Lang.dat: Talk.Female.Money.PlayerLongDistance5. Preserve every <tag> exactly. English reference: I don't scare easily, especially when the bully is so far away, ha-ha! You can forget about getting paid!"	"Talk"	""
"/Talk/Female/Money/PlayerLongDistance6"	"Не думаю, что ты сможешь меня догнать - слишком уж мы сейчас далеко друг от друга. Сама подумай, есть ли тогда для меня вообще смысл платить тебе деньги?.."	"Lang.dat: Talk.Female.Money.PlayerLongDistance6. Preserve every <tag> exactly. English reference: I really don't think you'll be able to catch me -- we're too far from one another. Therefore, I don't see any reason to pay you anything!"	"Talk"	""
"/Talk/Female/Money/PlayerLongDistance7"	"Мне почему-то совсем не страшно... Может быть, потому, что ты так далеко?.. Попробуй-ка сначала меня догнать, нахалка, а уж потом вымогай деньги!"	"Lang.dat: Talk.Female.Money.PlayerLongDistance7. Preserve every <tag> exactly. English reference: For some reason, I'm not at all scared... Could it be it's 'cause you're so far away? Try to catch me first, before you start shaking me down!"	"Talk"	""
"/Talk/Female/Money/PlayerMore"	"Больше"	"Lang.dat: Talk.Female.Money.PlayerMore. Preserve every <tag> exactly. English reference: More"	"Talk"	""
"/Talk/Female/Money/PlayerNo"	"Я никому не плачу денег, и моя честь выше любых притязаний. А мое раздражение может перейти в крайне жесткие меры. Я доступно все объяснил?!"	"Lang.dat: Talk.Female.Money.PlayerNo. Preserve every <tag> exactly. English reference: I never pay tribute to anyone, for my honor is beyond reproach. Keep pestering me and I'll be forced to take extreme measures. Am I making myself clear?!"	"Talk"	""
"/Talk/Female/Money/PlayerNo1"	"Буду считать это неудачной шуткой. Не стоит выводить меня из равновесия."	"Lang.dat: Talk.Female.Money.PlayerNo1. Preserve every <tag> exactly. English reference: Let's call this a bad joke on your part. Don't push me, lest you regret it."	"Talk"	""
"/Talk/Female/Money/PlayerNo2"	"Денег моих требуешь? Ну и ну! Тебе, видно, жить надоело? Ничто не радует? Жизнь кажется серой и унылой? Стремишься принять смерть в бою? Бедняга! Что ж, я могу тебе это устроить..."	"Lang.dat: Talk.Female.Money.PlayerNo2. Preserve every <tag> exactly. English reference: You? Demanding money from me? Well, I'll be! You must have a death wish! Do you feel depressed? Does life seem gray and without joy? Do you dream of a heroic death in battle? Poor sod! But hey, I can make that happen for you real quick..."	"Talk"	""
"/Talk/Female/Money/PlayerNo3"	"Иди поиграй в песочек, малыш, тебе не тягаться с таким крутым рейнджером, как я! Серьезно, улетай, пока я тебе дюзы не надрал!"	"Lang.dat: Talk.Female.Money.PlayerNo3. Preserve every <tag> exactly. English reference: Go back to your sandbox, son, you can't hang with a ranger of my caliber! This is your last warning. Get out of here while you still can!"	"Talk"	""
"/Talk/Female/Money/PlayerNo4"	"Умоляю, пощади меня, о свирепый охотник за чужим добром! Вот твои деньги, только отпусти меня, не губи молодую душу!.. Чего? Не видишь денег? Хе-хе, это как раз неудивительно... Тебе вообще известна такая замечательная штука, как чувство юмора? Короче, не получишь ты от меня ни копейки. И это уже не шутка!"	"Lang.dat: Talk.Female.Money.PlayerNo4. Preserve every <tag> exactly. English reference: I beg you to spare me, o ferocious hunter of others' treasures! Take my money, but let me go! Waste not my young, impressionable soul!... What? You don't see any money? Ha, why is this not surprising... Are you even aware of a wonderful thing called sense of humor? Then let me be very clear: you will not get a penny from me. And no, that last part wasn't a joke!"	"Talk"	""
"/Talk/Female/Money/PlayerNo5"	"Хочешь денег? Что ж, попробуй их отнять!"	"Lang.dat: Talk.Female.Money.PlayerNo5. Preserve every <tag> exactly. English reference: You want my money? Well, then, try and take it from me!"	"Talk"	""
"/Talk/Female/Money/PlayerNo6"	"Я воспринимаю подобную просьбу как личное оскорбление, которое можно искупить только кровью. Литра твоей крови мне хватит. Нет? Ну, тогда готовься к смерти!"	"Lang.dat: Talk.Female.Money.PlayerNo6. Preserve every <tag> exactly. English reference: I view such as a request as a personal offense which can only be redeemed with blood. So, are you ready to share a liter of your blood? No? In that case, prepare to die!"	"Talk"	""
"/Talk/Female/Money/PlayerNotMoney"	"Извините, я хочу заплатить, но в данный момент не располагаю требуемой суммой."	"Lang.dat: Talk.Female.Money.PlayerNotMoney. Preserve every <tag> exactly. English reference: Forgive me, I want to pay, but I'm currently lacking the required sum"	"Talk"	""
"/Talk/Female/Money/PlayerNotMoney1"	"К сожалению, у меня не хватает денег. Прошу пощады."	"Lang.dat: Talk.Female.Money.PlayerNotMoney1. Preserve every <tag> exactly. English reference: Unfortunately, I don't have enough money. Mercy!"	"Talk"	""
"/Talk/Female/Money/PlayerNotMoney2"	"Откуда у меня такие деньги? Пожалей бедного космического трудягу!"	"Lang.dat: Talk.Female.Money.PlayerNotMoney2. Preserve every <tag> exactly. English reference: Where would I get that kind of money? Have mercy on a poor space laborer!"	"Talk"	""
"/Talk/Female/Money/PlayerNotMoney3"	"Я бы с радостью заплатил, да только вот денег у меня нет. Жизнь такая!"	"Lang.dat: Talk.Female.Money.PlayerNotMoney3. Preserve every <tag> exactly. English reference: I would gladly pay, but I don't have the money. C'est la vie!"	"Talk"	""
"/Talk/Female/Money/PlayerNotMoney4"	"Да где ж мне такие деньги взять? Думай, чего говоришь!"	"Lang.dat: Talk.Female.Money.PlayerNotMoney4. Preserve every <tag> exactly. English reference: And where am I supposed to get that kind of money? Think about what you're saying!"	"Talk"	""
"/Talk/Female/Money/PlayerNotMoney5"	"Ну, может, я бы и заплатил тебе, да только нету у меня таких денег."	"Lang.dat: Talk.Female.Money.PlayerNotMoney5. Preserve every <tag> exactly. English reference: I would be willing to pay you, only I don't have that kind of money."	"Talk"	""
"/Talk/Female/Money/PlayerNotMoney6"	"У меня при себе нет таких денег. Может, отпустишь меня, чтобы я слетал на планету <HomePlanet> и привез?.."	"Lang.dat: Talk.Female.Money.PlayerNotMoney6. Preserve every <tag> exactly. English reference: I don't have that kind of money on me. Maybe you'll let me fly back to planet <HomePlanet> and bring the money?"	"Talk"	""
"/Talk/Female/Money/PlayerNotMoney7"	"Сожалею, но у меня нет таких денег. Можешь убивать меня, только имей в виду, что я постараюсь подороже продать свою жизнь!.."	"Lang.dat: Talk.Female.Money.PlayerNotMoney7. Preserve every <tag> exactly. English reference: I'm sorry, I don't have that kind of money. You can kill me, if you want, but I won't go down easy!"	"Talk"	""
"/Talk/Female/Money/PlayerNotMoney8"	"Ох, я и рад бы заплатить, но такой кучи бабок у меня нет."	"Lang.dat: Talk.Female.Money.PlayerNotMoney8. Preserve every <tag> exactly. English reference: I wouldn't mind paying, but I ain't got that kind of dough."	"Talk"	""
"/Talk/Female/Money/PlayerNotMoney9"	"Я не располагаю требуемой суммой."	"Lang.dat: Talk.Female.Money.PlayerNotMoney9. Preserve every <tag> exactly. English reference: I don't have the sum you're requesting."	"Talk"	""
"/Talk/Female/Money/PlayerOk"	"Ладно, я согласен выполнить твои требования. Получай свои жалкие деньги."	"Lang.dat: Talk.Female.Money.PlayerOk. Preserve every <tag> exactly. English reference: Fine, I agree to your terms. Take your damn money."	"Talk"	""
"/Talk/Female/Money/PlayerOk1"	"Забирай свои деньги, вымогательница, только отстань от меня."	"Lang.dat: Talk.Female.Money.PlayerOk1. Preserve every <tag> exactly. English reference: Take your money, you gangster, and let me be."	"Talk"	""
"/Talk/Female/Money/PlayerOk2"	"Ладно, девка, так уж и быть, бери деньги и уматывай, пока я не передумал и не отобрал их обратно!"	"Lang.dat: Talk.Female.Money.PlayerOk2. Preserve every <tag> exactly. English reference: Fine, fine. Take your money and get out of here before I change my mind and take it back!"	"Talk"	""
"/Talk/Female/Money/PlayerOk3"	"Ну, вот твои грязные деньги, довольна? Надеюсь, теперь я могу лететь дальше?"	"Lang.dat: Talk.Female.Money.PlayerOk3. Preserve every <tag> exactly. English reference: There's your dirty money, are you happy now? Can I be on my way now?"	"Talk"	""
"/Talk/Female/Money/PlayerOk4"	"Ну хорошо, хорошо, вот твои деньги, надеюсь, теперь ты отцепишься от меня?"	"Lang.dat: Talk.Female.Money.PlayerOk4. Preserve every <tag> exactly. English reference: Fine, take your money and get off my back!"	"Talk"	""
"/Talk/Female/Money/PlayerOk5"	"Ну ты и мерзавка! Я столько времени на новое оружие деньги копил, а теперь вот приходится тебе отдавать. Ну ничего, я еще поставлю себе крутые пушечки, и тогда ты еще повымаливаешь у меня пощаду, когда мы снова встретимся..."	"Lang.dat: Talk.Female.Money.PlayerOk5. Preserve every <tag> exactly. English reference: You are such a bastard! I've been saving up for new weapons for so long, and now I'm losing it all to you... I'll remember this, though. Once I install brand new guns on my ship, you'll be singing a different tune the next time we meet!"	"Talk"	""
"/Talk/Female/Money/PlayerOk6"	"Ну, что ж, вот твои деньги, только не слишком радуйся! Я тебя хорошо запомнил, и, поверь мне, еще придет то время, когда ты мне вернешь эту сумму с процентами!.."	"Lang.dat: Talk.Female.Money.PlayerOk6. Preserve every <tag> exactly. English reference: Here, take your money, but don't look so smug! I won't forget this, and believe me when I say the time will come when you'll repay this loan to me with interest!"	"Talk"	""
"/Talk/Female/Money/PlayerSend"	"Мне нужны деньги, и ты мне их дашь"	"Lang.dat: Talk.Female.Money.PlayerSend. Preserve every <tag> exactly. English reference: I need money, and I need you to give it to me"	"Talk"	""
"/Talk/Female/Money/PlayerSend1"	"Гони деньги, красотка"	"Lang.dat: Talk.Female.Money.PlayerSend1. Preserve every <tag> exactly. English reference: Hand over the dough, beautiful"	"Talk"	""
"/Talk/Female/Money/PlayerSend2"	"Кошелек или жизнь!"	"Lang.dat: Talk.Female.Money.PlayerSend2. Preserve every <tag> exactly. English reference: Your wallet or your life!"	"Talk"	""
"/Talk/Female/Money/PlayerSend3"	"Поделись-ка со мной своими сбережениями"	"Lang.dat: Talk.Female.Money.PlayerSend3. Preserve every <tag> exactly. English reference: Share some of your savings with me"	"Talk"	""
"/Talk/Female/Money/PlayerSend4"	"Ты должна заплатить мне за проезд"	"Lang.dat: Talk.Female.Money.PlayerSend4. Preserve every <tag> exactly. English reference: You have to pay me a fee for passage"	"Talk"	""
"/Talk/Female/Money/PlayerSend5"	"Дай денег, а то пожалеешь"	"Lang.dat: Talk.Female.Money.PlayerSend5. Preserve every <tag> exactly. English reference: Give me money, or else"	"Talk"	""
"/Talk/Female/Money/PlayerSend6"	"Выворачивай карманы, это ограбление!"	"Lang.dat: Talk.Female.Money.PlayerSend6. Preserve every <tag> exactly. English reference: Empty your pockets, this is a robbery!"	"Talk"	""
"/Talk/Female/Money/PlayerSendSum"	"Сумма в <Money> cr меня бы устроила"	"Lang.dat: Talk.Female.Money.PlayerSendSum. Preserve every <tag> exactly. English reference: I reckon <Money> cr would satisfy me"	"Talk"	""
"/Talk/Female/Money/PlayerSendSum1"	"Думаю, твоя жизнь стоит ровно <Money> cr"	"Lang.dat: Talk.Female.Money.PlayerSendSum1. Preserve every <tag> exactly. English reference: I figure your life is worth exactly <Money> cr"	"Talk"	""
"/Talk/Female/Money/PlayerSendSum2"	"Дай <Money> cr и можешь лететь дальше"	"Lang.dat: Talk.Female.Money.PlayerSendSum2. Preserve every <tag> exactly. English reference: Give me <Money> cr and I'll let you go"	"Talk"	""
"/Talk/Female/Money/PlayerSendSum3"	"Мне немного надо - всего <Money> cr"	"Lang.dat: Talk.Female.Money.PlayerSendSum3. Preserve every <tag> exactly. English reference: I don't need much -- <Money> cr will be enough"	"Talk"	""
"/Talk/Female/Money/RangerLongDistance"	"Ты вообще попробуй меня догнать сначала, а потом приставай с подобными заявлениями и угрозами!"	"Lang.dat: Talk.Female.Money.RangerLongDistance. Preserve every <tag> exactly. English reference: Try to catch me first before you start spewing demands and threats!"	"Talk"	""
"/Talk/Female/Money/RangerLongDistance1"	"Ты меня вообще-то догони сначала, а уж потом предъявляй претензии! Заодно проверим, у кого движок круче."	"Lang.dat: Talk.Female.Money.RangerLongDistance1. Preserve every <tag> exactly. English reference: Before you start making demands, try catching me first! We'll see whose engine comes out on top."	"Talk"	""
"/Talk/Female/Money/RangerLongDistance2"	"Подлети-ка сначала поближе, парень, тогда и выясним, кому принадлежат мои деньги..."	"Lang.dat: Talk.Female.Money.RangerLongDistance2. Preserve every <tag> exactly. English reference: Come a little closer, boy, then we'll see who owes money to whom..."	"Talk"	""
"/Talk/Female/Money/RangerLongDistance3"	"Дружок, твои пушки до меня сейчас не могут дотянуться, я слишком далеко! Подумай, что будет, если я откажусь заплатить?.. Ты погрозишь мне кулаком? Страшно, конечно, но не настолько, чтобы я отдала тебе свои деньги..."	"Lang.dat: Talk.Female.Money.RangerLongDistance3. Preserve every <tag> exactly. English reference: Dude, I'm way outside the range of your shooters! What's going to happen if I refuse to pay? Will you blow steam out of your mouth? Sure, I'm scared, but not scared enough to hand over my money..."	"Talk"	""
"/Talk/Female/Money/RangerLongDistance4"	"Ты действительно думаешь, что сможешь меня догнать и заставить отдать тебе деньги?.. Ну, что ж, попробуй, попробуй..."	"Lang.dat: Talk.Female.Money.RangerLongDistance4. Preserve every <tag> exactly. English reference: Do you really think you can catch me and shake me down? Well, go ahead and try!"	"Talk"	""
"/Talk/Female/Money/RangerLongDistance5"	"Ну, знаешь!.. Я никогда не платила денег выродкам вроде тебя и не собираюсь платить, особенно когда вы находитесь так далеко!"	"Lang.dat: Talk.Female.Money.RangerLongDistance5. Preserve every <tag> exactly. English reference: Listen, man... I have never paid tribute to degenerates like you, and I'm not about to start, especially when you're so far away!"	"Talk"	""
"/Talk/Female/Money/RangerLongDistance6"	"Тебе не повезло, я не из пугливых, особенно когда меня пытаются запугать с такого расстояния! Признайся честно, ты просто боишься подлететь ближе, да? Так вот, не будет тебе никаких денег!"	"Lang.dat: Talk.Female.Money.RangerLongDistance6. Preserve every <tag> exactly. English reference: I don't scare easily, especially when the bully is so far away! Admit it, you're just scared of flying closer, aren't you? Which means you won't get any money here!"	"Talk"	""
"/Talk/Female/Money/RangerLongDistance7"	"Не думаю, что ты сможешь меня догнать - слишком уж мы сейчас далеко друг от друга. Сам подумай, есть ли тогда для меня вообще смысл платить тебе деньги?.."	"Lang.dat: Talk.Female.Money.RangerLongDistance7. Preserve every <tag> exactly. English reference: I really don't think you'll be able to catch me -- we're too far from one another. Therefore, I don't see any reason to pay you anything!"	"Talk"	""
"/Talk/Female/Money/RangerLongDistance8"	"Мне почему-то совсем не страшно... Может быть, потому, что твой корабль едва видно?.. Попробуй-ка сначала меня догнать, наглец, а уж потом вымогай деньги!"	"Lang.dat: Talk.Female.Money.RangerLongDistance8. Preserve every <tag> exactly. English reference: For some reason, I'm not at all scared... Could it be it's 'cause your ship is barely in the vicinity? Try to catch me first, you jerk, before you start shaking me down!"	"Talk"	""
"/Talk/Female/Money/RangerNo"	"Я никому не плачу денег, и моя честь выше любых притязаний. А мое раздражение может перейти в крайне жесткие меры. Я доступно все объяснила?!"	"Lang.dat: Talk.Female.Money.RangerNo. Preserve every <tag> exactly. English reference: I never pay tribute to anyone, for my honor is beyond reproach. Keep pestering me and I'll be forced to take extreme measures. Am I making myself clear?!"	"Talk"	""
"/Talk/Female/Money/RangerNo1"	"Буду считать это неудачной шуткой, парень. Не стоит выводить меня из равновесия."	"Lang.dat: Talk.Female.Money.RangerNo1. Preserve every <tag> exactly. English reference: Let's call this a bad joke on your part, boy. Don't push me, lest you regret it."	"Talk"	""
"/Talk/Female/Money/RangerNo2"	"Грабишь слабую девушку, джентльмен? Ха, даже и не мечтай! Я глупцов, вроде тебя, каждый день как орехи щелкаю."	"Lang.dat: Talk.Female.Money.RangerNo2. Preserve every <tag> exactly. English reference: Gentleman robbing a defenseless lady? Ha, you wish! I crack fools like you open like peanuts."	"Talk"	""
"/Talk/Female/Money/RangerNo3"	"Денег моих требуешь? Ну и ну! Тебе, видно, жить надоело? Ничто не радует? Жизнь кажется серой и унылой? Стремишься принять смерть в бою? Бедняга! Что ж, я могу тебе это устроить..."	"Lang.dat: Talk.Female.Money.RangerNo3. Preserve every <tag> exactly. English reference: You? Demanding money from me? Well, I'll be! You must have a death wish! Do you feel depressed? Does life seem gray and without joy? Do you dream of a heroic death in battle? Poor sod! But hey, I can make that happen for you real quick..."	"Talk"	""
"/Talk/Female/Money/RangerNo4"	"Иди поиграй в песочек, малыш, тебе не тягаться с такой крутой девушкой, как я! Серьезно, улетай, пока я орудия не расчехлила!"	"Lang.dat: Talk.Female.Money.RangerNo4. Preserve every <tag> exactly. English reference: Go back to your sandbox, son, you can't hang with a chick of my caliber! This is your last warning. Get out of here before I whoop your posterior!"	"Talk"	""
"/Talk/Female/Money/RangerNo5"	"Умоляю, пощади меня, о свирепый охотник за чужим добром! Вот твои деньги, только отпусти меня, не губи, я еще так молода!.. Чего? Не видишь денег? Ха-ха, видел бы ты свою рожу сейчас! Думал, я серьезно? Проваливай, пока я твой кораблик на металлолом не пустила!"	"Lang.dat: Talk.Female.Money.RangerNo5. Preserve every <tag> exactly. English reference: I beg you to spare me, o ferocious hunter of others' treasures! Take my money, but let me go! Waste not my young, impressionable soul!... What? You don't see any money? Ha-ha, if you could see your own face right now! You thought I was serious? Get out of here before I smash your ship into a heap of scrap metal!"	"Talk"	""
"/Talk/Female/Money/RangerNo6"	"Ты думаешь, раз я девушка, то не могу за себя постоять? Это заблуждение стало для многих мужчин фатальным, так что не повторяй их ошибку и отвали от меня прямо сейчас!"	"Lang.dat: Talk.Female.Money.RangerNo6. Preserve every <tag> exactly. English reference: You think just 'cause I'm a girl I can't take care of myself? Many men have lost their lives with that kind of backwards thinking. I suggest you don't repeat their mistakes and get out of my face!"	"Talk"	""
"/Talk/Female/Money/RangerOk"	"Ну хорошо, хорошо, вот твои деньги, надеюсь, теперь ты отцепишься от меня?"	"Lang.dat: Talk.Female.Money.RangerOk. Preserve every <tag> exactly. English reference: Fine, take your money and get off my back!"	"Talk"	""
"/Talk/Female/Money/RangerSumIsVeryBig"	"Я признаю, что ты крут, но для меня это слишком большие деньги. Я считаю, что тебе следует поумерить свои запросы."	"Lang.dat: Talk.Female.Money.RangerSumIsVeryBig. Preserve every <tag> exactly. English reference: Look, I can see that you're tough, but that's too rich for my blood. I suggest you lower your expectations a bit."	"Talk"	""
"/Talk/Female/Money/RangerSumIsVeryBig1"	"Да я, в принципе, не против заплатить, но больно уж много ты просишь. Может, сойдемся на меньшей сумме?"	"Lang.dat: Talk.Female.Money.RangerSumIsVeryBig1. Preserve every <tag> exactly. English reference: I'm not averse to paying, but you're asking way too much. Maybe we can agree on a smaller sum?"	"Talk"	""
"/Talk/Female/Money/RangerSumIsVeryBig2"	"Не стыдно грабить девушку? А еще рейнджер. Сделай хоть скидку за красивые глазки."	"Lang.dat: Talk.Female.Money.RangerSumIsVeryBig2. Preserve every <tag> exactly. English reference: Picking on a girl? Where are your manners?! And you call yourself a ranger... You could at least give me a discount for my lovely eyes."	"Talk"	""
"/Talk/Female/Money/RangerSumIsVeryBig3"	"Тебя, наверное, во время боя контузило, иначе откуда такая наглость? Назови сумму поменьше, иначе вообще не увидишь денег!"	"Lang.dat: Talk.Female.Money.RangerSumIsVeryBig3. Preserve every <tag> exactly. English reference: Were you dropped on your head as a baby or something? How else do you explain such ballsiness? Lower your demands or you won't get any money at all!"	"Talk"	""
"/Talk/Female/Money/RangerSumIsVeryBig4"	"Плохо дело. У меня столько не наберется, если я даже все карманы и бардачки вытряхну. Может, скидочку сделаешь, как представительнице слабого пола?"	"Lang.dat: Talk.Female.Money.RangerSumIsVeryBig4. Preserve every <tag> exactly. English reference: This is bad. Even if I clean out every cache on the ship, there still won't be enough. Maybe you could give me a fairer sex discount?"	"Talk"	""
"/Talk/Female/Money/Send"	"Мне довольно неудобно это говорить, но положение критическое, так что одолжи мне <Money> cr."	"Lang.dat: Talk.Female.Money.Send. Preserve every <tag> exactly. English reference: This is awkward, but my situation is critical so I must ask you to loan me <Money> cr."	"Talk"	""
"/Talk/Female/Money/Send1"	"Приятель, подкинь мне <Money> cr Мне очень нужно, поверь, дело серьезноe."	"Lang.dat: Talk.Female.Money.Send1. Preserve every <tag> exactly. English reference: Hey, pal, could you float me <Money> cr? Trust me, I really need it."	"Talk"	""
"/Talk/Female/Money/Send2"	"Дружище, подкинь мелочи. Мне много не нужно, всего-то <Money> cr. Поверь, я не для развлечения спрашиваю, судьба Коалиции на весах..."	"Lang.dat: Talk.Female.Money.Send2. Preserve every <tag> exactly. English reference: Buddy, loan me some cash. I don't need much, only <Money> cr. Trust me, it's not for personal gain. The Coalition's fate rests on this money..."	"Talk"	""
"/Talk/Female/Money/WeAlreadyHavePact"	"Братишка, у тебя серьезные проблемы с головой. Тебя чувство дежавю не мучает? Мы ведь уже мирились ранее."	"Lang.dat: Talk.Female.Money.WeAlreadyHavePact. Preserve every <tag> exactly. English reference: You've got serious mental issues, bud. Do you suffer from deja vu? We've made peace before, remember?"	"Talk"	""
"/Talk/Female/Money/WeAlreadyHavePact1"	"Если мне не изменяет память, я уже слышала когда-то от тебя похожие слова. И еще я отчетливо помню, что ты снова напал на меня, несмотря на уговоры. Так что гуляй, парниша."	"Lang.dat: Talk.Female.Money.WeAlreadyHavePact1. Preserve every <tag> exactly. English reference: If memory serves me right, I've already heard similar words from you before. I also distinctly remember you attacking me again, our truce notwithstanding. So take a hike!"	"Talk"	""
"/Talk/Female/Partner/AlreadyHavePartner"	"Извини, но мой партнер рейнджер <Partner>. Ну, не в том смысле, что он мой партнер, просто я на него работаю!"	"Lang.dat: Talk.Female.Partner.AlreadyHavePartner. Preserve every <tag> exactly. English reference: Sorry, but I already have a partner in ranger <Partner>. Well, he's not really a partner, more like I work for him!"	"Talk"	""
"/Talk/Female/Partner/AlreadyHavePartner1"	"Ты опоздал, приятель, меня уже нанял рейнджер <Partner>. И меня работа под его командованием вполне устраивает."	"Lang.dat: Talk.Female.Partner.AlreadyHavePartner1. Preserve every <tag> exactly. English reference: You are late, buddy, I've already been hired by ranger <Partner>. And I'm perfectly happy under his command."	"Talk"	""
"/Talk/Female/Partner/AnswerLiderBreak"	"Я заплатил тебе, а ты нарушила наш договор. Надо бы тебя проучить!"	"Lang.dat: Talk.Female.Partner.AnswerLiderBreak. Preserve every <tag> exactly. English reference: I paid you, and you went right out and broke our agreement. You could use a lesson here."	"Talk"	""
"/Talk/Female/Partner/AnswerLiderRiot"	"Да ты здесь особо и не нужна. Только проблемы создаешь!"	"Lang.dat: Talk.Female.Partner.AnswerLiderRiot. Preserve every <tag> exactly. English reference: It's not like we really need you here. You are more trouble than you are worth."	"Talk"	""
"/Talk/Female/Partner/AnswerLiderRiot1"	"От вас, девушек, одни проблемы! Проваливай, мне не нужен такой работник."	"Lang.dat: Talk.Female.Partner.AnswerLiderRiot1. Preserve every <tag> exactly. English reference: You girls are nothing but trouble! Scat, I have no need for a worker like you."	"Talk"	""
"/Talk/Female/Partner/AnswerLiderTheEnd"	"Эх, жаль, ты не раз меня выручала в трудную минуту. Сейчас посмотрю на свои финансы и, возможно, продлю наш контракт."	"Lang.dat: Talk.Female.Partner.AnswerLiderTheEnd. Preserve every <tag> exactly. English reference: It's a pity indeed; you have saved my hide quite a few times. Let me check what my finances are, and then I may even renew your contract."	"Talk"	""
"/Talk/Female/Partner/AnswerLiderTheEnd1"	"Да, жаль терять такую лихую красотку, как ты. Сейчас прикину, сколько у меня денег, и составим новый контракт."	"Lang.dat: Talk.Female.Partner.AnswerLiderTheEnd1. Preserve every <tag> exactly. English reference: Yes, it would be a disgrace to lose such a tough chick as yourself. Let me just see what the money story is, and we'll write a new contract."	"Talk"	""
"/Talk/Female/Partner/AnswerLiderTheEndLowLeadership"	"Ну и дела. Я рассчитывал на твою помощь. Что ж, очень жаль. Пока."	"Lang.dat: Talk.Female.Partner.AnswerLiderTheEndLowLeadership. Preserve every <tag> exactly. English reference: What a mess. I was counting on your help. That's too bad. So long."	"Talk"	""
"/Talk/Female/Partner/AnswerLiderTheEndLowLeadership1"	"Могла бы и доработать контракт... ну да ладно, удачи тебе на просторах космоса."	"Lang.dat: Talk.Female.Partner.AnswerLiderTheEndLowLeadership1. Preserve every <tag> exactly. English reference: I could rework the contract... whatever, good luck to you out in the vastness of space."	"Talk"	""
"/Talk/Female/Partner/ComputerAgreeFlyToMe"	"Оки-доки, босс! Я следую за тобой!"	"Lang.dat: Talk.Female.Partner.ComputerAgreeFlyToMe. Preserve every <tag> exactly. English reference: Oki doki, boss! You lead, I'll follow!"	"Talk"	""
"/Talk/Female/Partner/ComputerAgreeFlyToStar/0"	"Так точно, босс. Держу курс на систему <Star>. Надеюсь, там найдется что-нибудь вкусненькое..."	"Lang.dat: Talk.Female.Partner.ComputerAgreeFlyToStar.0. Preserve every <tag> exactly. English reference: Affirmative, boss. Heading towards the <Star> system. Let's hope there's something tasty there..."	"Talk"	""
"/Talk/Female/Partner/ComputerAgreeFlyToStar/1"	"Только ты предупреждай заранее, если наши планы изменятся."	"Lang.dat: Talk.Female.Partner.ComputerAgreeFlyToStar.1. Preserve every <tag> exactly. English reference: Please give advance warning if your plans change."	"Talk"	""
"/Talk/Female/Partner/ComputerAgreeLandingToObject/0"	"Слушаюсь и повинуюсь, хи-хи! Если я верно поняла, мы совершаем посадку на <ObjectName>."	"Lang.dat: Talk.Female.Partner.ComputerAgreeLandingToObject.0. Preserve every <tag> exactly. English reference: I'm all ears and ready to obey, he-he! If I understood you correctly, we are landing on <ObjectName>."	"Talk"	""
"/Talk/Female/Partner/ComputerAgreeLandingToObject/1"	"Курс проложен, все системы работают нормально. Я лечууу!.."	"Lang.dat: Talk.Female.Partner.ComputerAgreeLandingToObject.1. Preserve every <tag> exactly. English reference: Course charted, all systems in the green. I'm taking off!"	"Talk"	""
"/Talk/Female/Partner/ComputerDismissBad"	"Что?! Я на него пашу как проклятая, а в ответ никакой благодарности! Ууу, сейчас я тебе покажу, кто тут кому надоел!"	"Lang.dat: Talk.Female.Partner.ComputerDismissBad. Preserve every <tag> exactly. English reference: What?! I slave away for him like there's no tomorrow, and what do I get in exchange? Not even a thank you! I am gonna show you now who is sick and tired of whom!"	"Talk"	""
"/Talk/Female/Partner/ComputerDismissGood"	"Ну, ладно, <Player>, удачи тебе. Может еще увидимся."	"Lang.dat: Talk.Female.Partner.ComputerDismissGood. Preserve every <tag> exactly. English reference: All right, <Player>, good luck to you! Maybe we'll see each other again."	"Talk"	""
"/Talk/Female/Partner/ComputerDismissNo"	"Ну и шуточки у тебя, <Player>. Дурак."	"Lang.dat: Talk.Female.Partner.ComputerDismissNo. Preserve every <tag> exactly. English reference: You and your jokes, <Player>! Idiot."	"Talk"	""
"/Talk/Female/Partner/ComputerDismissQuestion"	"В чем дело, <Player>? Разве я плохо выполняю наши контрактные обязательства?"	"Lang.dat: Talk.Female.Partner.ComputerDismissQuestion. Preserve every <tag> exactly. English reference: What gives, <Player>? Am I not fulfilling my contractual obligations?"	"Talk"	""
"/Talk/Female/Partner/ComputerDropCargoNo"	"Да нет у меня ничего лишнего в трюме. Если не веришь, воспользуйся сканером!"	"Lang.dat: Talk.Female.Partner.ComputerDropCargoNo. Preserve every <tag> exactly. English reference: But I don't have anything to spare down there in the cargo bay. Well, if you don't believe me, use your scanner!"	"Talk"	""
"/Talk/Female/Partner/ComputerDropCargoNo1"	"Босс! Я бы выкинула весь свой груз, но ничего нет. Лечу налегке. Имеешь еще что-то сказать?"	"Lang.dat: Talk.Female.Partner.ComputerDropCargoNo1. Preserve every <tag> exactly. English reference: Boss! I'd dump all the cargo, but I ain't got any. Traveling light, you know. Got anything else to say?"	"Talk"	""
"/Talk/Female/Partner/ComputerDropCargoOk"	"Я, конечно, обязана подчиняться, и выкину груз, но имей в виду, что это больше похоже на грабеж, чем на партнерские отношения."	"Lang.dat: Talk.Female.Partner.ComputerDropCargoOk. Preserve every <tag> exactly. English reference: Well, I have to comply, of course, and I'll dump the cargo all right, but this isn't no partnership. Robbery on the high seas, that's what it is."	"Talk"	""
"/Talk/Female/Partner/ComputerDropCargoOk1"	"Ну ты и нахал, <Player>. Я служу тебе верой и правдой, а ты этим пользуешься и отнимаешь у меня честно нажитое добро. Так дела не делаются."	"Lang.dat: Talk.Female.Partner.ComputerDropCargoOk1. Preserve every <tag> exactly. English reference: You have quite the gall, <Player>! I serve you hand and foot, and you're taking my hard-earned loot. No, that's not how you do it."	"Talk"	""
"/Talk/Female/Partner/ComputerDropCargoOk2"	"Хорошо, сейчас выкину груз. Но я не могу сказать, что мне нравится твоя идея. Даже скажу, что она мне не нравится."	"Lang.dat: Talk.Female.Partner.ComputerDropCargoOk2. Preserve every <tag> exactly. English reference: All right, I am going to dump the cargo. But I can't say I like this idea of yours. In fact, I very much don't like it."	"Talk"	""
"/Talk/Female/Partner/ComputerInFear"	"Эм, прости, но мне сейчас не до работы. Нужно срочно сматываться, пока хвост не подпалили."	"Lang.dat: Talk.Female.Partner.ComputerInFear. Preserve every <tag> exactly. English reference: Umm, sorry, I don't have time for a job right now. I need to hightail from here before I get burned."	"Talk"	""
"/Talk/Female/Partner/ComputerInFear1"	"Да ты смеешься что ли?! Смотри, что вокруг творится! Мне нужно срочно залатать дыры, поговорим позже!"	"Lang.dat: Talk.Female.Partner.ComputerInFear1. Preserve every <tag> exactly. English reference: You're joking, right? Look at what's happening! I need to patch up my holes first, we'll talk later!"	"Talk"	""
"/Talk/Female/Partner/ComputerSayNo"	"За жалкие <Money> cr я не стану на тебя работать. Мне нужен нормальный контракт и хорошие условия работы."	"Lang.dat: Talk.Female.Partner.ComputerSayNo. Preserve every <tag> exactly. English reference: I am not going to work for you for these miserable <Money> cr. I need a good contract and adequate work conditions."	"Talk"	""
"/Talk/Female/Partner/ComputerSayNo1"	"Нет, спасибо, я себя не в помойке нашла, чтобы горбатиться на тебя за <Money> cr."	"Lang.dat: Talk.Female.Partner.ComputerSayNo1. Preserve every <tag> exactly. English reference: Sorry, but you didn't find me in the dumpster to offer me slave wages like <Money> cr."	"Talk"	""
"/Talk/Female/Partner/ComputerSayOk"	"За <Money> cr я готова работать на тебя <Month> мес. Если считаешь это слишком маленьким сроком, то можешь удвоить сумму."	"Lang.dat: Talk.Female.Partner.ComputerSayOk. Preserve every <tag> exactly. English reference: For <Money> cr, I am all yours for <Month> months. If you don't think it's long enough, how about you double the amount?"	"Talk"	""
"/Talk/Female/Partner/ComputerSayOk1"	"Что ж, тебе повезло, что я сейчас ничем не занята. За <Money> cr я могу поработать на тебя <Month> месяцев. На это время я доверяю тебе свою жизнь, постарайся меня не угробить."	"Lang.dat: Talk.Female.Partner.ComputerSayOk1. Preserve every <tag> exactly. English reference: Well, you're in luck -- I happen to be available at the moment. For <Money> cr, I'm willing to work for you for <Month> months. But I'm putting my life in your hands, so please take care of it."	"Talk"	""
"/Talk/Female/Partner/ComputerSayOk2"	"За <Money> cr и ежедневное лицезрение твоей симпатичной мордашки я могу поработать на тебя <Month> месяцев. Но ты учти, что я девушка, не посылай меня воевать в самое пекло."	"Lang.dat: Talk.Female.Partner.ComputerSayOk2. Preserve every <tag> exactly. English reference: For <Money> cr and the pleasure of seeing your handsome face every day, I'm willing to work for you for <Month> months. But don't forget that I'm a girl, so don't be sending me into the thick of battle."	"Talk"	""
"/Talk/Female/Partner/FinancesCheck"	"Как твое финансовое положение?"	"Lang.dat: Talk.Female.Partner.FinancesCheck. Preserve every <tag> exactly. English reference: What is your financial situation?"	"Talk"	""
"/Talk/Female/Partner/FinancesConfirmed"	"Ясно"	"Lang.dat: Talk.Female.Partner.FinancesConfirmed. Preserve every <tag> exactly. English reference: Roger that."	"Talk"	""
"/Talk/Female/Partner/FinancesGotGift"	"Спасибо, теперь на моем счету <Money> cr."	"Lang.dat: Talk.Female.Partner.FinancesGotGift. Preserve every <tag> exactly. English reference: Thanks, now I have <Money> cr. on my account."	"Talk"	""
"/Talk/Female/Partner/FinancesOfferGift"	"Дать денег напарнику"	"Lang.dat: Talk.Female.Partner.FinancesOfferGift. Preserve every <tag> exactly. English reference: Give money to partner."	"Talk"	""
"/Talk/Female/Partner/FinancesReport"	"<Player>, у меня на счету <Money> cr."	"Lang.dat: Talk.Female.Partner.FinancesReport. Preserve every <tag> exactly. English reference: <Player>, I've got <Money> cr. on my account."	"Talk"	""
"/Talk/Female/Partner/FinancesSendGift"	"Возьми <Money> cr."	"Lang.dat: Talk.Female.Partner.FinancesSendGift. Preserve every <tag> exactly. English reference: Take <Money> cr."	"Talk"	""
"/Talk/Female/Partner/FinancesWaitForGift"	"Итак, <Player>, сколько ты готов мне подкинуть?"	"Lang.dat: Talk.Female.Partner.FinancesWaitForGift. Preserve every <tag> exactly. English reference: So, <Player>, how much money can you transfer to me?"	"Talk"	""
"/Talk/Female/Partner/FlyToMe"	"Хватит марафет наводить, лети за мной, дело есть"	"Lang.dat: Talk.Female.Partner.FlyToMe. Preserve every <tag> exactly. English reference: Quit sprucing up and follow me, there's a job to do"	"Talk"	""
"/Talk/Female/Partner/FlyToMe1"	"Лети скорее за мной, деньги будем зарабатывать"	"Lang.dat: Talk.Female.Partner.FlyToMe1. Preserve every <tag> exactly. English reference: Quick, follow me, there's money to be made"	"Talk"	""
"/Talk/Female/Partner/FlyToStar"	"Совершаем гиперпрыжок в систему <Star>"	"Lang.dat: Talk.Female.Partner.FlyToStar. Preserve every <tag> exactly. English reference: We are making a hyperjump to the <Star> system."	"Talk"	""
"/Talk/Female/Partner/ILeader"	"Я кошка, которая гуляет сама по себе. Никто не смеет мне приказывать, мяу. ^_^"	"Lang.dat: Talk.Female.Partner.ILeader. Preserve every <tag> exactly. English reference: I'm the kind of kitty who keeps to herself. Nobody tells me what to do, meow. ^_^"	"Talk"	""
"/Talk/Female/Partner/ILeader1"	"Меня никто не нанимает, это я сама нанимаю других! Тебе можно у меня поучиться."	"Lang.dat: Talk.Female.Partner.ILeader1. Preserve every <tag> exactly."	"Talk"	""
"/Talk/Female/Partner/IsOrderForAll"	"Это приказ по группе или лично мне?"	"Lang.dat: Talk.Female.Partner.IsOrderForAll. Preserve every <tag> exactly. English reference: Is it a group order or something for me personally?"	"Talk"	""
"/Talk/Female/Partner/LandingToObject"	"Совершаем посадку на <ObjectName>"	"Lang.dat: Talk.Female.Partner.LandingToObject. Preserve every <tag> exactly. English reference: We are landing on <ObjectName>"	"Talk"	""
"/Talk/Female/Partner/MateBreak"	"Я была твоим партнером, но ты постоянно совершаешь действия, противоречащие моим принципам. Поэтому я отказываюсь от партнерства."	"Lang.dat: Talk.Female.Partner.MateBreak. Preserve every <tag> exactly. English reference: I used to be your partner but you always act against my principles. For that reason, I do not want to be your partner anymore."	"Talk"	""
"/Talk/Female/Partner/MateBreak1"	"Мне совсем не нравится быть твоим партнером. Ты не такой, каким показался мне вначале. Прощай."	"Lang.dat: Talk.Female.Partner.MateBreak1. Preserve every <tag> exactly. English reference: I do not like being your partner at all. You are not at all like you first seemed to be. Goodbye!"	"Talk"	""
"/Talk/Female/Partner/MateRiot"	"Всё, с меня хватит! Больше я не намерена терпеть издевательства над собой. Наведи сначала порядок у себя в команде, а потом может быть и поговорим о партнерстве."	"Lang.dat: Talk.Female.Partner.MateRiot. Preserve every <tag> exactly. English reference: That's it, I've had it! I am not going to put up with any more abuse. First put your own team in order, and then, just maybe, we can talk about a partnership."	"Talk"	""
"/Talk/Female/Partner/MateTheEnd"	"Слушай, срок нашего контракта закончился, и теперь я вольна делать все, что захочу."	"Lang.dat: Talk.Female.Partner.MateTheEnd. Preserve every <tag> exactly. English reference: Look, our contract has expired and now I am free to do as I please."	"Talk"	""
"/Talk/Female/Partner/MateTheEnd1"	"Имей в виду, срок моего контракта подошел к концу. Я честно выполнила свои обязательства."	"Lang.dat: Talk.Female.Partner.MateTheEnd1. Preserve every <tag> exactly. English reference: Note that my contract has come to an end. I did my part in good faith."	"Talk"	""
"/Talk/Female/Partner/MateTheEndLowLeadership"	"Эй, <Player>, что это с твоими навыками лидерства? Раньше мне казалось, что ты более крут. Неужели зрение меня подвело... в любом случае, я досрочно разрываю наш контракт. Увидимся."	"Lang.dat: Talk.Female.Partner.MateTheEndLowLeadership. Preserve every <tag> exactly. English reference: Hey, <Player>, what's up with your leadership skills? I thought you were more hardcore before. Maybe my vision is messing with me... In any event, I'm prematurely terminating our contract. See ya later."	"Talk"	""
"/Talk/Female/Partner/MateTheEndLowLeadership1"	"У меня для тебя две новости, <Player>, хорошая и плохая. Плохая заключается в том, что я больше не буду на тебя работать, потому что для меня позор летать под началом рейнджера со столь низким уровнем лидерства. А хорошая новость в том, что как только ты поднаберешься опыта по части командной игры - я снова поработаю с тобой, если ты захочешь."	"Lang.dat: Talk.Female.Partner.MateTheEndLowLeadership1. Preserve every <tag> exactly. English reference: <Player>, I have two pieces of news for you: good and bad. The bad news is that I'm not going to work for you anymore, because I'm embarrassed to work under a ranger with such meager leadership skills. The good news is that as soon as you gain experience in teamwork, I'll work for you again - if you'd like."	"Talk"	""
"/Talk/Female/Partner/NeedLeadership/0"	"Ты не похож на лидера, <Ranger>. У тебя такая физиономия, будто ты неделю назад из деревни прилетел."	"Lang.dat: Talk.Female.Partner.NeedLeadership.0. Preserve every <tag> exactly. English reference: You don't look like a leader, <Ranger>. Looking at you, I would bet you had just gotten off the boat a week ago."	"Talk"	""
"/Talk/Female/Partner/NeedLeadership/1"	"Советую развить в себе навык лидерства, а то пока тебе просто бессмысленно заниматься поиском партнеров."	"Lang.dat: Talk.Female.Partner.NeedLeadership.1. Preserve every <tag> exactly. English reference: If I were you, I'd concentrate on honing my leadership skills first. Until you do that, it makes little sense to look for partners."	"Talk"	""
"/Talk/Female/Partner/NeedLeadership1"	"Нет-нет, я буду работать только с крутыми парнями, имена которых гремят на всю галактику. Да и на лицо ты совсем не красавчик."	"Lang.dat: Talk.Female.Partner.NeedLeadership1. Preserve every <tag> exactly. English reference: Nope, sorry, I'm only willing to work for super-cool dudes whose names resound throughout the Galaxy. Besides, you're not much to look at either."	"Talk"	""
"/Talk/Female/Partner/Ok/0"	"О'кей, я буду служить тебе <Month> мес. Обязуюсь всегда быть рядом и приходить на помощь в минуты опасности."	"Lang.dat: Talk.Female.Partner.Ok.0. Preserve every <tag> exactly. English reference: OK, I'll serve you for <Month> months. I hereby undertake to always be nearby and help you when you are in danger."	"Talk"	""
"/Talk/Female/Partner/Ok/1"	"Только свистни, и мои крутые стволы в твоем распоряжении, <Ranger>."	"Lang.dat: Talk.Female.Partner.Ok.1. Preserve every <tag> exactly. English reference: Just holler, <Ranger>, and my big guns will be at your disposal."	"Talk"	""
"/Talk/Female/Partner/Ok1/0"	"По рукам. Мой корабль в твоем распоряжении на <Month> мес."	"Lang.dat: Talk.Female.Partner.Ok1.0. Preserve every <tag> exactly. English reference: Deal. My ship is at your disposal for <Month> months."	"Talk"	""
"/Talk/Female/Partner/Ok1/1"	"Я буду душой и телом с тобой, <Ranger>, в минуты горя и радости, пока смерть не разлучит нас. Но руки не распускай, а то я их тебе укорочу и даже не посмотрю, что ты мой босс!"	"Lang.dat: Talk.Female.Partner.Ok1.1. Preserve every <tag> exactly. English reference: I'll be with you heart and soul, <Ranger>, through thick and thin, till death do us part. But keep your hands to yourself if you don't want me to shorten them, and I don't care whether or not you're my boss!"	"Talk"	""
"/Talk/Female/Partner/OrderForAll"	"Это приказ всем! С каждым отдельно я общаться не намерен."	"Lang.dat: Talk.Female.Partner.OrderForAll. Preserve every <tag> exactly. English reference: This is a general order! I am not going to communicate with each of you separately."	"Talk"	""
"/Talk/Female/Partner/OrderForYou"	"Тебе, персонально. Конец связи."	"Lang.dat: Talk.Female.Partner.OrderForYou. Preserve every <tag> exactly. English reference: You, personally. Over and out."	"Talk"	""
"/Talk/Female/Partner/PlayerDismissBad"	"Надоела ты мне своими выходками, видеть тебя не могу. Проваливай."	"Lang.dat: Talk.Female.Partner.PlayerDismissBad. Preserve every <tag> exactly. English reference: I am sick and tired of your shenanigans! I can't stand you anymore! Get out of here!"	"Talk"	""
"/Talk/Female/Partner/PlayerDismissGood"	"Ты отлично работала на меня, но теперь тебе оставаться со мной будет опасно."	"Lang.dat: Talk.Female.Partner.PlayerDismissGood. Preserve every <tag> exactly. English reference: You've served me faithfully, but it'll be too dangerous for you to stay with me from this point on."	"Talk"	""
"/Talk/Female/Partner/PlayerDismissNo"	"Ха-ха! Я пошутил!"	"Lang.dat: Talk.Female.Partner.PlayerDismissNo. Preserve every <tag> exactly. English reference: Ha-ha! That was a joke!"	"Talk"	""
"/Talk/Female/Partner/PlayerDismissSend"	"Пора нам с тобой расстаться"	"Lang.dat: Talk.Female.Partner.PlayerDismissSend. Preserve every <tag> exactly. English reference: It's time for us to go our separate ways."	"Talk"	""
"/Talk/Female/Partner/PlayerLess"	"Установить сумму в 2 раза меньше"	"Lang.dat: Talk.Female.Partner.PlayerLess. Preserve every <tag> exactly. English reference: Cut the amount in half"	"Talk"	""
"/Talk/Female/Partner/PlayerMore"	"Удвоить сумму"	"Lang.dat: Talk.Female.Partner.PlayerMore. Preserve every <tag> exactly. English reference: Double the amount"	"Talk"	""
"/Talk/Female/Partner/PlayerOk"	"Договорились"	"Lang.dat: Talk.Female.Partner.PlayerOk. Preserve every <tag> exactly. English reference: Deal."	"Talk"	""
"/Talk/Female/Partner/PlayerSend"	"Иди под мое командование, <Ranger>"	"Lang.dat: Talk.Female.Partner.PlayerSend. Preserve every <tag> exactly. English reference: Come under my command, <Ranger>"	"Talk"	""
"/Talk/Female/Partner/PlayerSend1"	"Выходи за меня... ой, в смысле, иди под мое командование, <Ranger>!"	"Lang.dat: Talk.Female.Partner.PlayerSend1. Preserve every <tag> exactly. English reference: Give me your hand in... Oh, I mean, come under my command, <Ranger>!"	"Talk"	""
"/Talk/Female/Partner/PlayerSend2"	"<Ranger>, не желаешь поработать под началом великого рейнджера, меня?"	"Lang.dat: Talk.Female.Partner.PlayerSend2. Preserve every <tag> exactly. English reference: <Ranger>, how would you like to serve under the command of a renowned ranger, that is yours truly?"	"Talk"	""
"/Talk/Female/Partner/PlayerSendDropCargo"	"Мы летим налегке. Тебе пора избавиться от лишнего груза."	"Lang.dat: Talk.Female.Partner.PlayerSendDropCargo. Preserve every <tag> exactly. English reference: We are flying light. It's time for you to dump the excessive cargo."	"Talk"	""
"/Talk/Female/Partner/PlayerSendDropCargo1"	"Подруга, давай выкидывай лишний груз. Я помогу тебе с перевозкой."	"Lang.dat: Talk.Female.Partner.PlayerSendDropCargo1. Preserve every <tag> exactly. English reference: Come on, girlfriend, you gotta dump all that extra stuff. I'll help you move it along."	"Talk"	""
"/Talk/Female/Partner/Send"	"Я готова выложить <Money> cr за то, чтобы ты стал моим партнером"	"Lang.dat: Talk.Female.Partner.Send. Preserve every <tag> exactly. English reference: I am prepared to pay you <Money> cr to be my partner."	"Talk"	""
"/Talk/Female/Partner/Send1"	"Плачу <Money> cr, и ты идешь на меня работать"	"Lang.dat: Talk.Female.Partner.Send1. Preserve every <tag> exactly. English reference: I'll pay you <Money> cr, and you can come work for me."	"Talk"	""
"/Talk/Female/Partner/SmallMoney"	"Я отказываюсь. Мои услуги и время стоят гораздо больше..."	"Lang.dat: Talk.Female.Partner.SmallMoney. Preserve every <tag> exactly. English reference: I refuse. My time and effort costs much more than that."	"Talk"	""
"/Talk/Female/Partner/SmallMoney1"	"Что? Ты хочешь купить меня за эти жалкие копейки?"	"Lang.dat: Talk.Female.Partner.SmallMoney1. Preserve every <tag> exactly. English reference: What? You want to buy me for peanuts?"	"Talk"	""
"/Talk/Female/Partner/SmallMoney2"	"Нет, я не буду работать за такие гроши!"	"Lang.dat: Talk.Female.Partner.SmallMoney2. Preserve every <tag> exactly. English reference: No, I won't work for a pittance!"	"Talk"	""
"/Talk/Female/Partner/Suspect"	"Я тебе не настолько доверяю, чтобы рассматривать предложение о партнерстве."	"Lang.dat: Talk.Female.Partner.Suspect. Preserve every <tag> exactly. English reference: I don't trust you enough to consider you for a partner."	"Talk"	""
"/Talk/Female/Partner/Suspect1"	"Ты слишком подозрительный тип. Не буду на тебя работать."	"Lang.dat: Talk.Female.Partner.Suspect1. Preserve every <tag> exactly. English reference: You are such a suspicious character. I will not work for you."	"Talk"	""
"/Talk/Female/Partner/Suspect2"	"У тебя физиономия, как у серийного убийцы и имя такое же. Не буду я на тебя работать."	"Lang.dat: Talk.Female.Partner.Suspect2. Preserve every <tag> exactly. English reference: You've got the mug of a serial killer, and a name to match. I will not work for you."	"Talk"	""
"/Talk/Female/Partner/YouNeedInMoreRank"	"Ты смеешься, <Ranger>? Вообще-то мое звание гораздо выше твоего. Для меня будет позором работать под твоим командованием."	"Lang.dat: Talk.Female.Partner.YouNeedInMoreRank. Preserve every <tag> exactly. English reference: Are you joking, <Ranger>? I outrank you by quite a bit. It would be shameful for me to work under your command."	"Talk"	""
"/Talk/Female/PlanetSay/0"	"Планета"	"Lang.dat: Talk.Female.PlanetSay.0. Preserve every <tag> exactly. English reference: Planet"	"Talk"	""
"/Talk/Female/PreserveItems/ComputerNotFearAndWar"	"Лучше заткнись, <Player>. Я даже слушать не буду, что ты там лопочешь! Ты у меня на очереди."	"Lang.dat: Talk.Female.PreserveItems.ComputerNotFearAndWar. Preserve every <tag> exactly. English reference: You'd better shut up, <Player>. I'm not even going to listen to your babbling! You're next on my list."	"Talk"	""
"/Talk/Female/PreserveItems/ComputerNotFearAndWar1"	"Лети отсюда, пока цел, <Player>. А не то я и за тебя примусь, когда руки дойдут."	"Lang.dat: Talk.Female.PreserveItems.ComputerNotFearAndWar1. Preserve every <tag> exactly. English reference: Fly out of here while you're still in one piece, <Player>. Otherwise, I'm going to come after you when I get the time."	"Talk"	""
"/Talk/Female/PreserveItems/ComputerNotFearAndWar2"	"Не суй нос не в свое дело, <Player>, а не то рискуешь остаться без головы!"	"Lang.dat: Talk.Female.PreserveItems.ComputerNotFearAndWar2. Preserve every <tag> exactly. English reference: Don't go sticking your nose where it doesn't belong, <Player>, or you may lose your head!"	"Talk"	""
"/Talk/Female/PreserveItems/ComputerNotFearAndWar3"	"Ты что, думаешь, что ты самый крутой тут? Отвяжись от меня, <Player>, во что хочу, в то и палю. Могу и за тобой увязаться, имей это в виду."	"Lang.dat: Talk.Female.PreserveItems.ComputerNotFearAndWar3. Preserve every <tag> exactly. English reference: So you think you're real hot stuff around here, huh? Leave me alone, <Player>. I'll shoot whatever I want. What I mean to say is that I could tag along with you."	"Talk"	""
"/Talk/Female/PreserveItems/ComputerNotFearAndWar4"	"Ха, полагаешь, я тебя испугаюсь? Советую тебе, <Player>, уносить отсюда ноги и другие части тела, пока я еще относительно добрая."	"Lang.dat: Talk.Female.PreserveItems.ComputerNotFearAndWar4. Preserve every <tag> exactly. English reference: Ha! You think I'm afraid of you? <Player>, I recommend you take your legs and other body parts away from here while I'm still in a relatively good mood."	"Talk"	""
"/Talk/Female/PreserveItems/PlayerSend"	"Даже не думай атаковать ошметки, они мои!"	"Lang.dat: Talk.Female.PreserveItems.PlayerSend. Preserve every <tag> exactly. English reference: Don't even think about attacking the scraps - they're mine!"	"Talk"	""
"/Talk/Female/PreserveItems/PlayerSend1"	"Не стоит отстреливать хлам, слышишь!"	"Lang.dat: Talk.Female.PreserveItems.PlayerSend1. Preserve every <tag> exactly. English reference: Stop shooting the crap, do you hear!"	"Talk"	""
"/Talk/Female/PreserveItems/PlayerSend2"	"Отстань от этих ошметков, иначе будешь иметь дело со мной!"	"Lang.dat: Talk.Female.PreserveItems.PlayerSend2. Preserve every <tag> exactly. English reference: Leave these scraps alone or you'll answer to me!"	"Talk"	""
"/Talk/Female/PreserveItems/PlayerSend3"	"Лучше оставь эти ошметки в покое, по-хорошему прошу!"	"Lang.dat: Talk.Female.PreserveItems.PlayerSend3. Preserve every <tag> exactly. English reference: Leave these scraps be, I ask you kindly!"	"Talk"	""
"/Talk/Female/PreserveItems/PlayerSend4"	"Слушай, давай ты не будешь расстреливать ошметки, мне они нужны!"	"Lang.dat: Talk.Female.PreserveItems.PlayerSend4. Preserve every <tag> exactly. English reference: Listen, don't shoot up the scraps - I need them!"	"Talk"	""
"/Talk/Female/PreserveItems/RangerNo"	"Я понимаю, что ты, <Player>, имеешь большие виды на этот хлам, но мои внутренние убеждения не позволяют мне оставлять бесхозные вещи просто так. Поэтому, они будут быстро уничтожены!"	"Lang.dat: Talk.Female.PreserveItems.RangerNo. Preserve every <tag> exactly. English reference: <Player>, I understand you have grand plans for this crap, but my inner convictions won't let me just leave abandoned junk alone. So it'll be destroyed quickly!"	"Talk"	""
"/Talk/Female/PreserveItems/RangerOk"	"Я, конечно, прекращу пальбу по ошметкам, поскольку с тобой, <Player>, я ссориться не намерена. Но замечу, тем не менее, что ты лезешь не в свое дело!"	"Lang.dat: Talk.Female.PreserveItems.RangerOk. Preserve every <tag> exactly. English reference: Of course, <Player>, I'll stop shooting at the scraps, because I don't intend to quarrel with you. I will point out, however, that you're sticking your nose into other people's business!"	"Talk"	""
"/Talk/Female/Protect/ComputerNotFearAndWar"	"Лучше заткнись, <Player>. Я даже слушать не буду, что ты там лопочешь! Ты у меня на очереди."	"Lang.dat: Talk.Female.Protect.ComputerNotFearAndWar. Preserve every <tag> exactly. English reference: Better shut up, <Player>. I am not even going to bother listening to your blabbering. I've got your number, you'll see."	"Talk"	""
"/Talk/Female/Protect/ComputerNotFearAndWar1"	"Лети отсюда, пока цел, <Player>. А не то я и за тебя примусь, когда руки дойдут."	"Lang.dat: Talk.Female.Protect.ComputerNotFearAndWar1. Preserve every <tag> exactly. English reference: Better come over here, <Player>, or else. Or I will get on you case myself when I get down to it."	"Talk"	""
"/Talk/Female/Protect/ComputerNotFearAndWar2"	"Не суй нос не в свое дело, <Player>, а не то рискуешь остаться без головы!"	"Lang.dat: Talk.Female.Protect.ComputerNotFearAndWar2. Preserve every <tag> exactly. English reference: Mind your own business, <Player>, or your head will roll!"	"Talk"	""
"/Talk/Female/Protect/ComputerNotFearAndWar3"	"Ты что, думаешь, что ты самый крутой тут? Отвяжись от меня, <Player>, кого хочу, того и преследую. Могу и за тобой увязаться, имей это в виду."	"Lang.dat: Talk.Female.Protect.ComputerNotFearAndWar3. Preserve every <tag> exactly. English reference: You think you are the toughest guy around? Leave me alone, <Player>, I chase who I want. So you'd know, I could go after you too."	"Talk"	""
"/Talk/Female/Protect/ComputerNotFearAndWar4"	"Ха, полагаешь, я тебя испугаюсь? Советую тебе, <Player>, уносить отсюда ноги и другие части тела, пока я еще относительно добрая."	"Lang.dat: Talk.Female.Protect.ComputerNotFearAndWar4. Preserve every <tag> exactly. English reference: Ha, you think I am scared of you? Take my advice, <Player>, and get the hell out of here while I am still in a good enough mood."	"Talk"	""
"/Talk/Female/Protect/PlayerSend"	"Эй, милашка, немедленно прекрати атаку! <Target> под моей защитой!"	"Lang.dat: Talk.Female.Protect.PlayerSend. Preserve every <tag> exactly. English reference: Hey, sweetie, stop your attack immediately! <Target> is under my protection here!"	"Talk"	""
"/Talk/Female/Protect/PlayerSend1"	"Прекрати наезжать на <Target>, слышишь!"	"Lang.dat: Talk.Female.Protect.PlayerSend1. Preserve every <tag> exactly. English reference: Stop bothering <Target>, do you hear me?"	"Talk"	""
"/Talk/Female/Protect/PlayerSend2"	"Отстань от <Target>, иначе будешь иметь дело со мной! Я хоть девушек и не бью, но для тебя сделаю исключение."	"Lang.dat: Talk.Female.Protect.PlayerSend2. Preserve every <tag> exactly. English reference: Better leave <Target> alone, or you'll have me to reckon with as well. I do not as a rule beat on girls, but I could make an exception for you."	"Talk"	""
"/Talk/Female/Protect/PlayerSend3"	"Лучше оставь <Target> в покое, по-хорошему прошу. Не хотелось бы калечить такую красотку."	"Lang.dat: Talk.Female.Protect.PlayerSend3. Preserve every <tag> exactly. English reference: Better leave <Target> alone while I am still asking you nicely. I'd really hate to ruin your good looks."	"Talk"	""
"/Talk/Female/Protect/PlayerSend4"	"Слушай, хватит преследовать <Target>, а не то я с тобой разберусь."	"Lang.dat: Talk.Female.Protect.PlayerSend4. Preserve every <tag> exactly. English reference: Oh, come on, quit chasing after <Target> or I'll really have to start giving you grief."	"Talk"	""
"/Talk/Female/Protect/RangerNo"	"Я понимаю, что вы с <Target>, может, и друзья, но я обязана его ликвидировать, поэтому я не прекращу атаку!"	"Lang.dat: Talk.Female.Protect.RangerNo. Preserve every <tag> exactly. English reference: I understand that you may be friends with <Target>, but I have to terminate him, so I won't quit."	"Talk"	""
"/Talk/Female/Protect/RangerNo1"	"Да кто ты такой, чтобы мне указывать, <Player>? Я не прекращу атаку, и мне плевать на твое мнение!"	"Lang.dat: Talk.Female.Protect.RangerNo1. Preserve every <tag> exactly. English reference: Who the hell are you, <Player>, to tell me what to do? I am not going to stop attacking, and I couldn't care less what you think."	"Talk"	""
"/Talk/Female/Protect/RangerNo2"	"А тебе не кажется, что ты вмешиваешься не в свое дело? Ну, а мне кажется! Так что лучше не лезь..."	"Lang.dat: Talk.Female.Protect.RangerNo2. Preserve every <tag> exactly. English reference: Don't you think you are sticking your nose into someone else's business? Well, that's what I think. So better lay off it."	"Talk"	""
"/Talk/Female/Protect/RangerNo3"	"Пусть я девушка, но меня не запугать так просто. Надо будет - разберусь и с ним, и с тобой."	"Lang.dat: Talk.Female.Protect.RangerNo3. Preserve every <tag> exactly. English reference: I may be a girl, but I don't scare easily. If it comes to that, I'll take care of him and you too."	"Talk"	""
"/Talk/Female/Protect/RangerNo4"	"Извини, но я никак не могу отпустить <Target>. Уничтожить его - это не моя прихоть, а работа на благо Коалиции."	"Lang.dat: Talk.Female.Protect.RangerNo4. Preserve every <tag> exactly. English reference: Sorry, but I just can't let <Target> go. Destroying him isn't my personal whim but a service to the Coalition."	"Talk"	""
"/Talk/Female/Protect/RangerOk"	"Хорошо, я оставлю его в покое, но имей в виду, <Player>, ты совершаешь большую ошибку."	"Lang.dat: Talk.Female.Protect.RangerOk. Preserve every <tag> exactly. English reference: All right, I'll leave him alone, but keep it in mind, <Player>, that you are making a big mistake."	"Talk"	""
"/Talk/Female/Protect/RangerOk1"	"Ну, раз ты, <Player>, настаиваешь... Ладно, так и быть, пусть живет."	"Lang.dat: Talk.Female.Protect.RangerOk1. Preserve every <tag> exactly. English reference: Well, <Player>, if you insist... All right, I'll let him live."	"Talk"	""
"/Talk/Female/Protect/RangerOk2"	"Послушай, я обязана его ликвидировать! Хотя, ладно, он мне еще попадется. Жаль, что ты так не вовремя вмешался, <Player>."	"Lang.dat: Talk.Female.Protect.RangerOk2. Preserve every <tag> exactly. English reference: Listen, I just have to terminate him. Oh, all right, I'll catch him some other day. It's too bad, you couldn't have interfered at a worse time, <Player>."	"Talk"	""
"/Talk/Female/Protect/RangerOk3"	"А я за то, чтобы помутузить его еще чуток! Но раз тебе это так не нравится - ладно уж, отстану, так и быть."	"Lang.dat: Talk.Female.Protect.RangerOk3. Preserve every <tag> exactly. English reference: If you ask me, I'd take another couple of swings at him. But if it really bugs you so much, then all right, I'll leave him alone."	"Talk"	""
"/Talk/Female/Protect/RangerOk4"	"Это что за претензии такие? Впрочем, ладно, раз ты просишь - отпущу его. Лети, зараза, и больше мне не попадайся! Ну, теперь ты доволен?"	"Lang.dat: Talk.Female.Protect.RangerOk4. Preserve every <tag> exactly. English reference: What kind of a request is this anyway? But it's all right, since you are asking me nicely I'll let him go. Go ahead, you chump, scat, and don't you ever cross paths with me again! You happy now?"	"Talk"	""
"/Talk/Female/Protect/TargetGiveGoods"	"Я сейчас выкину часть груза. Бери, <Player>, не стесняйся! Я перед тобой в неоплатном долгу."	"Lang.dat: Talk.Female.Protect.TargetGiveGoods. Preserve every <tag> exactly. English reference: I am going to dump some of my cargo. Go ahead, <Player>, take it! I owe you big."	"Talk"	""
"/Talk/Female/Protect/TargetGiveGoods1"	"Мне повезло, что рядом оказался ты, <Player>! Даже представить себе боюсь, что со мной было бы, если бы не твоя помощь! Сейчас поделюсь с тобой частью груза."	"Lang.dat: Talk.Female.Protect.TargetGiveGoods1. Preserve every <tag> exactly. English reference: It was my lucky day you were near, <Player>! I am afraid to even think of what might have happened to me had it not been for you. Hold on, I'll share some of my cargo with you."	"Talk"	""
"/Talk/Female/Protect/TargetGiveGoods2"	"Думаю, я должна отблагодарить тебя, <Player>. Без твоей помощи мне пришлось бы туго. Сейчас выкину из трюма часть груза, подожди секундочку."	"Lang.dat: Talk.Female.Protect.TargetGiveGoods2. Preserve every <tag> exactly. English reference: I think I need to show you some gratitude, <Player>. Without your help, I would have found myself in a real pickle. Hold on a second, I am going to throw you something out of my cargo bay."	"Talk"	""
"/Talk/Female/Protect/TargetGiveGoods3"	"Спасибо за помощь, <Player>, она пришлась весьма кстати! Не люблю брать на себя долги, поэтому сейчас же поделюсь с тобой грузом, там было что-то хорошее."	"Lang.dat: Talk.Female.Protect.TargetGiveGoods3. Preserve every <tag> exactly. English reference: Thanks for your help, <Player>, it came in quite handy. I don't like being in anyone's debt, so I am going to share some of my cargo with you. There's plenty of good stuff there."	"Talk"	""
"/Talk/Female/Protect/TargetGiveGoods4"	"Ты меня очень выручил, <Player>. За это я поделюсь с тобой частью груза."	"Lang.dat: Talk.Female.Protect.TargetGiveGoods4. Preserve every <tag> exactly. English reference: You helped me out big time, <Player>. For this, I'll share some of my cargo with you."	"Talk"	""
"/Talk/Female/Protect/TargetGiveMoney"	"Спасибо тебе, <Player>, что помог. Перевожу на твой счет <Money> cr в знак дружбы и уважения."	"Lang.dat: Talk.Female.Protect.TargetGiveMoney. Preserve every <tag> exactly. English reference: Thanks for your help, <Player>. Let me transfer <Money> cr to your account as a token of my sincere appreciation and friendship."	"Talk"	""
"/Talk/Female/Protect/TargetGiveMoney1"	"Побольше бы в космосе таких отзывчивых людей, как ты, <Player>! Пожалуйста, прими от меня эти <Money> cr, не обижай отказом!"	"Lang.dat: Talk.Female.Protect.TargetGiveMoney1. Preserve every <tag> exactly. English reference: I wish there were more good guys like you in space, <Player>. Please accept these <Money> cr from me. Please do not shun my gratitude."	"Talk"	""
"/Talk/Female/Protect/TargetGiveMoney2"	"Не успокоюсь, пока не отблагодарю тебя, <Player>. Возьми, пожалуйста, эти <Money> cr в знак моей признательности. Что? Натурой? Ха, а ты смешной!"	"Lang.dat: Talk.Female.Protect.TargetGiveMoney2. Preserve every <tag> exactly. English reference: I am not going to rest until I return this favor properly, <Player>. Please accept these <Money> cr as a sign of my deep appreciation. What? In kind? Ha, you are a funny guy!"	"Talk"	""
"/Talk/Female/Protect/TargetGiveMoney3"	"Спасибо, <Player>! Вот тебе <Money> cr за беспокойство, а сейчас извини, я очень тороплюсь."	"Lang.dat: Talk.Female.Protect.TargetGiveMoney3. Preserve every <tag> exactly. English reference: Thanks, <Player>! Here's <Money> cr for your troubles, but I am really busy now. Sorry."	"Talk"	""
"/Talk/Female/Protect/TargetGiveMoney4"	"Спасибо, <Player>, выручил! Только не нужно вот начинать читать лекции на тему, что девушкам летать в одиночку опасно, не порти сложившееся у меня о тебе мнение, лучше прими в дар <Money> cr."	"Lang.dat: Talk.Female.Protect.TargetGiveMoney4. Preserve every <tag> exactly. English reference: Thank you, <Player>, you really helped me out! Just don't you start lecturing me on how dangerous it is for girls to fly alone. Don't spoil the positive first impression. Better accept these <Money> cr in lieu of a thank you."	"Talk"	""
"/Talk/Female/Protect/TargetMayRunAway"	"Ничего, можешь за меня не беспокоиться, у меня быстрый корабль. Но, конечно, спасибо тебе, <Player>."	"Lang.dat: Talk.Female.Protect.TargetMayRunAway. Preserve every <tag> exactly. English reference: Don't you worry about me, my rig is fast. But thank you anyway, <Player>."	"Talk"	""
"/Talk/Female/Protect/TargetMayRunAway1"	"Ха, я бы легко могла от него уйти, если бы захотела. Просто решила немного поразвлечься, прежде чем оставить его с носом. Но все равно спасибо, <Player>."	"Lang.dat: Talk.Female.Protect.TargetMayRunAway1. Preserve every <tag> exactly. English reference: Ha, I could have outrun him easily if I wanted to. But I decided to play with him a little before giving him a bag to hold. But thanks anyway, <Player>."	"Talk"	""
"/Talk/Female/Protect/TargetMayRunAway2"	"Благодарна тебе за помощь, <Player>, правда в этом не было особой необходимости. Я уверена, что могла бы уйти от этого корабля."	"Lang.dat: Talk.Female.Protect.TargetMayRunAway2. Preserve every <tag> exactly. English reference: Thanks for your help, <Player>, even though it wasn't strictly speaking necessary. I am sure I could have outrun that ship."	"Talk"	""
"/Talk/Female/Protect/TargetMayRunAway3"	"Он бы ни за что меня не догнал, но все равно я тебе благодарна, <Player>. Получи от меня в знак признательности воздушный поцелуй. ;)"	"Lang.dat: Talk.Female.Protect.TargetMayRunAway3. Preserve every <tag> exactly. English reference: He would have never caught up with me, but I am still grateful to you, <Player>. Sending you an air kiss as a sign of my gratitude. Here it comes."	"Talk"	""
"/Talk/Female/Protect/TargetNotFearShip"	"Конечно, спасибо тебе, <Player>, но я бы и одна справилась. Не смотри, что я девушка."	"Lang.dat: Talk.Female.Protect.TargetNotFearShip. Preserve every <tag> exactly. English reference: Thank you, <Player>, absolutely, but I would have managed on my own just fine. Never you mind that I am a girl."	"Talk"	""
"/Talk/Female/Protect/TargetNotFearShip1"	"Да я бы и сама с ним разобралась. Но все равно, <Player>, спасибо за поддержку."	"Lang.dat: Talk.Female.Protect.TargetNotFearShip1. Preserve every <tag> exactly. English reference: I could have handled him myself. Regardless, thanks for your support, <Player>."	"Talk"	""
"/Talk/Female/Protect/TargetNotFearShip2"	"Этому типу повезло, что он вовремя удрал! Спасибо за помощь, <Player>, но, право, не стоило беспокоиться."	"Lang.dat: Talk.Female.Protect.TargetNotFearShip2. Preserve every <tag> exactly. English reference: That guy was really lucky to have bolted while he still could! Thanks for your help, <Player>, but you shouldn't have bothered."	"Talk"	""
"/Talk/Female/Protect/TargetNotFearShip3"	"Ну, я и сама вполне могла с ним справиться, <Player>. Однако за помощь спасибо."	"Lang.dat: Talk.Female.Protect.TargetNotFearShip3. Preserve every <tag> exactly. English reference: I could have handled him myself just fine, <Player>. Still, thanks for your help."	"Talk"	""
"/Talk/Female/Protect/TargetNotFearShip4"	"У меня ушла бы уйма времени на то, чтобы вправить ему мозги. Спасибо за помощь, <Player>."	"Lang.dat: Talk.Female.Protect.TargetNotFearShip4. Preserve every <tag> exactly. English reference: It would have taken me a while to set him straight myself. Thanks for your help, <Player>."	"Talk"	""
"/Talk/Female/Protect/TargetThanks"	"Огромное спасибо за помощь, <Player>! К сожалению, ничем не могу тебя отблагодарить, кроме вот этого воздушного поцелуя."	"Lang.dat: Talk.Female.Protect.TargetThanks. Preserve every <tag> exactly. English reference: Thanks for your help, <Player>. Unfortunately, the only thing I can give you as a sign of my gratitude is this air kiss."	"Talk"	""
"/Talk/Female/Protect/TargetThanks1"	"Спасибо за помощь, <Player>! К сожалению, мне нечем тебя отблагодарить, я в процессе выполнения важной миссии."	"Lang.dat: Talk.Female.Protect.TargetThanks1. Preserve every <tag> exactly. English reference: Thanks for your help, <Player>. Unfortunately, I have nothing to give you to thank you for your help. I am on an important mission."	"Talk"	""
"/Talk/Female/Protect/TargetThanks2"	"Я очень благодарна тебе, <Player>, за то, что ты меня выручил. Увы, мне нечем выразить тебе свою признательность... Что? Нет, это я тебе не покажу, даже не проси. Даже у моей благодарности есть пределы."	"Lang.dat: Talk.Female.Protect.TargetThanks2. Preserve every <tag> exactly. English reference: I am very grateful to you, <Player>, for helping me out. Unfortunately, I have nothing to give you to show my appreciation. What? No, I am not going to show it to you, don't even ask. Not even my gratitude is boundless."	"Talk"	""
"/Talk/Female/Protect/TargetThanks3"	"Ты лучший парень из всех, что мне когда-либо попадались, <Player>! И как назло, именно сейчас у меня нет ничего, чем можно было бы тебя отблагодарить. Надеюсь, мы еще встретимся однажды, в более мирное время. Посидим, выпьем пивка, все такое. Не пропадай."	"Lang.dat: Talk.Female.Protect.TargetThanks3. Preserve every <tag> exactly. English reference: You are the best guy I have ever come across, <Player>. It's just too bad that at the moment I have nothing to give you as a sign of my appreciation. I hope we will meet again in more peaceful circumstances. Maybe spend some time together, have a beer and all that. Don't be a stranger."	"Talk"	""
"/Talk/Female/Refuse/Pirate"	"Прекратить огонь? Ха, ещё чего, сосунок, приготовься-ка отведать моей плазмы!"	"Lang.dat: Talk.Female.Refuse.Pirate. Preserve every <tag> exactly. English reference: Cease fire? Fat chance, sucker! Prepare to taste my plasma!"	"Talk"	""
"/Talk/Female/Reject"	"Отказываюсь"	"Lang.dat: Talk.Female.Reject. Preserve every <tag> exactly. English reference: I refuse"	"Talk"	""
"/Talk/Female/Trade/AfterBreak"	"Верно, поторговать всегда успеется. У нас ведь и других дел полно."	"Lang.dat: Talk.Female.Trade.AfterBreak. Preserve every <tag> exactly. English reference: Agreed, there'll always be time for trades later. We've got other business to take care of."	"Talk"	""
"/Talk/Female/Trade/AfterBreak1"	"Это правильно, <Player>. Наш бизнес подождет, поторгуем в другой раз."	"Lang.dat: Talk.Female.Trade.AfterBreak1. Preserve every <tag> exactly. English reference: Good call, <Player>. Our business can wait, we'll trade some other time."	"Talk"	""
"/Talk/Female/Trade/AfterTrade"	"Может, у тебя еще какие предложения будут, <Player>?"	"Lang.dat: Talk.Female.Trade.AfterTrade. Preserve every <tag> exactly. English reference: Maybe you have some other offers, <Player>?"	"Talk"	""
"/Talk/Female/Trade/AnswerAlreadyTakeItem"	"Погоди немного с торговлей, давай как я подниму <Item>, так и поговорим?"	"Lang.dat: Talk.Female.Trade.AnswerAlreadyTakeItem. Preserve every <tag> exactly. English reference: Hold that thought until after I picked up <Item>, all right?"	"Talk"	""
"/Talk/Female/Trade/AnswerBadRelations"	"Я с тобой не желаю торговать. Морда лица что-то у тебя не очень приятная."	"Lang.dat: Talk.Female.Trade.AnswerBadRelations. Preserve every <tag> exactly. English reference: I don't want to trade with you. Something about your face I just don't like."	"Talk"	""
"/Talk/Female/Trade/AnswerBadRelations1"	"Ха, торговать он захотел. Да я знать тебя не желаю."	"Lang.dat: Talk.Female.Trade.AnswerBadRelations1. Preserve every <tag> exactly. English reference: Aww, he wants to trade... Take a hike!"	"Talk"	""
"/Talk/Female/Trade/AnswerBigDist"	"Так ничего у нас не выйдет. Подлети поближе, тогда и поговорим, поторгуем."	"Lang.dat: Talk.Female.Trade.AnswerBigDist. Preserve every <tag> exactly. English reference: This isn't going to work. Come closer, then we'll trade."	"Talk"	""
"/Talk/Female/Trade/AnswerBigDist1"	"Расстояние между нами очень большое, для торговли рекомендуется поближе подлететь. Странно, что ты этого не знаешь."	"Lang.dat: Talk.Female.Trade.AnswerBigDist1. Preserve every <tag> exactly. English reference: We're too far apart, come closer if you want to trade. It's odd that you don't know this."	"Talk"	""
"/Talk/Female/Trade/AnswerNoNeedGoods"	"Торговля - это не мое, так что поищи еще кого-то. Тоже мне, выдумал."	"Lang.dat: Talk.Female.Trade.AnswerNoNeedGoods. Preserve every <tag> exactly. English reference: Trade isn't my thing, won't you look for somebody else? What imagination you have."	"Talk"	""
"/Talk/Female/Trade/AnswerNoNeedGoods1"	"Я что, по твоему, похожа на торгаша? Разуй глаза."	"Lang.dat: Talk.Female.Trade.AnswerNoNeedGoods1. Preserve every <tag> exactly. English reference: Do I look like a trader to you? Open your peepers!"	"Talk"	""
"/Talk/Female/Trade/AnswerWar"	"Не вовремя ты пристал ко мне со своей торговлей. Как закончатся боевые действия, тогда и поговорим."	"Lang.dat: Talk.Female.Trade.AnswerWar. Preserve every <tag> exactly. English reference: This is a bad time for you to bugging me with trade requests. We can talk after the battle is over."	"Talk"	""
"/Talk/Female/Trade/AnswerWar1"	"О, <Player>, я с радостью с тобой поторгую. Только ты вначале помоги мне расправиться с кораблем <ShipBad>."	"Lang.dat: Talk.Female.Trade.AnswerWar1. Preserve every <tag> exactly. English reference: Oh, <Player>, I'll be glad to trade with you. But you must help me deal with <ShipBad> first."	"Talk"	""
"/Talk/Female/Trade/NoMoney"	"<Ship> не имеет денег для закупки товара."	"Lang.dat: Talk.Female.Trade.NoMoney. Preserve every <tag> exactly. English reference: <Ship> doesn't have enough money to buy goods."	"Talk"	""
"/Talk/Female/Trade/NoSpace"	"<Ship> не имеет места под закупку товара."	"Lang.dat: Talk.Female.Trade.NoSpace. Preserve every <tag> exactly. English reference: <Ship> doesn't have enough space to buy goods."	"Talk"	""
"/Talk/Female/Trade/PlayerSend"	"Давай поторгуем"	"Lang.dat: Talk.Female.Trade.PlayerSend. Preserve every <tag> exactly. English reference: Let's trade"	"Talk"	""
"/Talk/Female/Trade/PlayerSend1"	"Поторговать хочешь?"	"Lang.dat: Talk.Female.Trade.PlayerSend1. Preserve every <tag> exactly. English reference: Want to trade?"	"Talk"	""
"/Talk/Female/Trade/TradeBreak"	"Отложить сделку"	"Lang.dat: Talk.Female.Trade.TradeBreak. Preserve every <tag> exactly. English reference: Postpone trade"	"Talk"	""
"/Talk/Female/Trade/TradeGo"	"Бросай уже трепаться, птица говорун, давай торговать!"	"Lang.dat: Talk.Female.Trade.TradeGo. Preserve every <tag> exactly. English reference: Enough chitchat already, let's trade!"	"Talk"	""
"/Talk/Female/Trade/TradeGo1"	"Давай начнем торговлю, а там разберемся."	"Lang.dat: Talk.Female.Trade.TradeGo1. Preserve every <tag> exactly. English reference: Let's trade first, worry about everything else after."	"Talk"	""
"/Talk/Female/Trade/TradeOkMayBuyNo"	"Хорошо, давай поторгуем. Я могу предложить тебе кое-что. Но покупать я ничего не буду. Можешь даже не предлагать, у меня у самой трюмы заполнены!"	"Lang.dat: Talk.Female.Trade.TradeOkMayBuyNo. Preserve every <tag> exactly. English reference: All right, let's trade. I can offer you something. But I won't be buying anything. Don't even bother offering, my cargo bay is already overloaded!"	"Talk"	""
"/Talk/Female/Trade/TradeOkMayBuyOk"	"Хорошо, поторгуем. Но предупреждаю сразу, что купить больше чем <Cnt> ед. товаров не смогу."	"Lang.dat: Talk.Female.Trade.TradeOkMayBuyOk. Preserve every <tag> exactly. English reference: All right, let's trade. But I warn you -- I'm not in a position to buy more than <Cnt> units of goods."	"Talk"	""
"/Talk/Female/Trade/TradeOkMayBuyOk1"	"Ну давай поторгуем. Но предупреждаю сразу, что впарить мне больше чем <Cnt> ед. своих товаров ты не сможешь никак."	"Lang.dat: Talk.Female.Trade.TradeOkMayBuyOk1. Preserve every <tag> exactly. English reference: Well, let's trade. But I warn you -- you won't dump more than <Cnt> units of goods on me."	"Talk"	""
"/Talk/Female/Truce/ComputerAsk"	"И сколько ты готов выложить за мир?"	"Lang.dat: Talk.Female.Truce.ComputerAsk. Preserve every <tag> exactly. English reference: How much are you willing to pay for peace?"	"Talk"	""
"/Talk/Female/Truce/ComputerAsk1"	"И как дорого ты ценишь мир между нами, красавчик?"	"Lang.dat: Talk.Female.Truce.ComputerAsk1. Preserve every <tag> exactly. English reference: So what's peace between us worth to you?"	"Talk"	""
"/Talk/Female/Truce/ComputerAsk2"	"Мир будет стоить денег. Сколько ты готов заплатить?"	"Lang.dat: Talk.Female.Truce.ComputerAsk2. Preserve every <tag> exactly. English reference: Peace will cost you. How much are willing to pay?"	"Talk"	""
"/Talk/Female/Truce/ComputerAsk3"	"И какую сумму ты готов предложить за свою жизнь?"	"Lang.dat: Talk.Female.Truce.ComputerAsk3. Preserve every <tag> exactly. English reference: How much are you prepared to offer for your life?"	"Talk"	""
"/Talk/Female/Truce/ComputerAsk4"	"Ой, ну я даже не знаю... И сколько ты готов выложить?"	"Lang.dat: Talk.Female.Truce.ComputerAsk4. Preserve every <tag> exactly. English reference: Oh, I don't know... How much are you willing to pay?"	"Talk"	""
"/Talk/Female/Truce/ComputerOkWithoutMoney"	"Я с радостью прекращаю огонь. Будем считать это обычным недоразумением."	"Lang.dat: Talk.Female.Truce.ComputerOkWithoutMoney. Preserve every <tag> exactly. English reference: I'll be happy to cease fire. Let's write this off to pure misunderstanding."	"Talk"	""
"/Talk/Female/Truce/ComputerOkWithoutMoney1"	"Всегда бы так! Очень рада, что ты одумался. Честно говоря, с самого начала не хотела с тобой сражаться."	"Lang.dat: Talk.Female.Truce.ComputerOkWithoutMoney1. Preserve every <tag> exactly. English reference: I wish it had always been that easy! I am glad you came to your senses. To be honest, I didn't want to fight in the first place."	"Talk"	""
"/Talk/Female/Truce/ComputerOkWithoutMoney2"	"Ты не шутишь? Это же чудесно! Я согласная, отныне у нас с тобой мир, ня!"	"Lang.dat: Talk.Female.Truce.ComputerOkWithoutMoney2. Preserve every <tag> exactly. English reference: You are serious, aren't you? This is just wonderful! I agree, from now on we will be at peace!"	"Talk"	""
"/Talk/Female/Truce/ComputerOkWithoutMoney3"	"У меня внезапный приступ доброты, так что предложение принимается."	"Lang.dat: Talk.Female.Truce.ComputerOkWithoutMoney3. Preserve every <tag> exactly. English reference: I'm feeling a sudden bout of kindness, so your offer is accepted."	"Talk"	""
"/Talk/Female/Truce/PlayerLess"	"Установить сумму в 2 раза меньше"	"Lang.dat: Talk.Female.Truce.PlayerLess. Preserve every <tag> exactly. English reference: Cut the amount in half"	"Talk"	""
"/Talk/Female/Truce/PlayerMore"	"Удвоить сумму"	"Lang.dat: Talk.Female.Truce.PlayerMore. Preserve every <tag> exactly. English reference: Double the amount"	"Talk"	""
"/Talk/Female/Truce/PlayerNo"	"Да это разве деньги? Можно было бы и побольше предложить."	"Lang.dat: Talk.Female.Truce.PlayerNo. Preserve every <tag> exactly. English reference: You call that money? You could have offered me more."	"Talk"	""
"/Talk/Female/Truce/PlayerNo1"	"И эти крохи ты называешь деньгами? Что на это можно купить?"	"Lang.dat: Talk.Female.Truce.PlayerNo1. Preserve every <tag> exactly. English reference: You call this pittance money? Can you even buy anything for this?"	"Talk"	""
"/Talk/Female/Truce/PlayerNo2"	"Ну, это несерьезно! Я бы постыдился предлагать такие деньги. У тебя что, на большую сумму воображения не хватает?"	"Lang.dat: Talk.Female.Truce.PlayerNo2. Preserve every <tag> exactly. English reference: Are you making a joke? I would be ashamed to offer this amount. What, you haven't got the imagination to offer more?"	"Talk"	""
"/Talk/Female/Truce/PlayerNo3"	"Жизнь - товар уникальный, штучный. Не слишком ли дешево ты его ценишь?"	"Lang.dat: Talk.Female.Truce.PlayerNo3. Preserve every <tag> exactly. English reference: Life is a special kind of merchandise that can't be replicated. Are you sure you're not undervaluing it?"	"Talk"	""
"/Talk/Female/Truce/PlayerNo4"	"Ты меня попросту оскорбляешь такой малой суммой. Предложи больше."	"Lang.dat: Talk.Female.Truce.PlayerNo4. Preserve every <tag> exactly. English reference: Are you trying to insult me with such a small amount? Offer more."	"Talk"	""
"/Talk/Female/Truce/PlayerNotHaveMoney"	"У меня нет денег"	"Lang.dat: Talk.Female.Truce.PlayerNotHaveMoney. Preserve every <tag> exactly. English reference: I don't have any money"	"Talk"	""
"/Talk/Female/Truce/PlayerNotHaveMoney1"	"Мои карманы практически пусты, к сожалению"	"Lang.dat: Talk.Female.Truce.PlayerNotHaveMoney1. Preserve every <tag> exactly. English reference: Unfortunately, I have next to nothing in my pockets"	"Talk"	""
"/Talk/Female/Truce/PlayerNotHaveMoney2"	"Таких денег у меня нет"	"Lang.dat: Talk.Female.Truce.PlayerNotHaveMoney2. Preserve every <tag> exactly. English reference: I don't have that kind of cash"	"Talk"	""
"/Talk/Female/Truce/PlayerNotHaveMoney3"	"Я не располагаю требуемой суммой"	"Lang.dat: Talk.Female.Truce.PlayerNotHaveMoney3. Preserve every <tag> exactly. English reference: I don't have the sum you're requesting"	"Talk"	""
"/Talk/Female/Truce/PlayerNotHaveMoney4"	"Я бы и сам не отказался иметь столько!"	"Lang.dat: Talk.Female.Truce.PlayerNotHaveMoney4. Preserve every <tag> exactly. English reference: I wouldn't mind having that much myself!"	"Talk"	""
"/Talk/Female/Truce/PlayerOk"	"Хорошо, я принимаю этот скудный взнос и прекращаю боевые действия."	"Lang.dat: Talk.Female.Truce.PlayerOk. Preserve every <tag> exactly. English reference: All right, I'll take these peanuts of yours and stop shooting."	"Talk"	""
"/Talk/Female/Truce/PlayerOk1"	"Ладно, прекращаю огонь. Но я тебя запомнил, и если что - сразу покажу тебе кузькину мать!"	"Lang.dat: Talk.Female.Truce.PlayerOk1. Preserve every <tag> exactly. English reference: All right, I am going to cease fire. But I'll remember you, and I'll kick your butt if I ever feel like it."	"Talk"	""
"/Talk/Female/Truce/PlayerOk2"	"Вот так бы сразу. Спасибо за деньги, ты инвестировала их в благородное дело - борьбу с доминаторами!"	"Lang.dat: Talk.Female.Truce.PlayerOk2. Preserve every <tag> exactly. English reference: Now you are talking! Thanks for the money. Consider it a wise investment in the fight against dominators."	"Talk"	""
"/Talk/Female/Truce/PlayerOk3"	"Ну, что ж, деньги неплохие, хотя могла бы заплатить и побольше. Ладно, так и быть, перестану тебя преследовать."	"Lang.dat: Talk.Female.Truce.PlayerOk3. Preserve every <tag> exactly. English reference: Well, the money isn't bad, but you could have coughed up more, I am sure. But it's all right, I'll stop chasing you around."	"Talk"	""
"/Talk/Female/Truce/PlayerOk4"	"А я только вошел во вкус! Ну, ладно, так и быть, отстану от тебя. Уж больно у тебя испуганная физиономия, прямо даже жалко становится."	"Lang.dat: Talk.Female.Truce.PlayerOk4. Preserve every <tag> exactly. English reference: And I have only just got the taste of it! Oh, all right, I'll let you be. Just you look at your scaredy face. I almost feel sorry for you."	"Talk"	""
"/Talk/Female/Truce/PlayerSend"	"Предлагаю заключить мир"	"Lang.dat: Talk.Female.Truce.PlayerSend. Preserve every <tag> exactly. English reference: How about we make peace?"	"Talk"	""
"/Talk/Female/Truce/PlayerSend1"	"Давай помиримся, красавица!"	"Lang.dat: Talk.Female.Truce.PlayerSend1. Preserve every <tag> exactly. English reference: Let's bury the hatchet, beautiful!"	"Talk"	""
"/Talk/Female/Truce/PlayerSend2"	"Может, мирно разойдемся?"	"Lang.dat: Talk.Female.Truce.PlayerSend2. Preserve every <tag> exactly. English reference: How about we each go our own way, peacefully?"	"Talk"	""
"/Talk/Female/Truce/PlayerSend3"	"Я хочу прекратить бой"	"Lang.dat: Talk.Female.Truce.PlayerSend3. Preserve every <tag> exactly. English reference: I want to stop this shootout"	"Talk"	""
"/Talk/Female/Truce/PlayerSend4"	"Девушка, как насчет перемирия?"	"Lang.dat: Talk.Female.Truce.PlayerSend4. Preserve every <tag> exactly. English reference: How about a truce, lady?"	"Talk"	""
"/Talk/Female/Truce/PlayerSendSum"	"Я готов заплатить за мир <Money> cr"	"Lang.dat: Talk.Female.Truce.PlayerSendSum. Preserve every <tag> exactly. English reference: I am willing to pay <Money> cr for peace"	"Talk"	""
"/Talk/Female/Truce/PlayerSendSum1"	"Предлагаю <Money> cr, вполне приличная сумма"	"Lang.dat: Talk.Female.Truce.PlayerSendSum1. Preserve every <tag> exactly. English reference: I can offer you <Money> cr, that's a nice chunk of cash"	"Talk"	""
"/Talk/Female/Truce/PlayerSendSum2"	"Надеюсь, <Money> cr будет достаточно"	"Lang.dat: Talk.Female.Truce.PlayerSendSum2. Preserve every <tag> exactly. English reference: I hope <Money> cr will be enough"	"Talk"	""
"/Talk/Female/Truce/PlayerSendSum3"	"Мне кажется, что <Money> cr - самое то!"	"Lang.dat: Talk.Female.Truce.PlayerSendSum3. Preserve every <tag> exactly. English reference: I think <Money> cr would be just right!"	"Talk"	""
"/Talk/Female/Truce/PlayerSendSum4"	"Тебя устроит <Money> cr? От сердца отрываю!"	"Lang.dat: Talk.Female.Truce.PlayerSendSum4. Preserve every <tag> exactly. English reference: Will <Money> cr do it for you? I am giving you the shirt off my back here!"	"Talk"	""
"/Talk/Female/Truce/RangerNo"	"Да это разве деньги? Мог бы и побольше предложить."	"Lang.dat: Talk.Female.Truce.RangerNo. Preserve every <tag> exactly. English reference: You call that money? You could have offered me more."	"Talk"	""
"/Talk/Female/Truce/RangerNo1"	"И эти крохи ты называешь деньгами? Да я на это даже лак для ногтей купить не смогу."	"Lang.dat: Talk.Female.Truce.RangerNo1. Preserve every <tag> exactly. English reference: You call this pittance money? I can't even buy nail polish for this."	"Talk"	""
"/Talk/Female/Truce/RangerNo2"	"Ну, это несерьезно! Я бы постыдилась предлагать такие деньги. У тебя что, на большую сумму воображения не хватает?"	"Lang.dat: Talk.Female.Truce.RangerNo2. Preserve every <tag> exactly. English reference: Are you making a joke? I would be ashamed to offer this amount. What, you haven't got the imagination to offer more?"	"Talk"	""
"/Talk/Female/Truce/RangerNo3"	"Смеешься что ли? Зачем ты вообще лез в бой, если денег даже на ремонт потом не хватит? Ох, все вы мужики такие безголовые..."	"Lang.dat: Talk.Female.Truce.RangerNo3. Preserve every <tag> exactly. English reference: You're joking, right? Why did you rush to fight if you don't even have repair money? Why are men such idiots..."	"Talk"	""
"/Talk/Female/Truce/RangerNo4"	"Ты меня попросту оскорбляешь такой маленькой суммой. Предложи больше или продолжим наше веселье."	"Lang.dat: Talk.Female.Truce.RangerNo4. Preserve every <tag> exactly. English reference: Are you trying to insult me with such a small amount? Offer more or we'll continue this little dance."	"Talk"	""
"/Talk/Female/Truce/RangerOk"	"Хорошо, я принимаю этот скудный взнос и прекращаю боевые действия."	"Lang.dat: Talk.Female.Truce.RangerOk. Preserve every <tag> exactly. English reference: All right, I'll take these peanuts of yours and stop shooting."	"Talk"	""
"/Talk/Female/Truce/RangerSend"	"Слушай, хватит уже в меня стрелять, у меня на этот день были совершенно другие планы. Возьми <Money> cr и оставь меня в покое."	"Lang.dat: Talk.Female.Truce.RangerSend. Preserve every <tag> exactly. English reference: Dude, stop shooting at me -- I've got very different plans for today. Take this <Money> cr and leave me alone."	"Talk"	""
"/Talk/Female/Truce/RangerSend1"	"Хочешь <Money> cr? Тогда прекрати в меня палить. Убьешь ведь, ненароком, все плакать будут."	"Lang.dat: Talk.Female.Truce.RangerSend1. Preserve every <tag> exactly. English reference: Do you want <Money> cr? Then quit blasting me. You might end up killing me accidentally, making the world weep!"	"Talk"	""
"/Talk/Female/Truce/RangerSend2"	"Слушай, доминатор недоделанный, может, возьмешь <Money> cr и отвяжешься от меня?"	"Lang.dat: Talk.Female.Truce.RangerSend2. Preserve every <tag> exactly. English reference: Lookit, you dominator degenerate, just take this <Money> cr and beat it!"	"Talk"	""
"/Talk/Female/Truce/RangerSend3"	"Предлагаю <Money> cr за то, чтобы ты от меня отстал. Может, это, конечно, у тебя такой метод ухаживания за девушками, но мне он не нравится!"	"Lang.dat: Talk.Female.Truce.RangerSend3. Preserve every <tag> exactly. English reference: I will pay you <Money> cr to make yourself scarce. If this is how you court a lady, I have to tell you that I don't like it!"	"Talk"	""
"/Talk/Female/Truce/WeAlreadyHavePact"	"Бла-бла-бла... Насколько я помню, тобой уже было нарушено одно мирное соглашение между нами. Какой смысл вести дальнейший диалог?"	"Lang.dat: Talk.Female.Truce.WeAlreadyHavePact. Preserve every <tag> exactly. English reference: Bla bla bla... As I recall, you've already violated a truce between us. What's the point of any further talk?"	"Talk"	""
"/Talk/Female/Truce/WeAlreadyHavePact1"	"О, ты уже прекрасно доказал мне свою подлую натуру. Больше не хочу иметь с тобой никаких дел."	"Lang.dat: Talk.Female.Truce.WeAlreadyHavePact1. Preserve every <tag> exactly. English reference: Oh, you've shown your true ugly colors quite well! I don't want to have anything to do with you."	"Talk"	""
"/Talk/Female/Truce/WeAlreadyHavePact2"	"Второй раз ты меня не обманешь! Однажды мы уже заключали мирное соглашение - и что в результате?"	"Lang.dat: Talk.Female.Truce.WeAlreadyHavePact2. Preserve every <tag> exactly. English reference: You are not going to cheat me twice! Well, we've already made a truce once -- and look where it has got us!"	"Talk"	""
"/Talk/Female/Truce/WeAlreadyHavePact3"	"Нет. Я тебя знаю, ты подлый тип и наверняка нападешь на меня снова, как только появится возможность."	"Lang.dat: Talk.Female.Truce.WeAlreadyHavePact3. Preserve every <tag> exactly. English reference: No. I know you, you scumbag. You will attack me again at the first available opportunity."	"Talk"	""
"/Talk/Goods/AnswerNotGoods"	"Возможно, эти требования справедливы. Но у меня на борту нет груза."	"Lang.dat: Talk.Goods.AnswerNotGoods. Preserve every <tag> exactly. English reference: Perhaps these demands are just. But I haven't got any cargo on board."	"Talk"	""
"/Talk/Goods/AnswerNotGoods1"	"Я только что разгрузился, иду совсем пустой. Прости меня. В другой раз отдам все, что есть."	"Lang.dat: Talk.Goods.AnswerNotGoods1. Preserve every <tag> exactly. English reference: I've just unloaded and my cargo bay is completely empty. I'm sorry. Next time I'll give you everything I've got."	"Talk"	""
"/Talk/Goods/AnswerNotGoods2"	"Я ничего не могу вам предложить, кроме кильки в томатном соусе. Ах да, и кильки тоже не осталось!"	"Lang.dat: Talk.Goods.AnswerNotGoods2. Preserve every <tag> exactly. English reference: I've got nothing for you except for some canned anchovies in tomato sauce. Oh, check that, even the anchovies are gone!"	"Talk"	""
"/Talk/Goods/AnswerNotGoods3"	"Вынужден разочаровать, но никакого груза у меня на борту нет. Попроси что-нибудь другое."	"Lang.dat: Talk.Goods.AnswerNotGoods3. Preserve every <tag> exactly. English reference: Sorry to disappoint you, but I'm not carrying any cargo. Ask me something else."	"Talk"	""
"/Talk/Goods/AnswerNotGoods4"	"Ну насмешил! Нет у меня груза, ясно? Трюм пуст. Хоть на кусочки режь, все равно ничего не найдешь!"	"Lang.dat: Talk.Goods.AnswerNotGoods4. Preserve every <tag> exactly. English reference: Well, that's rich! I'm not carrying any cargo, got it? My cargo bay is empty. You can cut me into tiny little pieces, you still won't find anything!"	"Talk"	""
"/Talk/Goods/DiplomatLongDistance"	"Вначале попробуй меня догнать, а уж потом что-то требуй. Дипломатические суда - самые быстроходные суда в галактике!"	"Lang.dat: Talk.Goods.DiplomatLongDistance. Preserve every <tag> exactly. English reference: Before issuing your demands, try catching me first. Diplomatic vessels are the speediest in the Galaxy!"	"Talk"	""
"/Talk/Goods/DiplomatLongDistance1"	"Ты говоришь с капитаном высокоскоростного космолета. Мой корабль может легко уйти от любого пирата."	"Lang.dat: Talk.Goods.DiplomatLongDistance1. Preserve every <tag> exactly. English reference: You're speaking with a captain of a high-speed spaceship. My vessel will outrun any pirate with ease."	"Talk"	""
"/Talk/Goods/DiplomatLongDistance2"	"Если бы не важная встреча, на которую я сейчас тороплюсь, тебе бы не поздоровилось. Увы, слишком далеко придется лететь, чтобы до тебя добраться..."	"Lang.dat: Talk.Goods.DiplomatLongDistance2. Preserve every <tag> exactly. English reference: If I weren't in a hurry to an important meeting, I would stay and teach you a lesson. Alas, you're too far away for me to bother..."	"Talk"	""
"/Talk/Goods/DiplomatLongDistance3"	"Если бы ты не был так далеко, я бы непременно задержался - всыпать тебе за неуважение к государственным чиновникам. Тебе повезло, что я тороплюсь."	"Lang.dat: Talk.Goods.DiplomatLongDistance3. Preserve every <tag> exactly. English reference: If you weren't so far away I would certainly linger to whoop your behind for disrespect toward government officials. You're lucky that I'm in a rush."	"Talk"	""
"/Talk/Goods/DiplomatLongDistance4"	"Мой корабль отлично оснащен, и я не боюсь никаких пиратов. Впрочем, у меня вряд ли будет возможность опробовать на тебе свое оружие - ведь ты слишком далеко, и мне некогда ждать, пока ты до нас дотащишься..."	"Lang.dat: Talk.Goods.DiplomatLongDistance4. Preserve every <tag> exactly. English reference: My ship has excellent equipment, so I'm not afraid of any pirates. Sadly, I might not get the chance to test my weapons on you, seeing as you're too far away and I've got no time to wait for you to catch up."	"Talk"	""
"/Talk/Goods/DiplomatNo"	"Не советую тебе забирать груз силой. Я вооружен и очень опасен!"	"Lang.dat: Talk.Goods.DiplomatNo. Preserve every <tag> exactly. English reference: I don't recommend trying to get the cargo by force. I am armed and extremely dangerous!"	"Talk"	""
"/Talk/Goods/DiplomatNo1/0"	"Ну, что ж, как капитан корабля, отвечающий за безопасность пассажиров и экипажа, я считаю, что самым разумным в такой ситуации будет подчиниться и отдать требуемый груз. Сейчас распоряжусь, чтобы..."	"Lang.dat: Talk.Goods.DiplomatNo1.0. Preserve every <tag> exactly. English reference: Well, as the ship's captain I'm responsible for the lives of the crew and passengers, and the most sensible move here seems to be to submit to the demands and hand over the cargo. Let me make the order to..."	"Talk"	""
"/Talk/Goods/DiplomatNo1/1"	"Эй, что такое? Кто там? А, это вы, господин министр. Благодарим вас за то, что почтили своим визитом нашу скромную рубку управления. Дежурство проходит нормально, никаких особых происшествий не зафиксировано... Что? Ах, это... Ну, видите ли, тут один пират требует отдать ему груз, перевозимый в трюме нашего корабля. Ради вашего же спокойствия и безопасности я принял решение выполнить его требование. Да, я собирался вам об этом сообщить. Один из заместителей вашего пресс-секретаря сказал мне, что вы отдыхаете, и просили не беспокоить вас по пустякам, вот я и подумал... Стоп, что это вы делаете? Эй, вам запрещено!.. э-э... то есть нежелательно, чтобы вы пользовались этой аппаратурой. Вы вообще-то не имеете права здесь находиться, если уж на то пошло... Сожалею, но таковы правила, установленные планетой <HomePlanet> - пассажиры не должны вмешиваться в дела экипажа, для их же собственной безопасности... Поймите, у меня будут неприятности... Да не рвите же у меня из рук этот чертов микрофон, ведь мы же с вами цивилизованные граждане!.."	"Lang.dat: Talk.Goods.DiplomatNo1.1. Preserve every <tag> exactly. English reference: Hey, what's going on? Who's out there? Oh, it's you, mister minister. We thank you for honoring us with your presence in this cockpit. The flight is right on schedule, everything is going very smoothly... What? Oh, that... That's just a pirate demanding that we hand over the cargo the ship is carrying. For your own security and peace of mind I've already decided to comply with his demands. Yes, I was going to tell you. One of your press secretary's deputies mentioned that you were resting and that you mustn't be disturbed over trivialities, so I thought that... Wait, what are you doing? Stop, you can't use--err, I mean you shouldn't use this equipment. In fact, you have no right to even be here... I'm sorry, but these are the rules of planet <HomePlanet> -- passengers cannot meddle in the affairs of the crew for their own safety... Please understand, I could get in serious trouble... Stop trying to rip this damned microphone out of my hands -- we are all civilized citizens, are we not!"	"Talk"	""
"/Talk/Goods/DiplomatNo1/2"	"... (шум борьбы) ..."	"Lang.dat: Talk.Goods.DiplomatNo1.2. Preserve every <tag> exactly. English reference: ... (sounds of struggle) ..."	"Talk"	""
"/Talk/Goods/DiplomatNo1/3"	"Ни на секунду нельзя расслабиться! Слушай, ты, пиратская морда, с тобой говорит дипломат, который едет на этой посудине. Заруби себе на носу: никакого груза ты не получишь! Я лично за этим прослежу. Конец связи, а то слишком много чести для такого подонка - чтобы с ним разговаривало столь высокопоставленное лицо... Что?! Да нет же, подонок - это не я, а ты, тупица!"	"Lang.dat: Talk.Goods.DiplomatNo1.3. Preserve every <tag> exactly. English reference: Ugh, can't relax even for a second! Listen up, pirate scum, you're speaking to a diplomat aboard this wretched bucket. Get it through your skull that you won't get any cargo here! I will make sure of it personally. Over and out -- it's too much honor for such a scumbag to be speaking with a dignitary... What?! It's not me who's the scumbag, dummy, it's you!"	"Talk"	""
"/Talk/Goods/DiplomatNo2"	"О, этот извечный конфликт между нашими желаниями и нашими возможностями! Взять, к примеру, тебя. Желаешь получить мой груз - но не имеешь возможности. Потому что я так просто его не отдам!"	"Lang.dat: Talk.Goods.DiplomatNo2. Preserve every <tag> exactly. English reference: Oh, this eternal conflict between our desires and our abilities! Take you, for instance. You want my cargo, but you have no way of actually getting it. Because I'm simply not going to give it to you!"	"Talk"	""
"/Talk/Goods/DiplomatNo3"	"Этот груз был куплен на государственные средства, и я не намерен растрачивать казну, отдавая его тебе."	"Lang.dat: Talk.Goods.DiplomatNo3. Preserve every <tag> exactly. English reference: This cargo was purchased for government money, and I'm not about to raid the state treasury to serve your individual interests."	"Talk"	""
"/Talk/Goods/DiplomatNo4"	"Я тебе сейчас покажу груз! Иногда конфликт можно решить только силовым методом. Орудия к бою!"	"Lang.dat: Talk.Goods.DiplomatNo4. Preserve every <tag> exactly. English reference: I'll show you the cargo! Sometimes a conflict can only be resolved with brute force. Guns at the ready!"	"Talk"	""
"/Talk/Goods/DiplomatOk"	"Я тут как раз вез немного подарков своим родным. Готов поделиться этой частью с тобой. Только не стреляй."	"Lang.dat: Talk.Goods.DiplomatOk. Preserve every <tag> exactly. English reference: Well, I am carrying some souvenirs for my family back home. I'm willing to share some of them with you. Just don't shoot, OK?"	"Talk"	""
"/Talk/Goods/DiplomatOk1"	"У меня по чистой случайности завалялось несколько ящиков с товаром. Отдаю все самое лучшее. Только не надо больше на меня давить."	"Lang.dat: Talk.Goods.DiplomatOk1. Preserve every <tag> exactly. English reference: As it happens, I do have a few crates of goods lying around. I'm giving you the best stuff. Just, please, stop bullying me."	"Talk"	""
"/Talk/Goods/DiplomatOk2"	"Так и быть, ради достижения консенсуса я готов презентовать вам часть груза. Надеюсь, эта акция позволит разрядить обстановку и создаст необходимые условия для заключения мирного договора."	"Lang.dat: Talk.Goods.DiplomatOk2. Preserve every <tag> exactly. English reference: Very well, for the sake of reaching consensus I'm willing to present you with a portion of my cargo. I hope my conduct will lessen the tension and create the necessary conditions for concluding a truce."	"Talk"	""
"/Talk/Goods/DiplomatOk3"	"Поскольку превосходство в данный момент на вашей стороне, мы вынуждены пойти на уступки и позволить вам забрать груз. Однако я обязательно доложу об этом инциденте, и ваш рейтинг на цивилизованных планетах упадет."	"Lang.dat: Talk.Goods.DiplomatOk3. Preserve every <tag> exactly. English reference: Seeing as you are clearly the superior fighter in this situation, we are forced to comply and allow you to take the cargo. However, be advised that I will report this incident, and your rating on all civilized planets will take a fall."	"Talk"	""
"/Talk/Goods/DiplomatOk4"	"Ну, ладно, так и быть, выкидываю груз. Тебе повезло, что я тороплюсь на важную встречу, и мне некогда тратить время на всяких ублюдков."	"Lang.dat: Talk.Goods.DiplomatOk4. Preserve every <tag> exactly. English reference: Oh, all right, I'll dump the cargo. You're lucky that I'm hurrying to an important meeting and don't have time to waste on random degenerates."	"Talk"	""
"/Talk/Goods/LinerLongDistance"	"У моего лайнера крутой движок новейшей модификации. Попробуй вначале догнать меня, а потом уж приставай с угрозами!"	"Lang.dat: Talk.Goods.LinerLongDistance. Preserve every <tag> exactly. English reference: The engine in my liner is high-tech and rigged with the latest modifications. Try to catch me first, then you start spewing threats!"	"Talk"	""
"/Talk/Goods/LinerLongDistance1"	"Мой лайнер оснащен новым крутым движком. Я могу уйти от любого пирата, и твой корабль - не исключение."	"Lang.dat: Talk.Goods.LinerLongDistance1. Preserve every <tag> exactly. English reference: My liner has got an awesome new engine. I can get away from any pirate, and yours is no exception."	"Talk"	""
"/Talk/Goods/LinerLongDistance2"	"Я не первый год занимаюсь перевозкой пассажиров. Давно прошло то время, когда я пугался всяких недоносков, угрожающих издалека."	"Lang.dat: Talk.Goods.LinerLongDistance2. Preserve every <tag> exactly. English reference: This isn't my first year transporting passengers. The time when I would get scared of random punks threatening me from afar has long past."	"Talk"	""
"/Talk/Goods/LinerLongDistance3"	"Ну насмешил! Не вижу смысла делиться с тобой грузом сейчас, когда ты так далеко."	"Lang.dat: Talk.Goods.LinerLongDistance3. Preserve every <tag> exactly. English reference: Well, that's rich! I see no reason to share my cargo with you when you're so far away."	"Talk"	""
"/Talk/Goods/LinerLongDistance4"	"Подлети поближе, тогда и разберемся, чей это груз. Сдается мне, у тебя кишка тонка отобрать этот груз в честном бою - вот и угрожаешь издалека."	"Lang.dat: Talk.Goods.LinerLongDistance4. Preserve every <tag> exactly. English reference: Come closer and we'll have it out to see whose cargo this is. Seems to me you haven't got the guts to take this cargo from me in a fair fight, and that's why you're threatening from afar."	"Talk"	""
"/Talk/Goods/LinerNo"	"Фига с два! У меня еще есть право защищать свою собственность!"	"Lang.dat: Talk.Goods.LinerNo. Preserve every <tag> exactly. English reference: Hell no! I have the right to defend my property!"	"Talk"	""
"/Talk/Goods/LinerNo1"	"Я не обращаю внимания на всяких недоносков, и уж тем более не делюсь с ними своим грузом."	"Lang.dat: Talk.Goods.LinerNo1. Preserve every <tag> exactly. English reference: I generally ignore punks like you, so you can forget about getting my cargo."	"Talk"	""
"/Talk/Goods/LinerNo2"	"Ваши требования смехотворны. Наш лайнер вполне может постоять за себя, так что никакого груза вы не получите."	"Lang.dat: Talk.Goods.LinerNo2. Preserve every <tag> exactly. English reference: Your demands are ludicrous. Our liner is more than capable of defending itself, so don't expect to see our cargo any time soon."	"Talk"	""
"/Talk/Goods/LinerNo3/0"	"О, ты как раз кстати, а я уже начал опасаться, что полет пройдет без происшествий. Так, куда же я сунул эту бумажку... Ага, вот она!"	"Lang.dat: Talk.Goods.LinerNo3.0. Preserve every <tag> exactly. English reference: Ah, you're just in time -- I was beginning to worry this flight would go off without a hitch. Now, where did I put that paper... Here it is!"	"Talk"	""
"/Talk/Goods/LinerNo3/2"	"Внимание, внимание! Уважаемые пассажиры, сейчас произойдет то, ради чего вы выбрали рейсы именно нашей компании. Зрелищный бой с настоящим космическим пиратом, под руководством опытного капитана, с возможностью виртуального ""присутствия"". Надев специальные эргономичные обручи из гибкого металла, с маркировкой нашей фирмы, вы сможете воспринимать мир сенсорами корабля, видеть и ощущать все то же, что и он, во всех мыслимых диапазонах! Вас ждут феерические, незабываемые впечатления! Мы набираем лучших пилотов со всех концов Галактики, чтобы гарантировать вам высокий уровень безопасности и великолепное, щекочущее нервы шоу в бескрайнем космосе! Пристегните ремни, мы начинаем!"	"Lang.dat: Talk.Goods.LinerNo3.2. Preserve every <tag> exactly. English reference: Attention, dear passengers! The reason you have chosen to fly with our company is here! With a virtual presence, you will experience a spectacular battle between a real space pirate and an experienced military captain! By putting on special ergonomic flexible-metal headbands with our company logo, you will perceive the world with the ship's sensors, see and feel everything as the ship does, in every conceivable way! Mind-blowing and unforgettable experiences await! We recruit only the best pilots from all corners of the Galaxy to guarantee your safety as you enjoy a glorious, thrilling show in the vast expanses of space! Buckle your seat belts, we're about to begin!"	"Talk"	""
"/Talk/Goods/LinerNo3/4"	"Уф, оттарабанил. Блин, уже уйму пиратов отправил на тот свет, а текст все никак запомнить не могу! Да, никакого груза тебе не будет, если ты еще не понял. И вообще, от всей души советую тебе тикать куда-нибудь подальше. Туристический шоу-бизнес - страшная штука, скажу я тебе."	"Lang.dat: Talk.Goods.LinerNo3.4. Preserve every <tag> exactly. English reference: Phew, there. Gosh, I don't know how many pirates I've dispatched to hell over the years, but I just can't seem to memorize the text! Oh, if you didn't realize it yet, you're not going to see any cargo here. And if you're smart, you'll bolt as far away from here as possible. Tourist show business is a strange thing, trust me on that."	"Talk"	""
"/Talk/Goods/LinerNo4"	"Груз тебе подавай? Еще чего! Между прочим, я в свое время недобрал всего несколько баллов до звания пилота боевого истребителя. Теперь вот вынужден водить лайнеры туда-сюда. Однако боевые навыки остались при мне, и я хватаюсь за любую возможность применить их на практике! Так что подумай как следует, прежде чем связываться со мной."	"Lang.dat: Talk.Goods.LinerNo4. Preserve every <tag> exactly. English reference: You want my cargo? Fat chance! For your information, in my day I scored just a few points shy of piloting my own fighter jet. Now I'm forced to fly liners this way and that. But I'm still a combat pilot at heart, and I jump at every opportunity to put my skills to use! So think hard if you really want to tango with me."	"Talk"	""
"/Talk/Goods/LinerOk"	"Я отдам все, что смогу. Сейчас выкину груз. Только дай мне уйти живым! Пожалуйста!"	"Lang.dat: Talk.Goods.LinerOk. Preserve every <tag> exactly. English reference: I'll give you everything I can. Dumping cargo right away. I only ask that you spare my life! Please!"	"Talk"	""
"/Talk/Goods/LinerOk1"	"Говорили же мне, что в космосе полно маньяков. Вот, дождался. Я вынужден подчиниться. Сейчас выкину груз."	"Lang.dat: Talk.Goods.LinerOk1. Preserve every <tag> exactly. English reference: Mama did tell me outer space was full of maniacs. My rotten luck. I am forced to obey. Dumping cargo right away."	"Talk"	""
"/Talk/Goods/LinerOk2"	"Пассажиры готовы поделиться с вами частью багажа, лишь бы вы оставили в покое наш мирный лайнер."	"Lang.dat: Talk.Goods.LinerOk2. Preserve every <tag> exactly. English reference: The passengers are willing to share some of their baggage with you if you promise to let our peaceful liner fly our own way."	"Talk"	""
"/Talk/Goods/LinerOk3/0"	"Ужасно, что в наше время разумные существа готовы пойти на убийство ради каких-то жалких вещей в трюме! Гаальская философия учит нас, что насилие недопустимо, и что духовные ценности всегда должны преобладать над материальными, иначе мир погрузится в Хаос! Неужели вам не стыдно заниматься таким грязным делом, как пиратство? Признайтесь хотя бы самому себе, что в глубине вашей души еще осталось немного честности и благородства - как раз столько, сколько нужно, чтобы отпустить беззащитный пассажирский лайнер..."	"Lang.dat: Talk.Goods.LinerOk3.0. Preserve every <tag> exactly. English reference: It's horrible that in this day and age intelligent creatures are willing to commit murder for the sake of worthless goods in the cargo bay! Gaalian philosophy teaches us that violence is unacceptable, and that spiritual values must always triumph over the material ones, lest the world will descend into Chaos! Aren't you ashamed of engaging in the dirty business of piracy? Look into the very depths of your heart. Surely there's some residue of honor and nobility left -- just enough to spare a defenseless passenger liner..."	"Talk"	""
"/Talk/Goods/LinerOk3/1"	"Что, нет? Неужели совсем ничего не завалялось? В глубине вашей души? Вы хорошенько там пошарили?.. Мда, ну и дела! А мой знакомый гаалец, благостная морда, уверял, что это должно сработать! Ну, что ж, похоже, мне все-таки придется поделиться частью груза. Сейчас выкину, только не надо стрельбы!"	"Lang.dat: Talk.Goods.LinerOk3.1. Preserve every <tag> exactly. English reference: Really? None? Not even a scrapping? Did you check the very bottom of your heart? Are you absolutely certain? Well, I'll be! A gaal associate of mine swore to me that this would work. That sanctimonious clown! I guess I have no choice but to share some of my cargo. I'll dump it, just don't shoot!"	"Talk"	""
"/Talk/Goods/LinerOk4"	"Эх, а я-то хотел немного подзаработать на межпланетной торговле... Но ты разрушил все мои планы. Так и быть, держи груз, только отстань!"	"Lang.dat: Talk.Goods.LinerOk4. Preserve every <tag> exactly. English reference: Heh, there go my plans to make some money on interplanetary trading. You just had to appear and ruin them. Fine, take the cargo, just leave me alone!"	"Talk"	""
"/Talk/Goods/PirateLongDistance"	"Ты вообще подлетел бы поближе, а потом бы уж угрожал. Настоящий пират смерти смотрит в лицо, а не издали выпрашивает подачку."	"Lang.dat: Talk.Goods.PirateLongDistance. Preserve every <tag> exactly. English reference: You should try coming closer before issuing threats. A true pirate doesn't beg for handouts from afar -- he looks death in the face!"	"Talk"	""
"/Talk/Goods/PirateLongDistance1/0"	"Коллега, дам тебе совет."	"Lang.dat: Talk.Goods.PirateLongDistance1.0. Preserve every <tag> exactly. English reference: Dear colleague, take my advice."	"Talk"	""
"/Talk/Goods/PirateLongDistance1/1"	"Бессмысленно заниматься пиратством тогда, когда не можешь догнать и убить свою цель. На понт можно брать только зеленых новичков."	"Lang.dat: Talk.Goods.PirateLongDistance1.1. Preserve every <tag> exactly. English reference: It is pointless to engage in piracy when you can't catch and kill your target. Only gullible rookies won't call your bluff."	"Talk"	""
"/Talk/Goods/PirateLongDistance2"	"А ты юморист, приятель! Блин, я так смеялся, что чуть не нажал кнопку аварийного сброса груза! Впрочем, я все равно успел бы его сто раз подобрать, прежде чем ты подлетел бы поближе."	"Lang.dat: Talk.Goods.PirateLongDistance2. Preserve every <tag> exactly. English reference: You're a funny guy! Damn, I laughed so hard I almost hit the emergency cargo dump button! But then, even if I had hit it, I would have picked it back up before you got here anyway."	"Talk"	""
"/Talk/Goods/PirateLongDistance3"	"Блин, уже надоело учить уму-разуму всяких лохов вроде тебя. Страшно подумать, какое поколение пиратов придет нам на смену. Ну неужели так трудно запомнить прописную истину: сначала догони, а уже потом вымогай товары или деньги!"	"Lang.dat: Talk.Goods.PirateLongDistance3. Preserve every <tag> exactly. English reference: Damn it, I'm getting tired of teaching punks like you the ways of the world. It sickens me to think of the new generation of pirates that will succeed us. How hard is it to remember the simple truth: catch the target first, then start shaking them down for goods or money!"	"Talk"	""
"/Talk/Goods/PirateLongDistance4"	"На таком расстоянии тебе меня не достать, сопляк! Разве что в переносном смысле - по радиосвязи, но тогда я просто убавлю громкость до нуля."	"Lang.dat: Talk.Goods.PirateLongDistance4. Preserve every <tag> exactly. English reference: You can't do anything to me at this distance, dumbass! Unless you mean to bore me to death with threats, but then I'll just turn the volume down."	"Talk"	""
"/Talk/Goods/PirateNo"	"Я этот груз добыл в честном бою. Может, попробуешь отнять его у меня силой? :-)"	"Lang.dat: Talk.Goods.PirateNo. Preserve every <tag> exactly. English reference: I've earned this cargo in a fair fight. How about you try and take it from me by force? :-)"	"Talk"	""
"/Talk/Goods/PirateNo1"	"В последнее время я встречаю слишком много конкурентов. Раньше я делился, когда мог, но сейчас принципиально не буду."	"Lang.dat: Talk.Goods.PirateNo1. Preserve every <tag> exactly. English reference: I seem to encounter too much competition lately. I used to share my booty, within reason, but I won't do it anymore on pure principle."	"Talk"	""
"/Talk/Goods/PirateNo2"	"У меня что, на лобовом стекле написано 'ЛОХ'? А ну, брысь отсюда, подонок!"	"Lang.dat: Talk.Goods.PirateNo2. Preserve every <tag> exactly. English reference: Do I have 'PUNK' written across my windshield or something? Take a hike, douchebag!"	"Talk"	""
"/Talk/Goods/PirateNo3"	"Груз мой. Замочу любого, кто попытается его у меня отнять."	"Lang.dat: Talk.Goods.PirateNo3. Preserve every <tag> exactly. English reference: The cargo is mine. And I'll waste anybody who tries to take it from me."	"Talk"	""
"/Talk/Goods/PirateNo4"	"Чтобы пират сдал свой груз без боя? Никогда не бывать такому!"	"Lang.dat: Talk.Goods.PirateNo4. Preserve every <tag> exactly. English reference: You expect a pirate to give away his cargo without a fight? That will never happen!"	"Talk"	""
"/Talk/Goods/PirateOk"	"Эхма, а я-то думал, что я здесь самый крутой. Ну ты прав, надо делиться. Сейчас я избавлюсь от части груза."	"Lang.dat: Talk.Goods.PirateOk. Preserve every <tag> exactly. English reference: Bah, and I thought I was the toughest one here. But you're right, sharing makes sense now. Dumping some of my cargo in a minute."	"Talk"	""
"/Talk/Goods/PirateOk1"	"Как-то глупо получается - я вор и бандит, и меня же и грабят? Ну да ладно, не хочу ссориться с коллегами. Щас выброшу часть груза."	"Lang.dat: Talk.Goods.PirateOk1. Preserve every <tag> exactly. English reference: Isn't it ironic -- I'm the bandit here, but I'm also the one being robbed! But all right, I don't want to tussle with a colleague. I'll dump some of my cargo."	"Talk"	""
"/Talk/Goods/PirateOk2"	"Братан, ну зачем тебе сдался мой груз? Давай лучше кого-нибудь другого вместе на бабки разведем! Как тебе такая идея? Ладно-ладно, не надо таких зверских физиономий, уж и пошутить нельзя. Выкидываю груз, хватай, пока не улетел!"	"Lang.dat: Talk.Goods.PirateOk2. Preserve every <tag> exactly. English reference: Brah, whatcha want with my cargo anyway? Let's join forces and shake down some sucker instead! How would you like that? Fine, fine, you don't need to make such scary faces, I was just joking. I'm dumping my cargo -- catch it before it's gone!"	"Talk"	""
"/Talk/Goods/PirateOk3"	"Тебе, похоже, и вправду нужна вся эта дрянь, что у меня в трюме! Ну, что ж, так и быть, выкидываю."	"Lang.dat: Talk.Goods.PirateOk3. Preserve every <tag> exactly. English reference: You seem to really need the junk in my cargo bay. Fine, I'll do you a solid and dump it."	"Talk"	""
"/Talk/Goods/PirateOk4/0"	"Держи груз, похоже, сейчас мне с тобой не тягаться. Но мы еще посмотрим, как ты запоешь, когда я прикуплю себе крутые стволы и найду тебя. Попомни мои слова, мы еще встретимся на узенькой дорожке! Ты еще прочувствуешь на своей гнилой шкуре всю силу моего праведного гнева! Для начала я..."	"Lang.dat: Talk.Goods.PirateOk4.0. Preserve every <tag> exactly. English reference: I can't hang with you right now, so you can have the cargo. But when I upgrade my guns and track you down, you'll sing a very different tune! Mark my words, we will meet again! And when we do, you will feel the full power of my righteous wrath on your wretched skin! First I'll..."	"Talk"	""
"/Talk/Goods/PirateOk4/1"	"Ой, не надо стрельбы, убери руку с пульта! Все-все, я уже выкидываю груз, только не надо нервничать."	"Lang.dat: Talk.Goods.PirateOk4.1. Preserve every <tag> exactly. English reference: Oh, there's no need for shooting, take your hand of the controls! Relax, breathe... I'm dumping the cargo."	"Talk"	""
"/Talk/Goods/PlayerLongDistance"	"Что-что? Я плохо слышу, помехи в эфире... Подлети поближе, тогда и поговорим."	"Lang.dat: Talk.Goods.PlayerLongDistance. Preserve every <tag> exactly. English reference: What was that? I can barely hear over the static... Come closer, then we'll talk."	"Talk"	""
"/Talk/Goods/PlayerLongDistance1"	"Мне кажется, что даже если ты и сильней, то уж точно не быстрей меня. Ты попробуй догнать меня для начала, а потом уж приставай с подобными заявлениями и угрозами!"	"Lang.dat: Talk.Goods.PlayerLongDistance1. Preserve every <tag> exactly. English reference: You may be packing more firepower than me, but you're definitely not faster. Try to catch me first before you start spewing demands and threats!"	"Talk"	""
"/Talk/Goods/PlayerLongDistance2"	"Я с дебилами не разговариваю без крайней нужды. А как иначе назвать гуманоида, который еще не догнал меня, а уже требует груз?"	"Lang.dat: Talk.Goods.PlayerLongDistance2. Preserve every <tag> exactly. English reference: I don't entertain imbeciles for no good reason. What else can I call a humanoid who starts demanding cargo before actually catching me?"	"Talk"	""
"/Talk/Goods/PlayerLongDistance3"	"Круто, круто. Твоя уверенность в своих силах просто поражает. Ты не допускаешь и тени мысли, что не сможешь меня догнать. А я вот допускаю, ха-ха! Поэтому, пожалуй, все-таки рискну не выполнить твое требование..."	"Lang.dat: Talk.Goods.PlayerLongDistance3. Preserve every <tag> exactly. English reference: Sure, fella, you're tough. Your arrogance is astounding. You don't even allow the possibility that you can't catch me... But I do, ha-ha! And so I'll risk not complying with your demands..."	"Talk"	""
"/Talk/Goods/PlayerLongDistance4"	"Подкрадись поближе, пожалуйста, а то очень хочется набить тебе морду, но лень так далеко лететь."	"Lang.dat: Talk.Goods.PlayerLongDistance4. Preserve every <tag> exactly. English reference: Come closer, please; I would love to give you a whooping, but I don't feel like flying so far."	"Talk"	""
"/Talk/Goods/PlayerNo"	"Я сегодня в плохом настроении. Не советую раздражать меня своими притязаниями. Груз мой, и точка! Ты лучше уймись, пока я не разозлился."	"Lang.dat: Talk.Goods.PlayerNo. Preserve every <tag> exactly. English reference: I'm in no mood for nonsense today. I suggest you don't bug me with it. The cargo is mine, period! Now pipe down before I get angry."	"Talk"	""
"/Talk/Goods/PlayerNo1"	"Вот те на! Какие-то недоношенные претендуют на мой груз! Ты лучше уймись, пока я не показал тебе, где клисаны зимуют... Да ты, наверное, и не знаешь, кто такие клисаны."	"Lang.dat: Talk.Goods.PlayerNo1. Preserve every <tag> exactly. English reference: I don't believe it! Some runt is laying claim to my cargo! Hush, laddie, before your mouth writes a check your ship can't cash... You follow me?"	"Talk"	""
"/Talk/Goods/PlayerNo2"	"А ты шутить любишь, я смотрю. Груза моего хочешь? Лучше улетай отсюда, пока твой корабль еще цел. Так и быть, на первый раз я тебя прощаю."	"Lang.dat: Talk.Goods.PlayerNo2. Preserve every <tag> exactly. English reference: My, you're a funny one to be demanding my cargo! How about you get lost while still in one piece? I'll forgive this first offense of yours."	"Talk"	""
"/Talk/Goods/PlayerNo3"	"Ты как разговариваешь с бесстрашным защитником Галактики? В морду захотелось? Не будет тебе никакого груза, и точка."	"Lang.dat: Talk.Goods.PlayerNo3. Preserve every <tag> exactly. English reference: Is this how you talk to a fearless defender of the Galaxy? You wanna get smacked? You're not getting any cargo, and that's that."	"Talk"	""
"/Talk/Goods/PlayerNo4"	"Я не замараю честь рейнджера позорной капитуляцией без боя. Попробуй отнять у меня груз, если он тебе так нужен!"	"Lang.dat: Talk.Goods.PlayerNo4. Preserve every <tag> exactly. English reference: I do not intend to besmirch my ranger's honor by disgracefully capitulating without a fight. If you really want my cargo, try and take it from me!"	"Talk"	""
"/Talk/Goods/PlayerNotGoods"	"Возможно, эти требования справедливы. Но у меня на борту нет груза."	"Lang.dat: Talk.Goods.PlayerNotGoods. Preserve every <tag> exactly. English reference: Perhaps these demands are just. But I haven't got any cargo on board."	"Talk"	""
"/Talk/Goods/PlayerNotGoods1"	"Я только что разгрузился, иду совсем пустой. Прости меня. В другой раз отдам все, что есть."	"Lang.dat: Talk.Goods.PlayerNotGoods1. Preserve every <tag> exactly. English reference: I've just unloaded and my cargo bay is completely empty. I'm sorry. Next time I'll give you everything I've got."	"Talk"	""
"/Talk/Goods/PlayerNotGoods2"	"Я ничего не могу вам предложить, кроме кильки в томатном соусе. Ах да, и кильки тоже не осталось!"	"Lang.dat: Talk.Goods.PlayerNotGoods2. Preserve every <tag> exactly. English reference: I've got nothing for you except for some canned anchovies in tomato sauce. Oh, check that, even the anchovies are gone!"	"Talk"	""
"/Talk/Goods/PlayerNotGoods3"	"Вынужден разочаровать, но никакого груза у меня на борту нет. Попроси что-нибудь другое."	"Lang.dat: Talk.Goods.PlayerNotGoods3. Preserve every <tag> exactly. English reference: Sorry to disappoint you, but I'm not carrying any cargo. Ask me something else."	"Talk"	""
"/Talk/Goods/PlayerNotGoods4"	"Ну насмешил! Нет у меня груза, ясно? Трюм пуст. Хоть на кусочки режь, все равно ничего не найдешь!"	"Lang.dat: Talk.Goods.PlayerNotGoods4. Preserve every <tag> exactly. English reference: Well, that's rich! I'm not carrying any cargo, got it? My cargo bay is empty. You can cut me into tiny little pieces, you still won't find anything!"	"Talk"	""
"/Talk/Goods/PlayerOk"	"Я согласен отдать часть груза, только не стреляй."	"Lang.dat: Talk.Goods.PlayerOk. Preserve every <tag> exactly. English reference: I'm willing to give away some of my cargo, just don't shoot."	"Talk"	""
"/Talk/Goods/PlayerOk1"	"Хорошо-хорошо, я отдам часть груза. Не люблю ссориться."	"Lang.dat: Talk.Goods.PlayerOk1. Preserve every <tag> exactly. English reference: Fine, fine, I'll give you some of my cargo. I prefer to avoid fighting."	"Talk"	""
"/Talk/Goods/PlayerOk2"	"Ладно, так и быть, подавись этим грузом. Выкидываю. Только, прошу, не надо пальбы, она мне спать мешает."	"Lang.dat: Talk.Goods.PlayerOk2. Preserve every <tag> exactly. English reference: Fine, you can choke on this cargo! I'm dumping it. Just, please, no shooting -- it disturbs my sleep."	"Talk"	""
"/Talk/Goods/PlayerOk3"	"Вот прицепился на мою голову! Что ж, сейчас выкину груз. Только отвали от меня. Я тебе не муляж для отработки навыков пилотирования."	"Lang.dat: Talk.Goods.PlayerOk3. Preserve every <tag> exactly. English reference: My rotten luck running into you! I guess I have to dump the cargo now. Just leave me alone. I'm not some dummy for you to hone your piloting skills against."	"Talk"	""
"/Talk/Goods/PlayerOk4"	"Что б у тебя захват сломался, морда ты этакая! Ладно, держи груз, сейчас выкину."	"Lang.dat: Talk.Goods.PlayerOk4. Preserve every <tag> exactly. English reference: May your gripper break at the worst possible moment, douchebag! Find, take the cargo, I'm dumping it."	"Talk"	""
"/Talk/Goods/PlayerSend"	"Это ограбление! Жизнь или груз?"	"Lang.dat: Talk.Goods.PlayerSend. Preserve every <tag> exactly. English reference: This is a robbery! Your cargo or your life?"	"Talk"	""
"/Talk/Goods/PlayerSend1"	"Вытряхивай груз из трюма, если хочешь жить!"	"Lang.dat: Talk.Goods.PlayerSend1. Preserve every <tag> exactly. English reference: Dump your cargo if you want to live!"	"Talk"	""
"/Talk/Goods/PlayerSend2"	"Выбрось груз, а то отнимут. Кто? Да я, к примеру!"	"Lang.dat: Talk.Goods.PlayerSend2. Preserve every <tag> exactly. English reference: Dump the cargo before it's taken away. By whom? How about me!"	"Talk"	""
"/Talk/Goods/PlayerSend3"	"Мне нужен твой груз, отдай по-хорошему"	"Lang.dat: Talk.Goods.PlayerSend3. Preserve every <tag> exactly. English reference: I need your cargo, so let's do this the easy way"	"Talk"	""
"/Talk/Goods/PlayerSend4"	"Поделись грузом, или разнесу твое корыто"	"Lang.dat: Talk.Goods.PlayerSend4. Preserve every <tag> exactly. English reference: Share your cargo with me or I'll blast your bucket to pieces"	"Talk"	""
"/Talk/Goods/RangerLongDistance"	"Что-что? Я плохо слышу, помехи в эфире... Подлети поближе, тогда и поговорим."	"Lang.dat: Talk.Goods.RangerLongDistance. Preserve every <tag> exactly. English reference: What was that? I can barely hear over the static... Come closer, then we'll talk."	"Talk"	""
"/Talk/Goods/RangerLongDistance1"	"Мне кажется, что даже если ты и сильней, то уж точно не быстрей меня. Ты попробуй догнать меня для начала, а потом уж приставай с подобными заявлениями и угрозами!"	"Lang.dat: Talk.Goods.RangerLongDistance1. Preserve every <tag> exactly. English reference: You may be packing more firepower than me, but you're definitely not faster. Try to catch me first before you start spewing demands and threats!"	"Talk"	""
"/Talk/Goods/RangerLongDistance2"	"Я с дебилами не разговариваю без крайней нужды. А как иначе назвать гуманоида, который еще не догнал меня, а уже требует груз?"	"Lang.dat: Talk.Goods.RangerLongDistance2. Preserve every <tag> exactly. English reference: I don't entertain imbeciles for no good reason. What else can I call a humanoid who starts demanding cargo before actually catching me?"	"Talk"	""
"/Talk/Goods/RangerLongDistance3"	"Круто, круто. Твоя уверенность в своих силах просто поражает. Ты не допускаешь и тени мысли, что не сможешь меня догнать. А я вот допускаю, ха-ха! Поэтому, пожалуй, все-таки рискну не выполнить твое требование..."	"Lang.dat: Talk.Goods.RangerLongDistance3. Preserve every <tag> exactly. English reference: Sure, fella, you're tough. Your arrogance is astounding. You don't even allow the possibility that you can't catch me... But I do, ha-ha! And so I'll risk not complying with your demands..."	"Talk"	""
"/Talk/Goods/RangerLongDistance4"	"Подкрадись поближе, пожалуйста, а то очень хочется набить тебе морду, но лень так далеко лететь."	"Lang.dat: Talk.Goods.RangerLongDistance4. Preserve every <tag> exactly. English reference: Come closer, please; I would love to give you a whooping, but I don't feel like flying so far."	"Talk"	""
"/Talk/Goods/RangerNo"	"Я сегодня в плохом настроении. Не советую раздражать меня своими притязаниями. Груз мой, и точка! Ты лучше уймись, пока я не разозлился."	"Lang.dat: Talk.Goods.RangerNo. Preserve every <tag> exactly. English reference: I'm in no mood for nonsense today. I suggest you don't bug me with it. The cargo is mine, period! Now pipe down before I get angry."	"Talk"	""
"/Talk/Goods/RangerNo1"	"Вот те на! Какие-то недоношенные претендуют на мой груз! Ты лучше уймись, пока я не показал тебе, где клисаны зимуют... Да ты, наверное, и не знаешь, кто такие клисаны."	"Lang.dat: Talk.Goods.RangerNo1. Preserve every <tag> exactly. English reference: I don't believe it! Some runt is laying claim to my cargo! Hush, laddie, before your mouth writes a check your ship can't cash... You follow me?"	"Talk"	""
"/Talk/Goods/RangerNo2"	"А ты шутить любишь, я смотрю. Груза моего хочешь? Лучше улетай отсюда, пока твой корабль еще цел. Так и быть, на первый раз я тебя прощаю."	"Lang.dat: Talk.Goods.RangerNo2. Preserve every <tag> exactly. English reference: My, you're a funny one to be demanding my cargo! How about you get lost while still in one piece? I'll forgive this first offense of yours."	"Talk"	""
"/Talk/Goods/RangerNo3"	"Ты как разговариваешь с бесстрашным защитником Галактики? В морду захотелось? Не будет тебе никакого груза, и точка."	"Lang.dat: Talk.Goods.RangerNo3. Preserve every <tag> exactly. English reference: Is this how you talk to a fearless defender of the Galaxy? You wanna get smacked? You're not getting any cargo, and that's that."	"Talk"	""
"/Talk/Goods/RangerNo4"	"Я не замараю честь рейнджера позорной капитуляцией без боя. Попробуй отнять у меня груз, если он тебе так нужен!"	"Lang.dat: Talk.Goods.RangerNo4. Preserve every <tag> exactly. English reference: I do not intend to besmirch my ranger's honor by disgracefully capitulating without a fight. If you really want my cargo, try and take it from me!"	"Talk"	""
"/Talk/Goods/RangerOk"	"Я согласен отдать часть груза, только не стреляй."	"Lang.dat: Talk.Goods.RangerOk. Preserve every <tag> exactly. English reference: I'm willing to give away some of my cargo, just don't shoot."	"Talk"	""
"/Talk/Goods/RangerOk1"	"Хорошо-хорошо, я отдам часть груза. Не люблю ссориться."	"Lang.dat: Talk.Goods.RangerOk1. Preserve every <tag> exactly. English reference: Fine, fine, I'll give you some of my cargo. I prefer to avoid fighting."	"Talk"	""
"/Talk/Goods/RangerOk2"	"Ладно, так и быть, подавись этим грузом. Выкидываю. Только, прошу, не надо пальбы, она мне спать мешает."	"Lang.dat: Talk.Goods.RangerOk2. Preserve every <tag> exactly. English reference: Fine, you can choke on this cargo! I'm dumping it. Just, please, no shooting -- it disturbs my sleep."	"Talk"	""
"/Talk/Goods/RangerOk3"	"Вот прицепился на мою голову! Что ж, сейчас выкину груз. Только отвали от меня. Я тебе не муляж для отработки навыков пилотирования."	"Lang.dat: Talk.Goods.RangerOk3. Preserve every <tag> exactly. English reference: My rotten luck running into you! I guess I have to dump the cargo now. Just leave me alone. I'm not some dummy for you to hone your piloting skills against."	"Talk"	""
"/Talk/Goods/RangerOk4"	"Что б у тебя захват сломался, морда ты этакая! Ладно, держи груз, сейчас выкину."	"Lang.dat: Talk.Goods.RangerOk4. Preserve every <tag> exactly. English reference: May your gripper break at the worst possible moment, douchebag! Find, take the cargo, I'm dumping it."	"Talk"	""
"/Talk/Goods/Send"	"Это моя территория, и мне чрезвычайно трудно ее охранять. Каждый корабль обязан делиться со мной частью своих грузов."	"Lang.dat: Talk.Goods.Send. Preserve every <tag> exactly. English reference: This is my turf, and it takes a great deal of effort to keep it secure. Every passing ship must therefore share some of its cargo with me."	"Talk"	""
"/Talk/Goods/Send1"	"Я требую выдачи твоего груза, иначе не отвечаю за свои действия. Каждый корабль обязан делиться со мной частью своих грузов."	"Lang.dat: Talk.Goods.Send1. Preserve every <tag> exactly. English reference: I demand that you release your cargo, or I may lose control and do something terrible. Every passing ship must therefore share some of its cargo with me."	"Talk"	""
"/Talk/Goods/Send2"	"Я занимаюсь сбором дани. Выкидывай груз, или будешь атакован!"	"Lang.dat: Talk.Goods.Send2. Preserve every <tag> exactly. English reference: I'm collecting tribute. Dump your cargo or I'll attack!"	"Talk"	""
"/Talk/Goods/Send3"	"Стой, приятель, это ограбление! Выкидывай груз, иначе худо тебе придется! Считаю до трех: раз, два, два с половиной, два и три четверти..."	"Lang.dat: Talk.Goods.Send3. Preserve every <tag> exactly. English reference: Freeze, buddy, this is a robbery! Dump your cargo or you'll be sorry! I'm counting to three: one, two, two and a half, two and three quarters..."	"Talk"	""
"/Talk/Goods/Send4"	"Предлагаю тебе ноль кредитов за весь груз, который есть у тебя в трюме. Такие вот грабительские условия сделки! Правда, выгодный контракт? Для меня выгодный, хе-хе! Впрочем, тебе еще останется твоя жизнь - в качестве бесплатного презента от фирмы!"	"Lang.dat: Talk.Goods.Send4. Preserve every <tag> exactly. English reference: I offer you zero credits for all the goods in your cargo bay. These are my special robber's terms! A lucrative deal, don't you agree? For me at least, he-he! But then you get to keep your life -- think of it as a company bonus!"	"Talk"	""
"/Talk/Goods/TransportLongDistance"	"У меня новый движок, совсем недавно проапгрейдил. Попробуй вначале догнать меня, а потом уж приставай с угрозами!"	"Lang.dat: Talk.Goods.TransportLongDistance. Preserve every <tag> exactly. English reference: I've got a new engine that was recently upgraded. Try to catch me first, then you start spewing threats!"	"Talk"	""
"/Talk/Goods/TransportLongDistance1"	"У меня новый крутой движок, и я могу уйти от любого пирата. Твой корабль не исключение. Попробуй догони."	"Lang.dat: Talk.Goods.TransportLongDistance1. Preserve every <tag> exactly. English reference: I've got a great new engine, and there's not a pirate out there that can keep up with me. Your ship is no exception. Catch me if you can."	"Talk"	""
"/Talk/Goods/TransportLongDistance2"	"Ты не похож на профессионального пирата - он бы сначала догнал мой корабль, а уже потом предъявил свои требования. Ну, а так мне остается лишь от души посмеяться..."	"Lang.dat: Talk.Goods.TransportLongDistance2. Preserve every <tag> exactly. English reference: You don't act like a true pirate -- a pro would have caught me first, and only then presented his demands. But with an amateur like you, I'll just laugh wholeheartedly..."	"Talk"	""
"/Talk/Goods/TransportLongDistance3"	"Вот это наглость... Даже подобраться поближе не потрудился. Сначала догони меня, лентяй! Похоже, скоро пираты так разжиреют, что совсем летать разучатся..."	"Lang.dat: Talk.Goods.TransportLongDistance3. Preserve every <tag> exactly. English reference: What gall on this one... He can't even be bothered catching me first. Do your job, slacker! These pirates are getting too far and lazy for their own good..."	"Talk"	""
"/Talk/Goods/TransportLongDistance4"	"Твои возмутительные претензии совершенно необоснованны и ничем не подкреплены. Твой корабль слишком далеко, чтобы представлять для меня реальную угрозу. Так зачем же мне делиться с тобой грузом?"	"Lang.dat: Talk.Goods.TransportLongDistance4. Preserve every <tag> exactly. English reference: Your outrageous demands are utterly without grounds or merit. Your ship is too far to pose any real threat to me. So why should I give you my cargo?"	"Talk"	""
"/Talk/Goods/TransportNo"	"Я всю жизнь работал ради этого груза, и не готов с ним расстаться без весомых оснований."	"Lang.dat: Talk.Goods.TransportNo. Preserve every <tag> exactly. English reference: I've worked for this cargo my whole life, and I'm not about to surrender it without a reason."	"Talk"	""
"/Talk/Goods/TransportNo1"	"Что это еще такое - отдать груз? А как же право собственности, конвенция о правах граждан? Я буду отстаивать свое право на собственность до последней капли крови!"	"Lang.dat: Talk.Goods.TransportNo1. Preserve every <tag> exactly. English reference: Give you my cargo? On what grounds?? What about my right to property? What about the convention on human rights? I will defend my right to property to the last drop!"	"Talk"	""
"/Talk/Goods/TransportNo2"	"Я всего лишь мирный частный предприниматель, но у меня на борту есть оружие, и я всегда готов вступить в бой с любым, кто посягнет на мое имущество!"	"Lang.dat: Talk.Goods.TransportNo2. Preserve every <tag> exactly. English reference: I am but a peaceful entrepreneur, but my ship does have offensive capabilities, and I'm ready to fight anyone who dares to infringe on my property!"	"Talk"	""
"/Talk/Goods/TransportNo3"	"Если я отдам тебе этот груз, то буду окончательно разорен. После такого провала остается только застрелиться. Поэтому за содержимое трюма я буду драться, как за свою жизнь!"	"Lang.dat: Talk.Goods.TransportNo3. Preserve every <tag> exactly. English reference: If I give you this cargo, it will mean bankruptcy for me. And then I would have no choice but blow my brains out in disgrace. So I'll fight for the contents of my cargo bay with the desperation of a dead man!"	"Talk"	""
"/Talk/Goods/TransportNo4"	"Щенок, я водил транспорты еще тогда, когда тебя на свете не было! Чтобы я отдал свой груз какому-то молокососу? Да никогда в жизни!"	"Lang.dat: Talk.Goods.TransportNo4. Preserve every <tag> exactly. English reference: Listen, pup, I've been flying transport vessels before you were even born. Now you expect me to give up my cargo to some chump? Over my dead body!"	"Talk"	""
"/Talk/Goods/TransportOk"	"Я работаю день и ночь, и всякие твари постоянно заставляют меня терпеть убытки! Сейчас выкину все, что у меня есть. Только не стреляй!"	"Lang.dat: Talk.Goods.TransportOk. Preserve every <tag> exactly. English reference: I work day and night, and because of bastards like you I'm always in the red! I'm dumping everything I've got. Just don't shoot!"	"Talk"	""
"/Talk/Goods/TransportOk1"	"У меня тут есть кое-какой ненужный груз в трюме. Давно ждал возможности от него избавиться."	"Lang.dat: Talk.Goods.TransportOk1. Preserve every <tag> exactly. English reference: Sure, I've got some extra stuff lying around in my cargo bay. I've been meaning to get rid of it for a while now."	"Talk"	""
"/Talk/Goods/TransportOk2"	"Блин, в космос уже и высунуться нельзя, на каждом шагу уроды вроде тебя подкарауливают честных людей! Держи свой груз, только отвали!"	"Lang.dat: Talk.Goods.TransportOk2. Preserve every <tag> exactly. English reference: Damn, you can't even peek into outer space these days without crooks like you standing up honest folks like me! Take my cargo and get lost!"	"Talk"	""
"/Talk/Goods/TransportOk3"	"Так и быть, держи груз - все равно он испортился от тряски, наверное."	"Lang.dat: Talk.Goods.TransportOk3. Preserve every <tag> exactly. English reference: Fine, take the cargo, it's probably ruined from the bumpy road anyway."	"Talk"	""
"/Talk/Goods/TransportOk4"	"Похоже, мне придется выкинуть груз, как ни жаль. Ну, что ж, спишем эту потерю на форс-мажорные обстоятельства."	"Lang.dat: Talk.Goods.TransportOk4. Preserve every <tag> exactly. English reference: Sadly, it looks like I have no choice but to dump my cargo. I suppose I'll be able to write it off as force majeure."	"Talk"	""
"/Talk/Goods/WarriorNo"	"Ну ты, курсант, даешь! Ты гляди, с кем разговариваешь. Я ведь могу и не оценить твоего тупого юмора!"	"Lang.dat: Talk.Goods.WarriorNo. Preserve every <tag> exactly. English reference: Rookie, you're something else! Don't you see who I am? If this is a joke, then I've got no patience for your dumb sense of humor!"	"Talk"	""
"/Talk/Goods/WarriorNo1"	"Ты за кого ты меня принимаешь, салага? Протри глаза и посмотри, с кого груз требуешь. Это боевой корабль, а не какое-нибудь транспортное корыто."	"Lang.dat: Talk.Goods.WarriorNo1. Preserve every <tag> exactly. English reference: What do you take me for, you noob? Wake the hell up and see who you're trying to shake down. This is a combat ship, not some defenseless transport clunker!"	"Talk"	""
"/Talk/Goods/WarriorNo2"	"Хм, ты что - самоубийца? Совсем обнаглели эти пираты, уже с военных пытаются дань собирать! Надо преподать им урок..."	"Lang.dat: Talk.Goods.WarriorNo2. Preserve every <tag> exactly. English reference: Are you suicidal? These pirates are something else, trying to collect tribute from the military! They need to be taught a lesson..."	"Talk"	""
"/Talk/Goods/WarriorNo3"	"Ты, наверное, пеленгской наркоты обкурился - иначе как объяснить такое странное поведение? Вымогать груз у военного корабля - настоящее безумие."	"Lang.dat: Talk.Goods.WarriorNo3. Preserve every <tag> exactly. English reference: You must have smoked a buttload of that peleng junk -- I can't see any other reason for such strange behavior. Extorting cargo from a military ship... That's just crazy!"	"Talk"	""
"/Talk/Goods/WarriorNo4"	"Что-о?! Не раздражай меня, парень, иначе плохо тебе придется. Уже не будет нужен ни чужой груз, ни что-либо еще. Навсегда избавишься от всех проблем."	"Lang.dat: Talk.Goods.WarriorNo4. Preserve every <tag> exactly. English reference: Whaaat?! Don't pester me, boy, or you'll be sorry. Other folks' cargo will be the last thing on your mind. In fact, all of your problems will suddenly, magically disappear into oblivion."	"Talk"	""
"/Talk/Goods/WeAlreadyHavePact"	"Мы ранее уже заключили мирное соглашение. Я не помню, чтобы в нем говорилось что-то о моем грузе."	"Lang.dat: Talk.Goods.WeAlreadyHavePact. Preserve every <tag> exactly. English reference: We've concluded a truce earlier. I don't remember it mentioning anything about my cargo."	"Talk"	""
"/Talk/Goods/WeAlreadyHavePact1"	"Ты чего снова лезешь, у нас ведь с тобой мирное соглашение?! Не будет тебе никакого груза!"	"Lang.dat: Talk.Goods.WeAlreadyHavePact1. Preserve every <tag> exactly. English reference: Still looking for a fight even after our truce?! You're not getting any cargo!"	"Talk"	""
"/Talk/Goods/WeAlreadyHavePact2"	"Ничего не дам. У нас с тобой мирное соглашение, между прочим. Посмотрите все на этого вероломного типа!"	"Lang.dat: Talk.Goods.WeAlreadyHavePact2. Preserve every <tag> exactly. English reference: I won't give you anything. You and I have a truce, or have you forgotten? Just look at this perfidious bastard!"	"Talk"	""
"/Talk/Goods/WeAlreadyHavePact3"	"Фиг тебе, а не груз! Мы уже заключили мирное соглашение, раньше надо было думать!"	"Lang.dat: Talk.Goods.WeAlreadyHavePact3. Preserve every <tag> exactly. English reference: You want my cargo? Get stuffed! We've concluded a truce earlier, you should have thunk ahead!"	"Talk"	""
"/Talk/MilitarySupport/AfterBuff"	"Поздравляю, <Player>, твой корабль успешно обработан!"	"Lang.dat: Talk.MilitarySupport.AfterBuff. Preserve every <tag> exactly. English reference: Congratulations, <Player>, yor ship's hull was succesfully treated with our special compound!"	"Talk"	""
"/Talk/MilitarySupport/AfterBuffProlongate"	"Поздравляю, <Player>, повторная обработка выполнена успешно!"	"Lang.dat: Talk.MilitarySupport.AfterBuffProlongate. Preserve every <tag> exactly. English reference: Congratulations, <Player>, compound was succesfully re-applied!"	"Talk"	""
"/Talk/MilitarySupport/AfterCancel"	"Хорошо, у тебя есть другие предложения?"	"Lang.dat: Talk.MilitarySupport.AfterCancel. Preserve every <tag> exactly. English reference: Alright, you have any other suggestions?"	"Talk"	""
"/Talk/MilitarySupport/AfterNo"	"Хорошо, у тебя есть другие вопросы?"	"Lang.dat: Talk.MilitarySupport.AfterNo. Preserve every <tag> exactly. English reference: Okay, do you have any questions?"	"Talk"	""
"/Talk/MilitarySupport/AfterRepairEq"	"Отлично, ремонт оборудования выполнен успешно. Работать теперь будет только по уставу. Еще нужно что-нибудь?"	"Lang.dat: Talk.MilitarySupport.AfterRepairEq. Preserve every <tag> exactly. English reference: Okay, repairs are done, everything should work as new. Do you need anything else?"	"Talk"	""
"/Talk/MilitarySupport/AfterRepairHull"	"Отлично, ремонт корпуса выполнен успешно. Не переживай, при продаже скажешь, что не бит и не крашен - заметить не смогут. Еще нужно что-нибудь?"	"Lang.dat: Talk.MilitarySupport.AfterRepairHull. Preserve every <tag> exactly. English reference: Alright, hull repairs are done. Don't you worry, we've pulled some paperwork, and it's not a write-off anymore, so you'll be able to sell it in a hearbeat. Anything else?"	"Talk"	""
"/Talk/MilitarySupport/AfterSellLastRemains"	"У тебя больше нет ошметков, что-нибудь еще?"	"Lang.dat: Talk.MilitarySupport.AfterSellLastRemains. Preserve every <tag> exactly. English reference: Seems like you don't have any dominator's loot left. Anything else?"	"Talk"	""
"/Talk/MilitarySupport/AfterSellRemains"	"Отлично, что-то еще?"	"Lang.dat: Talk.MilitarySupport.AfterSellRemains. Preserve every <tag> exactly. English reference: Alright! Do you need anything else?"	"Talk"	""
"/Talk/MilitarySupport/AnswerBuff"	"Отличный выбор! Нанодобавки увеличивает наносимый урон и уменьшают получаемый. Стоит процедура <Nodes> нодов. Не забывай, что можно провести обработку несколько раз во время действия состава, но эффект от каждой последующей процедуры будет все менее заметным."	"Lang.dat: Talk.MilitarySupport.AnswerBuff. Preserve every <tag> exactly. English reference: Superb choice! This nano-substance increases the amount of damage you'll be able to cause, but at the same time they'll increase your armour. This will require <Nodes> nodes to manufacture. Oh, and one more thing - you can repeat the procedure before the previous round wear off, but the effect will be less noticeable."	"Talk"	""
"/Talk/MilitarySupport/AnswerFei/0"	"Конечно, нужно использовать любую возможность. Мой корабль <ShipName> может предложить тебе следующие услуги:"	"Lang.dat: Talk.MilitarySupport.AnswerFei.0. Preserve every <tag> exactly. English reference: That's what I've been saying, use any opportunity fate throws your way. My ship, <ShipName>, can offer you this:"	"Talk"	""
"/Talk/MilitarySupport/AnswerFei/1"	"1. Ремонт оборудования. С помощью специальным образом обработанных нодов и технологии 3D-печати изготавливаются запасные части для экипированного стандартного оборудования. Нестандартное для ремонта не подходит, слишком высокая сложность."	"Lang.dat: Talk.MilitarySupport.AnswerFei.1. Preserve every <tag> exactly. English reference: 1. Equipment repairs. With the help of cutting-edge 3D-printing technologies and specially prepaired nodes substance, we'll be able to manufacture spares for any kind of standart equipment you'll have. But unfortunately, we can't help you with any custom stuff, it's too complex for us to repair."	"Talk"	""
"/Talk/MilitarySupport/AnswerFei/2"	"2. Прием доминаторских ошметков. Если до научной базы добираться слишком далеко и долго, внутренняя лаборатория нашего корабля сама займется изучением трофеев. Естественно, столь совершенного оборудования как у ученых здесь нет, да и квалификация персонала пониже, поэтому платим мы за ошметки меньше - соответственно результату от исследований."	"Lang.dat: Talk.MilitarySupport.AnswerFei.2. Preserve every <tag> exactly. English reference: 2. Unofficial research services. If the nearest science station is too far for you to reach, it's possible for us to examine and make some research over any sample of dominator's technology you will suply. Of course, we don't have all this fancy equipment that government techs' got, and our qualification is somewhat lower, so our payment will me appropriately lower."	"Talk"	""
"/Talk/MilitarySupport/AnswerGaal/0"	"Конечно, нужно использовать любую возможность. Мой корабль <ShipName> может предложить тебе следующие услуги:"	"Lang.dat: Talk.MilitarySupport.AnswerGaal.0. Preserve every <tag> exactly. English reference: That's what I've been saying, use any opportunity fate throws your way. My ship, <ShipName>, can offer you this:"	"Talk"	""
"/Talk/MilitarySupport/AnswerGaal/1"	"1. Ремонт оборудования. С помощью специальным образом обработанных нодов и технологии 3D-печати изготавливаются запасные части для экипированного стандартного оборудования. Нестандартное для ремонта не подходит, слишком высокая сложность."	"Lang.dat: Talk.MilitarySupport.AnswerGaal.1. Preserve every <tag> exactly. English reference: 1. Equipment repairs. With the help of cutting-edge 3D-printing technologies and specially prepaired nodes substance, we'll be able to manufacture spares for any kind of standart equipment you'll have. But unfortunately, we can't help you with any custom stuff, it's too complex for us to repair."	"Talk"	""
"/Talk/MilitarySupport/AnswerGaal/2"	"2. Обработать корабль нанодобавками, изготовленными из нодов. Используя нанотехнологии и ноды в качестве основного переносчика наноботов, удается кратковременно повышать эффективность орудий и защиты корабля. Можно проводить несколько обработок подряд, но эффективность каждой последующей будет ниже - физические пределы механизмов никто не отменял."	"Lang.dat: Talk.MilitarySupport.AnswerGaal.2. Preserve every <tag> exactly. English reference: 2. So-called ""node-coating"". Using nodes as main carrier of nano-botes, it is possible to increase efficiency of weapons and shields for a short period of time. Oh, and one more thing - you can repeat the procedure before the previous round wear off, but the effect will be less noticeable."	"Talk"	""
"/Talk/MilitarySupport/AnswerMaloc/0"	"Конечно, нужно использовать любую возможность. Мой корабль <ShipName> может предложить тебе следующие услуги:"	"Lang.dat: Talk.MilitarySupport.AnswerMaloc.0. Preserve every <tag> exactly. English reference: That's what I've been saying, use any opportunity fate throws your way. My ship, <ShipName>, can offer you this:"	"Talk"	""
"/Talk/MilitarySupport/AnswerMaloc/1"	"1. Ремонт корпуса корабля. Используя доминаторские ноды в качестве строительного материала, можно восстановить целостность структуры корпуса."	"Lang.dat: Talk.MilitarySupport.AnswerMaloc.1. Preserve every <tag> exactly. English reference: 1. Hull repairs. Using dominator' nodes as a building matherial, we can repair any stuctural damage there is."	"Talk"	""
"/Talk/MilitarySupport/AnswerMaloc/2"	"2. Обработать корабль нанодобавками, изготовленными из нодов. Используя нанотехнологии и ноды в качестве основного переносчика наноботов, удается кратковременно повышать эффективность орудий и защиты корабля. Можно проводить несколько обработок подряд, но эффективность каждой последующей будет ниже - физические пределы механизмов никто не отменял."	"Lang.dat: Talk.MilitarySupport.AnswerMaloc.2. Preserve every <tag> exactly. English reference: 2. So-called ""node-coating"". Using nodes as main carrier of nano-botes, it is possible to increase efficiency of weapons and shields for a short period of time. Oh, and one more thing - you can repeat the procedure before the previous round wear off, but the effect will be less noticeable."	"Talk"	""
"/Talk/MilitarySupport/AnswerNoNeedToRepairEq"	"Но у тебя все в полном порядке, ремонт не требуется!"	"Lang.dat: Talk.MilitarySupport.AnswerNoNeedToRepairEq. Preserve every <tag> exactly. English reference: Are you sure? From where I'm sitting, everything is A-okay, there's no need for repairs!"	"Talk"	""
"/Talk/MilitarySupport/AnswerNoNeedToRepairHull"	"Твой корпус, <Player>, и так целехонький, ремонтировать нет нужды!"	"Lang.dat: Talk.MilitarySupport.AnswerNoNeedToRepairHull. Preserve every <tag> exactly. English reference: Your ship's hull, <Player>, is perfectly fine, there's no need for repairs."	"Talk"	""
"/Talk/MilitarySupport/AnswerNoNeedToRepairHull2"	"Извини, <Player>, но целые корпуса чинить нет ни возможности, ни необходимости."	"Lang.dat: Talk.MilitarySupport.AnswerNoNeedToRepairHull2. Preserve every <tag> exactly. English reference: Sorry, <Player>, we can't and won't waste our time on repairing perfectly fine ships."	"Talk"	""
"/Talk/MilitarySupport/AnswerNoRemains"	"Мысль дельная, <Player>, только нет ведь их у тебя, ошметков-то! Что мы тут тогда обсуждаем?"	"Lang.dat: Talk.MilitarySupport.AnswerNoRemains. Preserve every <tag> exactly. English reference: Nice going, <Player>, but you don't have any loot, what's there to talk about?"	"Talk"	""
"/Talk/MilitarySupport/AnswerNoRemains2"	"Мое командование только за, но что у тебя есть сейчас? А ничего нету!"	"Lang.dat: Talk.MilitarySupport.AnswerNoRemains2. Preserve every <tag> exactly. English reference: My superviser approves, but you don't have anything on you, mate!"	"Talk"	""
"/Talk/MilitarySupport/AnswerPeleng/0"	"Конечно, нужно использовать любую возможность. Мой корабль <ShipName> может предложить тебе следующие услуги:"	"Lang.dat: Talk.MilitarySupport.AnswerPeleng.0. Preserve every <tag> exactly. English reference: That's what I've been saying, use any opportunity fate throws your way. My ship, <ShipName>, can offer you this:"	"Talk"	""
"/Talk/MilitarySupport/AnswerPeleng/1"	"1. Ремонт корпуса корабля. Используя доминаторские ноды в качестве строительного материала, можно восстановить целостность структуры корпуса."	"Lang.dat: Talk.MilitarySupport.AnswerPeleng.1. Preserve every <tag> exactly. English reference: 1. Hull repairs. Using dominator' nodes as a building matherial, we can repair any stuctural damage there is."	"Talk"	""
"/Talk/MilitarySupport/AnswerPeleng/2"	"2. Прием доминаторских ошметков. Если до научной базы добираться слишком далеко и долго, внутренняя лаборатория нашего корабля сама займется изучением трофеев. Естественно, столь совершенного оборудования как у ученых здесь нет, да и квалификация персонала пониже, поэтому платим мы за ошметки меньше - соответственно результату от исследований."	"Lang.dat: Talk.MilitarySupport.AnswerPeleng.2. Preserve every <tag> exactly. English reference: 2. Unofficial research services. If the nearest science station is too far for you to reach, it's possible for us to examine and make some research over any sample of dominator's technology you will suply. Of course, we don't have all this fancy equipment that government techs' got, and our qualification is somewhat lower, so our payment will me appropriately lower."	"Talk"	""
"/Talk/MilitarySupport/AnswerPeople/0"	"Конечно, нужно использовать любую возможность. Мой корабль <ShipName> может предложить тебе следующие услуги:"	"Lang.dat: Talk.MilitarySupport.AnswerPeople.0. Preserve every <tag> exactly. English reference: That's what I've been saying, use any opportunity fate throws your way. My ship, <ShipName>, can offer you this:"	"Talk"	""
"/Talk/MilitarySupport/AnswerPeople/1"	"1. Прием доминаторских ошметков. Если до научной базы добираться слишком далеко и долго, внутренняя лаборатория нашего корабля сама займется изучением трофеев. Естественно, столь совершенного оборудования как у ученых здесь нет, да и квалификация персонала пониже, поэтому платим мы за ошметки меньше - соответственно результату от исследований."	"Lang.dat: Talk.MilitarySupport.AnswerPeople.1. Preserve every <tag> exactly. English reference: 1. Unofficial research services. If the nearest science station is too far for you to reach, it's possible for us to examine and make some research over any sample of dominator's technology you will suply. Of course, we don't have all this fancy equipment that government techs' got, and our qualification is somewhat lower, so our payment will me appropriately lower."	"Talk"	""
"/Talk/MilitarySupport/AnswerPeople/2"	"2. Обработать корабль нанодобавками, изготовленными из нодов. Используя нанотехнологии и ноды в качестве основного переносчика наноботов, удается кратковременно повышать эффективность орудий и защиты корабля. Можно проводить несколько обработок подряд, но эффективность каждой последующей будет ниже - физические пределы механизмов никто не отменял."	"Lang.dat: Talk.MilitarySupport.AnswerPeople.2. Preserve every <tag> exactly. English reference: 2. So-called ""node-coating"". Using nodes as main carrier of nano-botes, it is possible to increase efficiency of weapons and shields for a short period of time. Oh, and one more thing - you can repeat the procedure before the previous round wear off, but the effect will be less noticeable."	"Talk"	""
"/Talk/MilitarySupport/AnswerRepairEq"	"Отлично, для полной починки потребуется <Nodes> нодов, но если сейчас у тебя дефицит, то можем произвести частичный ремонт, взяв только то, что у тебя сейчас в наличии. Степень ремонта, естественно, пропорциональна числу потраченных нодов. Напоминаю, что лицензия у нас только на ремонт стандартного оборудования!"	"Lang.dat: Talk.MilitarySupport.AnswerRepairEq. Preserve every <tag> exactly. English reference: Okay, so in order to fix everything, we'll need <Nodes> nodes -- but if you're short on them, we can begin with partial repairs -- fix only those items you can afford, proportionally. And we'd like to remind you that we're licensed to perform repairs on standart equipment only!"	"Talk"	""
"/Talk/MilitarySupport/AnswerRepairEqNoNodes"	"Так у тебя вообще нодов нет, <Player>! Не получится у нас ремонт, мне даже рабочих без оплаты выделить не дадут. Чтоб ты понимал - в твоем случае полный ремонт оценивается в <Nodes> нодов."	"Lang.dat: Talk.MilitarySupport.AnswerRepairEqNoNodes. Preserve every <tag> exactly. English reference: You don't have any nodes, <Player>! We won't begin repairs with nothing at all, sorry. Just to clarify, you'll need around <Nodes> to fix everything you've requested."	"Talk"	""
"/Talk/MilitarySupport/AnswerRepairHull"	"Сейчас прикину... Полный ремонт корпуса встанет тебе в <Nodes> нодов, но если полной суммы не наберется, то можем провести частичный ремонт дешевле - на все твои наличные ноды. Степень ремонта, естественно, пропорциональна числу потраченных нодов."	"Lang.dat: Talk.MilitarySupport.AnswerRepairHull. Preserve every <tag> exactly. English reference: Let me do the math... Complex repairs will cost around <Nodes> nodes, but if you don't have so many nodes on you, we perform partial repairs.  Exact percentage of repairs will be proportional to the amount of nodes spent."	"Talk"	""
"/Talk/MilitarySupport/AnswerRepairHull2"	"Значит так, <Player>, наш финансист мне быстренько прикинул калькуляцию - с тебя <Nodes> нодов, если хочешь починить корпус полностью. Если в трюме пустовато, то можем провести частичный ремонт дешевле, за все ноды, какие есть в наличии. Степень ремонта, естественно, пропорциональна числу потраченных нодов."	"Lang.dat: Talk.MilitarySupport.AnswerRepairHull2. Preserve every <tag> exactly. English reference: Here we go, <Player>, our accountant did some number magic - it's gonna be <Nodes> nodes, if you want to repair everything. If your pockets are empty, we can perform partial repairs for all the nodes you got. Exact percentage of repairs will be proportional to the amount of nodes spent."	"Talk"	""
"/Talk/MilitarySupport/AnswerRepairHullNoNodes"	"Так у тебя вообще нодов нет, <Player>! Не получится у нас ремонт, мне даже рабочих без оплаты выделить не дадут. Чтоб ты понимал - в твоем случае полный ремонт оценивается в <Nodes> нодов."	"Lang.dat: Talk.MilitarySupport.AnswerRepairHullNoNodes. Preserve every <tag> exactly. English reference: You don't have any nodes, <Player>! We won't begin repairs with nothing at all, sorry. Just to clarify, you'll need around <Nodes> to fix everything you've requested."	"Talk"	""
"/Talk/MilitarySupport/AnswerSellRemains"	"У тебя сейчас <Remains> ед. ошметков, по нашим расценкам мы готовы предложить тебе за них <Cost> cr. Согласен?"	"Lang.dat: Talk.MilitarySupport.AnswerSellRemains. Preserve every <tag> exactly. English reference: You have <Remains> tons of loot right now, and we can pay you something like <Cost> cr for them. Sounds good?"	"Talk"	""
"/Talk/MilitarySupport/AnswerSellSomeRemains"	"Давай посмотрим, что хочешь продать из наличия?"	"Lang.dat: Talk.MilitarySupport.AnswerSellSomeRemains. Preserve every <tag> exactly. English reference: Let's have a look -- what do you want to sell?"	"Talk"	""
"/Talk/MilitarySupport/BuffOk"	"Я согласен на первичную обработку нанодобавками"	"Lang.dat: Talk.MilitarySupport.BuffOk. Preserve every <tag> exactly. English reference: I'd like to perform first-round ""node-coating"""	"Talk"	""
"/Talk/MilitarySupport/BuffProlongateOk"	"Я хотел бы провести повторную обработку чтобы усилить эффект"	"Lang.dat: Talk.MilitarySupport.BuffProlongateOk. Preserve every <tag> exactly. English reference: I'd like to apply secound round of ""node-coating"""	"Talk"	""
"/Talk/MilitarySupport/Cancel"	"Я передумал, не нужно мне ничего"	"Lang.dat: Talk.MilitarySupport.Cancel. Preserve every <tag> exactly. English reference: I changed my mind"	"Talk"	""
"/Talk/MilitarySupport/PlayerAsk"	"Хотелось бы воспользоваться твоими специальными способностями, в бою все средства хороши!"	"Lang.dat: Talk.MilitarySupport.PlayerAsk. Preserve every <tag> exactly. English reference: It would be cool to use your combat special abilities!"	"Talk"	""
"/Talk/MilitarySupport/PlayerAsk1"	"Мне бы очень пригодились твои специальные способности, сможешь помочь?"	"Lang.dat: Talk.MilitarySupport.PlayerAsk1. Preserve every <tag> exactly. English reference: Your skills may come in handy, what do you think?"	"Talk"	""
"/Talk/MilitarySupport/PlayerNo"	"Я передумал, не нужно мне ничего"	"Lang.dat: Talk.MilitarySupport.PlayerNo. Preserve every <tag> exactly. English reference: I changed my mind"	"Talk"	""
"/Talk/MilitarySupport/PlayerSendGetBuff"	"Хочу заказать обработку нанодобавками"	"Lang.dat: Talk.MilitarySupport.PlayerSendGetBuff. Preserve every <tag> exactly. English reference: I'd like to order ""node-coating"""	"Talk"	""
"/Talk/MilitarySupport/PlayerSendGetBuff2"	"Мне не помешали бы нанодобавки"	"Lang.dat: Talk.MilitarySupport.PlayerSendGetBuff2. Preserve every <tag> exactly. English reference: This node-buff stuff sounds okay, get me one of those!"	"Talk"	""
"/Talk/MilitarySupport/PlayerSendRepairEq"	"Я хочу починить оборудование"	"Lang.dat: Talk.MilitarySupport.PlayerSendRepairEq. Preserve every <tag> exactly. English reference: I'd like to repair my equipment"	"Talk"	""
"/Talk/MilitarySupport/PlayerSendRepairEq2"	"Моему оборудованию необходим ремонт!"	"Lang.dat: Talk.MilitarySupport.PlayerSendRepairEq2. Preserve every <tag> exactly. English reference: Complex equipment repairs -- that's what I need"	"Talk"	""
"/Talk/MilitarySupport/PlayerSendRepairHull"	"Меня интересует ремонт корпуса корабля"	"Lang.dat: Talk.MilitarySupport.PlayerSendRepairHull. Preserve every <tag> exactly. English reference: I need to repair my ship's hull"	"Talk"	""
"/Talk/MilitarySupport/PlayerSendRepairHull2"	"Хочу починить корпус"	"Lang.dat: Talk.MilitarySupport.PlayerSendRepairHull2. Preserve every <tag> exactly. English reference: Hull repairs, right now!"	"Talk"	""
"/Talk/MilitarySupport/PlayerSendSellRemains"	"Хочу сдать доминаторские ошметки"	"Lang.dat: Talk.MilitarySupport.PlayerSendSellRemains. Preserve every <tag> exactly. English reference: I'd like to sell dominator' remains and loot"	"Talk"	""
"/Talk/MilitarySupport/PlayerSendSellRemains2"	"Мне бы ошметки доминаторские сдать"	"Lang.dat: Talk.MilitarySupport.PlayerSendSellRemains2. Preserve every <tag> exactly. English reference: I've got some extra loot, I want to sell it"	"Talk"	""
"/Talk/MilitarySupport/RefuseDistance"	"Подлети поближе, <Player>, на таком расстоянии работать не получится."	"Lang.dat: Talk.MilitarySupport.RefuseDistance. Preserve every <tag> exactly. English reference: Come closer, <Player>, it's not gonna work this far."	"Talk"	""
"/Talk/MilitarySupport/RefuseDistance1"	"<Player>, ты должен подойти ближе - использование способностей требует трансфера объектов."	"Lang.dat: Talk.MilitarySupport.RefuseDistance1. Preserve every <tag> exactly. English reference: <Player>, you should be near me in order to transfer objects"	"Talk"	""
"/Talk/MilitarySupport/RefuseDistance2"	"Возьми курс на сближение, <Player>, - необходимо меньшее расстояние для активации способностей."	"Lang.dat: Talk.MilitarySupport.RefuseDistance2. Preserve every <tag> exactly. English reference: Fly closer, <Player>, -- my abilities won't be of use on this distance."	"Talk"	""
"/Talk/MilitarySupport/RefuseEnemy"	"<Player>, да ты совсем страх потерял, еще и просишь у меня что-то? Всем постам, орудия к бою!"	"Lang.dat: Talk.MilitarySupport.RefuseEnemy. Preserve every <tag> exactly. English reference: <Player>, you've completely lost it, and asking me for favours? Battle stations, battle stations!"	"Talk"	""
"/Talk/MilitarySupport/RefuseEnemy1"	"Какие способности, <Player>, ты моя следующая цель!"	"Lang.dat: Talk.MilitarySupport.RefuseEnemy1. Preserve every <tag> exactly. English reference: Special abilities, <Player>? Screw it, you're my next target!"	"Talk"	""
"/Talk/MilitarySupport/RefuseEnemy2"	"Согласно приказу командования, <Player> подлежит уничтожению. В содействии отказано."	"Lang.dat: Talk.MilitarySupport.RefuseEnemy2. Preserve every <tag> exactly. English reference: According to my supervisors' orders, <Player> is to be terminated. We are officialy declining your request."	"Talk"	""
"/Talk/MilitarySupport/RefusePirate"	"<Player>, с чего это я должен помогать отпетым пиратам? Вступи в ряды войск коалиции, тогда и проси подмогу!"	"Lang.dat: Talk.MilitarySupport.RefusePirate. Preserve every <tag> exactly. English reference: <Player>, in the name of what should I help pirates? Join the Coalition, and then we'll talk!"	"Talk"	""
"/Talk/MilitarySupport/RefusePirate1"	"Я не ослышался, пират просит о доступе к секретным разработкам? Вот уж нет, <Player>, отправляйся на все четыре стороны, но помогать я буду только членам коалиции."	"Lang.dat: Talk.MilitarySupport.RefusePirate1. Preserve every <tag> exactly. English reference: You've got a lot of nerve asking me for help. Hell nah, <Player>, get lost. My help is only for those of Coalition."	"Talk"	""
"/Talk/MilitarySupport/RefusePirate2"	"<Player>, ты не в курсе, что пиратам доступ к подобным технологиям строго запрещен? Давай-давай, не задерживай проведение важной операции."	"Lang.dat: Talk.MilitarySupport.RefusePirate2. Preserve every <tag> exactly. English reference: <Player>, these technologies are ones of restricted access, and of course, not for pirates' leisure. Chop-chop, quit stalling our special operation with pointless chatter."	"Talk"	""
"/Talk/MilitarySupport/RefuseWary"	"Слушай, <Player>, ты правда считаешь, что я сейчас с тобой в отличных отношениях, чтобы помогать? Взорви сперва несколько доминаторских или пиратских корыт, тогда посмотрим."	"Lang.dat: Talk.MilitarySupport.RefuseWary. Preserve every <tag> exactly. English reference: C'mon, <Player>, you really think that we're such great buds to help each other? Kill few dominators or pirates, and then we'll talk."	"Talk"	""
"/Talk/MilitarySupport/RefuseWary1"	"Ты не в той ситуации, чтобы просить меня о чем-либо, <Player>. Заслужи авторитет и уважение сперва."	"Lang.dat: Talk.MilitarySupport.RefuseWary1. Preserve every <tag> exactly. English reference: You've no right to ask me for help, <Player>. Earn some street cred and respect first."	"Talk"	""
"/Talk/MilitarySupport/RefuseWary2"	"Сейчас вообще не та ситуация, чтобы я отвлекался на твои просьбы. Радуйся, что не дал по тебе парочку залпов, хотя и руки чешутся."	"Lang.dat: Talk.MilitarySupport.RefuseWary2. Preserve every <tag> exactly. English reference: I'm not in the mood to help some shady stranger. You're lucky I'm well-adjusted, which is why you're still alive."	"Talk"	""
"/Talk/MilitarySupport/RepairEqOk"	"Только полный ремонт! Мне с этим оборудованием еще галактику спасать"	"Lang.dat: Talk.MilitarySupport.RepairEqOk. Preserve every <tag> exactly. English reference: Only complex repairs, please, I've got a galaxy to save!"	"Talk"	""
"/Talk/MilitarySupport/RepairEqPartialOk"	"Я хочу частичную починку"	"Lang.dat: Talk.MilitarySupport.RepairEqPartialOk. Preserve every <tag> exactly. English reference: I'd like a partial repairs"	"Talk"	""
"/Talk/MilitarySupport/RepairHullOk"	"Только полный ремонт! Не хватало потом еще царапины самому полировать"	"Lang.dat: Talk.MilitarySupport.RepairHullOk. Preserve every <tag> exactly. English reference: Only the best, I mean, full repairs!"	"Talk"	""
"/Talk/MilitarySupport/RepairHullPartialOk"	"Я хочу частичную починку"	"Lang.dat: Talk.MilitarySupport.RepairHullPartialOk. Preserve every <tag> exactly. English reference: I'm running on fumes now, so -- partial repairs"	"Talk"	""
"/Talk/MilitarySupport/SellRemainsSellAll"	"Да, хочу продать все ошметки"	"Lang.dat: Talk.MilitarySupport.SellRemainsSellAll. Preserve every <tag> exactly. English reference: Yes, I'd like to sell everything"	"Talk"	""
"/Talk/MilitarySupport/SellRemainsSellAll2"	"Конечно, продаю все!"	"Lang.dat: Talk.MilitarySupport.SellRemainsSellAll2. Preserve every <tag> exactly. English reference: All for sale!"	"Talk"	""
"/Talk/MilitarySupport/SellRemainsSellSome"	"Хотел бы продать ошметки частично"	"Lang.dat: Talk.MilitarySupport.SellRemainsSellSome. Preserve every <tag> exactly. English reference: I'd like to sell some loot"	"Talk"	""
"/Talk/MilitarySupport/SellRemainsSellSome2"	"Я хочу выборочно продать ошметки"	"Lang.dat: Talk.MilitarySupport.SellRemainsSellSome2. Preserve every <tag> exactly. English reference: Let's sell some loot"	"Talk"	""
"/Talk/Money/AnswerNotMoney"	"Извините, я хочу заплатить, но в данный момент не располагаю требуемой суммой."	"Lang.dat: Talk.Money.AnswerNotMoney. Preserve every <tag> exactly. English reference: Forgive me, I want to pay, but I'm currently lacking the required sum"	"Talk"	""
"/Talk/Money/AnswerNotMoney1"	"К сожалению, у меня не хватает денег. Прошу пощады."	"Lang.dat: Talk.Money.AnswerNotMoney1. Preserve every <tag> exactly. English reference: Unfortunately, I don't have enough money. Mercy!"	"Talk"	""
"/Talk/Money/AnswerNotMoney2"	"Откуда у меня такие деньги? Пожалей бедного космического трудягу!"	"Lang.dat: Talk.Money.AnswerNotMoney2. Preserve every <tag> exactly. English reference: Where would I get that kind of money? Have mercy on a poor space laborer!"	"Talk"	""
"/Talk/Money/AnswerNotMoney3"	"Я бы с радостью заплатил, да только вот денег у меня нет. Жизнь такая!"	"Lang.dat: Talk.Money.AnswerNotMoney3. Preserve every <tag> exactly. English reference: I would gladly pay, but I don't have the money. C'est la vie!"	"Talk"	""
"/Talk/Money/AnswerNotMoney4"	"Да где ж мне такие деньги взять? Думай, чего говоришь!"	"Lang.dat: Talk.Money.AnswerNotMoney4. Preserve every <tag> exactly. English reference: And where am I supposed to get that kind of money? Think about what you're saying!"	"Talk"	""
"/Talk/Money/AnswerNotMoney5"	"Ну, может, я бы и заплатил тебе, да только нету у меня таких денег."	"Lang.dat: Talk.Money.AnswerNotMoney5. Preserve every <tag> exactly. English reference: I would be willing to pay you, only I don't have that kind of money."	"Talk"	""
"/Talk/Money/AnswerNotMoney6"	"У меня при себе нет таких денег. Может, отпустишь меня, чтобы я слетал на планету <HomePlanet> и привез?.."	"Lang.dat: Talk.Money.AnswerNotMoney6. Preserve every <tag> exactly. English reference: I don't have that kind of money on me. Maybe you'll let me fly back to planet <HomePlanet> and bring the money?"	"Talk"	""
"/Talk/Money/AnswerNotMoney7"	"Сожалею, но у меня нет таких денег. Можешь убивать меня, только имей в виду, что я постараюсь подороже продать свою жизнь!.."	"Lang.dat: Talk.Money.AnswerNotMoney7. Preserve every <tag> exactly. English reference: I'm sorry, I don't have that kind of money. You can kill me, if you want, but I won't go down easy!"	"Talk"	""
"/Talk/Money/AnswerNotMoney8"	"Ох, я и рад бы заплатить, но такой кучи бабок у меня нет."	"Lang.dat: Talk.Money.AnswerNotMoney8. Preserve every <tag> exactly. English reference: I wouldn't mind paying, but I ain't got that kind of dough."	"Talk"	""
"/Talk/Money/AnswerNotMoney9"	"Я не располагаю требуемой суммой."	"Lang.dat: Talk.Money.AnswerNotMoney9. Preserve every <tag> exactly. English reference: I don't have the sum you're requesting."	"Talk"	""
"/Talk/Money/ComputerAsk"	"И сколько тебе надо?"	"Lang.dat: Talk.Money.ComputerAsk. Preserve every <tag> exactly. English reference: And how much do you want?"	"Talk"	""
"/Talk/Money/DiplomatLongDistance"	"Ты говоришь с капитаном высокоскоростного космолета. Мой корабль может легко уйти от любого пирата."	"Lang.dat: Talk.Money.DiplomatLongDistance. Preserve every <tag> exactly. English reference: You're speaking with a captain of a high-speed spaceship. My vessel will outrun any pirate with ease."	"Talk"	""
"/Talk/Money/DiplomatLongDistance1"	"Ой, как страшно!.. Ты бы еще из соседней системы мне погрозил, недоумок!"	"Lang.dat: Talk.Money.DiplomatLongDistance1. Preserve every <tag> exactly. English reference: Ooh, I'm scared! Maybe next time you can threaten me from a neighboring system, dumbass!"	"Talk"	""
"/Talk/Money/DiplomatLongDistance2"	"Может быть, попробуешь сначала меня догнать, а? :-)"	"Lang.dat: Talk.Money.DiplomatLongDistance2. Preserve every <tag> exactly. English reference: Maybe you should try catching me first, eh? :-)"	"Talk"	""
"/Talk/Money/DiplomatLongDistance3"	"Ваши претензии не имеют под собой абсолютно никаких законных оснований. К тому же, вы сейчас слишком далеко и вряд ли сможете причинить нам реальный вред..."	"Lang.dat: Talk.Money.DiplomatLongDistance3. Preserve every <tag> exactly. English reference: Your claims are absolutely groundless from a legal standpoint. Besides, you're too far to be able to deal us any actual damage..."	"Talk"	""
"/Talk/Money/DiplomatLongDistance4"	"Да ты слишком далеко, приятель, даже преследовать тебя неохота - слишком большой крюк придется делать."	"Lang.dat: Talk.Money.DiplomatLongDistance4. Preserve every <tag> exactly. English reference: Buddy, you're too far out. I don't even feel like making a big detour to chase you down."	"Talk"	""
"/Talk/Money/DiplomatNo"	"Мой корабль надежно защищен от посягательств разных мерзких типов. Не видать тебе моих денег!"	"Lang.dat: Talk.Money.DiplomatNo. Preserve every <tag> exactly. English reference: My ship is well protected from encroachment by various wretched types. You'll never see my money!"	"Talk"	""
"/Talk/Money/DiplomatNo1"	"И не подумаю платить. На дипломатические суда нападать запрещено! Я доложу об этом разговоре в своем посольстве!"	"Lang.dat: Talk.Money.DiplomatNo1. Preserve every <tag> exactly. English reference: No way am I going to pay. Diplomatic vessels are off limits! I will report this incident to my embassy!"	"Talk"	""
"/Talk/Money/DiplomatNo2"	"Мой корабль оснащен превосходным оружием, и я не намерен платить вам дань. Лучше летите, куда летели, иначе рискуете нарваться на весьма неприятный для вас конфликт."	"Lang.dat: Talk.Money.DiplomatNo2. Preserve every <tag> exactly. English reference: My ship is fitted with first-rate weaponry -- I'm not going to pay you tribute! You had better fly back whence you came, 'cause you're risking a conflict that will end badly for you."	"Talk"	""
"/Talk/Money/DiplomatNo3"	"Никаких денег ты не получишь. Зато можешь получить заряд в корму, если немедленно не уберешься. Надеюсь, я доступно все объяснил. Только так и можно вести переговоры с типами вроде тебя!"	"Lang.dat: Talk.Money.DiplomatNo3. Preserve every <tag> exactly. English reference: You won't be getting any money here. But you WILL get a payload in your side if you don't get out of here right this instant. I trust I've made myself clear? That is the only way to negotiate with your type."	"Talk"	""
"/Talk/Money/DiplomatNo4"	"Я, высокопоставленный чиновник с планеты <HomePlanet>, не собираюсь унижаться перед всякими недоносками, выплачивая им дань. Если ты, наглец, будешь упорствовать в своем намерении получить деньги, которые тебе не принадлежат, то мне придется тебя уничтожить."	"Lang.dat: Talk.Money.DiplomatNo4. Preserve every <tag> exactly. English reference: I am a high-ranking official from planet <HomePlanet>, and I'm not about to grovel before some degenerate by paying tribute. If you persist in your barefaced claim to money that doesn't belong to you, I will have no choice but to destroy you."	"Talk"	""
"/Talk/Money/DiplomatNo5"	"Ах ты, подонок! Не будет тебе никаких денег! Таких, как ты, на дорожных столбах надо вешать! Тебе конкретно повезло, что в космосе нет дорожных столбов, иначе ты бы там уже болтался, мерзавец! Улетай отсюда, пока еще можешь!.."	"Lang.dat: Talk.Money.DiplomatNo5. Preserve every <tag> exactly. English reference: Listen up, you jerk! There won't be any money! Degenerates like you should be hung on the nearest road pole! So consider yourself lucky that there aren't any of those in space, asshole, 'cause I'd have you strung up in no time! Now get the hell out of here while you still can!..."	"Talk"	""
"/Talk/Money/DiplomatNo6"	"Я представляю народ планеты <HomePlanet>. Подчиниться вашим несправедливым требованиям было бы оскорблением для всех наших граждан. Лучше смерть, чем такое унижение! Я имею в виду твою смерть, ублюдок..."	"Lang.dat: Talk.Money.DiplomatNo6. Preserve every <tag> exactly. English reference: I represent the people of planet <HomePlanet>. To submit to your outrageous demands would constitute a grave offense to all our citizens. I would sooner choose death than besmirch their honor! And I do mean your death, jackass, not mine..."	"Talk"	""
"/Talk/Money/DiplomatNo7"	"Категорически отказываюсь принимать участие в этом фарсе! Я официальное лицо, вы не имеете права меня тут задерживать! Я буду жаловаться!"	"Lang.dat: Talk.Money.DiplomatNo7. Preserve every <tag> exactly. English reference: I categorically refuse to participate in this farce! I am a public officer, and you have no right to detain me! I will file a complaint!"	"Talk"	""
"/Talk/Money/DiplomatNo8"	"Хочешь вооруженного конфликта? Ты его получишь! Все орудия к бою!.."	"Lang.dat: Talk.Money.DiplomatNo8. Preserve every <tag> exactly. English reference: Are you looking for an armed conflict? 'Cause you'll get it! To arms!"	"Talk"	""
"/Talk/Money/DiplomatNo9"	"Я не намерен откупаться от всяких мерзких пиратов вроде тебя, растрачивая при этом государственную казну и собственные сбережения! Тем более что мой корабль отлично вооружен, и я вполне могу постоять за себя."	"Lang.dat: Talk.Money.DiplomatNo9. Preserve every <tag> exactly. English reference: I don't intend to squander money from the government treasury or my own savings to buy off wretched pirates the likes of you. Besides, my vessel is outfitted with top notch weaponry and can certainly defend itself."	"Talk"	""
"/Talk/Money/DiplomatOk"	"Я вынужден подчиниться этому несправедливому требованию. Впишу эти издержки в счет правительственных расходов. Получай свои деньги."	"Lang.dat: Talk.Money.DiplomatOk. Preserve every <tag> exactly. English reference: I am forced to comply with your unjust demands. I reckon I'll include this into my expense report. Take your money."	"Talk"	""
"/Talk/Money/DiplomatOk1"	"Сегодня черный день в моей карьере. Ради сохранения собственной жизни приходится растрачивать государственную казну. Получай свои деньги."	"Lang.dat: Talk.Money.DiplomatOk1. Preserve every <tag> exactly. English reference: This is a dark day in my career. I am forced to spend from the government treasury to save my own life. Take your money."	"Talk"	""
"/Talk/Money/DiplomatOk2"	"Ну, что ж, я выражаю готовность перевести на твой счет требуемую сумму. В свою очередь я рассчитываю, что ты немедленно прекратишь преследование моего корабля."	"Lang.dat: Talk.Money.DiplomatOk2. Preserve every <tag> exactly. English reference: Well, I am willing to transfer the demanded amount to your account. In return, I expect you to immediately cease your pursuit of my vessel."	"Talk"	""
"/Talk/Money/DiplomatOk3"	"Выплачиваю тебе требуемую сумму из своих командировочных. Надеюсь, теперь я могу продолжить путь."	"Lang.dat: Talk.Money.DiplomatOk3. Preserve every <tag> exactly. English reference: I will pay you the demanded sum from my travel allowance. Now I hope to be able to continue my journey."	"Talk"	""
"/Talk/Money/DiplomatOk4"	"Хорошо, я заплачу тебе деньги. Вот, держи. Но вообще это форменное безобразие! У меня, между прочим, дипломатическая неприкосновенность! Я выполняю важную миссию! Эх..."	"Lang.dat: Talk.Money.DiplomatOk4. Preserve every <tag> exactly. English reference: Very well, I'll pay you the money. Here, take it. But this is an absolute scandal! I have diplomatic impunity, after all! I'm on an important mission! Ugh..."	"Talk"	""
"/Talk/Money/DiplomatOk5"	"Постой, не стреляй! Думаю, мы вполне можем договориться. Вот, я выплачиваю тебе деньги. Теперь ты не будешь меня преследовать?"	"Lang.dat: Talk.Money.DiplomatOk5. Preserve every <tag> exactly. English reference: Wait, don't shoot! I think we can reach an agreement. Here, I will pay you the money. Will you stop chasing me now?"	"Talk"	""
"/Talk/Money/DiplomatOk6"	"Я сейчас выполняю очень важную дипломатическую миссию, от которой зависит будущее планеты <HomePlanet>, поэтому я просто не имею права подвергать свою жизнь опасности. Исходя из этого, я готов выплатить тебе сумму, которую ты требуешь. Надеюсь, теперь ты позволишь мне продолжить путь."	"Lang.dat: Talk.Money.DiplomatOk6. Preserve every <tag> exactly. English reference: I'm on a crucial diplomatic mission which may determine the future of planet <HomePlanet>. My life no longer mine to risk. Therefore, I am willing to pay you the sum you want. I hope that you will let me be on my way."	"Talk"	""
"/Talk/Money/DiplomatOk7"	"Я полагаю, что оптимальным решением конфликта в данной ситуации будет выплатить требуемую тобой сумму. Держи бабки и проваливай. Я очень сильно тороплюсь."	"Lang.dat: Talk.Money.DiplomatOk7. Preserve every <tag> exactly. English reference: I suppose the optimal solution to this conflict would be to pay you the sum you require. Take the money and buzz off. I'm in a hurry."	"Talk"	""
"/Talk/Money/DiplomatOk8"	"Хорошо, я согласен выплатить деньги, поскольку ненавижу вооруженные конфликты!"	"Lang.dat: Talk.Money.DiplomatOk8. Preserve every <tag> exactly. English reference: Fine, fine. I hate armed conflicts, so I'd rather just pay you off."	"Talk"	""
"/Talk/Money/DiplomatOk9"	"Твои требования будут выполнены. Проверь свой счет, к нему уже добавилась сумма, на которую ты претендовал. Надеюсь, теперь я свободен."	"Lang.dat: Talk.Money.DiplomatOk9. Preserve every <tag> exactly. English reference: Your demands will be met. Check your account. The demanded sum is already there. I trust that I'm free to go?"	"Talk"	""
"/Talk/Money/DiplomatSumIsVeryBig"	"Я не вижу необходимости платить так много денег. Может, умеришь запросы?"	"Lang.dat: Talk.Money.DiplomatSumIsVeryBig. Preserve every <tag> exactly. English reference: I don't see the justification for paying so much money. How about being a bit more reasonable?"	"Talk"	""
"/Talk/Money/DiplomatSumIsVeryBig1"	"Если я заплачу так много, то скорее всего сяду в тюрьму за растрату государственных средств. Может, умеришь свои запросы?"	"Lang.dat: Talk.Money.DiplomatSumIsVeryBig1. Preserve every <tag> exactly. English reference: If I pay that much, I will probably land in jail for misapplication of government funds. How about something a bit more reasonable?"	"Talk"	""
"/Talk/Money/DiplomatSumIsVeryBig2"	"Я готов поделиться с вами частью своих командировочных, если вы поумерите свои запросы. Все-таки я скромный чиновник, а не банкир."	"Lang.dat: Talk.Money.DiplomatSumIsVeryBig2. Preserve every <tag> exactly. English reference: I'm willing to share with you a portion of my travel expenses, provided you rein in your demands. I am but a modest public official, after all, not a hedge fund manager."	"Talk"	""
"/Talk/Money/DiplomatSumIsVeryBig3"	"Сумма неоправданно велика. Прошу вас снизить ее до приемлемого уровня."	"Lang.dat: Talk.Money.DiplomatSumIsVeryBig3. Preserve every <tag> exactly. English reference: The sum is unjustifiably large. I humbly request that you lower it to a more acceptable amount."	"Talk"	""
"/Talk/Money/DiplomatSumIsVeryBig4"	"Опыт дипломата подсказывает мне, что не все условия следует принимать безоговорочно. В данном случае мне кажется, что вы могли бы удовольствоваться и меньшей суммой."	"Lang.dat: Talk.Money.DiplomatSumIsVeryBig4. Preserve every <tag> exactly. English reference: My experience as a diplomat tells me not all terms ought to be accepted unconditionally. Case in point, I feel that you would be willing to accept a smaller sum."	"Talk"	""
"/Talk/Money/LinerLongDistance"	"А ты попробуй догони сначала. Я недавно поставил новый движок и теперь могу уйти от любого пирата."	"Lang.dat: Talk.Money.LinerLongDistance. Preserve every <tag> exactly. English reference: Try to catch me first. I installed a new engine recently, and there's not a pirate out there that can keep up with me."	"Talk"	""
"/Talk/Money/LinerLongDistance1"	"Ваши требования просто возмутительны, и я даже не рассматриваю возможность их выполнения, тем более что ваш корабль сейчас не представляет для нас никакой опасности."	"Lang.dat: Talk.Money.LinerLongDistance1. Preserve every <tag> exactly. English reference: Your demands are simply outrageous. Moreover, I do not believe they are credible, as your vessel does not pose any threat to us at this time."	"Talk"	""
"/Talk/Money/LinerLongDistance2"	"К счастью, наше мирное пассажирское судно <Ship> находится вне досягаемости твоих орудий, грязный пират! Так что можешь забыть о деньгах!"	"Lang.dat: Talk.Money.LinerLongDistance2. Preserve every <tag> exactly. English reference: Fortunately, our peaceful civilian ship <Ship> is well outside your weapons' reach, you dirty pirate! So you can forget about getting paid!"	"Talk"	""
"/Talk/Money/LinerLongDistance3"	"Ну вот, опять шпана привязалась... Лети прочь, недоносок, тебе на своем корыте все равно не угнаться за суперсовременным пассажирским судном!.."	"Lang.dat: Talk.Money.LinerLongDistance3. Preserve every <tag> exactly. English reference: Great, more riffraff... Keep flying, nitwit, 'cause your bucket will never catch our state-of-the-art passenger vessel!"	"Talk"	""
"/Talk/Money/LinerLongDistance4"	"Подлети поближе, тогда и поговорим. А то тебя что-то плохо слышно..."	"Lang.dat: Talk.Money.LinerLongDistance4. Preserve every <tag> exactly. English reference: Come closer, then we'll talk. You're not coming in clearly..."	"Talk"	""
"/Talk/Money/LinerLongDistance5"	"Я, капитан пассажирского судна <Ship>, принял решение не удовлетворять ваши несправедливые требования, поскольку вы находитесь слишком далеко и не представляете для нас серьезной угрозы."	"Lang.dat: Talk.Money.LinerLongDistance5. Preserve every <tag> exactly. English reference: I, captain of passenger vessel <Ship>, have decided to refuse your unjust demands, because you are too far from us to pose a genuine threat."	"Talk"	""
"/Talk/Money/LinerLongDistance6"	"Я пока не вижу опасности - вы слишком далеко и вряд ли сумеете нас догнать. Так зачем же мне тогда платить вам деньги?.."	"Lang.dat: Talk.Money.LinerLongDistance6. Preserve every <tag> exactly. English reference: I don't see the danger -- you are too far away and you won't be able to catch us. So why should I pay you anything?"	"Talk"	""
"/Talk/Money/LinerNo"	"Мой корабль оснащен суперсовременным оружием, я способен за себя постоять и не нуждаюсь в защите."	"Lang.dat: Talk.Money.LinerNo. Preserve every <tag> exactly. English reference: My ship is fitted with the latest weapons. I can certainly defend myself and don't need protection."	"Talk"	""
"/Talk/Money/LinerNo1"	"Что-то ваш брат пират в последнее время стал много себе позволять, я погляжу. Не видать тебе моих денег!"	"Lang.dat: Talk.Money.LinerNo1. Preserve every <tag> exactly. English reference: You pirates have been getting away with murder recently. You'll never see my money!"	"Talk"	""
"/Talk/Money/LinerNo2"	"Ваши требования возмутительны, и я не намерен им подчиняться. К тому же, у меня сейчас просто нет лишних денег."	"Lang.dat: Talk.Money.LinerNo2. Preserve every <tag> exactly. English reference: Your demands are outrageous, and I don't intend to comply with them. Besides, I simply don't have any extra cash to spare."	"Talk"	""
"/Talk/Money/LinerNo3"	"Нашел, на кого напасть, грязный пират! На безобидное пассажирское судно! Лучше поищи себе другой объект для атаки, не будь трусом!"	"Lang.dat: Talk.Money.LinerNo3. Preserve every <tag> exactly. English reference: Dirty pirate, does it make you brave picking on a harmless passenger vessel? Won't you quit being a coward and pick on somebody your own size!"	"Talk"	""
"/Talk/Money/LinerNo4"	"Что, пиратская морда, легких денег захотелось? Думаешь, пассажирское судно не сможет как следует за себя постоять?.. А вот мы сейчас проверим! Все орудия к бою, приготовиться к нападению на пирата!"	"Lang.dat: Talk.Money.LinerNo4. Preserve every <tag> exactly. English reference: So, your filthy pirate mug is after easy money? You think a passenger vessel can't defend itself? We'll see about that! To arms, prepare to attack the pirate!"	"Talk"	""
"/Talk/Money/LinerNo5"	"Мы тебя не боимся, грязный пират! Не будет тебе никаких денег! Убирайся, пока мы не позвали на помощь кого-нибудь из военных!"	"Lang.dat: Talk.Money.LinerNo5. Preserve every <tag> exactly. English reference: We're not afraid of you, dirty pirate! You won't get any money here! Get out of here before we call the military for help!"	"Talk"	""
"/Talk/Money/LinerNo6"	"После экстренного совещания пассажиры и экипаж на нашем судне <Ship> практически единогласно приняли решение не выполнять ваших несправедливых требований. Корабль <Ship> оснащен суперсовременным оружием и способен отразить атаку любого пирата, так что не будет вам никаких денег!"	"Lang.dat: Talk.Money.LinerNo6. Preserve every <tag> exactly. English reference: After an emergency meeting, both the crew and passengers of our ship <Ship> voted unanimously to not comply with your unjust demands. <Ship> is equipped with the latest weaponry and is more than capable of repulsing any pirate attack, so you can forget about any money!"	"Talk"	""
"/Talk/Money/LinerNo7"	"Мы, экипаж пассажирского судна <Ship>, настроены весьма решительно и не намерены платить вам никаких денег. Перестаньте нас преследовать, иначе..."	"Lang.dat: Talk.Money.LinerNo7. Preserve every <tag> exactly. English reference: The crew of passenger vessel <Ship> is quite resolved to ensure you don't get even a dented penny. We advise that you cease your pursuit immediately, or else..."	"Talk"	""
"/Talk/Money/LinerNo8"	"Слушай внимательно, ублюдок. До того, как я стал капитаном пассажирского судна <Ship>, я довольно долго служил на одном из кораблей военного флота планеты <HomePlanet>. У меня обширный опыт ведения боевых действий. Так что утихни и мотай отсюда. Иначе я могу вспомнить старые добрые времена, и тогда тебе не поздоровится..."	"Lang.dat: Talk.Money.LinerNo8. Preserve every <tag> exactly. English reference: Listen up, numskull. Before accepting a job as captain of passenger vessel <Ship>, I had spent years serving on a ship from planet <HomePlanet>'s military fleet. I have extensive experience in leading combat operations. So I suggest that you pipe down and get lost. 'Cause if you don't, I might just decide to recall the good ol' times and give you a proper ass whooping..."	"Talk"	""
"/Talk/Money/LinerNo9"	"Класс! Настоящий космический пират! Готовься к битве, недоносок! Может быть, мне даже выплатят премию за то, что я тебя уничтожил, как думаешь?.."	"Lang.dat: Talk.Money.LinerNo9. Preserve every <tag> exactly. English reference: Awesome! A real space pirate! Get ready for battle, scumbag! I might even get rewarded for destroying you, what do you think?"	"Talk"	""
"/Talk/Money/LinerOk"	"Пассажиры на моем корабле с радостью собрали требуемую сумму, и я перевожу ее на ваш счет."	"Lang.dat: Talk.Money.LinerOk. Preserve every <tag> exactly. English reference: My ship's passengers eagerly put together the required sum, which I will be transferring to your account."	"Talk"	""
"/Talk/Money/LinerOk1"	"Состоятельный бизнесмен на нашем борту согласен перевести на ваш счет требуемую сумму, чтобы вы нас не преследовали. Деньги уже на вашем счету!"	"Lang.dat: Talk.Money.LinerOk1. Preserve every <tag> exactly. English reference: An affluent businessman aboard our vessel has agreed to transfer the demanded sum to your account to keep you from pursuing us. The money is already in your account!"	"Talk"	""
"/Talk/Money/LinerOk2"	"Погодите, не стреляйте! Я доложил о возникшем инциденте руководству компании на планете <HomePlanet>, и они согласились перевести на ваш счет требуемые деньги, чтобы сохранить корабль, жизни пассажиров и свой престиж в глазах общественности. Клиенты ""Космофлота"" должны знать, что мы заботимся об их безопасности!"	"Lang.dat: Talk.Money.LinerOk2. Preserve every <tag> exactly. English reference: Wait, don't shoot! I reported this incident to our company management on planet <HomePlanet>. They have agreed to transfer the demanded amount to your account in order to save the ship, the passengers' lives, as well as their prestige in the public eye. Cosmofleet's customers must know that we care for their welfare!"	"Talk"	""
"/Talk/Money/LinerOk3"	"Прошу вас, не надо бессмысленной бойни, у нас на борту маленькие дети, они рыдают от страха! Капитан корабля в обмороке, с вами сейчас разговаривает стюардесса. От имени всех пассажиров я уполномочена передать вам вот эти деньги. Надеюсь, теперь вы нас отпустите?.."	"Lang.dat: Talk.Money.LinerOk3. Preserve every <tag> exactly. English reference: Please, let us avoid senseless bloodshed. We have small children aboard, and they're weeping from fear! The ship's captain has fainted, you are speaking with the senior flight attendant. On behalf of all the passengers, I've been entrusted to give you this sum of money. We hope that now you will let us go?"	"Talk"	""
"/Talk/Money/LinerOk4"	"На борту нашего пассажирского судна компания богатых туристов с планеты <HomePlanet> готова выплатить вам требуемую сумму, только не стреляйте!"	"Lang.dat: Talk.Money.LinerOk4. Preserve every <tag> exactly. English reference: A group of affluent tourists from planet <HomePlanet> who happen to be traveling aboard our passenger vessel has agreed to pay you what you demand. Just don't shoot us!"	"Talk"	""
"/Talk/Money/LinerOk5"	"Мои пассажиры в ужасе, ими овладел массовый психоз, некоторые уже пытаются выброситься в иллюминаторы... Паника нарастает с каждой минутой! Пожалуйста, примите вот эти деньги и оставьте нас в покое!.."	"Lang.dat: Talk.Money.LinerOk5. Preserve every <tag> exactly. English reference: My passengers are terrified and gripped by mass psychosis; some have already started leaping out of portholes... Panic is setting in at an incredible pace! Please take this money and leave us alone!"	"Talk"	""
"/Talk/Money/LinerOk6"	"Как капитан корабля <FullShip>, я вынужден выполнить ваши несправедливые требования, дабы не подвергать опасности жизнь своих пассажиров. Вот деньги, которые я берег на ремонт корабля и закупку продуктов питания."	"Lang.dat: Talk.Money.LinerOk6. Preserve every <tag> exactly. English reference: As captain of <FullShip>, I am forced to comply with your criminal demands so as to preserve the lives of my passengers. Here, I was saving this for ship repairs and restocking our food supplies."	"Talk"	""
"/Talk/Money/LinerOk7/0"	"Поймите наконец, я скорее умру, чем выполню ваши несправедливые тре... а это еще что такое?! Пассажирам запрещается появляться в рубке управления! Что вы делаете?! А-м-м... М-м!.."	"Lang.dat: Talk.Money.LinerOk7.0. Preserve every <tag> exactly. English reference: Get it through your head: I will sooner die than agree to your deplorable te... What's this now?! Passengers are not allowed to enter the cockpit! What are you doing?! Argh... (stifled shouting)"	"Talk"	""
"/Talk/Money/LinerOk7/2"	"Эй, алло, братан! Короче, с тобой говорит один из пассажиров этой посудины <Ship>. Не слушай этого козла, нашего капитана, я в натуре готов выплатить тебе бабки, которые ты требуешь. Я тут с женой и дочуркой, и мне вовсе не охота стать пережаренной курятиной из-за такой дурацкой суммы. Короче, держи свои бабки. Теперь ты нас пропустишь? Да не лягайся ты, кретин! Это я не тебе, не тебе... Пацаны, держите его крепче, я вам за что бабки плачу?! Э-э, стой! Пристрелишь его - кто нам дальше корыто поведет? Ты?"	"Lang.dat: Talk.Money.LinerOk7.2. Preserve every <tag> exactly. English reference: Yo, mah man! One of the passengers of this bucket <Ship> is on the line. Forget about our dumbass captain, I'm totally willing to pay you the dough you want. I'm here with my wife and little girl, and I don't feel like getting roasted over friggin' creds. Anyhow, here's your moolah. Will you let us go now? Quit kicking, you cretin! No, no, I wasn't talking to you... Boys, hold him tighter -- what am I paying you for?! Whoa, hold up! If you shoot him, who's gonna pilot this clunker? You?"	"Talk"	""
"/Talk/Money/LinerOk7/3"	"Ну все, в следующий раз точно полечу на пиратском корабле - куда спокойнее и надежнее!.."	"Lang.dat: Talk.Money.LinerOk7.3. Preserve every <tag> exactly. English reference: Idiot! Next time I'm definitely flying a pirate vessel -- you can't beat the security!"	"Talk"	""
"/Talk/Money/LinerOk8"	"У нас было экстренное совещание с пассажирами, на котором было принято решение всем вместе собрать и выплатить вам необходимую сумму. Мы надеемся, что теперь вы нас отпустите."	"Lang.dat: Talk.Money.LinerOk8. Preserve every <tag> exactly. English reference: After convening an emergency meeting with the passengers, we have decided to pool together the sum you require. We hope that now you will let us go."	"Talk"	""
"/Talk/Money/LinerOk9"	"Умоляю, не надо стрельбы! Я сейчас вам выплачу требуемую сумму из своих собственных сбережений. Я тут несколько лет копил на покупку хорошего загородного дома на планете <HomePlanet>, но жизнь пассажиров и экипажа, конечно, важнее любых денег!"	"Lang.dat: Talk.Money.LinerOk9. Preserve every <tag> exactly. English reference: I beg you, let's not stoop to violence! I will pay you the amount you want from my personal savings. I've been saving for years to buy a country villa on planet <HomePlanet>, but the lives of my crew and passengers are obviously more important than money!"	"Talk"	""
"/Talk/Money/LinerSumIsVeryBig"	"Мои пассажирские рейсы не окупятся при таких затратах! Я отказываюсь!"	"Lang.dat: Talk.Money.LinerSumIsVeryBig. Preserve every <tag> exactly. English reference: I will never make money off passenger flights at this rate! I refuse!"	"Talk"	""
"/Talk/Money/LinerSumIsVeryBig1"	"Вообще-то я не против заплатить, но только если сумма будет поменьше."	"Lang.dat: Talk.Money.LinerSumIsVeryBig1. Preserve every <tag> exactly. English reference: I don't mind paying, but you're asking for too much."	"Talk"	""
"/Talk/Money/LinerSumIsVeryBig2"	"Откуда такая сумма у честного капитана мирного пассажирского транспорта? Я ведь не какой-нибудь грязный пират, сделавший свои деньги на чужих страданиях..."	"Lang.dat: Talk.Money.LinerSumIsVeryBig2. Preserve every <tag> exactly. English reference: Where would an honest captain of a peaceful passenger vessel get so much money? I'm not some dirty pirate, making my fortune at the expense of others..."	"Talk"	""
"/Talk/Money/LinerSumIsVeryBig3"	"Вы ведь это не всерьез, правда? Ну откуда нам взять такие деньги, сами подумайте! То есть мы тут, наверное, могли бы наскрести эту сумму, но тогда нам потом не хватит денег даже на ремонт и дозаправку!"	"Lang.dat: Talk.Money.LinerSumIsVeryBig3. Preserve every <tag> exactly. English reference: You're not being serious, are you? Where do you expect me to get that kind of money? I mean, sure, we could probably scrape it together, but then we wouldn't have anything left for fuel or repairs!"	"Talk"	""
"/Talk/Money/LinerSumIsVeryBig4"	"Я, по-моему, ослышался. Назовите сумму еще раз, пожалуйста, и желательно меньшую, чем вы сейчас сказали."	"Lang.dat: Talk.Money.LinerSumIsVeryBig4. Preserve every <tag> exactly. English reference: I think I may have misheard you. Won't you please say what the sum is again? And I'll ask you to considering saying a smaller amount."	"Talk"	""
"/Talk/Money/PirateLongDistance"	"Ты вообще попробуй догнать сначала, а потом угрожай!"	"Lang.dat: Talk.Money.PirateLongDistance. Preserve every <tag> exactly. English reference: Try to catch me first before you spew threats!"	"Talk"	""
"/Talk/Money/PirateLongDistance1"	"Коллега, дам тебе совет. На таком медленном корабле, как у тебя, бессмысленно заниматься вымогательством."	"Lang.dat: Talk.Money.PirateLongDistance1. Preserve every <tag> exactly. English reference: Dear colleague, take my advice. If you insist on making a living racketeering, you had better get yourself a faster ship."	"Talk"	""
"/Talk/Money/PirateLongDistance2"	"Дурак ты, братец, и шутки у тебя дурацкие... Или ты всерьез у меня денег требуешь?.. Ну, тогда я тебя поздравляю - ты полный лох! К твоему сведению, жертву сначала надо догнать, а уж потом вымогать деньги! Кого ты вообще надеешься напугать на таком расстоянии?.."	"Lang.dat: Talk.Money.PirateLongDistance2. Preserve every <tag> exactly. English reference: Are you serious, brah? You're really demanding money from me? In that case, I want to congratulate you on being a total joke! Just so you know, you should first try catching your mark before extorting money from them! Did you really hope to scare me from such a distance?"	"Talk"	""
"/Talk/Money/PirateLongDistance3"	"А может, это мне тебя грабануть, а? Хотя... Нет, пожалуй, не буду. Лететь далековато..."	"Lang.dat: Talk.Money.PirateLongDistance3. Preserve every <tag> exactly. English reference: Maybe I should be the one robbing you? Then again... Nah, I think I'll let you go. I don't feel like flying so far..."	"Talk"	""
"/Talk/Money/PirateLongDistance4"	"Тебе, как я погляжу, в натуре жить расхотелось. Только погляди, кого ты на бабки разводить собрался! Я же знаменитый пират! Повезло тебе, дружок, что я так далеко, и гнаться мне за тобой неохота..."	"Lang.dat: Talk.Money.PirateLongDistance4. Preserve every <tag> exactly. English reference: Clearly, you no longer value of your life. Do you realize who you're trying to shake down?! I am an infamous pirate! You're lucky I'm so far away, mate, and don't feel like chasing you down..."	"Talk"	""
"/Talk/Money/PirateLongDistance5"	"Сразу видно неопытного новичка. Ну кто же с такого расстояния деньги вымогает? Поищи себе другую добычу, которая поближе к тебе!"	"Lang.dat: Talk.Money.PirateLongDistance5. Preserve every <tag> exactly. English reference: What a noob... Who tries to extort dough from such distance? Look for a mark that's closer!"	"Talk"	""
"/Talk/Money/PirateLongDistance6"	"Да ты, братан, в натуре меня за лоха держишь! Чтобы я раскошелился только из-за того, что мне какой-то недоносок издалека кулачком погрозил - не было такого, и не будет!"	"Lang.dat: Talk.Money.PirateLongDistance6. Preserve every <tag> exactly. English reference: You must take me for a sucker, brah! You expect me to fork up all my cash just 'cause some dweeb shook a fist at me from a distance? Fat chance!"	"Talk"	""
"/Talk/Money/PirateLongDistance7"	"Ну я ваще типа не знаю, че ответить на такую борзоту... Ты, баклан, в натуре напросился. Подгребай поближе - я из тебя, недоумка, последние мозги выжимать буду!.."	"Lang.dat: Talk.Money.PirateLongDistance7. Preserve every <tag> exactly. English reference: You've got some minerals, buddy, I'll give you that... Won't you come a bit closer? I'll teach your dumb ass a lesson you won't soon forget!"	"Talk"	""
"/Talk/Money/PirateLongDistance8"	"Коллега, ты впустую тратишь время. Платить я тебе не намерен, ведь догнать меня ты все равно не сможешь. Так что советую переключить внимание на другую добычу."	"Lang.dat: Talk.Money.PirateLongDistance8. Preserve every <tag> exactly. English reference: My friend, you're wasting your time. I don't intend on paying you, and you can't catch me anyway. So, I suggest that you shift your attention to another mark."	"Talk"	""
"/Talk/Money/PirateLongDistance9"	"Я не вижу причины тебе платить, ведь на твоем корыте все равно не угнаться за моим кораблем..."	"Lang.dat: Talk.Money.PirateLongDistance9. Preserve every <tag> exactly. English reference: I don't see any reason to pay you -- you can't keep up with my ship on that bucket of yours..."	"Talk"	""
"/Talk/Money/PirateNo"	"Здесь я собираю бабки. Ты мне не указ. Сваливай, пока я не разозлился."	"Lang.dat: Talk.Money.PirateNo. Preserve every <tag> exactly. English reference: I'm the one collecting tribute around here. You ain't no authority to me. Now beat it before I get angry."	"Talk"	""
"/Talk/Money/PirateNo1"	"Это моя территория. И я сам решаю, кому, когда и сколько надо платить."	"Lang.dat: Talk.Money.PirateNo1. Preserve every <tag> exactly. English reference: This is my turf. I'm the one who decides who gets paid and when."	"Talk"	""
"/Talk/Money/PirateNo2"	"Как же я тебе рад, братан, ты себе просто не представляешь! Давно уже ищу, на ком бы испытать недавно купленную пушечку, а тут ты со своими претензиями... Это же просто судьба! Ты уж погоди, не улетай, ладно?.."	"Lang.dat: Talk.Money.PirateNo2. Preserve every <tag> exactly. English reference: Brah, I am oh so happy to meet you! I've been itching to use this brand new cannon I had bought, and here you are with your demands... It's destiny! Stay right there for me, will ya?"	"Talk"	""
"/Talk/Money/PirateNo3"	"Не слишком-то грозно ты выглядишь, коллега. Думаю, тебе стоит еще немного потренироваться перед зеркалом."	"Lang.dat: Talk.Money.PirateNo3. Preserve every <tag> exactly. English reference: I must say, you don't look so tough, buddy. I think you should practice a bit more before a mirror."	"Talk"	""
"/Talk/Money/PirateNo4"	"Дружок, ты только посмотри, сколько вокруг лохов летает - неужели они все кажутся тебе менее привлекательной добычей, чем я? По рогам получить хочешь?"	"Lang.dat: Talk.Money.PirateNo4. Preserve every <tag> exactly. English reference: Dummy, look at all the suckers around you -- do you really consider me a better mark? You looking to get smacked around?"	"Talk"	""
"/Talk/Money/PirateNo5"	"Слушай, а может, это мне тебя грабануть, а? Как тебе такая идея?"	"Lang.dat: Talk.Money.PirateNo5. Preserve every <tag> exactly. English reference: Maybe I should be the one robbing you, eh? How would you like that?"	"Talk"	""
"/Talk/Money/PirateNo6"	"Братан, ну это как-то не по понятиям... Я же пират, я свой! Не будет тебе никаких денег! Просто из принципа платить не буду!"	"Lang.dat: Talk.Money.PirateNo6. Preserve every <tag> exactly. English reference: This goes against the code, brah... I am a pirate, like you! You won't get any money here! I refuse to pay on principle!"	"Talk"	""
"/Talk/Money/PirateNo7"	"Фига с два! Дам тебе хороший совет, щенок: лети отсюда скорее, пока я добрый, и не оглядывайся!"	"Lang.dat: Talk.Money.PirateNo7. Preserve every <tag> exactly. English reference: Hell no! Take my advice and fly your punk ass as far away from here as you can. And don't look back!"	"Talk"	""
"/Talk/Money/PirateNo8"	"Ну ты типа ваще оборзел конкретно. Я те щас в натуре покажу, где клисаны зимуют. Это еще типа надо посмотреть, чувак, кто кого на бабки разводить будет..."	"Lang.dat: Talk.Money.PirateNo8. Preserve every <tag> exactly. English reference: Is you being serious? Boy, Imma smack you so hard you'll be seeing stars! We'll see who's paying tribute to whom when the dust settles..."	"Talk"	""
"/Talk/Money/PirateOk"	"Ба, а я-то думал, что это моя территория... Но ты, видно, будешь покруче. Ладно, вот бабки."	"Lang.dat: Talk.Money.PirateOk. Preserve every <tag> exactly. English reference: Bah, and I thought this was my turf... But you're obviously tougher. Fine, here's the dough."	"Talk"	""
"/Talk/Money/PirateOk1"	"Эй, а ты парень не промах! Ладно, вот бабки, только не стреляй - у меня корабль старый, не выдержит."	"Lang.dat: Talk.Money.PirateOk1. Preserve every <tag> exactly. English reference: Hey, man, you're all right! Fine, here's the dough, just don't shoot me! My old lady won't live through it."	"Talk"	""
"/Talk/Money/PirateOk2"	"Ладно, коллега, я готов поделиться награбленным, только не надо пальбы! Мне с тобой не тягаться..."	"Lang.dat: Talk.Money.PirateOk2. Preserve every <tag> exactly. English reference: Very well, I'm willing to share my loot, just don't shoot! I can't hang with you..."	"Talk"	""
"/Talk/Money/PirateOk3"	"Вор у вора дубинку крадет... Ну что за жизнь!.. Никаких принципов у молодого поколения не осталось! Ладно, держи деньги, только оставь меня в покое."	"Lang.dat: Talk.Money.PirateOk3. Preserve every <tag> exactly. English reference: A thief stealing from a thief... What's the world coming to? The new generation ain't got no principles! Fine, take your money, just leave me alone."	"Talk"	""
"/Talk/Money/PirateOk4"	"Уважаю таких отчаянных парней, как ты! Держи бабки, братан, так уж и быть. Мне неохота с тобой ссориться."	"Lang.dat: Talk.Money.PirateOk4. Preserve every <tag> exactly. English reference: I respect gutsy fellas like you! You win, here's your money. I don't feel like making an enemy out of you."	"Talk"	""
"/Talk/Money/PirateOk5"	"Жаль, что ты не мой подельник. Вместе мы бы таких дел наворотили! Вот бабки, и давай разойдемся с миром!"	"Lang.dat: Talk.Money.PirateOk5. Preserve every <tag> exactly. English reference: It's too bad we're not partners in crime. We would bring the Galaxy to our feet! Here's the money, let's part on good terms."	"Talk"	""
"/Talk/Money/PirateOk6/0"	"Да, с тобой сражаться - это не всяких там космических лохов на бабки разводить! Лучше я заплачу тебе, а то еще раздолбаешь мне корабль - как я потом буду на жизнь зарабатывать?.."	"Lang.dat: Talk.Money.PirateOk6.0. Preserve every <tag> exactly. English reference: Fighting you ain't the same as shaking down some space suckers! I figure it's better I pay you off than have you demolish my ship. 'Cause if that happens, how will I earn a living?"	"Talk"	""
"/Talk/Money/PirateOk6/1"	"Перевожу требуемую сумму на твой счет."	"Lang.dat: Talk.Money.PirateOk6.1. Preserve every <tag> exactly. English reference: I'm transferring the required sum to your account."	"Talk"	""
"/Talk/Money/PirateOk7/0"	"Чтобы не трепать зря корабль, я готов заплатить деньги, но с условием, что ты уберешься отсюда и будешь промышлять в другом месте. Двоим таким крутым пиратам, как мы, слишком тесно в одной системе!"	"Lang.dat: Talk.Money.PirateOk7.0. Preserve every <tag> exactly. English reference: I'd rather pay you off than risk damaging my ship, but on the condition that you get out of here and take your business to some other location. This system can't handle two tough pirates like us!"	"Talk"	""
"/Talk/Money/PirateOk7/1"	"Перевожу требуемую сумму на твой счет."	"Lang.dat: Talk.Money.PirateOk7.1. Preserve every <tag> exactly. English reference: I'm transferring the required sum to your account."	"Talk"	""
"/Talk/Money/PirateOk8"	"Ты, парень, умеешь говорить убедительно. Пожалуй, я заплачу тебе деньги."	"Lang.dat: Talk.Money.PirateOk8. Preserve every <tag> exactly. English reference: Your argument is persuasive, I'll give you that. I guess I ought to pay you the money."	"Talk"	""
"/Talk/Money/PirateOk9"	"Пощади меня! Вот деньги, признаю, что ты более крутой боец!.."	"Lang.dat: Talk.Money.PirateOk9. Preserve every <tag> exactly. English reference: Mercy! I admit, you're the better fighter!"	"Talk"	""
"/Talk/Money/PirateSumIsVeryBig"	"Платить, конечно, надо, но сумма великовата. Мне не хватит на ремонт."	"Lang.dat: Talk.Money.PirateSumIsVeryBig. Preserve every <tag> exactly. English reference: I realize I have to pay, but you're asking too much. I won't have enough left for repairs."	"Talk"	""
"/Talk/Money/PirateSumIsVeryBig1"	"Умерь свои запросы, иначе ничего не получишь."	"Lang.dat: Talk.Money.PirateSumIsVeryBig1. Preserve every <tag> exactly. English reference: Lower your demands or you won't get anything at all."	"Talk"	""
"/Talk/Money/PirateSumIsVeryBig2"	"Многовато просишь, я столько не потяну. Сжалься над бедным пиратом, назови меньшую сумму!"	"Lang.dat: Talk.Money.PirateSumIsVeryBig2. Preserve every <tag> exactly. English reference: Your asking price is too high. Have mercy on a poor pirate, ask for a smaller sum!"	"Talk"	""
"/Talk/Money/PirateSumIsVeryBig3"	"Братан, ты оборзел конкретно. Я не могу тебе столько заплатить, у меня кошелек не бездонный!"	"Lang.dat: Talk.Money.PirateSumIsVeryBig3. Preserve every <tag> exactly. English reference: Brah, you've got some balls asking me that! My wallet isn't so fat to pay so much!"	"Talk"	""
"/Talk/Money/PirateSumIsVeryBig4"	"Что-о?! Ты оцениваешь мою жизнь так дешево?! Впрочем, у меня даже таких бабок нет..."	"Lang.dat: Talk.Money.PirateSumIsVeryBig4. Preserve every <tag> exactly. English reference: Whaaat?! Is that what you value my life at?! Then again, I don't even have that much..."	"Talk"	""
"/Talk/Money/PlayerLess"	"Меньше"	"Lang.dat: Talk.Money.PlayerLess. Preserve every <tag> exactly. English reference: Less"	"Talk"	""
"/Talk/Money/PlayerLongDistance"	"Ты вообще попробуй меня догнать сначала, а потом приставай с подобными заявлениями и угрозами!"	"Lang.dat: Talk.Money.PlayerLongDistance. Preserve every <tag> exactly. English reference: Try to catch me first before you start spewing demands and threats!"	"Talk"	""
"/Talk/Money/PlayerLongDistance1"	"Ты меня вообще-то догони сначала, а уж потом предъявляй претензии! Знаешь, какой у меня крутой двигатель?"	"Lang.dat: Talk.Money.PlayerLongDistance1. Preserve every <tag> exactly. English reference: Before you start making demands, try catching me first! You don't know how powerful my new engine is, do ya?"	"Talk"	""
"/Talk/Money/PlayerLongDistance2"	"Подлети-ка сначала поближе, тогда и выясним, кому принадлежат мои деньги..."	"Lang.dat: Talk.Money.PlayerLongDistance2. Preserve every <tag> exactly. English reference: Come a little closer, boy, then we'll see who owes money to whom..."	"Talk"	""
"/Talk/Money/PlayerLongDistance3"	"Дружок, твои пушки до меня сейчас не могут дотянуться, я слишком далеко! Подумай, что будет, если я откажусь заплатить?.. Ты погрозишь мне кулаком? Да, это будет действительно страшно..."	"Lang.dat: Talk.Money.PlayerLongDistance3. Preserve every <tag> exactly. English reference: Dude, I'm way outside the range of your shooters! What's going to happen if I refuse to pay? Will you blow steam out of your mouth? 'Cause that would be really, really scary..."	"Talk"	""
"/Talk/Money/PlayerLongDistance4"	"Ты действительно думаешь, что сможешь меня догнать и заставить отдать тебе деньги?.. Ну, что ж, попробуй, попробуй..."	"Lang.dat: Talk.Money.PlayerLongDistance4. Preserve every <tag> exactly. English reference: Do you really think you can catch me and shake me down? Well, go ahead and try!"	"Talk"	""
"/Talk/Money/PlayerLongDistance5"	"Ну, знаешь!.. Я, благородный рейнджер <Ship>, никогда не платил и не собираюсь платить деньги выродкам вроде тебя, особенно когда они находятся так далеко от меня!"	"Lang.dat: Talk.Money.PlayerLongDistance5. Preserve every <tag> exactly. English reference: Listen, man... I am noble ranger <Ship>. I have never paid tribute to degenerates like you, and I'm not about to start, especially when you're so far away!"	"Talk"	""
"/Talk/Money/PlayerLongDistance6"	"Тебе не повезло, я не из пугливых, особенно когда меня пытаются запугать с такого расстояния, ха-ха!.. Так что не будет тебе никаких денег!"	"Lang.dat: Talk.Money.PlayerLongDistance6. Preserve every <tag> exactly. English reference: I don't scare easily, especially when the bully is so far away, ha-ha! You can forget about getting paid!"	"Talk"	""
"/Talk/Money/PlayerLongDistance7"	"Не думаю, что ты сможешь меня догнать - слишком уж мы сейчас далеко друг от друга. Сам подумай, есть ли тогда для меня вообще смысл платить тебе деньги?.."	"Lang.dat: Talk.Money.PlayerLongDistance7. Preserve every <tag> exactly. English reference: I really don't think you'll be able to catch me -- we're too far from one another. Therefore, I don't see any reason to pay you anything!"	"Talk"	""
"/Talk/Money/PlayerLongDistance8"	"Мне почему-то совсем не страшно... Может быть, потому, что ты так далеко?.. Попробуй-ка сначала меня догнать, наглец, а уж потом вымогай деньги!"	"Lang.dat: Talk.Money.PlayerLongDistance8. Preserve every <tag> exactly. English reference: For some reason, I'm not at all scared... Could it be it's 'cause you're so far away? Try to catch me first, you jerk, before you start shaking me down!"	"Talk"	""
"/Talk/Money/PlayerMore"	"Больше"	"Lang.dat: Talk.Money.PlayerMore. Preserve every <tag> exactly. English reference: More"	"Talk"	""
"/Talk/Money/PlayerNo"	"Я никому не плачу денег, и моя честь выше любых притязаний. А мое раздражение может перейти в крайне жесткие меры. Я доступно все объяснил?!"	"Lang.dat: Talk.Money.PlayerNo. Preserve every <tag> exactly. English reference: I never pay tribute to anyone, for my honor is beyond reproach. Keep pestering me and I'll be forced to take extreme measures. Am I making myself clear?!"	"Talk"	""
"/Talk/Money/PlayerNo1"	"Буду считать это неудачной шуткой. Не стоит выводить меня из равновесия."	"Lang.dat: Talk.Money.PlayerNo1. Preserve every <tag> exactly. English reference: Let's call this a bad joke on your part. Don't push me, lest you regret it."	"Talk"	""
"/Talk/Money/PlayerNo2"	"Чей там голос из помойки?.. Уж не думаешь ли ты, грязная пародия на пирата, что сумеешь заставить меня, благородного рейнджера, поделиться с тобой своими деньгами?"	"Lang.dat: Talk.Money.PlayerNo2. Preserve every <tag> exactly. English reference: What's that voice coming from the gutter? Did you really think that a dirty pirate like you could coerce me, a noble ranger, into giving you my hard-earned money?"	"Talk"	""
"/Talk/Money/PlayerNo3"	"Денег моих требуешь? Ну и ну! Тебе, видно, жить надоело? Ничто не радует? Жизнь кажется серой и унылой? Стремишься принять смерть в бою? Бедняга! Что ж, я могу тебе это устроить..."	"Lang.dat: Talk.Money.PlayerNo3. Preserve every <tag> exactly. English reference: You are a complete fool if you thought that you could scare me. Get ready for battle, wretched pirate!"	"Talk"	""
"/Talk/Money/PlayerNo4"	"Иди поиграй в песочек, малыш, тебе не тягаться с таким крутым рейнджером, как я! Серьезно, улетай, пока я тебе дюзы не надрал!"	"Lang.dat: Talk.Money.PlayerNo4. Preserve every <tag> exactly. English reference: You? Demanding money from me? Well, I'll be! You must have a death wish! Do you feel depressed? Does life seem gray and without joy? Do you dream of a heroic death in battle? Poor sod! But hey, I can make that happen for you real quick..."	"Talk"	""
"/Talk/Money/PlayerNo5"	"Умоляю, пощади меня, о свирепый охотник за чужим добром! Вот твои деньги, только отпусти меня, не губи молодую душу!.. Чего? Не видишь денег? Хе-хе, это как раз неудивительно... Тебе вообще известна такая замечательная штука, как чувство юмора? Короче, не получишь ты от меня ни копейки. И это уже не шутка!"	"Lang.dat: Talk.Money.PlayerNo5. Preserve every <tag> exactly. English reference: Go back to your sandbox, son, you can't hang with a ranger of my caliber! This is your last warning. Get out of here while you still can!"	"Talk"	""
"/Talk/Money/PlayerNo6"	"Хочешь денег? Что ж, попробуй их отнять!"	"Lang.dat: Talk.Money.PlayerNo6. Preserve every <tag> exactly. English reference: I beg you to spare me, o ferocious hunter of others' treasures! Take my money, but let me go! Waste not my young, impressionable soul!... What? You don't see any money? Ha, why is this not surprising... Are you even aware of a wonderful thing called sense of humor? Then let me be very clear: you will not get a penny from me. And no, that last part wasn't a joke!"	"Talk"	""
"/Talk/Money/PlayerNo7"	"Я воспринимаю подобную просьбу как личное оскорбление, которое можно искупить только кровью. Литра твоей крови мне хватит. Нет? Ну, тогда готовься к смерти!"	"Lang.dat: Talk.Money.PlayerNo7. Preserve every <tag> exactly. English reference: You want my money? Well, then, try and take it from me!"	"Talk"	""
"/Talk/Money/PlayerNotMoney"	"Извините, я хочу заплатить, но в данный момент не располагаю требуемой суммой."	"Lang.dat: Talk.Money.PlayerNotMoney. Preserve every <tag> exactly. English reference: Forgive me, I want to pay, but I'm currently lacking the required sum"	"Talk"	""
"/Talk/Money/PlayerNotMoney1"	"К сожалению, у меня не хватает денег. Прошу пощады."	"Lang.dat: Talk.Money.PlayerNotMoney1. Preserve every <tag> exactly. English reference: Unfortunately, I don't have enough money. Mercy!"	"Talk"	""
"/Talk/Money/PlayerNotMoney2"	"Откуда у меня такие деньги? Пожалей бедного космического трудягу!"	"Lang.dat: Talk.Money.PlayerNotMoney2. Preserve every <tag> exactly. English reference: Where would I get that kind of money? Have mercy on a poor space laborer!"	"Talk"	""
"/Talk/Money/PlayerNotMoney3"	"Я бы с радостью заплатил, да только вот денег у меня нет. Жизнь такая!"	"Lang.dat: Talk.Money.PlayerNotMoney3. Preserve every <tag> exactly. English reference: I would gladly pay, but I don't have the money. C'est la vie!"	"Talk"	""
"/Talk/Money/PlayerNotMoney4"	"Да где ж мне такие деньги взять? Думай, чего говоришь!"	"Lang.dat: Talk.Money.PlayerNotMoney4. Preserve every <tag> exactly. English reference: And where am I supposed to get that kind of money? Think about what you're saying!"	"Talk"	""
"/Talk/Money/PlayerNotMoney5"	"Ну, может, я бы и заплатил тебе, да только нету у меня таких денег."	"Lang.dat: Talk.Money.PlayerNotMoney5. Preserve every <tag> exactly. English reference: I would be willing to pay you, only I don't have that kind of money."	"Talk"	""
"/Talk/Money/PlayerNotMoney6"	"У меня при себе нет таких денег. Может, отпустишь меня, чтобы я слетал на планету <HomePlanet> и привез?.."	"Lang.dat: Talk.Money.PlayerNotMoney6. Preserve every <tag> exactly. English reference: I don't have that kind of money on me. Maybe you'll let me fly back to planet <HomePlanet> and bring the money?"	"Talk"	""
"/Talk/Money/PlayerNotMoney7"	"Сожалею, но у меня нет таких денег. Можешь убивать меня, только имей в виду, что я постараюсь подороже продать свою жизнь!.."	"Lang.dat: Talk.Money.PlayerNotMoney7. Preserve every <tag> exactly. English reference: I'm sorry, I don't have that kind of money. You can kill me, if you want, but I won't go down easy!"	"Talk"	""
"/Talk/Money/PlayerNotMoney8"	"Ох, я и рад бы заплатить, но такой кучи бабок у меня нет."	"Lang.dat: Talk.Money.PlayerNotMoney8. Preserve every <tag> exactly. English reference: I wouldn't mind paying, but I ain't got that kind of dough."	"Talk"	""
"/Talk/Money/PlayerNotMoney9"	"Я не располагаю требуемой суммой."	"Lang.dat: Talk.Money.PlayerNotMoney9. Preserve every <tag> exactly. English reference: I don't have the sum you're requesting."	"Talk"	""
"/Talk/Money/PlayerOk"	"Ладно, я согласен выполнить твои требования. Получай свои жалкие деньги."	"Lang.dat: Talk.Money.PlayerOk. Preserve every <tag> exactly. English reference: Fine, I agree to your terms. Take your damn money."	"Talk"	""
"/Talk/Money/PlayerOk1"	"Забирай свои деньги, вымогатель, только отстань от меня."	"Lang.dat: Talk.Money.PlayerOk1. Preserve every <tag> exactly. English reference: Take your money, you gangster, and let me be."	"Talk"	""
"/Talk/Money/PlayerOk2"	"Ладно, парень, так уж и быть, бери деньги и уматывай, пока я не передумал и не отобрал их обратно!"	"Lang.dat: Talk.Money.PlayerOk2. Preserve every <tag> exactly. English reference: Fine, fine. Take your money and get out of here before I change my mind and take it back!"	"Talk"	""
"/Talk/Money/PlayerOk3"	"Ну, вот твои грязные деньги, доволен? Надеюсь, теперь я могу лететь дальше?"	"Lang.dat: Talk.Money.PlayerOk3. Preserve every <tag> exactly. English reference: There's your dirty money, are you happy now? Can I be on my way now?"	"Talk"	""
"/Talk/Money/PlayerOk4"	"Ну хорошо, хорошо, вот твои деньги, надеюсь, теперь ты отцепишься от меня?"	"Lang.dat: Talk.Money.PlayerOk4. Preserve every <tag> exactly. English reference: Fine, take your money and get off my back!"	"Talk"	""
"/Talk/Money/PlayerOk5"	"Ну ты и мерзавец! Я столько времени на новое оружие деньги копил, а теперь вот приходится тебе отдавать. Ну ничего, я еще поставлю себе крутые пушечки, и тогда ты еще повымаливаешь у меня пощаду, когда мы снова встретимся..."	"Lang.dat: Talk.Money.PlayerOk5. Preserve every <tag> exactly. English reference: You are such a bastard! I've been saving up for new weapons for so long, and now I'm losing it all to you... I'll remember this, though. Once I install brand new guns on my ship, you'll be singing a different tune the next time we meet!"	"Talk"	""
"/Talk/Money/PlayerOk6/0"	"Знаешь, я готов заплатить любые деньги, лишь бы твоя гнусная физиономия исчезла с моего экрана..."	"Lang.dat: Talk.Money.PlayerOk6.0. Preserve every <tag> exactly. English reference: I'll pay whatever it takes to get your ugly mug off my screen..."	"Talk"	""
"/Talk/Money/PlayerOk6/1"	"Перевожу требуемую сумму на твой счет."	"Lang.dat: Talk.Money.PlayerOk6.1. Preserve every <tag> exactly. English reference: I'm transferring the required sum to your account."	"Talk"	""
"/Talk/Money/PlayerOk7"	"Ну, что ж, вот твои деньги, только не слишком радуйся! Я тебя хорошо запомнил, и, поверь мне, еще придет то время, когда ты мне вернешь эту сумму с процентами!.."	"Lang.dat: Talk.Money.PlayerOk7. Preserve every <tag> exactly. English reference: Here, take your money, but don't look so smug! I won't forget this, and believe me when I say the time will come when you'll repay this loan to me with interest!"	"Talk"	""
"/Talk/Money/PlayerSend"	"Мне нужны деньги, и ты мне их дашь"	"Lang.dat: Talk.Money.PlayerSend. Preserve every <tag> exactly. English reference: I need money, and I need you to give it to me"	"Talk"	""
"/Talk/Money/PlayerSend1"	"Гони деньги"	"Lang.dat: Talk.Money.PlayerSend1. Preserve every <tag> exactly. English reference: Hand over the dough"	"Talk"	""
"/Talk/Money/PlayerSend2"	"Кошелек или жизнь!"	"Lang.dat: Talk.Money.PlayerSend2. Preserve every <tag> exactly. English reference: Your wallet or your life!"	"Talk"	""
"/Talk/Money/PlayerSend3"	"Поделись-ка со мной своими сбережениями"	"Lang.dat: Talk.Money.PlayerSend3. Preserve every <tag> exactly. English reference: Share some of your savings with me"	"Talk"	""
"/Talk/Money/PlayerSend4"	"Ты должен заплатить мне за проезд"	"Lang.dat: Talk.Money.PlayerSend4. Preserve every <tag> exactly. English reference: You have to pay me a fee for passage"	"Talk"	""
"/Talk/Money/PlayerSend5"	"Дай денег, а то пожалеешь"	"Lang.dat: Talk.Money.PlayerSend5. Preserve every <tag> exactly. English reference: Give me money, or else"	"Talk"	""
"/Talk/Money/PlayerSend6"	"Выворачивай карманы, это ограбление!"	"Lang.dat: Talk.Money.PlayerSend6. Preserve every <tag> exactly. English reference: Empty your pockets, this is a robbery!"	"Talk"	""
"/Talk/Money/PlayerSendSum"	"Сумма в <Money> cr меня бы устроила"	"Lang.dat: Talk.Money.PlayerSendSum. Preserve every <tag> exactly. English reference: I reckon <Money> cr would satisfy me"	"Talk"	""
"/Talk/Money/PlayerSendSum1"	"Думаю, твоя жизнь стоит ровно <Money> cr"	"Lang.dat: Talk.Money.PlayerSendSum1. Preserve every <tag> exactly. English reference: I figure your life is worth exactly <Money> cr"	"Talk"	""
"/Talk/Money/PlayerSendSum2"	"Дай <Money> cr и можешь лететь дальше"	"Lang.dat: Talk.Money.PlayerSendSum2. Preserve every <tag> exactly. English reference: Give me <Money> cr and I'll let you go"	"Talk"	""
"/Talk/Money/PlayerSendSum3"	"Мне немного надо - всего <Money> cr"	"Lang.dat: Talk.Money.PlayerSendSum3. Preserve every <tag> exactly. English reference: I don't need much -- <Money> cr will be enough"	"Talk"	""
"/Talk/Money/RangerLongDistance"	"Ты вообще попробуй меня догнать сначала, а потом приставай с подобными заявлениями и угрозами!"	"Lang.dat: Talk.Money.RangerLongDistance. Preserve every <tag> exactly. English reference: Try to catch me first before you start spewing demands and threats!"	"Talk"	""
"/Talk/Money/RangerLongDistance1"	"Ты меня вообще-то догони сначала, а уж потом предъявляй претензии! Знаешь, какой у меня крутой двигатель?"	"Lang.dat: Talk.Money.RangerLongDistance1. Preserve every <tag> exactly. English reference: Before you start making demands, try catching me first! You don't know how powerful my new engine is, do ya?"	"Talk"	""
"/Talk/Money/RangerLongDistance2"	"Подлети-ка сначала поближе, тогда и выясним, кому принадлежат мои деньги..."	"Lang.dat: Talk.Money.RangerLongDistance2. Preserve every <tag> exactly. English reference: Come a little closer, boy, then we'll see who owes money to whom..."	"Talk"	""
"/Talk/Money/RangerLongDistance3"	"Дружок, твои пушки до меня сейчас не могут дотянуться, я слишком далеко! Подумай, что будет, если я откажусь заплатить?.. Ты погрозишь мне кулаком? Да, это будет действительно страшно..."	"Lang.dat: Talk.Money.RangerLongDistance3. Preserve every <tag> exactly. English reference: Dude, I'm way outside the range of your shooters! What's going to happen if I refuse to pay? Will you blow steam out of your mouth? 'Cause that would be really, really scary..."	"Talk"	""
"/Talk/Money/RangerLongDistance4"	"Ты действительно думаешь, что сможешь меня догнать и заставить отдать тебе деньги?.. Ну, что ж, попробуй, попробуй..."	"Lang.dat: Talk.Money.RangerLongDistance4. Preserve every <tag> exactly. English reference: Do you really think you can catch me and shake me down? Well, go ahead and try!"	"Talk"	""
"/Talk/Money/RangerLongDistance5"	"Ну, знаешь!.. Я, благородный рейнджер <Ship>, никогда не платил и не собираюсь платить деньги выродкам вроде тебя, особенно когда они находятся так далеко от меня!"	"Lang.dat: Talk.Money.RangerLongDistance5. Preserve every <tag> exactly. English reference: Listen, man... I am noble ranger <Ship>. I have never paid tribute to degenerates like you, and I'm not about to start, especially when you're so far away!"	"Talk"	""
"/Talk/Money/RangerLongDistance6"	"Тебе не повезло, я не из пугливых, особенно когда меня пытаются запугать с такого расстояния, ха-ха!.. Так что не будет тебе никаких денег!"	"Lang.dat: Talk.Money.RangerLongDistance6. Preserve every <tag> exactly. English reference: I don't scare easily, especially when the bully is so far away, ha-ha! You can forget about getting paid!"	"Talk"	""
"/Talk/Money/RangerLongDistance7"	"Не думаю, что ты сможешь меня догнать - слишком уж мы сейчас далеко друг от друга. Сам подумай, есть ли тогда для меня вообще смысл платить тебе деньги?.."	"Lang.dat: Talk.Money.RangerLongDistance7. Preserve every <tag> exactly. English reference: I really don't think you'll be able to catch me -- we're too far from one another. Therefore, I don't see any reason to pay you anything!"	"Talk"	""
"/Talk/Money/RangerLongDistance8"	"Мне почему-то совсем не страшно... Может быть, потому, что ты так далеко?.. Попробуй-ка сначала меня догнать, наглец, а уж потом вымогай деньги!"	"Lang.dat: Talk.Money.RangerLongDistance8. Preserve every <tag> exactly. English reference: For some reason, I'm not at all scared... Could it be it's 'cause you're so far away? Try to catch me first, you jerk, before you start shaking me down!"	"Talk"	""
"/Talk/Money/RangerNo"	"Я никому не плачу денег, и моя честь выше любых притязаний. А мое раздражение может перейти в крайне жесткие меры. Я доступно все объяснил?!"	"Lang.dat: Talk.Money.RangerNo. Preserve every <tag> exactly. English reference: I never pay tribute to anyone, for my honor is beyond reproach. Keep pestering me and I'll be forced to take extreme measures. Am I making myself clear?!"	"Talk"	""
"/Talk/Money/RangerNo1"	"Буду считать это неудачной шуткой. Не стоит выводить меня из равновесия."	"Lang.dat: Talk.Money.RangerNo1. Preserve every <tag> exactly. English reference: Let's call this a bad joke on your part. Don't push me, lest you regret it."	"Talk"	""
"/Talk/Money/RangerNo2"	"Чей там голос из помойки?.. Уж не думаешь ли ты, грязная пародия на пирата, что сумеешь заставить меня, благородного рейнджера, поделиться с тобой своими деньгами?"	"Lang.dat: Talk.Money.RangerNo2. Preserve every <tag> exactly. English reference: What's that voice coming from the gutter? Did you really think that a dirty pirate like you could coerce me, a noble ranger, into giving you my hard-earned money?"	"Talk"	""
"/Talk/Money/RangerNo3"	"Денег моих требуешь? Ну и ну! Тебе, видно, жить надоело? Ничто не радует? Жизнь кажется серой и унылой? Стремишься принять смерть в бою? Бедняга! Что ж, я могу тебе это устроить..."	"Lang.dat: Talk.Money.RangerNo3. Preserve every <tag> exactly. English reference: You are a complete fool if you thought that you could scare me. Get ready for battle, wretched pirate!"	"Talk"	""
"/Talk/Money/RangerNo4"	"Иди поиграй в песочек, малыш, тебе не тягаться с таким крутым рейнджером, как я! Серьезно, улетай, пока я тебе дюзы не надрал!"	"Lang.dat: Talk.Money.RangerNo4. Preserve every <tag> exactly. English reference: You? Demanding money from me? Well, I'll be! You must have a death wish! Do you feel depressed? Does life seem gray and without joy? Do you dream of a heroic death in battle? Poor sod! But hey, I can make that happen for you real quick..."	"Talk"	""
"/Talk/Money/RangerNo5"	"Умоляю, пощади меня, о свирепый охотник за чужим добром! Вот твои деньги, только отпусти меня, не губи молодую душу!.. Чего? Не видишь денег? Хе-хе, это как раз неудивительно... Тебе вообще известна такая замечательная штука, как чувство юмора? Короче, не получишь ты от меня ни копейки. И это уже не шутка!"	"Lang.dat: Talk.Money.RangerNo5. Preserve every <tag> exactly. English reference: Go back to your sandbox, son, you can't hang with a ranger of my caliber! This is your last warning. Get out of here while you still can!"	"Talk"	""
"/Talk/Money/RangerNo6"	"Хочешь денег? Что ж, попробуй их отнять!"	"Lang.dat: Talk.Money.RangerNo6. Preserve every <tag> exactly. English reference: I beg you to spare me, o ferocious hunter of others' treasures! Take my money, but let me go! Waste not my young, impressionable soul!... What? You don't see any money? Ha, why is this not surprising... Are you even aware of a wonderful thing called sense of humor? Then let me be very clear: you will not get a penny from me. And no, that last part wasn't a joke!"	"Talk"	""
"/Talk/Money/RangerNo7"	"Я воспринимаю подобную просьбу как личное оскорбление, которое можно искупить только кровью. Литра твоей крови мне хватит. Нет? Ну, тогда готовься к смерти!"	"Lang.dat: Talk.Money.RangerNo7. Preserve every <tag> exactly. English reference: You want my money? Well, then, try and take it from me!"	"Talk"	""
"/Talk/Money/RangerOk"	"Ладно, я согласен выполнить твои требования. Получай свои жалкие деньги."	"Lang.dat: Talk.Money.RangerOk. Preserve every <tag> exactly. English reference: Fine, I agree to your terms. Take your damn money."	"Talk"	""
"/Talk/Money/RangerOk1"	"Забирай свои деньги, вымогатель, только отстань от меня."	"Lang.dat: Talk.Money.RangerOk1. Preserve every <tag> exactly. English reference: Take your money, you gangster, and let me be."	"Talk"	""
"/Talk/Money/RangerOk2"	"Ладно, парень, так уж и быть, бери деньги и уматывай, пока я не передумал и не отобрал их обратно!"	"Lang.dat: Talk.Money.RangerOk2. Preserve every <tag> exactly. English reference: Fine, fine. Take your money and get out of here before I change my mind and take it back!"	"Talk"	""
"/Talk/Money/RangerOk3"	"Ну, вот твои грязные деньги, доволен? Надеюсь, теперь я могу лететь дальше?"	"Lang.dat: Talk.Money.RangerOk3. Preserve every <tag> exactly. English reference: There's your dirty money, are you happy now? Can I be on my way now?"	"Talk"	""
"/Talk/Money/RangerOk4"	"Ну хорошо, хорошо, вот твои деньги, надеюсь, теперь ты отцепишься от меня?"	"Lang.dat: Talk.Money.RangerOk4. Preserve every <tag> exactly. English reference: Fine, take your money and get off my back!"	"Talk"	""
"/Talk/Money/RangerOk5"	"Ну ты и мерзавец! Я столько времени на новое оружие деньги копил, а теперь вот приходится тебе отдавать. Ну ничего, я еще поставлю себе крутые пушечки, и тогда ты еще повымаливаешь у меня пощаду, когда мы снова встретимся..."	"Lang.dat: Talk.Money.RangerOk5. Preserve every <tag> exactly. English reference: You are such a bastard! I've been saving up for new weapons for so long, and now I'm losing it all to you... I'll remember this, though. Once I install brand new guns on my ship, you'll be singing a different tune the next time we meet!"	"Talk"	""
"/Talk/Money/RangerOk6/0"	"Знаешь, я готов заплатить любые деньги, лишь бы твоя гнусная физиономия исчезла с моего экрана..."	"Lang.dat: Talk.Money.RangerOk6.0. Preserve every <tag> exactly. English reference: I'll pay whatever it takes to get your ugly mug off my screen..."	"Talk"	""
"/Talk/Money/RangerOk6/1"	"Перевожу требуемую сумму на твой счет."	"Lang.dat: Talk.Money.RangerOk6.1. Preserve every <tag> exactly. English reference: I'm transferring the required sum to your account."	"Talk"	""
"/Talk/Money/RangerOk7"	"Ну, что ж, вот твои деньги, только не слишком радуйся! Я тебя хорошо запомнил, и, поверь мне, еще придет то время, когда ты мне вернешь эту сумму с процентами!.."	"Lang.dat: Talk.Money.RangerOk7. Preserve every <tag> exactly. English reference: Here, take your money, but don't look so smug! I won't forget this, and believe me when I say the time will come when you'll repay this loan to me with interest!"	"Talk"	""
"/Talk/Money/RangerSumIsVeryBig"	"Для меня это слишком большие деньги. Я считаю, что тебе следует поумерить свои запросы."	"Lang.dat: Talk.Money.RangerSumIsVeryBig. Preserve every <tag> exactly. English reference: That's too rich for my blood. I suggest you lower your expectations a bit."	"Talk"	""
"/Talk/Money/RangerSumIsVeryBig1"	"Да я, в принципе, не против заплатить, но больно уж много ты просишь. Может, сойдемся на меньшей сумме?"	"Lang.dat: Talk.Money.RangerSumIsVeryBig1. Preserve every <tag> exactly. English reference: I'm not averse to paying, but you're asking way too much. Maybe we can agree on a smaller sum?"	"Talk"	""
"/Talk/Money/RangerSumIsVeryBig2"	"С ума сошел? Я столько времени копил деньги на оружие и оборудование! Опять же, на ремонт надо денег оставить... Попроси поменьше!"	"Lang.dat: Talk.Money.RangerSumIsVeryBig2. Preserve every <tag> exactly. English reference: Are you nuts? Do you know how long it took me to save up for new weapons and equipment?! Look, you need to leave me some money for repairs... Ask for less!"	"Talk"	""
"/Talk/Money/RangerSumIsVeryBig3"	"Тебя, наверное, во время боя контузило... Иначе откуда такая наглость?.. Назови сумму поменьше, иначе вообще не увидишь денег!"	"Lang.dat: Talk.Money.RangerSumIsVeryBig3. Preserve every <tag> exactly. English reference: Were you dropped on your head as a baby or something? What gall to ask for such amounts... Lower your demands or you won't get any money at all!"	"Talk"	""
"/Talk/Money/RangerSumIsVeryBig4"	"Плохо дело. Я не могу тебе столько заплатить, это для меня было бы слишком накладно. Очень прошу, подумай и назови более скромную сумму!"	"Lang.dat: Talk.Money.RangerSumIsVeryBig4. Preserve every <tag> exactly. English reference: This is bad. I simply cannot afford to pay you what you demand. I beg you to reconsider and request a more modest sum!"	"Talk"	""
"/Talk/Money/Send"	"Это моя территория. Предлагаю охрану и сопровождение всего за <Money> cr."	"Lang.dat: Talk.Money.Send. Preserve every <tag> exactly. English reference: This is my turf. I provide escort and security to passing ships for a modest fee of <Money> cr."	"Talk"	""
"/Talk/Money/Send1"	"Мне нужно <Money> cr. Это что-то вроде платы за проезд."	"Lang.dat: Talk.Money.Send1. Preserve every <tag> exactly. English reference: I need <Money> cr. Call it a passage tax."	"Talk"	""
"/Talk/Money/Send2"	"Мне срочно нужны деньги. Я не отстану, пока не увижу, что сумма на моем счету увеличилась на <Money> cr. Все ясно?"	"Lang.dat: Talk.Money.Send2. Preserve every <tag> exactly. English reference: I urgently need money. I won't leave you alone until my account gets exactly <Money> cr richer. Are we clear?"	"Talk"	""
"/Talk/Money/Send3"	"Мне нужны бабки. Быстро гони. Сумма в <Money> cr меня вполне устроит."	"Lang.dat: Talk.Money.Send3. Preserve every <tag> exactly. English reference: I need dough. Fork it over. A sum of <Money> cr would do."	"Talk"	""
"/Talk/Money/Send4"	"Это ограбление! Не хочешь умирать - плати <Money> cr."	"Lang.dat: Talk.Money.Send4. Preserve every <tag> exactly. English reference: This is a robbery! If you don't want to die, then pay me <Money> cr."	"Talk"	""
"/Talk/Money/Send5"	"Гони <Money> cr, а не то разнесу твое корыто в клочья!"	"Lang.dat: Talk.Money.Send5. Preserve every <tag> exactly. English reference: Fork over <Money> cr or I'll smash your clunker to pieces!"	"Talk"	""
"/Talk/Money/Send6"	"Мне от тебя нужно <Money> cr, и я готов на все, чтобы получить эти деньги."	"Lang.dat: Talk.Money.Send6. Preserve every <tag> exactly. English reference: What I need from you is <Money> cr, and I'll do whatever it takes to get this money."	"Talk"	""
"/Talk/Money/Send7"	"Хочешь жить - умей делиться. Заплати <Money> cr, и я не стану тебя убивать."	"Lang.dat: Talk.Money.Send7. Preserve every <tag> exactly. English reference: If you want to live, learn to share. Pay me <Money> cr and I'll let you live."	"Talk"	""
"/Talk/Money/Send8"	"Я - твоя смерть, слабак! Быстро гони <Money> cr, если не хочешь превратиться в космическую пыль..."	"Lang.dat: Talk.Money.Send8. Preserve every <tag> exactly. English reference: I am your ticket to the afterlife, punk! Now hand over <Money> cr if you don't want to become space dust..."	"Talk"	""
"/Talk/Money/Send9"	"В прошлой жизни ты задолжал мне <Money> cr. Пришла пора платить по счетам!"	"Lang.dat: Talk.Money.Send9. Preserve every <tag> exactly. English reference: In your past life you borrowed <Money> cr from me. Now I've come to collect!"	"Talk"	""
"/Talk/Money/TransportLongDistance"	"Мне кажется, что опасность очень далека. Я не выполню этих необоснованных требований."	"Lang.dat: Talk.Money.TransportLongDistance. Preserve every <tag> exactly. English reference: Seems to me the danger is pretty far. I will not be complying with your baseless demands."	"Talk"	""
"/Talk/Money/TransportLongDistance1"	"Мне недавно поставили новый движок, и я теперь могу уйти от любого пирата."	"Lang.dat: Talk.Money.TransportLongDistance1. Preserve every <tag> exactly. English reference: I installed a new engine recently, and there's not a pirate out there that can keep up with me."	"Talk"	""
"/Talk/Money/TransportLongDistance2"	"Наглеем помаленьку?.. Раньше пираты хоть к добыче подлетали, чтобы потребовать денег, а теперь, значит, вконец обленились и предпочитают собирать дань издалека?.. Но уж я-то не буду играть по твоим правилам! Попробуй-ка догони меня сначала, дебил!"	"Lang.dat: Talk.Money.TransportLongDistance2. Preserve every <tag> exactly. English reference: Seriously, dude? I remember the days when pirates actually approached their victim before demanding tribute. Have you gotten so lazy that you expect to collect from afar? Call me old-fashioned, but I'm not going by play by these new rules! Try to catch me first, moron!"	"Talk"	""
"/Talk/Money/TransportLongDistance3"	"Хочешь моих денег - сначала попробуй меня догнать и заставить раскошелиться! Мы, торговцы, народ закаленный, нас на испуг не возьмешь, пиратская морда!.."	"Lang.dat: Talk.Money.TransportLongDistance3. Preserve every <tag> exactly. English reference: If you want my money, try to catch me and take it from me by force! We merchants are hardened folk and don't scare easily, not even by your ugly pirate mug!"	"Talk"	""
"/Talk/Money/TransportLongDistance4"	"Грабки у тебя коротковаты, пират... Не догнать, не достать тебе меня, хоть ты надорвись! Так что не будет тебе денег..."	"Lang.dat: Talk.Money.TransportLongDistance4. Preserve every <tag> exactly. English reference: You ain't got the reach, pirate... Try as you might, you won't catch me! So you can forget about this payday!"	"Talk"	""
"/Talk/Money/TransportLongDistance5"	"Ха-ха! Попробуй-ка сначала догнать свои деньги, грязный пиратище!.."	"Lang.dat: Talk.Money.TransportLongDistance5. Preserve every <tag> exactly. English reference: Ha-ha! Won't you try chasing down your money first, filthy pirate!"	"Talk"	""
"/Talk/Money/TransportLongDistance6"	"Фиг тебе! Может быть, я не слишком хорошо умею драться, но зато от погони ухожу отменно! Еще ни одной немытой пиратской морде не удавалось меня догнать и заставить раскошелиться!.. Ну, почти ни одной..."	"Lang.dat: Talk.Money.TransportLongDistance6. Preserve every <tag> exactly. English reference: Screw you! I might not be great at fighting, but I know how to lose a tail! No vile pirate has ever been able to catch me and shake me down! Well, except maybe one..."	"Talk"	""
"/Talk/Money/TransportLongDistance7"	"Еще не догнал, а уже денег требует! Не доводи до греха, пират, ведь я сейчас как подлечу поближе, как задам тебе взбучку - сам деньги будешь готов заплатить, лишь бы отвязаться!.."	"Lang.dat: Talk.Money.TransportLongDistance7. Preserve every <tag> exactly. English reference: The same one who's demanding dough without even trying to catch me! Don't push your luck, pirate. You just might provoke me to shift my attention to you. And if that happens, it's you who'll be paying me off!"	"Talk"	""
"/Talk/Money/TransportLongDistance8"	"Я законопослушный бизнесмен, и не намерен отдавать свои деньги всяким подозрительным типам, особенно когда они так далеко от меня, что все равно не представляют никакой угрозы..."	"Lang.dat: Talk.Money.TransportLongDistance8. Preserve every <tag> exactly. English reference: I am a law-abiding businessman, and I don't intend to part with my funds to some dubious characters, especially when they're so far away they don't even pose a threat..."	"Talk"	""
"/Talk/Money/TransportNo"	"Я не вижу оснований для выполнения столь занятной просьбы."	"Lang.dat: Talk.Money.TransportNo. Preserve every <tag> exactly. English reference: Your demands are cute, but frankly, I don't see any reason to comply with them."	"Talk"	""
"/Talk/Money/TransportNo1"	"Опять террористы в нашем секторе! И куда только смотрит полиция?! Не буду я тебе платить, ублюдок."	"Lang.dat: Talk.Money.TransportNo1. Preserve every <tag> exactly. English reference: Terrorists are back in our sector! Where's the police when you need them?! I'm not going to pay you anything, you douche."	"Talk"	""
"/Talk/Money/TransportNo2"	"Да я скорее удавлюсь, чем поделюсь с тобой своими деньгами, урод! Хотя нет, лучше я тебя удавлю. Вот только попробуй ко мне сунуться!"	"Lang.dat: Talk.Money.TransportNo2. Preserve every <tag> exactly. English reference: I will sooner choke on this money than share it with you, pirate scum! Check that, I will sooner choke you! Just you try to pick a fight with me!"	"Talk"	""
"/Talk/Money/TransportNo3"	"Мне мои деньги самому нужны, и я не собираюсь ни с кем ими делиться. Что ты там говоришь? Никто не собирается, но все делятся?.. Слушай, недоносок, у меня и отец, и дед, и прадед были военными пилотами! Я тебе сейчас такое устрою! Не смотри, что у меня транспортное корыто, я и из него в бою могу выжать больше, чем десяток таких, как ты, из своих кораблей! Впрочем, я не обидчивый, поэтому, так уж и быть, готов тебя отпустить - но только если ты сразу покинешь эту звездную систему..."	"Lang.dat: Talk.Money.TransportNo3. Preserve every <tag> exactly. English reference: I could use this money myself, and I don't intend to just give it away. What's that? Nobody intends to, but folks still do it? Listen up, numskull, my daddy and my granddaddy were both combat pilots! Get ready for a proper ass whooping! Pay no mind to the fact that my ship is a transport vessel; it can still squeeze out enough firepower to take down a dozen suckers like you! But listen, I'm not one to carry a grudge. I'm willing to let you off the hook this time, provided you leave this star system immediately..."	"Talk"	""
"/Talk/Money/TransportNo4"	"Заруби себе на носу, грязный пират, я свои деньги тяжким трудом зарабатываю не для того, чтобы раздавать их потом всяким межпланетным вымогателям! Ни копейки тебе не дам!"	"Lang.dat: Talk.Money.TransportNo4. Preserve every <tag> exactly. English reference: Get it through your thick pirate skull that I work hard for my money -- too hard to be giving it away to all manner of interplanetary extortionists! You won't get a single cred from me!"	"Talk"	""
"/Talk/Money/TransportNo5"	"Сынок, я за свои кровные любому пирату горло перегрызть готов. Так что если хочешь денег - ищи их в другом месте."	"Lang.dat: Talk.Money.TransportNo5. Preserve every <tag> exactly. English reference: Son, I'm willing to cut any pirate's throat for my hard-earned wages. So if you're looking for an easy score, you had best look elsewhere."	"Talk"	""
"/Talk/Money/TransportNo6"	"Нет, вы только посмотрите на него! Денег моих ему захотелось! Да я тебя, пиратская морда, сейчас так отделаю - собутыльники не узнают!.."	"Lang.dat: Talk.Money.TransportNo6. Preserve every <tag> exactly. English reference: Would you look at this clown! He wants me to give up my money! Your stupid pirate mug is about to get polished real nice!"	"Talk"	""
"/Talk/Money/TransportNo7"	"Я эти деньги заработал честным трудом, подонок. Поэтому тебе тоже придется потрудиться, чтобы их отнять!"	"Lang.dat: Talk.Money.TransportNo7. Preserve every <tag> exactly. English reference: Listen here, scumbag, I've earned this money with honest and hard labor. You'll need to work just as hard to take it from me!"	"Talk"	""
"/Talk/Money/TransportNo8"	"Я долго терпел убытки от таких, как ты, но всякому терпению приходит конец. Никому больше не дам своих денег!"	"Lang.dat: Talk.Money.TransportNo8. Preserve every <tag> exactly. English reference: Long have I endured parasites like you, but my patience is wearing thin. Never again will I give away my own money!"	"Talk"	""
"/Talk/Money/TransportOk"	"Я скопил эти деньги с огромным трудом, но за проезд, конечно, надо платить."	"Lang.dat: Talk.Money.TransportOk. Preserve every <tag> exactly. English reference: I've been saving this money with great diligence, but a passage fee sounds fair."	"Talk"	""
"/Talk/Money/TransportOk1"	"Я честный бизнесмен, и готов заплатить за свою безопасность. Теперь ты обязан меня охранять!"	"Lang.dat: Talk.Money.TransportOk1. Preserve every <tag> exactly. English reference: I am an honest businessman who's quite willing to pay for his security. But now it's on you to keep me safe!"	"Talk"	""
"/Talk/Money/TransportOk2"	"Повезло тебе, гнида, что у меня в трюме грузы скоропортящиеся, а то я бы непременно задержался и задал тебе хорошую взбучку! Вот, держи свои деньги, и пропусти меня скорее."	"Lang.dat: Talk.Money.TransportOk2. Preserve every <tag> exactly. English reference: Count your lucky stars that my cargo bay is full of goods. 'Cause if it wasn't, I'd make it a point to linger and give you a proper beating, you scum! Now take your wretched money and let me be on my way."	"Talk"	""
"/Talk/Money/TransportOk3"	"Прошу пощады! Я всего лишь мирный грузовой корабль, и у меня продукция на борту во время боя подвергается опасности! Вот деньги, только отпусти меня!"	"Lang.dat: Talk.Money.TransportOk3. Preserve every <tag> exactly. English reference: Mercy! I am but a peaceful cargo vessel, transporting merchandise that can easily get damaged in combat. Take my money, but let me go!"	"Talk"	""
"/Talk/Money/TransportOk4"	"Хотел своим детям игрушки купить, да приходится эти деньги тебе отдавать, ненасытная пиратская морда! Ну что, счастлив теперь? Мне можно лететь дальше?"	"Lang.dat: Talk.Money.TransportOk4. Preserve every <tag> exactly. English reference: I was planning on buying toys for my kids with this money, but now I must give it to you, pirate scum! Are you happy now? Am I free to go now?"	"Talk"	""
"/Talk/Money/TransportOk5"	"Вот, я плачу тебе, только перестань меня преследовать!"	"Lang.dat: Talk.Money.TransportOk5. Preserve every <tag> exactly. English reference: I'll pay you, just stop chasing me!"	"Talk"	""
"/Talk/Money/TransportOk6"	"Подчиняюсь грубой силе. Вот деньги. Надоела мне ваша пиратская братия хуже горькой редьки!"	"Lang.dat: Talk.Money.TransportOk6. Preserve every <tag> exactly. English reference: I am forced to succumb to brute force. Here is your money. I've had it up to here with you pirates!"	"Talk"	""
"/Talk/Money/TransportOk7"	"Что ж, в бизнесе без непредвиденных затрат не обойтись. Вот деньги, только отпусти меня."	"Lang.dat: Talk.Money.TransportOk7. Preserve every <tag> exactly. English reference: But I suppose every business must bear unforeseen expenses. Take my money, but let me go."	"Talk"	""
"/Talk/Money/TransportOk8"	"Хорошо, я перевожу деньги, только не убивай!"	"Lang.dat: Talk.Money.TransportOk8. Preserve every <tag> exactly. English reference: Fine, I'm transferring the money, just don't kill me!"	"Talk"	""
"/Talk/Money/TransportSumIsVeryBig"	"Для меня это слишком большие деньги. Давайте сойдемся на меньшей сумме."	"Lang.dat: Talk.Money.TransportSumIsVeryBig. Preserve every <tag> exactly. English reference: That's too rich for my blood. Let's agree on a smaller sum?"	"Talk"	""
"/Talk/Money/TransportSumIsVeryBig1"	"Я скромный бизнесмен, не располагаю такой суммой. Предлагаю снизить ставки."	"Lang.dat: Talk.Money.TransportSumIsVeryBig1. Preserve every <tag> exactly. English reference: I am but a small business owner, I don't have that kind of money lying around. I propose you lower your demands."	"Talk"	""
"/Talk/Money/TransportSumIsVeryBig2"	"Я не могу позволить себе платить такие большие деньги каждому встречному пирату. Назови меньшую сумму."	"Lang.dat: Talk.Money.TransportSumIsVeryBig2. Preserve every <tag> exactly. English reference: I cannot afford to fork up so much cash to every pirate I meet. Name a smaller sum."	"Talk"	""
"/Talk/Money/TransportSumIsVeryBig3"	"Хочешь меня по миру пустить? Нет у меня для тебя таких денег! Попроси поменьше!"	"Lang.dat: Talk.Money.TransportSumIsVeryBig3. Preserve every <tag> exactly. English reference: Are you out to ruin me completely? I don't have that kind of money for you! Ask for less!"	"Talk"	""
"/Talk/Money/TransportSumIsVeryBig4"	"Мой бизнес сейчас переживает не лучший период. Я не в состоянии выплатить тебе деньги, которые ты требуешь. Может, удовольствуешься меньшей суммой?"	"Lang.dat: Talk.Money.TransportSumIsVeryBig4. Preserve every <tag> exactly. English reference: I'm going through a rough patch financially. I am unable to pay you the amount you demand. Can you make do with a smaller sum?"	"Talk"	""
"/Talk/Money/WarriorNo"	"Ты, видно, совсем сдвинулся умом, и за свой идиотизм можешь быть наказан!.. Все орудия к бою, приготовиться к нападению пирата."	"Lang.dat: Talk.Money.WarriorNo. Preserve every <tag> exactly. English reference: You must be out of your damn mind... Such idiocy cannot go unpunished! To arms, prepare to attack the pirate!"	"Talk"	""
"/Talk/Money/WarriorNo1"	"Ты вообще понимаешь, что только что сказал? Ты говоришь с блюстителем закона! Хочешь рано умереть?"	"Lang.dat: Talk.Money.WarriorNo1. Preserve every <tag> exactly. English reference: Do you even realize what you just said? You're talking to an officer of the law! Do you have a death wish?"	"Talk"	""
"/Talk/Money/WarriorNo2"	"Протри глаза, пират, ты у кого деньги требуешь?! Я ведь тебя, змея подколодная, сейчас таким морским узлом завяжу - до конца жизни лечиться будешь!"	"Lang.dat: Talk.Money.WarriorNo2. Preserve every <tag> exactly. English reference: Open your eyes, pirate, who are you trying to shake down?! You dirty little snake! I'm about to wring your neck into a sailor's knot that will take decades to untie!"	"Talk"	""
"/Talk/Money/WarriorNo3"	"Соображай, перед кем выделываешься, ублюдок! Тебя как - сразу убить или сначала права зачитать?.."	"Lang.dat: Talk.Money.WarriorNo3. Preserve every <tag> exactly. English reference: Get your head out of your ass! Do you want me to read you your rights before or after I kill you?"	"Talk"	""
"/Talk/Money/WarriorNo4"	"Ну, пират, ты нарвался. Я таких, как ты, убивал, убиваю и буду убивать! Космос должен быть очищен от недоносков, мешающих жить честным людям! Здесь тебе не планета, у нас тут в космосе суд короткий!.."	"Lang.dat: Talk.Money.WarriorNo4. Preserve every <tag> exactly. English reference: Well, pirate, this ain't your lucky day. I've killed many of your ilk, and I'm not about to stop now! The Galaxy must be rid of degenerates like you, leeching off honest folk! In space, I am the judge, jury, and executioner, and no one will hear you scream!"	"Talk"	""
"/Talk/Money/WarriorNo5"	"Слушай, недоумок, я что, так сильно похож на беззащитное пассажирское судно или транспортник?.. Ты хоть представляешь себе, какие мелкие щепки от тебя останутся, если я рассержусь?! А я уже начинаю сердиться..."	"Lang.dat: Talk.Money.WarriorNo5. Preserve every <tag> exactly. English reference: Were you really stupid enough to mistake me for a defenseless passenger or transport vessel? Do you even realize what will happen to you if you get me angry?! Think very carefully about what you're going to say next..."	"Talk"	""
"/Talk/Money/WeAlreadyHavePact"	"Мы уже договорились жить в мире, так чего тебе еще надо? Нарушать мирные договоры - не самое хорошее занятие..."	"Lang.dat: Talk.Money.WeAlreadyHavePact. Preserve every <tag> exactly. English reference: We've already agreed to live in peace, so what else do you want? Violating a truce is a bad idea..."	"Talk"	""
"/Talk/Money/WeAlreadyHavePact1/0"	"Я что-то не понял..."	"Lang.dat: Talk.Money.WeAlreadyHavePact1.0. Preserve every <tag> exactly. English reference: I don't understand..."	"Talk"	""
"/Talk/Money/WeAlreadyHavePact1/1"	"Мы же заключили перемирие! А теперь ты снова лезешь ко мне со своими вымогательствами!"	"Lang.dat: Talk.Money.WeAlreadyHavePact1.1. Preserve every <tag> exactly. English reference: I thought we declared a truce! But here you are again, trying to shake me down!"	"Talk"	""
"/Talk/Partner/AlreadyHavePartner"	"Извини, но мой партнер рейнджер <Partner>."	"Lang.dat: Talk.Partner.AlreadyHavePartner. Preserve every <tag> exactly. English reference: Sorry, but I already have a partner in ranger <Partner>."	"Talk"	""
"/Talk/Partner/AlreadyHavePartner1"	"Ты опоздал, приятель, меня уже нанял рейнджер <Partner>."	"Lang.dat: Talk.Partner.AlreadyHavePartner1. Preserve every <tag> exactly. English reference: You are late, buddy, I've already been hired by ranger <Partner>."	"Talk"	""
"/Talk/Partner/AnswerLiderBreak"	"Я заплатил тебе, а ты нарушил наш договор. Надо бы тебя проучить!"	"Lang.dat: Talk.Partner.AnswerLiderBreak. Preserve every <tag> exactly. English reference: I paid you, and you went right out and broke our agreement. You could use a lesson here."	"Talk"	""
"/Talk/Partner/AnswerLiderRiot"	"Да ты здесь особо и не нужен. Только проблемы создаешь!"	"Lang.dat: Talk.Partner.AnswerLiderRiot. Preserve every <tag> exactly. English reference: It's not like we really need you here. You are more trouble than you are worth."	"Talk"	""
"/Talk/Partner/AnswerLiderTheEnd"	"Эх, жаль, ты не раз меня выручал в трудную минуту. Сейчас посмотрю на свои финансы и, возможно, продлю наш контракт."	"Lang.dat: Talk.Partner.AnswerLiderTheEnd. Preserve every <tag> exactly. English reference: It's a pity indeed; you have saved my hide quite a few times. Let me check what my finances are, and then I may even renew your contract."	"Talk"	""
"/Talk/Partner/AnswerLiderTheEnd1"	"Да, жаль терять такого лихого парня, как ты. Сейчас прикину, сколько у меня денег, и составим новый контракт."	"Lang.dat: Talk.Partner.AnswerLiderTheEnd1. Preserve every <tag> exactly. English reference: Yes, it would be a disgrace to lose such a tough guy as yourself. Let me just see what the money story is, and we'll write a new contract."	"Talk"	""
"/Talk/Partner/AnswerLiderTheEndLowLeadership"	"Очень жаль. Ну тогда бывай, удачи тебе."	"Lang.dat: Talk.Partner.AnswerLiderTheEndLowLeadership. Preserve every <tag> exactly. English reference: That's too bad. Well, peace out. Good luck to you."	"Talk"	""
"/Talk/Partner/AnswerLiderTheEndLowLeadership1"	"Эх, а я как раз хотел повоевать с тобой крылом к крылу, напарник. Ну ладно, тогда в следующий раз."	"Lang.dat: Talk.Partner.AnswerLiderTheEndLowLeadership1. Preserve every <tag> exactly. English reference: Oh well. I wanted to battle with you at my wing, partner. Anyway, until next time."	"Talk"	""
"/Talk/Partner/ComputerAgreeFlyToMe"	"Слушаюсь, босс! Я буду следовать за тобой, куда бы ты ни направился."	"Lang.dat: Talk.Partner.ComputerAgreeFlyToMe. Preserve every <tag> exactly. English reference: Got it, boss! I will follow you wherever you go."	"Talk"	""
"/Talk/Partner/ComputerAgreeFlyToStar/0"	"Слушаюсь, командир. Держу курс на систему <Star>."	"Lang.dat: Talk.Partner.ComputerAgreeFlyToStar.0. Preserve every <tag> exactly. English reference: You got it, chief. Heading towards the <Star> system."	"Talk"	""
"/Talk/Partner/ComputerAgreeFlyToStar/1"	"Прошу сообщить мне заранее, если наши планы изменятся."	"Lang.dat: Talk.Partner.ComputerAgreeFlyToStar.1. Preserve every <tag> exactly. English reference: Please let me know beforehand if your plans change."	"Talk"	""
"/Talk/Partner/ComputerAgreeLandingToObject/0"	"Слушаюсь, босс! Если я верно понял, мы совершаем посадку на <ObjectName>."	"Lang.dat: Talk.Partner.ComputerAgreeLandingToObject.0. Preserve every <tag> exactly. English reference: Got it, boss! If I understood you correctly, we are landing on <ObjectName>."	"Talk"	""
"/Talk/Partner/ComputerAgreeLandingToObject/1"	"Курс проложен, все системы работают нормально."	"Lang.dat: Talk.Partner.ComputerAgreeLandingToObject.1. Preserve every <tag> exactly. English reference: Course charted, all systems in the green."	"Talk"	""
"/Talk/Partner/ComputerDismissBad"	"Что? Я на него пашу как раб, а в ответ никакой благодарности! Сейчас я тебе покажу, кто тут кому надоел!"	"Lang.dat: Talk.Partner.ComputerDismissBad. Preserve every <tag> exactly. English reference: What? I slave away for him like there's no tomorrow, and what do I get in exchange? Not even a thank you! I am gonna show you now who is sick and tired of whom!"	"Talk"	""
"/Talk/Partner/ComputerDismissGood"	"Ну, ладно, <Player>, удачи тебе. Может еще увидимся."	"Lang.dat: Talk.Partner.ComputerDismissGood. Preserve every <tag> exactly. English reference: All right, <Player>, good luck to you! Maybe we'll see each other again."	"Talk"	""
"/Talk/Partner/ComputerDismissNo"	"Ну и шуточки у тебя, <Player>."	"Lang.dat: Talk.Partner.ComputerDismissNo. Preserve every <tag> exactly. English reference: You and your jokes, <Player>!"	"Talk"	""
"/Talk/Partner/ComputerDismissQuestion"	"В чем дело, <Player>? Разве я плохо тебе служу?"	"Lang.dat: Talk.Partner.ComputerDismissQuestion. Preserve every <tag> exactly. English reference: What gives, <Player>? Am I such a bad servant?"	"Talk"	""
"/Talk/Partner/ComputerDropCargoNo"	"Да нет у меня ничего лишнего в трюме. Если не веришь, просканируй меня!"	"Lang.dat: Talk.Partner.ComputerDropCargoNo. Preserve every <tag> exactly. English reference: But I don't have anything to spare down there in the cargo bay. Well, if you don't believe me, scan me."	"Talk"	""
"/Talk/Partner/ComputerDropCargoNo1"	"Босс! Я бы выкинул весь свой груз, но ничего нет. Лечу налегке. Слушаю твои указания."	"Lang.dat: Talk.Partner.ComputerDropCargoNo1. Preserve every <tag> exactly. English reference: Boss! I'd dump all the cargo, but I ain't got any. Traveling light, you know. Standing by for instructions."	"Talk"	""
"/Talk/Partner/ComputerDropCargoOk"	"Я, конечно, обязан подчиняться, и выкину груз, но это больше похоже на грабеж, чем на партнерские отношения."	"Lang.dat: Talk.Partner.ComputerDropCargoOk. Preserve every <tag> exactly. English reference: Well, I have to comply, of course, and I'll dump the cargo all right, but this isn't no partnership. Robbery on the high seas, that's what it is."	"Talk"	""
"/Talk/Partner/ComputerDropCargoOk1"	"Сейчас я избавлюсь от своего груза. Но замечу, что ты просто бессовестный тип, <Player>! Я служу тебе верой и правдой, а ты этим пользуешься."	"Lang.dat: Talk.Partner.ComputerDropCargoOk1. Preserve every <tag> exactly. English reference: Dumping my cargo in a minute. But let me tell you, you are one unscrupulous bastard, <Player>! I serve you hand and foot, and you are taking advantage of me."	"Talk"	""
"/Talk/Partner/ComputerDropCargoOk2"	"Хорошо, сейчас выкину груз. Но я не могу сказать, что мне нравится твоя идея."	"Lang.dat: Talk.Partner.ComputerDropCargoOk2. Preserve every <tag> exactly. English reference: All right, I am going to dump the cargo. But I can't say I like this idea of yours."	"Talk"	""
"/Talk/Partner/ComputerInFear"	"Я извиняюсь, босс, но в данное время я не могу рассматривать никакие предложения. Поговорим позже, в более мирной обстановке. Сейчас мне надо сматываться."	"Lang.dat: Talk.Partner.ComputerInFear. Preserve every <tag> exactly. English reference: I am sorry boss, but at the moment I cannot consider any proposals. I'll talk to you later, when the dust settles. What I need to do now is get out of here."	"Talk"	""
"/Talk/Partner/ComputerSayNo"	"За жалкие <Money> cr я не стану на тебя работать. Мне нужен нормальный контракт и хорошие условия работы."	"Lang.dat: Talk.Partner.ComputerSayNo. Preserve every <tag> exactly. English reference: I am not going to work for you for these miserable <Money> cr. I need a good contract and adequate work conditions."	"Talk"	""
"/Talk/Partner/ComputerSayOk"	"Ну, что ж, за <Money> cr я готов работать на тебя <Month> мес. Если считаешь это слишком маленьким сроком, то можешь удвоить сумму."	"Lang.dat: Talk.Partner.ComputerSayOk. Preserve every <tag> exactly. English reference: Well, for <Money> cr, I am all yours for <Month> months. If you don't think it's long enough, how about you double the amount?"	"Talk"	""
"/Talk/Partner/FinancesCheck"	"Как твое финансовое положение?"	"Lang.dat: Talk.Partner.FinancesCheck. Preserve every <tag> exactly. English reference: What is your financial situation?"	"Talk"	""
"/Talk/Partner/FinancesConfirmed"	"Ясно"	"Lang.dat: Talk.Partner.FinancesConfirmed. Preserve every <tag> exactly. English reference: Roger that."	"Talk"	""
"/Talk/Partner/FinancesGotGift"	"Спасибо, теперь на моем счету <Money> cr."	"Lang.dat: Talk.Partner.FinancesGotGift. Preserve every <tag> exactly. English reference: Thanks, now I have <Money> cr. on my account."	"Talk"	""
"/Talk/Partner/FinancesOfferGift"	"Дать денег напарнику"	"Lang.dat: Talk.Partner.FinancesOfferGift. Preserve every <tag> exactly. English reference: Give money to partner."	"Talk"	""
"/Talk/Partner/FinancesReport"	"<Player>, у меня на счету <Money> cr."	"Lang.dat: Talk.Partner.FinancesReport. Preserve every <tag> exactly. English reference: <Player>, I've got <Money> cr. on my account."	"Talk"	""
"/Talk/Partner/FinancesSendGift"	"Возьми <Money> cr."	"Lang.dat: Talk.Partner.FinancesSendGift. Preserve every <tag> exactly. English reference: Take <Money> cr."	"Talk"	""
"/Talk/Partner/FinancesWaitForGift"	"Итак, <Player>, сколько ты готов мне подкинуть?"	"Lang.dat: Talk.Partner.FinancesWaitForGift. Preserve every <tag> exactly. English reference: So, <Player>, how much money can you transfer to me?"	"Talk"	""
"/Talk/Partner/FlyToMe"	"Хватит дурака валять, лети за мной"	"Lang.dat: Talk.Partner.FlyToMe. Preserve every <tag> exactly. English reference: Stop beating around the bush and follow me!"	"Talk"	""
"/Talk/Partner/FlyToMe1"	"Немедленно следуй за мной"	"Lang.dat: Talk.Partner.FlyToMe1. Preserve every <tag> exactly. English reference: Follow me, immediately."	"Talk"	""
"/Talk/Partner/FlyToStar"	"Совершаем гиперпрыжок в систему <Star>"	"Lang.dat: Talk.Partner.FlyToStar. Preserve every <tag> exactly. English reference: We are making a hyperjump to the <Star> system."	"Talk"	""
"/Talk/Partner/ILeader"	"Я по своей природе лидер, и никогда не позволю, чтобы мной помыкали. Это другие пусть летают рядом со мной и учатся."	"Lang.dat: Talk.Partner.ILeader. Preserve every <tag> exactly. English reference: I am a natural born leader and would never, ever agree to anyone ordering me around. Let others fly side by side with you and learn."	"Talk"	""
"/Talk/Partner/Ileader1"	"Меня никто не нанимает, это я нанимаю других! Можешь летать рядом и учиться вести дела."	"Lang.dat: Talk.Partner.Ileader1. Preserve every <tag> exactly. English reference: No one hires me, it's me who does the hiring! You may fly by my side and learn to do business."	"Talk"	""
"/Talk/Partner/IsOrderForAll"	"Это приказ по группе или лично мне?"	"Lang.dat: Talk.Partner.IsOrderForAll. Preserve every <tag> exactly. English reference: Is it a group order or something for me personally?"	"Talk"	""
"/Talk/Partner/LandingToObject"	"Совершаем посадку на <ObjectName>"	"Lang.dat: Talk.Partner.LandingToObject. Preserve every <tag> exactly. English reference: We are landing on <ObjectName>"	"Talk"	""
"/Talk/Partner/MateBreak"	"Я был твоим партнером, но ты постоянно совершаешь действия, противоречащие моим принципам. Поэтому я отказываюсь от партнерства."	"Lang.dat: Talk.Partner.MateBreak. Preserve every <tag> exactly. English reference: I used to be your partner but you always act against my principles. For that reason, I do not want to be your partner anymore."	"Talk"	""
"/Talk/Partner/MateBreak1"	"Мне совсем не нравится быть твоим партнером. Ты не такой, каким показался мне вначале. Прощай."	"Lang.dat: Talk.Partner.MateBreak1. Preserve every <tag> exactly. English reference: I do not like being your partner at all. You are not at all like you first seemed to be. Goodbye!"	"Talk"	""
"/Talk/Partner/MateRiot"	"Всё, с меня хватит! Больше я не намерен терпеть издевательства над собой. Наведи сначала порядок у себя в команде, а потом может быть и поговорим о партнерстве."	"Lang.dat: Talk.Partner.MateRiot. Preserve every <tag> exactly. English reference: That's it, I've had it! I am not going to put up with any more abuse. First put your own team in order, and then, just maybe, we can talk about a partnership."	"Talk"	""
"/Talk/Partner/MateTheEnd"	"Дружище, срок нашего контракта закончился, и теперь я волен делать все, что захочу."	"Lang.dat: Talk.Partner.MateTheEnd. Preserve every <tag> exactly. English reference: My friend, our contract has expired and now I am free to do as I please."	"Talk"	""
"/Talk/Partner/MateTheEnd1"	"Если ты забыл, срок контракта подошел к концу. Я честно выполнил свои обязательства."	"Lang.dat: Talk.Partner.MateTheEnd1. Preserve every <tag> exactly. English reference: In case you forgot, our contract has expired. I did my part in good faith."	"Talk"	""
"/Talk/Partner/MateTheEndLowLeadership"	"<Player>, я вынужден досрочно разорвать с тобой контракт. В нем четко прописана строка о том, что работодатель не имеет права обманывать работника - и что я вижу сейчас? Твои навыки лидерства оказывается далеко не так хороши, как мне казалось ранее. Развивайся, ходи на тренинги, познавай жизнь во всем ее многообразии и тогда, может быть, мы еще поработаем вместе."	"Lang.dat: Talk.Partner.MateTheEndLowLeadership. Preserve every <tag> exactly. English reference: <Player>, I have to terminate our contract prematurely. There's a clause in it that clearly states that the employer may not deceive the employee - and what's this I'm seeing? Your leadership skills are far from good as I previously believed. Look into self-development, get some training, broaden your views on life, and then you might be able to work together again."	"Talk"	""
"/Talk/Partner/MateTheEndLowLeadership1"	"Ты больше не можешь позволить себе иметь в подчинении такого крутого рейнджера, как я, <Player>. Поэтому я досрочно разрываю с тобой контракт. Без обид, это просто бизнес. Когда ты станешь настоящим лидером - я с удовольствием поработаю на тебя снова."	"Lang.dat: Talk.Partner.MateTheEndLowLeadership1. Preserve every <tag> exactly. English reference: <Player>, you can't let yourself have a hardcore ranger like me be subordinate to you any longer. So I'm prematurely terminating our contract. Nothing personal, it's just business. When you become a real leader, I'll be happy to work for you again."	"Talk"	""
"/Talk/Partner/NeedLeadership/0"	"Ты не похож на лидера, <Ranger>. Морда лица у тебя слишком простая."	"Lang.dat: Talk.Partner.NeedLeadership.0. Preserve every <tag> exactly. English reference: You don't look like a leader, <Ranger>. Your mug is too plain."	"Talk"	""
"/Talk/Partner/NeedLeadership/1"	"Советую тебе, <Ranger>, развить в начале навык лидерства, а то пока тебе просто бессмысленно заниматься поиском партнеров."	"Lang.dat: Talk.Partner.NeedLeadership.1. Preserve every <tag> exactly. English reference: If I were you, <Ranger>, I'd concentrate on honing my leadership skills first. Until you do that, it makes little sense to look for partners."	"Talk"	""
"/Talk/Partner/NeedLeadership1"	"Эй, ты, деревня, да у тебя есть хоть какие-то навыки лидерства? А, <Ranger>? Я буду служить только под началом великого рейнджера!"	"Lang.dat: Talk.Partner.NeedLeadership1. Preserve every <tag> exactly. English reference: Hey, you redneck, don't you have any leadership skills at all? Well, <Ranger>? I would only serve under a really great ranger."	"Talk"	""
"/Talk/Partner/Ok/0"	"О'кей, я буду служить тебе <Month> мес. Обязуюсь всегда быть рядом и приходить на помощь в минуты опасности."	"Lang.dat: Talk.Partner.Ok.0. Preserve every <tag> exactly. English reference: OK, I'll serve you for <Month> months. I hereby undertake to always be nearby and help you when you are in danger."	"Talk"	""
"/Talk/Partner/Ok/1"	"Только свистни, и мои крутые стволы в твоем распоряжении, <Ranger>."	"Lang.dat: Talk.Partner.Ok.1. Preserve every <tag> exactly. English reference: Just holler, <Ranger>, and my big guns will be at your disposal."	"Talk"	""
"/Talk/Partner/Ok1/0"	"По рукам. Мой корабль в твоем распоряжении на <Month> мес."	"Lang.dat: Talk.Partner.Ok1.0. Preserve every <tag> exactly. English reference: Deal. My ship is at your disposal for <Month> months."	"Talk"	""
"/Talk/Partner/Ok1/1"	"Я буду душой и телом с тобой, <Ranger>, в минуты горя и радости, пока смерть не разлучит нас. Ну, или пока не пройдет указанный в контракте срок."	"Lang.dat: Talk.Partner.Ok1.1. Preserve every <tag> exactly. English reference: I'll be with you heart and soul, <Ranger>, through thick and thin, till death do us part. Or at least until the contract expires."	"Talk"	""
"/Talk/Partner/OrderForAll"	"Это приказ всем! С каждым отдельно я общаться не намерен."	"Lang.dat: Talk.Partner.OrderForAll. Preserve every <tag> exactly. English reference: This is a general order! I am not going to communicate with each of you separately."	"Talk"	""
"/Talk/Partner/OrderForYou"	"Тебе, персонально. Конец связи."	"Lang.dat: Talk.Partner.OrderForYou. Preserve every <tag> exactly. English reference: You, personally. Over and out."	"Talk"	""
"/Talk/Partner/PlayerDismissBad"	"Надоел ты мне своими выходками, видеть тебя не могу."	"Lang.dat: Talk.Partner.PlayerDismissBad. Preserve every <tag> exactly. English reference: I am sick and tired of your shenanigans! I can't stand you anymore!"	"Talk"	""
"/Talk/Partner/PlayerDismissGood"	"Ты хороший партнер, но со мной тебе оставаться будет опасно."	"Lang.dat: Talk.Partner.PlayerDismissGood. Preserve every <tag> exactly. English reference: You are a good partner, but it would be dangerous for you to stay with me."	"Talk"	""
"/Talk/Partner/PlayerDismissNo"	"Ха-ха! Я пошутил!"	"Lang.dat: Talk.Partner.PlayerDismissNo. Preserve every <tag> exactly. English reference: Ha-ha! That was a joke!"	"Talk"	""
"/Talk/Partner/PlayerDismissSend"	"Пора нам с тобой расстаться"	"Lang.dat: Talk.Partner.PlayerDismissSend. Preserve every <tag> exactly. English reference: It's time for us to go our separate ways."	"Talk"	""
"/Talk/Partner/PlayerLess"	"Установить сумму в 2 раза меньше"	"Lang.dat: Talk.Partner.PlayerLess. Preserve every <tag> exactly. English reference: Cut the amount in half"	"Talk"	""
"/Talk/Partner/PlayerMore"	"Удвоить сумму"	"Lang.dat: Talk.Partner.PlayerMore. Preserve every <tag> exactly. English reference: Double the amount"	"Talk"	""
"/Talk/Partner/PlayerOk"	"Договорились"	"Lang.dat: Talk.Partner.PlayerOk. Preserve every <tag> exactly. English reference: Deal."	"Talk"	""
"/Talk/Partner/PlayerSend"	"Иди под мое командование, <Ranger>"	"Lang.dat: Talk.Partner.PlayerSend. Preserve every <tag> exactly. English reference: Come under my command, <Ranger>"	"Talk"	""
"/Talk/Partner/PlayerSendDropCargo"	"Мы летим налегке. Тебе пора избавиться от лишнего груза."	"Lang.dat: Talk.Partner.PlayerSendDropCargo. Preserve every <tag> exactly. English reference: We are flying light. It's time for you to dump the excessive cargo."	"Talk"	""
"/Talk/Partner/PlayerSendDropCargo1"	"Дружище, давай выкидывай лишний груз. Я помогу тебе с перевозкой."	"Lang.dat: Talk.Partner.PlayerSendDropCargo1. Preserve every <tag> exactly. English reference: Come on, buddy, you gotta dump all that extra stuff. I'll help you move it along."	"Talk"	""
"/Talk/Partner/Send"	"Я готов выложить <Money> cr за то, чтобы ты стал моим партнером"	"Lang.dat: Talk.Partner.Send. Preserve every <tag> exactly. English reference: I am prepared to pay you <Money> cr to be my partner."	"Talk"	""
"/Talk/Partner/Send1"	"Плачу <Money> cr, и ты идешь на меня работать"	"Lang.dat: Talk.Partner.Send1. Preserve every <tag> exactly. English reference: I'll pay you <Money> cr, and you can come work for me."	"Talk"	""
"/Talk/Partner/SmallMoney"	"Я отказываюсь. Мои услуги и время стоят гораздо больше..."	"Lang.dat: Talk.Partner.SmallMoney. Preserve every <tag> exactly. English reference: I refuse. My time and effort costs much more than that."	"Talk"	""
"/Talk/Partner/SmallMoney1"	"Что? Ты хочешь купить меня за эти жалкие копейки?"	"Lang.dat: Talk.Partner.SmallMoney1. Preserve every <tag> exactly. English reference: What? You want to buy me for peanuts?"	"Talk"	""
"/Talk/Partner/SmallMoney2"	"Нет, я не буду работать за такие гроши!"	"Lang.dat: Talk.Partner.SmallMoney2. Preserve every <tag> exactly. English reference: No, I won't work for a pittance!"	"Talk"	""
"/Talk/Partner/Suspect"	"Я тебе не настолько доверяю, чтобы рассматривать предложение о партнерстве."	"Lang.dat: Talk.Partner.Suspect. Preserve every <tag> exactly. English reference: I don't trust you enough to consider you for a partner."	"Talk"	""
"/Talk/Partner/Suspect1"	"Ты слишком подозрительный тип. Не буду на тебя работать."	"Lang.dat: Talk.Partner.Suspect1. Preserve every <tag> exactly. English reference: You are such a suspicious character. I will not work for you."	"Talk"	""
"/Talk/Partner/YouNeedInMoreRank"	"Извини, <Ranger>, но мое звание повыше твоего будет. Поэтому я не стану служить под твоим началом. Ты давно получал новые лычки на военной базе?"	"Lang.dat: Talk.Partner.YouNeedInMoreRank. Preserve every <tag> exactly. English reference: Sorry, <Ranger>, but I hold a higher rank than you. So I won't serve under you. When was the last time you got any additional stripes at your base?"	"Talk"	""
"/Talk/Pirate/AlreadyHavePartner"	"Не, братан, сегодня не твой день, у меня уже есть компания. Так что, на следующей неделе заглядывай, а лучше - через год."	"Lang.dat: Talk.Pirate.AlreadyHavePartner. Preserve every <tag> exactly. English reference: Nah, dawg, it ain't your day today. I already have company. So why don't you stop by next week, or better yet in a year?"	"Talk"	""
"/Talk/Pirate/AnswerLiderBreak"	"Братан, что за дела? Я тебе башлял по полной, а ты меня кидаешь? Так не делается, вали-ка отсюда подобру-поздорову!"	"Lang.dat: Talk.Pirate.AnswerLiderBreak. Preserve every <tag> exactly. English reference: What's all that about, homey? I am paying you through the nose, and you leave me hanging? That's not how you do business! Why don't you make yourself scarce, huh? For you own damn good, that is."	"Talk"	""
"/Talk/Pirate/AnswerLiderRiot"	"Нам здесь такие слабаки как ты не нужны. Можешь быть свободен!"	"Lang.dat: Talk.Pirate.AnswerLiderRiot. Preserve every <tag> exactly. English reference: We have no use for sissies like you here. Beat it!"	"Talk"	""
"/Talk/Pirate/AnswerLiderTheEnd"	"Сейчас покумекаю, возможно, с таким парнем, как ты, не стоит расставаться!"	"Lang.dat: Talk.Pirate.AnswerLiderTheEnd. Preserve every <tag> exactly. English reference: All right, let me think for a second. Maybe we shouldn't part company with a guy like you after all."	"Talk"	""
"/Talk/Pirate/AnswerLiderTheEnd1"	"Ну, что ж, я за свой базар отвечаю. Удачи, братан, может, еще свидимся!"	"Lang.dat: Talk.Pirate.AnswerLiderTheEnd1. Preserve every <tag> exactly. English reference: Well, see for yourself. I stand by my word. Good luck then, bro. Maybe we'll see each other again."	"Talk"	""
"/Talk/Pirate/AnswerLiderTheEndLowLeadership"	"Эй, что за кидалово? Вот отстой, а я только хотел ограбить парочку лайнеров..."	"Lang.dat: Talk.Pirate.AnswerLiderTheEndLowLeadership. Preserve every <tag> exactly. English reference: What kind of scam is this? Crap! I just wanted to rob a couple of liners..."	"Talk"	""
"/Talk/Pirate/AnswerLiderTheEndLowLeadership1"	"Ну и катись, найду себе напарника еще круче тебя. Надеюсь."	"Lang.dat: Talk.Pirate.AnswerLiderTheEndLowLeadership1. Preserve every <tag> exactly. English reference: Scram. I'm going to find a partner whose tougher than you. I hope."	"Talk"	""
"/Talk/Pirate/Attack"	"Нужно атаковать корабль"	"Lang.dat: Talk.Pirate.Attack. Preserve every <tag> exactly. English reference: There's a ship we need to attack."	"Talk"	""
"/Talk/Pirate/AttackList"	"Хорошо, босс. Кого я должен атаковать?"	"Lang.dat: Talk.Pirate.AttackList. Preserve every <tag> exactly. English reference: Got it, boss. Who do you need me to attack?"	"Talk"	""
"/Talk/Pirate/AttackShipOk"	"Хорошо, босс. Я атакую <ShipName>"	"Lang.dat: Talk.Pirate.AttackShipOk. Preserve every <tag> exactly. English reference: Got it, boss. Attacking <ShipName>"	"Talk"	""
"/Talk/Pirate/Back"	"Назад"	"Lang.dat: Talk.Pirate.Back. Preserve every <tag> exactly. English reference: Back"	"Talk"	""
"/Talk/Pirate/ComputerAgreeFlyToMe"	"Понял, шеф! Куда ты - туда и я. Работа - прежде всего!"	"Lang.dat: Talk.Pirate.ComputerAgreeFlyToMe. Preserve every <tag> exactly. English reference: Got it, chief. Wherever you go, I go. The job comes first."	"Talk"	""
"/Talk/Pirate/ComputerAgreeFlyToMe1"	"Да, братан! Уже у тебя на хвосте!"	"Lang.dat: Talk.Pirate.ComputerAgreeFlyToMe1. Preserve every <tag> exactly. English reference: Sure thing, bro. I am right behind ya!"	"Talk"	""
"/Talk/Pirate/ComputerAgreeFlyToMe2"	"Спокуха, брателло, щас я в момент тебя догоню."	"Lang.dat: Talk.Pirate.ComputerAgreeFlyToMe2. Preserve every <tag> exactly. English reference: Take it easy, paesan. Catch up with you in a moment."	"Talk"	""
"/Talk/Pirate/ComputerAgreeFlyToMe3"	"Слушаюсь, начальник! Пацаны своих не бросают!"	"Lang.dat: Talk.Pirate.ComputerAgreeFlyToMe3. Preserve every <tag> exactly. English reference: Aye aye! No bro left behind!"	"Talk"	""
"/Talk/Pirate/ComputerAgreeFlyToMe4"	"Не боись, шеф. Моргнуть не успеешь, как увидишь мою рожу в иллюминаторе!"	"Lang.dat: Talk.Pirate.ComputerAgreeFlyToMe4. Preserve every <tag> exactly. English reference: Relax, boss. You'll see my mug in the porthole before you can say Jack frigging Robinson."	"Talk"	""
"/Talk/Pirate/ComputerAgreeFlyToStar"	"Ну, чавой, согласен, братан! Раньше сядем - раньше выйдем. Та не смущайся ты так, это старинная пиратская пословица... Поехали!"	"Lang.dat: Talk.Pirate.ComputerAgreeFlyToStar. Preserve every <tag> exactly. English reference: Alrighty then, bro! First in, first out. Hey, take it easy, it's just an old pirate saying, is all. Off we go!"	"Talk"	""
"/Talk/Pirate/ComputerAgreeFlyToStar1"	"Конечно, братан! Щас мы ка-а-ак прыгнем!"	"Lang.dat: Talk.Pirate.ComputerAgreeFlyToStar1. Preserve every <tag> exactly. English reference: Why, certainly! Here we come a-jumping!"	"Talk"	""
"/Talk/Pirate/ComputerAgreeFlyToStar2"	"Да без проблем, шеф! Прибуду в лучшем виде!"	"Lang.dat: Talk.Pirate.ComputerAgreeFlyToStar2. Preserve every <tag> exactly. English reference: Sure thing, chief. Be there before you know it."	"Talk"	""
"/Talk/Pirate/ComputerAgreeFlyToStar3"	"А мне кореша говорили, что эти прыжки плохо на здоровье влияют... Но, шеф, раз ты сказал что надо, значит так и будет!"	"Lang.dat: Talk.Pirate.ComputerAgreeFlyToStar3. Preserve every <tag> exactly. English reference: Well, my buddies told me these jumps aren't really good for you. But hey, chief, if you say so, then that's what it's going to be!"	"Talk"	""
"/Talk/Pirate/ComputerAgreeLandingToObject"	"Всегда рад выслушать ценную мыслю! Хорошо бы, если она оказалась ОСОБО ценной и недоступной для посторонних ушей и карманов. Приступаю к маневру."	"Lang.dat: Talk.Pirate.ComputerAgreeLandingToObject. Preserve every <tag> exactly. English reference: Now you are talking! I am always open for great ideas. Now, if only it were a REAL good one, and we could keep all those greedy buggers out of it. Commencing the maneuver."	"Talk"	""
"/Talk/Pirate/ComputerAgreeLandingToObject1"	"Ага, шеф, разговорчики - это по мне. Сейчас сядем и все обсудим."	"Lang.dat: Talk.Pirate.ComputerAgreeLandingToObject1. Preserve every <tag> exactly. English reference: Yes, chief, ain't no bad time for shooting some breeze. Let's sit down then and talk it all over."	"Talk"	""
"/Talk/Pirate/ComputerAgreeLandingToObject2"	"Точняк, шеф, самое время обмозговать ситуацию! Приступаю к посадке."	"Lang.dat: Talk.Pirate.ComputerAgreeLandingToObject2. Preserve every <tag> exactly. English reference: Right on, chief. Time to put our thinking caps on! Commencing the landing sequence."	"Talk"	""
"/Talk/Pirate/ComputerAgreeLandingToObject3"	"Прально, думать надо по расписанию! После посадки как раз время будет."	"Lang.dat: Talk.Pirate.ComputerAgreeLandingToObject3. Preserve every <tag> exactly. English reference: Yep, thinking is only good when done on schedule. We'll have plenty of time for that once we land."	"Talk"	""
"/Talk/Pirate/ComputerDisagreeFlyToStar"	"Ну ты деревня! Ты шо, в натуре, не знаешь, шо ежели тебе доминатор башку продырявит, то после этого ты себя так хреново чувствовать будешь, шо никаких радостей от жизни не понадобится уж?"	"Lang.dat: Talk.Pirate.ComputerDisagreeFlyToStar. Preserve every <tag> exactly. English reference: Are you stupid or something? Don't you know that once a dominator blows your brains out you'll be, like, goodbye my love goodbye? Feeling like total shit, all alone and sad?"	"Talk"	""
"/Talk/Pirate/ComputerDisagreeFlyToStar1"	"Слышишь, брат, ты туды не ходы, ты другая сторона ходы. А то доминатор в башка попадот, савсэм мертвый будэшь! А если невтерпеж, то без меня туды лэзь!"	"Lang.dat: Talk.Pirate.ComputerDisagreeFlyToStar1. Preserve every <tag> exactly. English reference: Hey, bro, don't you go that way, go the other way. Or a dominator will pick you off as if you had a bull's eye painted on your chest. And if you are in such a hurry, suit yourself but count me out."	"Talk"	""
"/Talk/Pirate/ComputerDisagreeFlyToStar2"	"Шеф, так дела не делаются! Про войну базара не было, так что, катись туда один!"	"Lang.dat: Talk.Pirate.ComputerDisagreeFlyToStar2. Preserve every <tag> exactly. English reference: No, chief, that's not how you do it. No one said anything about going to war, so why don't you get going - all by your lonely self?"	"Talk"	""
"/Talk/Pirate/ComputerDisagreeFlyToStar3"	"Я че, вояка что ли? Я к тебе не в герои нанимался, а в сообщники! Иди домиков сам отстреливай!"	"Lang.dat: Talk.Pirate.ComputerDisagreeFlyToStar3. Preserve every <tag> exactly. English reference: Oh, yeah, like I am a soldier boy or something. I thought we were going to do us some business. I never signed up for any of that hero stuff. If you want to shoot you some domers, shoot your own."	"Talk"	""
"/Talk/Pirate/ComputerDisagreeLandingToObject"	"Не, шеф, меня ж там в тюрягу упекут!"	"Lang.dat: Talk.Pirate.ComputerDisagreeLandingToObject. Preserve every <tag> exactly. English reference: Come on chief, they'll lock me up good there."	"Talk"	""
"/Talk/Pirate/ComputerDisagreeLandingToObject1"	"Не, братан, я еще погулять хочу! Посодют они меня!"	"Lang.dat: Talk.Pirate.ComputerDisagreeLandingToObject1. Preserve every <tag> exactly. English reference: No, thank you, I ain't ready for the slammer yet! They'll lock me up good, I am telling you."	"Talk"	""
"/Talk/Pirate/ComputerDisagreeLandingToObject2"	"Начальник, ты давно места не столь отдаленные посещал? Вот и я не планирую."	"Lang.dat: Talk.Pirate.ComputerDisagreeLandingToObject2. Preserve every <tag> exactly. English reference: Hey, boss, you been to the can lately? Me, I ain't going either."	"Talk"	""
"/Talk/Pirate/ComputerDisagreeLandingToObject3"	"Не губи, братан! Они ж меня, бедного, замучают до полусмерти!"	"Lang.dat: Talk.Pirate.ComputerDisagreeLandingToObject3. Preserve every <tag> exactly. English reference: Take pity on us, bro! They'll do me in there until I am all done, oh woe be me!"	"Talk"	""
"/Talk/Pirate/ComputerDismissBad"	"Да ты, <Player>, совсем опух, в натуре! Надо тебя проучить!"	"Lang.dat: Talk.Pirate.ComputerDismissBad. Preserve every <tag> exactly. English reference: <Player>, are you frigging nuts, really? Gotta teach you a lesson, homey!"	"Talk"	""
"/Talk/Pirate/ComputerDismissGood"	"Ну тогда удачи. Не забывай своих братков!"	"Lang.dat: Talk.Pirate.ComputerDismissGood. Preserve every <tag> exactly. English reference: Good luck then. Don't forget to write back!"	"Talk"	""
"/Talk/Pirate/ComputerDismissNo"	"Дошутишься ты когда-нибудь, <Player>."	"Lang.dat: Talk.Pirate.ComputerDismissNo. Preserve every <tag> exactly. English reference: You and your jokes, <Player>. They'll be your undoing some day."	"Talk"	""
"/Talk/Pirate/ComputerDismissQuestion"	"Чё? Ты меня кидаешь, <Player>? Не по пацански это..."	"Lang.dat: Talk.Pirate.ComputerDismissQuestion. Preserve every <tag> exactly. English reference: Say what? You gonna stiff me, <Player>? This ain't right."	"Talk"	""
"/Talk/Pirate/ComputerDropCargoNo"	"Да нет у меня ничего лишнего в трюме. Если не веришь, просканируй меня!"	"Lang.dat: Talk.Pirate.ComputerDropCargoNo. Preserve every <tag> exactly. English reference: But I don't have anything to spare down there in the cargo bay. Well, if you don't believe me, scan me."	"Talk"	""
"/Talk/Pirate/ComputerDropCargoNo1"	"Босс! Я бы выкинул весь свой груз, но ничего нет. Лечу налегке. Слушаю твои указания."	"Lang.dat: Talk.Pirate.ComputerDropCargoNo1. Preserve every <tag> exactly. English reference: Boss! I'd dump all the cargo, but I ain't got any. Traveling light, you know. Standing by for instructions."	"Talk"	""
"/Talk/Pirate/ComputerDropCargoOk"	"Я, конечно, обязан подчиняться, и выкину груз, но это больше похоже на грабеж, чем на партнерские отношения."	"Lang.dat: Talk.Pirate.ComputerDropCargoOk. Preserve every <tag> exactly. English reference: Well, I have to comply, of course, and I'll dump the cargo all right, but this isn't no partnership. Robbery on the high seas, that's what it is."	"Talk"	""
"/Talk/Pirate/ComputerDropCargoOk1"	"Сейчас я избавлюсь от своего груза. Но замечу, что ты просто бессовестный тип, <Player>! Я служу тебе верой и правдой, а ты этим пользуешься."	"Lang.dat: Talk.Pirate.ComputerDropCargoOk1. Preserve every <tag> exactly. English reference: Dumping my cargo in a minute. But let me tell you, you are one unscrupulous bastard, <Player>! I serve you hand and foot, and you are taking advantage of me."	"Talk"	""
"/Talk/Pirate/ComputerDropCargoOk2"	"Хорошо, сейчас выкину груз. Но я не могу сказать, что мне нравится твоя идея."	"Lang.dat: Talk.Pirate.ComputerDropCargoOk2. Preserve every <tag> exactly. English reference: All right, I am going to dump the cargo. But I can't say I like this idea of yours."	"Talk"	""
"/Talk/Pirate/ComputerInFear"	"Шеф, не знаю как у тебя, а у меня уже поджилки трясутся. Сваливаю я отсюда подальше!"	"Lang.dat: Talk.Pirate.ComputerInFear. Preserve every <tag> exactly. English reference: I don't know about you, chief, but I am shaking in my shoes. I am outta here!"	"Talk"	""
"/Talk/Pirate/ComputerInFear1"	"Самое время вспомнить 1001-ый прием древнего человеческого боевого искусства - карате. Смываюсь я отсюда!"	"Lang.dat: Talk.Pirate.ComputerInFear1. Preserve every <tag> exactly. English reference: Now would be a great time to get the hell out of here. Can't win them all. I'm gone, gone with the wind!"	"Talk"	""
"/Talk/Pirate/ComputerInFear2"	"Братан, тут в натуре жарко стало! Многолетний опыт пирата говорит мне, что пора отсюда драпать на форсаже!"	"Lang.dat: Talk.Pirate.ComputerInFear2. Preserve every <tag> exactly. English reference: Man, it's getting dicey out there! A good pirate that I am, my gut is telling me it's time to get out of dodge -- like, yesterday."	"Talk"	""
"/Talk/Pirate/ComputerSayNo"	"Ты че, <Player>, ""махпельского темного"" перебрал? Какой я тебе помощник? Да за <Money> cr, ты себе чистильщика обуви не найдешь!"	"Lang.dat: Talk.Pirate.ComputerSayNo. Preserve every <tag> exactly. English reference: What is it with you, <Player>? Had one too many? Find yourself another dupe for a helper! For <Money> cr you can't even get a shoe shine!"	"Talk"	""
"/Talk/Pirate/ComputerSayNo1"	"Слушай, <Player>, думаешь, я совсем считать не умею? Да я твои <Money> cr за неделю настригу сам!"	"Lang.dat: Talk.Pirate.ComputerSayNo1. Preserve every <tag> exactly. English reference: Listen here, <Player>! You think I can't put two and two together? Those lousy <Money> cr, I can make that much in a week, and I don't need you for it."	"Talk"	""
"/Talk/Pirate/ComputerSayOk"	"Отличная идея, братан! Но с одним условием: ты должен стать мне родным отцом, а если придется, то и родной матерью. В детстве, понимаешь, родительского тепла не хватало. Ну и бабок, конечно, подбросить не мешало бы! За <Money> cr я готов работать на тебя <Month> мес."	"Lang.dat: Talk.Pirate.ComputerSayOk. Preserve every <tag> exactly. English reference: Great idea, bro! On one condition though: you'll have to be my mother, my father and my priest if it comes to that. You see, my mommy didn't love me enough. And of course, a bit of a raise wouldn't hurt either! For <Money> cr, I am all yours for <Month> months."	"Talk"	""
"/Talk/Pirate/ComputerSayOk1"	"По рукам, брателло!  Вместе мы такого жару зададим этим торгашам, хе-хе. Но, сам понимаешь, за базар на тебя никто работать не будет. Так что, гони <Money> cr, за которые я буду твоим корешом в течение <Month> мес."	"Lang.dat: Talk.Pirate.ComputerSayOk1. Preserve every <tag> exactly. English reference: That's a deal, bro!  You and I, we'll show those wheeler-dealers, he-he. But you see, talk is cheap, bro. Ain't no one gonna give you any freebies. So why don't you pay up those lovely <Money> cr, and I'll be your best buddy for <Month> months."	"Talk"	""
"/Talk/Pirate/ComputerSayOk2"	"Нет проблем, братан! Все, что я награблю за <Month> мес., пойдет в общак! Ну и конечно, с тебя аванс небольшой - <Money> cr."	"Lang.dat: Talk.Pirate.ComputerSayOk2. Preserve every <tag> exactly. English reference: No problem, bro! Whatever loot I bring in during these <Month> months goes into the pot, common pot. But of course you have to pay a tiny bit up front -- <Money> cr."	"Talk"	""
"/Talk/Pirate/ComputerSayOk3"	"Братан, где ж ты раньше был?! Живо перекидывай мне <Money> cr, руки чешутся сделать какую-нибудь гадость! Но помни, что я не задержусь у тебя дольше, чем на <Month> мес."	"Lang.dat: Talk.Pirate.ComputerSayOk3. Preserve every <tag> exactly. English reference: Man, where have you been all my life? Go ahead, pay up the <Money> cr, my hands are itching to do something nasty! But remember, I ain't gonna stay longer than <Month> months."	"Talk"	""
"/Talk/Pirate/FinancesCheck"	"Как твое финансовое положение?"	"Lang.dat: Talk.Pirate.FinancesCheck. Preserve every <tag> exactly. English reference: What is your financial situation?"	"Talk"	""
"/Talk/Pirate/FinancesConfirmed"	"Ясно"	"Lang.dat: Talk.Pirate.FinancesConfirmed. Preserve every <tag> exactly. English reference: Roger that."	"Talk"	""
"/Talk/Pirate/FinancesGotGift"	"Спасибо, теперь на моем счету <Money> cr."	"Lang.dat: Talk.Pirate.FinancesGotGift. Preserve every <tag> exactly. English reference: Thanks, now I have <Money> cr. on my account."	"Talk"	""
"/Talk/Pirate/FinancesOfferGift"	"Дать денег напарнику"	"Lang.dat: Talk.Pirate.FinancesOfferGift. Preserve every <tag> exactly. English reference: Give money to partner."	"Talk"	""
"/Talk/Pirate/FinancesReport"	"<Player>, у меня на счету <Money> cr."	"Lang.dat: Talk.Pirate.FinancesReport. Preserve every <tag> exactly. English reference: <Player>, I've got <Money> cr. on my account."	"Talk"	""
"/Talk/Pirate/FinancesSendGift"	"Возьми <Money> cr."	"Lang.dat: Talk.Pirate.FinancesSendGift. Preserve every <tag> exactly. English reference: Take <Money> cr."	"Talk"	""
"/Talk/Pirate/FinancesWaitForGift"	"Итак, <Player>, сколько ты готов мне подкинуть?"	"Lang.dat: Talk.Pirate.FinancesWaitForGift. Preserve every <tag> exactly. English reference: So, <Player>, how much money can you transfer to me?"	"Talk"	""
"/Talk/Pirate/FlyToMe"	"Двигай за мной! А то на раздачу долбогрызов не успеешь, хе-хе! Я тебе деньги не за хорошую компанию плачу, а за конкретные дела."	"Lang.dat: Talk.Pirate.FlyToMe. Preserve every <tag> exactly. English reference: Follow me. Or you won't make it to the ball, he-he! I am not paying you for your pretty face. I am paying you to do stuff."	"Talk"	""
"/Talk/Pirate/FlyToMe1"	"Братан, давай уже, сникерсни! Не время сейчас по сторонам зенками лупать, штурвал в руки и за мной!"	"Lang.dat: Talk.Pirate.FlyToMe1. Preserve every <tag> exactly. English reference: Come on, homeboy, get your hands out of your butt! Now is not the time to walk your eyes around. Get it together and follow me."	"Talk"	""
"/Talk/Pirate/FlyToMe2"	"Что стоим, кого ждем? А ну, живо лети за мной!"	"Lang.dat: Talk.Pirate.FlyToMe2. Preserve every <tag> exactly. English reference: What's the holdup? Who are we waiting for? Now, get the heck moving and follow me."	"Talk"	""
"/Talk/Pirate/FlyToMe3"	"Я тебе за самодеятельность башляю что ли? Если я говорю следовать за мной, так и надо делать!"	"Lang.dat: Talk.Pirate.FlyToMe3. Preserve every <tag> exactly. English reference: I am not paying you to do your own thing, am I? If I tell you to follow, that's what you do."	"Talk"	""
"/Talk/Pirate/FlyToMe4"	"Брателло, если ты думаешь, что в другом конце системы тебе больше заплатят, то ты явно не в теме. Айда ко мне, я тебе все по фене растолкую!"	"Lang.dat: Talk.Pirate.FlyToMe4. Preserve every <tag> exactly. English reference: Yo, homey, if you think they are gonna pay you more on the other end of the system, you are deluding yourself. Come over here, I'll give it to you as it is."	"Talk"	""
"/Talk/Pirate/FlyToStar"	"Сейчас путь к конечной цели немного сократим, приятель. А то пока вкругаля валандаться будем, полжизни пройдет! Прыгаем в систему <Star>."	"Lang.dat: Talk.Pirate.FlyToStar. Preserve every <tag> exactly. English reference: Now we are gonna take a shortcut, buddy. Or we'll be going 'round and 'round till we grow old. We are jumping to the <Star> system."	"Talk"	""
"/Talk/Pirate/FlyToStar1"	"Нечего нам тут больше ловить, кончилась халява. Быстренько прыгаем в систему <Star>."	"Lang.dat: Talk.Pirate.FlyToStar1. Preserve every <tag> exactly. English reference: Ain't nothing left for us to do here. No more free lunches. OK, quick, let's jump to <Star>."	"Talk"	""
"/Talk/Pirate/FlyToStar2"	"Жаждешь легких денег? Ну тогда нечего тут прохлаждаться, прыгаем в систему <Star>."	"Lang.dat: Talk.Pirate.FlyToStar2. Preserve every <tag> exactly. English reference: Easy money, is that what you want? Then let's not beat around the bush here. Let's go to <Star>."	"Talk"	""
"/Talk/Pirate/FlyToStar3"	"Ты, братан, навигацию в школе учил? Вот и видно, что нет. Нечего шляться, где попало, когда надо прыгать в систему <Star>."	"Lang.dat: Talk.Pirate.FlyToStar3. Preserve every <tag> exactly. English reference: Did they teach you any navigation in school, bro? Apparently not. Or you wouldn't be hanging around this middle of nowhere when we need to go to <Star>."	"Talk"	""
"/Talk/Pirate/FlyToStar4"	"В систему <Star> желаешь прыгнуть ты... Темная сторона сильна там!"	"Lang.dat: Talk.Pirate.FlyToStar4. Preserve every <tag> exactly. English reference: So you wanna jump to <Star>, huh? The dark side, that's where they are hanging in force!"	"Talk"	""
"/Talk/Pirate/IsOrderForAll"	"Это приказ по группе или лично мне?"	"Lang.dat: Talk.Pirate.IsOrderForAll. Preserve every <tag> exactly. English reference: Is that an order for the group or me personally?"	"Talk"	""
"/Talk/Pirate/LandingToObject"	"Есть одна неплохая идея! Садись на <ObjectName>, там и переговорим тет-а-тет."	"Lang.dat: Talk.Pirate.LandingToObject. Preserve every <tag> exactly. English reference: I've got an idea, a good one too! Why don't you land on <ObjectName>, we can talk in private there."	"Talk"	""
"/Talk/Pirate/LandingToObject1"	"Так, братан, сейчас нам надо покумекать в более спокойной обстановке. <ObjectName> как раз подходит для этого."	"Lang.dat: Talk.Pirate.LandingToObject1. Preserve every <tag> exactly. English reference: Right you are, bro, a little quiet now is just what the doctor ordered. <ObjectName> fits the bill."	"Talk"	""
"/Talk/Pirate/LandingToObject2"	"У меня созрел гениальный план... Быстренько садись на <ObjectName>, пока у меня еще память свежа, чтобы поделиться этим планом с тобой."	"Lang.dat: Talk.Pirate.LandingToObject2. Preserve every <tag> exactly. English reference: I've got this great plan here... Say, ain't I a genius? Go land on <ObjectName>, on the double, while this is still fresh in my memory. I'll fill you in there."	"Talk"	""
"/Talk/Pirate/LandingToObject3"	"Космос не способствует разгулу пиратской мысли. Пожалуй, стоит нам посетить <ObjectName>, дабы окончательно не стать дегенератами."	"Lang.dat: Talk.Pirate.LandingToObject3. Preserve every <tag> exactly. English reference: Open space puts a real kibosh on creative thinking. For pirates it does. Yeah, I guess a visit to <ObjectName> is in order, or we will lose whatever brains we have left."	"Talk"	""
"/Talk/Pirate/MateBreakRating"	"Знаешь, корешок, слыхал я тут в одном баре, что у тебя репутация подмокла пиратская, хе-хе! Покумекал и решил: не собираюсь я больше с тобой в одной компании трассы космические прочесывать, а то еще от своих друзей греха не оберусь. Бывай!"	"Lang.dat: Talk.Pirate.MateBreakRating. Preserve every <tag> exactly. English reference: You know, bud, they've been talking in this bar, like, that you pirate creds ain't what they used to be, he-he. So I gave it a thought and figured I'd better not hit the same space roads with you, or my own buddies will have something to say about it. See ya!"	"Talk"	""
"/Talk/Pirate/MateBreakRelation"	"Слушай, <Player>, ты что-то совсем не по понятиям живешь. Мне еще не хватало, чтоб пацаны узнали, с кем я тут дело имею. Сваливаю я от тебя на все четыре стороны!"	"Lang.dat: Talk.Pirate.MateBreakRelation. Preserve every <tag> exactly. English reference: Listen, <Player>, it's like you show no respect to no one. The last thing I need is for the guys to learn who I am keeping company with here. So see you later, alligator, I am out of here."	"Talk"	""
"/Talk/Pirate/MateRiot"	"Слушай, чувак, сколько можно, твои сообщники меня уже заколебали наездами. Мы так не договаривались, я выхожу из твоей банды."	"Lang.dat: Talk.Pirate.MateRiot. Preserve every <tag> exactly. English reference: Listen man, I've had it with you and your flunkies. I am sick of this crap already. This wasn't the deal. Count me out."	"Talk"	""
"/Talk/Pirate/MateTheEnd"	"Шеф, а срок контракта-то, тю-тю. С тобой приятно было иметь дело, честное пиратское!"	"Lang.dat: Talk.Pirate.MateTheEnd. Preserve every <tag> exactly. English reference: You know, chief, time's up. Contract expired. Good to have known you, honestly. Pirate's word."	"Talk"	""
"/Talk/Pirate/MateTheEnd1"	"Братан, на календарь давно смотрел? С сегодняшнего дня я снова свободен."	"Lang.dat: Talk.Pirate.MateTheEnd1. Preserve every <tag> exactly. English reference: Hey, paesan, looked at the calendar lately? As of today, I am a free agent again."	"Talk"	""
"/Talk/Pirate/MateTheEndLowLeadership"	"Эхей, братишка. Что я вижу? Ты каким-то невероятным образом превратился из крутого пахана обратно в салагу. Я не могу заниматься разбоем с таким неопытным партнером. Вдруг ты не прикроешь мне спину в самый разгар заварухи? Качайся, иначе так и будешь дальше один летать. А я полетел искать более толкового напарника."	"Lang.dat: Talk.Pirate.MateTheEndLowLeadership. Preserve every <tag> exactly. English reference: Hey, bro. What's this I see? You miraculously transformed from a hardcore gangster back to a two-bit punk. I can't do a robbery with such a green partner. What if you don't cover my back in the thick of the chaos? Start lifting weights or you'll have to fly alone. Personally, I was looking for a more intelligent partner."	"Talk"	""
"/Talk/Pirate/MateTheEndLowLeadership1"	"Братан, твой навык лидерства неожиданно перестал удовлетворять мою прихотливую пиратскую натуру, в натуре. Так что я сваливаю, а контракт можешь оставить себе на память. Неустойку я тебе, так и быть, прощаю."	"Lang.dat: Talk.Pirate.MateTheEndLowLeadership1. Preserve every <tag> exactly. English reference: Bro, your leadership skills suddenly stopped pleasing my pirate nature, for real. So I'm outta here. You can keep the contract as a souvenir. I'll pay the penalty. Whatever. So long."	"Talk"	""
"/Talk/Pirate/NeedPirate"	"Что? К тебе в бригаду вступить? Не смеши тапочки моей мамы! Силенок сначала наберись, да авторитета побольше заработай. А то ходют тут  всякие, честным пиратам репутацию портют..."	"Lang.dat: Talk.Pirate.NeedPirate. Preserve every <tag> exactly. English reference: What? Join your outfit? Well, that's a first! Why don't you get dry behind the ears first, maybe make a name for yourself before you start bugging folks. Honest pirates have reputations to mind, you know."	"Talk"	""
"/Talk/Pirate/Ok"	"О'кей, я буду работать на тебя <Month> мес."	"Lang.dat: Talk.Pirate.Ok. Preserve every <tag> exactly. English reference: OK, I'll work for you for <Month> months."	"Talk"	""
"/Talk/Pirate/OrderForAll"	"Это приказ всем! С каждым отдельно я общаться не намерен."	"Lang.dat: Talk.Pirate.OrderForAll. Preserve every <tag> exactly. English reference: This is an order for everybody! I don't plan on speaking with everyone individually."	"Talk"	""
"/Talk/Pirate/OrderForYou"	"Тебе, персонально. Конец связи."	"Lang.dat: Talk.Pirate.OrderForYou. Preserve every <tag> exactly. English reference: You personally. Over and out."	"Talk"	""
"/Talk/Pirate/PlayerDismissBad"	"Твоя бандитская рожа у меня уже поперек горла!"	"Lang.dat: Talk.Pirate.PlayerDismissBad. Preserve every <tag> exactly. English reference: I can't stand your ugly mug any more, you thug!"	"Talk"	""
"/Talk/Pirate/PlayerDismissGood"	"Мне нужно провернуть одно очень опасное дело в одиночку."	"Lang.dat: Talk.Pirate.PlayerDismissGood. Preserve every <tag> exactly. English reference: I need to check on some risky business here, all by myself."	"Talk"	""
"/Talk/Pirate/PlayerDismissNo"	"Гы-гы! Ты не вкурил, это была шутка юмора. Расслабься."	"Lang.dat: Talk.Pirate.PlayerDismissNo. Preserve every <tag> exactly. English reference: Ha! You didn't get it, did you? That was a joke. Take it easy."	"Talk"	""
"/Talk/Pirate/PlayerDismissSend"	"Пора нам с тобой разбежаться"	"Lang.dat: Talk.Pirate.PlayerDismissSend. Preserve every <tag> exactly. English reference: It's time for us to go our separate ways."	"Talk"	""
"/Talk/Pirate/PlayerLess"	"Установить сумму в 2 раза меньше."	"Lang.dat: Talk.Pirate.PlayerLess. Preserve every <tag> exactly. English reference: Cut the amount in half."	"Talk"	""
"/Talk/Pirate/PlayerMore"	"Удвоить сумму."	"Lang.dat: Talk.Pirate.PlayerMore. Preserve every <tag> exactly. English reference: Double the amount."	"Talk"	""
"/Talk/Pirate/PlayerOk"	"Договорились."	"Lang.dat: Talk.Pirate.PlayerOk. Preserve every <tag> exactly. English reference: Deal."	"Talk"	""
"/Talk/Pirate/PlayerSend"	"Эй, приятель, я смотрю, ты лихой космический рубака! Не хочешь ко мне присоединиться?"	"Lang.dat: Talk.Pirate.PlayerSend. Preserve every <tag> exactly. English reference: Hey, bud, ain't you a real quick-gun, huh? Wanna join me?"	"Talk"	""
"/Talk/Pirate/PlayerSend1"	"Эй, парень, вижу, ты крутой грабитель. Как насчет совместных делишек?"	"Lang.dat: Talk.Pirate.PlayerSend1. Preserve every <tag> exactly. English reference: Well, I see you are a tough robber, bud. How about we do some business together?"	"Talk"	""
"/Talk/Pirate/PlayerSend2"	"Братан, ну, ты просто чума! Айда ко мне в банду?!"	"Lang.dat: Talk.Pirate.PlayerSend2. Preserve every <tag> exactly. English reference: Oh, man, ain't you the top dog! So how about a slot on my crew?"	"Talk"	""
"/Talk/Pirate/PlayerSend3"	"Парниша, у тебя появился прекрасный шанс проявить себя под началом крутейшего пирата галактики. Вместе нам и велесианский долбогрыз будет не страшен!!!"	"Lang.dat: Talk.Pirate.PlayerSend3. Preserve every <tag> exactly. English reference: Now, my good lad, here's your opportunity to shine as an associate of the Galaxy's toughest pirate. Together, we will answer to no one."	"Talk"	""
"/Talk/Pirate/PlayerSendDropCargo"	"Мы летим налегке. Тебе пора избавиться от лишнего груза."	"Lang.dat: Talk.Pirate.PlayerSendDropCargo. Preserve every <tag> exactly. English reference: We are flying light. It's time for you to dump the excessive cargo."	"Talk"	""
"/Talk/Pirate/PlayerSendDropCargo1"	"Дружище, давай выкидывай лишний груз. Я помогу тебе с перевозкой."	"Lang.dat: Talk.Pirate.PlayerSendDropCargo1. Preserve every <tag> exactly. English reference: Come on, buddy, you gotta dump all that extra stuff. I'll help you move it along."	"Talk"	""
"/Talk/Pirate/Send"	"Плачу <Money> cr, и ты идешь на меня работать."	"Lang.dat: Talk.Pirate.Send. Preserve every <tag> exactly. English reference: I'll pay you <Money> cr, and you can come work for me."	"Talk"	""
"/Talk/Pirate/SmallMoney"	"Я отказываюсь. Мои услуги и время стоят гораздо больше..."	"Lang.dat: Talk.Pirate.SmallMoney. Preserve every <tag> exactly. English reference: I refuse to participate. My time and effort costs my more than that."	"Talk"	""
"/Talk/Pirate/SmallMoney1"	"Что? Ты хочешь купить меня за эти жалкие копейки?"	"Lang.dat: Talk.Pirate.SmallMoney1. Preserve every <tag> exactly. English reference: What? You want to buy me for peanuts?"	"Talk"	""
"/Talk/Pirate/SmallMoney2"	"Нет, я не буду работать за такие гроши!"	"Lang.dat: Talk.Pirate.SmallMoney2. Preserve every <tag> exactly. English reference: No, I won't work for a pittance!"	"Talk"	""
"/Talk/Pirate/Suspect"	"Ты вообще кто такой, чтоб со мной так разговаривать? Сначала детский сад окончи!"	"Lang.dat: Talk.Pirate.Suspect. Preserve every <tag> exactly. English reference: Who are you anyway to talk to me like that? Go graduate from kindergarten first."	"Talk"	""
"/Talk/Pirate/Suspect1"	"Рожа у тебя противная, <Player>. Если ты еще не понял, это значит, что я тебя больше видеть не желаю!"	"Lang.dat: Talk.Pirate.Suspect1. Preserve every <tag> exactly. English reference: Ain't you got an ugly mug, <Player>. If you are still not getting it, I am done with you here."	"Talk"	""
"/Talk/Pirate/TalkWithParent"	"Разговаривай с моим боссом."	"Lang.dat: Talk.Pirate.TalkWithParent. Preserve every <tag> exactly. English reference: Go talk to my boss."	"Talk"	""
"/Talk/PirateClan/Accept"	"Согласен"	"Lang.dat: Talk.PirateClan.Accept. Preserve every <tag> exactly. English reference: Agree"	"Talk"	""
"/Talk/PirateClan/Attack/ComputerAsk"	"<Player>, кому намнём бока, кореш?"	"Lang.dat: Talk.PirateClan.Attack.ComputerAsk. Preserve every <tag> exactly. English reference: <Player>, brah, who's the target?"	"Talk"	""
"/Talk/PirateClan/Attack/ComputerAsk1"	"Предпочитаю сперва выбирать цель, а потом лезть в драку. На кого?"	"Lang.dat: Talk.PirateClan.Attack.ComputerAsk1. Preserve every <tag> exactly. English reference: I prefer knowing who the target is before picking a fight. Who?"	"Talk"	""
"/Talk/PirateClan/Attack/ComputerAsk2"	"И кто это у тебя на радаре такой симпатяшный выискался?"	"Lang.dat: Talk.PirateClan.Attack.ComputerAsk2. Preserve every <tag> exactly. English reference: And who's the handsome mark on your radar?"	"Talk"	""
"/Talk/PirateClan/Attack/ComputerAsk3"	"Говори, кореш, кто тебе не угодил."	"Lang.dat: Talk.PirateClan.Attack.ComputerAsk3. Preserve every <tag> exactly. English reference: Speak, chummer, who has displeased you?"	"Talk"	""
"/Talk/PirateClan/Attack/ComputerAsk4"	"Есть добыча на примете?"	"Lang.dat: Talk.PirateClan.Attack.ComputerAsk4. Preserve every <tag> exactly. English reference: Is there a mark in your sights?"	"Talk"	""
"/Talk/PirateClan/Attack/ComputerInFear"	"В данный момент я намерен решать свои проблемы. Поговорим с тобой позже, в более мирной обстановке."	"Lang.dat: Talk.PirateClan.Attack.ComputerInFear. Preserve every <tag> exactly. English reference: For the time being, I am going to stick to my own business. We'll talk later, when it's a bit more peaceful."	"Talk"	""
"/Talk/PirateClan/Attack/ComputerInFear1"	"Боюсь, ничем не могу тебе помочь. Советую тебе тоже не лезть во всякие драки, а поскорее слинять отсюда."	"Lang.dat: Talk.PirateClan.Attack.ComputerInFear1. Preserve every <tag> exactly. English reference: I am afraid I can't help you here. I recommend that you abstain from fighting and get out of here as soon as you can."	"Talk"	""
"/Talk/PirateClan/Attack/ComputerInFear2"	"Мне надо маленько прийти в себя, успокоиться... Сейчас я не в состоянии ничего делать."	"Lang.dat: Talk.PirateClan.Attack.ComputerInFear2. Preserve every <tag> exactly. English reference: I need a moment here to catch my breath. To calm down. I can't do anything now."	"Talk"	""
"/Talk/PirateClan/Attack/ComputerInFear3"	"Пусть другие идиоты лезут в драку, а я посижу в сторонке и посмотрю."	"Lang.dat: Talk.PirateClan.Attack.ComputerInFear3. Preserve every <tag> exactly. English reference: Let those other fools hack at each other. I'll step back and just watch."	"Talk"	""
"/Talk/PirateClan/Attack/ComputerInFear4"	"Извини, но сейчас я могу думать только о том, как бы унести отсюда ноги подобру-поздорову."	"Lang.dat: Talk.PirateClan.Attack.ComputerInFear4. Preserve every <tag> exactly. English reference: Sorry, but all I can think of right now is how to get out of here while I still can."	"Talk"	""
"/Talk/PirateClan/Attack/ComputerReadyAttack"	"<Target> на хвосте, не до тебя сейчас. Но, может, раскатаем <Target> на пару?"	"Lang.dat: Talk.PirateClan.Attack.ComputerReadyAttack. Preserve every <tag> exactly. English reference: <Target> is on my tail, I've got no time for you. But maybe we can bleed <Target> for a few creds?"	"Talk"	""
"/Talk/PirateClan/Attack/ComputerReadyAttack1"	"Нет, это мне нужна твоя помощь. <Target> мешается под ногами. Пустим его на иголки - одной проблемой для братства меньше."	"Lang.dat: Talk.PirateClan.Attack.ComputerReadyAttack1. Preserve every <tag> exactly. English reference: No, I don't need your help. <Target> is in my way. Let's take his lunch money -- plus the brotherhood will have one problem less."	"Talk"	""
"/Talk/PirateClan/Attack/ComputerReadyAttack2"	"Давай-ка лучше ко мне, бить <Target>. Он пожирнее будет!"	"Lang.dat: Talk.PirateClan.Attack.ComputerReadyAttack2. Preserve every <tag> exactly. English reference: Come here instead, we'll beat up on <Target>. He's a much juicier target!"	"Talk"	""
"/Talk/PirateClan/Attack/ComputerReadyAttack3"	"Ёлки-бутылки, у меня тут <Target>! Для него и твоего у меня стволов маловато, поможешь мне - помогу тебе."	"Lang.dat: Talk.PirateClan.Attack.ComputerReadyAttack3. Preserve every <tag> exactly. English reference: Holy cow, I've got <Target> here! I ain't got the firepower for both him and your opponent; help me out with mine, and I'll help you with yours."	"Talk"	""
"/Talk/PirateClan/Attack/ComputerReadyAttack4"	"Меня как-то больше <Target> занимает. Айда топить упрямое корыто!"	"Lang.dat: Talk.PirateClan.Attack.ComputerReadyAttack4. Preserve every <tag> exactly. English reference: I'm preoccupied with <Target> at the moment. Come help me sink this stupid bucket!"	"Talk"	""
"/Talk/PirateClan/Attack/PirateFear"	"Я тебя уважаю, но твоё предложение легкомысленно даже для пирата."	"Lang.dat: Talk.PirateClan.Attack.PirateFear. Preserve every <tag> exactly. English reference: I respect you, but your idea is frivolous even for a pirate."	"Talk"	""
"/Talk/PirateClan/Attack/PirateFear1"	"По-моему, неприятностей тут не оберёшься. Ханы нас не отмажут. Не буду участвовать."	"Lang.dat: Talk.PirateClan.Attack.PirateFear1. Preserve every <tag> exactly. English reference: That'll ready get you in trouble. Even our khans won't get us off. Count me out."	"Talk"	""
"/Talk/PirateClan/Attack/PirateFear2"	"Чувствую западню. Лучше опробую пушки на ком-нибудь другом."	"Lang.dat: Talk.PirateClan.Attack.PirateFear2. Preserve every <tag> exactly. English reference: I sense a trap. I'd rather test my shooters on someone else."	"Talk"	""
"/Talk/PirateClan/Attack/PirateFear3"	"Мой опыт не позволяет одобрить твой выбор. Отказываюсь."	"Lang.dat: Talk.PirateClan.Attack.PirateFear3. Preserve every <tag> exactly. English reference: My experience tells me this is a bad idea. I refuse."	"Talk"	""
"/Talk/PirateClan/Attack/PirateFear4"	"Атаковать? Его? Ты точно пират? В любом случае, мне не нравится твоё предложение."	"Lang.dat: Talk.PirateClan.Attack.PirateFear4. Preserve every <tag> exactly. English reference: Attack? Him? Are you sure you're a pirate? Either way, I don't like this idea of yours."	"Talk"	""
"/Talk/PirateClan/Attack/PirateFear5"	"Послушаешь тебя, и хочется хоть стихи писать, хоть кактусы выращивать, только бы не связываться с твоими безумными идеями."	"Lang.dat: Talk.PirateClan.Attack.PirateFear5. Preserve every <tag> exactly. English reference: Listening to you, I get the urge to start writing poetry and growing cacti, if only to get away from your madcap ideas."	"Talk"	""
"/Talk/PirateClan/Attack/PirateHaveBusiness"	"Братство своих не бросает, но в данный момент я бесполезен в бою."	"Lang.dat: Talk.PirateClan.Attack.PirateHaveBusiness. Preserve every <tag> exactly. English reference: The brotherhood doesn't abandon its own, but I'm currently useless in battle."	"Talk"	""
"/Talk/PirateClan/Attack/PirateHaveBusiness1"	"Звиняй, братиш, у меня уже есть чем заняться. Дрожь в руках снять."	"Lang.dat: Talk.PirateClan.Attack.PirateHaveBusiness1. Preserve every <tag> exactly. English reference: Sorry, brah, I'm busy with something else. That is, steadying my hands from shaking."	"Talk"	""
"/Talk/PirateClan/Attack/PirateHaveBusiness2"	"Позови на махач в другой раз, сейчас мне не до этого."	"Lang.dat: Talk.PirateClan.Attack.PirateHaveBusiness2. Preserve every <tag> exactly. English reference: I'll help you with your beef another time."	"Talk"	""
"/Talk/PirateClan/Attack/PirateHaveBusiness3"	"Помог бы, да мне пора рыбок кормить. Не у штурвала."	"Lang.dat: Talk.PirateClan.Attack.PirateHaveBusiness3. Preserve every <tag> exactly. English reference: I'd like to help, but I need to feed my fish. I ain't at the helm."	"Talk"	""
"/Talk/PirateClan/Attack/PirateHaveBusiness4"	"Только не сейчас, выполняю другое задание."	"Lang.dat: Talk.PirateClan.Attack.PirateHaveBusiness4. Preserve every <tag> exactly. English reference: Not now, I'm on another job."	"Talk"	""
"/Talk/PirateClan/Attack/PirateItsMyTranc"	"Да ты чё, братуха, в натуре на весь иллюминатор треснутый?! Нафига же я стану своего транклюкатора лупить?"	"Lang.dat: Talk.PirateClan.Attack.PirateItsMyTranc. Preserve every <tag> exactly. English reference: Are your porthole cracked or what?! What for I should thrash my own tranclucator?"	"Talk"	""
"/Talk/PirateClan/Attack/PirateItsYourTranc"	"Нет, ну я, конечно, всё понимаю - веселуха, вся ботва... Да только есть в твоём предложении что-то не очень здоровое, смекаешь?<br>Короче, на меня не рассчитывай."	"Lang.dat: Talk.PirateClan.Attack.PirateItsYourTranc. Preserve every <tag> exactly. English reference: Well, I understand your point - fun and all the stuff... But there is definitely something not very healthy in your proposal, catch it?<br>In short - count me out."	"Talk"	""
"/Talk/PirateClan/Attack/PirateOk"	"Эта дичь мне по нраву. Компьютер, режим сопровождения, мощность орудий полная!"	"Lang.dat: Talk.PirateClan.Attack.PirateOk. Preserve every <tag> exactly. English reference: Now that's prey I approve of. Computer, tracking mode on, weapons at full capacity!"	"Talk"	""
"/Talk/PirateClan/Attack/PirateOk1"	"Что-что, а цели выбирать умеешь, братюнь. Присоединяюсь немедленно!"	"Lang.dat: Talk.PirateClan.Attack.PirateOk1. Preserve every <tag> exactly. English reference: If there's one thing you're good at, bud, it's choosing the right targets. I'm in!"	"Talk"	""
"/Talk/PirateClan/Attack/PirateOk2"	"Заманчивое предложение. Давненько я не видел фейерверков!"	"Lang.dat: Talk.PirateClan.Attack.PirateOk2. Preserve every <tag> exactly. English reference: An enticing offer. It's been a while since I've seen fireworks!"	"Talk"	""
"/Talk/PirateClan/Attack/PirateOk3"	"Жизнь пирата - вечная война, и мне это нравится! Вперёд!"	"Lang.dat: Talk.PirateClan.Attack.PirateOk3. Preserve every <tag> exactly. English reference: A pirate's life is never-ending war... And I like it! Attack!"	"Talk"	""
"/Talk/PirateClan/Attack/PirateOk4"	"Мне не нравится его рожа, аж кулаки чешутся. Так что я с тобой. Понеслась!"	"Lang.dat: Talk.PirateClan.Attack.PirateOk4. Preserve every <tag> exactly. English reference: Something about his mug I don't like... Even makes my fists itch. So I'm with you. Here we go!"	"Talk"	""
"/Talk/PirateClan/Attack/PirateSend"	"Бро, без тебя никак, <Target> не желает умирать под моим огнём. Давай завалим его вместе!"	"Lang.dat: Talk.PirateClan.Attack.PirateSend. Preserve every <tag> exactly. English reference: <Target> just doesn't want to die from my fire; I need you, brah. Let's take him down together!"	"Talk"	""
"/Talk/PirateClan/Attack/PirateSend1"	"Или <Target> отправится к праотцам, или я сойду с ума от ожидания. Выручай, брат-пират!"	"Lang.dat: Talk.PirateClan.Attack.PirateSend1. Preserve every <tag> exactly. English reference: Either <Target> joins his ancestors soon, or I'll go bananas from anticipation. Help out a fellow pirate, paesan!"	"Talk"	""
"/Talk/PirateClan/Attack/PirateSend2"	"Во непруха. <Target> мне житья не даёт. Поможешь старому пирату избавиться от головной боли?"	"Lang.dat: Talk.PirateClan.Attack.PirateSend2. Preserve every <tag> exactly. English reference: Rotten luck. I'm getting no respite from <Target>. Help rid an old pirate of this headache?"	"Talk"	""
"/Talk/PirateClan/Attack/PirateSend3"	"Сейчас поднажму, и с <Target> будет покончено. Но лучше бы ты подключился, бить вдвоём одного надёжнее."	"Lang.dat: Talk.PirateClan.Attack.PirateSend3. Preserve every <tag> exactly. English reference: One last push and that'll be the end of <Target>. But you should still help if you can -- two on one is always the way to go."	"Talk"	""
"/Talk/PirateClan/Attack/PirateSend4"	"<Target> передаёт, что просит размазать себя по эклиптике из крупного калибра. Понимаешь намёк?"	"Lang.dat: Talk.PirateClan.Attack.PirateSend4. Preserve every <tag> exactly. English reference: <Target> sends his regards, asks to be wiped the firmament with. Get the hint?"	"Talk"	""
"/Talk/PirateClan/Attack/PirateSuspect"	"Такие, как ты, не предлагают ничего дельного. Я не желаю принимать твои предложения."	"Lang.dat: Talk.PirateClan.Attack.PirateSuspect. Preserve every <tag> exactly. English reference: Pirates like you always bet on the losing side. I refuse to go along with your ideas."	"Talk"	""
"/Talk/PirateClan/Attack/PirateSuspect1"	"Не верю твоим словам. Ни единому. Конец связи."	"Lang.dat: Talk.PirateClan.Attack.PirateSuspect1. Preserve every <tag> exactly. English reference: I don't believe what you say. Not a word. Over and out."	"Talk"	""
"/Talk/PirateClan/Attack/PirateSuspect2"	"Что-то ты плохо выглядишь, как будто не в себе. Печёнкой чую, нельзя тебя слушать."	"Lang.dat: Talk.PirateClan.Attack.PirateSuspect2. Preserve every <tag> exactly. English reference: You don't look too hot, like you're out of the loop somehow. I feel it in my spleen that I shouldn't listen to you."	"Talk"	""
"/Talk/PirateClan/Attack/PirateSuspect3"	"Драться на одной стороне с тобой? Насмешил. Даже доминаторам я доверяю больше, чем тебе."	"Lang.dat: Talk.PirateClan.Attack.PirateSuspect3. Preserve every <tag> exactly. English reference: Fight on the same team as you? You've got to be kidding me. I trust dominators more than I trust you."	"Talk"	""
"/Talk/PirateClan/Attack/PirateSuspect4"	"Удивительно, что ты вообще ко мне обратился. Знаешь же, не доверяю я тебе. И помогать не буду."	"Lang.dat: Talk.PirateClan.Attack.PirateSuspect4. Preserve every <tag> exactly. English reference: It's shocking you even come to me with this. Don't you know that I don't trust you? And I ain't gonna help you either."	"Talk"	""
"/Talk/PirateClan/Attack/PirateSuspect5"	"Ты какой-то подозрительный. Честному пирату лучше с тобой не связываться."	"Lang.dat: Talk.PirateClan.Attack.PirateSuspect5. Preserve every <tag> exactly. English reference: There's something fishy about you. An honest pirate shouldn't be buying whatever it is you're selling."	"Talk"	""
"/Talk/PirateClan/Attack/PirateWeFriends"	"Может, он что тебе и сделал, но меня это не колеблет."	"Lang.dat: Talk.PirateClan.Attack.PirateWeFriends. Preserve every <tag> exactly. English reference: Whatever he may have done to you, I don't give a hoot."	"Talk"	""
"/Talk/PirateClan/Attack/PirateWeFriends1"	"Если я его укокошу, то с кем буду в праздники по барам гулять? То-то же."	"Lang.dat: Talk.PirateClan.Attack.PirateWeFriends1. Preserve every <tag> exactly. English reference: If I whack him, who am I going to bar-hopping with on holidays? Thought so."	"Talk"	""
"/Talk/PirateClan/Attack/PirateWeFriends2"	"Фигушки. Я таких славных пилотов не трогаю, пираты они или нет."	"Lang.dat: Talk.PirateClan.Attack.PirateWeFriends2. Preserve every <tag> exactly. English reference: Hell no. I don't mess with pro pilots like him, pirate or not."	"Talk"	""
"/Talk/PirateClan/Attack/PirateWeFriends3"	"Ты не поверишь, но мы с ним в одном классе учились. Знаю его получше, чем тебя, и трогать не хочу."	"Lang.dat: Talk.PirateClan.Attack.PirateWeFriends3. Preserve every <tag> exactly. English reference: Believe it or not, we were classmates once. I know him better than I know you, so I'm staying out of this."	"Talk"	""
"/Talk/PirateClan/Attack/PirateWeFriends4"	"Не-не-не, я его сто лет знаю, на него рука не поднимается."	"Lang.dat: Talk.PirateClan.Attack.PirateWeFriends4. Preserve every <tag> exactly. English reference: No, no, no, I've known him for too many years, I couldn't bring myself to harm him."	"Talk"	""
"/Talk/PirateClan/Attack/PirateWeFriendsTranc"	"Может, он что тебе и сделал, но меня это не колеблет."	"Lang.dat: Talk.PirateClan.Attack.PirateWeFriendsTranc. Preserve every <tag> exactly. English reference: Maybe he did something to you, but it doesn't bother me at all."	"Talk"	""
"/Talk/PirateClan/Attack/PirateWeFriendsTranc1"	"Нет, этого робота я трогать не буду, уж больно он, чертяка, симпатичный. Особенно с этими волынами наперевес."	"Lang.dat: Talk.PirateClan.Attack.PirateWeFriendsTranc1. Preserve every <tag> exactly. English reference: No, I won't touch this robot, he's too pretty little devil. Especially with these guns on his belt."	"Talk"	""
"/Talk/PirateClan/Attack/PirateWeFriendsTranc2"	"Ну и что я с этого буду иметь? Гайки, да подшипники в масле? Нет, <Player>, извиняй, но с роботами ты уж как-нибудь сам разбирайся."	"Lang.dat: Talk.PirateClan.Attack.PirateWeFriendsTranc2. Preserve every <tag> exactly. English reference: And what do I get from this? Nuts and oiled bearings? No, <Player>, deal with this robot alone."	"Talk"	""
"/Talk/PirateClan/Attack/PlayerFear"	"Я не желаю участвовать в этой операции, поскольку она заранее обречена на провал."	"Lang.dat: Talk.PirateClan.Attack.PlayerFear. Preserve every <tag> exactly. English reference: I don't want any part of this since this is totally hopeless."	"Talk"	""
"/Talk/PirateClan/Attack/PlayerFear1"	"Да ты что?!! Не видишь, что ли, что он круче нас двоих, вместе взятых? Нет уж, я умываю руки!"	"Lang.dat: Talk.PirateClan.Attack.PlayerFear1. Preserve every <tag> exactly. English reference: Are you serious? Don't you see he is tougher than the two of us together? No, I am outta here!"	"Talk"	""
"/Talk/PirateClan/Attack/PlayerFear2"	"Заведомо провальная операция! На этот корабль будут нападать либо идиоты, либо герои. Ну а я, в отличие от тебя, вполне нормален, поэтому даже не буду и пробовать."	"Lang.dat: Talk.PirateClan.Attack.PlayerFear2. Preserve every <tag> exactly. English reference: This is a total non-starter. You are either an idiot or some kind of hero to challenge this ship. Unlike you, I am quite normal, so I wouldn't even try."	"Talk"	""
"/Talk/PirateClan/Attack/PlayerFear3"	"Извини, но я должен сохранить свою жизнь для более важного дела - спасения Галактики от доминаторов! Если влезать во все локальные конфликты, долго не протянешь."	"Lang.dat: Talk.PirateClan.Attack.PlayerFear3. Preserve every <tag> exactly. English reference: I am sorry, but I need to preserve myself for a much worthier cause -- freeing the Galaxy from dominators. If you stick your nose into every local conflict, you won't last long."	"Talk"	""
"/Talk/PirateClan/Attack/PlayerFear4"	"Ну уж нет! Да он нас как котят расшвыряет! Это детеныши таких маленьких домашних зверьков с планеты Земля, если ты не знаешь."	"Lang.dat: Talk.PirateClan.Attack.PlayerFear4. Preserve every <tag> exactly. English reference: No way! He'll scatter us like we were kittens! For your information, they are cubs of these small domestic animals on planet Earth."	"Talk"	""
"/Talk/PirateClan/Attack/PlayerHaveBusiness"	"Я сейчас очень занят, мне некогда даже рассматривать твое предложение."	"Lang.dat: Talk.PirateClan.Attack.PlayerHaveBusiness. Preserve every <tag> exactly. English reference: I am too busy now to even consider your proposal."	"Talk"	""
"/Talk/PirateClan/Attack/PlayerHaveBusiness1"	"Я крайне занят, прошу простить мой отказ."	"Lang.dat: Talk.PirateClan.Attack.PlayerHaveBusiness1. Preserve every <tag> exactly. English reference: I am sorry to say no, but I am very busy now."	"Talk"	""
"/Talk/PirateClan/Attack/PlayerHaveBusiness2"	"Извини, у меня сейчас совсем другие планы. Может, как-нибудь в другой раз?"	"Lang.dat: Talk.PirateClan.Attack.PlayerHaveBusiness2. Preserve every <tag> exactly. English reference: Sorry, I have other plans for now. Some other time, perhaps?"	"Talk"	""
"/Talk/PirateClan/Attack/PlayerHaveBusiness3"	"Хм, я бы тебе помог, но уж очень занят сейчас. Так что на меня можешь не рассчитывать."	"Lang.dat: Talk.PirateClan.Attack.PlayerHaveBusiness3. Preserve every <tag> exactly. English reference: Well, I could help you, but I am just too busy at the moment. So count me out."	"Talk"	""
"/Talk/PirateClan/Attack/PlayerHaveBusiness4"	"К сожалению, я сейчас занят, и ничем тебе помочь не могу."	"Lang.dat: Talk.PirateClan.Attack.PlayerHaveBusiness4. Preserve every <tag> exactly. English reference: Unfortunately, I am busy now and can't help you."	"Talk"	""
"/Talk/PirateClan/Attack/PlayerItsMyTranc"	"Ты реально сейчас хочешь заставить меня атаковать своего собственного робота? Ну удачи, чё."	"Lang.dat: Talk.PirateClan.Attack.PlayerItsMyTranc. Preserve every <tag> exactly. English reference: Are you really trying to force me attack my own robot? Well, good luck to you."	"Talk"	""
"/Talk/PirateClan/Attack/PlayerItsYourTranc"	"Слушай, если тебе нравится ломать своих собственных роботов - без проблем. Главное, меня в эти дела не впутывай."	"Lang.dat: Talk.PirateClan.Attack.PlayerItsYourTranc. Preserve every <tag> exactly. English reference: Hey, if you like breaking your own robots - no problem. Just don't drag me into it, okay?"	"Talk"	""
"/Talk/PirateClan/Attack/PlayerOffersAttack"	"Предлагаю совместное нападение"	"Lang.dat: Talk.PirateClan.Attack.PlayerOffersAttack. Preserve every <tag> exactly. English reference: I suggest we mount a joint attack."	"Talk"	""
"/Talk/PirateClan/Attack/PlayerOffersAttack1"	"Как насчет совместного нападения?"	"Lang.dat: Talk.PirateClan.Attack.PlayerOffersAttack1. Preserve every <tag> exactly. English reference: How about we mount a joint attack?"	"Talk"	""
"/Talk/PirateClan/Attack/PlayerOffersAttack2"	"Поможешь мне в битве с одним типом?"	"Lang.dat: Talk.PirateClan.Attack.PlayerOffersAttack2. Preserve every <tag> exactly. English reference: Will you help me fight this dude?"	"Talk"	""
"/Talk/PirateClan/Attack/PlayerOffersAttack3"	"Давай вместе сразимся кое с кем?"	"Lang.dat: Talk.PirateClan.Attack.PlayerOffersAttack3. Preserve every <tag> exactly. English reference: How about we fight someone together?"	"Talk"	""
"/Talk/PirateClan/Attack/PlayerOffersAttack4"	"Примешь участие в совместной атаке?"	"Lang.dat: Talk.PirateClan.Attack.PlayerOffersAttack4. Preserve every <tag> exactly. English reference: Will you join the attack?"	"Talk"	""
"/Talk/PirateClan/Attack/PlayerOk"	"Согласен. Берем его в кольцо и атакуем."	"Lang.dat: Talk.PirateClan.Attack.PlayerOk. Preserve every <tag> exactly. English reference: I agree. Let's surround him and attack."	"Talk"	""
"/Talk/PirateClan/Attack/PlayerOk1"	"Отлично, сделаем его! Я захожу с тыла, а ты атакуй в лоб."	"Lang.dat: Talk.PirateClan.Attack.PlayerOk1. Preserve every <tag> exactly. English reference: Great, let's do him in! I'll hit him in the back while you mount a frontal attack."	"Talk"	""
"/Talk/PirateClan/Attack/PlayerOk2"	"Заметано! Атакуй его, я скоро присоединюсь."	"Lang.dat: Talk.PirateClan.Attack.PlayerOk2. Preserve every <tag> exactly. English reference: Count me in! Commence the attack, I'll join you in a moment."	"Talk"	""
"/Talk/PirateClan/Attack/PlayerOk3"	"А что, мне нравится эта идея. Уже лечу!"	"Lang.dat: Talk.PirateClan.Attack.PlayerOk3. Preserve every <tag> exactly. English reference: You know what, I like this idea. I'm on my way!"	"Talk"	""
"/Talk/PirateClan/Attack/PlayerOk4"	"О'кей, мне он тоже не нравится. Я согласен тебе помочь. Компьютер, орудия к бою!"	"Lang.dat: Talk.PirateClan.Attack.PlayerOk4. Preserve every <tag> exactly. English reference: OK, I don't like him much either. I'll help you. Computer! Guns at the ready!"	"Talk"	""
"/Talk/PirateClan/Attack/PlayerSend"	"Предлагаю организовать атаку на <Target>."	"Lang.dat: Talk.PirateClan.Attack.PlayerSend. Preserve every <tag> exactly. English reference: I suggest we attack <Target>."	"Talk"	""
"/Talk/PirateClan/Attack/PlayerSend1"	"Как насчет совместной атаки на <Target>?"	"Lang.dat: Talk.PirateClan.Attack.PlayerSend1. Preserve every <tag> exactly. English reference: How about a joint attack on <Target>?"	"Talk"	""
"/Talk/PirateClan/Attack/PlayerSend2"	"Я атакую <Target>. Присоединяйся, если есть желание кого-нибудь прикончить."	"Lang.dat: Talk.PirateClan.Attack.PlayerSend2. Preserve every <tag> exactly. English reference: I am about to attack <Target>. Join me if you feel like whacking someone."	"Talk"	""
"/Talk/PirateClan/Attack/PlayerSend3"	"Не поможешь мне в битве с <Target>?"	"Lang.dat: Talk.PirateClan.Attack.PlayerSend3. Preserve every <tag> exactly. English reference: Will you help me fight with <Target>?"	"Talk"	""
"/Talk/PirateClan/Attack/PlayerSend4"	"Хочешь принять участие в битве с <Target>? Присоединяйся, пока я его не добил окончательно!"	"Lang.dat: Talk.PirateClan.Attack.PlayerSend4. Preserve every <tag> exactly. English reference: Feel like joining the attack on <Target>? Join me before I finish him off all by myself!"	"Talk"	""
"/Talk/PirateClan/Attack/PlayerWeFriends"	"Я не собираюсь атаковывать дружественный по отношению ко мне корабль."	"Lang.dat: Talk.PirateClan.Attack.PlayerWeFriends. Preserve every <tag> exactly. English reference: I am not going to attack a friendly ship."	"Talk"	""
"/Talk/PirateClan/Attack/PlayerWeFriends1"	"Я не открою огонь по своим."	"Lang.dat: Talk.PirateClan.Attack.PlayerWeFriends1. Preserve every <tag> exactly. English reference: I am not going to open up on the friendlies."	"Talk"	""
"/Talk/PirateClan/Attack/PlayerWeFriends2"	"Ты что, мы же с ним друзья! Лучше отстань от него, иначе будешь иметь дело со мной."	"Lang.dat: Talk.PirateClan.Attack.PlayerWeFriends2. Preserve every <tag> exactly. English reference: What are you talking about? He and I, we are buddies. Better leave him alone, or you'll have me to deal with as well."	"Talk"	""
"/Talk/PirateClan/Attack/PlayerWeFriends3"	"По-твоему, я похож на предателя? Капитан этого корабля - мой друг! Я не собираюсь сражаться с ним."	"Lang.dat: Talk.PirateClan.Attack.PlayerWeFriends3. Preserve every <tag> exactly. English reference: Do I look like a traitor to you? The skipper of this ship is my friend! I am not going to fight him."	"Talk"	""
"/Talk/PirateClan/Attack/PlayerWeFriends4"	"Ты обращаешься не по адресу. Я не стану тебе помогать, потому что капитан этого корабля - мой хороший знакомый. И тебе не советую на него наезжать!"	"Lang.dat: Talk.PirateClan.Attack.PlayerWeFriends4. Preserve every <tag> exactly. English reference: Wrong number! I am not going to help you because I know the captain of this ship very well. If I were you, I wouldn't mess with him."	"Talk"	""
"/Talk/PirateClan/Attack/PlayerWeFriendsTranc"	"Атаковать чужого робота? Нет уж, увольте."	"Lang.dat: Talk.PirateClan.Attack.PlayerWeFriendsTranc. Preserve every <tag> exactly. English reference: Attack someone else's robot? No, thank you."	"Talk"	""
"/Talk/PirateClan/Attack/PlayerWeFriendsTranc1"	"Ввязываться в бессмысленный бой с чужой вещью я не намерен."	"Lang.dat: Talk.PirateClan.Attack.PlayerWeFriendsTranc1. Preserve every <tag> exactly. English reference: I don't want to get involved in meaningless battle with someone else's thing."	"Talk"	""
"/Talk/PirateClan/Attack/PlayerWeFriendsTranc2"	"А я, вообще-то, люблю транклюкаторов, и без причины делать им больно не хочу."	"Lang.dat: Talk.PirateClan.Attack.PlayerWeFriendsTranc2. Preserve every <tag> exactly. English reference: No thanks. I like tranclucators and don't wanna hurt them for no reason."	"Talk"	""
"/Talk/PirateClan/Attack/WeAlreadyHavePact"	"Я не могу принять это предложение, потому как имею мирное соглашение с <Target>."	"Lang.dat: Talk.PirateClan.Attack.WeAlreadyHavePact. Preserve every <tag> exactly. English reference: I cannot acquiesce since I have a truce with <Target>."	"Talk"	""
"/Talk/PirateClan/Attack/WeAlreadyHavePact1"	"Ты чего, я же обещал охрану <Target>, как я могу на него напасть?.."	"Lang.dat: Talk.PirateClan.Attack.WeAlreadyHavePact1. Preserve every <tag> exactly. English reference: What are you talking about? I signed up to provide protection to <Target>. I can't attack him!"	"Talk"	""
"/Talk/PirateClan/Attack/WeAlreadyHavePact2"	"У нас с <Target> мирное соглашение, так что ничего не получится. Уж извини."	"Lang.dat: Talk.PirateClan.Attack.WeAlreadyHavePact2. Preserve every <tag> exactly. English reference: I have a truce with <Target>, so it's not going to work. Sorry, man."	"Talk"	""
"/Talk/PirateClan/Attack/WeAlreadyHavePact3"	"Ничего не выйдет, мы с <Target> договорились не нападать друг на друга."	"Lang.dat: Talk.PirateClan.Attack.WeAlreadyHavePact3. Preserve every <tag> exactly. English reference: Ain't gonna work, <Target> and myself have agreed not to attack each other."	"Talk"	""
"/Talk/PirateClan/Attack/WeAlreadyHavePact4"	"Напасть на <Target>? Нет, я не могу на это пойти. У нас с ним мирное соглашение."	"Lang.dat: Talk.PirateClan.Attack.WeAlreadyHavePact4. Preserve every <tag> exactly. English reference: Attack <Target>? No, I can't do that. We have a truce."	"Talk"	""
"/Talk/PirateClan/Cancel"	"Отмена"	"Lang.dat: Talk.PirateClan.Cancel. Preserve every <tag> exactly. English reference: Cancel"	"Talk"	""
"/Talk/PirateClan/Count/0Day"	"дней"	"Lang.dat: Talk.PirateClan.Count.0Day. Preserve every <tag> exactly. English reference: days"	"Talk"	""
"/Talk/PirateClan/Count/0Unit"	"единиц"	"Lang.dat: Talk.PirateClan.Count.0Unit. Preserve every <tag> exactly. English reference: units"	"Talk"	""
"/Talk/PirateClan/Count/1Day"	"день"	"Lang.dat: Talk.PirateClan.Count.1Day. Preserve every <tag> exactly. English reference: day"	"Talk"	""
"/Talk/PirateClan/Count/1Unit"	"единица"	"Lang.dat: Talk.PirateClan.Count.1Unit. Preserve every <tag> exactly. English reference: unit"	"Talk"	""
"/Talk/PirateClan/Count/2Day"	"дня"	"Lang.dat: Talk.PirateClan.Count.2Day. Preserve every <tag> exactly. English reference: day"	"Talk"	""
"/Talk/PirateClan/Count/2Unit"	"единицы"	"Lang.dat: Talk.PirateClan.Count.2Unit. Preserve every <tag> exactly. English reference: unit"	"Talk"	""
"/Talk/PirateClan/DropGoodsInFear/Drop"	"<FullShipBad>! Я согласен расстаться с частью своего груза. Прошу оставить меня в покое."	"Lang.dat: Talk.PirateClan.DropGoodsInFear.Drop. Preserve every <tag> exactly. English reference: <FullShipBad>! I'm willing to surrender some of my cargo. Now please leave me alone."	"Talk"	""
"/Talk/PirateClan/DropGoodsInFear/Drop1/0"	"Эй! <FullShipBad>! Ты меня слышишь? Я готов выкинуть груз!!!"	"Lang.dat: Talk.PirateClan.DropGoodsInFear.Drop1.0. Preserve every <tag> exactly. English reference: Hey! <FullShipBad>! Do you hear me? I'm ready to dump my cargo!!!"	"Talk"	""
"/Talk/PirateClan/DropGoodsInFear/Drop1/1"	"Прекрати меня преследовать."	"Lang.dat: Talk.PirateClan.DropGoodsInFear.Drop1.1. Preserve every <tag> exactly. English reference: Now quit following me."	"Talk"	""
"/Talk/PirateClan/DropGoodsInFear/Drop2/0"	"Всем кораблям в системе <Star>! Прошу обратить ваше внимание на мой жест доброй воли."	"Lang.dat: Talk.PirateClan.DropGoodsInFear.Drop2.0. Preserve every <tag> exactly. English reference: Attention all ships in the <Star> system! Please note my gesture of good will."	"Talk"	""
"/Talk/PirateClan/DropGoodsInFear/Drop2/1"	"Я избавляюсь от части груза в пользу судна <FullShipBad>, которое меня преследует."	"Lang.dat: Talk.PirateClan.DropGoodsInFear.Drop2.1. Preserve every <tag> exactly. English reference: I am releasing some of my cargo to <FullShipBad>, who's pursuing me."	"Talk"	""
"/Talk/PirateClan/Exit"	"Конец связи"	"Lang.dat: Talk.PirateClan.Exit. Preserve every <tag> exactly. English reference: End of transmission"	"Talk"	""
"/Talk/PirateClan/Goods/AnswerNotGoods"	"Возможно, эти требования справедливы. Но у меня на борту нет груза."	"Lang.dat: Talk.PirateClan.Goods.AnswerNotGoods. Preserve every <tag> exactly. English reference: Perhaps these demands are just. But I haven't got any cargo on board."	"Talk"	""
"/Talk/PirateClan/Goods/AnswerNotGoods1"	"Я только что разгрузился, иду совсем пустой. Прости меня. В другой раз отдам все, что есть."	"Lang.dat: Talk.PirateClan.Goods.AnswerNotGoods1. Preserve every <tag> exactly. English reference: I've just unloaded and my cargo bay is completely empty. I'm sorry. Next time I'll give you everything I've got."	"Talk"	""
"/Talk/PirateClan/Goods/AnswerNotGoods2"	"Я ничего не могу вам предложить, кроме кильки в томатном соусе. Ах да, и кильки тоже не осталось!"	"Lang.dat: Talk.PirateClan.Goods.AnswerNotGoods2. Preserve every <tag> exactly. English reference: I've got nothing for you except for some canned anchovies in tomato sauce. Oh, check that, even the anchovies are gone!"	"Talk"	""
"/Talk/PirateClan/Goods/AnswerNotGoods3"	"Вынужден разочаровать, но никакого груза у меня на борту нет. Попроси что-нибудь другое."	"Lang.dat: Talk.PirateClan.Goods.AnswerNotGoods3. Preserve every <tag> exactly. English reference: Sorry to disappoint you, but I'm not carrying any cargo. Ask me something else."	"Talk"	""
"/Talk/PirateClan/Goods/AnswerNotGoods4"	"Ну насмешил! Нет у меня груза, ясно? Трюм пуст. Хоть на кусочки режь, все равно ничего не найдешь!"	"Lang.dat: Talk.PirateClan.Goods.AnswerNotGoods4. Preserve every <tag> exactly. English reference: Well, that's rich! I'm not carrying any cargo, got it? My cargo bay is empty. You can cut me into tiny little pieces, you still won't find anything!"	"Talk"	""
"/Talk/PirateClan/Goods/PirateLongDistance"	"Прежде чем ты подлетишь, я раз десять выкину груз в космос и подберу его снова. И ты всё равно не догонишь меня и не получишь груз."	"Lang.dat: Talk.PirateClan.Goods.PirateLongDistance. Preserve every <tag> exactly. English reference: I could dump my cargo and pick it back up a dozen times before you even get close to me. And you still won't catch me and get my goods."	"Talk"	""
"/Talk/PirateClan/Goods/PirateLongDistance1"	"Ты угрожаешь мне из такой дали, что я тебя даже не вижу, как будто твой голос звучит ниоткуда. Скорей уж я решу, что у меня чекумаш, чем поделюсь с тобой своей добычей."	"Lang.dat: Talk.PirateClan.Goods.PirateLongDistance1. Preserve every <tag> exactly. English reference: You threaten me from so far away that I don't even see you -- all I hear is your voice. I'll sooner admit to catching chekumash than share my bounty with you."	"Talk"	""
"/Talk/PirateClan/Goods/PirateLongDistance2"	"Буду считать, что ты шутишь. Даже если я подчинюсь и выкину груз, то он испортится под действием космической радиации, пока ты до него доползёшь."	"Lang.dat: Talk.PirateClan.Goods.PirateLongDistance2. Preserve every <tag> exactly. English reference: I imagine you're joking. Even if I comply and dump the cargo, the cosmic radiation will ruin it by the time you get here."	"Talk"	""
"/Talk/PirateClan/Goods/PirateLongDistance3"	"У меня полно важных дел. Буду ещё отвлекаться на твой голос из другого квадрата системы."	"Lang.dat: Talk.PirateClan.Goods.PirateLongDistance3. Preserve every <tag> exactly. English reference: I have many important matters to tend to. And entertaining a call from another quadrant of the system isn't one of them."	"Talk"	""
"/Talk/PirateClan/Goods/PirateLongDistance4"	"Что-что? Вас плохо слышно! Перезвоните, пожалуйста, когда подлетите поближе. Отбой."	"Lang.dat: Talk.PirateClan.Goods.PirateLongDistance4. Preserve every <tag> exactly. English reference: What was that? You're not coming in clear. Please call back once you get a little closer. Hanging up."	"Talk"	""
"/Talk/PirateClan/Goods/PirateNo"	"Корабль мой, добыча моя. Своего без боя не отдам."	"Lang.dat: Talk.PirateClan.Goods.PirateNo. Preserve every <tag> exactly. English reference: This is my ship and my booty. And I won't give it up without a fight."	"Talk"	""
"/Talk/PirateClan/Goods/PirateNo1"	"Это наезд? Наезжаешь на пирата? Лучше на доминаторов с такими предъявами наезжай, результат будет тот же."	"Lang.dat: Talk.PirateClan.Goods.PirateNo1. Preserve every <tag> exactly. English reference: Is this a shakedown? You're trying to shake down a pirate? Heh, you might as well try shaking down a dominator for all the good it'll do you!"	"Talk"	""
"/Talk/PirateClan/Goods/PirateNo2"	"Нет, тысяча пенчекряков! Просто нет!"	"Lang.dat: Talk.PirateClan.Goods.PirateNo2. Preserve every <tag> exactly. English reference: No, a thousand penchecrakuses! I said no!"	"Talk"	""
"/Talk/PirateClan/Goods/PirateNo3"	"Вы ошиблись адресом, юноша. Тут не выдают гуманитарную помощь."	"Lang.dat: Talk.PirateClan.Goods.PirateNo3. Preserve every <tag> exactly. English reference: You must be mistaken, young man. We don't dispense humanitarian aid here."	"Talk"	""
"/Talk/PirateClan/Goods/PirateNo4"	"Ты не убедителен. Когда наезжаешь на других, сделай что ли голос посуровее. А то своим писклявым фальцетом ты можешь только рассмешить."	"Lang.dat: Talk.PirateClan.Goods.PirateNo4. Preserve every <tag> exactly. English reference: You're not very persuasive. When you're trying to stick up somebody, at least try to make your voice sound more stern. 'Cause this squealing falsetto of yours is only good for a laugh."	"Talk"	""
"/Talk/PirateClan/Goods/PirateOk"	"Твоя взяла, коллега. Забирай барахло."	"Lang.dat: Talk.PirateClan.Goods.PirateOk. Preserve every <tag> exactly. English reference: You win, colleague. Take this garbage."	"Talk"	""
"/Talk/PirateClan/Goods/PirateOk1"	"Шут с тобой, достал ты меня. Выбрасываю груз. Всё равно у меня на складе ещё есть."	"Lang.dat: Talk.PirateClan.Goods.PirateOk1. Preserve every <tag> exactly. English reference: Have it your way, I'm tired of this. Dumping my cargo. I've got more in storage anyway."	"Talk"	""
"/Talk/PirateClan/Goods/PirateOk2"	"Хорошо, хорошо. Сейчас не время выяснять отношения. Сегодня уступлю, но в другой раз тебе всё припомню."	"Lang.dat: Talk.PirateClan.Goods.PirateOk2. Preserve every <tag> exactly. English reference: Fine, fine. This is no time to battle it out. I'll give in this time, but I won't forget it."	"Talk"	""
"/Talk/PirateClan/Goods/PirateOk3"	"Ты настолько суров, что даже Барон тебя бы испугался. Держи хабар."	"Lang.dat: Talk.PirateClan.Goods.PirateOk3. Preserve every <tag> exactly. English reference: You're so harsh, even a Baron would be scared of you. Take the loot."	"Talk"	""
"/Talk/PirateClan/Goods/PirateOk4"	"Ваш покорный слуга счёл Ваши аргументы настолько убедительными, что неожиданно вспомнил школьные уроки изящной словесности. Извольте принять и оценить сей жест доброй воли, сударь."	"Lang.dat: Talk.PirateClan.Goods.PirateOk4. Preserve every <tag> exactly. English reference: Your humble servant found your arguments so persuasive that he was immediately reminded of lessons in eloquence from his school days. I'd be delighted if you would accept this gesture of good will with due appreciation, good sir."	"Talk"	""
"/Talk/PirateClan/Goods/PlayerLongDistance"	"Что-что? Я плохо слышу, помехи в эфире... Подлети поближе, тогда и поговорим."	"Lang.dat: Talk.PirateClan.Goods.PlayerLongDistance. Preserve every <tag> exactly. English reference: What was that? I can barely hear over the static... Come closer, then we'll talk."	"Talk"	""
"/Talk/PirateClan/Goods/PlayerLongDistance1"	"Мне кажется, что даже если ты и сильней, то уж точно не быстрей меня. Ты попробуй догнать меня для начала, а потом уж приставай с подобными заявлениями и угрозами!"	"Lang.dat: Talk.PirateClan.Goods.PlayerLongDistance1. Preserve every <tag> exactly. English reference: You may be packing more firepower than me, but you're definitely not faster. Try to catch me first before you start spewing demands and threats!"	"Talk"	""
"/Talk/PirateClan/Goods/PlayerLongDistance2"	"Я с дебилами не разговариваю без крайней нужды. А как иначе назвать гуманоида, который еще не догнал меня, а уже требует груз?"	"Lang.dat: Talk.PirateClan.Goods.PlayerLongDistance2. Preserve every <tag> exactly. English reference: I don't entertain imbeciles for no good reason. What else can I call a humanoid who starts demanding cargo before actually catching me?"	"Talk"	""
"/Talk/PirateClan/Goods/PlayerLongDistance3"	"Круто, круто. Твоя уверенность в своих силах просто поражает. Ты не допускаешь и тени мысли, что не сможешь меня догнать. А я вот допускаю, ха-ха! Поэтому, пожалуй, все-таки рискну не выполнить твое требование..."	"Lang.dat: Talk.PirateClan.Goods.PlayerLongDistance3. Preserve every <tag> exactly. English reference: Sure, fella, you're tough. Your arrogance is astounding. You don't even allow the possibility that you can't catch me... But I do, ha-ha! And so I'll risk not complying with your demands..."	"Talk"	""
"/Talk/PirateClan/Goods/PlayerLongDistance4"	"Подкрадись поближе, пожалуйста, а то очень хочется набить тебе морду, но лень так далеко лететь."	"Lang.dat: Talk.PirateClan.Goods.PlayerLongDistance4. Preserve every <tag> exactly. English reference: Come closer, please; I would love to give you a whooping, but I don't feel like flying so far."	"Talk"	""
"/Talk/PirateClan/Goods/PlayerNo"	"Я сегодня в плохом настроении. Не советую раздражать меня своими притязаниями. Груз мой, и точка! Ты лучше уймись, пока я не разозлился."	"Lang.dat: Talk.PirateClan.Goods.PlayerNo. Preserve every <tag> exactly. English reference: I'm in no mood for nonsense today. I suggest you don't bug me with it. The cargo is mine, period! Now pipe down before I get angry."	"Talk"	""
"/Talk/PirateClan/Goods/PlayerNo1"	"Вот те на! Какие-то недоношенные претендуют на мой груз! Ты лучше уймись, пока я не показал тебе, где клисаны зимуют... Да ты, наверное, и не знаешь, кто такие клисаны."	"Lang.dat: Talk.PirateClan.Goods.PlayerNo1. Preserve every <tag> exactly. English reference: I don't believe it! Some runt is laying claim to my cargo! Hush, laddie, before your mouth writes a check your ship can't cash... You follow me?"	"Talk"	""
"/Talk/PirateClan/Goods/PlayerNo2"	"А ты шутить любишь, я смотрю. Груза моего хочешь? Лучше улетай отсюда, пока твой корабль еще цел. Так и быть, на первый раз я тебя прощаю."	"Lang.dat: Talk.PirateClan.Goods.PlayerNo2. Preserve every <tag> exactly. English reference: My, you're a funny one to be demanding my cargo! How about you get lost while still in one piece? I'll forgive this first offense of yours."	"Talk"	""
"/Talk/PirateClan/Goods/PlayerNo3"	"Ты как разговариваешь с бесстрашным защитником Галактики? В морду захотелось? Не будет тебе никакого груза, и точка."	"Lang.dat: Talk.PirateClan.Goods.PlayerNo3. Preserve every <tag> exactly. English reference: Is this how you talk to a fearless defender of the Galaxy? You wanna get smacked? You're not getting any cargo, and that's that."	"Talk"	""
"/Talk/PirateClan/Goods/PlayerNo4"	"Я не замараю честь рейнджера позорной капитуляцией без боя. Попробуй отнять у меня груз, если он тебе так нужен!"	"Lang.dat: Talk.PirateClan.Goods.PlayerNo4. Preserve every <tag> exactly. English reference: I do not intend to besmirch my ranger's honor by disgracefully capitulating without a fight. If you really want my cargo, try and take it from me!"	"Talk"	""
"/Talk/PirateClan/Goods/PlayerNotGoods"	"Возможно, эти требования справедливы. Но у меня на борту нет груза."	"Lang.dat: Talk.PirateClan.Goods.PlayerNotGoods. Preserve every <tag> exactly. English reference: Perhaps these demands are just. But I haven't got any cargo on board."	"Talk"	""
"/Talk/PirateClan/Goods/PlayerNotGoods1"	"Я только что разгрузился, иду совсем пустой. Прости меня. В другой раз отдам все, что есть."	"Lang.dat: Talk.PirateClan.Goods.PlayerNotGoods1. Preserve every <tag> exactly. English reference: I've just unloaded and my cargo bay is completely empty. I'm sorry. Next time I'll give you everything I've got."	"Talk"	""
"/Talk/PirateClan/Goods/PlayerNotGoods2"	"Я ничего не могу вам предложить, кроме кильки в томатном соусе. Ах да, и кильки тоже не осталось!"	"Lang.dat: Talk.PirateClan.Goods.PlayerNotGoods2. Preserve every <tag> exactly. English reference: I've got nothing for you except for some canned anchovies in tomato sauce. Oh, check that, even the anchovies are gone!"	"Talk"	""
"/Talk/PirateClan/Goods/PlayerNotGoods3"	"Вынужден разочаровать, но никакого груза у меня на борту нет. Попроси что-нибудь другое."	"Lang.dat: Talk.PirateClan.Goods.PlayerNotGoods3. Preserve every <tag> exactly. English reference: Sorry to disappoint you, but I'm not carrying any cargo. Ask me something else."	"Talk"	""
"/Talk/PirateClan/Goods/PlayerNotGoods4"	"Ну насмешил! Нет у меня груза, ясно? Трюм пуст. Хоть на кусочки режь, все равно ничего не найдешь!"	"Lang.dat: Talk.PirateClan.Goods.PlayerNotGoods4. Preserve every <tag> exactly. English reference: Well, that's rich! I'm not carrying any cargo, got it? My cargo bay is empty. You can cut me into tiny little pieces, you still won't find anything!"	"Talk"	""
"/Talk/PirateClan/Goods/PlayerOk"	"Я согласен отдать часть груза, только не стреляй."	"Lang.dat: Talk.PirateClan.Goods.PlayerOk. Preserve every <tag> exactly. English reference: I'm willing to give away some of my cargo, just don't shoot."	"Talk"	""
"/Talk/PirateClan/Goods/PlayerOk1"	"Хорошо-хорошо, я отдам часть груза. Не люблю ссориться."	"Lang.dat: Talk.PirateClan.Goods.PlayerOk1. Preserve every <tag> exactly. English reference: Fine, fine, I'll give you some of my cargo. I prefer to avoid fighting."	"Talk"	""
"/Talk/PirateClan/Goods/PlayerOk2"	"Ладно, так и быть, подавись этим грузом. Выкидываю. Только, прошу, не надо пальбы, она мне спать мешает."	"Lang.dat: Talk.PirateClan.Goods.PlayerOk2. Preserve every <tag> exactly. English reference: Fine, you can choke on this cargo! I'm dumping it. Just, please, no shooting -- it disturbs my sleep."	"Talk"	""
"/Talk/PirateClan/Goods/PlayerOk3"	"Вот прицепился на мою голову! Что ж, сейчас выкину груз. Только отвали от меня. Я тебе не муляж для отработки навыков пилотирования."	"Lang.dat: Talk.PirateClan.Goods.PlayerOk3. Preserve every <tag> exactly. English reference: My rotten luck running into you! I guess I have to dump the cargo now. Just leave me alone. I'm not some dummy for you to hone your piloting skills against."	"Talk"	""
"/Talk/PirateClan/Goods/PlayerOk4"	"Что б у тебя захват сломался, морда ты этакая! Ладно, держи груз, сейчас выкину."	"Lang.dat: Talk.PirateClan.Goods.PlayerOk4. Preserve every <tag> exactly. English reference: May your gripper break at the worst possible moment, douchebag! Find, take the cargo, I'm dumping it."	"Talk"	""
"/Talk/PirateClan/Goods/PlayerSend"	"Это ограбление! Жизнь или груз?"	"Lang.dat: Talk.PirateClan.Goods.PlayerSend. Preserve every <tag> exactly. English reference: This is a robbery! Your cargo or your life?"	"Talk"	""
"/Talk/PirateClan/Goods/PlayerSend1"	"Вытряхивай груз из трюма, если хочешь жить!"	"Lang.dat: Talk.PirateClan.Goods.PlayerSend1. Preserve every <tag> exactly. English reference: Dump your cargo if you want to live!"	"Talk"	""
"/Talk/PirateClan/Goods/PlayerSend2"	"Выбрось груз, а то отнимут. Кто? Да я, к примеру!"	"Lang.dat: Talk.PirateClan.Goods.PlayerSend2. Preserve every <tag> exactly. English reference: Dump the cargo before it's taken away. By whom? How about me!"	"Talk"	""
"/Talk/PirateClan/Goods/PlayerSend3"	"Мне нужен твой груз, отдай по-хорошему"	"Lang.dat: Talk.PirateClan.Goods.PlayerSend3. Preserve every <tag> exactly. English reference: I need your cargo, so let's do this the easy way"	"Talk"	""
"/Talk/PirateClan/Goods/PlayerSend4"	"Поделись грузом, или разнесу твое корыто"	"Lang.dat: Talk.PirateClan.Goods.PlayerSend4. Preserve every <tag> exactly. English reference: Share your cargo with me or I'll blast your bucket to pieces"	"Talk"	""
"/Talk/PirateClan/Goods/Send"	"Это моя территория, и мне чрезвычайно трудно ее охранять. Каждый корабль обязан делиться со мной частью своих грузов."	"Lang.dat: Talk.PirateClan.Goods.Send. Preserve every <tag> exactly. English reference: This is my turf, and it takes a great deal of effort to keep it secure. Every passing ship must therefore share some of its cargo with me."	"Talk"	""
"/Talk/PirateClan/Goods/Send1"	"Я требую выдачи твоего груза, иначе не отвечаю за свои действия. Каждый корабль обязан делиться со мной частью своих грузов."	"Lang.dat: Talk.PirateClan.Goods.Send1. Preserve every <tag> exactly. English reference: I demand that you release your cargo, or I may lose control and do something terrible. Every passing ship must therefore share some of its cargo with me."	"Talk"	""
"/Talk/PirateClan/Goods/Send2"	"Я занимаюсь сбором дани. Выкидывай груз, или будешь атакован!"	"Lang.dat: Talk.PirateClan.Goods.Send2. Preserve every <tag> exactly. English reference: I'm collecting tribute. Dump your cargo or I'll attack!"	"Talk"	""
"/Talk/PirateClan/Goods/Send3"	"Стой, приятель, это ограбление! Выкидывай груз, иначе худо тебе придется! Считаю до трех: раз, два, два с половиной, два и три четверти..."	"Lang.dat: Talk.PirateClan.Goods.Send3. Preserve every <tag> exactly. English reference: Freeze, buddy, this is a robbery! Dump your cargo or you'll be sorry! I'm counting to three: one, two, two and a half, two and three quarters..."	"Talk"	""
"/Talk/PirateClan/Goods/Send4"	"Предлагаю тебе ноль кредитов за весь груз, который есть у тебя в трюме. Такие вот грабительские условия сделки! Правда, выгодный контракт? Для меня выгодный, хе-хе! Впрочем, тебе еще останется твоя жизнь - в качестве бесплатного презента от фирмы!"	"Lang.dat: Talk.PirateClan.Goods.Send4. Preserve every <tag> exactly. English reference: I offer you zero credits for all the goods in your cargo bay. These are my special robber's terms! A lucrative deal, don't you agree? For me at least, he-he! But then you get to keep your life -- think of it as a company bonus!"	"Talk"	""
"/Talk/PirateClan/Goods/WeAlreadyHavePact"	"Мы ранее уже заключили мирное соглашение. Я не помню, чтобы в нем говорилось что-то о моем грузе."	"Lang.dat: Talk.PirateClan.Goods.WeAlreadyHavePact. Preserve every <tag> exactly. English reference: We've concluded a truce earlier. I don't remember it mentioning anything about my cargo."	"Talk"	""
"/Talk/PirateClan/Goods/WeAlreadyHavePact1"	"Ты чего снова лезешь, у нас ведь с тобой мирное соглашение?! Не будет тебе никакого груза!"	"Lang.dat: Talk.PirateClan.Goods.WeAlreadyHavePact1. Preserve every <tag> exactly. English reference: Still looking for a fight even after our truce?! You're not getting any cargo!"	"Talk"	""
"/Talk/PirateClan/Goods/WeAlreadyHavePact2"	"Ничего не дам. У нас с тобой мирное соглашение, между прочим. Посмотрите все на этого вероломного типа!"	"Lang.dat: Talk.PirateClan.Goods.WeAlreadyHavePact2. Preserve every <tag> exactly. English reference: I won't give you anything. You and I have a truce, or have you forgotten? Just look at this perfidious bastard!"	"Talk"	""
"/Talk/PirateClan/Goods/WeAlreadyHavePact3"	"Фиг тебе, а не груз! Мы уже заключили мирное соглашение, раньше надо было думать!"	"Lang.dat: Talk.PirateClan.Goods.WeAlreadyHavePact3. Preserve every <tag> exactly. English reference: You want my cargo? Get stuffed! We've concluded a truce earlier, you should have thunk ahead!"	"Talk"	""
"/Talk/PirateClan/Money/AnswerNotMoney"	"Извините, я хочу заплатить, но в данный момент не располагаю требуемой суммой."	"Lang.dat: Talk.PirateClan.Money.AnswerNotMoney. Preserve every <tag> exactly. English reference: Forgive me, I want to pay, but I'm currently lacking the required sum."	"Talk"	""
"/Talk/PirateClan/Money/AnswerNotMoney1"	"К сожалению, у меня не хватает денег. Прошу пощады."	"Lang.dat: Talk.PirateClan.Money.AnswerNotMoney1. Preserve every <tag> exactly. English reference: Unfortunately, I don't have enough money. Mercy!"	"Talk"	""
"/Talk/PirateClan/Money/AnswerNotMoney2"	"Откуда у меня такие деньги? Пожалей бедного космического трудягу!"	"Lang.dat: Talk.PirateClan.Money.AnswerNotMoney2. Preserve every <tag> exactly. English reference: Where would I get that kind of money? Have mercy on a poor space laborer!"	"Talk"	""
"/Talk/PirateClan/Money/AnswerNotMoney3"	"Я бы с радостью заплатил, да только вот денег у меня нет. Жизнь такая!"	"Lang.dat: Talk.PirateClan.Money.AnswerNotMoney3. Preserve every <tag> exactly. English reference: I would gladly pay, but I don't have the money. C'est la vie!"	"Talk"	""
"/Talk/PirateClan/Money/AnswerNotMoney4"	"Да где ж мне такие деньги взять? Думай, чего говоришь!"	"Lang.dat: Talk.PirateClan.Money.AnswerNotMoney4. Preserve every <tag> exactly. English reference: And where am I supposed to get that kind of money? Think about what you're saying!"	"Talk"	""
"/Talk/PirateClan/Money/AnswerNotMoney5"	"Ну, может, я бы и заплатил тебе, да только нету у меня таких денег."	"Lang.dat: Talk.PirateClan.Money.AnswerNotMoney5. Preserve every <tag> exactly. English reference: I would be willing to pay you, only I don't have that kind of money."	"Talk"	""
"/Talk/PirateClan/Money/AnswerNotMoney6"	"У меня при себе нет таких денег. Может, отпустишь меня, чтобы я слетал на планету <HomePlanet> и привез?.."	"Lang.dat: Talk.PirateClan.Money.AnswerNotMoney6. Preserve every <tag> exactly. English reference: I don't have that kind of money on me. Maybe you'll let me fly back to planet <HomePlanet> and bring the money?"	"Talk"	""
"/Talk/PirateClan/Money/AnswerNotMoney7"	"Сожалею, но у меня нет таких денег. Можешь убивать меня, только имей в виду, что я постараюсь подороже продать свою жизнь!.."	"Lang.dat: Talk.PirateClan.Money.AnswerNotMoney7. Preserve every <tag> exactly. English reference: I'm sorry, I don't have that kind of money. You can kill me, if you want, but I won't go down easy!"	"Talk"	""
"/Talk/PirateClan/Money/AnswerNotMoney8"	"Ох, я и рад бы заплатить, но такой кучи бабок у меня нет."	"Lang.dat: Talk.PirateClan.Money.AnswerNotMoney8. Preserve every <tag> exactly. English reference: I wouldn't mind paying, but I ain't got that kind of dough."	"Talk"	""
"/Talk/PirateClan/Money/AnswerNotMoney9"	"Я не располагаю требуемой суммой."	"Lang.dat: Talk.PirateClan.Money.AnswerNotMoney9. Preserve every <tag> exactly. English reference: I don't have the sum you're requesting."	"Talk"	""
"/Talk/PirateClan/Money/ComputerAsk"	"И сколько тебе надо?"	"Lang.dat: Talk.PirateClan.Money.ComputerAsk. Preserve every <tag> exactly. English reference: And how much do you want?"	"Talk"	""
"/Talk/PirateClan/Money/PirateLongDistance"	"Опять пранк-молебен пузыристов. Просят пожертвовать денег, а сами из гипера хоть бы раз высунулись. Шутники, блин. Ну и нечего на них обращать внимание."	"Lang.dat: Talk.PirateClan.Money.PirateLongDistance. Preserve every <tag> exactly. English reference: Must be those bubblists again with your prank-prayers. Asking for charity without even bothering to peek out from hyperspace. Blasted swindlers. Don't even deserve my attention."	"Talk"	""
"/Talk/PirateClan/Money/PirateLongDistance1"	"Мне определённо послышалось, что кто-то пытается вымогать у меня деньги. Наверное, я переутомился. Пора брать путёвку в рагобамские грязелечебницы, восстанавливать подорванную убийствами и грабежами психику."	"Lang.dat: Talk.PirateClan.Money.PirateLongDistance1. Preserve every <tag> exactly. English reference: I'm pretty sure I heard somebody try to extort money from me. I must be getting tired. It's time to take that vacation to a ragobam mud resort and recover my psyche, depleted by murder and mayhem."	"Talk"	""
"/Talk/PirateClan/Money/PirateLongDistance2"	"Прав был мой дедушка Сильвер. Пираты совершенно обленились, и даже угрожать с близкой дистанции всем поголовно влом. Щебечут чего-то через тридевять парсеков. Ну и пошли они на фиг с такими угрозами, салаги."	"Lang.dat: Talk.PirateClan.Money.PirateLongDistance2. Preserve every <tag> exactly. English reference: My uncle Silver was right. These pirates have gotten entirely too lazy -- they can't even be bothered to threaten you up close. Instead they just chirp from a dozen parcecs away. Screw them slackers and their threats!"	"Talk"	""
"/Talk/PirateClan/Money/PirateLongDistance3"	"Тот, кто сперва угрожает, а потом подходит на расстояние залпа, никогда не станет Бароном пиратов. Его попросту не заметят. Я вот тоже не заметил, хе-хе."	"Lang.dat: Talk.PirateClan.Money.PirateLongDistance3. Preserve every <tag> exactly. English reference: A pirate who threatens first and flies within shooting range after will never become a Baron. No one is ever going to notice him. Just as I didn't, he-he."	"Talk"	""
"/Talk/PirateClan/Money/PirateLongDistance4"	"Показать себя не желаешь. Догнать не можешь. Иди лесом, галлюцинация!"	"Lang.dat: Talk.PirateClan.Money.PirateLongDistance4. Preserve every <tag> exactly. English reference: You don't want to show yourself. You can't catch me. Begone, spirit!"	"Talk"	""
"/Talk/PirateClan/Money/PirateNo"	"По крайней мере, ты не пузырист и не шхеришься в гипере как последний трус. Но ты всё равно нестрашный, и моих денег не дождёшься. Точка."	"Lang.dat: Talk.PirateClan.Money.PirateNo. Preserve every <tag> exactly. English reference: At least you're not some craven bubblist holed up in hyperspace. But you're still not scary enough to earn my money. Period."	"Talk"	""
"/Talk/PirateClan/Money/PirateNo1"	"Поглядим, сколько у меня тут денег... Полтинник на заправку, десятка на чаевые таксисту, пять тысяч в общак картеля... Думаю, ремонт после боя обойдётся дешевле, чем разбазаривание моих кровных кредитов всяким соплякам, ха-ха."	"Lang.dat: Talk.PirateClan.Money.PirateNo1. Preserve every <tag> exactly. English reference: Let's see how much cash I've got on me... Fifty for fuel, ten to tip the cabbie, five grand for the cartel common fund... I think that after-battle repairs will cost me less than squandering my hard-earned credits to punks like you!"	"Talk"	""
"/Talk/PirateClan/Money/PirateNo2"	"Опять какой-то молокосос угрожает. Ох ты ж сколько их развелось. Летел бы ты подальше, пока мои ракеты тебя не догнали."	"Lang.dat: Talk.PirateClan.Money.PirateNo2. Preserve every <tag> exactly. English reference: Oh, look, there's another runt threatening me. Ya'll just keep multiplying. Keep flying, son, before my missiles do you in."	"Talk"	""
"/Talk/PirateClan/Money/PirateNo3"	"У меня обман слуха, или это угроза? А не видишь ли ты, что мои пушки круче твоих, и я размажу тебя только так? Не видишь? Ну-ну."	"Lang.dat: Talk.PirateClan.Money.PirateNo3. Preserve every <tag> exactly. English reference: Am I hearing things or was that a threat? Don't you see that my shooters will wipe the space floor with yours? You don't? Well, I'll be."	"Talk"	""
"/Talk/PirateClan/Money/PirateNo4"	"Пятый пациент за день. Весёлая же прогулка выдалась. Пора за молодёжь взяться всерьёз и отучить наконец от таких глупостей, как вымогание денег у пиратов. Наш картель слишком крут, чтобы прогибаться под всякую мелюзгу."	"Lang.dat: Talk.PirateClan.Money.PirateNo4. Preserve every <tag> exactly. English reference: You're my fifth patient for today. This turned out to be a fun trip. It's time we taught the younger generation the folly in shaking down pirates. Our cartel is too mighty to indulge random twerps."	"Talk"	""
"/Talk/PirateClan/Money/PirateNo5"	"Уважаемый пользователь! Напоминаем вам, что это не банкомат, а игровой автомат. Вы проиграли. Конец связи."	"Lang.dat: Talk.PirateClan.Money.PirateNo5. Preserve every <tag> exactly. English reference: Dear user! We wish to remind you that this is an arcade, not an ATM. You lost. End of transmission."	"Talk"	""
"/Talk/PirateClan/Money/PirateNo6"	"Кар-рамба! Почему я родился не в двадцатом веке? Тогда не было принято вымогать деньги у космических пиратов. А ещё не было принято пускать идиотов за штурвал!"	"Lang.dat: Talk.PirateClan.Money.PirateNo6. Preserve every <tag> exactly. English reference: Carramba! Why or why wasn't I born in the twentieth century? Back then you never saw anyone extorting money from space pirates, never mind letting idiots behind the helm!"	"Talk"	""
"/Talk/PirateClan/Money/PirateNo7"	"Ну почему всякий встречный-поперечный пытается драть деньги с нашего картеля? Все такие недоумки, что не понимают, раз мы самые богатые, то мы ещё и лучше всех вооружены? Убирай свои наезды обратно в ящик, всё равно денег с меня не получишь."	"Lang.dat: Talk.PirateClan.Money.PirateNo7. Preserve every <tag> exactly. English reference: Why is it that every Tom, Dick and Harry is trying to bleed our cartel for money? Are you people retarded? Don't you realize that being the richest also means we've got the best weapons? Take your smack talk and shove it, 'cause you won't get any dough from me anyway."	"Talk"	""
"/Talk/PirateClan/Money/PirateNo8"	"Хоть я и пират, но вежливые просьбы иногда выполняю. Твой наглёж похож на вежливую просьбу примерно так же, как твоя дырявая тыква на умную голову. Закрой канал и оставь надежду. Не поделюсь ни кредитом."	"Lang.dat: Talk.PirateClan.Money.PirateNo8. Preserve every <tag> exactly. English reference: I may be a pirate, but I've been known to indulge the occasional polite request. But your insolence is no more a polite request than your thick skull a brain worth saving. Close the channel and give it up. I won't share a single credit with you."	"Talk"	""
"/Talk/PirateClan/Money/PirateNo9"	"Это я с тебя должен требовать денег, гонять через полгалактики за пивом и вообще ставить на место. Если у тебя вправду мозгов больше, чем у штипа, отвяжись и прекрати заниматься глупостями."	"Lang.dat: Talk.PirateClan.Money.PirateNo9. Preserve every <tag> exactly. English reference: It is I who should be putting the squeeze on you, sending you on beer runs across the Galaxy and generally putting you in your place. If you really are smarter than a shtip, you'll quit while you're ahead."	"Talk"	""
"/Talk/PirateClan/Money/PirateOk"	"Сегодня у меня хорошее настроение, да и пушки некстати барахлят, хе-хе. Заплачу, так и быть."	"Lang.dat: Talk.PirateClan.Money.PirateOk. Preserve every <tag> exactly. English reference: I'm in a good mood today, and my shooters are malfunctioning besides, he-he. Very well, I'll pay."	"Talk"	""
"/Talk/PirateClan/Money/PirateOk1"	"В этот раз лучше заплачу. Считай это кредитом от нашего братства, который рано или поздно тебе придётся вернуть. Возможно, своей жизнью."	"Lang.dat: Talk.PirateClan.Money.PirateOk1. Preserve every <tag> exactly. English reference: This time around I'd rather pay. Consider this a loan from the brotherhood, one that you will need to repay sooner of later. Maybe even with your life."	"Talk"	""
"/Talk/PirateClan/Money/PirateOk2"	"Время - деньги, а времени на возню с тобой у меня ещё меньше, чем денег. Забирай свои гроши и проваливай."	"Lang.dat: Talk.PirateClan.Money.PirateOk2. Preserve every <tag> exactly. English reference: Time is money, and I've got even less time to waste on you than I've got money. So take your pennies and get lost."	"Talk"	""
"/Talk/PirateClan/Money/PirateOk3"	"Уломал. Вот же упёртый тип! Меня, пирата, и уломал. Держи."	"Lang.dat: Talk.PirateClan.Money.PirateOk3. Preserve every <tag> exactly. English reference: Ugh, fine! Stubborn bore, you've convinced me! Me, a pirate! Here, take it."	"Talk"	""
"/Talk/PirateClan/Money/PirateOk4"	"Стратагема Верховного Лякуши гласит: откупись сейчас, отомсти потом. Совет дня, можно сказать. Так что тебе повезло. Перевожу деньги и начинаю разрабатывать план мести. Удачи, грабитель!"	"Lang.dat: Talk.PirateClan.Money.PirateOk4. Preserve every <tag> exactly. English reference: A Supreme Lyakusha stratagem says, ""Pay off today, pay back tomorrow."" A sound advice, I say. So consider yourself lucky. I'm transferring the money and starting to plan my revenge. Good luck, robber man!"	"Talk"	""
"/Talk/PirateClan/Money/PirateOk5"	"Что-то мне как-то неуютно вдруг. Аж мурашки по коже. К чему бы это? У меня плохое предчувствие. Знаешь что? Ты тринадцатый за день, кто попытался меня ограбить. Двенадцать остались навеки болтаться в космосе посреди обломков. А тринадцать - число несчастливое. Наверное, мне пора прервать победную серию и откупиться подобру-поздорову."	"Lang.dat: Talk.PirateClan.Money.PirateOk5. Preserve every <tag> exactly. English reference: I'm starting to feel ill at ease somehow. Gooseflesh and all. What's the deal? I've got a bad feeling. You know what? You're the thirteenth dude today to try and rob me. The first twelve I've left floating amid space debris. But thirteen is an unlucky number. I feel like I should quit while I'm ahead and end my winning streak here."	"Talk"	""
"/Talk/PirateClan/Money/PirateOk6"	"Хорошо, вижу уже, что ты крутой. Вот твои деньги."	"Lang.dat: Talk.PirateClan.Money.PirateOk6. Preserve every <tag> exactly. English reference: Fine, fine, I can see that you're tough. Here's your dough."	"Talk"	""
"/Talk/PirateClan/Money/PirateOk7"	"Настоящий пират ценит свою жизнь и свою свободу. Жизнь одна, а кредиты в пиратском кармане заводятся быстро: как уйдут, так и придут. Принимай перевод."	"Lang.dat: Talk.PirateClan.Money.PirateOk7. Preserve every <tag> exactly. English reference: A true pirate values his life and his freedom. You only get one life, while credits are plentiful in a pirate's pocket: easy come, easy go. Hold for the transfer."	"Talk"	""
"/Talk/PirateClan/Money/PirateOk8"	"Заплачу. Но даже не думай повторить это снова. Оставшейся заначки мне хватит на новое оружие и даже на новый корабль. Ну ты понял. Конец связи."	"Lang.dat: Talk.PirateClan.Money.PirateOk8. Preserve every <tag> exactly. English reference: I'll pay. But I dare you to try this again with me. I've got enough in my secret stash for new weapons and even a new ship. You get what I'm saying. Over and out."	"Talk"	""
"/Talk/PirateClan/Money/PirateOk9"	"Твои запросы для меня - сущая мелочь. Проще откупиться и не заморачиваться. Но на будущее лучше куплю крейсер."	"Lang.dat: Talk.PirateClan.Money.PirateOk9. Preserve every <tag> exactly. English reference: Your demands are beyond trivial to me. It's easier to just pay you off. But going forward I'll buy myself a cruiser."	"Talk"	""
"/Talk/PirateClan/Money/PirateSumIsVeryBig"	"Для начала советую не разлетаться. Если я не сдержусь, то, глядишь, твой корабль всё-таки разлетится вместе с тобой раньше времени."	"Lang.dat: Talk.PirateClan.Money.PirateSumIsVeryBig. Preserve every <tag> exactly. English reference: For starters, I suggest you curb your demands. 'Cause if you make me mad, I may just curb your ship's ability to stay afloat."	"Talk"	""
"/Talk/PirateClan/Money/PirateSumIsVeryBig1"	"Когда пират соглашается на переговоры насчёт откупа, значит, видит в этом решении выгоду. Сейчас я вижу выгоду в том, чтобы ты прекратил путать меня с Верховным Бароном и умерил свои аппетиты."	"Lang.dat: Talk.PirateClan.Money.PirateSumIsVeryBig1. Preserve every <tag> exactly. English reference: When a pirate agrees to negotiate his ransom, that means he sees the benefit in this decision. The benefit I'm seeing currently is for you to quit mistaking me for a High Baron and rein in your appetite."	"Talk"	""
"/Talk/PirateClan/Money/PirateSumIsVeryBig2"	"Видно же, что ты не профи в нашем ремесле. Налетел сразу на пирата и называешь неприличные суммы. Держись скромнее, иначе нарвёшься на крупные неприятности."	"Lang.dat: Talk.PirateClan.Money.PirateSumIsVeryBig2. Preserve every <tag> exactly. English reference: Clearly, you're not a professional of our trade. How else do you explain putting the squeeze on a pirate with such outrageous amounts? Keep a bit more humble or you'll run into serious trouble."	"Talk"	""
"/Talk/PirateClan/Money/PirateSumIsVeryBig3"	"Согласиться согласился, но столько кредитов тебе не дам. Снижай ставку."	"Lang.dat: Talk.PirateClan.Money.PirateSumIsVeryBig3. Preserve every <tag> exactly. English reference: I'm willing, but you ain't getting that many credits. Lower your stake."	"Talk"	""
"/Talk/PirateClan/Money/PirateSumIsVeryBig4"	"С такими запросами надо не приставать к честным пиратам, а сразу грабить бизнес-центр."	"Lang.dat: Talk.PirateClan.Money.PirateSumIsVeryBig4. Preserve every <tag> exactly. English reference: With those demands you shouldn't be bullying honest pirates, but robbing business centers instead."	"Talk"	""
"/Talk/PirateClan/Money/PlayerLess"	"Меньше"	"Lang.dat: Talk.PirateClan.Money.PlayerLess. Preserve every <tag> exactly. English reference: Less"	"Talk"	""
"/Talk/PirateClan/Money/PlayerLongDistance"	"Ты вообще попробуй меня догнать сначала, а потом приставай с подобными заявлениями и угрозами!"	"Lang.dat: Talk.PirateClan.Money.PlayerLongDistance. Preserve every <tag> exactly. English reference: Try to catch me first before you start spewing demands and threats!"	"Talk"	""
"/Talk/PirateClan/Money/PlayerLongDistance1"	"Ты меня вообще-то догони сначала, а уж потом предъявляй претензии! Знаешь, какой у меня крутой двигатель?"	"Lang.dat: Talk.PirateClan.Money.PlayerLongDistance1. Preserve every <tag> exactly. English reference: Before you start making demands, try catching me first! You don't know how powerful my new engine is, do ya?"	"Talk"	""
"/Talk/PirateClan/Money/PlayerLongDistance2"	"Подлети-ка сначала поближе, тогда и выясним, кому принадлежат мои деньги..."	"Lang.dat: Talk.PirateClan.Money.PlayerLongDistance2. Preserve every <tag> exactly. English reference: Come a little closer, boy, then we'll see who owes money to whom..."	"Talk"	""
"/Talk/PirateClan/Money/PlayerLongDistance3"	"Дружок, твои пушки до меня сейчас не могут дотянуться, я слишком далеко! Подумай, что будет, если я откажусь заплатить?.. Ты погрозишь мне кулаком? Да, это будет действительно страшно..."	"Lang.dat: Talk.PirateClan.Money.PlayerLongDistance3. Preserve every <tag> exactly. English reference: Dude, I'm way outside the range of your shooters! What's going to happen if I refuse to pay? Will you blow steam out of your mouth? 'Cause that would be really, really scary..."	"Talk"	""
"/Talk/PirateClan/Money/PlayerLongDistance4"	"Ты действительно думаешь, что сможешь меня догнать и заставить отдать тебе деньги?.. Ну, что ж, попробуй, попробуй..."	"Lang.dat: Talk.PirateClan.Money.PlayerLongDistance4. Preserve every <tag> exactly. English reference: Do you really think you can catch me and shake me down? Well, go ahead and try!"	"Talk"	""
"/Talk/PirateClan/Money/PlayerLongDistance5"	"Ну, знаешь!.. Я, благородный рейнджер <Ship>, никогда не платил и не собираюсь платить деньги выродкам вроде тебя, особенно когда они находятся так далеко от меня!"	"Lang.dat: Talk.PirateClan.Money.PlayerLongDistance5. Preserve every <tag> exactly. English reference: Listen, man... I am noble ranger <Ship>. I have never paid tribute to degenerates like you, and I'm not about to start, especially when you're so far away!"	"Talk"	""
"/Talk/PirateClan/Money/PlayerLongDistance6"	"Тебе не повезло, я не из пугливых, особенно когда меня пытаются запугать с такого расстояния, ха-ха!.. Так что не будет тебе никаких денег!"	"Lang.dat: Talk.PirateClan.Money.PlayerLongDistance6. Preserve every <tag> exactly. English reference: I don't scare easily, especially when the bully is so far away, ha-ha! You can forget about getting paid!"	"Talk"	""
"/Talk/PirateClan/Money/PlayerLongDistance7"	"Не думаю, что ты сможешь меня догнать - слишком уж мы сейчас далеко друг от друга. Сам подумай, есть ли тогда для меня вообще смысл платить тебе деньги?.."	"Lang.dat: Talk.PirateClan.Money.PlayerLongDistance7. Preserve every <tag> exactly. English reference: I really don't think you'll be able to catch me -- we're too far from one another. Therefore, I don't see any reason to pay you anything!"	"Talk"	""
"/Talk/PirateClan/Money/PlayerLongDistance8"	"Мне почему-то совсем не страшно... Может быть, потому, что ты так далеко?.. Попробуй-ка сначала меня догнать, наглец, а уж потом вымогай деньги!"	"Lang.dat: Talk.PirateClan.Money.PlayerLongDistance8. Preserve every <tag> exactly. English reference: For some reason, I'm not at all scared... Could it be it's 'cause you're so far away? Try to catch me first, you jerk, before you start shaking me down!"	"Talk"	""
"/Talk/PirateClan/Money/PlayerMore"	"Больше"	"Lang.dat: Talk.PirateClan.Money.PlayerMore. Preserve every <tag> exactly. English reference: More"	"Talk"	""
"/Talk/PirateClan/Money/PlayerNo"	"Я никому не плачу денег, и моя честь выше любых притязаний. А мое раздражение может перейти в крайне жесткие меры. Я доступно все объяснил?!"	"Lang.dat: Talk.PirateClan.Money.PlayerNo. Preserve every <tag> exactly. English reference: I never pay tribute to anyone, for my honor is beyond reproach. Keep pestering me and I'll be forced to take extreme measures. Am I making myself clear?!"	"Talk"	""
"/Talk/PirateClan/Money/PlayerNo1"	"Буду считать это неудачной шуткой. Не стоит выводить меня из равновесия."	"Lang.dat: Talk.PirateClan.Money.PlayerNo1. Preserve every <tag> exactly. English reference: Let's call this a bad joke on your part. Don't push me, lest you regret it."	"Talk"	""
"/Talk/PirateClan/Money/PlayerNo2"	"Чей там голос из помойки?.. Уж не думаешь ли ты, грязная пародия на пирата, что сумеешь заставить меня, благородного рейнджера, поделиться с тобой своими деньгами?"	"Lang.dat: Talk.PirateClan.Money.PlayerNo2. Preserve every <tag> exactly. English reference: What's that voice coming from the gutter? Did you really think that a dirty pirate like you could coerce me, a noble ranger, into giving you my hard-earned money?"	"Talk"	""
"/Talk/PirateClan/Money/PlayerNo3"	"Денег моих требуешь? Ну и ну! Тебе, видно, жить надоело? Ничто не радует? Жизнь кажется серой и унылой? Стремишься принять смерть в бою? Бедняга! Что ж, я могу тебе это устроить..."	"Lang.dat: Talk.PirateClan.Money.PlayerNo3. Preserve every <tag> exactly. English reference: You are a complete fool if you thought that you could scare me. Get ready for battle, wretched pirate!"	"Talk"	""
"/Talk/PirateClan/Money/PlayerNo4"	"Иди поиграй в песочек, малыш, тебе не тягаться с таким крутым рейнджером, как я! Серьезно, улетай, пока я тебе дюзы не надрал!"	"Lang.dat: Talk.PirateClan.Money.PlayerNo4. Preserve every <tag> exactly. English reference: You? Demanding money from me? Well, I'll be! You must have a death wish! Do you feel depressed? Does life seem gray and without joy? Do you dream of a heroic death in battle? Poor sod! But hey, I can make that happen for you real quick..."	"Talk"	""
"/Talk/PirateClan/Money/PlayerNo5"	"Умоляю, пощади меня, о свирепый охотник за чужим добром! Вот твои деньги, только отпусти меня, не губи молодую душу!.. Чего? Не видишь денег? Хе-хе, это как раз неудивительно... Тебе вообще известна такая замечательная штука, как чувство юмора? Короче, не получишь ты от меня ни копейки. И это уже не шутка!"	"Lang.dat: Talk.PirateClan.Money.PlayerNo5. Preserve every <tag> exactly. English reference: Go back to your sandbox, son, you can't hang with a ranger of my caliber! This is your last warning. Get out of here while you still can!"	"Talk"	""
"/Talk/PirateClan/Money/PlayerNo6"	"Хочешь денег? Что ж, попробуй их отнять!"	"Lang.dat: Talk.PirateClan.Money.PlayerNo6. Preserve every <tag> exactly. English reference: I beg you to spare me, o ferocious hunter of others' treasures! Take my money, but let me go! Waste not my young, impressionable soul!... What? You don't see any money? Ha, why is this not surprising... Are you even aware of a wonderful thing called sense of humor? Then let me be very clear: you will not get a penny from me. And no, that last part wasn't a joke!"	"Talk"	""
"/Talk/PirateClan/Money/PlayerNo7"	"Я воспринимаю подобную просьбу как личное оскорбление, которое можно искупить только кровью. Литра твоей крови мне хватит. Нет? Ну, тогда готовься к смерти!"	"Lang.dat: Talk.PirateClan.Money.PlayerNo7. Preserve every <tag> exactly. English reference: You want my money? Well, then, try and take it from me!"	"Talk"	""
"/Talk/PirateClan/Money/PlayerNotMoney"	"Извините, я хочу заплатить, но в данный момент не располагаю требуемой суммой."	"Lang.dat: Talk.PirateClan.Money.PlayerNotMoney. Preserve every <tag> exactly. English reference: Forgive me, I want to pay, but I'm currently lacking the required sum"	"Talk"	""
"/Talk/PirateClan/Money/PlayerNotMoney1"	"К сожалению, у меня не хватает денег. Прошу пощады."	"Lang.dat: Talk.PirateClan.Money.PlayerNotMoney1. Preserve every <tag> exactly. English reference: Unfortunately, I don't have enough money. Mercy!"	"Talk"	""
"/Talk/PirateClan/Money/PlayerNotMoney2"	"Откуда у меня такие деньги? Пожалей бедного космического трудягу!"	"Lang.dat: Talk.PirateClan.Money.PlayerNotMoney2. Preserve every <tag> exactly. English reference: Where would I get that kind of money? Have mercy on a poor space laborer!"	"Talk"	""
"/Talk/PirateClan/Money/PlayerNotMoney3"	"Я бы с радостью заплатил, да только вот денег у меня нет. Жизнь такая!"	"Lang.dat: Talk.PirateClan.Money.PlayerNotMoney3. Preserve every <tag> exactly. English reference: I would gladly pay, but I don't have the money. C'est la vie!"	"Talk"	""
"/Talk/PirateClan/Money/PlayerNotMoney4"	"Да где ж мне такие деньги взять? Думай, чего говоришь!"	"Lang.dat: Talk.PirateClan.Money.PlayerNotMoney4. Preserve every <tag> exactly. English reference: And where am I supposed to get that kind of money? Think about what you're saying!"	"Talk"	""
"/Talk/PirateClan/Money/PlayerNotMoney5"	"Ну, может, я бы и заплатил тебе, да только нету у меня таких денег."	"Lang.dat: Talk.PirateClan.Money.PlayerNotMoney5. Preserve every <tag> exactly. English reference: I would be willing to pay you, only I don't have that kind of money."	"Talk"	""
"/Talk/PirateClan/Money/PlayerNotMoney6"	"У меня при себе нет таких денег. Может, отпустишь меня, чтобы я слетал на планету <HomePlanet> и привез?.."	"Lang.dat: Talk.PirateClan.Money.PlayerNotMoney6. Preserve every <tag> exactly. English reference: I don't have that kind of money on me. Maybe you'll let me fly back to planet <HomePlanet> and bring the money?"	"Talk"	""
"/Talk/PirateClan/Money/PlayerNotMoney7"	"Сожалею, но у меня нет таких денег. Можешь убивать меня, только имей в виду, что я постараюсь подороже продать свою жизнь!.."	"Lang.dat: Talk.PirateClan.Money.PlayerNotMoney7. Preserve every <tag> exactly. English reference: I'm sorry, I don't have that kind of money. You can kill me, if you want, but I won't go down easy!"	"Talk"	""
"/Talk/PirateClan/Money/PlayerNotMoney8"	"Ох, я и рад бы заплатить, но такой кучи бабок у меня нет."	"Lang.dat: Talk.PirateClan.Money.PlayerNotMoney8. Preserve every <tag> exactly. English reference: I wouldn't mind paying, but I ain't got that kind of dough."	"Talk"	""
"/Talk/PirateClan/Money/PlayerNotMoney9"	"Я не располагаю требуемой суммой."	"Lang.dat: Talk.PirateClan.Money.PlayerNotMoney9. Preserve every <tag> exactly. English reference: I don't have the sum you're requesting."	"Talk"	""
"/Talk/PirateClan/Money/PlayerOk"	"Ладно, я согласен выполнить твои требования. Получай свои жалкие деньги."	"Lang.dat: Talk.PirateClan.Money.PlayerOk. Preserve every <tag> exactly. English reference: Fine, I agree to your terms. Take your damn money."	"Talk"	""
"/Talk/PirateClan/Money/PlayerOk1"	"Забирай свои деньги, вымогатель, только отстань от меня."	"Lang.dat: Talk.PirateClan.Money.PlayerOk1. Preserve every <tag> exactly. English reference: Take your money, you gangster, and let me be."	"Talk"	""
"/Talk/PirateClan/Money/PlayerOk2"	"Ладно, парень, так уж и быть, бери деньги и уматывай, пока я не передумал и не отобрал их обратно!"	"Lang.dat: Talk.PirateClan.Money.PlayerOk2. Preserve every <tag> exactly. English reference: Fine, fine. Take your money and get out of here before I change my mind and take it back!"	"Talk"	""
"/Talk/PirateClan/Money/PlayerOk3"	"Ну, вот твои грязные деньги, доволен? Надеюсь, теперь я могу лететь дальше?"	"Lang.dat: Talk.PirateClan.Money.PlayerOk3. Preserve every <tag> exactly. English reference: There's your dirty money, are you happy now? Can I be on my way now?"	"Talk"	""
"/Talk/PirateClan/Money/PlayerOk4"	"Ну хорошо, хорошо, вот твои деньги, надеюсь, теперь ты отцепишься от меня?"	"Lang.dat: Talk.PirateClan.Money.PlayerOk4. Preserve every <tag> exactly. English reference: Fine, take your money and get off my back!"	"Talk"	""
"/Talk/PirateClan/Money/PlayerOk5"	"Ну ты и мерзавец! Я столько времени на новое оружие деньги копил, а теперь вот приходится тебе отдавать. Ну ничего, я еще поставлю себе крутые пушечки, и тогда ты еще повымаливаешь у меня пощаду, когда мы снова встретимся..."	"Lang.dat: Talk.PirateClan.Money.PlayerOk5. Preserve every <tag> exactly. English reference: You are such a bastard! I've been saving up for new weapons for so long, and now I'm losing it all to you... I'll remember this, though. Once I install brand new guns on my ship, you'll be singing a different tune the next time we meet!"	"Talk"	""
"/Talk/PirateClan/Money/PlayerOk6/0"	"Знаешь, я готов заплатить любые деньги, лишь бы твоя гнусная физиономия исчезла с моего экрана..."	"Lang.dat: Talk.PirateClan.Money.PlayerOk6.0. Preserve every <tag> exactly. English reference: I'll pay whatever it takes to get your ugly mug off my screen..."	"Talk"	""
"/Talk/PirateClan/Money/PlayerOk6/1"	"Перевожу требуемую сумму на твой счет."	"Lang.dat: Talk.PirateClan.Money.PlayerOk6.1. Preserve every <tag> exactly. English reference: I'm transferring the required sum to your account."	"Talk"	""
"/Talk/PirateClan/Money/PlayerOk7"	"Ну, что ж, вот твои деньги, только не слишком радуйся! Я тебя хорошо запомнил, и, поверь мне, еще придет то время, когда ты мне вернешь эту сумму с процентами!.."	"Lang.dat: Talk.PirateClan.Money.PlayerOk7. Preserve every <tag> exactly. English reference: Here, take your money, but don't look so smug! I won't forget this, and believe me when I say the time will come when you'll repay this loan to me with interest!"	"Talk"	""
"/Talk/PirateClan/Money/PlayerSend"	"Мне нужны деньги, и ты мне их дашь"	"Lang.dat: Talk.PirateClan.Money.PlayerSend. Preserve every <tag> exactly. English reference: I need money, and I need you to give it to me"	"Talk"	""
"/Talk/PirateClan/Money/PlayerSend1"	"Гони деньги"	"Lang.dat: Talk.PirateClan.Money.PlayerSend1. Preserve every <tag> exactly. English reference: Hand over the dough"	"Talk"	""
"/Talk/PirateClan/Money/PlayerSend2"	"Кошелек или жизнь!"	"Lang.dat: Talk.PirateClan.Money.PlayerSend2. Preserve every <tag> exactly. English reference: Your wallet or your life!"	"Talk"	""
"/Talk/PirateClan/Money/PlayerSend3"	"Поделись-ка со мной своими сбережениями"	"Lang.dat: Talk.PirateClan.Money.PlayerSend3. Preserve every <tag> exactly. English reference: Share some of your savings with me"	"Talk"	""
"/Talk/PirateClan/Money/PlayerSend4"	"Ты должен заплатить мне за проезд"	"Lang.dat: Talk.PirateClan.Money.PlayerSend4. Preserve every <tag> exactly. English reference: You have to pay me a fee for passage"	"Talk"	""
"/Talk/PirateClan/Money/PlayerSend5"	"Дай денег, а то пожалеешь"	"Lang.dat: Talk.PirateClan.Money.PlayerSend5. Preserve every <tag> exactly. English reference: Give me money, or else"	"Talk"	""
"/Talk/PirateClan/Money/PlayerSend6"	"Выворачивай карманы, это ограбление!"	"Lang.dat: Talk.PirateClan.Money.PlayerSend6. Preserve every <tag> exactly. English reference: Empty your pockets, this is a robbery!"	"Talk"	""
"/Talk/PirateClan/Money/PlayerSendSum"	"Сумма в <Money> cr меня бы устроила"	"Lang.dat: Talk.PirateClan.Money.PlayerSendSum. Preserve every <tag> exactly. English reference: I reckon <Money> cr would satisfy me"	"Talk"	""
"/Talk/PirateClan/Money/PlayerSendSum1"	"Думаю, твоя жизнь стоит ровно <Money> cr"	"Lang.dat: Talk.PirateClan.Money.PlayerSendSum1. Preserve every <tag> exactly. English reference: I figure your life is worth exactly <Money> cr"	"Talk"	""
"/Talk/PirateClan/Money/PlayerSendSum2"	"Дай <Money> cr и можешь лететь дальше"	"Lang.dat: Talk.PirateClan.Money.PlayerSendSum2. Preserve every <tag> exactly. English reference: Give me <Money> cr and I'll let you go"	"Talk"	""
"/Talk/PirateClan/Money/PlayerSendSum3"	"Мне немного надо - всего <Money> cr"	"Lang.dat: Talk.PirateClan.Money.PlayerSendSum3. Preserve every <tag> exactly. English reference: I don't need much -- <Money> cr will be enough"	"Talk"	""
"/Talk/PirateClan/Money/Send"	"Это моя территория. Предлагаю охрану и сопровождение всего за <Money> cr."	"Lang.dat: Talk.PirateClan.Money.Send. Preserve every <tag> exactly. English reference: This is my turf. I provide escort and security to passing ships for a modest fee of <Money> cr."	"Talk"	""
"/Talk/PirateClan/Money/Send1"	"Мне нужно <Money> cr. Это что-то вроде платы за проезд."	"Lang.dat: Talk.PirateClan.Money.Send1. Preserve every <tag> exactly. English reference: I need <Money> cr. Call it a passage tax."	"Talk"	""
"/Talk/PirateClan/Money/Send2"	"Мне срочно нужны деньги. Я не отстану, пока не увижу, что сумма на моем счету увеличилась на <Money> cr. Все ясно?"	"Lang.dat: Talk.PirateClan.Money.Send2. Preserve every <tag> exactly. English reference: I urgently need money. I won't leave you alone until my account gets exactly <Money> cr richer. Are we clear?"	"Talk"	""
"/Talk/PirateClan/Money/Send3"	"Мне нужны бабки. Быстро гони. Сумма в <Money> cr меня вполне устроит."	"Lang.dat: Talk.PirateClan.Money.Send3. Preserve every <tag> exactly. English reference: I need dough. Fork it over. A sum of <Money> cr would do."	"Talk"	""
"/Talk/PirateClan/Money/Send4"	"Это ограбление! Не хочешь умирать - плати <Money> cr."	"Lang.dat: Talk.PirateClan.Money.Send4. Preserve every <tag> exactly. English reference: This is a robbery! If you don't want to die, then pay me <Money> cr."	"Talk"	""
"/Talk/PirateClan/Money/Send5"	"Гони <Money> cr, а не то разнесу твое корыто в клочья!"	"Lang.dat: Talk.PirateClan.Money.Send5. Preserve every <tag> exactly. English reference: Fork over <Money> cr or I'll smash your clunker to pieces!"	"Talk"	""
"/Talk/PirateClan/Money/Send6"	"Мне от тебя нужно <Money> cr, и я готов на все, чтобы получить эти деньги."	"Lang.dat: Talk.PirateClan.Money.Send6. Preserve every <tag> exactly. English reference: What I need from you is <Money> cr, and I'll do whatever it takes to get this money."	"Talk"	""
"/Talk/PirateClan/Money/Send7"	"Хочешь жить - умей делиться. Заплати <Money> cr, и я не стану тебя убивать."	"Lang.dat: Talk.PirateClan.Money.Send7. Preserve every <tag> exactly. English reference: If you want to live, learn to share. Pay me <Money> cr and I'll let you live."	"Talk"	""
"/Talk/PirateClan/Money/Send8"	"Я - твоя смерть, слабак! Быстро гони <Money> cr, если не хочешь превратиться в космическую пыль..."	"Lang.dat: Talk.PirateClan.Money.Send8. Preserve every <tag> exactly. English reference: I am your ticket to the afterlife, punk! Now hand over <Money> cr if you don't want to become space dust..."	"Talk"	""
"/Talk/PirateClan/Money/Send9"	"В прошлой жизни ты задолжал мне <Money> cr. Пришла пора платить по счетам!"	"Lang.dat: Talk.PirateClan.Money.Send9. Preserve every <tag> exactly. English reference: In your past life you borrowed <Money> cr from me. Now I've come to collect!"	"Talk"	""
"/Talk/PirateClan/Money/WeAlreadyHavePact"	"Мы уже договорились жить в мире, так чего тебе еще надо? Нарушать мирные договоры - не самое хорошее занятие..."	"Lang.dat: Talk.PirateClan.Money.WeAlreadyHavePact. Preserve every <tag> exactly. English reference: We've already agreed to live in peace, so what else do you want? Violating a truce is a bad idea..."	"Talk"	""
"/Talk/PirateClan/Money/WeAlreadyHavePact1/0"	"Я что-то не понял..."	"Lang.dat: Talk.PirateClan.Money.WeAlreadyHavePact1.0. Preserve every <tag> exactly. English reference: I don't understand..."	"Talk"	""
"/Talk/PirateClan/Money/WeAlreadyHavePact1/1"	"Мы же заключили перемирие! А теперь ты снова лезешь ко мне со своими вымогательствами!"	"Lang.dat: Talk.PirateClan.Money.WeAlreadyHavePact1.1. Preserve every <tag> exactly. English reference: I thought we declared a truce! But here you are again, trying to shake me down!"	"Talk"	""
"/Talk/PirateClan/Partner/AlreadyHavePartner"	"Извини, но мой партнер рейнджер <Partner>."	"Lang.dat: Talk.PirateClan.Partner.AlreadyHavePartner. Preserve every <tag> exactly. English reference: Sorry, but I already have a partner in ranger <Partner>."	"Talk"	""
"/Talk/PirateClan/Partner/AlreadyHavePartner1"	"Ты опоздал, приятель, меня уже нанял рейнджер <Partner>."	"Lang.dat: Talk.PirateClan.Partner.AlreadyHavePartner1. Preserve every <tag> exactly. English reference: You are late, buddy, I've already been hired by ranger <Partner>."	"Talk"	""
"/Talk/PirateClan/Partner/AnswerLiderBreak"	"Я заплатил тебе, а ты нарушил наш договор. Надо бы тебя проучить!"	"Lang.dat: Talk.PirateClan.Partner.AnswerLiderBreak. Preserve every <tag> exactly. English reference: I paid you, and you went right out and broke our agreement. You could use a lesson here."	"Talk"	""
"/Talk/PirateClan/Partner/AnswerLiderRiot"	"Да ты здесь особо и не нужен. Только проблемы создаешь!"	"Lang.dat: Talk.PirateClan.Partner.AnswerLiderRiot. Preserve every <tag> exactly. English reference: It's not like we really need you here. You are more trouble than you are worth."	"Talk"	""
"/Talk/PirateClan/Partner/AnswerLiderTheEnd"	"Эх, жаль, ты не раз меня выручал в трудную минуту. Сейчас посмотрю на свои финансы и, возможно, продлю наш контракт."	"Lang.dat: Talk.PirateClan.Partner.AnswerLiderTheEnd. Preserve every <tag> exactly. English reference: It's a pity indeed; you have saved my hide quite a few times. Let me check what my finances are, and then I may even renew your contract."	"Talk"	""
"/Talk/PirateClan/Partner/AnswerLiderTheEnd1"	"Да, жаль терять такого лихого парня, как ты. Сейчас прикину, сколько у меня денег, и составим новый контракт."	"Lang.dat: Talk.PirateClan.Partner.AnswerLiderTheEnd1. Preserve every <tag> exactly. English reference: Yes, it would be a disgrace to lose such a tough guy as yourself. Let me just see what the money story is, and we'll write a new contract."	"Talk"	""
"/Talk/PirateClan/Partner/AnswerLiderTheEndLowLeadership"	"Эх, жаль, ты не раз меня выручал в трудную минуту. Сейчас посмотрю на свои финансы и, возможно, продлю наш контракт."	"Lang.dat: Talk.PirateClan.Partner.AnswerLiderTheEndLowLeadership. Preserve every <tag> exactly. English reference: Ah, too bad you haven't once helped me in a difficult moment. I'll take a look at my finances and maybe I'll renew our contract."	"Talk"	""
"/Talk/PirateClan/Partner/ComputerAgreeFlyToMe"	"Слушаюсь, босс! Я буду следовать за тобой, куда бы ты ни направился."	"Lang.dat: Talk.PirateClan.Partner.ComputerAgreeFlyToMe. Preserve every <tag> exactly. English reference: Got it, boss! I will follow you wherever you go."	"Talk"	""
"/Talk/PirateClan/Partner/ComputerAgreeFlyToStar/0"	"Слушаюсь, командир. Держу курс на систему <Star>."	"Lang.dat: Talk.PirateClan.Partner.ComputerAgreeFlyToStar.0. Preserve every <tag> exactly. English reference: You got it, chief. Heading towards the <Star> system."	"Talk"	""
"/Talk/PirateClan/Partner/ComputerAgreeFlyToStar/1"	"Прошу сообщить мне заранее, если наши планы изменятся."	"Lang.dat: Talk.PirateClan.Partner.ComputerAgreeFlyToStar.1. Preserve every <tag> exactly. English reference: Please let me know beforehand if your plans change."	"Talk"	""
"/Talk/PirateClan/Partner/ComputerAgreeLandingToObject/0"	"Слушаюсь, босс! Если я верно понял, мы совершаем посадку на <ObjectName>."	"Lang.dat: Talk.PirateClan.Partner.ComputerAgreeLandingToObject.0. Preserve every <tag> exactly. English reference: Got it, boss! If I understood you correctly, we are landing on <ObjectName>."	"Talk"	""
"/Talk/PirateClan/Partner/ComputerAgreeLandingToObject/1"	"Курс проложен, все системы работают нормально."	"Lang.dat: Talk.PirateClan.Partner.ComputerAgreeLandingToObject.1. Preserve every <tag> exactly. English reference: Course charted, all systems in the green."	"Talk"	""
"/Talk/PirateClan/Partner/ComputerDismissBad"	"Что? Я на него пашу как раб, а в ответ никакой благодарности! Сейчас я тебе покажу, кто тут кому надоел!"	"Lang.dat: Talk.PirateClan.Partner.ComputerDismissBad. Preserve every <tag> exactly. English reference: What? I slave away for him like there's no tomorrow, and what do I get in exchange? Not even a thank you! I am gonna show you now who is sick and tired of whom!"	"Talk"	""
"/Talk/PirateClan/Partner/ComputerDismissGood"	"Ну, ладно, <Player>, удачи тебе. Может еще увидимся."	"Lang.dat: Talk.PirateClan.Partner.ComputerDismissGood. Preserve every <tag> exactly. English reference: All right, <Player>, good luck to you! Maybe we'll see each other again."	"Talk"	""
"/Talk/PirateClan/Partner/ComputerDismissNo"	"Ну и шуточки у тебя, <Player>."	"Lang.dat: Talk.PirateClan.Partner.ComputerDismissNo. Preserve every <tag> exactly. English reference: You and your jokes, <Player>!"	"Talk"	""
"/Talk/PirateClan/Partner/ComputerDismissQuestion"	"В чем дело, <Player>? Разве я плохо тебе служу?"	"Lang.dat: Talk.PirateClan.Partner.ComputerDismissQuestion. Preserve every <tag> exactly. English reference: What gives, <Player>? Am I such a bad servant?"	"Talk"	""
"/Talk/PirateClan/Partner/ComputerDropCargoNo"	"Да нет у меня ничего лишнего в трюме. Если не веришь, просканируй меня!"	"Lang.dat: Talk.PirateClan.Partner.ComputerDropCargoNo. Preserve every <tag> exactly. English reference: But I don't have anything to spare down there in the cargo bay. Well, if you don't believe me, scan me."	"Talk"	""
"/Talk/PirateClan/Partner/ComputerDropCargoNo1"	"Босс! Я бы выкинул весь свой груз, но ничего нет. Лечу налегке. Слушаю твои указания."	"Lang.dat: Talk.PirateClan.Partner.ComputerDropCargoNo1. Preserve every <tag> exactly. English reference: Boss! I'd dump all the cargo, but I ain't got any. Traveling light, you know. Standing by for instructions."	"Talk"	""
"/Talk/PirateClan/Partner/ComputerDropCargoOk"	"Я, конечно, обязан подчиняться, и выкину груз, но это больше похоже на грабеж, чем на партнерские отношения."	"Lang.dat: Talk.PirateClan.Partner.ComputerDropCargoOk. Preserve every <tag> exactly. English reference: Well, I have to comply, of course, and I'll dump the cargo all right, but this isn't no partnership. Robbery on the high seas, that's what it is."	"Talk"	""
"/Talk/PirateClan/Partner/ComputerDropCargoOk1"	"Сейчас я избавлюсь от своего груза. Но замечу, что ты просто бессовестный тип, <Player>! Я служу тебе верой и правдой, а ты этим пользуешься."	"Lang.dat: Talk.PirateClan.Partner.ComputerDropCargoOk1. Preserve every <tag> exactly. English reference: Dumping my cargo in a minute. But let me tell you, you are one unscrupulous bastard, <Player>! I serve you hand and foot, and you are taking advantage of me."	"Talk"	""
"/Talk/PirateClan/Partner/ComputerDropCargoOk2"	"Хорошо, сейчас выкину груз. Но я не могу сказать, что мне нравится твоя идея."	"Lang.dat: Talk.PirateClan.Partner.ComputerDropCargoOk2. Preserve every <tag> exactly. English reference: All right, I am going to dump the cargo. But I can't say I like this idea of yours."	"Talk"	""
"/Talk/PirateClan/Partner/ComputerInFear"	"Я извиняюсь, босс, но в данное время я не могу рассматривать никакие предложения. Поговорим позже, в более мирной обстановке. Сейчас мне надо сматываться."	"Lang.dat: Talk.PirateClan.Partner.ComputerInFear. Preserve every <tag> exactly. English reference: I am sorry boss, but at the moment I cannot consider any proposals. I'll talk to you later, when the dust settles. What I need to do now is get out of here."	"Talk"	""
"/Talk/PirateClan/Partner/ComputerSayNo"	"За жалкие <Money> cr я не стану на тебя работать. Мне нужен нормальный контракт и хорошие условия работы."	"Lang.dat: Talk.PirateClan.Partner.ComputerSayNo. Preserve every <tag> exactly. English reference: I am not going to work for you for these miserable <Money> cr. I need a good contract and adequate work conditions."	"Talk"	""
"/Talk/PirateClan/Partner/ComputerSayOk"	"Ну, что ж, за <Money> cr я готов работать на тебя <Month> мес. Если считаешь это слишком маленьким сроком, то можешь удвоить сумму."	"Lang.dat: Talk.PirateClan.Partner.ComputerSayOk. Preserve every <tag> exactly. English reference: Well, for <Money> cr, I am all yours for <Month> months. If you don't think it's long enough, how about you double the amount?"	"Talk"	""
"/Talk/PirateClan/Partner/FlyToMe"	"Хватит дурака валять, лети за мной"	"Lang.dat: Talk.PirateClan.Partner.FlyToMe. Preserve every <tag> exactly. English reference: Stop beating around the bush and follow me!"	"Talk"	""
"/Talk/PirateClan/Partner/FlyToMe1"	"Немедленно следуй за мной"	"Lang.dat: Talk.PirateClan.Partner.FlyToMe1. Preserve every <tag> exactly. English reference: Follow me, immediately."	"Talk"	""
"/Talk/PirateClan/Partner/FlyToStar"	"Совершаем гиперпрыжок в систему <Star>"	"Lang.dat: Talk.PirateClan.Partner.FlyToStar. Preserve every <tag> exactly. English reference: We are making a hyperjump to the <Star> system."	"Talk"	""
"/Talk/PirateClan/Partner/ILeader"	"Я по своей природе лидер, и никогда не позволю, чтобы мной помыкали. Это другие пусть летают рядом со мной и учатся."	"Lang.dat: Talk.PirateClan.Partner.ILeader. Preserve every <tag> exactly. English reference: I am a natural born leader and would never, ever agree to anyone ordering me around. Let others fly side by side with you and learn."	"Talk"	""
"/Talk/PirateClan/Partner/Ileader1"	"Меня никто не нанимает, это я нанимаю других! Можешь летать рядом и учиться вести дела."	"Lang.dat: Talk.PirateClan.Partner.Ileader1. Preserve every <tag> exactly. English reference: No one hires me, it's me who does the hiring! You may fly by my side and learn to do business."	"Talk"	""
"/Talk/PirateClan/Partner/IsOrderForAll"	"Это приказ по группе или лично мне?"	"Lang.dat: Talk.PirateClan.Partner.IsOrderForAll. Preserve every <tag> exactly. English reference: Is it a group order or something for me personally?"	"Talk"	""
"/Talk/PirateClan/Partner/LandingToObject"	"Совершаем посадку на <ObjectName>"	"Lang.dat: Talk.PirateClan.Partner.LandingToObject. Preserve every <tag> exactly. English reference: We are landing on <ObjectName>"	"Talk"	""
"/Talk/PirateClan/Partner/MateBreak"	"Я был твоим партнером, но ты постоянно совершаешь действия, противоречащие моим принципам. Поэтому я отказываюсь от партнерства."	"Lang.dat: Talk.PirateClan.Partner.MateBreak. Preserve every <tag> exactly. English reference: I used to be your partner but you always act against my principles. For that reason, I do not want to be your partner anymore."	"Talk"	""
"/Talk/PirateClan/Partner/MateBreak1"	"Мне совсем не нравится быть твоим партнером. Ты не такой, каким показался мне вначале. Прощай."	"Lang.dat: Talk.PirateClan.Partner.MateBreak1. Preserve every <tag> exactly. English reference: I do not like being your partner at all. You are not at all like you first seemed to be. Goodbye!"	"Talk"	""
"/Talk/PirateClan/Partner/MateRiot"	"Всё, с меня хватит! Больше я не намерен терпеть издевательства над собой. Наведи сначала порядок у себя в команде, а потом может быть и поговорим о партнерстве."	"Lang.dat: Talk.PirateClan.Partner.MateRiot. Preserve every <tag> exactly. English reference: That's it, I've had it! I am not going to put up with any more abuse. First put your own team in order, and then, just maybe, we can talk about a partnership."	"Talk"	""
"/Talk/PirateClan/Partner/MateTheEnd"	"Дружище, срок нашего контракта закончился, и теперь я волен делать все, что захочу."	"Lang.dat: Talk.PirateClan.Partner.MateTheEnd. Preserve every <tag> exactly. English reference: My friend, our contract has expired and now I am free to do as I please."	"Talk"	""
"/Talk/PirateClan/Partner/MateTheEnd1"	"Если ты забыл, срок контракта подошел к концу. Я честно выполнил свои обязательства."	"Lang.dat: Talk.PirateClan.Partner.MateTheEnd1. Preserve every <tag> exactly. English reference: In case you forgot, our contract has expired. I did my part in good faith."	"Talk"	""
"/Talk/PirateClan/Partner/MateTheEndLowLeadership"	"Дружище, срок нашего контракта закончился, и теперь я волен делать все, что захочу."	"Lang.dat: Talk.PirateClan.Partner.MateTheEndLowLeadership. Preserve every <tag> exactly. English reference: Buddy, our contract has expired, and now I'm free to do whatever I want."	"Talk"	""
"/Talk/PirateClan/Partner/NeedLeadership/0"	"Ты не похож на лидера, <Ranger>. Морда лица у тебя слишком простая."	"Lang.dat: Talk.PirateClan.Partner.NeedLeadership.0. Preserve every <tag> exactly. English reference: You don't look like a leader, <Ranger>. Your mug is too plain."	"Talk"	""
"/Talk/PirateClan/Partner/NeedLeadership/1"	"Советую тебе, <Ranger>, развить в начале навык лидерства, а то пока тебе просто бессмысленно заниматься поиском партнеров."	"Lang.dat: Talk.PirateClan.Partner.NeedLeadership.1. Preserve every <tag> exactly. English reference: If I were you, <Ranger>, I'd concentrate on honing my leadership skills first. Until you do that, it makes little sense to look for partners."	"Talk"	""
"/Talk/PirateClan/Partner/NeedLeadership1"	"Эй, ты, деревня, да у тебя есть хоть какие-то навыки лидерства? А, <Ranger>? Я буду служить только под началом великого рейнджера!"	"Lang.dat: Talk.PirateClan.Partner.NeedLeadership1. Preserve every <tag> exactly. English reference: Hey, you redneck, don't you have any leadership skills at all? Well, <Ranger>? I would only serve under a really great ranger."	"Talk"	""
"/Talk/PirateClan/Partner/Ok/0"	"О'кей, я буду служить тебе <Month> мес. Обязуюсь всегда быть рядом и приходить на помощь в минуты опасности."	"Lang.dat: Talk.PirateClan.Partner.Ok.0. Preserve every <tag> exactly. English reference: OK, I'll serve you for <Month> months. I hereby undertake to always be nearby and help you when you are in danger."	"Talk"	""
"/Talk/PirateClan/Partner/Ok/1"	"Только свистни, и мои крутые стволы в твоем распоряжении, <Ranger>."	"Lang.dat: Talk.PirateClan.Partner.Ok.1. Preserve every <tag> exactly. English reference: Just holler, <Ranger>, and my big guns will be at your disposal."	"Talk"	""
"/Talk/PirateClan/Partner/Ok1/0"	"По рукам. Мой корабль в твоем распоряжении на <Month> мес."	"Lang.dat: Talk.PirateClan.Partner.Ok1.0. Preserve every <tag> exactly. English reference: Deal. My ship is at your disposal for <Month> months."	"Talk"	""
"/Talk/PirateClan/Partner/Ok1/1"	"Я буду душой и телом с тобой, <Ranger>, в минуты горя и радости, пока смерть не разлучит нас. Ну, или пока не пройдет указанный в контракте срок."	"Lang.dat: Talk.PirateClan.Partner.Ok1.1. Preserve every <tag> exactly. English reference: I'll be with you heart and soul, <Ranger>, through thick and thin, till death do us part. Or at least until the contract expires."	"Talk"	""
"/Talk/PirateClan/Partner/OrderForAll"	"Это приказ всем! С каждым отдельно я общаться не намерен."	"Lang.dat: Talk.PirateClan.Partner.OrderForAll. Preserve every <tag> exactly. English reference: This is a general order! I am not going to communicate with each of you separately."	"Talk"	""
"/Talk/PirateClan/Partner/OrderForYou"	"Тебе, персонально. Конец связи."	"Lang.dat: Talk.PirateClan.Partner.OrderForYou. Preserve every <tag> exactly. English reference: You, personally. Over and out."	"Talk"	""
"/Talk/PirateClan/Partner/PlayerDismissBad"	"Надоел ты мне своими выходками, видеть тебя не могу."	"Lang.dat: Talk.PirateClan.Partner.PlayerDismissBad. Preserve every <tag> exactly. English reference: I am sick and tired of your shenanigans! I can't stand you anymore!"	"Talk"	""
"/Talk/PirateClan/Partner/PlayerDismissGood"	"Ты хороший партнер, но со мной тебе оставаться будет опасно."	"Lang.dat: Talk.PirateClan.Partner.PlayerDismissGood. Preserve every <tag> exactly. English reference: You are a good partner, but it would be dangerous for you to stay with me."	"Talk"	""
"/Talk/PirateClan/Partner/PlayerDismissNo"	"Ха-ха! Я пошутил!"	"Lang.dat: Talk.PirateClan.Partner.PlayerDismissNo. Preserve every <tag> exactly. English reference: Ha-ha! That was a joke!"	"Talk"	""
"/Talk/PirateClan/Partner/PlayerDismissSend"	"Пора нам с тобой расстаться"	"Lang.dat: Talk.PirateClan.Partner.PlayerDismissSend. Preserve every <tag> exactly. English reference: It's time for us to go our separate ways."	"Talk"	""
"/Talk/PirateClan/Partner/PlayerLess"	"Установить сумму в 2 раза меньше"	"Lang.dat: Talk.PirateClan.Partner.PlayerLess. Preserve every <tag> exactly. English reference: Cut the amount in half"	"Talk"	""
"/Talk/PirateClan/Partner/PlayerMore"	"Удвоить сумму"	"Lang.dat: Talk.PirateClan.Partner.PlayerMore. Preserve every <tag> exactly. English reference: Double the amount"	"Talk"	""
"/Talk/PirateClan/Partner/PlayerOk"	"Договорились"	"Lang.dat: Talk.PirateClan.Partner.PlayerOk. Preserve every <tag> exactly. English reference: Deal."	"Talk"	""
"/Talk/PirateClan/Partner/PlayerSend"	"Иди под мое командование, <Ranger>"	"Lang.dat: Talk.PirateClan.Partner.PlayerSend. Preserve every <tag> exactly. English reference: Come under my command, <Ranger>"	"Talk"	""
"/Talk/PirateClan/Partner/PlayerSendDropCargo"	"Мы летим налегке. Тебе пора избавиться от лишнего груза."	"Lang.dat: Talk.PirateClan.Partner.PlayerSendDropCargo. Preserve every <tag> exactly. English reference: We are flying light. It's time for you to dump the excessive cargo."	"Talk"	""
"/Talk/PirateClan/Partner/PlayerSendDropCargo1"	"Дружище, давай выкидывай лишний груз. Я помогу тебе с перевозкой."	"Lang.dat: Talk.PirateClan.Partner.PlayerSendDropCargo1. Preserve every <tag> exactly. English reference: Come on, buddy, you gotta dump all that extra stuff. I'll help you move it along."	"Talk"	""
"/Talk/PirateClan/Partner/Send"	"Я готов выложить <Money> cr за то, чтобы ты стал моим партнером"	"Lang.dat: Talk.PirateClan.Partner.Send. Preserve every <tag> exactly. English reference: I am prepared to pay you <Money> cr to be my partner."	"Talk"	""
"/Talk/PirateClan/Partner/Send1"	"Плачу <Money> cr, и ты идешь на меня работать"	"Lang.dat: Talk.PirateClan.Partner.Send1. Preserve every <tag> exactly. English reference: I'll pay you <Money> cr, and you can come work for me."	"Talk"	""
"/Talk/PirateClan/Partner/SmallMoney"	"Я отказываюсь. Мои услуги и время стоят гораздо больше..."	"Lang.dat: Talk.PirateClan.Partner.SmallMoney. Preserve every <tag> exactly. English reference: I refuse. My time and effort costs much more than that."	"Talk"	""
"/Talk/PirateClan/Partner/SmallMoney1"	"Что? Ты хочешь купить меня за эти жалкие копейки?"	"Lang.dat: Talk.PirateClan.Partner.SmallMoney1. Preserve every <tag> exactly. English reference: What? You want to buy me for peanuts?"	"Talk"	""
"/Talk/PirateClan/Partner/SmallMoney2"	"Нет, я не буду работать за такие гроши!"	"Lang.dat: Talk.PirateClan.Partner.SmallMoney2. Preserve every <tag> exactly. English reference: No, I won't work for a pittance!"	"Talk"	""
"/Talk/PirateClan/Partner/Suspect"	"Я тебе не настолько доверяю, чтобы рассматривать предложение о партнерстве."	"Lang.dat: Talk.PirateClan.Partner.Suspect. Preserve every <tag> exactly. English reference: I don't trust you enough to consider you for a partner."	"Talk"	""
"/Talk/PirateClan/Partner/Suspect1"	"Ты слишком подозрительный тип. Не буду на тебя работать."	"Lang.dat: Talk.PirateClan.Partner.Suspect1. Preserve every <tag> exactly. English reference: You are such a suspicious character. I will not work for you."	"Talk"	""
"/Talk/PirateClan/Partner/YouNeedInMoreRank"	"Извини, <Ranger>, но мое звание повыше твоего будет. Поэтому я не стану служить под твоим началом. Ты давно получал новые лычки на военной базе?"	"Lang.dat: Talk.PirateClan.Partner.YouNeedInMoreRank. Preserve every <tag> exactly. English reference: Sorry, <Ranger>, but I hold a higher rank than you. So I won't serve under you. When was the last time you got any additional stripes at your base?"	"Talk"	""
"/Talk/PirateClan/Pirate/AlreadyHavePartner"	"Не, братан, сегодня не твой день, у меня уже есть компания. Так что, на следующей неделе заглядывай, а лучше - через год."	"Lang.dat: Talk.PirateClan.Pirate.AlreadyHavePartner. Preserve every <tag> exactly. English reference: Nah, dawg, it ain't your day today. I already have company. So why don't you stop by next week, or better yet in a year?"	"Talk"	""
"/Talk/PirateClan/Pirate/AnswerLiderBreak"	"Братан, что за дела? Я тебе башлял по полной, а ты меня кидаешь? Так не делается, вали-ка отсюда подобру-поздорову!"	"Lang.dat: Talk.PirateClan.Pirate.AnswerLiderBreak. Preserve every <tag> exactly. English reference: What's all that about, homey? I am paying you through the nose, and you leave me hanging? That's not how you do business! Why don't you make yourself scarce, huh? For you own damn good, that is."	"Talk"	""
"/Talk/PirateClan/Pirate/AnswerLiderRiot"	"Нам здесь такие слабаки как ты не нужны. Можешь быть свободен!"	"Lang.dat: Talk.PirateClan.Pirate.AnswerLiderRiot. Preserve every <tag> exactly. English reference: We have no use for sissies like you here. Beat it!"	"Talk"	""
"/Talk/PirateClan/Pirate/AnswerLiderTheEnd"	"Сейчас покумекаю, возможно, с таким парнем, как ты, не стоит расставаться!"	"Lang.dat: Talk.PirateClan.Pirate.AnswerLiderTheEnd. Preserve every <tag> exactly. English reference: All right, let me think for a second. Maybe we shouldn't part company with a guy like you after all."	"Talk"	""
"/Talk/PirateClan/Pirate/AnswerLiderTheEnd1"	"Ну, что ж, я за свой базар отвечаю. Удачи, братан, может, еще свидимся!"	"Lang.dat: Talk.PirateClan.Pirate.AnswerLiderTheEnd1. Preserve every <tag> exactly. English reference: Well, see for yourself. I stand by my word. Good luck then, bro. Maybe we'll see each other again."	"Talk"	""
"/Talk/PirateClan/Pirate/AnswerLiderTheEndLowLeadership"	"Эй, что за кидалово? Вот отстой, а я только хотел ограбить парочку лайнеров..."	"Lang.dat: Talk.PirateClan.Pirate.AnswerLiderTheEndLowLeadership. Preserve every <tag> exactly. English reference: What kind of scam is this? Crap! I just wanted to rob a couple of liners..."	"Talk"	""
"/Talk/PirateClan/Pirate/AnswerLiderTheEndLowLeadership1"	"Ну и катись, найду себе напарника еще круче тебя. Надеюсь."	"Lang.dat: Talk.PirateClan.Pirate.AnswerLiderTheEndLowLeadership1. Preserve every <tag> exactly. English reference: Scram. I'm going to find a partner whose tougher than you. I hope."	"Talk"	""
"/Talk/PirateClan/Pirate/Attack"	"Нужно атаковать корабль"	"Lang.dat: Talk.PirateClan.Pirate.Attack. Preserve every <tag> exactly. English reference: There's a ship we need to attack."	"Talk"	""
"/Talk/PirateClan/Pirate/AttackList"	"Хорошо, босс. Кого я должен атаковать?"	"Lang.dat: Talk.PirateClan.Pirate.AttackList. Preserve every <tag> exactly. English reference: Got it, boss. Who do you need me to attack?"	"Talk"	""
"/Talk/PirateClan/Pirate/AttackShipOk"	"Хорошо, босс. Я атакую <ShipName>"	"Lang.dat: Talk.PirateClan.Pirate.AttackShipOk. Preserve every <tag> exactly. English reference: Got it, boss. Attacking <ShipName>"	"Talk"	""
"/Talk/PirateClan/Pirate/Back"	"Назад"	"Lang.dat: Talk.PirateClan.Pirate.Back. Preserve every <tag> exactly. English reference: Back"	"Talk"	""
"/Talk/PirateClan/Pirate/ComputerAgreeFlyToMe"	"Понял, шеф! Куда ты - туда и я. Работа - прежде всего!"	"Lang.dat: Talk.PirateClan.Pirate.ComputerAgreeFlyToMe. Preserve every <tag> exactly. English reference: Got it, chief. Wherever you go, I go. The job comes first."	"Talk"	""
"/Talk/PirateClan/Pirate/ComputerAgreeFlyToMe1"	"Да, братан! Уже у тебя на хвосте!"	"Lang.dat: Talk.PirateClan.Pirate.ComputerAgreeFlyToMe1. Preserve every <tag> exactly. English reference: Sure thing, bro. I am right behind ya!"	"Talk"	""
"/Talk/PirateClan/Pirate/ComputerAgreeFlyToMe2"	"Спокуха, брателло, щас я в момент тебя догоню."	"Lang.dat: Talk.PirateClan.Pirate.ComputerAgreeFlyToMe2. Preserve every <tag> exactly. English reference: Take it easy, paesan. Catch up with you in a moment."	"Talk"	""
"/Talk/PirateClan/Pirate/ComputerAgreeFlyToMe3"	"Слушаюсь, начальник! Пацаны своих не бросают!"	"Lang.dat: Talk.PirateClan.Pirate.ComputerAgreeFlyToMe3. Preserve every <tag> exactly. English reference: Aye aye! No bro left behind!"	"Talk"	""
"/Talk/PirateClan/Pirate/ComputerAgreeFlyToMe4"	"Не боись, шеф. Моргнуть не успеешь, как увидишь мою рожу в иллюминаторе!"	"Lang.dat: Talk.PirateClan.Pirate.ComputerAgreeFlyToMe4. Preserve every <tag> exactly. English reference: Relax, boss. You'll see my mug in the porthole before you can say Jack frigging Robinson."	"Talk"	""
"/Talk/PirateClan/Pirate/ComputerAgreeFlyToStar"	"Ну, чавой, согласен, братан! Раньше сядем - раньше выйдем. Та не смущайся ты так, это старинная пиратская пословица... Поехали!"	"Lang.dat: Talk.PirateClan.Pirate.ComputerAgreeFlyToStar. Preserve every <tag> exactly. English reference: Alrighty then, bro! First in, first out. Hey, take it easy, it's just an old pirate saying, is all. Off we go!"	"Talk"	""
"/Talk/PirateClan/Pirate/ComputerAgreeFlyToStar1"	"Конечно, братан! Щас мы ка-а-ак прыгнем!"	"Lang.dat: Talk.PirateClan.Pirate.ComputerAgreeFlyToStar1. Preserve every <tag> exactly. English reference: Why, certainly! Here we come a-jumping!"	"Talk"	""
"/Talk/PirateClan/Pirate/ComputerAgreeFlyToStar2"	"Да без проблем, шеф! Прибуду в лучшем виде!"	"Lang.dat: Talk.PirateClan.Pirate.ComputerAgreeFlyToStar2. Preserve every <tag> exactly. English reference: Sure thing, chief! Be there before you know it!"	"Talk"	""
"/Talk/PirateClan/Pirate/ComputerAgreeFlyToStar3"	"А мне кореша говорили, что эти прыжки плохо на здоровье влияют... Но, шеф, раз ты сказал что надо, значит так и будет!"	"Lang.dat: Talk.PirateClan.Pirate.ComputerAgreeFlyToStar3. Preserve every <tag> exactly. English reference: Well, my buddies told me these jumps aren't really good for you. But hey, chief, if you say so, then that's what it's going to be!"	"Talk"	""
"/Talk/PirateClan/Pirate/ComputerAgreeLandingToObject"	"Всегда рад выслушать ценную мыслю! Хорошо бы, если она оказалась ОСОБО ценной и недоступной для посторонних ушей и карманов. Приступаю к маневру."	"Lang.dat: Talk.PirateClan.Pirate.ComputerAgreeLandingToObject. Preserve every <tag> exactly. English reference: Now you are talking! I am always open for great ideas. Now, if only it were a REAL good one, and we could keep all those greedy buggers out of it. Commencing the maneuver."	"Talk"	""
"/Talk/PirateClan/Pirate/ComputerAgreeLandingToObject1"	"Ага, шеф, разговорчики - это по мне. Сейчас сядем и все обсудим."	"Lang.dat: Talk.PirateClan.Pirate.ComputerAgreeLandingToObject1. Preserve every <tag> exactly. English reference: Yes, chief, ain't no bad time for shooting some breeze. Let's sit down then and talk it all over."	"Talk"	""
"/Talk/PirateClan/Pirate/ComputerAgreeLandingToObject2"	"Точняк, шеф, самое время обмозговать ситуацию! Приступаю к посадке."	"Lang.dat: Talk.PirateClan.Pirate.ComputerAgreeLandingToObject2. Preserve every <tag> exactly. English reference: Right on, chief. Time to put our thinking caps on! Commencing the landing sequence."	"Talk"	""
"/Talk/PirateClan/Pirate/ComputerAgreeLandingToObject3"	"Прально, думать надо по расписанию! После посадки как раз время будет."	"Lang.dat: Talk.PirateClan.Pirate.ComputerAgreeLandingToObject3. Preserve every <tag> exactly. English reference: Yep, thinking is only good when done on schedule. We'll have plenty of time for that once we land."	"Talk"	""
"/Talk/PirateClan/Pirate/ComputerDisagreeFlyToStar"	"Ну ты деревня! Ты шо, в натуре, не знаешь, шо ежели тебе доминатор башку продырявит, то после этого ты себя так хреново чувствовать будешь, шо никаких радостей от жизни не понадобится уж?"	"Lang.dat: Talk.PirateClan.Pirate.ComputerDisagreeFlyToStar. Preserve every <tag> exactly. English reference: Are you stupid or something? Don't you know that once a dominator blows your brains out you'll be, like, goodbye my love goodbye? Feeling like total shit, all alone and sad?"	"Talk"	""
"/Talk/PirateClan/Pirate/ComputerDisagreeFlyToStar1"	"Слышишь, брат, ты туды не ходы, ты другая сторона ходы. А то доминатор в башка попадот, савсэм мертвый будэшь! А если невтерпеж, то без меня туды лэзь!"	"Lang.dat: Talk.PirateClan.Pirate.ComputerDisagreeFlyToStar1. Preserve every <tag> exactly. English reference: Hey, bro, don't you go that way, go the other way. Or a dominator will pick you off as if you had a bull's eye painted on your chest! And if you are in such a hurry, suit yourself but count me out."	"Talk"	""
"/Talk/PirateClan/Pirate/ComputerDisagreeFlyToStar2"	"Шеф, так дела не делаются! Про войну базара не было, так что, катись туда один!"	"Lang.dat: Talk.PirateClan.Pirate.ComputerDisagreeFlyToStar2. Preserve every <tag> exactly. English reference: No, chief, that's not how you do it! No one said anything about going to war, so why don't you get going - all by your lonely self?"	"Talk"	""
"/Talk/PirateClan/Pirate/ComputerDisagreeFlyToStar3"	"Я че, вояка что ли? Я к тебе не в герои нанимался, а в сообщники! Иди домиков сам отстреливай!"	"Lang.dat: Talk.PirateClan.Pirate.ComputerDisagreeFlyToStar3. Preserve every <tag> exactly. English reference: Oh, yeah, like I am a soldier boy or something. I thought we were going to do us some business. I never signed up for any of that hero stuff. If you want to shoot you some domers, shoot your own!"	"Talk"	""
"/Talk/PirateClan/Pirate/ComputerDisagreeLandingToObject"	"Не, шеф, меня ж там в тюрягу упекут!"	"Lang.dat: Talk.PirateClan.Pirate.ComputerDisagreeLandingToObject. Preserve every <tag> exactly. English reference: Come on chief, they'll lock me up good there!"	"Talk"	""
"/Talk/PirateClan/Pirate/ComputerDisagreeLandingToObject1"	"Не, братан, я еще погулять хочу! Посодют они меня!"	"Lang.dat: Talk.PirateClan.Pirate.ComputerDisagreeLandingToObject1. Preserve every <tag> exactly. English reference: No, thank you, I ain't ready for the slammer yet! They'll lock me up good, I am telling you."	"Talk"	""
"/Talk/PirateClan/Pirate/ComputerDisagreeLandingToObject2"	"Начальник, ты давно места не столь отдаленные посещал? Вот и я не планирую."	"Lang.dat: Talk.PirateClan.Pirate.ComputerDisagreeLandingToObject2. Preserve every <tag> exactly. English reference: Hey, boss, you been to the can lately? Me, I ain't going either."	"Talk"	""
"/Talk/PirateClan/Pirate/ComputerDisagreeLandingToObject3"	"Не губи, братан! Они ж меня, бедного, замучают до полусмерти!"	"Lang.dat: Talk.PirateClan.Pirate.ComputerDisagreeLandingToObject3. Preserve every <tag> exactly. English reference: Take pity on us, bro! They'll do me in there until I am all done, oh woe be me!"	"Talk"	""
"/Talk/PirateClan/Pirate/ComputerDismissBad"	"Да ты, <Player>, совсем опух, в натуре! Надо тебя проучить!"	"Lang.dat: Talk.PirateClan.Pirate.ComputerDismissBad. Preserve every <tag> exactly. English reference: <Player>, are you frigging nuts, really? Gotta teach you a lesson, homey!"	"Talk"	""
"/Talk/PirateClan/Pirate/ComputerDismissGood"	"Ну тогда удачи. Не забывай своих братков!"	"Lang.dat: Talk.PirateClan.Pirate.ComputerDismissGood. Preserve every <tag> exactly. English reference: Good luck then. Don't forget to write back!"	"Talk"	""
"/Talk/PirateClan/Pirate/ComputerDismissNo"	"Дошутишься ты когда-нибудь, <Player>."	"Lang.dat: Talk.PirateClan.Pirate.ComputerDismissNo. Preserve every <tag> exactly. English reference: You and your jokes, <Player>. They'll be your undoing some day."	"Talk"	""
"/Talk/PirateClan/Pirate/ComputerDismissQuestion"	"Чё? Ты меня кидаешь, <Player>? Не по пацански это..."	"Lang.dat: Talk.PirateClan.Pirate.ComputerDismissQuestion. Preserve every <tag> exactly. English reference: Say what? You gonna stiff me, <Player>? This ain't right."	"Talk"	""
"/Talk/PirateClan/Pirate/ComputerDropCargoNo"	"Да нет у меня ничего лишнего в трюме. Если не веришь, просканируй меня!"	"Lang.dat: Talk.PirateClan.Pirate.ComputerDropCargoNo. Preserve every <tag> exactly. English reference: But I don't have anything to spare down there in the cargo bay. Well, if you don't believe me, scan me."	"Talk"	""
"/Talk/PirateClan/Pirate/ComputerDropCargoNo1"	"Босс! Я бы выкинул весь свой груз, но ничего нет. Лечу налегке. Слушаю твои указания."	"Lang.dat: Talk.PirateClan.Pirate.ComputerDropCargoNo1. Preserve every <tag> exactly. English reference: Boss! I'd dump all the cargo, but I ain't got any. Traveling light, you know. Standing by for instructions."	"Talk"	""
"/Talk/PirateClan/Pirate/ComputerDropCargoOk"	"Я, конечно, обязан подчиняться, и выкину груз, но это больше похоже на грабеж, чем на партнерские отношения."	"Lang.dat: Talk.PirateClan.Pirate.ComputerDropCargoOk. Preserve every <tag> exactly. English reference: Well, I have to comply, of course, and I'll dump the cargo all right, but this isn't no partnership. Robbery on the high seas, that's what it is."	"Talk"	""
"/Talk/PirateClan/Pirate/ComputerDropCargoOk1"	"Сейчас я избавлюсь от своего груза. Но замечу, что ты просто бессовестный тип, <Player>! Я служу тебе верой и правдой, а ты этим пользуешься."	"Lang.dat: Talk.PirateClan.Pirate.ComputerDropCargoOk1. Preserve every <tag> exactly. English reference: Dumping my cargo in a minute. But let me tell you, you are one unscrupulous bastard, <Player>! I serve you hand and foot, and you are taking advantage of me."	"Talk"	""
"/Talk/PirateClan/Pirate/ComputerDropCargoOk2"	"Хорошо, сейчас выкину груз. Но я не могу сказать, что мне нравится твоя идея."	"Lang.dat: Talk.PirateClan.Pirate.ComputerDropCargoOk2. Preserve every <tag> exactly. English reference: All right, I am going to dump the cargo. But I can't say I like this idea of yours."	"Talk"	""
"/Talk/PirateClan/Pirate/ComputerInFear"	"Шеф, не знаю как у тебя, а у меня уже поджилки трясутся. Сваливаю я отсюда подальше!"	"Lang.dat: Talk.PirateClan.Pirate.ComputerInFear. Preserve every <tag> exactly. English reference: I don't know about you, chief, but I am shaking in my shoes. I am outta here!"	"Talk"	""
"/Talk/PirateClan/Pirate/ComputerInFear1"	"Самое время вспомнить 1001-ый прием древнего человеческого боевого искусства - карате. Смываюсь я отсюда!"	"Lang.dat: Talk.PirateClan.Pirate.ComputerInFear1. Preserve every <tag> exactly. English reference: Now would be a great time to get the hell out of here. Can't win them all. I'm gone, gone with the wind!"	"Talk"	""
"/Talk/PirateClan/Pirate/ComputerInFear2"	"Братан, тут в натуре жарко стало! Многолетний опыт пирата говорит мне, что пора отсюда драпать на форсаже!"	"Lang.dat: Talk.PirateClan.Pirate.ComputerInFear2. Preserve every <tag> exactly. English reference: Man, it's getting dicey out there! A good pirate that I am, my gut is telling me it's time to get out of dodge -- like, yesterday."	"Talk"	""
"/Talk/PirateClan/Pirate/ComputerSayNo"	"Ты че, <Player>, ""махпельского темного"" перебрал? Какой я тебе помощник? Да за <Money> cr, ты себе чистильщика обуви не найдешь!"	"Lang.dat: Talk.PirateClan.Pirate.ComputerSayNo. Preserve every <tag> exactly. English reference: What is it with you, <Player>? Had one too many? Find yourself another dupe for a helper! For <Money> cr you can't even get a shoe shine!"	"Talk"	""
"/Talk/PirateClan/Pirate/ComputerSayNo1"	"Слушай, <Player>, думаешь, я совсем считать не умею? Да я твои <Money> cr за неделю настригу сам!"	"Lang.dat: Talk.PirateClan.Pirate.ComputerSayNo1. Preserve every <tag> exactly. English reference: Listen here, <Player>! You think I can't put two and two together? Those lousy <Money> cr, I can make that much in a week, and I don't need you for it."	"Talk"	""
"/Talk/PirateClan/Pirate/ComputerSayOk"	"Отличная идея, братан! Но с одним условием: ты должен стать мне родным отцом, а если придется, то и родной матерью. В детстве, понимаешь, родительского тепла не хватало. Ну и бабок, конечно, подбросить не мешало бы! За <Money> cr я готов работать на тебя <Month> мес."	"Lang.dat: Talk.PirateClan.Pirate.ComputerSayOk. Preserve every <tag> exactly. English reference: Great idea, bro! On one condition though: you'll have to be my mother, my father and my priest if it comes to that. You see, my mommy didn't love me enough. And of course, a bit of a raise wouldn't hurt either! For <Money> cr, I am all yours for <Month> months."	"Talk"	""
"/Talk/PirateClan/Pirate/ComputerSayOk1"	"По рукам, брателло!  Вместе мы такого жару зададим этим торгашам, хе-хе. Но, сам понимаешь, за базар на тебя никто работать не будет. Так что, гони <Money> cr, за которые я буду твоим корешом в течение <Month> мес."	"Lang.dat: Talk.PirateClan.Pirate.ComputerSayOk1. Preserve every <tag> exactly. English reference: That's a deal, bro!  You and I, we'll show those wheeler-dealers, he-he. But you see, talk is cheap, bro. Ain't no one gonna give you any freebies. So why don't you pay up those lovely <Money> cr, and I'll be your best buddy for <Month> months."	"Talk"	""
"/Talk/PirateClan/Pirate/ComputerSayOk2"	"Нет проблем, братан! Все, что я награблю за <Month> мес., пойдет в общак! Ну и конечно, с тебя аванс небольшой - <Money> cr."	"Lang.dat: Talk.PirateClan.Pirate.ComputerSayOk2. Preserve every <tag> exactly. English reference: No problem, bro! Whatever loot I bring in during these <Month> months goes into the pot, common pot. But of course you have to pay a tiny bit up front -- <Money> cr."	"Talk"	""
"/Talk/PirateClan/Pirate/ComputerSayOk3"	"Братан, где ж ты раньше был?! Живо перекидывай мне <Money> cr, руки чешутся сделать какую-нибудь гадость! Но помни, что я не задержусь у тебя дольше, чем на <Month> мес."	"Lang.dat: Talk.PirateClan.Pirate.ComputerSayOk3. Preserve every <tag> exactly. English reference: Man, where have you been all my life? Go ahead, pay up the <Money> cr, my hands are itching to do something nasty! But remember, I ain't gonna stay longer than <Month> months."	"Talk"	""
"/Talk/PirateClan/Pirate/FinancesCheck"	"Как твое финансовое положение?"	"Lang.dat: Talk.PirateClan.Pirate.FinancesCheck. Preserve every <tag> exactly. English reference: What is your financial situation?"	"Talk"	""
"/Talk/PirateClan/Pirate/FinancesConfirmed"	"Ясно"	"Lang.dat: Talk.PirateClan.Pirate.FinancesConfirmed. Preserve every <tag> exactly. English reference: Roger that."	"Talk"	""
"/Talk/PirateClan/Pirate/FinancesGotGift"	"Спасибо, теперь на моем счету <Money> cr."	"Lang.dat: Talk.PirateClan.Pirate.FinancesGotGift. Preserve every <tag> exactly. English reference: Thanks, now I have <Money> cr. on my account."	"Talk"	""
"/Talk/PirateClan/Pirate/FinancesOfferGift"	"Дать денег напарнику"	"Lang.dat: Talk.PirateClan.Pirate.FinancesOfferGift. Preserve every <tag> exactly. English reference: Give money to partner."	"Talk"	""
"/Talk/PirateClan/Pirate/FinancesReport"	"<Player>, у меня на счету <Money> cr."	"Lang.dat: Talk.PirateClan.Pirate.FinancesReport. Preserve every <tag> exactly. English reference: <Player>, I've got <Money> cr. on my account."	"Talk"	""
"/Talk/PirateClan/Pirate/FinancesSendGift"	"Возьми <Money> cr."	"Lang.dat: Talk.PirateClan.Pirate.FinancesSendGift. Preserve every <tag> exactly. English reference: Take <Money> cr."	"Talk"	""
"/Talk/PirateClan/Pirate/FinancesWaitForGift"	"Итак, <Player>, сколько ты готов мне подкинуть?"	"Lang.dat: Talk.PirateClan.Pirate.FinancesWaitForGift. Preserve every <tag> exactly. English reference: So, <Player>, how much money can you transfer to me?"	"Talk"	""
"/Talk/PirateClan/Pirate/FlyToMe"	"Двигай за мной! А то на раздачу долбогрызов не успеешь, хе-хе! Я тебе деньги не за хорошую компанию плачу, а за конкретные дела."	"Lang.dat: Talk.PirateClan.Pirate.FlyToMe. Preserve every <tag> exactly. English reference: Follow me. Or you won't make it to the ball, he-he! I am not paying you for your pretty face. I am paying you to do stuff."	"Talk"	""
"/Talk/PirateClan/Pirate/FlyToMe1"	"Братан, давай уже, сникерсни! Не время сейчас по сторонам зенками лупать, штурвал в руки и за мной!"	"Lang.dat: Talk.PirateClan.Pirate.FlyToMe1. Preserve every <tag> exactly. English reference: Come on, homeboy, get your hands out of your butt! Now is not the time to walk your eyes around. Get it together and follow me."	"Talk"	""
"/Talk/PirateClan/Pirate/FlyToMe2"	"Что стоим, кого ждем? А ну, живо лети за мной!"	"Lang.dat: Talk.PirateClan.Pirate.FlyToMe2. Preserve every <tag> exactly. English reference: What's the holdup? Who are we waiting for? Now, get the heck moving and follow me."	"Talk"	""
"/Talk/PirateClan/Pirate/FlyToMe3"	"Я тебе за самодеятельность башляю что ли? Если я говорю следовать за мной, так и надо делать!"	"Lang.dat: Talk.PirateClan.Pirate.FlyToMe3. Preserve every <tag> exactly. English reference: I am not paying you to do your own thing, am I? If I tell you to follow, that's what you do."	"Talk"	""
"/Talk/PirateClan/Pirate/FlyToMe4"	"Брателло, если ты думаешь, что в другом конце системы тебе больше заплатят, то ты явно не в теме. Айда ко мне, я тебе все по фене растолкую!"	"Lang.dat: Talk.PirateClan.Pirate.FlyToMe4. Preserve every <tag> exactly. English reference: Yo, homey, if you think they are gonna pay you more on the other end of the system, you are deluding yourself. Come over here, I'll give it to you as it is."	"Talk"	""
"/Talk/PirateClan/Pirate/FlyToStar"	"Сейчас путь к конечной цели немного сократим, приятель. А то пока вкругаля валандаться будем, полжизни пройдет! Прыгаем в систему <Star>."	"Lang.dat: Talk.PirateClan.Pirate.FlyToStar. Preserve every <tag> exactly. English reference: Now we are gonna take a shortcut, buddy. Or we'll be going 'round and 'round till we grow old. We are jumping to the <Star> system."	"Talk"	""
"/Talk/PirateClan/Pirate/FlyToStar1"	"Нечего нам тут больше ловить, кончилась халява. Быстренько прыгаем в систему <Star>."	"Lang.dat: Talk.PirateClan.Pirate.FlyToStar1. Preserve every <tag> exactly. English reference: Ain't nothing left for us to do here. No more free lunches. OK, quick, let's jump to <Star>."	"Talk"	""
"/Talk/PirateClan/Pirate/FlyToStar2"	"Жаждешь легких денег? Ну тогда нечего тут прохлаждаться, прыгаем в систему <Star>."	"Lang.dat: Talk.PirateClan.Pirate.FlyToStar2. Preserve every <tag> exactly. English reference: Easy money, is that what you want? Then let's not beat around the bush here. Let's go to <Star>."	"Talk"	""
"/Talk/PirateClan/Pirate/FlyToStar3"	"Ты, братан, навигацию в школе учил? Вот и видно, что нет. Нечего шляться, где попало, когда надо прыгать в систему <Star>."	"Lang.dat: Talk.PirateClan.Pirate.FlyToStar3. Preserve every <tag> exactly. English reference: Did they teach you any navigation in school, bro? Apparently not. Or you wouldn't be hanging around this middle of nowhere when we need to go to <Star>."	"Talk"	""
"/Talk/PirateClan/Pirate/FlyToStar4"	"В систему <Star> желаешь прыгнуть ты... Темная сторона сильна там!"	"Lang.dat: Talk.PirateClan.Pirate.FlyToStar4. Preserve every <tag> exactly. English reference: So you wanna jump to <Star>, huh? The dark side, that's where they are hanging in force!"	"Talk"	""
"/Talk/PirateClan/Pirate/IsOrderForAll"	"Это приказ по группе или лично мне?"	"Lang.dat: Talk.PirateClan.Pirate.IsOrderForAll. Preserve every <tag> exactly. English reference: Is that an order for the group or me personally?"	"Talk"	""
"/Talk/PirateClan/Pirate/LandingToObject"	"Есть одна неплохая идея! Садись на <ObjectName>, там и переговорим тет-а-тет."	"Lang.dat: Talk.PirateClan.Pirate.LandingToObject. Preserve every <tag> exactly. English reference: I've got an idea, a good one too! Why don't you land on <ObjectName>, we can talk in private there."	"Talk"	""
"/Talk/PirateClan/Pirate/LandingToObject1"	"Так, братан, сейчас нам надо покумекать в более спокойной обстановке. <ObjectName> как раз подходит для этого."	"Lang.dat: Talk.PirateClan.Pirate.LandingToObject1. Preserve every <tag> exactly. English reference: Right you are, bro, a little quiet now is just what the doctor ordered. <ObjectName> fits the bill."	"Talk"	""
"/Talk/PirateClan/Pirate/LandingToObject2"	"У меня созрел гениальный план... Быстренько садись на <ObjectName>, пока у меня еще память свежа, чтобы поделиться этим планом с тобой."	"Lang.dat: Talk.PirateClan.Pirate.LandingToObject2. Preserve every <tag> exactly. English reference: I've got this great plan here... Say, ain't I a genius? Go land on <ObjectName>, on the double, while this is still fresh in my memory. I'll fill you in there."	"Talk"	""
"/Talk/PirateClan/Pirate/LandingToObject3"	"Космос не способствует разгулу пиратской мысли. Пожалуй, стоит нам посетить <ObjectName>, дабы окончательно не стать дегенератами."	"Lang.dat: Talk.PirateClan.Pirate.LandingToObject3. Preserve every <tag> exactly. English reference: Open space puts a real kibosh on creative thinking. For pirates it does. Yeah, I guess a visit to <ObjectName> is in order, or we will lose whatever brains we have left."	"Talk"	""
"/Talk/PirateClan/Pirate/MateBreakRating"	"Знаешь, корешок, слыхал я тут в одном баре, что у тебя репутация подмокла пиратская, хе-хе! Покумекал и решил: не собираюсь я больше с тобой в одной компании трассы космические прочесывать, а то еще от своих друзей греха не оберусь. Бывай!"	"Lang.dat: Talk.PirateClan.Pirate.MateBreakRating. Preserve every <tag> exactly. English reference: You know, bud, they've been talking in this bar, like, that you pirate creds ain't what they used to be, he-he. So I gave it a thought and figured I'd better not hit the same space roads with you, or my own buddies will have something to say about it. See ya!"	"Talk"	""
"/Talk/PirateClan/Pirate/MateBreakRelation"	"Слушай, <Player>, ты что-то совсем не по понятиям живешь. Мне еще не хватало, чтоб пацаны узнали, с кем я тут дело имею. Сваливаю я от тебя на все четыре стороны!"	"Lang.dat: Talk.PirateClan.Pirate.MateBreakRelation. Preserve every <tag> exactly. English reference: Listen, <Player>, it's like you show no respect to no one. The last thing I need is for the guys to learn who I am keeping company with here. So see you later, alligator, I am out of here."	"Talk"	""
"/Talk/PirateClan/Pirate/MateRiot"	"Слушай, чувак, сколько можно, твои сообщники меня уже заколебали наездами. Мы так не договаривались, я выхожу из твоей банды."	"Lang.dat: Talk.PirateClan.Pirate.MateRiot. Preserve every <tag> exactly. English reference: Listen man, I've had it with you and your flunkies. I am sick of this crap already. This wasn't the deal. Count me out."	"Talk"	""
"/Talk/PirateClan/Pirate/MateTheEnd"	"Шеф, а срок контракта-то, тю-тю. С тобой приятно было иметь дело, честное пиратское!"	"Lang.dat: Talk.PirateClan.Pirate.MateTheEnd. Preserve every <tag> exactly. English reference: You know, chief, time's up. Contract expired. Good to have known you, honestly. Pirate's word."	"Talk"	""
"/Talk/PirateClan/Pirate/MateTheEnd1"	"Братан, на календарь давно смотрел? С сегодняшнего дня я снова свободен."	"Lang.dat: Talk.PirateClan.Pirate.MateTheEnd1. Preserve every <tag> exactly. English reference: Hey, paesan, looked at the calendar lately? As of today, I am a free agent again."	"Talk"	""
"/Talk/PirateClan/Pirate/MateTheEndLowLeadership"	"Эхей, братишка. Что я вижу? Ты каким-то невероятным образом превратился из крутого пахана обратно в салагу. Я не могу заниматься разбоем с таким неопытным партнером. Вдруг ты не прикроешь мне спину в самый разгар заварухи? Качайся, иначе так и будешь дальше один летать. А я полетел искать более толкового напарника."	"Lang.dat: Talk.PirateClan.Pirate.MateTheEndLowLeadership. Preserve every <tag> exactly. English reference: Hey, bro. What's this I see? You miraculously transformed from a hardcore gangster back to a two-bit punk. I can't do a robbery with such a green partner. What if you don't cover my back in the thick of the chaos? Start lifting weights or you'll have to fly alone. Personally, I was looking for a more intelligent partner."	"Talk"	""
"/Talk/PirateClan/Pirate/MateTheEndLowLeadership1"	"Братан, твой навык лидерства неожиданно перестал удовлетворять мою прихотливую пиратскую натуру, в натуре. Так что я сваливаю, а контракт можешь оставить себе на память. Неустойку я тебе, так и быть, прощаю."	"Lang.dat: Talk.PirateClan.Pirate.MateTheEndLowLeadership1. Preserve every <tag> exactly. English reference: Bro, your leadership skills suddenly stopped pleasing my pirate nature, for real. So I'm outta here. You can keep the contract as a souvenir. I'll pay the penalty. Whatever. So long."	"Talk"	""
"/Talk/PirateClan/Pirate/NeedPirate"	"Что? К тебе в бригаду вступить? Не смеши тапочки моей мамы! Силенок сначала наберись, да авторитета побольше заработай. А то ходют тут  всякие, честным пиратам репутацию портют..."	"Lang.dat: Talk.PirateClan.Pirate.NeedPirate. Preserve every <tag> exactly. English reference: What? Join your outfit? Well, that's a first! Why don't you get dry behind the ears first, maybe make a name for yourself before you start bugging folks. Honest pirates have reputations to mind, you know."	"Talk"	""
"/Talk/PirateClan/Pirate/Ok"	"О'кей, я буду работать на тебя <Month> мес."	"Lang.dat: Talk.PirateClan.Pirate.Ok. Preserve every <tag> exactly. English reference: OK, I'll work for you for <Month> months."	"Talk"	""
"/Talk/PirateClan/Pirate/OrderForAll"	"Это приказ всем! С каждым отдельно я общаться не намерен."	"Lang.dat: Talk.PirateClan.Pirate.OrderForAll. Preserve every <tag> exactly. English reference: This is an order for everybody! I don't plan on speaking with everyone individually."	"Talk"	""
"/Talk/PirateClan/Pirate/OrderForYou"	"Тебе, персонально. Конец связи."	"Lang.dat: Talk.PirateClan.Pirate.OrderForYou. Preserve every <tag> exactly. English reference: You personally. Over and out."	"Talk"	""
"/Talk/PirateClan/Pirate/PlayerDismissBad"	"Твоя бандитская рожа у меня уже поперек горла!"	"Lang.dat: Talk.PirateClan.Pirate.PlayerDismissBad. Preserve every <tag> exactly. English reference: I can't stand your ugly mug any more, you thug!"	"Talk"	""
"/Talk/PirateClan/Pirate/PlayerDismissGood"	"Мне нужно провернуть одно очень опасное дело в одиночку."	"Lang.dat: Talk.PirateClan.Pirate.PlayerDismissGood. Preserve every <tag> exactly. English reference: I need to check on some risky business here, all by myself."	"Talk"	""
"/Talk/PirateClan/Pirate/PlayerDismissNo"	"Гы-гы! Ты не вкурил, это была шутка юмора. Расслабься."	"Lang.dat: Talk.PirateClan.Pirate.PlayerDismissNo. Preserve every <tag> exactly. English reference: Ha! You didn't get it, did you? That was a joke. Take it easy."	"Talk"	""
"/Talk/PirateClan/Pirate/PlayerDismissSend"	"Пора нам с тобой разбежаться"	"Lang.dat: Talk.PirateClan.Pirate.PlayerDismissSend. Preserve every <tag> exactly. English reference: It's time for us to go our separate ways."	"Talk"	""
"/Talk/PirateClan/Pirate/PlayerLess"	"Установить сумму в 2 раза меньше."	"Lang.dat: Talk.PirateClan.Pirate.PlayerLess. Preserve every <tag> exactly. English reference: Cut the amount in half."	"Talk"	""
"/Talk/PirateClan/Pirate/PlayerMore"	"Удвоить сумму."	"Lang.dat: Talk.PirateClan.Pirate.PlayerMore. Preserve every <tag> exactly. English reference: Double the amount."	"Talk"	""
"/Talk/PirateClan/Pirate/PlayerOk"	"Договорились."	"Lang.dat: Talk.PirateClan.Pirate.PlayerOk. Preserve every <tag> exactly. English reference: Deal."	"Talk"	""
"/Talk/PirateClan/Pirate/PlayerSend"	"Эй, приятель, я смотрю, ты лихой космический рубака! Не хочешь ко мне присоединиться?"	"Lang.dat: Talk.PirateClan.Pirate.PlayerSend. Preserve every <tag> exactly. English reference: Hey, bud, ain't you a real quick-gun, huh? Wanna join me?"	"Talk"	""
"/Talk/PirateClan/Pirate/PlayerSend1"	"Эй, парень, вижу, ты крутой грабитель. Как насчет совместных делишек?"	"Lang.dat: Talk.PirateClan.Pirate.PlayerSend1. Preserve every <tag> exactly. English reference: Well, I see you are a tough robber, bud. How about we do some business together?"	"Talk"	""
"/Talk/PirateClan/Pirate/PlayerSend2"	"Братан, ну, ты просто чума! Айда ко мне в банду?!"	"Lang.dat: Talk.PirateClan.Pirate.PlayerSend2. Preserve every <tag> exactly. English reference: Oh, man, ain't you the top dog! So how about a slot on my crew?"	"Talk"	""
"/Talk/PirateClan/Pirate/PlayerSend3"	"Парниша, у тебя появился прекрасный шанс проявить себя под началом крутейшего пирата галактики. Вместе нам и велесианский долбогрыз будет не страшен!!!"	"Lang.dat: Talk.PirateClan.Pirate.PlayerSend3. Preserve every <tag> exactly. English reference: Now, my good lad, here's your opportunity to shine as an associate of the Galaxy's toughest pirate. Together, we will answer to no one."	"Talk"	""
"/Talk/PirateClan/Pirate/PlayerSendDropCargo"	"Мы летим налегке. Тебе пора избавиться от лишнего груза."	"Lang.dat: Talk.PirateClan.Pirate.PlayerSendDropCargo. Preserve every <tag> exactly. English reference: We are flying light. It's time for you to dump the excessive cargo."	"Talk"	""
"/Talk/PirateClan/Pirate/PlayerSendDropCargo1"	"Дружище, давай выкидывай лишний груз. Я помогу тебе с перевозкой."	"Lang.dat: Talk.PirateClan.Pirate.PlayerSendDropCargo1. Preserve every <tag> exactly. English reference: Come on, buddy, you gotta dump all that extra stuff. I'll help you move it along."	"Talk"	""
"/Talk/PirateClan/Pirate/Send"	"Плачу <Money> cr, и ты идешь на меня работать."	"Lang.dat: Talk.PirateClan.Pirate.Send. Preserve every <tag> exactly. English reference: I'll pay you <Money> cr, and you can come work for me."	"Talk"	""
"/Talk/PirateClan/Pirate/SmallMoney"	"Я отказываюсь. Мои услуги и время стоят гораздо больше..."	"Lang.dat: Talk.PirateClan.Pirate.SmallMoney. Preserve every <tag> exactly. English reference: I refuse to participate. My time and effort costs my more than that."	"Talk"	""
"/Talk/PirateClan/Pirate/SmallMoney1"	"Что? Ты хочешь купить меня за эти жалкие копейки?"	"Lang.dat: Talk.PirateClan.Pirate.SmallMoney1. Preserve every <tag> exactly. English reference: What? You want to buy me for peanuts?"	"Talk"	""
"/Talk/PirateClan/Pirate/SmallMoney2"	"Нет, я не буду работать за такие гроши!"	"Lang.dat: Talk.PirateClan.Pirate.SmallMoney2. Preserve every <tag> exactly. English reference: No, I won't work for a pittance!"	"Talk"	""
"/Talk/PirateClan/Pirate/Suspect"	"Ты вообще кто такой, чтоб со мной так разговаривать? Сначала детский сад окончи!"	"Lang.dat: Talk.PirateClan.Pirate.Suspect. Preserve every <tag> exactly. English reference: Who are you anyway to talk to me like that? Go graduate from kindergarten first."	"Talk"	""
"/Talk/PirateClan/Pirate/Suspect1"	"Рожа у тебя противная, <Player>. Если ты еще не понял, это значит, что я тебя больше видеть не желаю!"	"Lang.dat: Talk.PirateClan.Pirate.Suspect1. Preserve every <tag> exactly. English reference: Ain't you got an ugly mug, <Player>. If you are still not getting it, I am done with you here."	"Talk"	""
"/Talk/PirateClan/Pirate/TalkWithParent"	"Разговаривай с моим боссом."	"Lang.dat: Talk.PirateClan.Pirate.TalkWithParent. Preserve every <tag> exactly. English reference: Go talk to my boss."	"Talk"	""
"/Talk/PirateClan/PlanetSay/0"	"Планета"	"Lang.dat: Talk.PirateClan.PlanetSay.0. Preserve every <tag> exactly. English reference: Planet"	"Talk"	""
"/Talk/PirateClan/PreserveItems/ComputerNotFearAndWar"	"Лучше заткнись, <Player>. Я даже слушать не буду, что ты там лопочешь! Ты у меня на очереди."	"Lang.dat: Talk.PirateClan.PreserveItems.ComputerNotFearAndWar. Preserve every <tag> exactly. English reference: You'd better shut up, <Player>. I'm not even going to listen to your babbling! You're next on my list."	"Talk"	""
"/Talk/PirateClan/PreserveItems/ComputerNotFearAndWar1"	"Лети отсюда, пока цел, <Player>. А не то я и за тебя примусь, когда руки дойдут."	"Lang.dat: Talk.PirateClan.PreserveItems.ComputerNotFearAndWar1. Preserve every <tag> exactly. English reference: Fly out of here while you're still in one piece, <Player>. Otherwise, I'm going to come after you when I get the time."	"Talk"	""
"/Talk/PirateClan/PreserveItems/ComputerNotFearAndWar2"	"Не суй нос не в свое дело, <Player>, а не то рискуешь остаться без головы!"	"Lang.dat: Talk.PirateClan.PreserveItems.ComputerNotFearAndWar2. Preserve every <tag> exactly. English reference: Don't go sticking your nose where it doesn't belong, <Player>, or you may lose your head!"	"Talk"	""
"/Talk/PirateClan/PreserveItems/ComputerNotFearAndWar3"	"Ты что, думаешь, что ты самый крутой тут? Отвяжись от меня, <Player>, во что хочу, в то и палю. Могу и за тобой увязаться, имей это в виду."	"Lang.dat: Talk.PirateClan.PreserveItems.ComputerNotFearAndWar3. Preserve every <tag> exactly. English reference: So you think you're real hot stuff around here, huh? Leave me alone, <Player>. I'll shoot whatever I want. What I mean to say is that I could tag along with you."	"Talk"	""
"/Talk/PirateClan/PreserveItems/ComputerNotFearAndWar4"	"Ха, полагаешь, я тебя испугаюсь? Советую тебе, <Player>, уносить отсюда ноги и другие части тела, пока я еще относительно добрый."	"Lang.dat: Talk.PirateClan.PreserveItems.ComputerNotFearAndWar4. Preserve every <tag> exactly. English reference: Ha! You think I'm afraid of you? <Player>, I recommend you take your legs and other body parts away from here while I'm still in a relatively good mood."	"Talk"	""
"/Talk/PirateClan/PreserveItems/PirateNo"	"Ты, <Player>, вроде неплохой парень, и я бы мог с тобой согласиться. Но ведь стрельба по ошметкам это мое хобби! Нет уж, несмотря на все твои старания, скоро здесь не останется бесхозного хабара."	"Lang.dat: Talk.PirateClan.PreserveItems.PirateNo. Preserve every <tag> exactly. English reference: <Player>, you seem like a nice enough guy, and I could get along with you. But shooting scraps is my hobby! No, man. Despite all your efforts, soon there won't be any abandoned junk left here."	"Talk"	""
"/Talk/PirateClan/PreserveItems/PirateNo1"	"Ты мне не грози, я и не таких типов обламывал! Ошметки будут уничтожены мной в любом случае, так что если хочешь сам пострелять - можешь присоединяться. Это не предложение совместных действий, а просто констатация факта! (Во как я умно загнул.)"	"Lang.dat: Talk.PirateClan.PreserveItems.PirateNo1. Preserve every <tag> exactly. English reference: Don't threaten me! It won't work! I'm going to destroy the scraps no matter what - you're welcome to join me if you want to shoot them yourself. I'm not asking you to collaborate; I'm just stating the facts! (See how clever that was?!)"	"Talk"	""
"/Talk/PirateClan/PreserveItems/PirateNo2"	"Этот хлам уже не жилец, забудь о нем. Лучше подумай о своей безопасности..."	"Lang.dat: Talk.PirateClan.PreserveItems.PirateNo2. Preserve every <tag> exactly. English reference: This crap isn't somebody's home, forget about it. You'd be better off worrying about your own safety..."	"Talk"	""
"/Talk/PirateClan/PreserveItems/PirateNo3"	"Да что ты можешь мне сделать?! Не обижайся, но силенок у тебя маловато, на мой взгляд. Со мной тебе не тягаться, понял?"	"Lang.dat: Talk.PirateClan.PreserveItems.PirateNo3. Preserve every <tag> exactly. English reference: What are you going to do?! No offense, but I don't think you've got what it takes. Don't mess with me, got it?"	"Talk"	""
"/Talk/PirateClan/PreserveItems/PirateNo4"	"Ха, напугал. Ты здорово не борзей там! А то и тебе достанется."	"Lang.dat: Talk.PirateClan.PreserveItems.PirateNo4. Preserve every <tag> exactly. English reference: Ha, I frightened you. Don't rush there too quickly! Otherwise, you're going to get it."	"Talk"	""
"/Talk/PirateClan/PreserveItems/PirateOk/0"	"Да ты что, <Player>? Это же мое хобби - стрельба по беззащитным целям! Чем я буду заниматься в этой жизни?"	"Lang.dat: Talk.PirateClan.PreserveItems.PirateOk.0. Preserve every <tag> exactly. English reference: What do you want, <Player>? It's my hobby, man - shooting undefended targets! What else am I going to do in this life? Fine, the stars are in your favor today."	"Talk"	""
"/Talk/PirateClan/PreserveItems/PirateOk/1"	"Только ты не подумай, что я отказываюсь. С таким сильным парнем, как ты, шутки плохи. Я лучше пойду поищу себе пушки помощнее, чтобы меньше поводов было так себя вести."	"Lang.dat: Talk.PirateClan.PreserveItems.PirateOk.1. Preserve every <tag> exactly. English reference: Just don't think that I'm giving up. It's not a good idea to joke around with a strong guy like you. I'd better go find myself a more powerful gun so I have fewer reasons to act this way."	"Talk"	""
"/Talk/PirateClan/PreserveItems/PirateOk1"	"Лады, <Player>, так и быть, не буду стрелять в этот раз. Однако не обещаю, что сдержусь, если эти ошметки попадутся мне еще раз."	"Lang.dat: Talk.PirateClan.PreserveItems.PirateOk1. Preserve every <tag> exactly. English reference: Okie dokey, <Player>. Have it your way - I won't shoot this time. But I won't promise that I'll restrain myself if these scraps hit me again."	"Talk"	""
"/Talk/PirateClan/PreserveItems/PirateOk2"	"Ты зря влез не в свое дело. Я почти поджарил этот хлам! Еще чуть-чуть, и... Эх, да что там говорить! Ну, ладно, раз ты так категорично настроен - пускай дальше валяется. С тобой мне биться не с руки!"	"Lang.dat: Talk.PirateClan.PreserveItems.PirateOk2. Preserve every <tag> exactly. English reference: You're climbing up the wrong tree. I've almost toasted this crap! Just a little more and... Argh! What are you saying?! Oh, fine! Since you're so categorically insistent, let it lie around some more. I just can't fight with you!"	"Talk"	""
"/Talk/PirateClan/PreserveItems/PirateOk3"	"Твой авторитет высок в моих глазах, поэтому я позволю этой куче мусора и дальше здесь валяться. Однако, должен заметить, что ты нарываешься на неприятности."	"Lang.dat: Talk.PirateClan.PreserveItems.PirateOk3. Preserve every <tag> exactly. English reference: You've got a lot of credibility in my eyes, so I'll let this hunk of junk keep floating around here. But you should know that you're asking for trouble."	"Talk"	""
"/Talk/PirateClan/PreserveItems/PirateOk4"	"В натуре, братан, ты чего? Все так хорошо шло, и вдруг ты вылез! Ну, ладно, я перестану палить, конечно. Мне ведь с тобой не тягаться."	"Lang.dat: Talk.PirateClan.PreserveItems.PirateOk4. Preserve every <tag> exactly. English reference: Really, Bro, what do you need? Everything was going along find, and then you crawled out of some hole! Okay. Of course, I'll stop firing. After all, I could never compete with you."	"Talk"	""
"/Talk/PirateClan/PreserveItems/PlayerSend"	"Даже не думай атаковать ошметки, они мои!"	"Lang.dat: Talk.PirateClan.PreserveItems.PlayerSend. Preserve every <tag> exactly. English reference: Don't even think about attacking the scraps - they're mine!"	"Talk"	""
"/Talk/PirateClan/PreserveItems/PlayerSend1"	"Не стоит отстреливать хлам, слышишь!"	"Lang.dat: Talk.PirateClan.PreserveItems.PlayerSend1. Preserve every <tag> exactly. English reference: Stop shooting the crap, do you hear!"	"Talk"	""
"/Talk/PirateClan/PreserveItems/PlayerSend2"	"Отстань от этих ошметков, иначе будешь иметь дело со мной!"	"Lang.dat: Talk.PirateClan.PreserveItems.PlayerSend2. Preserve every <tag> exactly. English reference: Leave these scraps alone or you'll answer to me!"	"Talk"	""
"/Talk/PirateClan/PreserveItems/PlayerSend3"	"Лучше оставь эти ошметки в покое, по-хорошему прошу!"	"Lang.dat: Talk.PirateClan.PreserveItems.PlayerSend3. Preserve every <tag> exactly. English reference: Leave these scraps be, I ask you kindly!"	"Talk"	""
"/Talk/PirateClan/PreserveItems/PlayerSend4"	"Слушай, давай ты не будешь расстреливать ошметки, мне они нужны!"	"Lang.dat: Talk.PirateClan.PreserveItems.PlayerSend4. Preserve every <tag> exactly. English reference: Listen, don't shoot up the scraps - I need them!"	"Talk"	""
"/Talk/PirateClan/Protect/ComputerNotFearAndWar"	"Лучше заткнись, <Player>. Я даже слушать не буду, что ты там лопочешь! Ты у меня на очереди."	"Lang.dat: Talk.PirateClan.Protect.ComputerNotFearAndWar. Preserve every <tag> exactly. English reference: Better shut up, <Player>. I am not even going to bother listening to your blabbering. I've got your number, you'll see."	"Talk"	""
"/Talk/PirateClan/Protect/ComputerNotFearAndWar1"	"Лети отсюда, пока цел, <Player>. А не то я и за тебя примусь, когда руки дойдут."	"Lang.dat: Talk.PirateClan.Protect.ComputerNotFearAndWar1. Preserve every <tag> exactly. English reference: Better come over here, <Player>, or else. Or I will get on you case myself when I get down to it."	"Talk"	""
"/Talk/PirateClan/Protect/ComputerNotFearAndWar2"	"Не суй нос не в свое дело, <Player>, а не то рискуешь остаться без головы!"	"Lang.dat: Talk.PirateClan.Protect.ComputerNotFearAndWar2. Preserve every <tag> exactly. English reference: Mind your own business, <Player>, or your head will roll!"	"Talk"	""
"/Talk/PirateClan/Protect/ComputerNotFearAndWar3"	"Ты что, думаешь, что ты самый крутой тут? Отвяжись от меня, <Player>, кого хочу, того и преследую. Могу и за тобой увязаться, имей это в виду."	"Lang.dat: Talk.PirateClan.Protect.ComputerNotFearAndWar3. Preserve every <tag> exactly. English reference: You think you are the toughest guy around? Leave me alone, <Player>, I chase who I want. So you'd know, I could go after you too."	"Talk"	""
"/Talk/PirateClan/Protect/ComputerNotFearAndWar4"	"Ха, полагаешь, я тебя испугаюсь? Советую тебе, <Player>, уносить отсюда ноги и другие части тела, пока я еще относительно добрый."	"Lang.dat: Talk.PirateClan.Protect.ComputerNotFearAndWar4. Preserve every <tag> exactly. English reference: Ha, you think I am scared of you? Take my advice, <Player>, and get the hell out of here while I am still in a good enough mood."	"Talk"	""
"/Talk/PirateClan/Protect/PirateNo"	"Некогда разговаривать. Отбой."	"Lang.dat: Talk.PirateClan.Protect.PirateNo. Preserve every <tag> exactly. English reference: I ain't got time to chat. Hanging up."	"Talk"	""
"/Talk/PirateClan/Protect/PirateNo1"	"Если ты думаешь, что это я начал, то ты плохо знаешь пиратов. Охота почесать языком - умиротворяй <Target>, а я буду драться до последнего."	"Lang.dat: Talk.PirateClan.Protect.PirateNo1. Preserve every <tag> exactly. English reference: If you think that I started it, then you don't know pirates very well. If you feel like playing the mediator, focus on <Target>. Me, I'll fight till the bitter end."	"Talk"	""
"/Talk/PirateClan/Protect/PirateNo2"	"<Target> интересует меня больше, чем твоя проповедь, миротворец-самоучка."	"Lang.dat: Talk.PirateClan.Protect.PirateNo2. Preserve every <tag> exactly. English reference: <Target> interests me far more than your sanctimonious peacemaking sermon."	"Talk"	""
"/Talk/PirateClan/Protect/PirateNo3"	"Первое орудие - пли! Второе орудие, упреждение тридцать, азимут пять, угол места двадцать и шесть - пли! (Помехи) Ничего не слышу!"	"Lang.dat: Talk.PirateClan.Protect.PirateNo3. Preserve every <tag> exactly. English reference: First cannon -- fire! Second cannon, lead thirty, azimuth five, tilt angle twenty and six -- fire! (Static) I can't hear anything!"	"Talk"	""
"/Talk/PirateClan/Protect/PirateNo4"	"Блин, что за рожа на канале? Определённо это не он! Не мешай, ты загораживаешь мне обзор!"	"Lang.dat: Talk.PirateClan.Protect.PirateNo4. Preserve every <tag> exactly. English reference: Damn it, what's this ugly mug on the screen? Definitely not him! Hey, you're obstructing my view!"	"Talk"	""
"/Talk/PirateClan/Protect/PirateOk"	"Пожалуй, ты прав, <Player>. Оставлю его в покое. У нас намечается большое дело, приберегу-ка силы и припасы для него!"	"Lang.dat: Talk.PirateClan.Protect.PirateOk. Preserve every <tag> exactly. English reference: I guess you're right, <Player>. I'll leave him alone. We've got a big job coming up, so I'll save my strength and ammo!"	"Talk"	""
"/Talk/PirateClan/Protect/PirateOk1"	"Как много вас тут. Сдаюсь."	"Lang.dat: Talk.PirateClan.Protect.PirateOk1. Preserve every <tag> exactly. English reference: Too many of you here. I give up."	"Talk"	""
"/Talk/PirateClan/Protect/PirateOk2"	"Как-то я устал от боя, а добыча тощая как палка и пустая как вакуум. Только зря ввязался в эту драку. Отпущу его."	"Lang.dat: Talk.PirateClan.Protect.PirateOk2. Preserve every <tag> exactly. English reference: I'm weary of battle, while the booty is thin as a coat rack and empty as vacuum. I shouldn't have gotten involved in this fight. I'll let him go."	"Talk"	""
"/Talk/PirateClan/Protect/PirateOk3"	"Сам <Player>, неужели? Так и быть, из уважения к твоим заслугам. <Target>, свободен!"	"Lang.dat: Talk.PirateClan.Protect.PirateOk3. Preserve every <tag> exactly. English reference: <Player> in the flesh? So be it. Out of respect for your accomplishments, <Target> is free to go!"	"Talk"	""
"/Talk/PirateClan/Protect/PirateOk4"	"Расклад определённо не в мою пользу. Системы еле пашут, мотор стучит, пушки перегрелись. Приму твой ультиматум как добрый совет."	"Lang.dat: Talk.PirateClan.Protect.PirateOk4. Preserve every <tag> exactly. English reference: The odds are clearly not in my favor. My systems are barely functioning, my engine is rattling, and my guns are overheated. I'll accept your ultimatum as good advice."	"Talk"	""
"/Talk/PirateClan/Protect/PlayerSend"	"Немедленно прекрати атаку. <Target> под моей защитой!"	"Lang.dat: Talk.PirateClan.Protect.PlayerSend. Preserve every <tag> exactly. English reference: Hey, stop your attack immediately! <Target> is under my protection here!"	"Talk"	""
"/Talk/PirateClan/Protect/PlayerSend1"	"Прекрати наезжать на <Target>, слышишь!"	"Lang.dat: Talk.PirateClan.Protect.PlayerSend1. Preserve every <tag> exactly. English reference: Stop bothering <Target>, do you hear me?"	"Talk"	""
"/Talk/PirateClan/Protect/PlayerSend2"	"Отстань от <Target>, иначе будешь иметь дело со мной!"	"Lang.dat: Talk.PirateClan.Protect.PlayerSend2. Preserve every <tag> exactly. English reference: Better leave <Target> alone, or you'll have me to reckon with as well."	"Talk"	""
"/Talk/PirateClan/Protect/PlayerSend3"	"Лучше оставь <Target> в покое, по-хорошему прошу!"	"Lang.dat: Talk.PirateClan.Protect.PlayerSend3. Preserve every <tag> exactly. English reference: Better leave <Target> alone while I am still asking you nicely."	"Talk"	""
"/Talk/PirateClan/Protect/PlayerSend4"	"Слушай, хватит преследовать <Target>!"	"Lang.dat: Talk.PirateClan.Protect.PlayerSend4. Preserve every <tag> exactly. English reference: Oh, come on, quit chasing after <Target>!"	"Talk"	""
"/Talk/PirateClan/Protect/TargetGiveGoods"	"Я сейчас выкину часть груза. Бери, <Player>, не стесняйся! Я перед тобой в неоплатном долгу."	"Lang.dat: Talk.PirateClan.Protect.TargetGiveGoods. Preserve every <tag> exactly. English reference: I am going to dump some of my cargo. Go ahead, <Player>, take it! I owe you big."	"Talk"	""
"/Talk/PirateClan/Protect/TargetGiveGoods1"	"Мне повезло, что рядом оказался ты, <Player>! Даже представить себе не можешь, как я тебе благодарен! Сейчас поделюсь с тобой частью груза. А этот тип пусть смотрит и завидует!"	"Lang.dat: Talk.PirateClan.Protect.TargetGiveGoods1. Preserve every <tag> exactly. English reference: It was my lucky day you were near, <Player>! You can't imagine how grateful I am! Hold on, I'll share some of my cargo with you. And this dude can choke himself green with envy!"	"Talk"	""
"/Talk/PirateClan/Protect/TargetGiveGoods2"	"Думаю, я должен отблагодарить тебя, <Player>. Без твоей помощи мне пришлось бы туго. Сейчас выкину из трюма часть груза, подожди секундочку."	"Lang.dat: Talk.PirateClan.Protect.TargetGiveGoods2. Preserve every <tag> exactly. English reference: I think I need to show you some gratitude, <Player>. Without your help, I would have found myself in a real pickle. Hold on a second, I am going to throw you something out of my cargo bay."	"Talk"	""
"/Talk/PirateClan/Protect/TargetGiveGoods3"	"Моей благодарности нет предела, <Player>! Ты спас мне жизнь. Не люблю чувствовать себя должником, поэтому сейчас же поделюсь с тобой грузом, который везу в трюме."	"Lang.dat: Talk.PirateClan.Protect.TargetGiveGoods3. Preserve every <tag> exactly. English reference: My gratitude knows no bounds, <Player>! You've saved my life. I don't like being in anyone's debt, so I am going to share some of the goods from my cargo bay with you."	"Talk"	""
"/Talk/PirateClan/Protect/TargetGiveGoods4"	"Ты меня очень выручил, <Player>. За это я поделюсь с тобой частью груза."	"Lang.dat: Talk.PirateClan.Protect.TargetGiveGoods4. Preserve every <tag> exactly. English reference: You helped me out big time, <Player>. For this, I'll share some of my cargo with you."	"Talk"	""
"/Talk/PirateClan/Protect/TargetGiveMoney"	"Спасибо тебе, <Player>, что помог. Перевожу на твой счет <Money> cr в знак дружбы и уважения."	"Lang.dat: Talk.PirateClan.Protect.TargetGiveMoney. Preserve every <tag> exactly. English reference: Thanks for your help, <Player>. Let me transfer <Money> cr to your account as a token of my sincere appreciation and friendship."	"Talk"	""
"/Talk/PirateClan/Protect/TargetGiveMoney1"	"Побольше бы в космосе таких отзывчивых людей, как ты, <Player>! Пожалуйста, прими от меня эти <Money> cr, не обижай отказом!"	"Lang.dat: Talk.PirateClan.Protect.TargetGiveMoney1. Preserve every <tag> exactly. English reference: I wish there were more good guys like you in space, <Player>. Please accept this <Money> cr from me. Please do not shun my gratitude."	"Talk"	""
"/Talk/PirateClan/Protect/TargetGiveMoney2"	"Не успокоюсь, пока не отблагодарю тебя, <Player>. Возьми, пожалуйста, эти <Money> cr в знак моей признательности."	"Lang.dat: Talk.PirateClan.Protect.TargetGiveMoney2. Preserve every <tag> exactly. English reference: I am not going to rest until I return this favor properly, <Player>. Please accept this <Money> cr as a sign of my deep appreciation."	"Talk"	""
"/Talk/PirateClan/Protect/TargetGiveMoney3"	"Спасибо, <Player>! Вот тебе <Money> cr за беспокойство, а сейчас извини, я очень тороплюсь."	"Lang.dat: Talk.PirateClan.Protect.TargetGiveMoney3. Preserve every <tag> exactly. English reference: Thanks, <Player>! Here's <Money> cr for your troubles, but I am really busy now. Sorry."	"Talk"	""
"/Talk/PirateClan/Protect/TargetGiveMoney4"	"Ну, <Player>, за такое дело тебе полагается <Money> cr. Ты спас меня от верной гибели!"	"Lang.dat: Talk.PirateClan.Protect.TargetGiveMoney4. Preserve every <tag> exactly. English reference: Well, <Player>, a deed like that merits a reward. Say, <Money> cr. You've saved me from certain death!"	"Talk"	""
"/Talk/PirateClan/Protect/TargetMayRunAway"	"Да я его совсем не боялся, он бы меня не догнал. Я очень быстро летаю. Ну, конечно, спасибо тебе, <Player>."	"Lang.dat: Talk.PirateClan.Protect.TargetMayRunAway. Preserve every <tag> exactly. English reference: I wasn't scared of him at all. I can fly pretty fast. But thank you anyway, <Player>."	"Talk"	""
"/Talk/PirateClan/Protect/TargetMayRunAway1"	"Ха, я бы легко мог от него уйти, если бы захотел. Но все равно спасибо, <Player>."	"Lang.dat: Talk.PirateClan.Protect.TargetMayRunAway1. Preserve every <tag> exactly. English reference: Ha, I could have outrun him easily if I wanted to. But thanks anyway, <Player>."	"Talk"	""
"/Talk/PirateClan/Protect/TargetMayRunAway2"	"Благодарен тебе за помощь, <Player>, правда в этом не было особой необходимости. Я уверен, что мог бы уйти от этого корабля."	"Lang.dat: Talk.PirateClan.Protect.TargetMayRunAway2. Preserve every <tag> exactly. English reference: Thanks for your help, <Player>, even though it wasn't strictly speaking necessary. I am sure I could have outrun that ship."	"Talk"	""
"/Talk/PirateClan/Protect/TargetMayRunAway3"	"Этому кораблю ни за что не удалось бы меня догнать, но все равно я тебе благодарен, <Player>."	"Lang.dat: Talk.PirateClan.Protect.TargetMayRunAway3. Preserve every <tag> exactly. English reference: That ship would have never caught up with me, but I am still grateful to you, <Player>."	"Talk"	""
"/Talk/PirateClan/Protect/TargetMayRunAway4"	"Ты напрасно беспокоился, <Player>, я очень быстро летаю, и легко мог оставить этого тихохода позади. Но все равно спасибо."	"Lang.dat: Talk.PirateClan.Protect.TargetMayRunAway4. Preserve every <tag> exactly. English reference: You were worried for nothing, <Player>. I'm a speedy flyer and would have left that slowpoke far behind. But thanks just the same."	"Talk"	""
"/Talk/PirateClan/Protect/TargetNotFearShip"	"Конечно, спасибо тебе, <Player>, но я бы и один справился."	"Lang.dat: Talk.PirateClan.Protect.TargetNotFearShip. Preserve every <tag> exactly. English reference: Thank you, <Player>, absolutely, but I would have managed on my own just fine."	"Talk"	""
"/Talk/PirateClan/Protect/TargetNotFearShip1"	"Да я бы и сам с ним разобрался. Но все равно, <Player>, спасибо за поддержку."	"Lang.dat: Talk.PirateClan.Protect.TargetNotFearShip1. Preserve every <tag> exactly. English reference: I could have handled him myself. Regardless, thanks for your support, <Player>."	"Talk"	""
"/Talk/PirateClan/Protect/TargetNotFearShip2"	"Этому типу повезло, что он вовремя удрал! Спасибо за помощь, <Player>, но, право, не стоило беспокоиться."	"Lang.dat: Talk.PirateClan.Protect.TargetNotFearShip2. Preserve every <tag> exactly. English reference: That guy was really lucky to have bolted while he still could! Thanks for your help, <Player>, but you shouldn't have bothered."	"Talk"	""
"/Talk/PirateClan/Protect/TargetNotFearShip3"	"Ну, я и сам вполне мог с ним справиться, <Player>. Однако за помощь спасибо."	"Lang.dat: Talk.PirateClan.Protect.TargetNotFearShip3. Preserve every <tag> exactly. English reference: I could have handled him myself just fine, <Player>. Still, thanks for your help."	"Talk"	""
"/Talk/PirateClan/Protect/TargetNotFearShip4"	"У меня ушла бы уйма времени на то, чтобы вправить ему мозги. Спасибо за помощь, <Player>."	"Lang.dat: Talk.PirateClan.Protect.TargetNotFearShip4. Preserve every <tag> exactly. English reference: It would have taken me a while to set him straight myself. Thanks for your help, <Player>."	"Talk"	""
"/Talk/PirateClan/Protect/TargetThanks"	"Огромное спасибо, <Player>! К сожалению, ничем не могу тебя отблагодарить."	"Lang.dat: Talk.PirateClan.Protect.TargetThanks. Preserve every <tag> exactly. English reference: Many thanks, <Player>! Unfortunately, I don't have anything to thank you with."	"Talk"	""
"/Talk/PirateClan/Protect/TargetThanks1"	"Если бы мое благосостояние равнялось моей признательности по отношению к тебе, <Player>, я был бы миллионером! К сожалению, это не так, и поэтому мне нечем тебя отблагодарить. Но я всем расскажу, какой ты замечательный парень!"	"Lang.dat: Talk.PirateClan.Protect.TargetThanks1. Preserve every <tag> exactly. English reference: If my wealth could rival to my appreciation for you, <Player>, I'd be a millionaire! Alas, that is not so, and I have nothing to thank you with. But I'll make sure to tell everybody what a wonderful fellow you are!"	"Talk"	""
"/Talk/PirateClan/Protect/TargetThanks2"	"Очень благодарен тебе, <Player>, за то, что ты меня выручил. Увы, мне нечем выразить тебе свою признательность."	"Lang.dat: Talk.PirateClan.Protect.TargetThanks2. Preserve every <tag> exactly. English reference: I am very grateful to you, <Player>, for helping me out. Unfortunately, I have nothing to give you to show my appreciation."	"Talk"	""
"/Talk/PirateClan/Protect/TargetThanks3"	"Ты лучший парень из всех, что мне когда-либо попадались, <Player>! И как назло, именно сейчас у меня нет ничего, чем можно было бы тебя отблагодарить."	"Lang.dat: Talk.PirateClan.Protect.TargetThanks3. Preserve every <tag> exactly. English reference: You are the best guy I have ever come across, <Player>. It's just too bad that at the moment I have nothing to give you as a sign of my appreciation."	"Talk"	""
"/Talk/PirateClan/Protect/TargetThanks4"	"Слушай, <Player>, ты себе не представляешь, как я тебе благодарен! Но увы, не могу предложить тебе в знак своей признательности ничего, кроме кильки в томатном соусе... Ой, кажется, она тоже уже закончилась. Ну вот, всегда ее запасы подходят к концу в самый неподходящий момент! Этот феномен требует серьезного изучения, тебе так не кажется?"	"Lang.dat: Talk.PirateClan.Protect.TargetThanks4. Preserve every <tag> exactly. English reference: Really, <Player>, you can't even imagine how grateful I am! Sadly, I have nothing to offer you as thanks save for some sardines in tomato sauce... Pah, looks like I'm out of those too. Is it me or do they always run out at the worst possible time? This phenomenon merits closer investigation!"	"Talk"	""
"/Talk/PirateClan/Refuse/Pirate"	"Прекратить огонь? Ха, ещё чего, сосунок, приготовься-ка отведать моей плазмы!"	"Lang.dat: Talk.PirateClan.Refuse.Pirate. Preserve every <tag> exactly. English reference: Cease fire? Fat chance, sucker! Prepare to taste my plasma!"	"Talk"	""
"/Talk/PirateClan/Reject"	"Отказываюсь"	"Lang.dat: Talk.PirateClan.Reject. Preserve every <tag> exactly. English reference: I refuse"	"Talk"	""
"/Talk/PirateClan/RuinTalkAfterAbduct/Failure"	"Эх, крокодил не ловится, не растет кокос..."	"Lang.dat: Talk.PirateClan.RuinTalkAfterAbduct.Failure. Preserve every <tag> exactly. English reference: Ohh, we didn't make it to the second base..."	"Talk"	""
"/Talk/PirateClan/RuinTalkAfterAbduct/Success"	"Наловили лохов, сейчас вывалятся, айда грабить!"	"Lang.dat: Talk.PirateClan.RuinTalkAfterAbduct.Success. Preserve every <tag> exactly. English reference: Yaaaay, we got weenies, let's rob these suckers!"	"Talk"	""
"/Talk/PirateClan/RuinTalkAfterAbduct/SuccessNoPirate"	"Э, где все? Мы тут лохов наловили, а грабить их некому?!"	"Lang.dat: Talk.PirateClan.RuinTalkAfterAbduct.SuccessNoPirate. Preserve every <tag> exactly. English reference: Hey, where's everybody? We've got weenies with moneys, and there's no one to rob them? Duh!"	"Talk"	""
"/Talk/PirateClan/Trade/AfterBreak"	"Верно, поторговать всегда успеется. У нас ведь и других дел полно."	"Lang.dat: Talk.PirateClan.Trade.AfterBreak. Preserve every <tag> exactly. English reference: Agreed, there'll always be time for trades later. We've got other business to take care of."	"Talk"	""
"/Talk/PirateClan/Trade/AfterBreak1"	"Это правильно, <Player>. Наш бизнес подождет, поторгуем в другой раз."	"Lang.dat: Talk.PirateClan.Trade.AfterBreak1. Preserve every <tag> exactly. English reference: Good call, <Player>. Our business can wait, we'll trade some other time."	"Talk"	""
"/Talk/PirateClan/Trade/AfterTrade"	"Может, у тебя еще какие предложения будут, <Player>?"	"Lang.dat: Talk.PirateClan.Trade.AfterTrade. Preserve every <tag> exactly. English reference: Maybe you have some other offers, <Player>?"	"Talk"	""
"/Talk/PirateClan/Trade/AnswerAlreadyTakeItem"	"Погоди немного с торговлей, давай как я подниму <Item>, так и поговорим?"	"Lang.dat: Talk.PirateClan.Trade.AnswerAlreadyTakeItem. Preserve every <tag> exactly. English reference: Hold that thought until after I picked up <Item>, all right?"	"Talk"	""
"/Talk/PirateClan/Trade/AnswerBadRelations"	"Я с тобой не желаю торговать. Морда лица что-то у тебя не очень приятная."	"Lang.dat: Talk.PirateClan.Trade.AnswerBadRelations. Preserve every <tag> exactly. English reference: I don't want to trade with you. Something about your face I just don't like."	"Talk"	""
"/Talk/PirateClan/Trade/AnswerBadRelations1"	"Ха, торговать он захотел. Да я знать тебя не желаю."	"Lang.dat: Talk.PirateClan.Trade.AnswerBadRelations1. Preserve every <tag> exactly. English reference: Aww, he wants to trade... Take a hike!"	"Talk"	""
"/Talk/PirateClan/Trade/AnswerBigDist"	"Так ничего у нас не выйдет. Подлети поближе, тогда и поговорим, поторгуем."	"Lang.dat: Talk.PirateClan.Trade.AnswerBigDist. Preserve every <tag> exactly. English reference: This isn't going to work. Come closer, then we'll trade."	"Talk"	""
"/Talk/PirateClan/Trade/AnswerBigDist1"	"Расстояние между нами очень большое, для торговли рекомендуется поближе подлететь."	"Lang.dat: Talk.PirateClan.Trade.AnswerBigDist1. Preserve every <tag> exactly. English reference: We're too far apart, come closer if you want to trade."	"Talk"	""
"/Talk/PirateClan/Trade/AnswerNoNeedGoods"	"Мне нечего тебе предложить, да и покупать я ничего не собираюсь. Обратись к кому-нибудь другому."	"Lang.dat: Talk.PirateClan.Trade.AnswerNoNeedGoods. Preserve every <tag> exactly. English reference: I've got nothing to offer, nor am I looking to buy anything. Ask somebody else."	"Talk"	""
"/Talk/PirateClan/Trade/AnswerNoNeedGoods1"	"О какой торговле можно говорить? Трюмы пусты, и нет денег, чтобы у тебя что-то покупать. Обратись к кому-нибудь другому."	"Lang.dat: Talk.PirateClan.Trade.AnswerNoNeedGoods1. Preserve every <tag> exactly. English reference: This is no time to talk trade. My cargo bay is empty, and so are my pockets. Ask somebody else."	"Talk"	""
"/Talk/PirateClan/Trade/AnswerWar"	"Не вовремя ты пристал ко мне со своей торговлей. Как закончатся боевые действия, тогда и поговорим."	"Lang.dat: Talk.PirateClan.Trade.AnswerWar. Preserve every <tag> exactly. English reference: This is a bad time for you to bugging me with trade requests. We can talk after the battle is over."	"Talk"	""
"/Talk/PirateClan/Trade/AnswerWar1"	"О, <Player>, я с радостью с тобой поторгую. Только ты вначале помоги мне расправиться с кораблем <ShipBad>."	"Lang.dat: Talk.PirateClan.Trade.AnswerWar1. Preserve every <tag> exactly. English reference: Oh, <Player>, I'll be glad to trade with you. But you must help me deal with <ShipBad> first."	"Talk"	""
"/Talk/PirateClan/Trade/NoMoney"	"<Ship> не имеет денег для закупки товара."	"Lang.dat: Talk.PirateClan.Trade.NoMoney. Preserve every <tag> exactly. English reference: <Ship> doesn't have enough money to buy goods."	"Talk"	""
"/Talk/PirateClan/Trade/NoSpace"	"<Ship> не имеет места под закупку товара."	"Lang.dat: Talk.PirateClan.Trade.NoSpace. Preserve every <tag> exactly. English reference: <Ship> doesn't have enough space to buy goods."	"Talk"	""
"/Talk/PirateClan/Trade/PlayerSend"	"Давай поторгуем"	"Lang.dat: Talk.PirateClan.Trade.PlayerSend. Preserve every <tag> exactly. English reference: Let's trade"	"Talk"	""
"/Talk/PirateClan/Trade/PlayerSend1"	"Поторговать хочешь?"	"Lang.dat: Talk.PirateClan.Trade.PlayerSend1. Preserve every <tag> exactly. English reference: Want to trade?"	"Talk"	""
"/Talk/PirateClan/Trade/TradeBreak"	"Отложить сделку"	"Lang.dat: Talk.PirateClan.Trade.TradeBreak. Preserve every <tag> exactly. English reference: Postpone trade"	"Talk"	""
"/Talk/PirateClan/Trade/TradeGo"	"Кончай базар, давай торговать!"	"Lang.dat: Talk.PirateClan.Trade.TradeGo. Preserve every <tag> exactly. English reference: Quit your babbling, let's trade!"	"Talk"	""
"/Talk/PirateClan/Trade/TradeGo1"	"Давай начнем торговлю, а там разберемся."	"Lang.dat: Talk.PirateClan.Trade.TradeGo1. Preserve every <tag> exactly. English reference: Let's trade first, worry about everything else after."	"Talk"	""
"/Talk/PirateClan/Trade/TradeOkMayBuyNo"	"Хорошо, давай поторгуем. Я могу предложить тебе кое-что. Но покупать я ничего не буду. Можешь даже не предлагать, у меня у самого трюмы заполнены!"	"Lang.dat: Talk.PirateClan.Trade.TradeOkMayBuyNo. Preserve every <tag> exactly. English reference: All right, let's trade. I can offer you something. But I won't be buying anything. Don't even bother offering, my cargo bay is already overloaded!"	"Talk"	""
"/Talk/PirateClan/Trade/TradeOkMayBuyOk"	"Хорошо, поторгуем. Но предупреждаю сразу, что купить больше чем <Cnt> ед. товаров не смогу."	"Lang.dat: Talk.PirateClan.Trade.TradeOkMayBuyOk. Preserve every <tag> exactly. English reference: All right, let's trade. But I warn you -- I'm not in a position to buy more than <Cnt> units of goods."	"Talk"	""
"/Talk/PirateClan/Trade/TradeOkMayBuyOk1"	"Ну давай поторгуем. Но предупреждаю сразу, что впарить мне больше чем <Cnt> ед. своих товаров ты не сможешь никак."	"Lang.dat: Talk.PirateClan.Trade.TradeOkMayBuyOk1. Preserve every <tag> exactly. English reference: Well, let's trade. But I warn you -- you won't dump more than <Cnt> units of goods on me."	"Talk"	""
"/Talk/PirateClan/Truce/ComputerAsk"	"И сколько ты готов выложить за мир?"	"Lang.dat: Talk.PirateClan.Truce.ComputerAsk. Preserve every <tag> exactly. English reference: How much are you willing to pay for peace?"	"Talk"	""
"/Talk/PirateClan/Truce/ComputerAsk1"	"И как дорого ты ценишь мир между нами?"	"Lang.dat: Talk.PirateClan.Truce.ComputerAsk1. Preserve every <tag> exactly. English reference: So what's peace between us worth to you?"	"Talk"	""
"/Talk/PirateClan/Truce/ComputerAsk2"	"Мир будет стоить денег. Сколько ты готов заплатить?"	"Lang.dat: Talk.PirateClan.Truce.ComputerAsk2. Preserve every <tag> exactly. English reference: Peace will cost you. How much are willing to pay?"	"Talk"	""
"/Talk/PirateClan/Truce/ComputerAsk3"	"И какую сумму ты готов предложить за свою жизнь?"	"Lang.dat: Talk.PirateClan.Truce.ComputerAsk3. Preserve every <tag> exactly. English reference: How much are you prepared to offer for your life?"	"Talk"	""
"/Talk/PirateClan/Truce/ComputerAsk4"	"И много денег ты способен заплатить, чтобы меня задобрить?"	"Lang.dat: Talk.PirateClan.Truce.ComputerAsk4. Preserve every <tag> exactly. English reference: So how much have you got to pay me off?"	"Talk"	""
"/Talk/PirateClan/Truce/ComputerOkWithoutMoney"	"Я с радостью прекращаю огонь. Будем считать это обычным недоразумением. Теперь мы друзья!"	"Lang.dat: Talk.PirateClan.Truce.ComputerOkWithoutMoney. Preserve every <tag> exactly. English reference: I'll be happy to cease fire. Let's write this off to pure misunderstanding. We are friends now."	"Talk"	""
"/Talk/PirateClan/Truce/ComputerOkWithoutMoney1"	"Всегда бы так! Очень рад, что ты одумался. Мир - это просто здорово!"	"Lang.dat: Talk.PirateClan.Truce.ComputerOkWithoutMoney1. Preserve every <tag> exactly. English reference: I wish it had always been that easy! I am glad you came to your senses. Peace is great!"	"Talk"	""
"/Talk/PirateClan/Truce/ComputerOkWithoutMoney2"	"Ты не шутишь? Это же чудесно! Я согласен, отныне у нас с тобой мир!"	"Lang.dat: Talk.PirateClan.Truce.ComputerOkWithoutMoney2. Preserve every <tag> exactly. English reference: You are serious, aren't you? This is just wonderful! I agree, from now on we will be at peace."	"Talk"	""
"/Talk/PirateClan/Truce/ComputerOkWithoutMoney3"	"Так и быть, мир. Лети отсюда, пока я добрый!"	"Lang.dat: Talk.PirateClan.Truce.ComputerOkWithoutMoney3. Preserve every <tag> exactly. English reference: Argh, whatever. Go ahead, get out of here while I still feel magnanimous!"	"Talk"	""
"/Talk/PirateClan/Truce/ComputerOkWithoutMoney4"	"Мир - это замечательно! Надеюсь, больше у нас не возникнет поводов для конфликтов."	"Lang.dat: Talk.PirateClan.Truce.ComputerOkWithoutMoney4. Preserve every <tag> exactly. English reference: Peace is great! I hope we will not have any more reasons for conflict."	"Talk"	""
"/Talk/PirateClan/Truce/PirateNo"	"У-тю-тю, какой смелый. Решил, что только жизнь свою ничтожную покупаешь? А как же надбавка за корабль? Или плати больше, или вылезай в открытый космос, а корабль твой я потом разворочу!"	"Lang.dat: Talk.PirateClan.Truce.PirateNo. Preserve every <tag> exactly. English reference: Ay-ay-ay, what a brave fella! So you figured you were buying your miserable life alone? How about something extra for the ship? Either pay extra or jump out into open space so that l could blow your ship up."	"Talk"	""
"/Talk/PirateClan/Truce/PirateNo1"	"Твои бабки - петушканам на смех. Давай больше, я сказал."	"Lang.dat: Talk.PirateClan.Truce.PirateNo1. Preserve every <tag> exactly. English reference: These pennies of yours won't even cover my gas. You gotta give me more, I told you."	"Talk"	""
"/Talk/PirateClan/Truce/PirateNo2"	"Что ж. Не собью тебя, так хоть выпью хорошего вина. Но бутылёк стоит больше, чем ты мне суёшь. Добавляй, а то я передумаю."	"Lang.dat: Talk.PirateClan.Truce.PirateNo2. Preserve every <tag> exactly. English reference: Oh well. So I won't get to shoot you down, but at least I'll buy me a decent drink. But the bottle costs more than you are offering. Gimme more before I change my mind."	"Talk"	""
"/Talk/PirateClan/Truce/PirateNo3"	"Ты что, больной? Такую смешную кучку кредитов предлагаешь. На неё даже пачку папирос не купишь."	"Lang.dat: Talk.PirateClan.Truce.PirateNo3. Preserve every <tag> exactly. English reference: What are you doing?! This is a laughable offer all around. This doesn't even buy a pack of smokes."	"Talk"	""
"/Talk/PirateClan/Truce/PirateNo4"	"Я не отстану, пока не сдеру с тебя сколько мне нужно. А нужно мне явно не столько, сколько ты предложил."	"Lang.dat: Talk.PirateClan.Truce.PirateNo4. Preserve every <tag> exactly. English reference: I am not going to let go of you until I squeeze what I need out of you. And what I need is nowhere near what you are offering."	"Talk"	""
"/Talk/PirateClan/Truce/PirateOk"	"Вот понимаю, большой куш повелителя пиратов. Не ящик старого линуксианского, но хоть блок сигарет и стакан втыкиллы. Мир и спокойствие, пилот, я полетел."	"Lang.dat: Talk.PirateClan.Truce.PirateOk. Preserve every <tag> exactly. English reference: Oh, yeah, some great chunk of loot that is! A case of old tawny port it isn't, more like a carton of cigarettes and a glass of tokilla. Still, that's better than nothing. Peace and love, pilot. I am outta here."	"Talk"	""
"/Talk/PirateClan/Truce/PirateOk1"	"Деньги-деньги, мы все любим деньги. Вот другое дело. Давай, лети на все четыре стороны. Деньги-деньги, мы все любим деньги..."	"Lang.dat: Talk.PirateClan.Truce.PirateOk1. Preserve every <tag> exactly. English reference: Money-money-money, oh honey... who doesn't like money? Now you are talking. All right then, get out of here. Money-money-money, oh honey... who doesn't like money?"	"Talk"	""
"/Talk/PirateClan/Truce/PirateOk2"	"Всё правильно сделал, пилот. Знаешь, чем задобрить братство. Долго будешь жить. Ну, не кашляй!"	"Lang.dat: Talk.PirateClan.Truce.PirateOk2. Preserve every <tag> exactly. English reference: You did the right thing, pilot. You know how to keep the brotherhood happy. You'll live a long life. All right, stay sharp."	"Talk"	""
"/Talk/PirateClan/Truce/PirateOk3"	"Ну и славно. День пролетал - настрелял на новый корпус. Есть чем перед братвой похвастаться. А тебе долгих лет, в другой раз буду на собственную базу копить, хе-хе."	"Lang.dat: Talk.PirateClan.Truce.PirateOk3. Preserve every <tag> exactly. English reference: Alrighty then! Spent a day, made enough for a new hull. That's something to brag to my bros about. And many years to you. Next time I'll be saving for my own base, he-he!"	"Talk"	""
"/Talk/PirateClan/Truce/PirateOk4"	"Столько хлопот ради тощей пачки кредитов. Определённо, пиратская жизнь не оправдывает этих мучений. Не хочу быть пиратом, хочу быть писателем. Или рахишским гражданином-поэтом. В общем, денежки мне, жизнь тебе, и до свиданья!"	"Lang.dat: Talk.PirateClan.Truce.PirateOk4. Preserve every <tag> exactly. English reference: So much trouble for a pathetic little wad of bills! Positively, pirate life ain't worth the sacrifice. I don't want to be a pirate anymore, I want to be a writer. Or some kind of citizen poet. So to recap, I get the money, you keep your life, and we both go home happy."	"Talk"	""
"/Talk/PirateClan/Truce/PirateSend"	"Возьми <Money> cr и отстань от меня. Ты и вообразить не сможешь, насколько некстати мне твоё мельтешение в прицеле!"	"Lang.dat: Talk.PirateClan.Truce.PirateSend. Preserve every <tag> exactly. English reference: Take <Money> cr and leave me alone. You can't even imagine what a bad inconvenience you are fidgeting like you do in my crosshairs."	"Talk"	""
"/Talk/PirateClan/Truce/PirateSend1"	"Блин, блин, блин. Мне на базу пора, а ты меня задерживаешь. <Money> cr охладят твой пыл, величайший воин Галактики?"	"Lang.dat: Talk.PirateClan.Truce.PirateSend1. Preserve every <tag> exactly. English reference: Shucks, shucks, shucks! I am overdue at the base, and you are only holding me back. Now, will <Money> cr put a kibosh on your fervor, you great little warrior?"	"Talk"	""
"/Talk/PirateClan/Truce/PirateSend2"	"Предлагаю выгодную сделку. Ты оставляешь меня в живых, я кидаю тебе на счёт <Money> cr и ты покупаешь на них щуку, которая когда-нибудь тебе пригодится. Во всяком случае, пользы от неё будет больше, чем радости от моей смерти в мой же день рождения. Идёт?"	"Lang.dat: Talk.PirateClan.Truce.PirateSend2. Preserve every <tag> exactly. English reference: I am offering you a good deal. You let me live, I transfer <Money> cr to your account and you use it to buy yourself a pike that may come in handy one day. In any case, it'll do you more good than the satisfaction of killing me on my own damn birthday. Do we have a deal or what?"	"Talk"	""
"/Talk/PirateClan/Truce/PirateSend3"	"Герой-вояка, тормозни-ка. <Money> cr тебя устроят? Я что-то подумал вдруг, что воевать мне неохота, а дети дома ждут."	"Lang.dat: Talk.PirateClan.Truce.PirateSend3. Preserve every <tag> exactly. English reference: Hold on, hold on, soldier boy. Will <Money> cr do it for you? I was just thinking I did not feel like war today. I have kids waiting at home."	"Talk"	""
"/Talk/PirateClan/Truce/PirateSend4"	"У меня идея. Я даю тебе эти <Money> cr, ты летишь налево, а я направо, и все дела. Что-то мне, знаешь, жить захотелось. Жизнь, она ведь даже у пирата одна."	"Lang.dat: Talk.PirateClan.Truce.PirateSend4. Preserve every <tag> exactly. English reference: I have an idea. I give you <Money> cr, then you go left, and I go right, and we are all done here. All of a sudden, I feel this great will to live. You know, even us pirates, we only have one life to live."	"Talk"	""
"/Talk/PirateClan/Truce/PlayerLess"	"Установить сумму в 2 раза меньше"	"Lang.dat: Talk.PirateClan.Truce.PlayerLess. Preserve every <tag> exactly. English reference: Cut the amount in half"	"Talk"	""
"/Talk/PirateClan/Truce/PlayerMore"	"Удвоить сумму"	"Lang.dat: Talk.PirateClan.Truce.PlayerMore. Preserve every <tag> exactly. English reference: Double the amount"	"Talk"	""
"/Talk/PirateClan/Truce/PlayerNo"	"Да это разве деньги? Можно было бы и побольше предложить."	"Lang.dat: Talk.PirateClan.Truce.PlayerNo. Preserve every <tag> exactly. English reference: You call that money? You could have offered me more."	"Talk"	""
"/Talk/PirateClan/Truce/PlayerNo1"	"И эти крохи ты называешь деньгами? Что на это можно купить?"	"Lang.dat: Talk.PirateClan.Truce.PlayerNo1. Preserve every <tag> exactly. English reference: You call this pittance money? Can you even buy anything for this?"	"Talk"	""
"/Talk/PirateClan/Truce/PlayerNo2"	"Ну, это несерьезно! Я бы постыдился предлагать такие деньги. У тебя что, на большую сумму воображения не хватает?"	"Lang.dat: Talk.PirateClan.Truce.PlayerNo2. Preserve every <tag> exactly. English reference: Are you making a joke? I would be ashamed to offer this amount. What, you haven't got the imagination to offer more?"	"Talk"	""
"/Talk/PirateClan/Truce/PlayerNo3"	"Жизнь - товар уникальный, штучный. Не слишком ли дешево ты его ценишь?"	"Lang.dat: Talk.PirateClan.Truce.PlayerNo3. Preserve every <tag> exactly. English reference: Life is a special kind of merchandise that can't be replicated. Are you sure you're not undervaluing it?"	"Talk"	""
"/Talk/PirateClan/Truce/PlayerNo4"	"Ты меня попросту оскорбляешь такой малой суммой. Предложи больше."	"Lang.dat: Talk.PirateClan.Truce.PlayerNo4. Preserve every <tag> exactly. English reference: Are you trying to insult me with such a small amount? Offer more."	"Talk"	""
"/Talk/PirateClan/Truce/PlayerNotHaveMoney"	"У меня нет денег"	"Lang.dat: Talk.PirateClan.Truce.PlayerNotHaveMoney. Preserve every <tag> exactly. English reference: I don't have any money"	"Talk"	""
"/Talk/PirateClan/Truce/PlayerNotHaveMoney1"	"Мои карманы практически пусты, к сожалению"	"Lang.dat: Talk.PirateClan.Truce.PlayerNotHaveMoney1. Preserve every <tag> exactly. English reference: Unfortunately, I have next to nothing in my pockets"	"Talk"	""
"/Talk/PirateClan/Truce/PlayerNotHaveMoney2"	"Таких денег у меня нет"	"Lang.dat: Talk.PirateClan.Truce.PlayerNotHaveMoney2. Preserve every <tag> exactly. English reference: I don't have that kind of cash"	"Talk"	""
"/Talk/PirateClan/Truce/PlayerNotHaveMoney3"	"Я не располагаю требуемой суммой"	"Lang.dat: Talk.PirateClan.Truce.PlayerNotHaveMoney3. Preserve every <tag> exactly. English reference: I don't have the sum you're requesting"	"Talk"	""
"/Talk/PirateClan/Truce/PlayerNotHaveMoney4"	"Я бы и сам не отказался иметь столько!"	"Lang.dat: Talk.PirateClan.Truce.PlayerNotHaveMoney4. Preserve every <tag> exactly. English reference: I wouldn't mind having that much myself!"	"Talk"	""
"/Talk/PirateClan/Truce/PlayerOk"	"Хорошо, я принимаю этот скудный взнос и прекращаю боевые действия."	"Lang.dat: Talk.PirateClan.Truce.PlayerOk. Preserve every <tag> exactly. English reference: All right, I'll take these peanuts of yours and stop shooting."	"Talk"	""
"/Talk/PirateClan/Truce/PlayerOk1"	"Ладно, прекращаю огонь. Но я тебя запомнил, и если что - сразу покажу тебе кузькину мать!"	"Lang.dat: Talk.PirateClan.Truce.PlayerOk1. Preserve every <tag> exactly. English reference: All right, I am going to cease fire. But I'll remember you, and I'll kick your butt if I ever feel like it."	"Talk"	""
"/Talk/PirateClan/Truce/PlayerOk2"	"Вот так бы сразу. Спасибо за деньги, ты инвестировал их в благородное дело - борьбу с доминаторами!"	"Lang.dat: Talk.PirateClan.Truce.PlayerOk2. Preserve every <tag> exactly. English reference: Now you are talking! Thanks for the money. Consider it a wise investment in the fight against dominators."	"Talk"	""
"/Talk/PirateClan/Truce/PlayerOk3"	"Ну, что ж, деньги неплохие, хотя мог бы заплатить и побольше. Ладно, так и быть, перестану тебя преследовать."	"Lang.dat: Talk.PirateClan.Truce.PlayerOk3. Preserve every <tag> exactly. English reference: Well, the money isn't bad, but you could have coughed up more, I am sure. But it's all right, I'll stop chasing you around."	"Talk"	""
"/Talk/PirateClan/Truce/PlayerOk4"	"А я только вошел во вкус! Ну, ладно, так и быть, отстану от тебя. Уж больно у тебя испуганная физиономия, прямо даже жалко становится."	"Lang.dat: Talk.PirateClan.Truce.PlayerOk4. Preserve every <tag> exactly. English reference: And I have only just got the taste of it! Oh, all right, I'll let you be. Just you look at your scaredy face. I almost feel sorry for you."	"Talk"	""
"/Talk/PirateClan/Truce/PlayerSend"	"Предлагаю заключить мир"	"Lang.dat: Talk.PirateClan.Truce.PlayerSend. Preserve every <tag> exactly. English reference: How about we make peace?"	"Talk"	""
"/Talk/PirateClan/Truce/PlayerSend1"	"Давай помиримся!"	"Lang.dat: Talk.PirateClan.Truce.PlayerSend1. Preserve every <tag> exactly. English reference: Let's bury the hatchet!"	"Talk"	""
"/Talk/PirateClan/Truce/PlayerSend2"	"Может, мирно разойдемся?"	"Lang.dat: Talk.PirateClan.Truce.PlayerSend2. Preserve every <tag> exactly. English reference: How about we each go our own way, peacefully?"	"Talk"	""
"/Talk/PirateClan/Truce/PlayerSend3"	"Я хочу прекратить бой"	"Lang.dat: Talk.PirateClan.Truce.PlayerSend3. Preserve every <tag> exactly. English reference: I want to stop this shootout"	"Talk"	""
"/Talk/PirateClan/Truce/PlayerSend4"	"Как насчет перемирия?"	"Lang.dat: Talk.PirateClan.Truce.PlayerSend4. Preserve every <tag> exactly. English reference: How about a truce?"	"Talk"	""
"/Talk/PirateClan/Truce/PlayerSendSum"	"Я готов заплатить за мир <Money> cr"	"Lang.dat: Talk.PirateClan.Truce.PlayerSendSum. Preserve every <tag> exactly. English reference: I am willing to pay <Money> cr for peace"	"Talk"	""
"/Talk/PirateClan/Truce/PlayerSendSum1"	"Предлагаю <Money> cr, вполне приличная сумма"	"Lang.dat: Talk.PirateClan.Truce.PlayerSendSum1. Preserve every <tag> exactly. English reference: I can offer you <Money> cr, that's a nice chunk of cash"	"Talk"	""
"/Talk/PirateClan/Truce/PlayerSendSum2"	"Надеюсь, <Money> cr будет достаточно"	"Lang.dat: Talk.PirateClan.Truce.PlayerSendSum2. Preserve every <tag> exactly. English reference: I hope <Money> cr will be enough"	"Talk"	""
"/Talk/PirateClan/Truce/PlayerSendSum3"	"Мне кажется, что <Money> cr - самое то!"	"Lang.dat: Talk.PirateClan.Truce.PlayerSendSum3. Preserve every <tag> exactly. English reference: I think <Money> cr would be just right!"	"Talk"	""
"/Talk/PirateClan/Truce/PlayerSendSum4"	"Тебя устроит <Money> cr? От сердца отрываю!"	"Lang.dat: Talk.PirateClan.Truce.PlayerSendSum4. Preserve every <tag> exactly. English reference: Will <Money> cr do it for you? I am giving you the shirt off my back here!"	"Talk"	""
"/Talk/PirateClan/Truce/WeAlreadyHavePact"	"Мне кажется, что тобой уже было нарушено мирное соглашение между нами. Какой смысл вести дальнейший диалог?"	"Lang.dat: Talk.PirateClan.Truce.WeAlreadyHavePact. Preserve every <tag> exactly. English reference: I think you are already in violation of our truce. What's the point of any further talk?"	"Talk"	""
"/Talk/PirateClan/Truce/WeAlreadyHavePact1"	"О, ты уже прекрасно доказал мне свою подлую натуру. Больше не хочу иметь с тобой никаких дел."	"Lang.dat: Talk.PirateClan.Truce.WeAlreadyHavePact1. Preserve every <tag> exactly. English reference: Oh, you've shown your true ugly colors quite well! I don't want to have anything to do with you."	"Talk"	""
"/Talk/PirateClan/Truce/WeAlreadyHavePact2"	"Второй раз ты меня не обманешь, урод! Однажды мы уже заключали мирное соглашение - и что в результате?"	"Lang.dat: Talk.PirateClan.Truce.WeAlreadyHavePact2. Preserve every <tag> exactly. English reference: You are not going to cheat me twice, you punk! Well, we've already made a truce once -- and look where it has got us!"	"Talk"	""
"/Talk/PirateClan/Truce/WeAlreadyHavePact3"	"Нет. Я тебя знаю, ты подлый тип, и наверняка нападешь на меня снова, как только появится возможность."	"Lang.dat: Talk.PirateClan.Truce.WeAlreadyHavePact3. Preserve every <tag> exactly. English reference: No. I know you, you scumbag. You will attack me again at the first available opportunity."	"Talk"	""
"/Talk/PirateClan/Truce/WeAlreadyHavePact4"	"Ну уж нет, тебе меня не провести на сей раз. Черта с два я попадусь на ту же удочку!"	"Lang.dat: Talk.PirateClan.Truce.WeAlreadyHavePact4. Preserve every <tag> exactly. English reference: No way, you are not going to swindle me this time. Oh, no, I am not going to step on the same rake twice!"	"Talk"	""
"/Talk/PlanetSay/0"	"Планета"	"Lang.dat: Talk.PlanetSay.0. Preserve every <tag> exactly. English reference: Planet"	"Talk"	""
"/Talk/PreserveItems/ComputerNotFearAndWar"	"Лучше заткнись, <Player>. Я даже слушать не буду, что ты там лопочешь! Ты у меня на очереди."	"Lang.dat: Talk.PreserveItems.ComputerNotFearAndWar. Preserve every <tag> exactly. English reference: You'd better shut up, <Player>. I'm not even going to listen to your babbling! You're next on my list."	"Talk"	""
"/Talk/PreserveItems/ComputerNotFearAndWar1"	"Лети отсюда, пока цел, <Player>. А не то я и за тебя примусь, когда руки дойдут."	"Lang.dat: Talk.PreserveItems.ComputerNotFearAndWar1. Preserve every <tag> exactly. English reference: Fly out of here while you're still in one piece, <Player>. Otherwise, I'm going to come after you when I get the time."	"Talk"	""
"/Talk/PreserveItems/ComputerNotFearAndWar2"	"Не суй нос не в свое дело, <Player>, а не то рискуешь остаться без головы!"	"Lang.dat: Talk.PreserveItems.ComputerNotFearAndWar2. Preserve every <tag> exactly. English reference: Don't go sticking your nose where it doesn't belong, <Player>, or you may lose your head!"	"Talk"	""
"/Talk/PreserveItems/ComputerNotFearAndWar3"	"Ты что, думаешь, что ты самый крутой тут? Отвяжись от меня, <Player>, во что хочу, в то и палю. Могу и за тобой увязаться, имей это в виду."	"Lang.dat: Talk.PreserveItems.ComputerNotFearAndWar3. Preserve every <tag> exactly. English reference: So you think you're real hot stuff around here, huh? Leave me alone, <Player>. I'll shoot whatever I want. What I mean to say is that I could tag along with you."	"Talk"	""
"/Talk/PreserveItems/ComputerNotFearAndWar4"	"Ха, полагаешь, я тебя испугаюсь? Советую тебе, <Player>, уносить отсюда ноги и другие части тела, пока я еще относительно добрый."	"Lang.dat: Talk.PreserveItems.ComputerNotFearAndWar4. Preserve every <tag> exactly. English reference: Ha! You think I'm afraid of you? <Player>, I recommend you take your legs and other body parts away from here while I'm still in a relatively good mood."	"Talk"	""
"/Talk/PreserveItems/DiplomatNo"	"Как дипломат ты, может, и прав, <Player>. Стрельба по ошметкам - не самый лучший способ доказать свою правоту. Но в данном случае я так разозлен, что просто рука с гашетки не убирается."	"Lang.dat: Talk.PreserveItems.DiplomatNo. Preserve every <tag> exactly. English reference: As a diplomat, you may be right, <Player>. Shooting at scraps isn't the best way to prove you're right. But in this case I'm so mad, I just can't get my finger off the trigger."	"Talk"	""
"/Talk/PreserveItems/DiplomatNo1"	"Это неслыханно! Ты имеешь наглость выдвигать мне ультиматумы? В таком случае, я сначала постреляю все вещи в округе, а потом примусь за тебя - если ты все еще будешь упорствовать в своих заблуждениях."	"Lang.dat: Talk.PreserveItems.DiplomatNo1. Preserve every <tag> exactly. English reference: This is unheard of! You have the impudence to issue ultimatums to me? In that case, I'm going to shoot up everything around here and then come after you - if you persist in your delusions."	"Talk"	""
"/Talk/PreserveItems/DiplomatNo2"	"Нет уж, никаких компромиссов. Только уничтожив эти вещи я буду чувствовать себя в безопасности."	"Lang.dat: Talk.PreserveItems.DiplomatNo2. Preserve every <tag> exactly. English reference: No way - no compromises. I'll only feel safe after annihilating these things."	"Talk"	""
"/Talk/PreserveItems/DiplomatNo3"	"Этот вопрос так просто не решить. Я не успокоюсь, пока не уничтожу ошметки, у меня мурашки по коже от близости подобных вещей."	"Lang.dat: Talk.PreserveItems.DiplomatNo3. Preserve every <tag> exactly. English reference: This issue won't be so easy to resolve. I won't calm down until I've destroyed the scraps; being close to these things gives me the creeps."	"Talk"	""
"/Talk/PreserveItems/DiplomatNo4"	"Я принял решение, и не отступлюсь от него. Ошметки будут уничтожены!"	"Lang.dat: Talk.PreserveItems.DiplomatNo4. Preserve every <tag> exactly. English reference: I made up my mind and I'm not going to change it. The scraps will be destroyed!"	"Talk"	""
"/Talk/PreserveItems/DiplomatOk"	"Ну я смотрю, ты, <Player>, мой коллега! Дипломат! Ладно, не буду расстреливать твои трофеи. Пусть остаются, где выпали."	"Lang.dat: Talk.PreserveItems.DiplomatOk. Preserve every <tag> exactly. English reference: Well, <Player>, I can see you're my friend! Diplomat! Fine. I won't shoot up your loot. Let them lie where they fell."	"Talk"	""
"/Talk/PreserveItems/DiplomatOk1"	"Твои просьбы воздержаться от пальбы достойны всяческой похвалы! Ну, что ж, так и быть, пускай всякий мусор и дальше засоряет космос, раз тебе это так важно."	"Lang.dat: Talk.PreserveItems.DiplomatOk1. Preserve every <tag> exactly. English reference: Your requests to refrain from firing are worthy of high praise! Well, whatever. If it's that important to you, let's let all this garbage continue to clog up the cosmos."	"Talk"	""
"/Talk/PreserveItems/DiplomatOk2"	"Пожалуй, я действительно позволил себе впасть в недостойную дипломата степень агрессивности. Ты правильно решил предостеречь меня от беспорядочной пальбы по всему, что оказалось за бортом."	"Lang.dat: Talk.PreserveItems.DiplomatOk2. Preserve every <tag> exactly. English reference: Perhaps I really reached a level of aggression unworthy of a diplomat. You were right to warn me against recklessly firing at everything that was overboard."	"Talk"	""
"/Talk/PreserveItems/DiplomatOk3"	"Что ж, в этот раз этому куску корабля повезло. Но если я еще раз увижу что-то подобное поблизости... Не знаю, что я сделаю с этим мусором!"	"Lang.dat: Talk.PreserveItems.DiplomatOk3. Preserve every <tag> exactly. English reference: Well, this scrap of a ship got luck this time. But if I see something like that nearby one more time... I don't know what I'll do with this garbage!"	"Talk"	""
"/Talk/PreserveItems/DiplomatOk4"	"Ладно, я сейчас тороплюсь, и поэтому прекращаю стрельбу. Однако я вынужден доложить на планету <HomePlanet> о вашем стремлении к сохранению опасного космического мусора в системе."	"Lang.dat: Talk.PreserveItems.DiplomatOk4. Preserve every <tag> exactly. English reference: Fine. I'm in a hurry at the moment, so I'll stop firing. But I'll have to report to planet <HomePlanet> about your effort to save dangerous space trash in the system."	"Talk"	""
"/Talk/PreserveItems/LinerNo"	"Я так раздражен маячащими обломками, что не могу согласиться с данным требованием. Несмотря на все твои старания, ошметки будут уничтожены очень скоро."	"Lang.dat: Talk.PreserveItems.LinerNo. Preserve every <tag> exactly. English reference: I'm too annoyed with these looming clouds to agree with that requirement. Despite all your pains, the scraps will be destroyed very soon."	"Talk"	""
"/Talk/PreserveItems/LinerNo1"	"Ты лучше смотри, чтобы не стать следующим. Мой пассажирский лайнер оснащен так, что может кучу всяких недоносков перебить, а потом легко уйти от преследования!"	"Lang.dat: Talk.PreserveItems.LinerNo1. Preserve every <tag> exactly. English reference: You better watch out, or you'll be next. My passenger liner can slaughter a mountain of bastards of every kind and then easily evade pursuit."	"Talk"	""
"/Talk/PreserveItems/LinerNo2"	"Я глух к мольбам. Уничтожу весь мусор, а потом и за тебя примусь, если будешь мне мешать."	"Lang.dat: Talk.PreserveItems.LinerNo2. Preserve every <tag> exactly. English reference: I'm deaf to your pleas. I'm going to destroy the trash and then come after you if you try to interfere."	"Talk"	""
"/Talk/PreserveItems/LinerNo3"	"Пассажиры практически единодушно поддержали мое решение и дальше взорвать к пенчекрякам все ошметки. Они уверены в моих силах и горят желанием посмотреть на фейерверк. Постараюсь их не разочаровать!"	"Lang.dat: Talk.PreserveItems.LinerNo3. Preserve every <tag> exactly. English reference: The passengers almost unanimously supported my decision and next all the scraps will be blasted to the penchekryaks. They're sure I'm strong enough and expressed a desire to see some fireworks. I'll try not to let them down!"	"Talk"	""
"/Talk/PreserveItems/LinerNo4"	"Ты напрасно надеешься меня отговорить! Я считаю, что имею полное право отстреливать бесхозные вещи, и никто не сможет помешать мне в этом деле!"	"Lang.dat: Talk.PreserveItems.LinerNo4. Preserve every <tag> exactly. English reference: You hopes to dissuade me are in vain! I think I have every right to shoot up abandoned stuff, and nobody is going to stop me from doing so!"	"Talk"	""
"/Talk/PreserveItems/LinerOk"	"Они же мешают спокойному полету! Но раз ты настаиваешь, <Player>, то я, конечно, не буду возражать."	"Lang.dat: Talk.PreserveItems.LinerOk. Preserve every <tag> exactly. English reference: It prevents a peaceful flight! But if you insist, <Player>, then I won't object, of course."	"Talk"	""
"/Talk/PreserveItems/LinerOk1"	"Это произвол! Впрочем, если ты за свой счет организуешь уборку этого участка системы, то я не буду стрелять, так и быть."	"Lang.dat: Talk.PreserveItems.LinerOk1. Preserve every <tag> exactly. English reference: This is tyranny! But if you arrange for cleaning up this sector of the system at your own expense, then I won't shoot. Whatever."	"Talk"	""
"/Talk/PreserveItems/LinerOk2"	"Пассажиры уже нервничают из-за вынужденной задержки... Ладно, так и быть, сохраню для тебя этот хлам."	"Lang.dat: Talk.PreserveItems.LinerOk2. Preserve every <tag> exactly. English reference: The passengers are already on edge because of the forced delay... Fine, whatever. I'll keep this crap for you."	"Talk"	""
"/Talk/PreserveItems/LinerOk3"	"Ну, я не слишком кровожаден, вообще-то. Просто хотелось расчистить космотрассу. Но раз ты настаиваешь, ошметки я трогать не буду."	"Lang.dat: Talk.PreserveItems.LinerOk3. Preserve every <tag> exactly. English reference: You know, I'm not really bloodthirsty. I just want to clear the spaceway. But since you insist, I won't touch the scraps."	"Talk"	""
"/Talk/PreserveItems/LinerOk4"	"Так и быть, пусть остаются. Если только через месяц этот хлам больше не попадется мне на глаза."	"Lang.dat: Talk.PreserveItems.LinerOk4. Preserve every <tag> exactly. English reference: Fine, let it be. Just so long as I don't see this crap in a month from now."	"Talk"	""
"/Talk/PreserveItems/PirateNo"	"Ты, <Player>, вроде неплохой парень, и я бы мог с тобой согласиться. Но ведь стрельба по ошметкам это мое хобби! Нет уж, несмотря на все твои старания, скоро здесь не останется бесхозного хабара."	"Lang.dat: Talk.PreserveItems.PirateNo. Preserve every <tag> exactly. English reference: <Player>, you seem like a nice enough guy, and I could get along with you. But shooting scraps is my hobby! No, man. Despite all your efforts, soon there won't be any abandoned junk left here."	"Talk"	""
"/Talk/PreserveItems/PirateNo1"	"Ты мне не грози, я и не таких типов обламывал! Ошметки будут уничтожены мной в любом случае, так что если хочешь сам пострелять - можешь присоединяться. Это не предложение совместных действий, а просто констатация факта! (Во как я умно загнул.)"	"Lang.dat: Talk.PreserveItems.PirateNo1. Preserve every <tag> exactly. English reference: Don't threaten me! It won't work! I'm going to destroy the scraps no matter what - you're welcome to join me if you want to shoot them yourself. I'm not asking you to collaborate; I'm just stating the facts! (See how clever that was?!)"	"Talk"	""
"/Talk/PreserveItems/PirateNo2"	"Этот хлам уже не жилец, забудь о нем. Лучше подумай о своей безопасности..."	"Lang.dat: Talk.PreserveItems.PirateNo2. Preserve every <tag> exactly. English reference: This crap isn't somebody's home, forget about it. You'd be better off worrying about your own safety..."	"Talk"	""
"/Talk/PreserveItems/PirateNo3"	"Да что ты можешь мне сделать?! Не обижайся, но силенок у тебя маловато, на мой взгляд. Со мной тебе не тягаться, понял?"	"Lang.dat: Talk.PreserveItems.PirateNo3. Preserve every <tag> exactly. English reference: What are you going to do?! No offense, but I don't think you've got what it takes. Don't mess with me, got it?"	"Talk"	""
"/Talk/PreserveItems/PirateNo4"	"Ха, напугал. Ты здорово не борзей там! А то и тебе достанется."	"Lang.dat: Talk.PreserveItems.PirateNo4. Preserve every <tag> exactly. English reference: Ha, I frightened you. Don't rush there too quickly! Otherwise, you're going to get it."	"Talk"	""
"/Talk/PreserveItems/PirateOk/0"	"Да ты что, <Player>? Это же мое хобби - стрельба по беззащитным целям! Чем я буду заниматься в этой жизни? Ладно, сегодня звезды на твоей стороне."	"Lang.dat: Talk.PreserveItems.PirateOk.0. Preserve every <tag> exactly. English reference: What do you want, <Player>? It's my hobby, man - shooting undefended targets! What else am I going to do in this life? Fine, the stars are in your favor today."	"Talk"	""
"/Talk/PreserveItems/PirateOk/1"	"Только ты не подумай, что я отказываюсь. С таким сильным парнем, как ты, шутки плохи. Я лучше пойду поищу себе пушки помощнее, чтобы меньше поводов было так себя вести."	"Lang.dat: Talk.PreserveItems.PirateOk.1. Preserve every <tag> exactly. English reference: Just don't think that I'm giving up. It's not a good idea to joke around with a strong guy like you. I'd better go find myself a more powerful gun so I have fewer reasons to act this way."	"Talk"	""
"/Talk/PreserveItems/PirateOk1"	"Лады, <Player>, так и быть, не буду стрелять в этот раз. Однако не обещаю, что сдержусь, если эти ошметки попадутся мне еще раз."	"Lang.dat: Talk.PreserveItems.PirateOk1. Preserve every <tag> exactly. English reference: Okie dokey, <Player>. Have it your way - I won't shoot this time. But I won't promise that I'll restrain myself if these scraps hit me again."	"Talk"	""
"/Talk/PreserveItems/PirateOk2"	"Ты зря влез не в свое дело. Я почти поджарил этот хлам! Еще чуть-чуть, и... Эх, да что там говорить! Ну, ладно, раз ты так категорично настроен - пускай дальше валяется.с тобой мне биться не с руки!"	"Lang.dat: Talk.PreserveItems.PirateOk2. Preserve every <tag> exactly. English reference: You're climbing up the wrong tree. I've almost toasted this crap! Just a little more and... Argh! What are you saying?! Oh, fine! Since you're so categorically insistent, let it lie around some more. I just can't fight with you!"	"Talk"	""
"/Talk/PreserveItems/PirateOk3"	"Твой авторитет высок в моих глазах, поэтому я позволю этой куче мусора и дальше здесь валяться. Однако, должен заметить, что ты нарываешься на неприятности."	"Lang.dat: Talk.PreserveItems.PirateOk3. Preserve every <tag> exactly. English reference: You've got a lot of credibility in my eyes, so I'll let this hunk of junk keep floating around here. But you should know that you're asking for trouble."	"Talk"	""
"/Talk/PreserveItems/PirateOk4"	"В натуре, братан, ты чего? Все так хорошо шло, и вдруг ты вылез! Ну, ладно, я перестану палить, конечно. Мне ведь с тобой не тягаться."	"Lang.dat: Talk.PreserveItems.PirateOk4. Preserve every <tag> exactly. English reference: Really, Bro, what do you need? Everything was going along find, and then you crawled out of some hole! Okay. Of course, I'll stop firing. After all, I could never compete with you."	"Talk"	""
"/Talk/PreserveItems/PlayerSend"	"Даже не думай атаковать ошметки, они мои!"	"Lang.dat: Talk.PreserveItems.PlayerSend. Preserve every <tag> exactly. English reference: Don't even think about attacking the scraps - they're mine!"	"Talk"	""
"/Talk/PreserveItems/PlayerSend1"	"Не стоит отстреливать хлам, слышишь!"	"Lang.dat: Talk.PreserveItems.PlayerSend1. Preserve every <tag> exactly. English reference: Stop shooting the crap, do you hear!"	"Talk"	""
"/Talk/PreserveItems/PlayerSend2"	"Отстань от этих ошметков, иначе будешь иметь дело со мной!"	"Lang.dat: Talk.PreserveItems.PlayerSend2. Preserve every <tag> exactly. English reference: Leave these scraps alone or you'll answer to me!"	"Talk"	""
"/Talk/PreserveItems/PlayerSend3"	"Лучше оставь эти ошметки в покое, по-хорошему прошу!"	"Lang.dat: Talk.PreserveItems.PlayerSend3. Preserve every <tag> exactly. English reference: Leave these scraps be, I ask you kindly!"	"Talk"	""
"/Talk/PreserveItems/PlayerSend4"	"Слушай, давай ты не будешь расстреливать ошметки, мне они нужны!"	"Lang.dat: Talk.PreserveItems.PlayerSend4. Preserve every <tag> exactly. English reference: Listen, don't shoot up the scraps - I need them!"	"Talk"	""
"/Talk/PreserveItems/RangerNo"	"Я понимаю, что ты, <Player>, имеешь большие виды на этот хлам, но мои внутренние убеждения не позволяют мне оставлять бесхозные вещи просто так. Поэтому, они будут быстро уничтожены!"	"Lang.dat: Talk.PreserveItems.RangerNo. Preserve every <tag> exactly. English reference: <Player>, I understand you have grand plans for this crap, but my inner convictions won't let me just leave abandoned junk alone. So it'll be destroyed quickly!"	"Talk"	""
"/Talk/PreserveItems/RangerOk"	"Я, конечно, прекращу пальбу по ошметкам, посколько с тобой, <Player>, я ссориться не намерен. Но замечу, тем не менее, что ты лезешь не в свое дело!"	"Lang.dat: Talk.PreserveItems.RangerOk. Preserve every <tag> exactly. English reference: Of course, <Player>, I'll stop shooting at the scraps, because I don't intend to quarrel with you. I will point out, however, that you're sticking your nose into other people's business!"	"Talk"	""
"/Talk/PreserveItems/TransportNo"	"Я так раздражен присутствием этих ошметков на моем пути, что не могу согласиться с данным требованием. Несмотря на все твои старания, весь этот хлам будет взорван очень скоро."	"Lang.dat: Talk.PreserveItems.TransportNo. Preserve every <tag> exactly. English reference: I'm too annoyed with these scraps in my way to agree to that. Despite all your pains, all this crap will be detonated real soon."	"Talk"	""
"/Talk/PreserveItems/TransportNo1"	"Отстань, <Player>, а не то сейчас настанет и твой черед. Смерть тому, кто перейдет дорогу транспортнику!"	"Lang.dat: Talk.PreserveItems.TransportNo1. Preserve every <tag> exactly. English reference: Give it a rest, <Player>, or it'll be your turn next. Death to anyone who crosses the transportation worker's path!"	"Talk"	""
"/Talk/PreserveItems/TransportNo2"	"Не успокоюсь, пока не уничтожу все эти дурацкие ошметки. И тебя отправлю следом, если будешь путаться под ногами. Я сегодня жутко воинственный!"	"Lang.dat: Talk.PreserveItems.TransportNo2. Preserve every <tag> exactly. English reference: I won't rest until I've destroyed all of these stupid scraps.. And I'll dispatch you next if you get in my way. I'm feeling really trigger-happy today!"	"Talk"	""
"/Talk/PreserveItems/TransportNo3"	"Лучше не мешай мне, иначе я не отвечаю за свои действия! Этот хлам меня здорово достал, и я хочу с ним разобраться, пусть это и стрельба почти как в тире."	"Lang.dat: Talk.PreserveItems.TransportNo3. Preserve every <tag> exactly. English reference: You'd better not bother me. I won't be responsible for your actions if you don't! This junk is really bothering me and I want to deal with it like I'm at the shooting range."	"Talk"	""
"/Talk/PreserveItems/TransportNo4"	"Я не боюсь даже рискнуть своим грузом, лишь бы очистить космос от мусора. И ты меня тоже не напугаешь!"	"Lang.dat: Talk.PreserveItems.TransportNo4. Preserve every <tag> exactly. English reference: I don't even care if I risk my cargo; I just want to rid space of garbage. And you don't frighten me either!"	"Talk"	""
"/Talk/PreserveItems/TransportOk"	"А он первый начал! Что, говоришь, ящики не стреляют? Ну, раз ты настаиваешь, <Player>, то я, конечно, не буду возражать."	"Lang.dat: Talk.PreserveItems.TransportOk. Preserve every <tag> exactly. English reference: He started it! What? Boxes don't shoot? Well, since you insist, <Player>, then I won't object, of course."	"Talk"	""
"/Talk/PreserveItems/TransportOk1"	"Что ж, из уважения к тебе, <Player>, я готов оставить ошметки в покое."	"Lang.dat: Talk.PreserveItems.TransportOk1. Preserve every <tag> exactly. English reference: Out of respect for you, <Player>, I'm willing to leave these scraps in peace."	"Talk"	""
"/Talk/PreserveItems/TransportOk2"	"Лучше бы ты мирные транспорты так защищал от врагов, а не контейнеры с хламом! Ну, ладно, так и быть, прекращу стрельбу."	"Lang.dat: Talk.PreserveItems.TransportOk2. Preserve every <tag> exactly. English reference: It would be better if you protected peaceful transports from enemies rather than containers of garbage! Okay, fine. I'll stop shooting."	"Talk"	""
"/Talk/PreserveItems/TransportOk3"	"Не ожидал от тебя, что ты станешь защищать мусор! Ну, ладно, в таком случае, пускай остается где лежал. С тобой я ссориться не хочу."	"Lang.dat: Talk.PreserveItems.TransportOk3. Preserve every <tag> exactly. English reference: I never expected that you would start defending trash! Fine, let it stay where it lies then. I'm not going to argue with you."	"Talk"	""
"/Talk/PreserveItems/TransportOk4"	"Я как раз вспомнил, что мне надо срочно доставить один груз. Сражаться сейчас некогда, поэтому я отпущу <Target>, так и быть."	"Lang.dat: Talk.PreserveItems.TransportOk4. Preserve every <tag> exactly. English reference: I just remembered that I have an urgent delivery to make. I don't have time to fight right now, so I'll leave <Target> alone."	"Talk"	""
"/Talk/PreserveItems/WarriorNo"	"Да, ты что, <Player>! Я же на службе. Приказ есть приказ. Ты мне не начальник."	"Lang.dat: Talk.PreserveItems.WarriorNo. Preserve every <tag> exactly. English reference: What do you want, <Player>! I'm not on duty. An order is an order. You're not my commanding officer."	"Talk"	""
"/Talk/PreserveItems/WarriorNo1"	"Я даже выслушивать такие предложения не собираюсь, не то что думать над ними. Ошметки будут уничтожены, и точка."	"Lang.dat: Talk.PreserveItems.WarriorNo1. Preserve every <tag> exactly. English reference: I'm not even going to listen to such propositions, let alone mull them over. The scraps will be destroyed. Period."	"Talk"	""
"/Talk/PreserveItems/WarriorNo2"	"Полагаешь, я не смогу с тобой справиться? Ты и впрямь так думаешь? Ха! Поверь моему опыту, иногда лучше вообще не думать, чем думать всякую ерунду. Поначалу очень непривычно, но потом осознаешь преимущества... В общем, не становись у меня на пути, иначе худо тебе придется!"	"Lang.dat: Talk.PreserveItems.WarriorNo2. Preserve every <tag> exactly. English reference: You think I can't handle you? You really think so? Ha! Trust me, sometimes it's better to not think at all than to think utter nonsense. You won't be used to it at first, but then you'll see the advantages... Anyway, don't get in my way or things will get bad for you!"	"Talk"	""
"/Talk/PreserveItems/WarriorNo3"	"У меня есть приказ, и я буду выполнять его до последней капли крови! Или до последней единицы брони, если тебе угодно."	"Lang.dat: Talk.PreserveItems.WarriorNo3. Preserve every <tag> exactly. English reference: I'm under orders, and I'm going to carry them out even if it means bleeding to death! Or suffocating if you would prefer."	"Talk"	""
"/Talk/PreserveItems/WarriorNo4"	"Еще чего! Ты что, генерал, чтобы мне приказывать?"	"Lang.dat: Talk.PreserveItems.WarriorNo4. Preserve every <tag> exactly. English reference: What now! Who died and made you general?"	"Talk"	""
"/Talk/PreserveItems/WarriorOk/0"	"Ладно, <Player>, раз ты просишь, то я пойду на это. Я ведь тебя очень уважаю."	"Lang.dat: Talk.PreserveItems.WarriorOk.0. Preserve every <tag> exactly. English reference: Fine, <Player>. Since you asked, I'll go do that. I have great respect for you."	"Talk"	""
"/Talk/PreserveItems/WarriorOk/1"	"И пусть этот хлам побыстрее исчезнет из системы, я ведь могу и передумать!"	"Lang.dat: Talk.PreserveItems.WarriorOk.1. Preserve every <tag> exactly. English reference: And may this crap disappear from the system right quick - I might change my mind!"	"Talk"	""
"/Talk/PreserveItems/WarriorOk1"	"Так и быть. Пусть остаются здесь, раз тебе до них такое дело. Но это был единственный случай, когда я проявил снисхождение к космическому мусору!"	"Lang.dat: Talk.PreserveItems.WarriorOk1. Preserve every <tag> exactly. English reference: Whatever. Let them stay here, since you have some business with them. But this is the only time I've ever showed leniency to space trash!"	"Talk"	""
"/Talk/PreserveItems/WarriorOk2"	"Ладно, не буду стрелять, раз ты просишь. Но слишком-то не радуйся, я проверю потом, если здесь через месяц по-прежнему будет помойка, то расчисткой займусь уже я сам!"	"Lang.dat: Talk.PreserveItems.WarriorOk2. Preserve every <tag> exactly. English reference: Fine, I'll won't shoot, since you asked. But don't get too happy. I'm going to check later: if there's a scrap heap here in a month, I'll do the cleaning myself!"	"Talk"	""
"/Talk/PreserveItems/WarriorOk3"	"Я собирался как следует повзрывать все эти ошметки,  но раз тебе они так важны - так и быть, не буду. Хотя я, честно говоря, не понимаю, зачем тебе весь этот металлолом."	"Lang.dat: Talk.PreserveItems.WarriorOk3. Preserve every <tag> exactly. English reference: I was going to detonate these scraps like they should be, but since they're so important to you, I won't. Though honestly, I don't understand what you need all this scrap metal for."	"Talk"	""
"/Talk/PreserveItems/WarriorOk4"	"Ты зарываешься, <Player>! Так и быть, стрелять не буду, но мне твоя позиция не нравится."	"Lang.dat: Talk.PreserveItems.WarriorOk4. Preserve every <tag> exactly. English reference: You're really stepping in it, <Player>! Whatever. I won't shoot, but I don't like your position."	"Talk"	""
"/Talk/Protect/ComputerNotFearAndWar"	"Лучше заткнись, <Player>. Я даже слушать не буду, что ты там лопочешь! Ты у меня на очереди."	"Lang.dat: Talk.Protect.ComputerNotFearAndWar. Preserve every <tag> exactly. English reference: Better shut up, <Player>. I am not even going to bother listening to your blabbering. I've got your number, you'll see."	"Talk"	""
"/Talk/Protect/ComputerNotFearAndWar1"	"Лети отсюда, пока цел, <Player>. А не то я и за тебя примусь, когда руки дойдут."	"Lang.dat: Talk.Protect.ComputerNotFearAndWar1. Preserve every <tag> exactly. English reference: Better come over here, <Player>, or else. Or I will get on you case myself when I get down to it."	"Talk"	""
"/Talk/Protect/ComputerNotFearAndWar2"	"Не суй нос не в свое дело, <Player>, а не то рискуешь остаться без головы!"	"Lang.dat: Talk.Protect.ComputerNotFearAndWar2. Preserve every <tag> exactly. English reference: Mind your own business, <Player>, or your head will roll!"	"Talk"	""
"/Talk/Protect/ComputerNotFearAndWar3"	"Ты что, думаешь, что ты самый крутой тут? Отвяжись от меня, <Player>, кого хочу, того и преследую. Могу и за тобой увязаться, имей это в виду."	"Lang.dat: Talk.Protect.ComputerNotFearAndWar3. Preserve every <tag> exactly. English reference: You think you are the toughest guy around? Leave me alone, <Player>, I chase who I want. So you'd know, I could go after you too."	"Talk"	""
"/Talk/Protect/ComputerNotFearAndWar4"	"Ха, полагаешь, я тебя испугаюсь? Советую тебе, <Player>, уносить отсюда ноги и другие части тела, пока я еще относительно добрый."	"Lang.dat: Talk.Protect.ComputerNotFearAndWar4. Preserve every <tag> exactly. English reference: Ha, you think I am scared of you? Take my advice, <Player>, and get the hell out of here while I am still in a good enough mood."	"Talk"	""
"/Talk/Protect/DiplomatNo"	"Как дипломат ты, может, и прав, <Player>. Война это не самый лучший способ доказать свою правоту. Но в данном случае я так разозлен, что не могу простить обидчика."	"Lang.dat: Talk.Protect.DiplomatNo. Preserve every <tag> exactly. English reference: As a diplomat, you may be right, <Player>. War isn't the best way to prove your point. But I'm too pissed at my offender to just let it go."	"Talk"	""
"/Talk/Protect/DiplomatNo1"	"Это неслыханно! Ты имеешь наглость выдвигать мне ультиматумы? В таком случае, я сначала разберусь с <Target>, а потом примусь за тебя - если ты все еще будешь упорствовать в своих заблуждениях."	"Lang.dat: Talk.Protect.DiplomatNo1. Preserve every <tag> exactly. English reference: It's outrageous! You dare to give me ultimatums? In that case, after I deal with <Target>, I'll turn my attention to you. We'll see if you persist in your delusion then."	"Talk"	""
"/Talk/Protect/DiplomatNo2"	"Нет уж, никаких компромиссов. Только полное уничтожение противника может меня устроить."	"Lang.dat: Talk.Protect.DiplomatNo2. Preserve every <tag> exactly. English reference: No way, no compromises. I will not be satisfied until the opponent is destroyed."	"Talk"	""
"/Talk/Protect/DiplomatNo3"	"Этот конфликт не разрешить так просто. Я не успокоюсь, пока не уничтожу <Target>, у меня с ним личные счеты."	"Lang.dat: Talk.Protect.DiplomatNo3. Preserve every <tag> exactly. English reference: This is not an easy conflict to resolve. I've got a personal score to settle with <Target>, and I won't rest until he is destroyed."	"Talk"	""
"/Talk/Protect/DiplomatNo4"	"Я принял решение, и не отступлюсь от него. <Target> будет уничтожен!"	"Lang.dat: Talk.Protect.DiplomatNo4. Preserve every <tag> exactly. English reference: I've decided that I will not let up. <Target> will be destroyed!"	"Talk"	""
"/Talk/Protect/DiplomatOk"	"Ну я смотрю, ты, <Player>, мой коллега! Дипломат! Ладно, я его не буду больше преследовать. Пусть летит своей дорогой."	"Lang.dat: Talk.Protect.DiplomatOk. Preserve every <tag> exactly. English reference: <Player>, I can see you're a colleague! A diplomat! All right, I'll stop pursuing him. He's free to fly wherever he wants."	"Talk"	""
"/Talk/Protect/DiplomatOk1"	"Твои попытки урегулировать конфликт мирным путем достойны всяческой похвалы! Ну, что ж, так и быть, отпущу его на сей раз."	"Lang.dat: Talk.Protect.DiplomatOk1. Preserve every <tag> exactly. English reference: Your attempts to settle this conflict peacefully merit the highest praise! Fine, I'll do you a solid and let him go."	"Talk"	""
"/Talk/Protect/DiplomatOk2"	"Пожалуй, я действительно позволил себе впасть в недостойную дипломата степень агрессивности. Ты правильно решил пресечь наш конфликт."	"Lang.dat: Talk.Protect.DiplomatOk2. Preserve every <tag> exactly. English reference: I suppose I've allowed myself to fall into a level of aggression unbecoming a diplomat. You did well to put a stop to our conflict."	"Talk"	""
"/Talk/Protect/DiplomatOk3"	"Что ж, в этот раз он может лететь прочь. Но если я еще раз его увижу... Не знаю, что я сделаю с этим гадом!"	"Lang.dat: Talk.Protect.DiplomatOk3. Preserve every <tag> exactly. English reference: Well, he's free to go, this time. But if I ever see him again... I don't know what I'll do to the bastard!"	"Talk"	""
"/Talk/Protect/DiplomatOk4"	"Ладно, я сейчас тороплюсь, и поэтому отпущу его. Однако я вынужден доложить на планету <HomePlanet> о преступном снисхождении, проявленном вами к этому типу."	"Lang.dat: Talk.Protect.DiplomatOk4. Preserve every <tag> exactly. English reference: Fine, I'm in a rush right now, so I'll let him go. But I'll be sure to file a report on planet <HomePlanet> as to the criminal leniency displayed by you towards this scoundrel."	"Talk"	""
"/Talk/Protect/LinerNo"	"Я так раздражен его действиями, что не могу согласиться с данным требованием. Несмотря на все твои старания, <Target> погибнет очень скоро."	"Lang.dat: Talk.Protect.LinerNo. Preserve every <tag> exactly. English reference: I am so disturbed by his actions that I cannot accept your demands. In spite of your efforts, <Target> will soon meet his end."	"Talk"	""
"/Talk/Protect/LinerNo1"	"Ты лучше смотри, чтобы не стать следующим. Мой пассажирский лайнер оснащен так, что может кучу всяких недоносков перебить, а потом легко уйти от преследования!"	"Lang.dat: Talk.Protect.LinerNo1. Preserve every <tag> exactly. English reference: You ought to watch it, bud, lest you become my next target. My passenger liner is more than adequately equipped to waste a bunch of degenerates and easily flee from pursuit!"	"Talk"	""
"/Talk/Protect/LinerNo2"	"Я глух к мольбам. Уничтожу <Target>, а потом и за тебя примусь, если будешь мне мешать."	"Lang.dat: Talk.Protect.LinerNo2. Preserve every <tag> exactly. English reference: I am deaf to your appeals. I will destroy <Target>, and then I will move on to you if you don't quit bugging me."	"Talk"	""
"/Talk/Protect/LinerNo3"	"Пассажиры практически единодушно поддержали мое решение и дальше преследовать <Target>. Они уверены в моих силах и горят желанием всыпать гаду как следует. Постараюсь их не разочаровать!"	"Lang.dat: Talk.Protect.LinerNo3. Preserve every <tag> exactly. English reference: I have full support from my passengers to continue my pursuit of <Target>. They have faith in my ability and are itching to teach that scumbag a lesson. I'll try not to disappoint!"	"Talk"	""
"/Talk/Protect/LinerNo4"	"Ты напрасно надеешься меня отговорить! Я считаю, что имею полное право преследовать <Target>, и никто не сможет помешать мне в этом благородном деле!"	"Lang.dat: Talk.Protect.LinerNo4. Preserve every <tag> exactly. English reference: You're wasting your time! I feel I'm well within my rights in pursuing <Target>, and nobody's going to impede me in this noble cause!"	"Talk"	""
"/Talk/Protect/LinerOk"	"Он же первый начал! Но раз ты настаиваешь, <Player>, то я, конечно, не буду возражать."	"Lang.dat: Talk.Protect.LinerOk. Preserve every <tag> exactly. English reference: But he started it! But if you insist, <Player>, I'm going to concede."	"Talk"	""
"/Talk/Protect/LinerOk1"	"Это произвол! Он первый начал! Впрочем, если он тоже согласен прекратить огонь, я не стану возражать. Так и быть, мир."	"Lang.dat: Talk.Protect.LinerOk1. Preserve every <tag> exactly. English reference: This is chaos! He started it! But then, if he's willing to cease fire, I'm not going to object. Very well, truce it is."	"Talk"	""
"/Talk/Protect/LinerOk2"	"Пассажиры уже нервничают из-за вынужденной задержки... Ладно, так и быть, отпущу этого типа."	"Lang.dat: Talk.Protect.LinerOk2. Preserve every <tag> exactly. English reference: The passengers are already anxious about a delay... All right, I'll let that dude go."	"Talk"	""
"/Talk/Protect/LinerOk3"	"Ну, я не слишком кровожаден, вообще-то. Просто хотелось проучить его как следует. Но раз ты настаиваешь, отпущу его прямо сейчас."	"Lang.dat: Talk.Protect.LinerOk3. Preserve every <tag> exactly. English reference: Well, I'm not out for blood or anything. I just wanted to teach him a lesson, is all. But if you insist, I'll let him go right away."	"Talk"	""
"/Talk/Protect/LinerOk4"	"Так и быть, отпущу. Если только он поклянется больше не попадаться мне на глаза."	"Lang.dat: Talk.Protect.LinerOk4. Preserve every <tag> exactly. English reference: I suppose he can go. But only if he swears to keep out of my sight."	"Talk"	""
"/Talk/Protect/PirateNo"	"Ты, <Player>, вроде неплохой парень, и я бы мог с тобой согласиться. Но ведь разбой это мое ремесло! Нет уж, несмотря на все твои старания, <Target> погибнет очень скоро."	"Lang.dat: Talk.Protect.PirateNo. Preserve every <tag> exactly. English reference: You seem like a decent fella, <Player>, and I could see myself agreeing with you. But then, plunder is my livelihood! So no, in spite of your efforts, <Target> will soon meet his end."	"Talk"	""
"/Talk/Protect/PirateNo1"	"Ты мне не грози, я и не таких типов обламывал! <Target> будет уничтожен мной в любом случае, так что если хочешь получить выгоду с этого дельца, присоединяйся лучше ко мне. Это не предложение совместных действий, а просто констатация факта! (Во как я умно загнул.)"	"Lang.dat: Talk.Protect.PirateNo1. Preserve every <tag> exactly. English reference: Don't you threaten me, I've dealt with harder foes than you! <Target> will be destroyed either way, so if you want to profit from this deal, you should join me instead. This isn't an alliance offer, but a mere statement of facts! (See what I did there??)"	"Talk"	""
"/Talk/Protect/PirateNo2"	"<Target> уже не жилец, забудь о нем. Лучше подумай о своей безопасности..."	"Lang.dat: Talk.Protect.PirateNo2. Preserve every <tag> exactly. English reference: <Target> is a dead man, so you had best forget about him. Think about your own safety instead..."	"Talk"	""
"/Talk/Protect/PirateNo3"	"Да что ты можешь мне сделать?! Не обижайся, но силенок у тебя маловато, на мой взгляд. Со мной тебе не тягаться, понял?"	"Lang.dat: Talk.Protect.PirateNo3. Preserve every <tag> exactly. English reference: And what can you do to me? Don't take it personal, but you don't look that tough to me. That's right, I said it -- you're not tough enough to tussle with me!"	"Talk"	""
"/Talk/Protect/PirateNo4"	"Ха, напугал. Ты здорово не борзей там! А то и тебе достанется."	"Lang.dat: Talk.Protect.PirateNo4. Preserve every <tag> exactly. English reference: Ooh, I'm scared! Keep it down, nitwit! Or you'll get yours as well."	"Talk"	""
"/Talk/Protect/PirateOk/0"	"Да ты что, <Player>? Это же мое ремесло! Чем я буду заниматься в этой жизни?"	"Lang.dat: Talk.Protect.PirateOk.0. Preserve every <tag> exactly. English reference: What gives, <Player>? This is my livelihood! What else can I do in this life?"	"Talk"	""
"/Talk/Protect/PirateOk/1"	"Только ты не подумай, что я отказываюсь. С таким сильным парнем, как ты, шутки плохи. Я найду себе другую жертву."	"Lang.dat: Talk.Protect.PirateOk.1. Preserve every <tag> exactly. English reference: No, no, I'm not refusing or anything. I don't want any trouble with a fighter of your caliber. I'll find myself another victim."	"Talk"	""
"/Talk/Protect/PirateOk1"	"Лады, <Player>, так и быть, отпущу его в этот раз. Однако не обещаю, что сдержусь, если <Target> попадется мне на пути еще раз."	"Lang.dat: Talk.Protect.PirateOk1. Preserve every <tag> exactly. English reference: Fine, <Player>, I suppose I can let him go just this once. But I can't promise the same restraint if I ever see <Target> again."	"Talk"	""
"/Talk/Protect/PirateOk2"	"Ты зря влез не в свое дело. Я почти поджарил этого гада! Еще чуть-чуть, и... Эх, да что там говорить! Ну, ладно, раз ты так категорично настроен - отпущу его. С вами двоими мне биться не с руки!"	"Lang.dat: Talk.Protect.PirateOk2. Preserve every <tag> exactly. English reference: You shouldn't be meddling. I've got that bastard right where I want him! All he needs is one last... Ah, forget it! If you're going to be so categorical about it, I'll let him go. I can't be bothered to take on both of you at once."	"Talk"	""
"/Talk/Protect/PirateOk3"	"Твой авторитет высок в моих глазах, поэтому я позволю этому лоху улететь. Однако должен заметить, что ты нарываешься на неприятности."	"Lang.dat: Talk.Protect.PirateOk3. Preserve every <tag> exactly. English reference: You're an authority figure in my eyes, so I'll let this sucker live. But I must note that you're looking for trouble with this attitude."	"Talk"	""
"/Talk/Protect/PirateOk4"	"В натуре, братан, ты чего? Все так хорошо шло, и вдруг ты вылез! Ну, ладно, я его отпущу, конечно. Мне ведь с тобой не тягаться."	"Lang.dat: Talk.Protect.PirateOk4. Preserve every <tag> exactly. English reference: Srsly, paesan, what gives? Everything was going fine, and then you butted in! Well, I'll let him go and everything. I know I can't hang with you."	"Talk"	""
"/Talk/Protect/PlayerSend"	"Немедленно прекрати атаку. <Target> под моей защитой!"	"Lang.dat: Talk.Protect.PlayerSend. Preserve every <tag> exactly. English reference: Hey, stop your attack immediately! <Target> is under my protection here!"	"Talk"	""
"/Talk/Protect/PlayerSend1"	"Прекрати наезжать на <Target>, слышишь!"	"Lang.dat: Talk.Protect.PlayerSend1. Preserve every <tag> exactly. English reference: Stop bothering <Target>, do you hear me?"	"Talk"	""
"/Talk/Protect/PlayerSend2"	"Отстань от <Target>, иначе будешь иметь дело со мной!"	"Lang.dat: Talk.Protect.PlayerSend2. Preserve every <tag> exactly. English reference: Better leave <Target> alone, or you'll have me to reckon with as well."	"Talk"	""
"/Talk/Protect/PlayerSend3"	"Лучше оставь <Target> в покое, по-хорошему прошу!"	"Lang.dat: Talk.Protect.PlayerSend3. Preserve every <tag> exactly. English reference: Better leave <Target> alone while I am still asking you nicely."	"Talk"	""
"/Talk/Protect/PlayerSend4"	"Слушай, хватит преследовать <Target>!"	"Lang.dat: Talk.Protect.PlayerSend4. Preserve every <tag> exactly. English reference: Oh, come on, quit chasing after <Target>!"	"Talk"	""
"/Talk/Protect/RangerNo"	"Я понимаю, что вы с <Target>, может, и друзья, но для меня это дело чести! Я не прекращу атаку!"	"Lang.dat: Talk.Protect.RangerNo. Preserve every <tag> exactly. English reference: I understand that you may be friends with <Target>, but this is a matter of honor for me! I am not going to stop attacking!"	"Talk"	""
"/Talk/Protect/RangerNo1"	"Да кто ты такой, чтобы мне указывать, <Player>? Я не прекращу атаку, и мне плевать на твое мнение!"	"Lang.dat: Talk.Protect.RangerNo1. Preserve every <tag> exactly. English reference: Who the hell are you, <Player>, to tell me what to do? I am not going to stop attacking, and I couldn't care less what you think."	"Talk"	""
"/Talk/Protect/RangerNo2"	"А тебе не кажется, что ты вмешиваешься не в свое дело? Ну а мне кажется! Так что лучше не лезь, а то и до тебя очередь дойдет..."	"Lang.dat: Talk.Protect.RangerNo2. Preserve every <tag> exactly. English reference: Don't you think you are sticking your nose into someone else's business? Well, that's what I think. So better lay off it, or you'll be next..."	"Talk"	""
"/Talk/Protect/RangerNo3"	"Меня, рейнджера, не запугать так просто. Надо будет - разберусь и с ним, и с тобой."	"Lang.dat: Talk.Protect.RangerNo3. Preserve every <tag> exactly. English reference: I am a ranger, which means I don't scare easily. If it comes to that, I'll take care of him and you too."	"Talk"	""
"/Talk/Protect/RangerNo4"	"Извини, но я никак не могу отпустить <Target> с миром - слишком уж достал меня этот тип."	"Lang.dat: Talk.Protect.RangerNo4. Preserve every <tag> exactly. English reference: Sorry, but I just can't let <Target> go -- there's too much history there."	"Talk"	""
"/Talk/Protect/RangerOk"	"Я от него, конечно, отстану, потому как с тобой, <Player>, я ссориться не намерен. Но замечу, тем не менее, что ты лезешь не в свое дело!"	"Lang.dat: Talk.Protect.RangerOk. Preserve every <tag> exactly. English reference: Of course, I'll back off, <Player>, 'cause I don't want no trouble with you. But I have to say, you're sticking your nose where it don't belong!"	"Talk"	""
"/Talk/Protect/RangerOk1"	"Ну, раз ты, <Player>, настаиваешь... Ладно, так и быть, пусть живет."	"Lang.dat: Talk.Protect.RangerOk1. Preserve every <tag> exactly. English reference: Well, <Player>, if you insist... All right, I'll let him live."	"Talk"	""
"/Talk/Protect/RangerOk2"	"Да я и сам уже искал предлог, чтобы от него отвязаться! Ладно, <Player>, не бойся, не буду его больше трогать. Хотя вообще следовало бы врезать ему еще разок-другой."	"Lang.dat: Talk.Protect.RangerOk2. Preserve every <tag> exactly. English reference: I've been looking for an excuse to be rid of him anyway! All right, <Player>, have it your way. I won't hound him any more... Though he really is asking for a beating."	"Talk"	""
"/Talk/Protect/RangerOk3"	"Я за то, чтобы помутузить его еще чуток! Но раз тебе это так не нравится - ладно уж, отстану, так и быть."	"Lang.dat: Talk.Protect.RangerOk3. Preserve every <tag> exactly. English reference: If you ask me, I'd take another couple of swings at him. But if it really bugs you so much, then all right, I'll leave him alone."	"Talk"	""
"/Talk/Protect/RangerOk4"	"Это что за претензии такие? Впрочем, ладно, раз ты просишь - отпущу его. Лети, зараза, и больше мне не попадайся! Ну, теперь ты доволен?"	"Lang.dat: Talk.Protect.RangerOk4. Preserve every <tag> exactly. English reference: What kind of a request is this anyway? But it's all right, since you are asking me nicely I'll let him go. Go ahead, you chump, scat, and don't you ever cross paths with me again! You happy now?"	"Talk"	""
"/Talk/Protect/TargetGiveGoods"	"Я сейчас выкину часть груза. Бери, <Player>, не стесняйся! Я перед тобой в неоплатном долгу."	"Lang.dat: Talk.Protect.TargetGiveGoods. Preserve every <tag> exactly. English reference: I am going to dump some of my cargo. Go ahead, <Player>, take it! I owe you big."	"Talk"	""
"/Talk/Protect/TargetGiveGoods1"	"Мне повезло, что рядом оказался ты, <Player>! Даже представить себе не можешь, как я тебе благодарен! Сейчас поделюсь с тобой частью груза. А этот тип пусть смотрит и завидует!"	"Lang.dat: Talk.Protect.TargetGiveGoods1. Preserve every <tag> exactly. English reference: It was my lucky day you were near, <Player>! You can't imagine how grateful I am! Hold on, I'll share some of my cargo with you. And this dude can choke himself green with envy!"	"Talk"	""
"/Talk/Protect/TargetGiveGoods2"	"Думаю, я должен отблагодарить тебя, <Player>. Без твоей помощи мне пришлось бы туго. Сейчас выкину из трюма часть груза, подожди секундочку."	"Lang.dat: Talk.Protect.TargetGiveGoods2. Preserve every <tag> exactly. English reference: I think I need to show you some gratitude, <Player>. Without your help, I would have found myself in a real pickle. Hold on a second, I am going to throw you something out of my cargo bay."	"Talk"	""
"/Talk/Protect/TargetGiveGoods3"	"Моей благодарности нет предела, <Player>! Ты спас мне жизнь. Не люблю чувствовать себя должником, поэтому сейчас же поделюсь с тобой грузом, который везу в трюме."	"Lang.dat: Talk.Protect.TargetGiveGoods3. Preserve every <tag> exactly. English reference: My gratitude knows no bounds, <Player>! You've saved my life. I don't like being in anyone's debt, so I am going to share some of the goods from my cargo bay with you."	"Talk"	""
"/Talk/Protect/TargetGiveGoods4"	"Ты меня очень выручил, <Player>. За это я поделюсь с тобой частью груза."	"Lang.dat: Talk.Protect.TargetGiveGoods4. Preserve every <tag> exactly. English reference: You helped me out big time, <Player>. For this, I'll share some of my cargo with you."	"Talk"	""
"/Talk/Protect/TargetGiveMoney"	"Спасибо тебе, <Player>, что помог. Перевожу на твой счет <Money> cr в знак дружбы и уважения."	"Lang.dat: Talk.Protect.TargetGiveMoney. Preserve every <tag> exactly. English reference: Thanks for your help, <Player>. Let me transfer <Money> cr to your account as a token of my sincere appreciation and friendship."	"Talk"	""
"/Talk/Protect/TargetGiveMoney1"	"Побольше бы в космосе таких отзывчивых людей, как ты, <Player>! Пожалуйста, прими от меня эти <Money> cr, не обижай отказом!"	"Lang.dat: Talk.Protect.TargetGiveMoney1. Preserve every <tag> exactly. English reference: I wish there were more good guys like you in space, <Player>. Please accept this <Money> cr from me. Please do not shun my gratitude."	"Talk"	""
"/Talk/Protect/TargetGiveMoney2"	"Не успокоюсь, пока не отблагодарю тебя, <Player>. Возьми, пожалуйста, эти <Money> cr в знак моей признательности."	"Lang.dat: Talk.Protect.TargetGiveMoney2. Preserve every <tag> exactly. English reference: I am not going to rest until I return this favor properly, <Player>. Please accept this <Money> cr as a sign of my deep appreciation."	"Talk"	""
"/Talk/Protect/TargetGiveMoney3"	"Спасибо, <Player>! Вот тебе <Money> cr за беспокойство, а сейчас извини, я очень тороплюсь."	"Lang.dat: Talk.Protect.TargetGiveMoney3. Preserve every <tag> exactly. English reference: Thanks, <Player>! Here's <Money> cr for your troubles, but I am really busy now. Sorry."	"Talk"	""
"/Talk/Protect/TargetGiveMoney4"	"Ну, <Player>, за такое дело тебе полагается <Money> cr. Ты спас меня от верной гибели!"	"Lang.dat: Talk.Protect.TargetGiveMoney4. Preserve every <tag> exactly. English reference: Well, <Player>, a deed like that merits a reward. Say, <Money> cr. You've saved me from certain death!"	"Talk"	""
"/Talk/Protect/TargetMayRunAway"	"Да я его совсем не боялся, он бы меня не догнал. Я очень быстро летаю. Ну, конечно, спасибо тебе, <Player>."	"Lang.dat: Talk.Protect.TargetMayRunAway. Preserve every <tag> exactly. English reference: I wasn't scared of him at all. I can fly pretty fast. But thank you anyway, <Player>."	"Talk"	""
"/Talk/Protect/TargetMayRunAway1"	"Ха, я бы легко мог от него уйти, если бы захотел. Но все равно спасибо, <Player>."	"Lang.dat: Talk.Protect.TargetMayRunAway1. Preserve every <tag> exactly. English reference: Ha, I could have outrun him easily if I wanted to. But thanks anyway, <Player>."	"Talk"	""
"/Talk/Protect/TargetMayRunAway2"	"Благодарен тебе за помощь, <Player>, правда в этом не было особой необходимости. Я уверен, что мог бы уйти от этого корабля."	"Lang.dat: Talk.Protect.TargetMayRunAway2. Preserve every <tag> exactly. English reference: Thanks for your help, <Player>, even though it wasn't strictly speaking necessary. I am sure I could have outrun that ship."	"Talk"	""
"/Talk/Protect/TargetMayRunAway3"	"Этому кораблю ни за что не удалось бы меня догнать, но все равно я тебе благодарен, <Player>."	"Lang.dat: Talk.Protect.TargetMayRunAway3. Preserve every <tag> exactly. English reference: That ship would have never caught up with me, but I am still grateful to you, <Player>."	"Talk"	""
"/Talk/Protect/TargetMayRunAway4"	"Ты напрасно беспокоился, <Player>, я очень быстро летаю, и легко мог оставить этого тихохода позади. Но все равно спасибо."	"Lang.dat: Talk.Protect.TargetMayRunAway4. Preserve every <tag> exactly. English reference: You were worried for nothing, <Player>. I'm a speedy flyer and would have left that slowpoke far behind. But thanks just the same."	"Talk"	""
"/Talk/Protect/TargetNotFearShip"	"Конечно, спасибо тебе, <Player>, но я бы и один справился."	"Lang.dat: Talk.Protect.TargetNotFearShip. Preserve every <tag> exactly. English reference: Thank you, <Player>, absolutely, but I would have managed on my own just fine."	"Talk"	""
"/Talk/Protect/TargetNotFearShip1"	"Да я бы и сам с ним разобрался. Но все равно, <Player>, спасибо за поддержку."	"Lang.dat: Talk.Protect.TargetNotFearShip1. Preserve every <tag> exactly. English reference: I could have handled him myself. Regardless, thanks for your support, <Player>."	"Talk"	""
"/Talk/Protect/TargetNotFearShip2"	"Этому типу повезло, что он вовремя удрал! Спасибо за помощь, <Player>, но, право, не стоило беспокоиться."	"Lang.dat: Talk.Protect.TargetNotFearShip2. Preserve every <tag> exactly. English reference: That guy was really lucky to have bolted while he still could! Thanks for your help, <Player>, but you shouldn't have bothered."	"Talk"	""
"/Talk/Protect/TargetNotFearShip3"	"Ну, я и сам вполне мог с ним справиться, <Player>. Однако за помощь спасибо."	"Lang.dat: Talk.Protect.TargetNotFearShip3. Preserve every <tag> exactly. English reference: I could have handled him myself just fine, <Player>. Still, thanks for your help."	"Talk"	""
"/Talk/Protect/TargetNotFearShip4"	"У меня ушла бы уйма времени на то, чтобы вправить ему мозги. Спасибо за помощь, <Player>."	"Lang.dat: Talk.Protect.TargetNotFearShip4. Preserve every <tag> exactly. English reference: It would have taken me a while to set him straight myself. Thanks for your help, <Player>."	"Talk"	""
"/Talk/Protect/TargetThanks"	"Огромное спасибо, <Player>! К сожалению, ничем не могу тебя отблагодарить."	"Lang.dat: Talk.Protect.TargetThanks. Preserve every <tag> exactly. English reference: Many thanks, <Player>! Unfortunately, I don't have anything to thank you with."	"Talk"	""
"/Talk/Protect/TargetThanks1"	"Если бы мое благосостояние равнялось моей признательности по отношению к тебе, <Player>, я был бы миллионером! К сожалению, это не так, и поэтому мне нечем тебя отблагодарить. Но я всем расскажу, какой ты замечательный парень!"	"Lang.dat: Talk.Protect.TargetThanks1. Preserve every <tag> exactly. English reference: If my wealth could rival to my appreciation for you, <Player>, I'd be a millionaire! Alas, that is not so, and I have nothing to thank you with. But I'll make sure to tell everybody what a wonderful fellow you are!"	"Talk"	""
"/Talk/Protect/TargetThanks2"	"Очень благодарен тебе, <Player>, за то, что ты меня выручил. Увы, мне нечем выразить тебе свою признательность."	"Lang.dat: Talk.Protect.TargetThanks2. Preserve every <tag> exactly. English reference: I am very grateful to you, <Player>, for helping me out. Unfortunately, I have nothing to give you to show my appreciation."	"Talk"	""
"/Talk/Protect/TargetThanks3"	"Ты лучший парень из всех, что мне когда-либо попадались, <Player>! И как назло, именно сейчас у меня нет ничего, чем можно было бы тебя отблагодарить."	"Lang.dat: Talk.Protect.TargetThanks3. Preserve every <tag> exactly. English reference: You are the best guy I have ever come across, <Player>. It's just too bad that at the moment I have nothing to give you as a sign of my appreciation."	"Talk"	""
"/Talk/Protect/TargetThanks4"	"Слушай, <Player>, ты себе не представляешь, как я тебе благодарен! Но увы, не могу предложить тебе в знак своей признательности ничего, кроме кильки в томатном соусе... Ой, кажется, она тоже уже закончилась. Ну вот, всегда ее запасы подходят к концу в самый неподходящий момент! Этот феномен требует серьезного изучения, тебе так не кажется?"	"Lang.dat: Talk.Protect.TargetThanks4. Preserve every <tag> exactly. English reference: Really, <Player>, you can't even imagine how grateful I am! Sadly, I have nothing to offer you as thanks save for some sardines in tomato sauce... Pah, looks like I'm out of those too. Is it me or do they always run out at the worst possible time? This phenomenon merits closer investigation!"	"Talk"	""
"/Talk/Protect/TransportNo"	"Я так раздражен его действиями, что не могу согласиться с данным требованием. Несмотря на все твои старания, <Target> погибнет очень скоро."	"Lang.dat: Talk.Protect.TransportNo. Preserve every <tag> exactly. English reference: I am so disturbed by his actions that I cannot accept your demands. In spite of your efforts, <Target> will soon meet his end."	"Talk"	""
"/Talk/Protect/TransportNo1"	"Отстань, <Player>, а не то сейчас настанет и твой черед. Смерть тому, кто перейдет дорогу транспортнику!"	"Lang.dat: Talk.Protect.TransportNo1. Preserve every <tag> exactly. English reference: Back off, <Player>, or you'll be my next target. Death shall befall anyone who crosses paths with a transport worker!"	"Talk"	""
"/Talk/Protect/TransportNo2"	"Не успокоюсь, пока не уничтожу этого изверга. И тебя отправлю следом, если будешь путаться под ногами. Я сегодня жутко воинственный!"	"Lang.dat: Talk.Protect.TransportNo2. Preserve every <tag> exactly. English reference: I am not going to rest until I destroy that savage. And you'll suffer the same fate if you start meddling. I am super aggressive today!"	"Talk"	""
"/Talk/Protect/TransportNo3"	"Лучше не мешай мне, иначе я не отвечаю за свои действия! <Target> меня здорово достал, и я хочу с ним разобраться."	"Lang.dat: Talk.Protect.TransportNo3. Preserve every <tag> exactly. English reference: You had better not interfere, or I won't be held accountable for my actions! <Target> has been a real thorn in my side, and I want to deal with him."	"Talk"	""
"/Talk/Protect/TransportNo4"	"Я не боюсь даже рискнуть своим грузом, лишь бы уничтожить <Target>. И ты меня тоже не напугаешь!"	"Lang.dat: Talk.Protect.TransportNo4. Preserve every <tag> exactly. English reference: I'm even willing to risk losing my cargo to destroy <Target>. And you're not going to scare me away!"	"Talk"	""
"/Talk/Protect/TransportOk"	"А он первый начал! Но раз ты настаиваешь, <Player>, то я, конечно, не буду возражать."	"Lang.dat: Talk.Protect.TransportOk. Preserve every <tag> exactly. English reference: He started it! But if you insist, <Player>, I'm going to concede."	"Talk"	""
"/Talk/Protect/TransportOk1"	"Что ж, из уважения к тебе, <Player>, я готов оставить его в покое."	"Lang.dat: Talk.Protect.TransportOk1. Preserve every <tag> exactly. English reference: Out of respect for you, <Player>, I'm willing to let him be."	"Talk"	""
"/Talk/Protect/TransportOk2"	"Лучше бы ты мирные транспорты так защищал от врагов, а не наоборот! Ну, ладно, так и быть, отпущу его."	"Lang.dat: Talk.Protect.TransportOk2. Preserve every <tag> exactly. English reference: If only you protected peaceful transport vessels from enemies, and not vice versa! But fine, I suppose he can go."	"Talk"	""
"/Talk/Protect/TransportOk3"	"Не ожидал от тебя, что ты станешь его защищать! Ну, ладно, в таком случае, он может лететь прочь. С тобой я ссориться не хочу."	"Lang.dat: Talk.Protect.TransportOk3. Preserve every <tag> exactly. English reference: I didn't expect you to start defending him! But if that's how it is, then he can go. I don't want any trouble with you."	"Talk"	""
"/Talk/Protect/TransportOk4"	"Я как раз вспомнил, что мне надо срочно доставить один груз. Сражаться сейчас некогда, поэтому я отпущу <Target>, так и быть."	"Lang.dat: Talk.Protect.TransportOk4. Preserve every <tag> exactly. English reference: I just remembered about this rush delivery I need to make. I've got no time for a fight now, so I'll be merciful and let <Target> go."	"Talk"	""
"/Talk/Protect/WarriorNo"	"Да, ты что, <Player>! Я же на службе. Приказ есть приказ. Ты мне не начальник."	"Lang.dat: Talk.Protect.WarriorNo. Preserve every <tag> exactly. English reference: What gives, <Player>! I have my orders, and orders are to be obeyed. Besides, you're no boss of mine."	"Talk"	""
"/Talk/Protect/WarriorNo1"	"Я даже выслушивать такие предложения не собираюсь, не то что думать над ними. <Target> будет уничтожен, и точка."	"Lang.dat: Talk.Protect.WarriorNo1. Preserve every <tag> exactly. English reference: I'm not even going to listen to these proposals, much less entertain them. <Target> will be destroyed, and that's that."	"Talk"	""
"/Talk/Protect/WarriorNo2"	"Полагаешь, я не смогу с тобой справиться? Ты и впрямь так думаешь? Ха! Поверь моему опыту, иногда лучше вообще не думать, чем думать всякую ерунду. Поначалу очень непривычно, но потом осознаешь преимущества... В общем, не становись у меня на пути, иначе худо тебе придется!"	"Lang.dat: Talk.Protect.WarriorNo2. Preserve every <tag> exactly. English reference: You think I can't take you down? Do you really think so? Ha! Trust an old space wolf -- sometimes it's better not to think at all than think all manner of nonsense. You may not realize its advantage at first, but with time... Anyway, you had better not get in my way, or you'll be plenty sorry!"	"Talk"	""
"/Talk/Protect/WarriorNo3"	"У меня есть приказ, и я буду выполнять его до последней капли крови! Или до последней единицы брони, если тебе угодно."	"Lang.dat: Talk.Protect.WarriorNo3. Preserve every <tag> exactly. English reference: I have orders, and I'll be carrying them out to the bitter end! Or to the last armor point, if you will."	"Talk"	""
"/Talk/Protect/WarriorNo4"	"Еще чего! Ты что, генерал, чтобы мне приказывать?"	"Lang.dat: Talk.Protect.WarriorNo4. Preserve every <tag> exactly. English reference: Fat chance! Are you a general to be ordering me around?"	"Talk"	""
"/Talk/Protect/WarriorOk/0"	"Ладно, <Player>, раз ты просишь, то я пойду на это. Я ведь тебя очень уважаю."	"Lang.dat: Talk.Protect.WarriorOk.0. Preserve every <tag> exactly. English reference: All right, <Player>, since it's you asking, I'll do it. After all, I have only the utmost respect for you."	"Talk"	""
"/Talk/Protect/WarriorOk/1"	"И пусть <Target> побыстрей убирается, я ведь могу и передумать!"	"Lang.dat: Talk.Protect.WarriorOk.1. Preserve every <tag> exactly. English reference: But <Target> had better get out of here before I change my mind."	"Talk"	""
"/Talk/Protect/WarriorOk1"	"Так и быть. Пусть гуляет на все стороны, какие есть в космосе. Но это был единственный случай, когда я проявил снисхождение к нему. В следующий раз <Target> получит по полной программе."	"Lang.dat: Talk.Protect.WarriorOk1. Preserve every <tag> exactly. English reference: So be it. Let him fly wherever his destiny takes him. But this will be the one and only time I'll show mercy toward him. The next time I see <Target>, he'll get the biggest thrashing of his life!"	"Talk"	""
"/Talk/Protect/WarriorOk2"	"Ладно, отпущу его, раз ты просишь. Но пусть не слишком радуется. Я буду за ним наблюдать, и в случае чего сразу задам ему хорошую трепку."	"Lang.dat: Talk.Protect.WarriorOk2. Preserve every <tag> exactly. English reference: All right, since you are asking me nicely. But he shouldn't be celebrating just yet. I'll keep my eye on him, and he had better not give me a reason!"	"Talk"	""
"/Talk/Protect/WarriorOk3"	"Я собирался как следует его отделать, но раз ты за него вступился - так и быть, пощажу. Хотя я, честно говоря, не понимаю, зачем тебе нужен этот тип."	"Lang.dat: Talk.Protect.WarriorOk3. Preserve every <tag> exactly. English reference: I was going to whoop him good, but if you're standing up for him, I guess I can spare him. Though I honestly don't understand what you want with this punk."	"Talk"	""
"/Talk/Protect/WarriorOk4"	"Ты зарываешься, <Player>! Так и быть, я пощажу его, но мне твоя позиция не нравится."	"Lang.dat: Talk.Protect.WarriorOk4. Preserve every <tag> exactly. English reference: You're overreaching, <Player>! Sure, I'll spare him, but I don't like your position on this."	"Talk"	""
"/Talk/Refuse/Pirate"	"Прекратить огонь? Ха, ещё чего, сосунок, приготовься-ка отведать моей плазмы!"	"Lang.dat: Talk.Refuse.Pirate. Preserve every <tag> exactly. English reference: Cease fire? Fat chance, sucker! Prepare to taste my plasma!"	"Talk"	""
"/Talk/Refuse/Warrior"	"Прекратить огонь? Нет, так не пойдет. У меня приказ освободить эту систему, если не хочешь сражаться - убирайся отсюда, да поскорее!"	"Lang.dat: Talk.Refuse.Warrior. Preserve every <tag> exactly. English reference: Cease fire? No, that won't do. I'm under orders to liberate this system. If you don't want to fight, get the hell out of here!"	"Talk"	""
"/Talk/Reject"	"Отказываюсь"	"Lang.dat: Talk.Reject. Preserve every <tag> exactly. English reference: I refuse"	"Talk"	""
"/Talk/Trade/AfterBreak"	"Верно, поторговать всегда успеется. У нас ведь и других дел полно."	"Lang.dat: Talk.Trade.AfterBreak. Preserve every <tag> exactly. English reference: Agreed, there'll always be time for trades later. We've got other business to take care of."	"Talk"	""
"/Talk/Trade/AfterBreak1"	"Это правильно, <Player>. Наш бизнес подождет, поторгуем в другой раз."	"Lang.dat: Talk.Trade.AfterBreak1. Preserve every <tag> exactly. English reference: Good call, <Player>. Our business can wait, we'll trade some other time."	"Talk"	""
"/Talk/Trade/AfterTrade"	"Может, у тебя еще какие предложения будут, <Player>?"	"Lang.dat: Talk.Trade.AfterTrade. Preserve every <tag> exactly. English reference: Maybe you have some other offers, <Player>?"	"Talk"	""
"/Talk/Trade/AnswerAlreadyTakeItem"	"Погоди немного с торговлей, давай как я подниму <Item>, так и поговорим?"	"Lang.dat: Talk.Trade.AnswerAlreadyTakeItem. Preserve every <tag> exactly. English reference: Hold that thought until after I picked up <Item>, all right?"	"Talk"	""
"/Talk/Trade/AnswerBadRelations"	"Я с тобой не желаю торговать. Морда лица что-то у тебя не очень приятная."	"Lang.dat: Talk.Trade.AnswerBadRelations. Preserve every <tag> exactly. English reference: I don't want to trade with you. Something about your face I just don't like."	"Talk"	""
"/Talk/Trade/AnswerBadRelations1"	"Ха, торговать он захотел. Да я знать тебя не желаю."	"Lang.dat: Talk.Trade.AnswerBadRelations1. Preserve every <tag> exactly. English reference: Aww, he wants to trade... Take a hike!"	"Talk"	""
"/Talk/Trade/AnswerBigDist"	"Так ничего у нас не выйдет. Подлети поближе, тогда и поговорим, поторгуем."	"Lang.dat: Talk.Trade.AnswerBigDist. Preserve every <tag> exactly. English reference: This isn't going to work. Come closer, then we'll trade."	"Talk"	""
"/Talk/Trade/AnswerBigDist1"	"Расстояние между нами очень большое, для торговли рекомендуется поближе подлететь."	"Lang.dat: Talk.Trade.AnswerBigDist1. Preserve every <tag> exactly. English reference: We're too far apart, come closer if you want to trade."	"Talk"	""
"/Talk/Trade/AnswerNoNeedGoods"	"Мне нечего тебе предложить, да и покупать я ничего не собираюсь. Обратись к кому-нибудь другому."	"Lang.dat: Talk.Trade.AnswerNoNeedGoods. Preserve every <tag> exactly. English reference: I've got nothing to offer, nor am I looking to buy anything. Ask somebody else."	"Talk"	""
"/Talk/Trade/AnswerNoNeedGoods1"	"О какой торговле можно говорить? Трюмы пусты, и нет денег, чтобы у тебя что-то покупать. Обратись к кому-нибудь другому."	"Lang.dat: Talk.Trade.AnswerNoNeedGoods1. Preserve every <tag> exactly. English reference: This is no time to talk trade. My cargo bay is empty, and so are my pockets. Ask somebody else."	"Talk"	""
"/Talk/Trade/AnswerWar"	"Не вовремя ты пристал ко мне со своей торговлей. Как закончатся боевые действия, тогда и поговорим."	"Lang.dat: Talk.Trade.AnswerWar. Preserve every <tag> exactly. English reference: This is a bad time for you to bugging me with trade requests. We can talk after the battle is over."	"Talk"	""
"/Talk/Trade/AnswerWar1"	"О, <Player>, я с радостью с тобой поторгую. Только ты вначале помоги мне расправиться с кораблем <ShipBad>."	"Lang.dat: Talk.Trade.AnswerWar1. Preserve every <tag> exactly. English reference: Oh, <Player>, I'll be glad to trade with you. But you must help me deal with <ShipBad> first."	"Talk"	""
"/Talk/Trade/NoMoney"	"<Ship> не имеет денег для закупки товара."	"Lang.dat: Talk.Trade.NoMoney. Preserve every <tag> exactly. English reference: <Ship> doesn't have enough money to buy goods."	"Talk"	""
"/Talk/Trade/NoSpace"	"<Ship> не имеет места под закупку товара."	"Lang.dat: Talk.Trade.NoSpace. Preserve every <tag> exactly. English reference: <Ship> doesn't have enough space to buy goods."	"Talk"	""
"/Talk/Trade/PlayerSend"	"Давай поторгуем"	"Lang.dat: Talk.Trade.PlayerSend. Preserve every <tag> exactly. English reference: Let's trade"	"Talk"	""
"/Talk/Trade/PlayerSend1"	"Поторговать хочешь?"	"Lang.dat: Talk.Trade.PlayerSend1. Preserve every <tag> exactly. English reference: Want to trade?"	"Talk"	""
"/Talk/Trade/TradeBreak"	"Отложить сделку"	"Lang.dat: Talk.Trade.TradeBreak. Preserve every <tag> exactly. English reference: Postpone trade"	"Talk"	""
"/Talk/Trade/TradeGo"	"Кончай базар, давай торговать!"	"Lang.dat: Talk.Trade.TradeGo. Preserve every <tag> exactly. English reference: Quit your babbling, let's trade!"	"Talk"	""
"/Talk/Trade/TradeGo1"	"Давай начнем торговлю, а там разберемся."	"Lang.dat: Talk.Trade.TradeGo1. Preserve every <tag> exactly. English reference: Let's trade first, worry about everything else after."	"Talk"	""
"/Talk/Trade/TradeOkMayBuyNo"	"Хорошо, давай поторгуем. Я могу предложить тебе кое-что. Но покупать я ничего не буду. Можешь даже не предлагать, у меня у самого трюмы заполнены!"	"Lang.dat: Talk.Trade.TradeOkMayBuyNo. Preserve every <tag> exactly. English reference: All right, let's trade. I can offer you something. But I won't be buying anything. Don't even bother offering, my cargo bay is already overloaded!"	"Talk"	""
"/Talk/Trade/TradeOkMayBuyOk"	"Хорошо, поторгуем. Но предупреждаю сразу, что купить больше чем <Cnt> ед. товаров не смогу."	"Lang.dat: Talk.Trade.TradeOkMayBuyOk. Preserve every <tag> exactly. English reference: All right, let's trade. But I warn you -- I'm not in a position to buy more than <Cnt> units of goods."	"Talk"	""
"/Talk/Trade/TradeOkMayBuyOk1"	"Ну давай поторгуем. Но предупреждаю сразу, что впарить мне больше чем <Cnt> ед. своих товаров ты не сможешь никак."	"Lang.dat: Talk.Trade.TradeOkMayBuyOk1. Preserve every <tag> exactly. English reference: Well, let's trade. But I warn you -- you won't dump more than <Cnt> units of goods on me."	"Talk"	""
"/Talk/Tranclucator/AgreeLandingToObject"	"Слушаюсь, хозяин! Совершаю посадку на <ObjectName>."	"Lang.dat: Talk.Tranclucator.AgreeLandingToObject. Preserve every <tag> exactly. English reference: Right away, master! Landing on <ObjectName>."	"Talk"	""
"/Talk/Tranclucator/AgreeLandingToStorage"	"Слушаюсь, хозяин! Лечу на <ObjectName> и остаюсь на складе"	"Lang.dat: Talk.Tranclucator.AgreeLandingToStorage. Preserve every <tag> exactly. English reference: Right away, master! Heading to <ObjectName> and waiting in storage"	"Talk"	""
"/Talk/Tranclucator/Attack/Ask"	"Прошу указать цель."	"Lang.dat: Talk.Tranclucator.Attack.Ask. Preserve every <tag> exactly. English reference: Please specify target."	"Talk"	""
"/Talk/Tranclucator/Attack/Ok"	"Координаты цели определены. Иду на перехват курсом атаки."	"Lang.dat: Talk.Tranclucator.Attack.Ok. Preserve every <tag> exactly. English reference: Target coordinates set. Proceeding to intercept by attacking."	"Talk"	""
"/Talk/Tranclucator/Attack/PlayerSend"	"Приказываю атаковать"	"Lang.dat: Talk.Tranclucator.Attack.PlayerSend. Preserve every <tag> exactly. English reference: Ordering to attack"	"Talk"	""
"/Talk/Tranclucator/DropCargo/Ok"	"Команда ясна. Приступаю к освобождению трюма."	"Lang.dat: Talk.Tranclucator.DropCargo.Ok. Preserve every <tag> exactly. English reference: Orders are clear. Commencing with evacuation of cargo bay."	"Talk"	""
"/Talk/Tranclucator/DropCargo/PlayerSend"	"Выбрасывай все из трюма"	"Lang.dat: Talk.Tranclucator.DropCargo.PlayerSend. Preserve every <tag> exactly. English reference: Empty out the cargo bay"	"Talk"	""
"/Talk/Tranclucator/FlyToMe/Ok"	"Приказ получен. Начинаю сближение."	"Lang.dat: Talk.Tranclucator.FlyToMe.Ok. Preserve every <tag> exactly. English reference: Order received. I'm beginning the approach."	"Talk"	""
"/Talk/Tranclucator/FlyToMe/PlayerSend"	"Следуй за мной"	"Lang.dat: Talk.Tranclucator.FlyToMe.PlayerSend. Preserve every <tag> exactly. English reference: Follow me"	"Talk"	""
"/Talk/Tranclucator/Greeting"	"Вся моя боевая мощь к вашим услугам, хозяин. Мои пушки готовы к бою, жду указаний."	"Lang.dat: Talk.Tranclucator.Greeting. Preserve every <tag> exactly. English reference: All my firepower is at your service, master. My guns are ready for battle, awaiting orders."	"Talk"	""
"/Talk/Tranclucator/LandingToObject"	"Совершаем посадку на <ObjectName>"	"Lang.dat: Talk.Tranclucator.LandingToObject. Preserve every <tag> exactly. English reference: We are landing on <ObjectName>"	"Talk"	""
"/Talk/Tranclucator/LandingToStorage"	"Садись на <ObjectName> и оставайся на складе"	"Lang.dat: Talk.Tranclucator.LandingToStorage. Preserve every <tag> exactly. English reference: Head to <ObjectName> and wait in storage"	"Talk"	""
"/Talk/Tranclucator/Options/ArrangeBad"	"3.Запрещено менять оборудование"	"Lang.dat: Talk.Tranclucator.Options.ArrangeBad. Preserve every <tag> exactly. English reference: 3.Not allowed to change equipment"	"Talk"	""
"/Talk/Tranclucator/Options/ArrangeNo"	"Запрещаю менять оборудование"	"Lang.dat: Talk.Tranclucator.Options.ArrangeNo. Preserve every <tag> exactly. English reference: You're not allowed to change equipment"	"Talk"	""
"/Talk/Tranclucator/Options/ArrangeText"	"3.Разрешено менять оборудование"	"Lang.dat: Talk.Tranclucator.Options.ArrangeText. Preserve every <tag> exactly. English reference: 3.Allowed to change equipment"	"Talk"	""
"/Talk/Tranclucator/Options/ArrangeYes"	"Разрешаю менять оборудование"	"Lang.dat: Talk.Tranclucator.Options.ArrangeYes. Preserve every <tag> exactly. English reference: You're allowed to change equipment"	"Talk"	""
"/Talk/Tranclucator/Options/Collect1"	"Артефакты"	"Lang.dat: Talk.Tranclucator.Options.Collect1. Preserve every <tag> exactly. English reference: Artifacts"	"Talk"	""
"/Talk/Tranclucator/Options/Collect2"	"Микромодули"	"Lang.dat: Talk.Tranclucator.Options.Collect2. Preserve every <tag> exactly. English reference: Micromodules"	"Talk"	""
"/Talk/Tranclucator/Options/Collect3"	"Оборудование"	"Lang.dat: Talk.Tranclucator.Options.Collect3. Preserve every <tag> exactly. English reference: Equipment"	"Talk"	""
"/Talk/Tranclucator/Options/Collect4"	"Ошметки"	"Lang.dat: Talk.Tranclucator.Options.Collect4. Preserve every <tag> exactly. English reference: Debris"	"Talk"	""
"/Talk/Tranclucator/Options/Collect5"	"Товары"	"Lang.dat: Talk.Tranclucator.Options.Collect5. Preserve every <tag> exactly. English reference: Goods"	"Talk"	""
"/Talk/Tranclucator/Options/Collect6"	"Ноды"	"Lang.dat: Talk.Tranclucator.Options.Collect6. Preserve every <tag> exactly. English reference: Nodes"	"Talk"	""
"/Talk/Tranclucator/Options/CollectNo"	"Запрещаю собирать <Item>"	"Lang.dat: Talk.Tranclucator.Options.CollectNo. Preserve every <tag> exactly. English reference: You're not allowed to pick up <Item>"	"Talk"	""
"/Talk/Tranclucator/Options/CollectText"	"1.Разрешено собирать: <List>"	"Lang.dat: Talk.Tranclucator.Options.CollectText. Preserve every <tag> exactly. English reference: 1.Allowed to pick up: <List>"	"Talk"	""
"/Talk/Tranclucator/Options/CollectYes"	"Разрешаю собирать <Item>"	"Lang.dat: Talk.Tranclucator.Options.CollectYes. Preserve every <tag> exactly. English reference: You're allowed to pick up <Item>"	"Talk"	""
"/Talk/Tranclucator/Options/Land1"	"Планеты"	"Lang.dat: Talk.Tranclucator.Options.Land1. Preserve every <tag> exactly. English reference: Planets"	"Talk"	""
"/Talk/Tranclucator/Options/Land2"	"Базы"	"Lang.dat: Talk.Tranclucator.Options.Land2. Preserve every <tag> exactly. English reference: Bases"	"Talk"	""
"/Talk/Tranclucator/Options/LandBad"	"2.Запрещено совершать посадки"	"Lang.dat: Talk.Tranclucator.Options.LandBad. Preserve every <tag> exactly. English reference: 2.Not allow to land"	"Talk"	""
"/Talk/Tranclucator/Options/LandNo"	"Запрещаю садиться на <Land>"	"Lang.dat: Talk.Tranclucator.Options.LandNo. Preserve every <tag> exactly. English reference: You're not allowed to land on <Land>"	"Talk"	""
"/Talk/Tranclucator/Options/LandText"	"2.Разрешено садиться на: <List>"	"Lang.dat: Talk.Tranclucator.Options.LandText. Preserve every <tag> exactly. English reference: 2.Allowed to land on <List>"	"Talk"	""
"/Talk/Tranclucator/Options/LandYes"	"Разрешаю садиться на <Land>"	"Lang.dat: Talk.Tranclucator.Options.LandYes. Preserve every <tag> exactly. English reference: You're allowed to land on <Land>"	"Talk"	""
"/Talk/Tranclucator/Options/PlayerBack"	"Назад"	"Lang.dat: Talk.Tranclucator.Options.PlayerBack. Preserve every <tag> exactly. English reference: Back"	"Talk"	""
"/Talk/Tranclucator/Options/PlayerSend"	"Настроить поведение"	"Lang.dat: Talk.Tranclucator.Options.PlayerSend. Preserve every <tag> exactly. English reference: Set behavior"	"Talk"	""
"/Talk/Tranclucator/OrderForAll"	"И ретранслируй этот приказ остальным транклюкаторам. С каждым отдельно я общаться не намерен."	"Lang.dat: Talk.Tranclucator.OrderForAll. Preserve every <tag> exactly. English reference: And relay this order to other tranclucators. I am not going to communicate with each of you separately."	"Talk"	""
"/Talk/Tranclucator/Return/Ok"	"Приказ понятен. Я немедленно возвращаюсь. Прошу подождать и принять меня на борт."	"Lang.dat: Talk.Tranclucator.Return.Ok. Preserve every <tag> exactly. English reference: Orders are clear. Returning immediately. Please wait and take me on board."	"Talk"	""
"/Talk/Tranclucator/Return/PlayerSend"	"Возвращайся назад"	"Lang.dat: Talk.Tranclucator.Return.PlayerSend. Preserve every <tag> exactly. English reference: Return"	"Talk"	""
"/Talk/Tranclucator/SeekItems/Cancel"	"Приказ принят. Вхожу в режим патрулирования."	"Lang.dat: Talk.Tranclucator.SeekItems.Cancel. Preserve every <tag> exactly. English reference: Orders accepted. Entering patrol mode."	"Talk"	""
"/Talk/Tranclucator/SeekItems/Ok"	"Начинаю поиск и сбор вещей в зоне видимости."	"Lang.dat: Talk.Tranclucator.SeekItems.Ok. Preserve every <tag> exactly. English reference: Commencing search and collection of items within visibility range."	"Talk"	""
"/Talk/Tranclucator/SeekItems/PlayerCancel"	"Приказываю прекратить сбор вещей"	"Lang.dat: Talk.Tranclucator.SeekItems.PlayerCancel. Preserve every <tag> exactly. English reference: Ordering to cease item collection"	"Talk"	""
"/Talk/Tranclucator/SeekItems/PlayerSend"	"Приказываю приступить к сбору вещей"	"Lang.dat: Talk.Tranclucator.SeekItems.PlayerSend. Preserve every <tag> exactly. English reference: Ordering to commence item collection"	"Talk"	""
"/Talk/Truce/ComputerAsk"	"И сколько ты готов выложить за мир?"	"Lang.dat: Talk.Truce.ComputerAsk. Preserve every <tag> exactly. English reference: How much are you willing to pay for peace?"	"Talk"	""
"/Talk/Truce/ComputerAsk1"	"И как дорого ты ценишь мир между нами?"	"Lang.dat: Talk.Truce.ComputerAsk1. Preserve every <tag> exactly. English reference: So what's peace between us worth to you?"	"Talk"	""
"/Talk/Truce/ComputerAsk2"	"Мир будет стоить денег. Сколько ты готов заплатить?"	"Lang.dat: Talk.Truce.ComputerAsk2. Preserve every <tag> exactly. English reference: Peace will cost you. How much are willing to pay?"	"Talk"	""
"/Talk/Truce/ComputerAsk3"	"И какую сумму ты готов предложить за свою жизнь?"	"Lang.dat: Talk.Truce.ComputerAsk3. Preserve every <tag> exactly. English reference: How much are you prepared to offer for your life?"	"Talk"	""
"/Talk/Truce/ComputerAsk4"	"И много денег ты способен заплатить, чтобы меня задобрить?"	"Lang.dat: Talk.Truce.ComputerAsk4. Preserve every <tag> exactly. English reference: So how much have you got to pay me off?"	"Talk"	""
"/Talk/Truce/ComputerOkWithoutMoney"	"Я с радостью прекращаю огонь. Будем считать это обычным недоразумением. Теперь мы друзья!"	"Lang.dat: Talk.Truce.ComputerOkWithoutMoney. Preserve every <tag> exactly. English reference: I'll be happy to cease fire. Let's write this off to pure misunderstanding. We are friends now."	"Talk"	""
"/Talk/Truce/ComputerOkWithoutMoney1"	"Всегда бы так! Очень рад, что ты одумался. Мир - это просто здорово!"	"Lang.dat: Talk.Truce.ComputerOkWithoutMoney1. Preserve every <tag> exactly. English reference: I wish it had always been that easy! I am glad you came to your senses. Peace is great!"	"Talk"	""
"/Talk/Truce/ComputerOkWithoutMoney2"	"Ты не шутишь? Это же чудесно! Я согласен, отныне у нас с тобой мир!"	"Lang.dat: Talk.Truce.ComputerOkWithoutMoney2. Preserve every <tag> exactly. English reference: You are serious, aren't you? This is just wonderful! I agree, from now on we will be at peace."	"Talk"	""
"/Talk/Truce/ComputerOkWithoutMoney3"	"Так и быть, мир. Лети отсюда, пока я добрый!"	"Lang.dat: Talk.Truce.ComputerOkWithoutMoney3. Preserve every <tag> exactly. English reference: Argh, whatever. Go ahead, get out of here while I still feel magnanimous!"	"Talk"	""
"/Talk/Truce/ComputerOkWithoutMoney4"	"Мир - это замечательно! Надеюсь, больше у нас не возникнет поводов для конфликтов."	"Lang.dat: Talk.Truce.ComputerOkWithoutMoney4. Preserve every <tag> exactly. English reference: Peace is great! I hope we will not have any more reasons for conflict."	"Talk"	""
"/Talk/Truce/DiplomatNo"	"Я очень зол, и мое отношение может смягчиться только в том случае, если будет предложена сумма на порядок больше."	"Lang.dat: Talk.Truce.DiplomatNo. Preserve every <tag> exactly. English reference: I'm very angry, and the only way to placate my wrath is to offer a substantially larger sum."	"Talk"	""
"/Talk/Truce/DiplomatNo1"	"За такие копейки мою благосклонность не купишь! Давай больше денег."	"Lang.dat: Talk.Truce.DiplomatNo1. Preserve every <tag> exactly. English reference: You can't buy my favor for this pittance! Give me more money."	"Talk"	""
"/Talk/Truce/DiplomatNo2"	"Не могу принять такую маленькую сумму. Меня уважать перестанут, если узнают об этом!"	"Lang.dat: Talk.Truce.DiplomatNo2. Preserve every <tag> exactly. English reference: I cannot accept such a small sum. I'll lose everybody's respect if they find out!"	"Talk"	""
"/Talk/Truce/DiplomatNo3"	"Хех, ты здорово повеселил меня своим предложением. Вот шутник! Ну, ладно, а теперь назови настоящую сумму, покрупнее этой."	"Lang.dat: Talk.Truce.DiplomatNo3. Preserve every <tag> exactly. English reference: Heh, you're a funny one, offering me that. What a jokester! You've had your fun, now offer a more serious amount."	"Talk"	""
"/Talk/Truce/DiplomatNo4"	"Надеюсь, ты это не всерьез? Да у моей дочки самая дешевая кукла дороже стоит!"	"Lang.dat: Talk.Truce.DiplomatNo4. Preserve every <tag> exactly. English reference: Not sure if serious? My daughter's cheapest doll is worth more than that!"	"Talk"	""
"/Talk/Truce/DiplomatOk"	"Собственно говоря, я спешу с важной миссией, поэтому очень рад такой капитуляции. Этих денег мне как раз хватит, чтобы починить корабль."	"Lang.dat: Talk.Truce.DiplomatOk. Preserve every <tag> exactly. English reference: Well, I'm actually on an important and urgent mission, so I welcome this capitulation. This money should be enough to fix my ship."	"Talk"	""
"/Talk/Truce/DiplomatOk1"	"Отлично, я согласен! Если бы все были бы такими сговорчивыми, в галактике давно царил бы мир и порядок!"	"Lang.dat: Talk.Truce.DiplomatOk1. Preserve every <tag> exactly. English reference: Great, I agree. If everybody were as amenable, there would certainly be peace and order in the Galaxy!"	"Talk"	""
"/Talk/Truce/DiplomatOk2"	"Хорошо, я принимаю деньги. Надеюсь, вы извлекли урок из этого происшествия."	"Lang.dat: Talk.Truce.DiplomatOk2. Preserve every <tag> exactly. English reference: All right, I'll accept the money. I hope you have learned your lesson from this incident."	"Talk"	""
"/Talk/Truce/DiplomatOk3"	"Очень правильный шаг с вашей стороны! Принимаю вашу капитуляцию. Так и быть, в этот раз вы можете улететь. Однако я не всегда буду так великодушен."	"Lang.dat: Talk.Truce.DiplomatOk3. Preserve every <tag> exactly. English reference: A very good move on your behalf! I accept your capitulation. So be it, I'll let you go this time. However, I won't always be so magnanimous."	"Talk"	""
"/Talk/Truce/DiplomatOk4"	"Вы приняли верное решение. Что ж, можете лететь, я не стану вас преследовать."	"Lang.dat: Talk.Truce.DiplomatOk4. Preserve every <tag> exactly. English reference: You've made the right choice. All right, you may go, I will not follow."	"Talk"	""
"/Talk/Truce/DiplomatSend"	"Я готов перевести на твой счет <Money> cr в знак дружбы и взаимопонимания."	"Lang.dat: Talk.Truce.DiplomatSend. Preserve every <tag> exactly. English reference: I am ready to transfer <Money> cr to your account as a token of my sincere appreciation and support."	"Talk"	""
"/Talk/Truce/DiplomatSend1"	"К сожалению, сейчас мне некогда с тобой сражаться, проще откупиться. Надеюсь, сумма в <Money> cr тебя устроит?"	"Lang.dat: Talk.Truce.DiplomatSend1. Preserve every <tag> exactly. English reference: Sadly, I don't have the time to fight you now, so it's easier to just pay you off. I trust s sum of <Money> cr would do?"	"Talk"	""
"/Talk/Truce/DiplomatSend2"	"Это неслыханно! Нападение на правительственного чиновника столь высокого ранга - и не по политическим причинам, а из примитивных меркантильных побуждений! Однако превосходство в силе, увы, на вашей стороне, поэтому придется выплатить вам <Money> cr - лишь бы вы отвязались от нас, наконец!"	"Lang.dat: Talk.Truce.DiplomatSend2. Preserve every <tag> exactly. English reference: It's outrageous! Attacking a high-ranking government official -- and not even out of political considerations but for a primitive mercantile motive! But the fact is that the power is on your side, so I have no choice but to pay you <Money> cr and be rid of you, finally!"	"Talk"	""
"/Talk/Truce/DiplomatSend3"	"По-видимому, в данном случае единственным способом мирного урегулирования возникшего конфликта является выплата вам <Money> cr. Выражаю надежду, что вы удовольствуетесь этой суммой и позволите нам продолжить путь."	"Lang.dat: Talk.Truce.DiplomatSend3. Preserve every <tag> exactly. English reference: It looks as though the only way this conflict will be resolved peacefully is if you get paid <Money> cr. I'm hopeful that you will find this sum satisfactory and allow us to continue on our way."	"Talk"	""
"/Talk/Truce/DiplomatSend4"	"Вы вынуждаете меня прибегнуть к крайним мерам - выплатить вам <Money> cr, чтобы вы нас пропустили. Держите деньги, и прекратите нас преследовать!"	"Lang.dat: Talk.Truce.DiplomatSend4. Preserve every <tag> exactly. English reference: You're forcing me to resort to extreme measures -- paying you <Money> cr to allow us to pass. Take your money and quit following us!"	"Talk"	""
"/Talk/Truce/LinerNo"	"Я считаю, что вы предлагаете слишком мало."	"Lang.dat: Talk.Truce.LinerNo. Preserve every <tag> exactly. English reference: I think that your offer is too low."	"Talk"	""
"/Talk/Truce/LinerNo1"	"Все пассажиры нашего лайнера смеются над предложенной вами суммой. А если я ее приму, то будут смеяться еще и надо мной."	"Lang.dat: Talk.Truce.LinerNo1. Preserve every <tag> exactly. English reference: All of our liner's passengers are laughing at the proposed sum. And if I agree to it, they'll be laughing at me as well."	"Talk"	""
"/Talk/Truce/LinerNo2"	"Этого явно недостаточно, чтобы компенсировать все волнения, которые нам пришлось перенести."	"Lang.dat: Talk.Truce.LinerNo2. Preserve every <tag> exactly. English reference: This is clearly insufficient to compensate us for all the emotional damages we suffered."	"Talk"	""
"/Talk/Truce/LinerNo3"	"Я связался со своей женой на планете <HomePlanet>, и она строго-настрого запретила мне принимать такую смехотворную сумму."	"Lang.dat: Talk.Truce.LinerNo3. Preserve every <tag> exactly. English reference: I contacted my wife on planet <HomePlanet>, and she has expressly forbidden me from accepting such a ridiculous sum."	"Talk"	""
"/Talk/Truce/LinerNo4"	"Эта сумма меня не устраивает. Чтобы компенсировать нанесенный вами моральный ущерб, нужно больше денег."	"Lang.dat: Talk.Truce.LinerNo4. Preserve every <tag> exactly. English reference: I am not satisfied with that sum. More money is needed to compensate for the emotional damages you've caused."	"Talk"	""
"/Talk/Truce/LinerOk"	"Я считаю твои действия очень своевременными, с радостью заключаю мир и прекращаю боевые действия."	"Lang.dat: Talk.Truce.LinerOk. Preserve every <tag> exactly. English reference: Your actions couldn't be more timely, and I gladly agree to cease these hostilities and conclude a truce."	"Talk"	""
"/Talk/Truce/LinerOk1"	"Очень верное решение. Мой мирный лайнер не создан для боевых действий."	"Lang.dat: Talk.Truce.LinerOk1. Preserve every <tag> exactly. English reference: A wise choice. My civilian liner isn't made for combat."	"Talk"	""
"/Talk/Truce/LinerOk2"	"Совсем другой разговор! Что ж, можешь лететь - на этот раз я тебя пощажу."	"Lang.dat: Talk.Truce.LinerOk2. Preserve every <tag> exactly. English reference: Now we're talking! All right, you may go -- I'll spare your time this time."	"Talk"	""
"/Talk/Truce/LinerOk3"	"Ради спокойствия пассажиров я готов принять деньги и отпустить тебя. К сожалению, я связан жестким графиком рейсов, поэтому не имею возможности как следует с тобой потолковать. Иначе ты бы так легко не отделался."	"Lang.dat: Talk.Truce.LinerOk3. Preserve every <tag> exactly. English reference: Out of consideration for my passengers' peace of mind, I am willing to take your money and let you go. Alas, I am on a very tight flight schedule, so I have no time to dedicate to you. Know that you're getting off easy."	"Talk"	""
"/Talk/Truce/LinerOk4"	"Ну, что ж, лети. Надеюсь, теперь ты понял, что не все пассажирские лайнеры - беспомощные жертвы!"	"Lang.dat: Talk.Truce.LinerOk4. Preserve every <tag> exactly. English reference: Well, go, fly away. I hope now you realize that not all passenger liners are helpless prey!"	"Talk"	""
"/Talk/Truce/LinerSend"	"Мои пассажиры в шоке от военных действий. Я готов расстаться с <Money> cr, чтобы обеспечить их безопасность."	"Lang.dat: Talk.Truce.LinerSend. Preserve every <tag> exactly. English reference: My passengers are in shock from all the combat. I'm willing to relinquish <Money> cr to ensure their security."	"Talk"	""
"/Talk/Truce/LinerSend1"	"Ты трус, нападающий на беззащитные пассажирские корабли! Если бы я мог, я бы швырнул эти <Money> cr тебе в лицо! Ну, а так я просто перевожу их на твой счет... Надеюсь, ты удовлетворишься этой суммой и прекратишь нас преследовать."	"Lang.dat: Talk.Truce.LinerSend1. Preserve every <tag> exactly. English reference: You are a coward to attack passenger ships! I'd throw this <Money> cr right in your face if I could! But all I can do is transfer it to your account... I hope you'll accept this sum and quit pursuing us."	"Talk"	""
"/Talk/Truce/LinerSend2"	"Что за времена, что за нравы! Нигде уже нельзя чувствовать себя в безопасности. Ладно, держи <Money> cr, только отстань от нас."	"Lang.dat: Talk.Truce.LinerSend2. Preserve every <tag> exactly. English reference: What terrible times, what fallen morals! No place is safe anymore. Fine, take this <Money> cr and let us be."	"Talk"	""
"/Talk/Truce/LinerSend3"	"Я бы тебя обязательно додавил, морда! Думаю, у меня были все шансы сделать это. Но с планеты <HomePlanet> пришло распоряжение выплатить тебе <Money> cr, чтобы обеспечить безопасность наших пассажиров. Пока все эти чиновники держатся за свои кресла обеими руками, пиратам не о чем беспокоиться... Что ж, бери деньги и проваливай. Радуйся, что тебе позволили уйти живым на этот раз."	"Lang.dat: Talk.Truce.LinerSend3. Preserve every <tag> exactly. English reference: I was going to finish you for sure! I had the opening! But then I received orders from planet <HomePlanet> to pay you <Money> cr so as to ensure the passengers' safety. As long as those bureaucrats keep clinging to to their chairs for dear lives, pirates can do whatever the hell they want. Very well, take the money and get lost. Be happy that you're getting out of this alive."	"Talk"	""
"/Talk/Truce/LinerSend4"	"Обычно я не плачу денег пиратам, но в этот раз, похоже, придется поступиться своими принципами. Вот <Money> cr, а теперь прошу пропустить нас."	"Lang.dat: Talk.Truce.LinerSend4. Preserve every <tag> exactly. English reference: I don't normally pay off pirates, but this time I'll have to forgo my principles. Here's the <Money> cr, now I'll ask you to let us pass."	"Talk"	""
"/Talk/Truce/PirateNo"	"Я глух к мольбам, не подкрепленным солидной суммой."	"Lang.dat: Talk.Truce.PirateNo. Preserve every <tag> exactly. English reference: I am deaf to appeals that aren't bolstered by a monetary donation."	"Talk"	""
"/Talk/Truce/PirateNo1"	"Слишком дешево ты ценишь свою жизнь."	"Lang.dat: Talk.Truce.PirateNo1. Preserve every <tag> exactly. English reference: You don't put much value in your life, I reckon."	"Talk"	""
"/Talk/Truce/PirateNo2"	"Что-о?!! Ты во столько оцениваешь свою грязную шкуру? Ну и скупердяй!"	"Lang.dat: Talk.Truce.PirateNo2. Preserve every <tag> exactly. English reference: Whaaat?! That's how little you value your skin? What a cheapskate!"	"Talk"	""
"/Talk/Truce/PirateNo3"	"Похоже, следует получше вправить тебе мозги. Пока что ты не проникся важностью момента."	"Lang.dat: Talk.Truce.PirateNo3. Preserve every <tag> exactly. English reference: Looks like you need some sense knocked into you, 'cause you obviously don't see the picture clearly."	"Talk"	""
"/Talk/Truce/PirateNo4"	"Такой суммой ты смог бы отделаться разве что от зеленого новичка. Но я-то пират тертый, опытный. Знаю, что почем. Так что не пытайся меня обмануть."	"Lang.dat: Talk.Truce.PirateNo4. Preserve every <tag> exactly. English reference: This amount might have been enough for some noob. But I am an old, seasoned space pirate. I know the ways of the Galaxy. So don't be trying to cheat me."	"Talk"	""
"/Talk/Truce/PirateOk"	"Я согласен. Но имей в виду, не советую тебе появляться на моем пути еще раз!"	"Lang.dat: Talk.Truce.PirateOk. Preserve every <tag> exactly. English reference: I agree. But I suggest you you never cross paths with me again!"	"Talk"	""
"/Talk/Truce/PirateOk1"	"Хм, хорошие бабки. Ладно, живи пока. Еще встретимся!"	"Lang.dat: Talk.Truce.PirateOk1. Preserve every <tag> exactly. English reference: Hmm, that's good money. Fine, you can live, for now. We'll see each other again!"	"Talk"	""
"/Talk/Truce/PirateOk2"	"Уговорил, лети. Но не обещаю быть таким же покладистым, если увижу твою морду еще раз. Могу и не простить. :-)"	"Lang.dat: Talk.Truce.PirateOk2. Preserve every <tag> exactly. English reference: I'm convinced, you may go. But I may not be as easygoing the next time I see your mug. So don't test my compassion!"	"Talk"	""
"/Talk/Truce/PirateOk3"	"Ладно, сегодня я в хорошем настроении. Можешь гулять."	"Lang.dat: Talk.Truce.PirateOk3. Preserve every <tag> exactly. English reference: Fine, I'm in a good mood today. You're free."	"Talk"	""
"/Talk/Truce/PirateOk4"	"Это просто здорово, что ты такой сознательный - теперь мне не придется тебя мочить. Ладно уж, канай отсюда, пока я в хорошем настроении."	"Lang.dat: Talk.Truce.PirateOk4. Preserve every <tag> exactly. English reference: It's great that you're so clever -- now I won't need to waste you. Fine, get the hell out of here before my mood sours."	"Talk"	""
"/Talk/Truce/PirateSend"	"Отвали от меня, и я тогда заплачу тебе <Money> cr. Иначе пожалеешь!!!"	"Lang.dat: Talk.Truce.PirateSend. Preserve every <tag> exactly. English reference: I'll pay you <Money> cr if you back off. Or you'll be sorry!!!"	"Talk"	""
"/Talk/Truce/PirateSend1"	"Все, все, ты крутой, согласен. Держи <Money> cr - хорошие бабки. Только хватит в меня палить."	"Lang.dat: Talk.Truce.PirateSend1. Preserve every <tag> exactly. English reference: All right, all right, I get it, you're tough. Take <Money> cr -- it's good money. Just stop blasting me."	"Talk"	""
"/Talk/Truce/PirateSend2"	"Ты крут, братан! Не часто встречаю равных мне по силе. Такому противнику и проиграть не стыдно. Вот, держи бабки - <Money> cr - и давай мирно разойдемся."	"Lang.dat: Talk.Truce.PirateSend2. Preserve every <tag> exactly. English reference: Yeah, brah, you're tough! It ain't often I meet my match. There's no shame in losing this fight. Here, take <Money> cr and let us go our separate ways."	"Talk"	""
"/Talk/Truce/PirateSend3"	"Я думал, ты лох, но оказалось, что ты не так прост. Жаль, что мы встретились при таких обстоятельствах. Будь у меня корабль в лучшем состоянии, я бы еще с тобой повоевал. Ну, а так придется выплатить тебе <Money> cr, чтобы отвязаться."	"Lang.dat: Talk.Truce.PirateSend3. Preserve every <tag> exactly. English reference: I thought you were a punk, but appearances can be deceiving. It's a pity we met under such circumstances. If my ship were in better shape, I wouldn't mind continuing this fight. But now I'll have to buy you off with <Money> cr."	"Talk"	""
"/Talk/Truce/PirateSend4"	"Неприятно расставаться с бабками, но с жизнью - еще неприятнее. Так и быть, держи <Money> cr, и поищи себе какой-нибудь другой объект для атаки!"	"Lang.dat: Talk.Truce.PirateSend4. Preserve every <tag> exactly. English reference: I don't enjoy parting with my cash, but parting with life is even less pleasant. Very well, take <Money> cr and find yourself another target!"	"Talk"	""
"/Talk/Truce/PlayerLess"	"Установить сумму в 2 раза меньше"	"Lang.dat: Talk.Truce.PlayerLess. Preserve every <tag> exactly. English reference: Cut the amount in half"	"Talk"	""
"/Talk/Truce/PlayerMore"	"Удвоить сумму"	"Lang.dat: Talk.Truce.PlayerMore. Preserve every <tag> exactly. English reference: Double the amount"	"Talk"	""
"/Talk/Truce/PlayerNo"	"Да это разве деньги? Можно было бы и побольше предложить."	"Lang.dat: Talk.Truce.PlayerNo. Preserve every <tag> exactly. English reference: You call that money? You could have offered me more."	"Talk"	""
"/Talk/Truce/PlayerNo1"	"И эти крохи ты называешь деньгами? Что на это можно купить?"	"Lang.dat: Talk.Truce.PlayerNo1. Preserve every <tag> exactly. English reference: You call this pittance money? Can you even buy anything for this?"	"Talk"	""
"/Talk/Truce/PlayerNo2"	"Ну, это несерьезно! Я бы постыдился предлагать такие деньги. У тебя что, на большую сумму воображения не хватает?"	"Lang.dat: Talk.Truce.PlayerNo2. Preserve every <tag> exactly. English reference: Are you making a joke? I would be ashamed to offer this amount. What, you haven't got the imagination to offer more?"	"Talk"	""
"/Talk/Truce/PlayerNo3"	"Жизнь - товар уникальный, штучный. Не слишком ли дешево ты его ценишь?"	"Lang.dat: Talk.Truce.PlayerNo3. Preserve every <tag> exactly. English reference: Life is a special kind of merchandise that can't be replicated. Are you sure you're not undervaluing it?"	"Talk"	""
"/Talk/Truce/PlayerNo4"	"Ты меня попросту оскорбляешь такой малой суммой. Предложи больше."	"Lang.dat: Talk.Truce.PlayerNo4. Preserve every <tag> exactly. English reference: Are you trying to insult me with such a small amount? Offer more."	"Talk"	""
"/Talk/Truce/PlayerNotHaveMoney"	"У меня нет денег"	"Lang.dat: Talk.Truce.PlayerNotHaveMoney. Preserve every <tag> exactly. English reference: I don't have any money"	"Talk"	""
"/Talk/Truce/PlayerNotHaveMoney1"	"Мои карманы практически пусты, к сожалению"	"Lang.dat: Talk.Truce.PlayerNotHaveMoney1. Preserve every <tag> exactly. English reference: Unfortunately, I have next to nothing in my pockets"	"Talk"	""
"/Talk/Truce/PlayerNotHaveMoney2"	"Таких денег у меня нет"	"Lang.dat: Talk.Truce.PlayerNotHaveMoney2. Preserve every <tag> exactly. English reference: I don't have that kind of cash"	"Talk"	""
"/Talk/Truce/PlayerNotHaveMoney3"	"Я не располагаю требуемой суммой"	"Lang.dat: Talk.Truce.PlayerNotHaveMoney3. Preserve every <tag> exactly. English reference: I don't have the sum you're requesting"	"Talk"	""
"/Talk/Truce/PlayerNotHaveMoney4"	"Я бы и сам не отказался иметь столько!"	"Lang.dat: Talk.Truce.PlayerNotHaveMoney4. Preserve every <tag> exactly. English reference: I wouldn't mind having that much myself!"	"Talk"	""
"/Talk/Truce/PlayerOk"	"Хорошо, я принимаю этот скудный взнос и прекращаю боевые действия."	"Lang.dat: Talk.Truce.PlayerOk. Preserve every <tag> exactly. English reference: All right, I'll take these peanuts of yours and stop shooting."	"Talk"	""
"/Talk/Truce/PlayerOk1"	"Ладно, прекращаю огонь. Но я тебя запомнил, и если что - сразу покажу тебе кузькину мать!"	"Lang.dat: Talk.Truce.PlayerOk1. Preserve every <tag> exactly. English reference: All right, I am going to cease fire. But I'll remember you, and I'll kick your butt if I ever feel like it."	"Talk"	""
"/Talk/Truce/PlayerOk2"	"Вот так бы сразу. Спасибо за деньги, ты инвестировал их в благородное дело - борьбу с доминаторами!"	"Lang.dat: Talk.Truce.PlayerOk2. Preserve every <tag> exactly. English reference: Now you are talking! Thanks for the money. Consider it a wise investment in the fight against dominators."	"Talk"	""
"/Talk/Truce/PlayerOk3"	"Ну, что ж, деньги неплохие, хотя мог бы заплатить и побольше. Ладно, так и быть, перестану тебя преследовать."	"Lang.dat: Talk.Truce.PlayerOk3. Preserve every <tag> exactly. English reference: Well, the money isn't bad, but you could have coughed up more, I am sure. But it's all right, I'll stop chasing you around."	"Talk"	""
"/Talk/Truce/PlayerOk4"	"А я только вошел во вкус! Ну, ладно, так и быть, отстану от тебя. Уж больно у тебя испуганная физиономия, прямо даже жалко становится."	"Lang.dat: Talk.Truce.PlayerOk4. Preserve every <tag> exactly. English reference: And I have only just got the taste of it! Oh, all right, I'll let you be. Just you look at your scaredy face. I almost feel sorry for you."	"Talk"	""
"/Talk/Truce/PlayerSend"	"Предлагаю заключить мир"	"Lang.dat: Talk.Truce.PlayerSend. Preserve every <tag> exactly. English reference: How about we make peace?"	"Talk"	""
"/Talk/Truce/PlayerSend1"	"Давай помиримся!"	"Lang.dat: Talk.Truce.PlayerSend1. Preserve every <tag> exactly. English reference: Let's bury the hatchet!"	"Talk"	""
"/Talk/Truce/PlayerSend2"	"Может, мирно разойдемся?"	"Lang.dat: Talk.Truce.PlayerSend2. Preserve every <tag> exactly. English reference: How about we each go our own way, peacefully?"	"Talk"	""
"/Talk/Truce/PlayerSend3"	"Я хочу прекратить бой"	"Lang.dat: Talk.Truce.PlayerSend3. Preserve every <tag> exactly. English reference: I want to stop this shootout"	"Talk"	""
"/Talk/Truce/PlayerSend4"	"Как насчет перемирия?"	"Lang.dat: Talk.Truce.PlayerSend4. Preserve every <tag> exactly. English reference: How about a truce?"	"Talk"	""
"/Talk/Truce/PlayerSendSum"	"Я готов заплатить за мир <Money> cr"	"Lang.dat: Talk.Truce.PlayerSendSum. Preserve every <tag> exactly. English reference: I am willing to pay <Money> cr for peace"	"Talk"	""
"/Talk/Truce/PlayerSendSum1"	"Предлагаю <Money> cr, вполне приличная сумма"	"Lang.dat: Talk.Truce.PlayerSendSum1. Preserve every <tag> exactly. English reference: I can offer you <Money> cr, that's a nice chunk of cash"	"Talk"	""
"/Talk/Truce/PlayerSendSum2"	"Надеюсь, <Money> cr будет достаточно"	"Lang.dat: Talk.Truce.PlayerSendSum2. Preserve every <tag> exactly. English reference: I hope <Money> cr will be enough"	"Talk"	""
"/Talk/Truce/PlayerSendSum3"	"Мне кажется, что <Money> cr - самое то!"	"Lang.dat: Talk.Truce.PlayerSendSum3. Preserve every <tag> exactly. English reference: I think <Money> cr would be just right!"	"Talk"	""
"/Talk/Truce/PlayerSendSum4"	"Тебя устроит <Money> cr? От сердца отрываю!"	"Lang.dat: Talk.Truce.PlayerSendSum4. Preserve every <tag> exactly. English reference: Will <Money> cr do it for you? I am giving you the shirt off my back here!"	"Talk"	""
"/Talk/Truce/RangerNo"	"Да это разве деньги? Можно было бы и побольше предложить."	"Lang.dat: Talk.Truce.RangerNo. Preserve every <tag> exactly. English reference: You call that money? You could have offered me more."	"Talk"	""
"/Talk/Truce/RangerNo1"	"И эти крохи ты называешь деньгами? Что на это можно купить?"	"Lang.dat: Talk.Truce.RangerNo1. Preserve every <tag> exactly. English reference: You call this pittance money? Can you even buy anything for this?"	"Talk"	""
"/Talk/Truce/RangerNo2"	"Ну, это несерьезно! Я бы постыдился предлагать такие деньги. У тебя что, на большую сумму воображения не хватает?"	"Lang.dat: Talk.Truce.RangerNo2. Preserve every <tag> exactly. English reference: Are you making a joke? I would be ashamed to offer this amount. What, you haven't got the imagination to offer more?"	"Talk"	""
"/Talk/Truce/RangerNo3"	"Жизнь - товар уникальный, штучный. Не слишком ли дешево ты его ценишь?"	"Lang.dat: Talk.Truce.RangerNo3. Preserve every <tag> exactly. English reference: Life is a special kind of merchandise that can't be replicated. Are you sure you're not undervaluing it?"	"Talk"	""
"/Talk/Truce/RangerNo4"	"Ты меня попросту оскорбляешь такой малой суммой. Предложи больше."	"Lang.dat: Talk.Truce.RangerNo4. Preserve every <tag> exactly. English reference: Are you trying to insult me with such a small amount? Offer more."	"Talk"	""
"/Talk/Truce/RangerOk"	"Хорошо, я принимаю этот скудный взнос и прекращаю боевые действия."	"Lang.dat: Talk.Truce.RangerOk. Preserve every <tag> exactly. English reference: All right, I'll take these peanuts of yours and stop shooting."	"Talk"	""
"/Talk/Truce/RangerOk1"	"Ладно, прекращаю огонь. Но я тебя запомнил, и если что - сразу покажу тебе кузькину мать!"	"Lang.dat: Talk.Truce.RangerOk1. Preserve every <tag> exactly. English reference: All right, I am going to cease fire. But I'll remember you, and I'll kick your butt if I ever feel like it."	"Talk"	""
"/Talk/Truce/RangerOk2"	"Вот так бы сразу. Спасибо за деньги, ты инвестировал их в благородное дело - борьбу с доминаторами!"	"Lang.dat: Talk.Truce.RangerOk2. Preserve every <tag> exactly. English reference: Now you are talking! Thanks for the money. Consider it a wise investment in the fight against dominators."	"Talk"	""
"/Talk/Truce/RangerOk3"	"Ну, что ж, деньги неплохие, хотя мог бы заплатить и побольше. Ладно, так и быть, перестану тебя преследовать."	"Lang.dat: Talk.Truce.RangerOk3. Preserve every <tag> exactly. English reference: Well, the money isn't bad, but you could have coughed up more, I am sure. But it's all right, I'll stop chasing you around."	"Talk"	""
"/Talk/Truce/RangerOk4"	"А я только вошел во вкус! Ну, ладно, так и быть, отстану от тебя. Уж больно у тебя испуганная физиономия, прямо даже жалко становится."	"Lang.dat: Talk.Truce.RangerOk4. Preserve every <tag> exactly. English reference: And I have only just got the taste of it! Oh, all right, I'll let you be. Just you look at your scaredy face. I almost feel sorry for you."	"Talk"	""
"/Talk/Truce/RangerSend"	"Предлагаю тебе <Money> cr за прекращение боевых действий."	"Lang.dat: Talk.Truce.RangerSend. Preserve every <tag> exactly. English reference: I can offer you <Money> cr to stop these hostilities."	"Talk"	""
"/Talk/Truce/RangerSend1"	"Хочешь <Money> cr? Тогда прекрати в меня палить. Убьешь меня - кто Галактику защищать будет?"	"Lang.dat: Talk.Truce.RangerSend1. Preserve every <tag> exactly. English reference: Do you want <Money> cr? Then quit blasting me. If you kill me, who's going to defend the Galaxy?"	"Talk"	""
"/Talk/Truce/RangerSend2"	"Слушай, доминатор недоделанный, может, возьмешь <Money> cr и отвяжешься от меня?"	"Lang.dat: Talk.Truce.RangerSend2. Preserve every <tag> exactly. English reference: Lookit, you dominator degenerate, just take this <Money> cr and beat it!"	"Talk"	""
"/Talk/Truce/RangerSend3"	"Предлагаю <Money> cr за то, чтобы ты от меня отстал. Переключи лучше свое внимание на доминаторов!"	"Lang.dat: Talk.Truce.RangerSend3. Preserve every <tag> exactly. English reference: I will pay you <Money> cr to make yourself scarce. You ought to shift your attention to dominators instead!"	"Talk"	""
"/Talk/Truce/RangerSend4"	"Вот привязался! Ну, ладно, я готов заплатить тебе <Money> cr. Надеюсь, после этого ты от меня отстанешь."	"Lang.dat: Talk.Truce.RangerSend4. Preserve every <tag> exactly. English reference: What a pest! Fine, I'm willing to pay <Money> cr. I hope now you'll leave me alone."	"Talk"	""
"/Talk/Truce/TransportNo"	"И это ты называешь деньгами? Да ты хоть раз видел настоящие деньги, бомж ты космический?"	"Lang.dat: Talk.Truce.TransportNo. Preserve every <tag> exactly. English reference: You call this money? Did you ever actually see money, you wretched space bomb?"	"Talk"	""
"/Talk/Truce/TransportNo1"	"Ты что, издеваешься? Плати нормальные деньги, или тебе не поздоровится!"	"Lang.dat: Talk.Truce.TransportNo1. Preserve every <tag> exactly. English reference: Are you pulling my leg? Pay up for real or prepare to die!"	"Talk"	""
"/Talk/Truce/TransportNo2"	"Не желаю даже обсуждать подобную сумму."	"Lang.dat: Talk.Truce.TransportNo2. Preserve every <tag> exactly. English reference: I don't even want to discuss such a sum."	"Talk"	""
"/Talk/Truce/TransportNo3"	"Ну уж нет, ты меня порядочно разозлил, и мне нужна сумма побольше, чтобы успокоиться!"	"Lang.dat: Talk.Truce.TransportNo3. Preserve every <tag> exactly. English reference: No, sorry, you've stirred up a hornet's nest, and it'll take more than that to make peace!"	"Talk"	""
"/Talk/Truce/TransportNo4"	"Не слишком ли дешево ты пытаешься купить мое расположение? Думаю, надо еще поторговаться..."	"Lang.dat: Talk.Truce.TransportNo4. Preserve every <tag> exactly. English reference: Do you really think my favor can be so cheaply bought? Let's keep negotiating..."	"Talk"	""
"/Talk/Truce/TransportOk"	"Ну прямо от сердца отлегло. А то я уже думал, что придется грех на душу брать."	"Lang.dat: Talk.Truce.TransportOk. Preserve every <tag> exactly. English reference: What a load off my mind. I was afraid I'd have no choice but to commit a grave sin."	"Talk"	""
"/Talk/Truce/TransportOk1"	"Вот это правильно - деньги в наше время решают все. Очень мудрое решение дружить со мной!"	"Lang.dat: Talk.Truce.TransportOk1. Preserve every <tag> exactly. English reference: But in our day and age money is the great mediator. You've made a wise choice in securing my friendship!"	"Talk"	""
"/Talk/Truce/TransportOk2"	"Молодец, сынок, ты принял правильное решение. Жизнь все-таки дороже денег, что и говорить."	"Lang.dat: Talk.Truce.TransportOk2. Preserve every <tag> exactly. English reference: Aye, laddie, you did good. Life trumps money any day of the week and twice on Sunday."	"Talk"	""
"/Talk/Truce/TransportOk3"	"То-то же! Я хоть и мирный бизнесмен, а постоять за себя еще могу."	"Lang.dat: Talk.Truce.TransportOk3. Preserve every <tag> exactly. English reference: That's right! I may be a peaceful businessman, but I can take care of myself."	"Talk"	""
"/Talk/Truce/TransportOk4"	"Вообще-то я получаю доходы совсем от другого бизнеса - грузоперевозок. Однако твои деньги мне тоже не помешают. Ну, что ж, лети, и скажи спасибо, что я не злопамятный!"	"Lang.dat: Talk.Truce.TransportOk4. Preserve every <tag> exactly. English reference: My usual income comes from a very different source -- cargo delivery. But your money won't hurt either. Sure, fly away, and consider yourself lucky that I'm not the type to hold a grudge!"	"Talk"	""
"/Talk/Truce/TransportSend"	"Я готов выложить <Money> cr лишь за то, чтобы ты отстал от меня."	"Lang.dat: Talk.Truce.TransportSend. Preserve every <tag> exactly. English reference: I am prepared to pay you <Money> cr to take a hike."	"Talk"	""
"/Talk/Truce/TransportSend1"	"Немедленно прекрати огонь! Я заплачу <Money> cr!"	"Lang.dat: Talk.Truce.TransportSend1. Preserve every <tag> exactly. English reference: Cease fire immediately! I'll pay you <Money> cr!"	"Talk"	""
"/Talk/Truce/TransportSend2"	"Так и быть, я готов откупиться от тебя суммой в <Money> cr."	"Lang.dat: Talk.Truce.TransportSend2. Preserve every <tag> exactly. English reference: So be it, I'm prepared to buy you off with <Money> cr."	"Talk"	""
"/Talk/Truce/TransportSend3"	"Форс-мажорные обстоятельства вынуждают меня внести изменения в свой бюджет. Возьми эти <Money> cr и прекрати меня преследовать!"	"Lang.dat: Talk.Truce.TransportSend3. Preserve every <tag> exactly. English reference: Force majeure are forcing me to make alterations to my budget. Take this <Money> cr and quit pursuing me!"	"Talk"	""
"/Talk/Truce/TransportSend4"	"Ладно, хватит долбать мое корыто, оно и так уже разваливается на ходу. Забери эти <Money> cr и проваливай, сегодня ты победил. Беззаконие торжествует, а частное предпринимательство в моем лице терпит поражение. Но так будет не всегда!"	"Lang.dat: Talk.Truce.TransportSend4. Preserve every <tag> exactly. English reference: Fine, just quit blasting holes in my clunker -- it's barely afloat as it is. Take <Money> cr and get lost -- this is your victory. Lawlessness triumphs, whereas private entrepreneurship suffers a crushing defeat. But it won't always be like this!"	"Talk"	""
"/Talk/Truce/WarriorNo"	"Об этом предложении я сообщил домой, на <HomePlanet>. Руководство не считает размеры выплаты удовлетворительными. Мне приказано продолжить атаку."	"Lang.dat: Talk.Truce.WarriorNo. Preserve every <tag> exactly. English reference: I relayed the offer home to planet <HomePlanet>. The brass doesn't consider the payment amount satisfactory. I was ordered to keep attacking."	"Talk"	""
"/Talk/Truce/WarriorNo1"	"Это разве достойная сумма для выкупа? Я даже не стану сообщать вышестоящему начальству об этом. Готовься к смерти!"	"Lang.dat: Talk.Truce.WarriorNo1. Preserve every <tag> exactly. English reference: It this really an appropriate ransom amount? I'm not even going to bother reporting it to the brass. Prepare to meet your maker!"	"Talk"	""
"/Talk/Truce/WarriorNo2"	"На планете <HomePlanet> будут долго смеяться, если я передам им твое предложение. Уж очень маленькая сумма!"	"Lang.dat: Talk.Truce.WarriorNo2. Preserve every <tag> exactly. English reference: If I relay your offer to planet <HomePlanet>, they'll just have a big laugh over it. The sum is just so miniscule!"	"Talk"	""
"/Talk/Truce/WarriorNo3"	"Мое начальство на планете <HomePlanet> не согласно. Они там считают, что ты мог бы предложить за свою жизнь и побольше."	"Lang.dat: Talk.Truce.WarriorNo3. Preserve every <tag> exactly. English reference: My brass on planet <HomePlanet> is refusing your offer. They feel that you can offer more to escape with your life."	"Talk"	""
"/Talk/Truce/WarriorNo4"	"Предложенная тобой сумма слишком мала. Мое начальство раздражено, что я отвлекаю их с подобной ерундой. Соответственно, я тоже раздражен. И ты сейчас почувствуешь это на себе!"	"Lang.dat: Talk.Truce.WarriorNo4. Preserve every <tag> exactly. English reference: The sum you're offering is too low. My bosses are annoyed that I'm even bothering them with such nonsense. Naturally, now I'm annoyed as well. And I'm going to take it out on you!"	"Talk"	""
"/Talk/Truce/WarriorOk"	"Эти деньги пойдут на поддержание нашей боеспособности. Корабли планеты <HomePlanet> более тебя не тронут."	"Lang.dat: Talk.Truce.WarriorOk. Preserve every <tag> exactly. English reference: This money will go toward maintaining our combat capability. The ships of planet <HomePlanet> won't be harassing you anymore."	"Talk"	""
"/Talk/Truce/WarriorOk1"	"Я передал информацию об этом взносе на планету <HomePlanet>, вышестоящему начальству. Они согласны его принять и исключить тебя из черного списка."	"Lang.dat: Talk.Truce.WarriorOk1. Preserve every <tag> exactly. English reference: I relayed the information of your contribution to my superiors on planet <HomePlanet>. They're prepared to accept it and strike your name off their blacklist."	"Talk"	""
"/Talk/Truce/WarriorOk2"	"Будь моя воля, я бы таких уродов, как ты, расстреливал на месте, без суда и следствия. И уж тем более не марал бы свои руки их позорными взятками. Однако начальству на планете <HomePlanet> виднее. Они приказали тебя отпустить. Повезло тебе, парень."	"Lang.dat: Talk.Truce.WarriorOk2. Preserve every <tag> exactly. English reference: But if it were my call, I would execute scumbags like you on the stop without trial. And I definitely wouldn't soil my hands and honor with dirty bribes. But my bosses on planet <HomePlanet> know better. They've ordered to let you go. Count your lucky stars, fella."	"Talk"	""
"/Talk/Truce/WarriorOk3"	"Ну, что ж, сумма не ахти какая, но с паршивой овцы хоть шерсти клок! Кстати, не знаешь, что такое ""овца""? Ладно, неважно. В общем, на планете <HomePlanet> остались довольны твоим взносом. Можешь следовать дальше."	"Lang.dat: Talk.Truce.WarriorOk3. Preserve every <tag> exactly. English reference: Well, the sum isn't exactly great, but even a mangy mare gives a tuft of hair! By the way, what the heck is a ""mare""? Eh, never mind. The point is they're satisfied with your contribution on planet <HomePlanet>. You may go."	"Talk"	""
"/Talk/Truce/WarriorOk4"	"С планеты <HomePlanet> пришел приказ пропустить тебя. Можешь лететь. Но имей в виду, я буду приглядывать за тобой, пока ты находишься в этой системе."	"Lang.dat: Talk.Truce.WarriorOk4. Preserve every <tag> exactly. English reference: I have orders from planet <HomePlanet> to let you go. You're free now. But I will keep an eye on you for as long as you remain in this system."	"Talk"	""
"/Talk/Truce/WeAlreadyHavePact"	"Мне кажется, что тобой уже было нарушено мирное соглашение между нами. Какой смысл вести дальнейший диалог?"	"Lang.dat: Talk.Truce.WeAlreadyHavePact. Preserve every <tag> exactly. English reference: I think you are already in violation of our truce. What's the point of any further talk?"	"Talk"	""
"/Talk/Truce/WeAlreadyHavePact1"	"О, ты уже прекрасно доказал мне свою подлую натуру. Больше не хочу иметь с тобой никаких дел."	"Lang.dat: Talk.Truce.WeAlreadyHavePact1. Preserve every <tag> exactly. English reference: Oh, you've shown your true ugly colors quite well! I don't want to have anything to do with you."	"Talk"	""
"/Talk/Truce/WeAlreadyHavePact2"	"Второй раз ты меня не обманешь, урод! Однажды мы уже заключали мирное соглашение - и что в результате?"	"Lang.dat: Talk.Truce.WeAlreadyHavePact2. Preserve every <tag> exactly. English reference: You are not going to cheat me twice, you punk! Well, we've already made a truce once -- and look where it has got us!"	"Talk"	""
"/Talk/Truce/WeAlreadyHavePact3"	"Нет. Я тебя знаю, ты подлый тип, и наверняка нападешь на меня снова, как только появится возможность."	"Lang.dat: Talk.Truce.WeAlreadyHavePact3. Preserve every <tag> exactly. English reference: No. I know you, you scumbag. You will attack me again at the first available opportunity."	"Talk"	""
"/Talk/Truce/WeAlreadyHavePact4"	"Ну уж нет, тебе меня не провести на сей раз. Черта с два я попадусь на ту же удочку!"	"Lang.dat: Talk.Truce.WeAlreadyHavePact4. Preserve every <tag> exactly. English reference: No way, you are not going to swindle me this time. Oh, no, I am not going to step on the same rake twice!"	"Talk"	""
