"identifier"	"source_phrase"	"context"	"labels"	"be"
"/quests/Depth.qmm/parameters/0/name"	"Южный уклон"	"Quest Depth.qmm: parameters.0.name. Preserve every <tag> exactly. English reference: southern grade"	"Quest,Depth"	""
"/quests/Depth.qmm/parameters/0/lines/0/content"	"Южный уклон: <> м на каждые 10 м"	"Quest Depth.qmm: parameters.0.lines.0.content. Preserve every <tag> exactly. English reference: southern grade: <>m each 10m"	"Quest,Depth"	""
"/quests/Depth.qmm/parameters/0/crit_text"	"Сообщение достижения критического значения параметром 7"	"Quest Depth.qmm: parameters.0.crit_text. Preserve every <tag> exactly."	"Quest,Depth"	""
"/quests/Depth.qmm/parameters/1/name"	"Западный уклон"	"Quest Depth.qmm: parameters.1.name. Preserve every <tag> exactly. English reference: western grade"	"Quest,Depth"	""
"/quests/Depth.qmm/parameters/1/lines/0/content"	"Западный уклон: <> м на каждые 10 м"	"Quest Depth.qmm: parameters.1.lines.0.content. Preserve every <tag> exactly. English reference: western grade: <> m each 10m"	"Quest,Depth"	""
"/quests/Depth.qmm/parameters/1/crit_text"	"Сообщение достижения критического значения параметром 8"	"Quest Depth.qmm: parameters.1.crit_text. Preserve every <tag> exactly."	"Quest,Depth"	""
"/quests/Depth.qmm/parameters/2/name"	"Направление течения"	"Quest Depth.qmm: parameters.2.name. Preserve every <tag> exactly. English reference: current direction"	"Quest,Depth"	""
"/quests/Depth.qmm/parameters/2/lines/0/content"	"Течение: с севера на юг"	"Quest Depth.qmm: parameters.2.lines.0.content. Preserve every <tag> exactly. English reference: current: north to south"	"Quest,Depth"	""
"/quests/Depth.qmm/parameters/2/lines/1/content"	"Течение: с запада на восток"	"Quest Depth.qmm: parameters.2.lines.1.content. Preserve every <tag> exactly. English reference: current: west to east"	"Quest,Depth"	""
"/quests/Depth.qmm/parameters/2/lines/2/content"	"Течение: с юга на север"	"Quest Depth.qmm: parameters.2.lines.2.content. Preserve every <tag> exactly. English reference: current: south to north"	"Quest,Depth"	""
"/quests/Depth.qmm/parameters/2/crit_text"	"Сообщение достижения критического значения параметром 11"	"Quest Depth.qmm: parameters.2.crit_text. Preserve every <tag> exactly."	"Quest,Depth"	""
"/quests/Depth.qmm/parameters/3/name"	"Сила течения"	"Quest Depth.qmm: parameters.3.name. Preserve every <tag> exactly. English reference: current speed"	"Quest,Depth"	""
"/quests/Depth.qmm/parameters/3/lines/0/content"	"Сила течения: <> м/мин"	"Quest Depth.qmm: parameters.3.lines.0.content. Preserve every <tag> exactly. English reference: current speed: <> m/min"	"Quest,Depth"	""
"/quests/Depth.qmm/parameters/3/crit_text"	"Сообщение достижения критического значения параметром 12"	"Quest Depth.qmm: parameters.3.crit_text. Preserve every <tag> exactly."	"Quest,Depth"	""
"/quests/Depth.qmm/parameters/4/name"	"Тяга"	"Quest Depth.qmm: parameters.4.name. Preserve every <tag> exactly. English reference: thrust"	"Quest,Depth"	""
"/quests/Depth.qmm/parameters/4/lines/0/content"	"Тяга: <> м/мин"	"Quest Depth.qmm: parameters.4.lines.0.content. Preserve every <tag> exactly. English reference: thrust: <> m/min"	"Quest,Depth"	""
"/quests/Depth.qmm/parameters/4/crit_text"	"Сообщение достижения критического значения параметром 24"	"Quest Depth.qmm: parameters.4.crit_text. Preserve every <tag> exactly."	"Quest,Depth"	""
"/quests/Depth.qmm/parameters/5/name"	"Плато"	"Quest Depth.qmm: parameters.5.name. Preserve every <tag> exactly. English reference: Plateau"	"Quest,Depth"	""
"/quests/Depth.qmm/parameters/5/lines/0/content"	"Поворот батискафа:"	"Quest Depth.qmm: parameters.5.lines.0.content. Preserve every <tag> exactly. English reference: Bathyscaph turn:"	"Quest,Depth"	""
"/quests/Depth.qmm/parameters/5/crit_text"	"Сообщение достижения критического значения параметром 9"	"Quest Depth.qmm: parameters.5.crit_text. Preserve every <tag> exactly."	"Quest,Depth"	""
"/quests/Depth.qmm/parameters/6/name"	"Угол поворота"	"Quest Depth.qmm: parameters.6.name. Preserve every <tag> exactly. English reference: Turn angle"	"Quest,Depth"	""
"/quests/Depth.qmm/parameters/6/lines/0/content"	"на запад"	"Quest Depth.qmm: parameters.6.lines.0.content. Preserve every <tag> exactly. English reference: westwards"	"Quest,Depth"	""
"/quests/Depth.qmm/parameters/6/lines/1/content"	"на юго-запад"	"Quest Depth.qmm: parameters.6.lines.1.content. Preserve every <tag> exactly. English reference: south-westwards"	"Quest,Depth"	""
"/quests/Depth.qmm/parameters/6/lines/2/content"	"на юг"	"Quest Depth.qmm: parameters.6.lines.2.content. Preserve every <tag> exactly. English reference: southwards"	"Quest,Depth"	""
"/quests/Depth.qmm/parameters/6/lines/3/content"	"на юго-восток"	"Quest Depth.qmm: parameters.6.lines.3.content. Preserve every <tag> exactly. English reference: south-eastwards"	"Quest,Depth"	""
"/quests/Depth.qmm/parameters/6/lines/4/content"	"на восток"	"Quest Depth.qmm: parameters.6.lines.4.content. Preserve every <tag> exactly. English reference: eastwards"	"Quest,Depth"	""
"/quests/Depth.qmm/parameters/6/lines/5/content"	"на северо-восток"	"Quest Depth.qmm: parameters.6.lines.5.content. Preserve every <tag> exactly. English reference: north-eastwards"	"Quest,Depth"	""
"/quests/Depth.qmm/parameters/6/lines/6/content"	"на север"	"Quest Depth.qmm: parameters.6.lines.6.content. Preserve every <tag> exactly. English reference: northwards"	"Quest,Depth"	""
"/quests/Depth.qmm/parameters/6/lines/7/content"	"на северо-запад"	"Quest Depth.qmm: parameters.6.lines.7.content. Preserve every <tag> exactly. English reference: north-westwards"	"Quest,Depth"	""
"/quests/Depth.qmm/parameters/6/lines/8/content"	"на запад"	"Quest Depth.qmm: parameters.6.lines.8.content. Preserve every <tag> exactly. English reference: westwards"	"Quest,Depth"	""
"/quests/Depth.qmm/parameters/6/crit_text"	"Сообщение достижения критического значения параметром 19"	"Quest Depth.qmm: parameters.6.crit_text. Preserve every <tag> exactly."	"Quest,Depth"	""
"/quests/Depth.qmm/parameters/7/name"	"Координата X"	"Quest Depth.qmm: parameters.7.name. Preserve every <tag> exactly. English reference: X Co-ordinates"	"Quest,Depth"	""
"/quests/Depth.qmm/parameters/7/lines/0/content"	"Координаты цели:<br>X: <>"	"Quest Depth.qmm: parameters.7.lines.0.content. Preserve every <tag> exactly. English reference: target co-ordinates:<br>X: <>"	"Quest,Depth"	""
"/quests/Depth.qmm/parameters/7/crit_text"	"Сообщение достижения критического значения параметром 5"	"Quest Depth.qmm: parameters.7.crit_text. Preserve every <tag> exactly."	"Quest,Depth"	""
"/quests/Depth.qmm/parameters/8/name"	"Координата Y"	"Quest Depth.qmm: parameters.8.name. Preserve every <tag> exactly. English reference: Y co-ordinates"	"Quest,Depth"	""
"/quests/Depth.qmm/parameters/8/lines/0/content"	"Y: <>"	"Quest Depth.qmm: parameters.8.lines.0.content. Preserve every <tag> exactly."	"Quest,Depth"	""
"/quests/Depth.qmm/parameters/8/crit_text"	"Сообщение достижения критического значения параметром 6"	"Quest Depth.qmm: parameters.8.crit_text. Preserve every <tag> exactly."	"Quest,Depth"	""
"/quests/Depth.qmm/parameters/9/name"	"Вертикальная скорость"	"Quest Depth.qmm: parameters.9.name. Preserve every <tag> exactly. English reference: Vertical speed"	"Quest,Depth"	""
"/quests/Depth.qmm/parameters/9/lines/0/content"	"Скорость погружения: <> м/мин"	"Quest Depth.qmm: parameters.9.lines.0.content. Preserve every <tag> exactly. English reference: Diving speed: <> m/min"	"Quest,Depth"	""
"/quests/Depth.qmm/parameters/9/crit_text"	"Сообщение достижения критического значения параметром 17"	"Quest Depth.qmm: parameters.9.crit_text. Preserve every <tag> exactly."	"Quest,Depth"	""
"/quests/Depth.qmm/parameters/10/name"	"Глубина цели"	"Quest Depth.qmm: parameters.10.name. Preserve every <tag> exactly. English reference: Target depth"	"Quest,Depth"	""
"/quests/Depth.qmm/parameters/10/lines/0/content"	"Глубина залегания цели: <> м"	"Quest Depth.qmm: parameters.10.lines.0.content. Preserve every <tag> exactly. English reference: Depth of target occurrence: <> m"	"Quest,Depth"	""
"/quests/Depth.qmm/parameters/10/crit_text"	"Сообщение достижения критического значения параметром 1"	"Quest Depth.qmm: parameters.10.crit_text. Preserve every <tag> exactly."	"Quest,Depth"	""
"/quests/Depth.qmm/parameters/11/name"	"Глубина погружения"	"Quest Depth.qmm: parameters.11.name. Preserve every <tag> exactly. English reference: Diving depth"	"Quest,Depth"	""
"/quests/Depth.qmm/parameters/11/lines/0/content"	"Глубина погружения: <> м"	"Quest Depth.qmm: parameters.11.lines.0.content. Preserve every <tag> exactly. English reference: Diving depth: <> m"	"Quest,Depth"	""
"/quests/Depth.qmm/parameters/12/name"	"Максимальная глубина"	"Quest Depth.qmm: parameters.12.name. Preserve every <tag> exactly. English reference: Max depth"	"Quest,Depth"	""
"/quests/Depth.qmm/parameters/12/lines/0/content"	"Максимальная глубина погружения: <> м"	"Quest Depth.qmm: parameters.12.lines.0.content. Preserve every <tag> exactly. English reference: Max diving depth: <> m"	"Quest,Depth"	""
"/quests/Depth.qmm/parameters/12/crit_text"	"Сообщение достижения критического значения параметром 2"	"Quest Depth.qmm: parameters.12.crit_text. Preserve every <tag> exactly."	"Quest,Depth"	""
"/quests/Depth.qmm/parameters/13/name"	"Глубина моря"	"Quest Depth.qmm: parameters.13.name. Preserve every <tag> exactly. English reference: Sea depth"	"Quest,Depth"	""
"/quests/Depth.qmm/parameters/13/lines/0/content"	"Глубина моря: <> м"	"Quest Depth.qmm: parameters.13.lines.0.content. Preserve every <tag> exactly. English reference: Sea depth: <> m"	"Quest,Depth"	""
"/quests/Depth.qmm/parameters/13/crit_text"	"Сообщение достижения критического значения параметром 4"	"Quest Depth.qmm: parameters.13.crit_text. Preserve every <tag> exactly."	"Quest,Depth"	""
"/quests/Depth.qmm/parameters/14/name"	"Запас воздуха"	"Quest Depth.qmm: parameters.14.name. Preserve every <tag> exactly. English reference: air reserve"	"Quest,Depth"	""
"/quests/Depth.qmm/parameters/14/lines/0/content"	"Запас воздуха: на <> мин"	"Quest Depth.qmm: parameters.14.lines.0.content. Preserve every <tag> exactly. English reference: air reserve: <> min."	"Quest,Depth"	""
"/quests/Depth.qmm/parameters/14/crit_text"	"Вы почувствовали, что теряете сознание. Больше терпеть это удушье было невозможно..."	"Quest Depth.qmm: parameters.14.crit_text. Preserve every <tag> exactly. English reference: You felt that you were losing consciousness. I was becoming impossible to resist the suffocation..."	"Quest,Depth"	""
"/quests/Depth.qmm/parameters/15/name"	"Время спасения"	"Quest Depth.qmm: parameters.15.name. Preserve every <tag> exactly. English reference: Rescue time"	"Quest,Depth"	""
"/quests/Depth.qmm/parameters/15/lines/0/content"	"Оставшееся время: <> мин"	"Quest Depth.qmm: parameters.15.lines.0.content. Preserve every <tag> exactly. English reference: Time remaining: <> min"	"Quest,Depth"	""
"/quests/Depth.qmm/parameters/15/crit_text"	"Сообщение достижения критического значения параметром 14"	"Quest Depth.qmm: parameters.15.crit_text. Preserve every <tag> exactly."	"Quest,Depth"	""
"/quests/Depth.qmm/parameters/16/name"	"Монстр"	"Quest Depth.qmm: parameters.16.name. Preserve every <tag> exactly. English reference: Monster"	"Quest,Depth"	""
"/quests/Depth.qmm/parameters/16/lines/0/content"	"Параметр номер 15: <>"	"Quest Depth.qmm: parameters.16.lines.0.content. Preserve every <tag> exactly. English reference: Parameter no. 15: <>"	"Quest,Depth"	""
"/quests/Depth.qmm/parameters/16/crit_text"	"Сообщение достижения критического значения параметром 15"	"Quest Depth.qmm: parameters.16.crit_text. Preserve every <tag> exactly."	"Quest,Depth"	""
"/quests/Depth.qmm/parameters/17/name"	"Дно"	"Quest Depth.qmm: parameters.17.name. Preserve every <tag> exactly. English reference: Bottom"	"Quest,Depth"	""
"/quests/Depth.qmm/parameters/17/crit_text"	"Сообщение достижения критического значения параметром 18"	"Quest Depth.qmm: parameters.17.crit_text. Preserve every <tag> exactly."	"Quest,Depth"	""
"/quests/Depth.qmm/parameters/18/name"	"Прожекторы"	"Quest Depth.qmm: parameters.18.name. Preserve every <tag> exactly. English reference: Searchlight"	"Quest,Depth"	""
"/quests/Depth.qmm/parameters/18/lines/0/content"	"Параметр номер 16: <>"	"Quest Depth.qmm: parameters.18.lines.0.content. Preserve every <tag> exactly. English reference: Parameter no. 16: <>"	"Quest,Depth"	""
"/quests/Depth.qmm/parameters/18/crit_text"	"Сообщение достижения критического значения параметром 16"	"Quest Depth.qmm: parameters.18.crit_text. Preserve every <tag> exactly."	"Quest,Depth"	""
"/quests/Depth.qmm/parameters/19/name"	"Корпус"	"Quest Depth.qmm: parameters.19.name. Preserve every <tag> exactly. English reference: Hull"	"Quest,Depth"	""
"/quests/Depth.qmm/parameters/19/lines/0/content"	"Корпус: <> %"	"Quest Depth.qmm: parameters.19.lines.0.content. Preserve every <tag> exactly. English reference: Hull: <> %"	"Quest,Depth"	""
"/quests/Depth.qmm/parameters/19/crit_text"	"Перед тем как вода хлынула в трюм, вы еще успели взглянуть на индикатор прочности корпуса. Он показывал 0 и горел красным цветом..."	"Quest Depth.qmm: parameters.19.crit_text. Preserve every <tag> exactly. English reference: Just before the water started streaming into the hold, you glanced at the hull strength indicator. It was showing 0 and flashing red..."	"Quest,Depth"	""
"/quests/Depth.qmm/parameters/20/name"	"Выполнение"	"Quest Depth.qmm: parameters.20.name. Preserve every <tag> exactly. English reference: Accomplishment"	"Quest,Depth"	""
"/quests/Depth.qmm/parameters/20/lines/0/content"	"Параметр номер 21: <>"	"Quest Depth.qmm: parameters.20.lines.0.content. Preserve every <tag> exactly. English reference: Parameter no. 21: <>"	"Quest,Depth"	""
"/quests/Depth.qmm/parameters/21/name"	"Балласт"	"Quest Depth.qmm: parameters.21.name. Preserve every <tag> exactly. English reference: Ballast"	"Quest,Depth"	""
"/quests/Depth.qmm/parameters/21/crit_text"	"Сообщение достижения критического значения параметром 22"	"Quest Depth.qmm: parameters.21.crit_text. Preserve every <tag> exactly."	"Quest,Depth"	""
"/quests/Depth.qmm/parameters/22/name"	"Груз"	"Quest Depth.qmm: parameters.22.name. Preserve every <tag> exactly. English reference: Cargo"	"Quest,Depth"	""
"/quests/Depth.qmm/parameters/22/lines/0/content"	"Балласт: {[p22]} кг"	"Quest Depth.qmm: parameters.22.lines.0.content. Preserve every <tag> exactly. English reference: Ballast: {[p22]} kg"	"Quest,Depth"	""
"/quests/Depth.qmm/parameters/22/lines/1/content"	"Балласт: {[p22]} кг, груз: <> кг"	"Quest Depth.qmm: parameters.22.lines.1.content. Preserve every <tag> exactly. English reference: Ballast: {[p22]} kg, cargo: <> kg"	"Quest,Depth"	""
"/quests/Depth.qmm/parameters/22/crit_text"	"Сообщение достижения критического значения параметром 23"	"Quest Depth.qmm: parameters.22.crit_text. Preserve every <tag> exactly."	"Quest,Depth"	""
"/quests/Depth.qmm/parameters/23/name"	"Деньги"	"Quest Depth.qmm: parameters.23.name. Preserve every <tag> exactly. English reference: Money"	"Quest,Depth"	""
"/quests/Depth.qmm/parameters/23/lines/0/content"	"Параметр номер 10: <>"	"Quest Depth.qmm: parameters.23.lines.0.content. Preserve every <tag> exactly. English reference: Parameter no. 10: <>"	"Quest,Depth"	""
"/quests/Depth.qmm/parameters/23/crit_text"	"Сообщение достижения критического значения параметром 10"	"Quest Depth.qmm: parameters.23.crit_text. Preserve every <tag> exactly."	"Quest,Depth"	""
"/quests/Depth.qmm/success_text"	"Спасибо вам огромное, рейнджер <Ranger>! Вы выполнили задание, не уронив репутацию нашей планеты как признанного лидера в области подводных исследований! Примите обещанное вознаграждение в размере <Money> cr."	"Quest Depth.qmm: success_text. Preserve every <tag> exactly. English reference: Thank you so much, ranger <Ranger>! You successfully accomplished the mission not failing our reputation as leaders of submarine research! Please accept the promised fee of <Money> cr."	"Quest,Depth"	""
"/quests/Depth.qmm/task_text"	"У нас есть для вас задание, рейнджер <Ranger>. Как вам известно, большая часть нашей планеты <FromPlanet> покрыта громадными голубыми океанами. Они самые голубые и самые громадные в галактике! Из-за этого мы часто занимаемся исследованиями подводных глубин и имеем лучших специалистов в этой области. Так вот, правительство планеты <ToPlanet> звездной системы <ToStar>, просит нас прислать специалиста-подводника для выполнения каких-то работ на дне океана. У них там возникла сложная проблема, нужна помощь опытных подводников-спасателей. Мы хотим им помочь, но наши люди постоянно заняты. Поскольку управлять подводным аппаратом гораздо легче, чем звездолетом, мы могли бы поручить это задание вам. За успешное его выполнение вы сможете заработать <Money> cr и благодарность местного правительства. Прибыть на планету <ToPlanet> надо не позднее <Date>. Ну как, беретесь?"	"Quest Depth.qmm: task_text. Preserve every <tag> exactly. English reference: We have got a mission for you, ranger <Ranger>. As you know the larger part of our home planet of <FromPlanet> is covered with huge blue oceans. They are the bluest and the largest in this whole Galaxy! Due to that we would often research the depths of the oceans and our experts are really the best in this field. So, the government of planet <ToPlanet> in the  <ToStar> system, asked us to send them a diving expert whom they need to do some work at the bottom of an ocean. They've encountered some sort of a problem there and they need help from experienced rescue divers. We would like to help them, but the problem is our men are always occupied. Since piloting a submarine ship is much easier than a spaceship, we could charge this mission to you. If you succeed you could earn yourself a round sum of <Money> cr and the gratitude of the local government. You must come to the planet of <ToPlanet> not later than <Date>. So, what do you say?"	"Quest,Depth"	""
"/quests/Depth.qmm/locations/1/texts/0/text"	"- Ну что ж, дело ваше, мы обойдемся и без вас... 

Вы возвратились в космопорт. Миссия провалена."	"Quest Depth.qmm: locations.1.texts.0.text. Preserve every <tag> exactly. English reference: - Well, up to you, might as well do without you... 

You returned back to the spaceport. Mission failed."	"Quest,Depth"	""
"/quests/Depth.qmm/locations/3/texts/0/text"	"- Прекрасно. Вы можете отправляться на нашу плавучую базу ""Русалочка"" прямо сейчас. Оттуда вы начнете погружение. Наши люди проводят вас.

Через полчаса вы уже подлетали к плавучей базе, которая мирно качалась на волнах посреди океана. На борту ""Русалочки"" вас встретил бодрый капитан, по выражению лица которого можно было решить, что погружаться на дно океана будет именно он.

- Мы уже давно ждем вас, - перекрикивая ветер, произнес он. - Аппарат тщательно осмотрели, он полностью исправен. Мы очень сильно надеемся, что вы, как специалист-подводник, поможете нам. Давайте пройдем в мою рубку.

Вы решили не рассказывать капитану, кто вы на самом деле, чтобы не расстраивать.  В рубке капитана было тихо и уютно. На оптронной печи мирно жужжал чайник с зеленой пахучей жидкостью. Вы вспомнили о предстоящем погружении на дно холодного океана и поежились. Но отказываться было поздно, - в конце концов, вы же рейнджер, а не какая-нибудь там нежная девица?

- Неизвестный объект упал недалеко от <clr>юго-западного<clrEnd> побережья материка, - сказал капитан. Его координаты X=[p8] и Y=[p9]. Объект залегает примерно <clr>посередине плато<clrEnd> размером [p6] на [p6] метров, находящегося на глубине [p11] метров. Ваша задача - <clr>опуститься на плато, найти объект и захватить его с помощью захвата<clrEnd>.

В прибрежных водах этой зоны постоянно присутствуют подводные течения. Они будут сносить ваш батискаф в сторону, так что необходимо делать поправку при управлении аппаратом. Направление и скорость течения во время погружения вы сможете отслеживать по приборам. Воздуха хватит на <clr>90 минут<clrEnd> пребывания под водой. Во время погружения мы будем постоянно поддерживать с вами связь. Есть ли у вас какие-нибудь вопросы?"	"Quest Depth.qmm: locations.3.texts.0.text. Preserve every <tag> exactly. English reference: - Excellent. You can head for the ""Mermaid"" naval base straight away. You will dive from there. Our people will escort you.

Half an hour later you were already approaching the naval base that was peacefully drifting on the ocean waves. Onboard of the Mermaid you were met by a cheerful captain, and by the looks on his face one could think that it was him who was going to dive.

- We have been waiting for you, - he shouted, trying to out-shout the wind. - The apparatus has been carefully inspected, it is fully operable. We sure do hope that you - as a diving expert - will be able to help us. Let us proceed to my deckhouse.

You decided not to upset the captain by telling him who you really were. Inside the deckhouse it was quiet and cosy. Cattle filled with some sort of a green liquid buzzed peacefully on the optrone furnace. You remembered about the coming dive onto the bottom of the cold ocean and shivered. But it was too late to refuse, - after all, you were a ranger, not some spoiled brat?

- The unidentified object fell not far from the <clr>south-western<clrEnd> coast, - the captain said - its co-ordinates are X=[p8] and Y=[p9]. The object lies approximately in the <clr>middle of a plateau<clrEnd> [p6] by [p6] meters in size, at the depth of [p11] meters. Your objective is to <clr>dive on the plateau, find the object and take it with your gripper.<clrEnd>.

There are constant submarine currents in the coastal waters of this area. They will be pushing you bathyscaph to the side, so you should make a current adjustment while piloting the apparatus. Watch your gauges for direction and speed of the currents when diving. You have a <clr>90 minute<clrEnd> oxygen reserve to stay underwater. While you are underwater we will be keeping a constant connection with you. Any questions?"	"Quest,Depth"	""
"/quests/Depth.qmm/locations/3/texts/1/text"	"На экране вашего бортового гидролокатора будет отображаться расстояние до цели в двух координатах - <clr>по оси X и по оси Y<clrEnd>. При этом <clr>началом координат является ваш батискаф<clrEnd>. Например, сейчас X=[p8] и Y=[p9]. Это означает, что цель находится на расстоянии [p8] метров к <clr>востоку<clrEnd> и [p9] метров к <clr>северу<clrEnd> от нас."	"Quest Depth.qmm: locations.3.texts.1.text. Preserve every <tag> exactly. English reference: The display of your onboard hydro-locator will be showing the distance to target in two co-ordinates <clr>by X and Y axis<clrEnd>. At that <clr>you bathyscaph shall be considered as zero-co-ordinate<clrEnd>. For instance not it shows X=[p8] and Y=[p9]. Which means the target is located at the distance of [p8] meters <clr>to the east<clrEnd> and [p9] meters <clr>to the north<clrEnd> of us."	"Quest,Depth"	""
"/quests/Depth.qmm/locations/3/texts/2/text"	"На экране вашего бортового гидролокатора будет отображаться расстояние до цели в двух координатах - <clr>по оси X и по оси Y<clrEnd>. При этом <clr>началом координат является ваш батискаф<clrEnd>. Например, сейчас X=[p8] и Y=[p9]. Это означает, что цель находится на расстоянии {-[p8]} метров к <clr>западу<clrEnd> и [p9] метров к <clr>северу<clrEnd> от нас."	"Quest Depth.qmm: locations.3.texts.2.text. Preserve every <tag> exactly. English reference: The display of your onboard hydro-locator will be showing the distance to target in two co-ordinates <clr>by X and Y axis<clrEnd>. At that <clr>you bathyscaph shall be considered as zero-co-ordinate<clrEnd>. For instance not it shows X=[p8] and Y=[p9]. Which means the target is located at the distance of {-[p8]} meters <clr>to the west<clrEnd> and [p9] meters <clr>to the north<clrEnd> of us."	"Quest,Depth"	""
"/quests/Depth.qmm/locations/3/texts/3/text"	"На экране вашего бортового гидролокатора будет отображаться расстояние до цели в двух координатах - <clr>по оси X и по оси Y<clrEnd>. При этом <clr>началом координат является ваш батискаф<clrEnd>. Например, сейчас X=[p8] и Y=[p9]. Это означает, что цель находится на расстоянии [p8] метров к <clr>востоку<clrEnd> и {-[p9]} метров к <clr>югу<clrEnd> от нас."	"Quest Depth.qmm: locations.3.texts.3.text. Preserve every <tag> exactly. English reference: The display of your onboard hydro-locator will be showing the distance to target in two co-ordinates <clr>by X and Y axis<clrEnd>. At that <clr>you bathyscaph shall be considered as zero-co-ordinate<clrEnd>. For instance not it shows X=[p8] and Y=[p9]. Which means the target is located at the distance of [p8] meters <clr>to the east<clrEnd> and {-[p9]} meters <clr>to the south<clrEnd> of us."	"Quest,Depth"	""
"/quests/Depth.qmm/locations/3/texts/4/text"	"На экране вашего бортового гидролокатора будет отображаться расстояние до цели в двух координатах - <clr>по оси X и по оси Y<clrEnd>. При этом <clr>началом координат является ваш батискаф<clrEnd>. Например, сейчас X=[p8] и Y=[p9]. Это означает, что цель находится на расстоянии {-[p8]} метров к <clr>западу<clrEnd> и {-[p9]} метров к <clr>югу<clrEnd> от нас."	"Quest Depth.qmm: locations.3.texts.4.text. Preserve every <tag> exactly. English reference: The display of your onboard hydro-locator will be showing the distance to target in two co-ordinates <clr>by X and Y axis<clrEnd>. At that <clr>you bathyscaph shall be considered as zero-co-ordinate<clrEnd>. For instance not it shows X=[p8] and Y=[p9]. Which means the target is located at the distance of {-[p8]} meters <clr>to the west<clrEnd> and {-[p9]} meters <clr>to the south <clrEnd> of us."	"Quest,Depth"	""
"/quests/Depth.qmm/locations/3/texts/5/text"	"Объект лежит на глубине [p11] метров от уровня моря. Надо сказать нам повезло. Космический пришелец задержался на небольшом горизонтальном плато, находящемся на отвесном склоне скалы. Если бы не это обстоятельство, он бы мог упасть гораздо глубже - глубина близлежащей впадины составляет около 10.000 метров! 

Сообщаю вам особенности местного подводного рельефа. В южном направлении склон подводной скалы имеет уклон [p1] метров на каждые 10 метров, в западном - [p2] метров на каждые 10 метров. Объект залегает примерно посередине <clr>плато<clrEnd>, размером [p6] на [p6] метров. Ваш бортовой эхолот будет постоянно отслеживать глубину океана в том месте, где вы находитесь. Барометр подскажет глубину погружения. Не забывайте посматривать на приборы, а то врежетесь в дно!"	"Quest Depth.qmm: locations.3.texts.5.text. Preserve every <tag> exactly. English reference: The object lies at the depth of [p11] meters from the waterline. I must say we are lucky. The space alien stopped on a small horizontal plateau, located on a vertical slope of a rock. If it had not been for that, it could have dropped much deeper, the depth of the nearest cavity is some 10,000 meters! 

Now, here are the details of the local submarine relief. In the southern direction the slope of the underwater rock has a grade of [p1] meters for each 10 meters, while in the western direction it is [p2] meters for each 10 meters. The object lies approximately in the middle of a <clr>plateau<clrEnd>, having [p6] by [p6] meters in size. Your sonic depth finder will be constantly tracking the depth of the oceans in each your location. The barometer will help you determine the diving depth. Do not forget to look at your display board, or else you will crash to the bottom!"	"Quest,Depth"	""
"/quests/Depth.qmm/locations/3/texts/6/text"	"- Просто <clr>включите прожекторы<clrEnd>. Объект достаточно большой, так что вы сразу же должны его заметить."	"Quest Depth.qmm: locations.3.texts.6.text. Preserve every <tag> exactly. English reference: - Simply <clr>turn on the searchlights<clrEnd>. The object is quite large so you must spot it at once."	"Quest,Depth"	""
"/quests/Depth.qmm/locations/3/texts/7/text"	"Судя по взгляду, которым наградил вас капитан, его мнение о вас резко пошло вниз. Тем не менее, он вам ответил:

- Прежде всего вы должны <clr>опуститься на плато<clrEnd>. Это означает, что <clr>обе координаты<clrEnd> должны быть в промежутке от {-[p6]/2} до {[p6]/2}, а <clr>глубина вашего погружения<clrEnd> должна быть около [p11] метров (лучше стоять на дне, но можно и плавать - не выше чем в <clr>10 метрах<clrEnd> от дна, иначе захват не сработает). Затем вы должны <clr>включить прожекторы<clrEnd>, найти цель и взять ее с помощью захвата. После чего можно всплывать. Теперь все ясно?"	"Quest Depth.qmm: locations.3.texts.7.text. Preserve every <tag> exactly. English reference: Judging by the look that the captain gave you, his opinion of you had just started dropping. Nonetheless he answered:

- First of all you must <clr>land on the plateau<clrEnd>. This means that <clr>both of the co-ordinates<clrEnd> must be within the span of {-[p6]/2} through {[p6]/2}, and <clr>your diving depth<clrEnd> must be about [p11] metres (It is better if you actually land on the bottom, although you can still drift over it at the height of no less than <clr>10 metres<clrEnd> or else the gripper will not work). Then you should <clr>turn on the searchlights<clrEnd>, find the object and take it with your gripper. After that you can surface. Crystal?"	"Quest,Depth"	""
"/quests/Depth.qmm/locations/4/texts/0/text"	"Перед вами ручки управления батискафом и показания приборов. Что будете делать дальше?"	"Quest Depth.qmm: locations.4.texts.0.text. Preserve every <tag> exactly. English reference: In front of you, you saw the bathyscaph control knobs and the instrumentation display. What are you going to do next?"	"Quest,Depth"	""
"/quests/Depth.qmm/locations/6/texts/0/text"	"Батискаф располагался на передней палубе и был готов к погружению. Внутри оказалось очень уютно. Если не учитывать, что повернуть одновременно можно было только одну ногу и не более чем на 30 градусов, все было в общем ничего. Приборы перемигивались разноцветными огоньками и непонятными цифрами. Справа, слева и по центру корпуса были расположены большие иллюминаторы. Вы задраили люк, и через несколько минут аппарат вздрогнул и качнулся набок. Вероятно, начался спуск на воду. Вы напялили на голову наушники с болтавшимся внизу микрофоном. 
- Я <Ranger>. Прием.
- Говорит капитан ""Русалочки"", - услышали вы в ответ. - Как настроение? 
- Отличное! Лучше еще никогда не было! Прием, - вы попытались вложить в свои слова максимум сарказма, но капитан этого не заметил.
- Замечательно! Итак, мы отпускаем захваты. 
Вы почувствовали толчок, и аппарат, который вы успели ласково окрестить ""малыш"", начал плавно спускаться в синюю бездну. Приключение началось!..
- Ни пуха, ни пера тебе, <Ranger>!"	"Quest Depth.qmm: locations.6.texts.0.text. Preserve every <tag> exactly. English reference: The bathyscaph was located on the front deck and was ready for the dive. Inside it was very cozy. That is aside from the fact that you could only turn one foot at a time and not more than by 30 degrees, everything was more or less fine. The tools were blinking with coloured lights and unintelligible numbers. Huge view-ports were located on the left, right and central sides of the hull. You sealed the hitch, and several minutes later the apparatus jerked and rolled to the side. Apparently the dive had begun. You put on the headphones with a microphone. 
- This is <Ranger>. Over.
- This is captain of the Mermaid - you heard in response. - How is it going? 
- Excellent! Never been better! Over, - you tried to speak with maximum sarcasm but apparently the captain did not notice it. 
- Good! We are releasing the grips. 
You felt a jolt, and the apparatus, which you had already nicknamed ""Kid"", started its slow descend into the blue abyss. The adventure has begun!..
- Break a leg, <Ranger>!"	"Quest,Depth"	""
"/quests/Depth.qmm/locations/7/texts/0/text"	"Сколько будем сбрасывать?"	"Quest Depth.qmm: locations.7.texts.0.text. Preserve every <tag> exactly. English reference: How much do you intend to drop?"	"Quest,Depth"	""
"/quests/Depth.qmm/locations/10/texts/0/text"	"Перед вами бесконтактная сенсорная панель с кнопками-стрелками, указывающими на стороны света. Кнопки подсвечиваются неоновым светом откуда-то снизу. Выбор за вами! В какую сторону вы хотите повернуть?"	"Quest Depth.qmm: locations.10.texts.0.text. Preserve every <tag> exactly. English reference: You looked down at the no-contact sensor panel with arrow buttons, pointing in all four directions. The buttons were lit from the back with neon lights. Make your choice! Where do you want to turn?"	"Quest,Depth"	""
"/quests/Depth.qmm/locations/14/texts/0/text"	"Вас выбросило на поверхность океана как пробку из бутылки!
Невдалеке качался спасательный катер с ""Русалочки"". Когда вы вылезли из батискафа, все, кто был на катере, принялись вас обнимать и поздравлять. Особенно долго и горячо вас обнимал капитан. Вы даже начали подозревать что-то неладное.
После того как капитан оторвался от вас, он произнес: 
- Вы смогли доставить капсулу очень быстро, она продолжает излучать сигналы, и похоже, что внутри находится живой организм! При поднятии капсула, вероятно, зафиксировала изменение внешнего давления, потому что сигналы, исходящие от нее, усилились! За такое прекрасное выполнение задания мы выплатим вам дополнительно <clr>2000<clrEnd> cr к той сумме, что вам уже обещали. Поздравляю, дружище! Может, отметим радостное событие?
- Нет, спасибо, я очень спешу, - вежливо отказались вы и пожали руку капитану, вычисляя при этом сколько теперь денег находится на вашем счету. Кажется, [p24] cr... 
Ученые быстро погрузили необычную космическую капсулу на борт катера, подняли из воды вашего железного друга и двинулись по направлению к плавучей базе. 
Миссия выполнена успешно!"	"Quest Depth.qmm: locations.14.texts.0.text. Preserve every <tag> exactly. English reference: You popped up on the surface like a cork out of the bottle!
The Mermaid rescue boat drifted nearby. When you climbed out of the bathyscaph, everyone who was in the boat started hugging and congratulating you. The captain's hugs were most hearty. You even started suspecting it could be something completely different. 
As soon as the captain broke away from you he said: 
- You managed to deliver the capsule very quickly, it continues emitting signals, and, it looks like, there is a living organism inside! During the climb the capsule has apparently noted the change in the outside pressure, because the emitted signals became stronger! For such a brilliant accomplishment of your mission we will pay you a bonus of <clr>2000<clrEnd> cr in addition to the sum that you've been promised. Congratulations, mate! How about a small celebration?
- No, thank you, I am in a big hurry, - you refused politely and shook the captain's hand, trying to simultaneously figure out how much money you now had in your account. Looks like it was closing, [p24] cr... 
The scientists quickly loaded the unusual space capsule on board of the boat, pulled your iron friend out of the water and headed for the naval base. 
Mission accomplished successfully!"	"Quest,Depth"	""
"/quests/Depth.qmm/locations/14/texts/1/text"	"Вас выбросило на поверхность океана как пробку из бутылки!
Невдалеке качался спасательный катер с ""Русалочки"". Когда вы вылезли из батискафа, все, кто был на катере, принялись вас обнимать и поздравлять. Особенно долго и горячо вас обнимал капитан. Вы даже начали подозревать что-то неладное.
Ученые осторожно погрузили необычную космическую капсулу на борт катера, подняли из воды вашего железного друга и двинулись по направлению к плавучей базе. 
Миссия выполнена успешно!"	"Quest Depth.qmm: locations.14.texts.1.text. Preserve every <tag> exactly. English reference: You popped up on the surface like a cork out of the bottle!
The Mermaid rescue boat drifted nearby. When you climbed out of the bathyscaph, everyone who was in the boat started hugging and congratulating you. The captain's hugs were most hearty. You even started suspecting it could be something completely different. 
The scientists carefully loaded the unusual space capsule on board of the boat, pulled your iron friend out of the water and headed for the naval base. 
Mission accomplished successfully!"	"Quest,Depth"	""
"/quests/Depth.qmm/locations/18/texts/0/text"	"Вас выбросило на поверхность океана как пробку из бутылки!
Невдалеке качался спасательный катер с ""Русалочки"". Вы вылезли из батискафа и вдохнули свежий воздух. ""Неужели я еще жив? - думали вы, глядя на голубое небо планеты <ToPlanet>. - В следующий раз надо будет взять с собой под воду кота - веселее будет!"" 
Вы поприветствовали капитана и направились к катеру. Опыт подводника пошел вам на пользу, хотя ваша миссия завершилась провалом."	"Quest Depth.qmm: locations.18.texts.0.text. Preserve every <tag> exactly. English reference: You popped up on the surface like a cork out of the bottle!
The Mermaid rescue boat drifted nearby. You climbed out of the bathyscaph and took a deep breath of fresh air. ""Am I really still alive? - you thought looking at the blue sky of planet <ToPlanet>. - Next time I should take a cat with me - must be fun!"" 
You greeted the captain and headed for the boat. Your submarine experience did you a lot of good, although you failed your mission."	"Quest,Depth"	""
"/quests/Depth.qmm/locations/23/texts/0/text"	"Вдруг протяжно завыла сирена, и вы заметили, как струйки воды потекли по иллюминаторам. Одновременно начала болеть голова - давление росло с большой скоростью. Последнее, что вы вспомнили, перед тем как отключиться, был родной дом..."	"Quest Depth.qmm: locations.23.texts.0.text. Preserve every <tag> exactly. English reference: Suddenly the siren went off, and you noticed traces of water run down the illuminators. The same second you head started aching, the pressure was growing quickly. Last thing you remembered before you passed out was your home..."	"Quest,Depth"	""
"/quests/Depth.qmm/locations/24/texts/0/text"	"На планете <ToPlanet>, похоже, начинался холодный сезон. Шагая к зданию правительства, вы чувствовали, как холодный ветер пронизывает вас насквозь. Мелкий моросящий дождь то затихал, то начинался снова. Все это, вместе с пасмурным серым небом, навевало непреодолимую тоску.
В отделе секретных операций вы встретили чиновника, сидящего за массивным пластиковым столом, который был сделан в строгом официальном стиле. 
- Опять нам прислали не того, кого мы просили! - со злостью пробормотал представитель секретной службы, едва взглянув на вас. - Мы просили прислать специалиста по подводным работам, а они опять отправили какого-то рейнджера! Вероятно, там думают, что космические рейнджеры умеют все!
С этими словами чиновник раздраженно отвернулся и уставился в окно. 
- Ну да ладно. Я вам изложу суть нашей проблемы, а вы сами решайте браться за нее или нет. У нас, скорее всего, мало времени, поэтому задание можете получить и вы.
Вызывающий тон чиновника начинал вас раздражать. Они что, сомневаются в ваших способностях?
- Совсем недавно в атмосферу нашей планеты вошел странный космический объект неизвестного происхождения. После соприкосновения с плотными слоями началось возгорание. После этого объект по странной траектории упал в воды океана и опустился на дно. Объект излучает сигналы и, по всей вероятности, является продуктом деятельности разумных существ. Возможно, он представляет собой капсулу, внутри которой находится передатчик или, может быть, даже живой организм, подающий сигналы бедствия! В любом случае очень важно извлечь этот объект на поверхность для дальнейших исследований. Вот именно вам и будет поручено это сделать! В специальном подводном аппарате P I-00-M вы спуститесь на дно океана, захватите объект и поднимете его на поверхность. Вопросы есть?"	"Quest Depth.qmm: locations.24.texts.0.text. Preserve every <tag> exactly. English reference: Apparently the cold season has begun on planet <ToPlanet>. As you marched towards the government house you felt the freezing wind pierce right through you. The small annoying rain would stop and start back again. All of that coupled with the gloomy and grey skies was really dragging your spirits down. 
In the secret operations department you saw an officer, who was sitting behind a massive plastic desk of strictly official design. 
- Will they ever send us whom we have actually been asking for?! - the secret service representative hissed under his breath barely giving you a brief glance. - We were asking for a diving expert, and once again they are sending some ranger! Apparently, they think, that the space rangers are you jacks-of-all-trades! 
With these words the officer turned away in irritation and stared at the window. 
- Alright, I will explain the problem to you, and you see for yourself if you are going to take upon it or not. Chances are we do not have much time, so you probably could get this mission. 
The arrogant tone of the officer was starting to get on your nerves. Are they doubting your expertise?
- Just recently, a strange space object of unknown origin entered the atmosphere of our planet. Upon re-entry it caught fire, after which the object followed a strange trajectory into the ocean and sank. The object emits signals, and was apparently produced b y intelligent creatures. Quite possibly it is a capsule containing a transmitter or maybe even a living creature signalling May-Day! In any event, we want to recover this object for further studying. So that's your objective! You will dive to the bottom of the ocean in a special submarine apparatus codename R I-00-M, grip the object and carry it to the surface. Any questions?"	"Quest,Depth"	""
"/quests/Depth.qmm/locations/24/texts/1/text"	"- Это батискаф для спуска на большую глубину. К сожалению, я мало что понимаю в этих подводных аппаратах. Вот вам документация - спокойно изучайте. А я пойду пока кофе выпью. 
С этими словами чиновник вручил вам три здоровенных тома документации к подводному аппарату P I-00-M и вышел. Вы принялись их изучать.
Первый том занимали гарантийные обязательства фирмы-изготовителя, носившей гордое название ""Блинтел"", главный офис которой находился на Потерянных островах. Аппарат был сделан по спецзаказу от службы секретных операций. Из первого тома вы также узнали, что кроме аппарата P I-00-M был разработан также аппарат P I-00-Ж, который имел меньшую глубину погружения. Существовала также более поздняя разработка P II-00, но она ничем не отличалась от предыдущих, за исключением улучшенного дизайна и тройной цены.
Второй том содержал перечень возможных неисправностей и методов их устранения. Надо заметить, что этот том был заметно больше остальных. 
Третий том представлял для вас наибольший интерес, так как содержал сведения о <clr>принципах работы аппарата и основных приемах навигации<clrEnd>. Аппараты типа P I оснащены специальным <clr>захватом-манипулятором<clrEnd>, предназначенным для поднятия грузов со дна, а также взятия проб воды и грунта. Корпус изготовлен из специальных высокопрочных сплавов, способных выдержать громадное давление в толще воды, а также удары о грунт со скоростью до <clr>100<clrEnd> метров в минуту. Максимальная глубина погружения P I-00-M составляет {([p11] div 500 + 1) * 500} метров.
Для перемещения аппарата используется двигатель, технические особенности которого вы благополучно пропустили, отметив лишь, что максимальная горизонтальная скорость равна <clr>100 метрам в минуту<clrEnd>, а текущую скорость батискафа можно уменьшать или увеличивать на <clr>10 метров в минуту<clrEnd>. Для совершения маневров можно легко поворачивать батискаф вокруг своей оси. Для погружения предназначен дополнительный балласт, сбрасывая который, можно уменьшить вертикальную скорость погружения и в конце концов вообще всплыть на поверхность. Первоначально балласт составляет <clr>1300 кг<clrEnd>. При таком балласте скорость погружения будет составлять примерно <clr>300 метров в минуту<clrEnd>. Если сбросить <clr>300 кг<clrEnd> балласта, аппарат перестанет погружаться. При дальнейшем освобождении от балласта начнется всплытие. 
Еще в томе были рекомендации по технике безопасности, но в этот момент зашел начальник секретного отдела и прервал ваше чтение.
- Еще вопросы есть?"	"Quest Depth.qmm: locations.24.texts.1.text. Preserve every <tag> exactly. English reference: - This a bathyscaph for deep dives. Unfortunately I do not understand much about these submarine apparatuses. Here is the documentation - take your time to study it. I'll go have some coffee. 
With these words the officer handed you three enormous volumes of the technical documentation to the R I-00-M submersible and stepped out of the room. You began your reading.
The first volume was reserved for the statement of warranty by the manufacturer, proudly named ""Pantel"", whose headquarters were located somewhere on the Lost Islands. The apparatus was designed at the special order of the OpSec Service. From this first volume you also found out that aside from R I-00-M, they also developed another model codename R I-00-F, which had a larger diving depth. There was also a later development of the bathyscaph - R II-00 - but it did not differ from the previous two in any way, aside from an improved design and triple-price.
The second volume contained the list of possible failures and methods of their fixing. It should be noted that this volume was a lot thicker than the rest. 
The third and the last volume was the most important one for you, since it contained the information on the <clr>principles of operating and navigation methods<clrEnd>. The R I apparatuses were equipped with a <clr>handler-gripper<clrEnd>, intended for recovering load from the sea bottom, as well as for taking samples of water and ground. Its hull was made of special extra-strong alloys, capable of resisting high pressures in the thick of the water, as well as collisions against the ground with a speed of up to <clr>100<clrEnd> meters per minute. The maximum diving depth of R I-00-M is {([p11] div 500 + 1) * 500} meters.
The apparatus is propelled with an engine, the technicalities of which you decided to skip, only noticing that its maximum horizontal speed was <clr>100 meters per min<clrEnd>, while the current speed of the bathyscaph could be increased at the rate of <clr>10 meters per minutes<clrEnd>. In order to manoeuvre you can easily turn the bathyscaph around its vertical axis. Diving is facilitated through the use of ballast, dropping off which you could reduce the vertical speed of the dive and finally surface. The initial ballast weight is <clr>1300 kg<clrEnd>, which provides a diving speed of approximately <clr>300 meters per minute<clrEnd>. If you drop <clr>300 kg<clrEnd> of ballast, the apparatus will stop diving. Further ballast drop will cause the apparatus to surface. 
This volume also contained safety recommendations, but at that moment the secret operations department chief went in and interrupted your reading. 
- Any other questions?"	"Quest,Depth"	""
"/quests/Depth.qmm/locations/24/texts/2/text"	"- Ну... мне кажется, что такому отчаянному бойцу, как вы, опасности не страшны? - подмигнул чиновник. - Но если говорить об опасностях, то, на мой взгляд, вам угрожает следующее... Слишком долгое пребывание под водой - запас воздуха для погружения ограничен. Также вы можете удариться о дно или подводные скалы, если будете спускаться слишком быстро или в неправильном направлении (столкновение может повредить аппарат). Кроме того, возможны различные непредвиденные ситуации... Но я надеюсь, что ничего такого не случится. Еще вопросы есть?"	"Quest Depth.qmm: locations.24.texts.2.text. Preserve every <tag> exactly. English reference: - Well... I think that a daredevil fighter that you should not fear anything, should he now? - the officer winked. - However if we are talking dangers, I think, you should be aware of the following... Do not stay underwater too long - your oxygen reserve is limited. You can also collide against the bottom or underwater riffs, if you dive too fast or in the wrong direction (a collision may damage the apparatus). Also, certain emergency situations are possible... But I hope it's going to be okay. Anything else?"	"Quest,Depth"	""
"/quests/Depth.qmm/jumps/0/text"	"С какими опасностями я могу столкнуться?"	"Quest Depth.qmm: jumps.0.text. Preserve every <tag> exactly. English reference: What dangers can I encounter?"	"Quest,Depth"	""
"/quests/Depth.qmm/jumps/1/text"	"У меня нет вопросов. Я готов к погружению"	"Quest Depth.qmm: jumps.1.text. Preserve every <tag> exactly. English reference: No more questions, sir. I am ready to dive"	"Quest,Depth"	""
"/quests/Depth.qmm/jumps/2/text"	"К черту!!!"	"Quest Depth.qmm: jumps.2.text. Preserve every <tag> exactly. English reference: Thanks!!!"	"Quest,Depth"	""
"/quests/Depth.qmm/jumps/3/text"	"Увеличить тягу на 10 м/мин"	"Quest Depth.qmm: jumps.3.text. Preserve every <tag> exactly. English reference: Increase thrust by 10 m/min"	"Quest,Depth"	""
"/quests/Depth.qmm/jumps/3/description"	"Двигатель находился прямо под вами. Его мерное гудение стало сильнее."	"Quest Depth.qmm: jumps.3.description. Preserve every <tag> exactly. English reference: The engine was located right under you. You felt its even buzz increase."	"Quest,Depth"	""
"/quests/Depth.qmm/jumps/4/text"	"Уменьшить тягу на 10 м/мин"	"Quest Depth.qmm: jumps.4.text. Preserve every <tag> exactly. English reference: Decrease thrust by 10 m/min"	"Quest,Depth"	""
"/quests/Depth.qmm/jumps/4/description"	"Вы еще больше потянули на себя рычаг управления. Тяга движения назад возросла. Осталось учесть влияние подводных течений для достижения координат цели."	"Quest Depth.qmm: jumps.4.description. Preserve every <tag> exactly. English reference: You pulled the control lever further back. The back thrust increased. Now you had adjust to underwater currents and go to your point of destination."	"Quest,Depth"	""
"/quests/Depth.qmm/jumps/5/text"	"На запад"	"Quest Depth.qmm: jumps.5.text. Preserve every <tag> exactly. English reference: Westwards"	"Quest,Depth"	""
"/quests/Depth.qmm/jumps/5/description"	"Это было нетрудно. Где-то справа послушно загудела турбина. Батискаф начал медленно поворачиваться в нужном направлении."	"Quest Depth.qmm: jumps.5.description. Preserve every <tag> exactly. English reference: This wasn't too difficult. Somewhere on the right a turbine started buzzing. The bathyscaph turned slowly to the right direction."	"Quest,Depth"	""
"/quests/Depth.qmm/jumps/6/text"	"Послать сигнал SOS!!!"	"Quest Depth.qmm: jumps.6.text. Preserve every <tag> exactly. English reference: Transmit SOS signal!!!"	"Quest,Depth"	""
"/quests/Depth.qmm/jumps/6/description"	"- Спасите, помогите! - начали вы вопить в микрофон. 
- Что случилось? Прием, - услышали вы встревоженный голос капитана."	"Quest Depth.qmm: jumps.6.description. Preserve every <tag> exactly. English reference: - May-Day, May-Day! - you screamed hysterically into the transmitter. 
- What happened? Over, - you heard the worried voice of the captain."	"Quest,Depth"	""
"/quests/Depth.qmm/jumps/7/text"	"Включить прожекторы"	"Quest Depth.qmm: jumps.7.text. Preserve every <tag> exactly. English reference: Turn on the searchlights"	"Quest,Depth"	""
"/quests/Depth.qmm/jumps/7/description"	"Вы включили прожекторы, и яркий свет пробил толщу воды. Мощности света хватало на расстояние в несколько метров. Перед иллюминаторами вы заметили какое-то движение. Мелкие моллюски весело резвились в потоках лучей искусственного света. Некоторые из этих интересных живых организмов напоминали извивающихся червячков, остальные были круглыми и походили на небольших осьминогов. Вы невольно залюбовались этим подводным зрелищем!"	"Quest Depth.qmm: jumps.7.description. Preserve every <tag> exactly. English reference: You turned on the searchlights, and a bright ray of light broke through the thick of the water. The light power was enough to see several meters ahead. You noticed some movement in front of the illuminators. Small molluscs danced gaily in the beams of artificial light. Some of these funny living organisms looked like wiggling worms, while other were more on the round side and bore a slight resemblance to small octopuses. You couldn't but admire at this underwater miracle!"	"Quest,Depth"	""
"/quests/Depth.qmm/jumps/8/text"	"Я не знаю, что делать. Эта проклятая железная банка не хочет меня слушаться!"	"Quest Depth.qmm: jumps.8.text. Preserve every <tag> exactly. English reference: I don't know what to do. This damn iron tin just wouldn't listen to me!"	"Quest,Depth"	""
"/quests/Depth.qmm/jumps/8/description"	"- Вы читали документацию? Прием, - поинтересовался капитан.
- Не помню уже. Прием.
- Так вы подводник или нет? Прием, - в голосе капитана зазвучали нотки сомнения.
- Ах, да. Я уже разобрался. Все в порядке. Прием.
- Отлично. Продолжайте выполнение задания. Прием."	"Quest Depth.qmm: jumps.8.description. Preserve every <tag> exactly. English reference: - Did you read the documentation? Over, - the captain asked.
- I don't remember. Over.
- Are you a diver or what? Over, - you could hear a shade of doubt in the captain's voice.
- Oh yes. Got it, sorry to bother you. Over.
- Excellent. Continue the mission. Over and out."	"Quest,Depth"	""
"/quests/Depth.qmm/jumps/9/text"	"50 кг"	"Quest Depth.qmm: jumps.9.text. Preserve every <tag> exactly. English reference: 50 kg"	"Quest,Depth"	""
"/quests/Depth.qmm/jumps/10/text"	"20 кг"	"Quest Depth.qmm: jumps.10.text. Preserve every <tag> exactly. English reference: 20 kg"	"Quest,Depth"	""
"/quests/Depth.qmm/jumps/11/text"	"10 кг"	"Quest Depth.qmm: jumps.11.text. Preserve every <tag> exactly. English reference: 10 kg"	"Quest,Depth"	""
"/quests/Depth.qmm/jumps/12/text"	"5 кг"	"Quest Depth.qmm: jumps.12.text. Preserve every <tag> exactly. English reference: 5 kg"	"Quest,Depth"	""
"/quests/Depth.qmm/jumps/13/text"	"2 кг"	"Quest Depth.qmm: jumps.13.text. Preserve every <tag> exactly. English reference: 2 kg"	"Quest,Depth"	""
"/quests/Depth.qmm/jumps/14/description"	"Небольшой толчок дал вам понять, что очередная порция ненужного груза сброшена. ""Малыш"" мягко качнулся. Теперь скорость погружения батискафа будет меньше."	"Quest Depth.qmm: jumps.14.description. Preserve every <tag> exactly. English reference: Feeling a slight bump you understood that another portion of the unnecessary cargo was dropped. The ""Kid"" rocked softly. Now the dive speed is going to be slower."	"Quest,Depth"	""
"/quests/Depth.qmm/jumps/16/text"	"Увеличить тягу на 10 м/мин"	"Quest Depth.qmm: jumps.16.text. Preserve every <tag> exactly. English reference: Increase thrust by 10 m/min"	"Quest,Depth"	""
"/quests/Depth.qmm/jumps/16/description"	"Прямо под вашим креслом раздался гул. Вы представили, как лопасти задней турбины набирают ход. Батискаф вздрогнул. Вы прикинули координаты, в которых будете находиться через минуту, учитывая тягу двигателя. Прошла минута, но на гидролокаторе были другие показания. Может быть, нужно ввести поправку на течение?"	"Quest Depth.qmm: jumps.16.description. Preserve every <tag> exactly. English reference: You felt a buzz right under your seat. You imagined the fans of the back turbine increase their momentum. The bathyscaph shuddered. You estimated the co-ordinates in which you would be within a minute, considering the engine thrust. A minute passed, but the hydro-locator showed different co-ordinates. Maybe you should have made an adjustment for the current?"	"Quest,Depth"	""
"/quests/Depth.qmm/jumps/17/text"	"Увеличить тягу на 10 м/мин"	"Quest Depth.qmm: jumps.17.text. Preserve every <tag> exactly. English reference: Increase thrust by 10 m/min"	"Quest,Depth"	""
"/quests/Depth.qmm/jumps/17/description"	"Вы со всей силы надавили ручку изменения скорости вперед. Судя по гулу, который доносится снизу, лопасти турбины теперь вращаются медленнее."	"Quest Depth.qmm: jumps.17.description. Preserve every <tag> exactly. English reference: You pushed the speed lever forward will full force. Judging by the buzz that came from beyond the fans now revolved slower."	"Quest,Depth"	""
"/quests/Depth.qmm/jumps/18/text"	"Увеличить тягу на 10 м/мин"	"Quest Depth.qmm: jumps.18.text. Preserve every <tag> exactly. English reference: Increase thrust by 10 m/min"	"Quest,Depth"	""
"/quests/Depth.qmm/jumps/18/description"	"Шум двигателя стихал до тех пор, пока лопасти задней турбины не остановились окончательно. Теперь ваше хрупкое суденышко полностью находится во власти подводных течений."	"Quest Depth.qmm: jumps.18.description. Preserve every <tag> exactly. English reference: The engine noise went quieter and quieter until the fans of the back turbine finally stopped. Now your small ship was fully in the powers of underwater currents."	"Quest,Depth"	""
"/quests/Depth.qmm/jumps/19/text"	"Уменьшить тягу на 10 м/мин"	"Quest Depth.qmm: jumps.19.text. Preserve every <tag> exactly. English reference: Decrease thrust by 10 m/min"	"Quest,Depth"	""
"/quests/Depth.qmm/jumps/19/description"	"Вы решили дать задний ход. Двигатель взревел. Они случайно не забыли поставить глушители?"	"Quest Depth.qmm: jumps.19.description. Preserve every <tag> exactly. English reference: You decided to move back. The engine roared. Did they forget to get a silencer on this thing?"	"Quest,Depth"	""
"/quests/Depth.qmm/jumps/20/text"	"Уменьшить тягу на 10 м/мин"	"Quest Depth.qmm: jumps.20.text. Preserve every <tag> exactly. English reference: Decrease thrust by 10 m/min"	"Quest,Depth"	""
"/quests/Depth.qmm/jumps/20/description"	"Потянув на себя рычаг, вы услышали, как двигатель смолкает. Вокруг стало тихо, и ощущение одиночества вместе с тоннами воды над головой навалилось на вас. Наступило жуткое ожидание."	"Quest Depth.qmm: jumps.20.description. Preserve every <tag> exactly. English reference: Pulling the lever you heard the engine go silent. It became very quiet and the feeling of loneliness together with tons of water over your head overwhelmed you. The horrifying wait began."	"Quest,Depth"	""
"/quests/Depth.qmm/jumps/21/text"	"Уменьшить тягу на 10 м/мин"	"Quest Depth.qmm: jumps.21.text. Preserve every <tag> exactly. English reference: Decrease thrust by 10 m/min"	"Quest,Depth"	""
"/quests/Depth.qmm/jumps/21/description"	"Для остановки двигателя нужно было слегка потянуть на себя главный рычаг. Турбины остановились. Двигатель смолк. Что дальше? Ваш ""малыш"" теперь полностью находится во власти течений."	"Quest Depth.qmm: jumps.21.description. Preserve every <tag> exactly. English reference: In order to stop the engine you had to slightly pull the main lever. The turbines stopped. The engine went silent. What next? Your ""Kid"" was now fully in the power of the currents."	"Quest,Depth"	""
"/quests/Depth.qmm/jumps/22/text"	"Уменьшить тягу на 10 м/мин"	"Quest Depth.qmm: jumps.22.text. Preserve every <tag> exactly. English reference: Decrease thrust by 10 m/min"	"Quest,Depth"	""
"/quests/Depth.qmm/jumps/22/description"	"Вы решили, что главную тягу нужно немного уменьшить. Одно движение, и двигатель послушно начал гудеть тише. Задние лопасти стали поспокойней молотить воду."	"Quest Depth.qmm: jumps.22.description. Preserve every <tag> exactly. English reference: You decided to reduce the main thrust. One move, and the engine buzz became quieter. The back fan flapping reduced."	"Quest,Depth"	""
"/quests/Depth.qmm/jumps/24/text"	"На юго-запад"	"Quest Depth.qmm: jumps.24.text. Preserve every <tag> exactly. English reference: South-westwards"	"Quest,Depth"	""
"/quests/Depth.qmm/jumps/24/description"	"Батискаф послушно повернулся в нужном направлении. Вы чувствовали себя настоящим подводником. Такое даже не снилось знаменитому Жаб Илу Мусто с планеты Гаргынг!"	"Quest Depth.qmm: jumps.24.description. Preserve every <tag> exactly. English reference: The bathyscaph obediently turned in the required direction. You felt like a real submariner. Even the great Jab Hick Gusto from the planet of Gargyng could not dream of anything like this!"	"Quest,Depth"	""
"/quests/Depth.qmm/jumps/25/text"	"На север"	"Quest Depth.qmm: jumps.25.text. Preserve every <tag> exactly. English reference: Northwards"	"Quest,Depth"	""
"/quests/Depth.qmm/jumps/25/description"	"Нажав кнопку со стрелкой, указывающей вверх, вы почувствовали, что где-то слева загудела турбина. Батискаф послушно повернулся в нужном направлении."	"Quest Depth.qmm: jumps.25.description. Preserve every <tag> exactly. English reference: Pushing the up-arrow button you felt the turbine buzz somewhere on the left. The bathyscaph obediently turned in the required direction."	"Quest,Depth"	""
"/quests/Depth.qmm/jumps/26/text"	"На юг"	"Quest Depth.qmm: jumps.26.text. Preserve every <tag> exactly. English reference: Southwards"	"Quest,Depth"	""
"/quests/Depth.qmm/jumps/26/description"	"Крутясь вокруг своей оси, вы вспоминали родной дом. Где-то далеко сейчас цвели изумрудные сады и вили гнезда перелетные птицы. ""Что-то я начал вспоминать свое прошлое?! Не плохая ли это примета?"" - подумали вы и уставились в иллюминатор. ""Не нужно расслабляться!"" - подбадривали вы себя."	"Quest Depth.qmm: jumps.26.description. Preserve every <tag> exactly. English reference: Rotating around the vertical axis, you thought of home. Somewhere far away now, emerald gardens bloomed and visitant birds made their nests. ""Why am I remembering my past?! Isn't that a bad superstition?"" - you thought and looked out of the window. ""Do not let yourself lose the grip!"" - you cheered yourself."	"Quest,Depth"	""
"/quests/Depth.qmm/jumps/27/text"	"Ничего не делать"	"Quest Depth.qmm: jumps.27.text. Preserve every <tag> exactly. English reference: Do nothing"	"Quest,Depth"	""
"/quests/Depth.qmm/jumps/27/description"	"По вашим расчетам, вы двигались в нужном направлении. Осталось только выждать время, и ""малыш"" будет на месте. Вы откинулись на спинку кресла и позволили себе расслабиться, выпив рюмочку коньячку, который предусмотрительно оставил под креслом пилота бывший подводник."	"Quest Depth.qmm: jumps.27.description. Preserve every <tag> exactly. English reference: Judging by your own calculations, you were moving in the right direction. Now you just had to wait for the ""Kid"" to arrive to the point of destination. You leaned back in the chair and let yourself go, sipping on a glass of brandy, thoughtfully left by the previous pilot under the seat."	"Quest,Depth"	""
"/quests/Depth.qmm/jumps/30/description"	"Ваше маленькое суденышко несло вниз с громадной скоростью. Мимо беспорядочно проносились обитатели подводного мира. Скорость погружения была настолько большой, что вы не успевали их разглядеть. Иногда о корпус что-то ударялось - возможно, это были рыбы, не успевшие отплыть в сторону. За иллюминаторами быстро наступала темнота. Прямо под вами чернела бездна!.."	"Quest Depth.qmm: jumps.30.description. Preserve every <tag> exactly. English reference: You small ship was rushing down with enormous speed. You saw a blur of underwater creatures pass by. The diving speed was so high, you couldn't even make out what you saw. At times you'd hear something bump on the hull, most likely it were the fish who didn't have the time to swim out of the way. It was quickly growing dark. A black abyss opened its endless mouth beyond!.."	"Quest,Depth"	""
"/quests/Depth.qmm/jumps/31/description"	"Сверху начали пробиваться лучи света. Вы приближаетесь к поверхности!"	"Quest Depth.qmm: jumps.31.description. Preserve every <tag> exactly. English reference: You've noticed the first raise of light from above. You were gradually reaching the surface!"	"Quest,Depth"	""
"/quests/Depth.qmm/jumps/32/description"	"Вдруг вы почувствовали сильный удар! Батискаф весь загудел и замер без движения. Вероятно, вы ударились о дно океана! Столкновение было очень сильным, и вы с опаской взглянули на индикатор прочности корпуса."	"Quest Depth.qmm: jumps.32.description. Preserve every <tag> exactly. English reference: Suddenly you felt a strong hit! The bathyscaph boomed and stood motionless. Looks like you hit the ocean bottom! The collision was so powerful you glanced carefully at the hull strength indicator expecting the worst."	"Quest,Depth"	""
"/quests/Depth.qmm/jumps/34/description"	"Вы продолжали сидеть на дне океана. Похоже, ваш батискаф, придавленный ко дну собственным весом, не собирался двигаться. Время шло, и запас кислорода неуклонно уменьшался. Неужели вам так и суждено погибнуть в морской пучине?"	"Quest Depth.qmm: jumps.34.description. Preserve every <tag> exactly. English reference: You continued sitting there at the bottom. Looks like the bathyscaph anchored to the ocean bottom with its own weight had no intention to move. Minutes flew by, you were running out of oxygen. Could this be the end you were destined for, here in deep waters?"	"Quest,Depth"	""
"/quests/Depth.qmm/jumps/35/description"	"Вдруг в лучах прожектора что-то блеснуло. Вы присмотрелись и отчетливо увидели впереди, на расстоянии нескольких метров, продолговатый яйцеподобный силуэт. ""Вот он! Я нашел его!"" - вы не смогли сдержать своей радости. Космический пришелец был сделан из какого-то странного материала с зеленоватым отливом. Вы осторожно подвели батискаф к странному объекту, неподвижно лежащему на морском дне. Теперь нужно включить захват и аккуратно захватить космического пришельца мощными щупами-присосками."	"Quest Depth.qmm: jumps.35.description. Preserve every <tag> exactly. English reference: Suddenly something flashed in the searchlights. You took a closer look and distinctly saw an egg-like silhouette just metres in front of you. ""Here it is! I found it!"" - you couldn't help the joy. The space alien was made of some strange material with a touch of green bloom to it. You carefully navigated the bathyscaph closer to the strange object that lay still there on the sea-bottom. Now you had to switch on the gripper and carefully snatch the space alien with its powerful oscular probes."	"Quest,Depth"	""
"/quests/Depth.qmm/jumps/36/text"	"Включить захват"	"Quest Depth.qmm: jumps.36.text. Preserve every <tag> exactly. English reference: Switch on the gripper"	"Quest,Depth"	""
"/quests/Depth.qmm/jumps/36/description"	"Вы нажали на кнопку, приводя в действие мощные захваты-присоски. Принцип их работы основывался на псевдовакуумном эффекте Кальтербрунера. Внизу, где-то прямо под креслом, что-то загудело. Через передний иллюминатор вы увидели, как начали медленно расправляться металлические штанги, на которых расположен захват. Взявшись за ручки управления им, вы принялись аккуратно подводить механические лапы робота к неизвестному объекту. Вы пару раз стукнули металлическими штангами по корпусу пришельца, и вам показалось, что тот издал какой-то писк. Наконец вам удалось надежно захватить странный объект. Вместе с пришельцем вас придавило к дну. 
- Я захватил его. Прием.
В ответ вы услышали аплодисменты. Это, вероятно, аплодировали все присутствующие члены команды на спасательной базе.
- Отлично. Скорее возвращайтесь! Прием, - ответил знакомый голос капитана.
Ну что ж, пора подниматься!"	"Quest Depth.qmm: jumps.36.description. Preserve every <tag> exactly. English reference: You pushed the button activating the powerful oscular probes of the gripper. Their operation principle was based on the Kalterbruener pseudo-vacuum effect. Down below right under your chair something started buzzing. Through the front illuminator you saw the metal bar with the gripper unbend slowly. Taking over the controls, you started carefully moving the mechanical hands of the robot to the unidentified object. You hit the metal bars on the alien's hull a couple of times, and it seemed to you that it squealed. Finally you managed to put a firm grip on the strange object. Together with the alien you were now pinned down to the bottom. 
- I got it in my gripper. Over. 
You heard a loud applause on the other end of the line. Apparently the entire crew of the rescue base was applauding to you. 
- Excellent. Come back quick! Over and out. - the familiar voice of the captain responded.
Well, time to surface!"	"Quest,Depth"	""
"/quests/Depth.qmm/jumps/37/text"	"Включить захват"	"Quest Depth.qmm: jumps.37.text. Preserve every <tag> exactly. English reference: Switch on the gripper"	"Quest,Depth"	""
"/quests/Depth.qmm/jumps/37/description"	"Вы нажали на кнопку, приводя в действие мощные захваты-присоски. Принцип их работы основывался на псевдовакуумном эффекте Кальтербрунера. Внизу, где-то прямо под креслом, что-то загудело. Через передний иллюминатор вы увидели, как начали медленно расправляться металлические штанги, на которых расположен захват. Взявшись за ручки управления им, вы принялись аккуратно подводить механические лапы робота к неизвестному объекту. Вы пару раз стукнули металлическими штангами по корпусу пришельца, и вам показалось, что тот издал какой-то писк. Наконец вам удалось надежно захватить странный объект. Вместе с пришельцем вас придавило к дну. 
- Я захватил его. Прием, - произнесли вы в микрофон. 
В ответ вы ничего не услышали. Вокруг была только черная, давящая со всех сторон, бездна.
Ну что ж, пора подниматься!"	"Quest Depth.qmm: jumps.37.description. Preserve every <tag> exactly. English reference: You pushed the button activating the powerful oscular probes of the gripper. Their operation principle was based on the Kalterbruener pseudo-vacuum effect. Down below right under your chair something started buzzing. Through the front illuminator you saw the metal bar with the gripper unbend slowly. Taking over the controls, you started carefully moving the mechanical hands of the robot to the unidentified object. You hit the metal bars on the alien's hull a couple of times, and it seemed to you that it squealed. Finally you managed to put a firm grip on the strange object. Together with the alien you were now pinned down to the bottom. 
- I got it in my gripper. Over. - you said into the microphone. 
You did not hear anything in response. Around you there was only the black, oppressing abyss. 
Well, time to surface!"	"Quest,Depth"	""
"/quests/Depth.qmm/jumps/38/text"	"Скорее вытащите меня отсюда!"	"Quest Depth.qmm: jumps.38.text. Preserve every <tag> exactly. English reference: Get me out of here - quick!"	"Quest,Depth"	""
"/quests/Depth.qmm/jumps/38/description"	"- Вы что?! С ума сошли?! А как же пришелец? - негодующе воскликнул капитан.
- Какой, к черту, пришелец! Я не хочу умирать в этой бездне! И не подводник я вовсе, а космический рейнджер. Я хочу наверх, в космос, а не вниз! Обещаю, что больше никогда не буду врать и честно буду убивать врагов! 
- А, понятно... - после продолжительной паузы капитан сказал: - Ну, тогда сбрасывайте балласт, и вас выбросит наверх как пробку из бутылки. Конец связи."	"Quest Depth.qmm: jumps.38.description. Preserve every <tag> exactly. English reference: - What?! Are you nuts?! What about the alien? - the captain boomed in resentment.
- What bloody alien! I don't want to die in this abyss! Besides, I am no submariner, I'm a space ranger. I want to go up into space, not down! I promise not to lie ever again and I will honestly kill our enemies! 
- Oh, I see... - the captain said after a long pause: - In that case, drop off the ballast and you'll come up like a cork out of the bottle. Over and out."	"Quest,Depth"	""
"/quests/Depth.qmm/jumps/39/text"	"Послать сигнал SOS!!!"	"Quest Depth.qmm: jumps.39.text. Preserve every <tag> exactly. English reference: Transmit SOS signal!!!"	"Quest,Depth"	""
"/quests/Depth.qmm/jumps/39/description"	"- Спасите, помогите! - начали вы вопить в микрофон. 
В ответ было тихо. ""Странно, - подумали вы. - Наверное, я слишком глубоко спустился! Мне так и суждено погибнуть в этой чертовой глубине в одиночестве!"""	"Quest Depth.qmm: jumps.39.description. Preserve every <tag> exactly. English reference: - Help-help! - you screamed into the microphone. 
But it was silent. ""Strange, - you thought, - I guess I dived too deep! I am doomed to die here in this damned see all alone!"""	"Quest,Depth"	""
"/quests/Depth.qmm/jumps/41/text"	"Скорее вытащите меня отсюда!"	"Quest Depth.qmm: jumps.41.text. Preserve every <tag> exactly. English reference: Get me out of here - quick!"	"Quest,Depth"	""
"/quests/Depth.qmm/jumps/41/description"	"- Вы что, не читали документацию? - поинтересовался голос в наушниках. - Просто сбрасывайте балласт, и вас выбросит наверх как пробку из бутылки. Прием."	"Quest Depth.qmm: jumps.41.description. Preserve every <tag> exactly. English reference: - Didn't you read the documentation? - the voice in the headphones asked. - drop off the ballast and you'll come up like a cork out of the bottle. Over."	"Quest,Depth"	""
"/quests/Depth.qmm/jumps/42/text"	"У меня кончается воздух! Я задыхаюсь!"	"Quest Depth.qmm: jumps.42.text. Preserve every <tag> exactly. English reference: I am running out of oxygen! I am suffocating!"	"Quest,Depth"	""
"/quests/Depth.qmm/jumps/42/description"	"- Скорее сбрасывайте балласт, и вас выбросит на поверхность. Прием."	"Quest Depth.qmm: jumps.42.description. Preserve every <tag> exactly. English reference: - Drop off the ballast and the sea will push you up to the surface. Over."	"Quest,Depth"	""
"/quests/Depth.qmm/jumps/46/text"	"Выключить прожекторы"	"Quest Depth.qmm: jumps.46.text. Preserve every <tag> exactly. English reference: Turn off the searchlights"	"Quest,Depth"	""
"/quests/Depth.qmm/jumps/46/description"	"Непроглядная темнота окружила иллюминаторы. В рубке помигивали лампочки приборов и тихо гудел главный двигатель. Не хотелось думать о том, что вокруг вас леденящий холод многометровой толщи воды. Вы попытались расслабиться и откинулись на спинку кресла."	"Quest Depth.qmm: jumps.46.description. Preserve every <tag> exactly. English reference: Behind the illuminators it was pitch-dark. Gauge lights flickered softly in the deckhouse and the main engine buzzed quietly. You tried not to think of the icy cold of the multi-metre water layer outside. You tried to relax and leaned back."	"Quest,Depth"	""
"/quests/Depth.qmm/jumps/47/description"	"В окружении полной темноты океанских глубин, вам захотелось пообщаться.
- Капитан. Прием.
В ответ послышались какие-то слова, прерываемые сильным шумом. Вы различили только отдельные обрывки фраз...
- <Ranger>... Как слыши... Прием.
- Говорите. Плохо вас слышу. Прием.
- Вы... слишком большой глубине... ...связь... ...дет потеряна... Держитесь... 
Этого еще не хватало! Похоже, что из-за большой глубины связь со спасателями работать не будет. Теперь вы остались один на один с этой морской бездной! Поскорей бы выполнить это задание и смотаться отсюда."	"Quest Depth.qmm: jumps.47.description. Preserve every <tag> exactly. English reference: Surrounded by the pitch darkness of ocean waters, you wanted to talk to someone.
- Captain. Over.
In response you heard some words, interrupted with loud noises. You could only make out phrase fragments...
- <Ranger>... Do you rea... Over.
- Speak. Can't hear you. Over.
- You... too deep... ...connect... ...be lost... Hold on... 
As if this wasn't enough! Looks like because of the large depth the communication with the rescue team will be lost. Now you were left eye-to-eye with the oceanic abyss! You wish it was all over and you could go back."	"Quest,Depth"	""
"/quests/Depth.qmm/jumps/49/description"	"- <Ranger>, <Ranger>. Прием, - вы вдруг услышали голос капитана в наушниках.
- Слушаю вас. Что случилось? Прием.
- Кажется, у нас проблемы. Неопознанный объект постоянно излучал сигнал. Кажется, я вам об этом говорил. Так вот, теперь мы заметили, что этот сигнал слабеет, наблюдается устойчивое затухание. По нашим приблизительным расчетам он прекратится через [p16] мин. Возможно, к этому времени погибнет живое существо, предположительно находящееся внутри объекта. У вас осталось мало времени, <Ranger>. Постарайтесь уложиться в указанный срок! Прием.
- Этого не было предусмотрено в нашем соглашении! - возмутились вы. - Прием.
- Знаю! - сказал капитан. - Поэтому если вы сумеете доставить пришельца живым, мы выплатим вам дополнительную <clr>премию<clrEnd>. Прием.
- Я все понял. Постараюсь как можно быстрее доставить вам эту штуковину. Прием.
- Мы будем надеяться, что вы успеете. Прием.
""Да уж! Появилась дополнительная проблема"", - подумали вы."	"Quest Depth.qmm: jumps.49.description. Preserve every <tag> exactly. English reference: - <Ranger>, <Ranger>. Over, - suddenly you heard the captain's voice in the headphones.
- Yes. What is it? Over.
- Looks like we have a problem. The unidentified object kept emitting some signals. I think I told you about that. Now we are noticing the signal is becoming weaker and weaker. By our rough estimates it is going to stop within [p16] minutes. This can mean that the living creature supposedly locked in the object will die. You have little time left, <Ranger>. Try to make it! Over.
- This was not part of the contract! - you exclaimed. - Over.
- I know! - said the captain. - That is why if you manage to get the alien out here alive, we shall pay you an additional  <clr>bonus<clrEnd>. Over.
- I got it. I'll do my best to make it quicker. Over.
 - We sure hope you will. Over and out.
""Yeah right! As if it was not difficult enough"", - you thought to yourself."	"Quest,Depth"	""
"/quests/Depth.qmm/jumps/50/description"	"Вы взглянули на часы и с горечью обнаружили, что время спасения подошло к концу. Если там внутри и есть живой организм, то он наверняка уже погиб. ""Как бы там ни было, но капсулу необходимо доставить наверх - именно такое было задание"", - подумали вы и продолжили выполнение миссии."	"Quest Depth.qmm: jumps.50.description. Preserve every <tag> exactly. English reference: You looked at the clock and understood you were late. Even if there was a living creature there inside, it was surely dead by now. ""Well, this way or that, but the capsule must be delivered to the surface - that was the initial objective"", - you thought to yourself and continued on the mission."	"Quest,Depth"	""
"/quests/Depth.qmm/jumps/51/text"	"1 кг"	"Quest Depth.qmm: jumps.51.text. Preserve every <tag> exactly. English reference: 1 kg"	"Quest,Depth"	""
"/quests/Depth.qmm/jumps/52/description"	"Вдруг вы почувствовали сильный удар. Возле переднего иллюминатора что-то блеснуло. 
""Ничего себе!"" Показания прочности корпуса заметно изменились. ""Это еще что такое?"""	"Quest Depth.qmm: jumps.52.description. Preserve every <tag> exactly. English reference: Suddenly you felt a strong hit. Something flashed in front of the illuminator. 
""What the...!"" The hull strength indicator showed considerable damage. ""What in the hell was that?"""	"Quest,Depth"	""
"/quests/Depth.qmm/jumps/54/description"	"Сильный удар всколыхнул весь батискаф P I-00-M. Вдруг в переднем иллюминаторе возникла страшная раскрытая пасть, вся усеянная огромными зубами, явно пораженными кариесом.
- Бог мой!
- Что вы там увидели, <Ranger>? Прием, - сразу же откликнулись сверху.
- Здесь какой-то подводный монстр! Такого чудища я еще в жизни не видел. Даже доминаторы, и те милее смотрятся!
- Как он выглядит? Прием.
- У него огромная пасть, усеянная зубами, и он явно не собирается со мной дружить. Прием.
- А... это, наверное, монстродил. Очень древнее создание. Встречается очень редко и преимущественно на огромных глубинах. Ведет себя агрессивно, но не представляет особой опасности. Вообще-то их осталось немного, и они занесены в нашу красную с черной рамкой книгу. Их нельзя убивать, - проинформировал вас капитан.
- Очень хорошо! Тогда он убьет меня! Плохо, что меня нет в вашей книге!
- Постарайтесь сохранять спокойствие, - посоветовал капитан. - Вероятно, он принял вас за опасность, на самом деле это очень миролюбивое животное. Как и всякое животное, он боится ответного сопротивления. Постарайтесь выполнить маневр ему навстречу с включенными прожекторами. Это должно напугать его. Прием.
- Хорошо, постараюсь! Если к тому времени это чудовище меня не сожрет!"	"Quest Depth.qmm: jumps.54.description. Preserve every <tag> exactly. English reference: A strong hit shuddered the entire bathyscaph. Suddenly you saw a scary open maw, riddled with huge caries-stricken teeth, appeared in the illuminator.
- Ye gods!
 -  What is it, <Ranger>? Over, - the response came immediately from the surface.
- There is some huge monster down here! I haven't ever seen anything like that. Even the Dominators look nicer!
- What does it look like? Over.
- It's a got a huge mouth, that is full of teeth, and it's definitely not going to make friends with me. Over.
- Ah... this must be, a monstrodile. A very ancient beast. It is very rare and you can only encounter it at large depths. Behaves very aggressively but it's not as dangerous as it looks. In fact there is very few of them left and they were put in our red black-framed book. You cannot kill them, - the captain informed you.
- Jolly good! Then it will kill me! I wish I were in that book of yours!
- Try to stay calm, - the captain advised. - Most likely, it thinks you dangerous, in fact it is a very peaceful creature. Like any other animal it fears response resistance. Try to scare it away with your searchlights. Over.
- Alright, I'll do my best! That is, if your beast does not eat me before that!"	"Quest,Depth"	""
"/quests/Depth.qmm/jumps/55/description"	"Сильный удар опять всколыхнул весь батискаф. Неожиданно в переднем иллюминаторе возникла страшная раскрытая пасть, вся усеянная огромными зубами.
- Бог мой!
Какой-то страшный монстр, хозяин подводных глубин, набросился на ваш маленький корабль! Размеры его пасти не оставляли никаких шансов на спасение. Что же теперь делать? Как спастись от этого чудовища?"	"Quest Depth.qmm: jumps.55.description. Preserve every <tag> exactly. English reference: Another strong hit shook the entire bathyscaph. Suddenly you saw a scary open maw, riddled with huge caries-stricken teeth, appeared in the illuminator.
- Ye gods! 
Some scary monster, the ruler of underwater depth, attacked your small ship! The size of his mouth left you no chances. What do you do now? How do you escape that beast?"	"Quest,Depth"	""
"/quests/Depth.qmm/jumps/56/text"	"На меня напал монстр!"	"Quest Depth.qmm: jumps.56.text. Preserve every <tag> exactly. English reference: I am attacked by a monster!"	"Quest,Depth"	""
"/quests/Depth.qmm/jumps/56/description"	"- Что? Как он выглядит? Прием.
- У него огромная пасть, усеянная зубами, и он явно не собирается со мной дружить! Прием.
- А... это, наверное, монстродил. Очень древнее создание. Встречается очень редко и преимущественно на огромных глубинах. Ведет себя агрессивно, но не представляет особой опасности. Вообще-то их осталось немного, и они занесены в нашу красную с черной рамкой книгу. Их нельзя убивать, - проинформировал вас капитан.
- Очень хорошо! Тогда он убьет меня! Плохо, что меня нет в вашей книге!
- Хорошо бы его напугать, - посоветовал капитан. - Как и всякое животное, он боится ответного сопротивления. Необходимо включить прожекторы и дать передний ход ему навстречу! Это должно сработать. Прием.
- Постараюсь, если он меня не проглотит к тому времени!"	"Quest Depth.qmm: jumps.56.description. Preserve every <tag> exactly. English reference: - What? What does it look like? Over.
- It's a got a huge mouth, that is full of teeth, and it's definitely not going to make friends with me. Over.
- Ah... this must be, a monstrodile. A very ancient beast. It is very rare and you can only encounter it at large depths. Behaves very aggressively but it's not as dangerous as it looks. In fact there is very few of them left and they were put in our red black-framed book. You cannot kill them, - the captain informed you.
- Jolly good! Then it will kill me! I wish I were in that book of yours!
- You should scare him, - the captain advised. - Like any other animal it fears response resistance. Try to scare it away with your searchlights. This should work. Over.
- Alright, I'll do my best! That is, if your beast does not eat me before that!"	"Quest,Depth"	""
"/quests/Depth.qmm/jumps/57/text"	"На меня напал монстр!"	"Quest Depth.qmm: jumps.57.text. Preserve every <tag> exactly. English reference: I am attacked by a monster!"	"Quest,Depth"	""
"/quests/Depth.qmm/jumps/57/description"	"В ответ вы ничего не услышали, кроме похрипывания в наушниках.
- Черт! - выругались вы вслух. Дальше вы произнесли длинную фразу, имеющую глубокий смысл и большое значение. - Что же теперь делать?
Лихорадочно вы пытались вспомнить раздел про обитателей морских глубин в документации, до которого вы дошли как раз перед тем, как вернулся начальник спецотдела. Кажется, там было что-то про то, как монстры боятся света, ответного сопротивления, и что на самом деле они очень добрые, миролюбивые существа."	"Quest Depth.qmm: jumps.57.description. Preserve every <tag> exactly. English reference: The headphones responded to you with loud rattling.
- Damn! - you cursed loudly. Then you pronounced a long phrase that made a lot of sense and had a very deep meaning to it. - What should I do now?
You tried frantically to remember the part of the documentation that contained information about the dwellers of the deep - you just started reading that one when the OpSec Department head returned. As far as you could remember it said something about these monsters being afraid of light, and that in fact they were very kind and peaceful creatures."	"Quest,Depth"	""
"/quests/Depth.qmm/jumps/58/description"	"Вы снова почувствовали сильный удар откуда-то сбоку. Сколько это может продолжаться?"	"Quest Depth.qmm: jumps.58.description. Preserve every <tag> exactly. English reference: You again felt something hit the ship on the side. How long is it going to last?"	"Quest,Depth"	""
"/quests/Depth.qmm/jumps/59/description"	"Подводная гадина продолжала извиваться вокруг вашего батискафа, изо всех сил пытаясь его проглотить. Удары громадных зубов о корпус не проходили бесследно. Красно-зеленая чешуя попеременно с громадными зубами то и дело мелькали перед иллюминаторами. <clr>Вам никак не удавалось направить луч прожектора в сторону головы монстродила.<clrEnd> Наверное, для этого надо повернуть батискаф. Неужели из-за подводного доисторического монстра вам придется распрощаться с жизнью?"	"Quest Depth.qmm: jumps.59.description. Preserve every <tag> exactly. English reference: The underwater beast continued to wriggle around you bathyscaph trying desperately to swallow it. The hits of its huge teeth against the hull did not go unnoticed. Its red-green scales and sharp teeth flashed in the illuminators. <clr>You couldn't get the searchlights in the face of the monstrodile.<clrEnd> You figured you had to turn the apparatus. Would you really have to kiss your life good-bye just because of some prehistoric monster?"	"Quest,Depth"	""
"/quests/Depth.qmm/jumps/60/description"	"Маневр с включенными прожекторами навстречу монстру удался! Вы прогнали морское чудище. Вероятно, хозяин подводных глубин не ожидал встретить ответную агрессию со стороны аппарата P I-00-M! Он испугался, и его нападения прекратились. 
- Мне удалось его отпугнуть, кажется, он оставил меня в покое! Прием, - радостно сообщили вы наверх.
- Примите наши поздравления! - в наушниках послышались радостные возгласы других членов команды. - Продолжайте выполнение задания. Прием.
Пока вы боролись с доисторическим существом, батискаф заметно унесло в сторону. Теперь придется корректировать направление движения."	"Quest Depth.qmm: jumps.60.description. Preserve every <tag> exactly. English reference: The manoeuvre with your searchlights in the face of the monster worked perfectly! You scared the sea beast away. Apparently the ruler of the deep did not expect to meet with return aggression from R I-00-M! It got scared and stopped its attacks. 
- I managed to  scare it away, looks like it finally left me alone! Over, - you reported joyfully to the surface.
- Congrats mate! - you heard the voices of the entire team in the headphones. - Continue on the mission. Over. 
While you were struggling with the prehistoric beast, the bathyscaph got considerably carried away from its main course. Now you will have to correct the direction."	"Quest,Depth"	""
"/quests/Depth.qmm/jumps/61/description"	"Маневр с включенными прожекторами навстречу монстру удался! Вы прогнали морское чудище. Вероятно, хозяин подводных глубин не ожидал встретить ответную агрессию со стороны аппарата P I-00-M! Он испугался, и его нападения прекратились. Теперь можно спокойно продолжить выполнение задания. Пока вы боролись с доисторическим существом, батискаф заметно унесло в сторону. Теперь придется корректировать направление движения."	"Quest Depth.qmm: jumps.61.description. Preserve every <tag> exactly. English reference: The manoeuvre with your searchlights in the face of the monster worked perfectly! You scared the sea beast away. Apparently the ruler of the deep did not expect to meet with return aggression from R I-00-M! It got scared and stopped its attacks. Now you could continue carrying out the mission. While you were struggling with the prehistoric beast, the bathyscaph got considerably carried away from its main course. Now you will have to correct the direction."	"Quest,Depth"	""
"/quests/Depth.qmm/jumps/62/description"	"Подгоняемые ударами морского чудища, вы не заметили, как поднялись с большой глубины. Здесь оно неожиданно отстало от вас. (Вероятно, для глубоководного доисторического животного тут были неподходящие условия из-за разницы давлений.) Вы вздохнули с облегчением, откинулись на спинку кресла и позволили себе расслабиться.
- Кажется, он отстал от меня. Наверное, не любит дневной свет. Прием.
- Кто отстал? Прием.
- Монстр, черт возьми! Подводное чудовище! Кстати, о монстрах речи не было, и я буду требовать надбавку к гонорару, - произнесли вы и отключили связь."	"Quest Depth.qmm: jumps.62.description. Preserve every <tag> exactly. English reference: Chased by the sea beast, you did notice how you climbed back closer to the surface. Here it suddenly left you alone. (Obviously, the deep-water prehistoric animal did not feel to comfortable up here because of the difference in the pressure.) You let out a sigh of relief, leaned back in your seat, and relaxed. 
- Looks like it's left me alone. I guess it does not like daylight. Over.
- Who doesn't? Over.
- The monster, damn it! An underwater beast! By the way, there was nothing in the contract about monsters, so I will be demanding a bonus, - you responded and switched off the connection."	"Quest,Depth"	""
"/quests/Depth.qmm/jumps/64/text"	"Ничего не делать"	"Quest Depth.qmm: jumps.64.text. Preserve every <tag> exactly. English reference: Do nothing"	"Quest,Depth"	""
"/quests/Depth.qmm/jumps/64/description"	"Вы решили отдохнуть, откинулись на спинку кресла и достали бутерброд. Его вам сделала гаальская девушка на ""Русалочке"" перед самым погружением. С ней вы успели очень близко познакомиться, когда случайно забрели в камбуз, размышляя о предстоящем задании."	"Quest Depth.qmm: jumps.64.description. Preserve every <tag> exactly. English reference: You decided to have some rest, leaned back in your seat and produced a hamburger - courtesy of a Gaalian girl off the ""Mermaid"" who gave it to you right before the dive. You managed to make very close friends with her, when you accidentally walked into the caboose, while contemplating the coming mission."	"Quest,Depth"	""
"/quests/Depth.qmm/jumps/65/text"	"Ничего не делать"	"Quest Depth.qmm: jumps.65.text. Preserve every <tag> exactly. English reference: Do nothing"	"Quest,Depth"	""
"/quests/Depth.qmm/jumps/65/description"	"Вы решили, что временное бездействие будет как раз кстати - батискаф движется в нужном направлении."	"Quest Depth.qmm: jumps.65.description. Preserve every <tag> exactly. English reference: You figured you could use a short rest - the bathyscaph was moving in the right direction."	"Quest,Depth"	""
"/quests/Depth.qmm/jumps/69/text"	"Ничего не делать"	"Quest Depth.qmm: jumps.69.text. Preserve every <tag> exactly. English reference: Do nothing"	"Quest,Depth"	""
"/quests/Depth.qmm/jumps/70/text"	"Сбросить балласт"	"Quest Depth.qmm: jumps.70.text. Preserve every <tag> exactly. English reference: Drop the ballast"	"Quest,Depth"	""
"/quests/Depth.qmm/jumps/71/description"	"Вы сбросили последние килограммы, которые позволяли батискафу погружаться. После привычного уже толчка вы ничего особенного не заметили, но на индикаторе замигала надпись: <clr>Дальнейший сброс балласта приведет к всплытию!<clrEnd>"	"Quest Depth.qmm: jumps.71.description. Preserve every <tag> exactly. English reference: You dropped the last kilograms that allowed the bathyscaph to sink deeper. After the ship shuddered yet another time you did not notice anything special, but there appeared a flashing sign on the indicator: <clr>Further drop of ballast will cause the ship to start surfacing!<clrEnd>"	"Quest,Depth"	""
"/quests/Depth.qmm/jumps/72/description"	"Вы почувствовали привычный уже толчок, и батискаф начал подниматься. ""Скорее отсюда - пока меня не раздавило"", - подумали вы и решили сообщить в микрофон:
- Я поднимаюсь. Прием.
В ответ вы услышали крики ""Браво!"" и какие-то вопли, похожие на радость.
- Отлично, - узнали вы голос капитана. - Мы уже все подготовили к вашему возвращению. Ждем вас с нетерпением! Прием."	"Quest Depth.qmm: jumps.72.description. Preserve every <tag> exactly. English reference: You felt the already familiar shudder and the ship started climbing up. ""Gotta get out of here, before I got squished "", - you thought to yourself and reported in the microphone:
- I am coming up. Over.
In response you heard somebody shout ""Bravo!"" and some other yells that sounded like cheering.
- Excellent, - you recognised the voice of the captain. - We already prepared everything for your return! Can't wait for you to get up here! Over."	"Quest,Depth"	""
"/quests/Depth.qmm/jumps/73/description"	"Вы почувствовали привычный уже толчок, и батискаф начал подниматься. ""Скорее отсюда - пока меня еще не раздавило"", - подумали вы и сообщили в микрофон:
- Я поднимаюсь. Прием.
Ответом была тишина. Напряженное чувство одиночества не покидало вас."	"Quest Depth.qmm: jumps.73.description. Preserve every <tag> exactly. English reference: You felt the already familiar shudder and the ship started climbing up. ""Gotta get out of here, before I got squished "", - you thought to yourself and reported in the microphone:
- I am coming up. Over.
But no one responded. The feeling of dark solitude overwhelmed you."	"Quest,Depth"	""
"/quests/Depth.qmm/jumps/74/description"	"Вы почувствовали привычный уже толчок, и батискаф стал подниматься. ""Скорее отсюда - пока меня не раздавило"", - подумали вы и решили сообщить в микрофон:
- Я поднимаюсь. Прием.
- Хорошо, - узнали вы голос капитана. - Жаль, что вам не удалось захватить эту штуковину. Ждем вас. Прием."	"Quest Depth.qmm: jumps.74.description. Preserve every <tag> exactly. English reference: You felt the already familiar shudder and the ship started climbing up. ""Gotta get out of here, before I got squished "", - you thought to yourself and reported in the microphone:
- I am coming up. Over.
- Good, - you recognised the voice of the captain. - Too bad you did not manage to recover the capsule. We are waiting for you. Over."	"Quest,Depth"	""
"/quests/Depth.qmm/jumps/75/description"	"Очередная порция ненужного груза стала опускаться на дно. От сброса балласта батискаф все время качало во все стороны. Скорость подъема неуклонно росла."	"Quest Depth.qmm: jumps.75.description. Preserve every <tag> exactly. English reference: Another portion of unnecessary cargo started sinking to the bottom. The bathyscaph was rocking from side to side because of the constant ballast drop. The speed of the climb was increasing."	"Quest,Depth"	""
"/quests/Depth.qmm/jumps/76/description"	"Небольшой толчок дал вам понять, что батискаф ударился об океанское дно. ""Приехали!"" Вам показалось, что на индикаторе прочности корпуса произошли изменения."	"Quest Depth.qmm: jumps.76.description. Preserve every <tag> exactly. English reference: The bathyscaph shook slightly and you understood that you hit the ocean bottom. ""Right on!"" It seemed to you that you saw the rates on the hull strength indicator change."	"Quest,Depth"	""
"/quests/Depth.qmm/jumps/77/description"	"Ваш батискаф продолжал оставаться неподвижным. Вместе с захваченной капсулой он напоминал большого паука, вцепившегося в свою жертву. Вокруг весело плавали рыбки и другие обитатели этого подводного мира, в большинстве своем довольно необычные. Нужно пошевеливаться!"	"Quest Depth.qmm: jumps.77.description. Preserve every <tag> exactly. English reference: You bathyscaph stayed immobile. Together with the capsule in its gripper, it reminded more of a huge spider clenching its victim. Fish were swimming around you gaily along with some other dwellers of this underwater world, the majority of them rather unusual. Time to get moving!"	"Quest,Depth"	""
"/quests/Depth.qmm/jumps/79/text"	"Включить прожекторы"	"Quest Depth.qmm: jumps.79.text. Preserve every <tag> exactly. English reference: Turn on the searchlights"	"Quest,Depth"	""
"/quests/Depth.qmm/jumps/79/description"	"В переднем иллюминаторе промелькнула зеленая чешуя. На батискаф легла громадная извивающаяся тень какого-то обитателя подводных глубин. Это создание явно было настроено недружелюбно!"	"Quest Depth.qmm: jumps.79.description. Preserve every <tag> exactly. English reference: Green scales flashed in the front illuminator. A huge wriggling shadow of some depth dweller loomed over the bathyscaph. This creature was definitely not friendly!"	"Quest,Depth"	""
"/quests/Depth.qmm/jumps/81/description"	"На индикаторе глубины погружения горела красным цветом цифра [p12]. Немного ниже светилось: ""<clr>Максимум<clrEnd> [p13]"". Глубина погружения приблизилась к критической отметке! Возможно, стоит сбросить лишний балласт и побыстрее смотаться отсюда?"	"Quest Depth.qmm: jumps.81.description. Preserve every <tag> exactly. English reference: A red number lit on the indicator: [p12]. A bit under it you saw another number: ""<clr>Max depth:<clrEnd> [p13]"". You went to a critical depth! Maybe it's time to drop off the excess ballast and get out of here?"	"Quest,Depth"	""
"/quests/Depth.qmm/jumps/82/description"	"Вдруг замигала какая-то лампочка под прибором, контролирующим запас воздуха. После взгляда на показания индикатора вам сразу стало не по себе. Воздуха осталось на [p15] минут! ""Что-то душновато становится..."" - промелькнула мысль."	"Quest Depth.qmm: jumps.82.description. Preserve every <tag> exactly. English reference: Suddenly you saw a light flashing under the air reserve controller. After glancing briefly at the indicator you felt creepy. You had only enough air for another [p15] minutes! ""It's getting stuffy..."" - you thought."	"Quest,Depth"	""
"/quests/Depth.qmm/jumps/83/description"	"В лучах прожектора вы увидели океанское дно! Это событие вызвало у вас радость, несмотря на то, что над головой было [p12] метров воды.
Дно представляло собой склон подводной скалы, покрытый небольшим слоем ила. Какие-то небольшие моллюски резвились в лучах вашего прожектора. Где-то недалеко в этой океанской глубине лежит космический пришелец. Нужно поскорее найти его!"	"Quest Depth.qmm: jumps.83.description. Preserve every <tag> exactly. English reference: In the light of the searchlights you saw the bottom of the ocean! You met the sight with much enthusiasm despite the [p12] meters of water over your head.
The bottom was a slope of a rock covered with a thin layer of silt. Some small molluscs danced in the rays of your searchlights. Somewhere not far in this ocean deep lay the space alien. You had to find it as soon as possible!"	"Quest,Depth"	""
"/quests/Depth.qmm/jumps/84/text"	"Что это за аппарат такой, P I-00-M? Что-то я о нем ничего не слышал"	"Quest Depth.qmm: jumps.84.text. Preserve every <tag> exactly. English reference: What is this R I-00-M thing? Never heard of it"	"Quest,Depth"	""
"/quests/Depth.qmm/jumps/86/text"	"Хорошо. Я помогу вам. Где ваш батискаф?"	"Quest Depth.qmm: jumps.86.text. Preserve every <tag> exactly. English reference: Alright. I can help you. Where is your bathyscaph?"	"Quest,Depth"	""
"/quests/Depth.qmm/jumps/87/text"	"Повернуть батискаф"	"Quest Depth.qmm: jumps.87.text. Preserve every <tag> exactly. English reference: Turn the bathyscaph"	"Quest,Depth"	""
"/quests/Depth.qmm/jumps/88/text"	"На северо-запад"	"Quest Depth.qmm: jumps.88.text. Preserve every <tag> exactly. English reference: Northwestwards"	"Quest,Depth"	""
"/quests/Depth.qmm/jumps/88/description"	"Вы еще не успели поднести палец к кнопке, как включились двигатели поворота. Какое удивительное качество сборки - хоть бы не сглазить!"	"Quest Depth.qmm: jumps.88.description. Preserve every <tag> exactly. English reference: You hardly put your finger near the button, and the turn engines already started working. Excellent assembly quality - hopefully it stays that way!"	"Quest,Depth"	""
"/quests/Depth.qmm/jumps/89/text"	"На юго-восток"	"Quest Depth.qmm: jumps.89.text. Preserve every <tag> exactly. English reference: South-eastwards"	"Quest,Depth"	""
"/quests/Depth.qmm/jumps/89/description"	"Вы твердо решили выбрать направление на юго-восток и настолько решительно надавили на кнопку, что послышался треск. Вы испугались - а не сломалась ли чувствительная клавиатура от фирмы ""Блинтел""? Но, кажется, нет - все было в порядке."	"Quest Depth.qmm: jumps.89.description. Preserve every <tag> exactly. English reference: You were so firm in your decision to go south-eastwards that you pushed the button down until it cracked. You got scared - you could break the sensitive Pantel keyboard that way? But no - everything looked fine."	"Quest,Depth"	""
"/quests/Depth.qmm/jumps/90/text"	"На восток"	"Quest Depth.qmm: jumps.90.text. Preserve every <tag> exactly. English reference: Eastwards"	"Quest,Depth"	""
"/quests/Depth.qmm/jumps/90/description"	"Это было вашим любимым направлением. Еще в детстве вы любили смотреть на восходящее светило своей родной планеты."	"Quest Depth.qmm: jumps.90.description. Preserve every <tag> exactly. English reference: This was your favorite direction. Back when you were a kid you enjoyed watching the rising star of your home planet."	"Quest,Depth"	""
"/quests/Depth.qmm/jumps/91/text"	"На северо-восток"	"Quest Depth.qmm: jumps.91.text. Preserve every <tag> exactly. English reference: North-eastwards"	"Quest,Depth"	""
"/quests/Depth.qmm/jumps/91/description"	"Вы нажали на кнопку с нужным направлением, и батискаф послушно выполнил маневр. Вам нравилось управлять этим судном, несмотря на то, что оно было гораздо меньше звездолета."	"Quest Depth.qmm: jumps.91.description. Preserve every <tag> exactly. English reference: You pressed the button and the bathyscaph obediently turned in the right direction. You enjoyed navigating this ship, despite the fact that it was much smaller than your spaceship."	"Quest,Depth"	""
"/quests/Depth.qmm/jumps/92/description"	"Благодаря сброшенному балласту вам удалось оторваться от дна, и батискаф приобрел некоторую плавучесть. Теперь вы двигались, постоянно цепляясь брюхом о подводную скалу. Периодически слышался скрежет, и батискаф вздрагивал. Это не могло не сказываться на прочности корпуса."	"Quest Depth.qmm: jumps.92.description. Preserve every <tag> exactly. English reference: Thanks to the dropped ballast the bathyscaph managed to rise from the bottom and start drifting. Now you moved constantly scrapping your ""belly"" against the riff. At times you'd hear the rattling and the bathyscaph shuddered. This could not but affect the hull of the ship."	"Quest,Depth"	""
"/quests/Depth.qmm/jumps/94/description"	"Вы избавились от очередной порции балласта. Теперь вес батискафа будет меньше."	"Quest Depth.qmm: jumps.94.description. Preserve every <tag> exactly. English reference: You got rid of yet another portion of the ballast. Now the bathyscaph's will be less."	"Quest,Depth"	""
"/quests/Depth.qmm/jumps/95/text"	"Пожалуй, я передумал. Не хочу рисковать своей жизнью ради какого-то космического пришельца! Мало ли их по космосу летает?! Я возвращаюсь в космопорт"	"Quest Depth.qmm: jumps.95.text. Preserve every <tag> exactly. English reference: I think I reconsidered. I really don't feel like risking my life because of some space alien! There's enough of them up there among the stars, isn't it?! I am going back to the spaceport."	"Quest,Depth"	""
"/quests/Depth.qmm/jumps/97/text"	"Ничего не делать"	"Quest Depth.qmm: jumps.97.text. Preserve every <tag> exactly. English reference: Do nothing"	"Quest,Depth"	""
"/quests/Depth.qmm/jumps/99/description"	"Батискаф несло вверх. ""Поскорее бы отсюда смотаться!"" Вашей радости не было предела. Впереди поверхность и свежий воздух. ""Неужели все это скоро закончится?!"""	"Quest Depth.qmm: jumps.99.description. Preserve every <tag> exactly. English reference: The bathyscaph was climbing up. ""High-time to get out of here!"" You were overwhelmed with joy. Ahead of you there was the surface and a breath of fresh air. ""I can't believe it's almost over?!"""	"Quest,Depth"	""
"/quests/Depth.qmm/jumps/100/text"	"Ничего не делать"	"Quest Depth.qmm: jumps.100.text. Preserve every <tag> exactly. English reference: Do nothing"	"Quest,Depth"	""
"/quests/Depth.qmm/jumps/102/description"	"Откуда-то справа вы услышали попискивание. Красным цветом мигал индикатор прочности корпуса. Он показывал [p20]. Еще немного - и вас раздавит громадная толща воды."	"Quest Depth.qmm: jumps.102.description. Preserve every <tag> exactly. English reference: You heard some squeaking on the right. The hull strength indicator was flashing red. It showed [p20]. Another second and you will be crashed with the thick of the water."	"Quest,Depth"	""
"/quests/Depth.qmm/jumps/104/text"	"Расскажите поподробнее о системе координат"	"Quest Depth.qmm: jumps.104.text. Preserve every <tag> exactly. English reference: Tell me more about the co-ordinate system"	"Quest,Depth"	""
"/quests/Depth.qmm/jumps/106/text"	"Расскажите про рельеф дна"	"Quest Depth.qmm: jumps.106.text. Preserve every <tag> exactly. English reference: Tell me about the bottom relief"	"Quest,Depth"	""
"/quests/Depth.qmm/jumps/108/text"	"Как мне найти объект, когда я опущусь на плато?"	"Quest Depth.qmm: jumps.108.text. Preserve every <tag> exactly. English reference: How do I find the object once I'm on the plateau?"	"Quest,Depth"	""
"/quests/Depth.qmm/jumps/110/text"	"Что-то я сегодня плохо соображаю... Объясните толком: что я должен делать?!"	"Quest Depth.qmm: jumps.110.text. Preserve every <tag> exactly. English reference: I seem to be a bit on the slow side today... Can you explain to me what is it exactly that you want me to do?!"	"Quest,Depth"	""
"/quests/Depth.qmm/jumps/112/text"	"Передумать"	"Quest Depth.qmm: jumps.112.text. Preserve every <tag> exactly. English reference: Change your mind"	"Quest,Depth"	""
"/quests/Depth.qmm/jumps/113/text"	"Передумать"	"Quest Depth.qmm: jumps.113.text. Preserve every <tag> exactly. English reference: Change your mind"	"Quest,Depth"	""
