"identifier"	"source_phrase"	"context"	"labels"	"be"
"/quests/Edelweiss.qmm/parameters/0/name"	"Ваше здоровье"	"Quest Edelweiss.qmm: parameters.0.name. Preserve every <tag> exactly. English reference: Your health"	"Quest,Edelweiss"	""
"/quests/Edelweiss.qmm/parameters/0/lines/0/content"	"Ваше здоровье: <>%"	"Quest Edelweiss.qmm: parameters.0.lines.0.content. Preserve every <tag> exactly. English reference: Your health: <>%"	"Quest,Edelweiss"	""
"/quests/Edelweiss.qmm/parameters/0/crit_text"	"Вы упали замертво, так и не дожив до светлого дня выплаты вам <Money> cr за установку радиокомплекса."	"Quest Edelweiss.qmm: parameters.0.crit_text. Preserve every <tag> exactly. English reference: You dropped down dead and didn't live to see the bright day of payment of <Money> cr. for the installation of the radio device."	"Quest,Edelweiss"	""
"/quests/Edelweiss.qmm/parameters/1/name"	"=на вас скафандр="	"Quest Edelweiss.qmm: parameters.1.name. Preserve every <tag> exactly. English reference: =You are wearing a spacesuit.="	"Quest,Edelweiss"	""
"/quests/Edelweiss.qmm/parameters/1/lines/0/content"	"На вас скафандр"	"Quest Edelweiss.qmm: parameters.1.lines.0.content. Preserve every <tag> exactly. English reference: You are wearing a spacesuit."	"Quest,Edelweiss"	""
"/quests/Edelweiss.qmm/parameters/1/crit_text"	"Сообщение достижения критического значения параметром 9"	"Quest Edelweiss.qmm: parameters.1.crit_text. Preserve every <tag> exactly."	"Quest,Edelweiss"	""
"/quests/Edelweiss.qmm/parameters/2/name"	"Скафандр"	"Quest Edelweiss.qmm: parameters.2.name. Preserve every <tag> exactly. English reference: Spacesuit."	"Quest,Edelweiss"	""
"/quests/Edelweiss.qmm/parameters/2/lines/0/content"	"Кислород в скафандре иссяк!"	"Quest Edelweiss.qmm: parameters.2.lines.0.content. Preserve every <tag> exactly. English reference: No oxygen in the spacesuit!"	"Quest,Edelweiss"	""
"/quests/Edelweiss.qmm/parameters/2/lines/1/content"	"Запас кислорода: {<>}% <clr>Рекомендуется заправка!<clrEnd>"	"Quest Edelweiss.qmm: parameters.2.lines.1.content. Preserve every <tag> exactly. English reference: Oxygen supply: {<>}% <clr>A refill is recommended!<clrEnd>"	"Quest,Edelweiss"	""
"/quests/Edelweiss.qmm/parameters/2/lines/2/content"	"Запас кислорода в скафандре: {<>}%"	"Quest Edelweiss.qmm: parameters.2.lines.2.content. Preserve every <tag> exactly. English reference: Oxygen supply in the spacesuit's : {<>}%"	"Quest,Edelweiss"	""
"/quests/Edelweiss.qmm/parameters/2/crit_text"	"Сообщение достижения критического значения параметром 1"	"Quest Edelweiss.qmm: parameters.2.crit_text. Preserve every <tag> exactly."	"Quest,Edelweiss"	""
"/quests/Edelweiss.qmm/parameters/3/name"	"----- У вас есть: -----"	"Quest Edelweiss.qmm: parameters.3.name. Preserve every <tag> exactly. English reference: ----- You've got: -----"	"Quest,Edelweiss"	""
"/quests/Edelweiss.qmm/parameters/3/lines/0/content"	"У ВАС ЕСТЬ:"	"Quest Edelweiss.qmm: parameters.3.lines.0.content. Preserve every <tag> exactly. English reference: YOU'VE GOT:"	"Quest,Edelweiss"	""
"/quests/Edelweiss.qmm/parameters/3/crit_text"	"Сообщение достижения критического значения параметром 3"	"Quest Edelweiss.qmm: parameters.3.crit_text. Preserve every <tag> exactly."	"Quest,Edelweiss"	""
"/quests/Edelweiss.qmm/parameters/4/name"	"=Эдельвейс у вас="	"Quest Edelweiss.qmm: parameters.4.name. Preserve every <tag> exactly. English reference: =You've got the Edelweiss="	"Quest,Edelweiss"	""
"/quests/Edelweiss.qmm/parameters/4/lines/0/content"	"""Эдельвейс"""	"Quest Edelweiss.qmm: parameters.4.lines.0.content. Preserve every <tag> exactly. English reference: Edelweiss"	"Quest,Edelweiss"	""
"/quests/Edelweiss.qmm/parameters/4/crit_text"	"Сообщение достижения критического значения параметром 6"	"Quest Edelweiss.qmm: parameters.4.crit_text. Preserve every <tag> exactly."	"Quest,Edelweiss"	""
"/quests/Edelweiss.qmm/parameters/5/name"	"=радар у вас="	"Quest Edelweiss.qmm: parameters.5.name. Preserve every <tag> exactly. English reference: =You've got the device="	"Quest,Edelweiss"	""
"/quests/Edelweiss.qmm/parameters/5/lines/0/content"	"Радар на запястье"	"Quest Edelweiss.qmm: parameters.5.lines.0.content. Preserve every <tag> exactly. English reference: The device is on your wrist."	"Quest,Edelweiss"	""
"/quests/Edelweiss.qmm/parameters/5/crit_text"	"Сообщение достижения критического значения параметром 2"	"Quest Edelweiss.qmm: parameters.5.crit_text. Preserve every <tag> exactly."	"Quest,Edelweiss"	""
"/quests/Edelweiss.qmm/parameters/6/name"	"=анализатор у вас="	"Quest Edelweiss.qmm: parameters.6.name. Preserve every <tag> exactly. English reference: =You've got the analyzer="	"Quest,Edelweiss"	""
"/quests/Edelweiss.qmm/parameters/6/lines/0/content"	"Анализатор местности"	"Quest Edelweiss.qmm: parameters.6.lines.0.content. Preserve every <tag> exactly. English reference: Terrain analyzer"	"Quest,Edelweiss"	""
"/quests/Edelweiss.qmm/parameters/6/crit_text"	"Сообщение достижения критического значения параметром 7"	"Quest Edelweiss.qmm: parameters.6.crit_text. Preserve every <tag> exactly."	"Quest,Edelweiss"	""
"/quests/Edelweiss.qmm/parameters/7/name"	"=у вас отвертка-трансформер="	"Quest Edelweiss.qmm: parameters.7.name. Preserve every <tag> exactly. English reference: =you have a multi-tool screwdriver="	"Quest,Edelweiss"	""
"/quests/Edelweiss.qmm/parameters/7/lines/1/content"	"Отвертка-трансформер"	"Quest Edelweiss.qmm: parameters.7.lines.1.content. Preserve every <tag> exactly. English reference: multi-tool screwdriver"	"Quest,Edelweiss"	""
"/quests/Edelweiss.qmm/parameters/7/lines/2/content"	"=дверь в каюту геолога открыта="	"Quest Edelweiss.qmm: parameters.7.lines.2.content. Preserve every <tag> exactly. English reference: =The door to the geologist’s bunkroom is open="	"Quest,Edelweiss"	""
"/quests/Edelweiss.qmm/parameters/7/crit_text"	"Сообщение достижения критического значения параметром 4"	"Quest Edelweiss.qmm: parameters.7.crit_text. Preserve every <tag> exactly."	"Quest,Edelweiss"	""
"/quests/Edelweiss.qmm/parameters/8/name"	"=пила у вас="	"Quest Edelweiss.qmm: parameters.8.name. Preserve every <tag> exactly. English reference: =you've got a saw="	"Quest,Edelweiss"	""
"/quests/Edelweiss.qmm/parameters/8/lines/0/content"	"Циркулярная пила"	"Quest Edelweiss.qmm: parameters.8.lines.0.content. Preserve every <tag> exactly. English reference: Circular saw"	"Quest,Edelweiss"	""
"/quests/Edelweiss.qmm/parameters/8/crit_text"	"Сообщение достижения критического значения параметром 8"	"Quest Edelweiss.qmm: parameters.8.crit_text. Preserve every <tag> exactly."	"Quest,Edelweiss"	""
"/quests/Edelweiss.qmm/parameters/9/name"	"События"	"Quest Edelweiss.qmm: parameters.9.name. Preserve every <tag> exactly. English reference: Events"	"Quest,Edelweiss"	""
"/quests/Edelweiss.qmm/parameters/9/lines/0/content"	"Событие: <>"	"Quest Edelweiss.qmm: parameters.9.lines.0.content. Preserve every <tag> exactly. English reference: Event: <>"	"Quest,Edelweiss"	""
"/quests/Edelweiss.qmm/parameters/9/crit_text"	"Сообщение достижения критического значения параметром 10"	"Quest Edelweiss.qmm: parameters.9.crit_text. Preserve every <tag> exactly."	"Quest,Edelweiss"	""
"/quests/Edelweiss.qmm/parameters/10/name"	"Шагомер"	"Quest Edelweiss.qmm: parameters.10.name. Preserve every <tag> exactly. English reference: Pedometer"	"Quest,Edelweiss"	""
"/quests/Edelweiss.qmm/parameters/10/lines/0/content"	"Шагомер: <>"	"Quest Edelweiss.qmm: parameters.10.lines.0.content. Preserve every <tag> exactly. English reference: Pedometer: <>"	"Quest,Edelweiss"	""
"/quests/Edelweiss.qmm/parameters/10/crit_text"	"Сообщение достижения критического значения параметром 11"	"Quest Edelweiss.qmm: parameters.10.crit_text. Preserve every <tag> exactly."	"Quest,Edelweiss"	""
"/quests/Edelweiss.qmm/parameters/11/name"	"Поиск"	"Quest Edelweiss.qmm: parameters.11.name. Preserve every <tag> exactly. English reference: Search"	"Quest,Edelweiss"	""
"/quests/Edelweiss.qmm/parameters/11/lines/0/content"	"Поиск: <>"	"Quest Edelweiss.qmm: parameters.11.lines.0.content. Preserve every <tag> exactly. English reference: Search: <>"	"Quest,Edelweiss"	""
"/quests/Edelweiss.qmm/parameters/11/crit_text"	"Сообщение достижения критического значения параметром 12"	"Quest Edelweiss.qmm: parameters.11.crit_text. Preserve every <tag> exactly."	"Quest,Edelweiss"	""
"/quests/Edelweiss.qmm/parameters/12/name"	"Параметр номер 13"	"Quest Edelweiss.qmm: parameters.12.name. Preserve every <tag> exactly."	"Quest,Edelweiss"	""
"/quests/Edelweiss.qmm/parameters/12/lines/0/content"	"Параметр номер 13: <>"	"Quest Edelweiss.qmm: parameters.12.lines.0.content. Preserve every <tag> exactly."	"Quest,Edelweiss"	""
"/quests/Edelweiss.qmm/parameters/12/crit_text"	"Сообщение достижения критического значения параметром 13"	"Quest Edelweiss.qmm: parameters.12.crit_text. Preserve every <tag> exactly."	"Quest,Edelweiss"	""
"/quests/Edelweiss.qmm/parameters/13/name"	"Параметр номер 14"	"Quest Edelweiss.qmm: parameters.13.name. Preserve every <tag> exactly."	"Quest,Edelweiss"	""
"/quests/Edelweiss.qmm/parameters/13/lines/0/content"	"Параметр номер 14: <>"	"Quest Edelweiss.qmm: parameters.13.lines.0.content. Preserve every <tag> exactly."	"Quest,Edelweiss"	""
"/quests/Edelweiss.qmm/parameters/13/crit_text"	"Сообщение достижения критического значения параметром 14"	"Quest Edelweiss.qmm: parameters.13.crit_text. Preserve every <tag> exactly."	"Quest,Edelweiss"	""
"/quests/Edelweiss.qmm/parameters/14/name"	"Параметр номер 15"	"Quest Edelweiss.qmm: parameters.14.name. Preserve every <tag> exactly."	"Quest,Edelweiss"	""
"/quests/Edelweiss.qmm/parameters/14/lines/0/content"	"Параметр номер 15: <>"	"Quest Edelweiss.qmm: parameters.14.lines.0.content. Preserve every <tag> exactly."	"Quest,Edelweiss"	""
"/quests/Edelweiss.qmm/parameters/14/crit_text"	"Сообщение достижения критического значения параметром 15"	"Quest Edelweiss.qmm: parameters.14.crit_text. Preserve every <tag> exactly."	"Quest,Edelweiss"	""
"/quests/Edelweiss.qmm/parameters/15/name"	"Параметр номер 16"	"Quest Edelweiss.qmm: parameters.15.name. Preserve every <tag> exactly."	"Quest,Edelweiss"	""
"/quests/Edelweiss.qmm/parameters/15/lines/0/content"	"Параметр номер 16: <>"	"Quest Edelweiss.qmm: parameters.15.lines.0.content. Preserve every <tag> exactly."	"Quest,Edelweiss"	""
"/quests/Edelweiss.qmm/parameters/15/crit_text"	"Сообщение достижения критического значения параметром 16"	"Quest Edelweiss.qmm: parameters.15.crit_text. Preserve every <tag> exactly."	"Quest,Edelweiss"	""
"/quests/Edelweiss.qmm/parameters/16/name"	"Параметр номер 17"	"Quest Edelweiss.qmm: parameters.16.name. Preserve every <tag> exactly."	"Quest,Edelweiss"	""
"/quests/Edelweiss.qmm/parameters/16/lines/0/content"	"Параметр номер 17: <>"	"Quest Edelweiss.qmm: parameters.16.lines.0.content. Preserve every <tag> exactly."	"Quest,Edelweiss"	""
"/quests/Edelweiss.qmm/parameters/16/crit_text"	"Сообщение достижения критического значения параметром 17"	"Quest Edelweiss.qmm: parameters.16.crit_text. Preserve every <tag> exactly."	"Quest,Edelweiss"	""
"/quests/Edelweiss.qmm/parameters/17/name"	"Параметр номер 18"	"Quest Edelweiss.qmm: parameters.17.name. Preserve every <tag> exactly."	"Quest,Edelweiss"	""
"/quests/Edelweiss.qmm/parameters/17/lines/0/content"	"Параметр номер 18: <>"	"Quest Edelweiss.qmm: parameters.17.lines.0.content. Preserve every <tag> exactly."	"Quest,Edelweiss"	""
"/quests/Edelweiss.qmm/parameters/17/crit_text"	"Сообщение достижения критического значения параметром 18"	"Quest Edelweiss.qmm: parameters.17.crit_text. Preserve every <tag> exactly."	"Quest,Edelweiss"	""
"/quests/Edelweiss.qmm/parameters/18/name"	"Параметр номер 19"	"Quest Edelweiss.qmm: parameters.18.name. Preserve every <tag> exactly."	"Quest,Edelweiss"	""
"/quests/Edelweiss.qmm/parameters/18/lines/0/content"	"Параметр номер 19: <>"	"Quest Edelweiss.qmm: parameters.18.lines.0.content. Preserve every <tag> exactly."	"Quest,Edelweiss"	""
"/quests/Edelweiss.qmm/parameters/18/crit_text"	"Сообщение достижения критического значения параметром 19"	"Quest Edelweiss.qmm: parameters.18.crit_text. Preserve every <tag> exactly."	"Quest,Edelweiss"	""
"/quests/Edelweiss.qmm/parameters/19/name"	"Параметр номер 20"	"Quest Edelweiss.qmm: parameters.19.name. Preserve every <tag> exactly. English reference: Parameter 20"	"Quest,Edelweiss"	""
"/quests/Edelweiss.qmm/parameters/19/lines/0/content"	"Параметр номер 20: <>"	"Quest Edelweiss.qmm: parameters.19.lines.0.content. Preserve every <tag> exactly. English reference: Parameter 20: <>"	"Quest,Edelweiss"	""
"/quests/Edelweiss.qmm/parameters/19/crit_text"	"Сообщение достижения критического значения параметром 20"	"Quest Edelweiss.qmm: parameters.19.crit_text. Preserve every <tag> exactly."	"Quest,Edelweiss"	""
"/quests/Edelweiss.qmm/parameters/20/name"	"Параметр номер 21"	"Quest Edelweiss.qmm: parameters.20.name. Preserve every <tag> exactly. English reference: Parameter 21"	"Quest,Edelweiss"	""
"/quests/Edelweiss.qmm/parameters/20/lines/0/content"	"Параметр номер 21: <>"	"Quest Edelweiss.qmm: parameters.20.lines.0.content. Preserve every <tag> exactly. English reference: Parameter 21: <>"	"Quest,Edelweiss"	""
"/quests/Edelweiss.qmm/parameters/20/crit_text"	"Сообщение достижения критического значения параметром 21"	"Quest Edelweiss.qmm: parameters.20.crit_text. Preserve every <tag> exactly."	"Quest,Edelweiss"	""
"/quests/Edelweiss.qmm/parameters/21/name"	"Параметр номер 22"	"Quest Edelweiss.qmm: parameters.21.name. Preserve every <tag> exactly. English reference: Parameter 22"	"Quest,Edelweiss"	""
"/quests/Edelweiss.qmm/parameters/21/lines/0/content"	"Параметр номер 22: <>"	"Quest Edelweiss.qmm: parameters.21.lines.0.content. Preserve every <tag> exactly. English reference: Parameter 22: <>"	"Quest,Edelweiss"	""
"/quests/Edelweiss.qmm/parameters/21/crit_text"	"Сообщение достижения критического значения параметром 22"	"Quest Edelweiss.qmm: parameters.21.crit_text. Preserve every <tag> exactly."	"Quest,Edelweiss"	""
"/quests/Edelweiss.qmm/parameters/22/name"	"Параметр номер 23"	"Quest Edelweiss.qmm: parameters.22.name. Preserve every <tag> exactly. English reference: Parameter 23"	"Quest,Edelweiss"	""
"/quests/Edelweiss.qmm/parameters/22/lines/0/content"	"Параметр номер 23: <>"	"Quest Edelweiss.qmm: parameters.22.lines.0.content. Preserve every <tag> exactly. English reference: Parameter 23: <>"	"Quest,Edelweiss"	""
"/quests/Edelweiss.qmm/parameters/22/crit_text"	"Сообщение достижения критического значения параметром 23"	"Quest Edelweiss.qmm: parameters.22.crit_text. Preserve every <tag> exactly."	"Quest,Edelweiss"	""
"/quests/Edelweiss.qmm/parameters/23/name"	"Параметр номер 24"	"Quest Edelweiss.qmm: parameters.23.name. Preserve every <tag> exactly. English reference: Parameter 24"	"Quest,Edelweiss"	""
"/quests/Edelweiss.qmm/parameters/23/lines/0/content"	"Параметр номер 24: <>"	"Quest Edelweiss.qmm: parameters.23.lines.0.content. Preserve every <tag> exactly. English reference: Parameter 24: <>"	"Quest,Edelweiss"	""
"/quests/Edelweiss.qmm/parameters/23/crit_text"	"Сообщение достижения критического значения параметром 24"	"Quest Edelweiss.qmm: parameters.23.crit_text. Preserve every <tag> exactly."	"Quest,Edelweiss"	""
"/quests/Edelweiss.qmm/parameters/24/name"	"Параметр номер 25"	"Quest Edelweiss.qmm: parameters.24.name. Preserve every <tag> exactly. English reference: Parameter 25"	"Quest,Edelweiss"	""
"/quests/Edelweiss.qmm/parameters/24/lines/0/content"	"Параметр номер 25: <>"	"Quest Edelweiss.qmm: parameters.24.lines.0.content. Preserve every <tag> exactly. English reference: Parameter 25: <>"	"Quest,Edelweiss"	""
"/quests/Edelweiss.qmm/parameters/24/crit_text"	"Сообщение достижения критического значения параметром 25"	"Quest Edelweiss.qmm: parameters.24.crit_text. Preserve every <tag> exactly."	"Quest,Edelweiss"	""
"/quests/Edelweiss.qmm/parameters/25/name"	"Параметр номер 26"	"Quest Edelweiss.qmm: parameters.25.name. Preserve every <tag> exactly. English reference: Parameter 26"	"Quest,Edelweiss"	""
"/quests/Edelweiss.qmm/parameters/25/lines/0/content"	"Параметр номер 26: <>"	"Quest Edelweiss.qmm: parameters.25.lines.0.content. Preserve every <tag> exactly. English reference: Parameter 26: <>"	"Quest,Edelweiss"	""
"/quests/Edelweiss.qmm/parameters/25/crit_text"	"Сообщение достижения критического значения параметром 26"	"Quest Edelweiss.qmm: parameters.25.crit_text. Preserve every <tag> exactly."	"Quest,Edelweiss"	""
"/quests/Edelweiss.qmm/parameters/26/name"	"Параметр номер 27"	"Quest Edelweiss.qmm: parameters.26.name. Preserve every <tag> exactly. English reference: Parameter 27"	"Quest,Edelweiss"	""
"/quests/Edelweiss.qmm/parameters/26/lines/0/content"	"Параметр номер 27: <>"	"Quest Edelweiss.qmm: parameters.26.lines.0.content. Preserve every <tag> exactly. English reference: Parameter 27: <>"	"Quest,Edelweiss"	""
"/quests/Edelweiss.qmm/parameters/26/crit_text"	"Сообщение достижения критического значения параметром 27"	"Quest Edelweiss.qmm: parameters.26.crit_text. Preserve every <tag> exactly."	"Quest,Edelweiss"	""
"/quests/Edelweiss.qmm/parameters/27/name"	"X"	"Quest Edelweiss.qmm: parameters.27.name. Preserve every <tag> exactly."	"Quest,Edelweiss"	""
"/quests/Edelweiss.qmm/parameters/27/lines/0/content"	"X: <>"	"Quest Edelweiss.qmm: parameters.27.lines.0.content. Preserve every <tag> exactly."	"Quest,Edelweiss"	""
"/quests/Edelweiss.qmm/parameters/27/crit_text"	"Сообщение достижения критического значения параметром 28"	"Quest Edelweiss.qmm: parameters.27.crit_text. Preserve every <tag> exactly."	"Quest,Edelweiss"	""
"/quests/Edelweiss.qmm/parameters/28/name"	"горизонтальная маска"	"Quest Edelweiss.qmm: parameters.28.name. Preserve every <tag> exactly. English reference: Horizontal mask"	"Quest,Edelweiss"	""
"/quests/Edelweiss.qmm/parameters/28/lines/0/content"	"горизонтальная маска: <>"	"Quest Edelweiss.qmm: parameters.28.lines.0.content. Preserve every <tag> exactly. English reference: Horizontal mask: <>"	"Quest,Edelweiss"	""
"/quests/Edelweiss.qmm/parameters/28/crit_text"	"Сообщение достижения критического значения параметром 29"	"Quest Edelweiss.qmm: parameters.28.crit_text. Preserve every <tag> exactly."	"Quest,Edelweiss"	""
"/quests/Edelweiss.qmm/parameters/29/name"	"Позиция игрока"	"Quest Edelweiss.qmm: parameters.29.name. Preserve every <tag> exactly. English reference: Player's position"	"Quest,Edelweiss"	""
"/quests/Edelweiss.qmm/parameters/29/lines/0/content"	"Позиция игрока: <>"	"Quest Edelweiss.qmm: parameters.29.lines.0.content. Preserve every <tag> exactly. English reference: Player's position: <>"	"Quest,Edelweiss"	""
"/quests/Edelweiss.qmm/parameters/29/crit_text"	"Сообщение достижения критического значения параметром 30"	"Quest Edelweiss.qmm: parameters.29.crit_text. Preserve every <tag> exactly."	"Quest,Edelweiss"	""
"/quests/Edelweiss.qmm/parameters/30/name"	"Будущая позиция"	"Quest Edelweiss.qmm: parameters.30.name. Preserve every <tag> exactly. English reference: Next position"	"Quest,Edelweiss"	""
"/quests/Edelweiss.qmm/parameters/30/lines/0/content"	"Будущая позиция: <>"	"Quest Edelweiss.qmm: parameters.30.lines.0.content. Preserve every <tag> exactly. English reference: Next position: <>"	"Quest,Edelweiss"	""
"/quests/Edelweiss.qmm/parameters/30/crit_text"	"Сообщение достижения критического значения параметром 31"	"Quest Edelweiss.qmm: parameters.30.crit_text. Preserve every <tag> exactly."	"Quest,Edelweiss"	""
"/quests/Edelweiss.qmm/parameters/31/name"	"обратная маска"	"Quest Edelweiss.qmm: parameters.31.name. Preserve every <tag> exactly. English reference: Inverse mask"	"Quest,Edelweiss"	""
"/quests/Edelweiss.qmm/parameters/31/lines/0/content"	"обратная маска: <>"	"Quest Edelweiss.qmm: parameters.31.lines.0.content. Preserve every <tag> exactly. English reference: Inverse mask: <>"	"Quest,Edelweiss"	""
"/quests/Edelweiss.qmm/parameters/31/crit_text"	"Сообщение достижения критического значения параметром 32"	"Quest Edelweiss.qmm: parameters.31.crit_text. Preserve every <tag> exactly."	"Quest,Edelweiss"	""
"/quests/Edelweiss.qmm/parameters/32/name"	"Место установки"	"Quest Edelweiss.qmm: parameters.32.name. Preserve every <tag> exactly. English reference: Installation site"	"Quest,Edelweiss"	""
"/quests/Edelweiss.qmm/parameters/32/lines/0/content"	"Место установки: <>"	"Quest Edelweiss.qmm: parameters.32.lines.0.content. Preserve every <tag> exactly. English reference: Installation site: <>"	"Quest,Edelweiss"	""
"/quests/Edelweiss.qmm/parameters/32/crit_text"	"Сообщение достижения критического значения параметром 33"	"Quest Edelweiss.qmm: parameters.32.crit_text. Preserve every <tag> exactly."	"Quest,Edelweiss"	""
"/quests/Edelweiss.qmm/parameters/33/name"	"тип текущей клетки"	"Quest Edelweiss.qmm: parameters.33.name. Preserve every <tag> exactly. English reference: Current cell type"	"Quest,Edelweiss"	""
"/quests/Edelweiss.qmm/parameters/33/lines/0/content"	"тип текущей клетки: <>"	"Quest Edelweiss.qmm: parameters.33.lines.0.content. Preserve every <tag> exactly. English reference: Current cell type: <>"	"Quest,Edelweiss"	""
"/quests/Edelweiss.qmm/parameters/33/crit_text"	"Сообщение достижения критического значения параметром 34"	"Quest Edelweiss.qmm: parameters.33.crit_text. Preserve every <tag> exactly."	"Quest,Edelweiss"	""
"/quests/Edelweiss.qmm/parameters/34/name"	"Параметр номер 35"	"Quest Edelweiss.qmm: parameters.34.name. Preserve every <tag> exactly."	"Quest,Edelweiss"	""
"/quests/Edelweiss.qmm/parameters/34/lines/0/content"	"Параметр номер 35: <>"	"Quest Edelweiss.qmm: parameters.34.lines.0.content. Preserve every <tag> exactly."	"Quest,Edelweiss"	""
"/quests/Edelweiss.qmm/parameters/34/crit_text"	"Сообщение достижения критического значения параметром 35"	"Quest Edelweiss.qmm: parameters.34.crit_text. Preserve every <tag> exactly."	"Quest,Edelweiss"	""
"/quests/Edelweiss.qmm/parameters/35/name"	"Параметр номер 36"	"Quest Edelweiss.qmm: parameters.35.name. Preserve every <tag> exactly."	"Quest,Edelweiss"	""
"/quests/Edelweiss.qmm/parameters/35/lines/0/content"	"Параметр номер 36: <>"	"Quest Edelweiss.qmm: parameters.35.lines.0.content. Preserve every <tag> exactly."	"Quest,Edelweiss"	""
"/quests/Edelweiss.qmm/parameters/35/crit_text"	"Сообщение достижения критического значения параметром 36"	"Quest Edelweiss.qmm: parameters.35.crit_text. Preserve every <tag> exactly."	"Quest,Edelweiss"	""
"/quests/Edelweiss.qmm/parameters/36/name"	"Параметр номер 37"	"Quest Edelweiss.qmm: parameters.36.name. Preserve every <tag> exactly."	"Quest,Edelweiss"	""
"/quests/Edelweiss.qmm/parameters/36/lines/0/content"	"Параметр номер 37: <>"	"Quest Edelweiss.qmm: parameters.36.lines.0.content. Preserve every <tag> exactly."	"Quest,Edelweiss"	""
"/quests/Edelweiss.qmm/parameters/36/crit_text"	"Сообщение достижения критического значения параметром 37"	"Quest Edelweiss.qmm: parameters.36.crit_text. Preserve every <tag> exactly."	"Quest,Edelweiss"	""
"/quests/Edelweiss.qmm/parameters/37/name"	"Параметр номер 38"	"Quest Edelweiss.qmm: parameters.37.name. Preserve every <tag> exactly."	"Quest,Edelweiss"	""
"/quests/Edelweiss.qmm/parameters/37/lines/0/content"	"Параметр номер 38: <>"	"Quest Edelweiss.qmm: parameters.37.lines.0.content. Preserve every <tag> exactly."	"Quest,Edelweiss"	""
"/quests/Edelweiss.qmm/parameters/37/crit_text"	"Сообщение достижения критического значения параметром 38"	"Quest Edelweiss.qmm: parameters.37.crit_text. Preserve every <tag> exactly."	"Quest,Edelweiss"	""
"/quests/Edelweiss.qmm/parameters/38/name"	"Параметр номер 39"	"Quest Edelweiss.qmm: parameters.38.name. Preserve every <tag> exactly."	"Quest,Edelweiss"	""
"/quests/Edelweiss.qmm/parameters/38/lines/0/content"	"Параметр номер 39: <>"	"Quest Edelweiss.qmm: parameters.38.lines.0.content. Preserve every <tag> exactly."	"Quest,Edelweiss"	""
"/quests/Edelweiss.qmm/parameters/38/crit_text"	"Сообщение достижения критического значения параметром 39"	"Quest Edelweiss.qmm: parameters.38.crit_text. Preserve every <tag> exactly."	"Quest,Edelweiss"	""
"/quests/Edelweiss.qmm/parameters/39/name"	"Параметр номер 40"	"Quest Edelweiss.qmm: parameters.39.name. Preserve every <tag> exactly."	"Quest,Edelweiss"	""
"/quests/Edelweiss.qmm/parameters/39/lines/0/content"	"Параметр номер 40: <>"	"Quest Edelweiss.qmm: parameters.39.lines.0.content. Preserve every <tag> exactly."	"Quest,Edelweiss"	""
"/quests/Edelweiss.qmm/parameters/39/crit_text"	"Сообщение достижения критического значения параметром 40"	"Quest Edelweiss.qmm: parameters.39.crit_text. Preserve every <tag> exactly."	"Quest,Edelweiss"	""
"/quests/Edelweiss.qmm/parameters/40/name"	"Параметр номер 41"	"Quest Edelweiss.qmm: parameters.40.name. Preserve every <tag> exactly."	"Quest,Edelweiss"	""
"/quests/Edelweiss.qmm/parameters/40/lines/0/content"	"Параметр номер 41: <>"	"Quest Edelweiss.qmm: parameters.40.lines.0.content. Preserve every <tag> exactly."	"Quest,Edelweiss"	""
"/quests/Edelweiss.qmm/parameters/40/crit_text"	"Сообщение достижения критического значения параметром 41"	"Quest Edelweiss.qmm: parameters.40.crit_text. Preserve every <tag> exactly."	"Quest,Edelweiss"	""
"/quests/Edelweiss.qmm/parameters/41/name"	"Параметр номер 42"	"Quest Edelweiss.qmm: parameters.41.name. Preserve every <tag> exactly."	"Quest,Edelweiss"	""
"/quests/Edelweiss.qmm/parameters/41/lines/0/content"	"Параметр номер 42: <>"	"Quest Edelweiss.qmm: parameters.41.lines.0.content. Preserve every <tag> exactly."	"Quest,Edelweiss"	""
"/quests/Edelweiss.qmm/parameters/41/crit_text"	"Сообщение достижения критического значения параметром 42"	"Quest Edelweiss.qmm: parameters.41.crit_text. Preserve every <tag> exactly."	"Quest,Edelweiss"	""
"/quests/Edelweiss.qmm/parameters/42/name"	"Параметр номер 43"	"Quest Edelweiss.qmm: parameters.42.name. Preserve every <tag> exactly."	"Quest,Edelweiss"	""
"/quests/Edelweiss.qmm/parameters/42/lines/0/content"	"Параметр номер 43: <>"	"Quest Edelweiss.qmm: parameters.42.lines.0.content. Preserve every <tag> exactly."	"Quest,Edelweiss"	""
"/quests/Edelweiss.qmm/parameters/42/crit_text"	"Сообщение достижения критического значения параметром 43"	"Quest Edelweiss.qmm: parameters.42.crit_text. Preserve every <tag> exactly."	"Quest,Edelweiss"	""
"/quests/Edelweiss.qmm/parameters/43/name"	"Параметр номер 44"	"Quest Edelweiss.qmm: parameters.43.name. Preserve every <tag> exactly."	"Quest,Edelweiss"	""
"/quests/Edelweiss.qmm/parameters/43/lines/0/content"	"Параметр номер 44: <>"	"Quest Edelweiss.qmm: parameters.43.lines.0.content. Preserve every <tag> exactly."	"Quest,Edelweiss"	""
"/quests/Edelweiss.qmm/parameters/43/crit_text"	"Сообщение достижения критического значения параметром 44"	"Quest Edelweiss.qmm: parameters.43.crit_text. Preserve every <tag> exactly."	"Quest,Edelweiss"	""
"/quests/Edelweiss.qmm/parameters/44/name"	"Параметр номер 45"	"Quest Edelweiss.qmm: parameters.44.name. Preserve every <tag> exactly."	"Quest,Edelweiss"	""
"/quests/Edelweiss.qmm/parameters/44/lines/0/content"	"Параметр номер 45: <>"	"Quest Edelweiss.qmm: parameters.44.lines.0.content. Preserve every <tag> exactly."	"Quest,Edelweiss"	""
"/quests/Edelweiss.qmm/parameters/44/crit_text"	"Сообщение достижения критического значения параметром 45"	"Quest Edelweiss.qmm: parameters.44.crit_text. Preserve every <tag> exactly."	"Quest,Edelweiss"	""
"/quests/Edelweiss.qmm/parameters/45/name"	"Параметр номер 46"	"Quest Edelweiss.qmm: parameters.45.name. Preserve every <tag> exactly."	"Quest,Edelweiss"	""
"/quests/Edelweiss.qmm/parameters/45/lines/0/content"	"Параметр номер 46: <>"	"Quest Edelweiss.qmm: parameters.45.lines.0.content. Preserve every <tag> exactly."	"Quest,Edelweiss"	""
"/quests/Edelweiss.qmm/parameters/45/crit_text"	"Сообщение достижения критического значения параметром 46"	"Quest Edelweiss.qmm: parameters.45.crit_text. Preserve every <tag> exactly."	"Quest,Edelweiss"	""
"/quests/Edelweiss.qmm/parameters/46/name"	"Параметр номер 47"	"Quest Edelweiss.qmm: parameters.46.name. Preserve every <tag> exactly."	"Quest,Edelweiss"	""
"/quests/Edelweiss.qmm/parameters/46/lines/0/content"	"Параметр номер 47: <>"	"Quest Edelweiss.qmm: parameters.46.lines.0.content. Preserve every <tag> exactly."	"Quest,Edelweiss"	""
"/quests/Edelweiss.qmm/parameters/46/crit_text"	"Сообщение достижения критического значения параметром 47"	"Quest Edelweiss.qmm: parameters.46.crit_text. Preserve every <tag> exactly."	"Quest,Edelweiss"	""
"/quests/Edelweiss.qmm/parameters/47/name"	"N"	"Quest Edelweiss.qmm: parameters.47.name. Preserve every <tag> exactly."	"Quest,Edelweiss"	""
"/quests/Edelweiss.qmm/parameters/47/lines/0/content"	"N: <>"	"Quest Edelweiss.qmm: parameters.47.lines.0.content. Preserve every <tag> exactly."	"Quest,Edelweiss"	""
"/quests/Edelweiss.qmm/parameters/47/crit_text"	"Сообщение достижения критического значения параметром 48"	"Quest Edelweiss.qmm: parameters.47.crit_text. Preserve every <tag> exactly."	"Quest,Edelweiss"	""
"/quests/Edelweiss.qmm/tostar"	"Зветилла"	"Quest Edelweiss.qmm: tostar. Preserve every <tag> exactly. English reference: Zvetilla"	"Quest,Edelweiss"	""
"/quests/Edelweiss.qmm/toplanet"	"Песокла"	"Quest Edelweiss.qmm: toplanet. Preserve every <tag> exactly. English reference: Pesokla"	"Quest,Edelweiss"	""
"/quests/Edelweiss.qmm/fromplanet"	"Откудар"	"Quest Edelweiss.qmm: fromplanet. Preserve every <tag> exactly. English reference: Otkudar"	"Quest,Edelweiss"	""
"/quests/Edelweiss.qmm/fromstar"	"Яркор"	"Quest Edelweiss.qmm: fromstar. Preserve every <tag> exactly. English reference: Yarkor"	"Quest,Edelweiss"	""
"/quests/Edelweiss.qmm/ranger"	"Умник"	"Quest Edelweiss.qmm: ranger. Preserve every <tag> exactly. English reference: Know-it-all"	"Quest,Edelweiss"	""
"/quests/Edelweiss.qmm/success_text"	"С возвращением, <Ranger>!
Ох, и не просто все у нас с этой геологической станцией, знаете ли! Найденные два трупа сильно озадачили вновь прибывший персонал. Но мы-то с вами знаем, что это просто жуткий результат нарушения техники безопасности! А вот находка золотых самородков в желудках кольчатых ползунов превратила станцию буквально в наше самое прибыльное предприятие в геологическом секторе исследований.
Вы же сработали очень оперативно, и мы ценим это. Благодаря постоянной связи со станцией мы гораздо эффективней работаем с персоналом, несмотря на неутихающие бури. И, согласно контракту, вы получаете <Money> cr. Удачи, рейнджер!"	"Quest Edelweiss.qmm: success_text. Preserve every <tag> exactly. English reference: Welcome back, <Ranger>!
It's not all that simple with this geological station, you know! Two corpses, which had been discovered, baffled the newly arrived personnel. However we both know that this is just a horrible result of safety rules violation! While the discovery of gold nuggets in the stomachs of annelus creepers literally turned the station into our most profitable geological research enterprise.
You've acted swiftly - and we appreciate that. Thanks to the permanent communication with the station, we work much more effectively with our personnel, despite the raging storms. And according to the contract, you receive <Money> cr. Good luck, ranger!"	"Quest,Edelweiss"	""
"/quests/Edelweiss.qmm/task_text"	"Это не совсем задание для рейнджера - скорее для инженера. Нам необходимо установить на необитаемой планете <ToPlanet> радиопередающий комплекс ""Эдельвейс"". С нашей новой научной базой нет постоянной связи из-за песчаных бурь, вызванных повышенной активностью звезды <ToStar>. И эта мощная установка призвана наладить радиосвязь с орбитальным гиперпередатчиком. Вы, конечно, не будете на базе один, наш геолог составит вам компанию. Надеемся, что гонорар в <Money> cr сможет вас заинтересовать, несмотря на недавнюю смерть вашего предшественника при невыясненных обстоятельствах. Согласны ли вы заняться нашей проблемой в ближайшие <Day> суток?"	"Quest Edelweiss.qmm: task_text. Preserve every <tag> exactly. English reference: This is more of a job for an engineer than a ranger. We need to install an Edelweiss radio device on the uninhabited planet of <ToPlanet>. We have no permanent communication with our new research base due to the sandstorms caused by the star <ToStar>'s hyperactivity. This powerful apparatus will fix our radio communications with the orbital hyper-transmitter. Of course, you won't be alone at the base. Our geologist will be with you. We trust that <Money> cr. is a sufficient fee, despite your predecessor’s recent death under unclear circumstances. Will you handle this mission in the next <Day> days?"	"Quest,Edelweiss"	""
"/quests/Edelweiss.qmm/locations/0/texts/0/text"	"Довольно уютная каюта со всеми удобствами и медицинской установкой на стене. Есть современный радиоузел. На столе стоит компьютер: в нем хранятся схемы оборудования, разного рода инструкции и какой-то защищенный паролем видеофайл."	"Quest Edelweiss.qmm: locations.0.texts.0.text. Preserve every <tag> exactly. English reference: The bunkroom is quite cozy, with every kind of convenience and a medical device on the wall. It also has a modern radio station. There is a computer on the table, it stores all the equipment schemes, various kinds of instructions, and some password-protected video file."	"Quest,Edelweiss"	""
"/quests/Edelweiss.qmm/locations/0/texts/1/text"	"На столе как обычно стоит компьютер, медицинский аппарат на стене приятно светится зеленой лампочкой готовности."	"Quest Edelweiss.qmm: locations.0.texts.1.text. Preserve every <tag> exactly. English reference: The computer, as usual, is on the table. The medical device on the wall heartily welcomes you with the green light of its stand-by mode."	"Quest,Edelweiss"	""
"/quests/Edelweiss.qmm/locations/0/texts/2/text"	"В вашей каюте тихо."	"Quest Edelweiss.qmm: locations.0.texts.2.text. Preserve every <tag> exactly. English reference: It's quiet in your bunkroom."	"Quest,Edelweiss"	""
"/quests/Edelweiss.qmm/locations/0/texts/3/text"	"В каюте кто-то рылся и <clr>разломал медицинский аппарат<clrEnd>."	"Quest Edelweiss.qmm: locations.0.texts.3.text. Preserve every <tag> exactly. English reference: Someone ransacked the bunkroom and <clr> broke the medical device<clrEnd>."	"Quest,Edelweiss"	""
"/quests/Edelweiss.qmm/locations/0/texts/4/text"	"Таким универсальным инструментом можно даже замок взломать, а не только шуруп завинтить."	"Quest Edelweiss.qmm: locations.0.texts.4.text. Preserve every <tag> exactly. English reference: This multi-tool can do more than just drive in screws, breaking locks with it isn't a big problem."	"Quest,Edelweiss"	""
"/quests/Edelweiss.qmm/locations/0/texts/5/text"	"Вы ввели номер бэйджа гаальца-рейнджера, и файл открылся.
На видео была каюта, почти такая же, как и у вас, только посредине стоял большой вогнутый стол со сливом. На нем лежал вскрытый труп огромного червя, из ран которого густая жидкость стекала в канализацию. В кадр втиснулась испуганная физиономия гаальца: 
- Гайолак ведь не ксенозоолог, а постоянно приносит новых и новых ползунов! - тут гаалец понизил голос до шепота. - Я сразу заподозрил что-то неладное. Передам этот файл с первым же кораблем снабжения. Ага. Вот еще сюрприз, - инженер направил камеру на металлический шкаф, затем <clr>открыл дверцу с номером 2, потом - третью, первую и снова вторую<clrEnd>. Что-то щелкнуло, и гаалец уже собирался показать, что внутри, но шаги в коридоре прервали его. - А-а, Гайолак, кажется, возвращается...
""Конец файла. Для повторного просмотра, пожалуйста, введите пароль"", - зажглась надпись."	"Quest Edelweiss.qmm: locations.0.texts.5.text. Preserve every <tag> exactly. English reference: You enter the gaalian ranger's badge number, and the file opens.
The video showed a bunkroom, nearly the same as yours, except for a large, concave table with a drain. The dissected body of a huge worm is lying on the table. Thick liquid flows from its wounds into the drain. The frightened face of a Gaal squeezes into the frame: 
""Guyolak isn't a xeno-zoologist, he keeps bringing new and different creepers,"" the Gaal whispers. ""I suspected something was wrong right from the start. I'll send this file with the next supply ship. Oh, yes. And here's another surprise."" The engineer directed the camera at a metal case and then <clr>opened the door marked with 2, then the third one, then the first, and the second again<clrEnd>. Something clicked and the Gaal was about to show what was inside, but the sound of steps in the corridor interrupted him. - Ah, looks like Guyolak is coming...
""End of file. To watch the file again, please re-enter the password,"" you were prompted by the computer."	"Quest,Edelweiss"	""
"/quests/Edelweiss.qmm/locations/0/texts/6/text"	"1. Для установки необходимо найти место, отвечающее ряду требований (далее идет длинный список)
...
Рекомендуется использовать стандартный многофункциональный геологический анализатор.
2. Поместить комплекс ""Эдельвейс"" на место (см. п. 1), не удаляя заводской упаковки.
3. Убедившись, что п. 1 и 2 данного руководства выполнены, нажать кнопку ""Установка"", находящуюся в прорези передней панели заводской упаковки комплекса ""Эдельвейс"".
4. Произвести контрольное соединение с удаленным абонентом посредством любого близлежащего радиоузла."	"Quest Edelweiss.qmm: locations.0.texts.6.text. Preserve every <tag> exactly. English reference: 1. The installation site must meet a number of requirements (a long list of requirements follows)
...
Use of a standard geological multipurpose analyzer is recommended.
2. Set the Edelweiss unit in its place (see item 1) without removing the factory packaging.
3. Make sure that items 1 and 2 of this manual have been fulfilled and press the 'Install' button located in the opening on the front panel of the Edelweiss unit's factory packaging.
4. Perform a test connection with a remote user through any nearby radio center."	"Quest,Edelweiss"	""
"/quests/Edelweiss.qmm/locations/0/texts/7/text"	"Сразу несколько манипуляторов быстро проскользили вдоль вашего тела, отрывисто делая уколы в четко выверенные места. Эффект наступил почти мгновенно - ваше здоровье полностью восстановилось."	"Quest Edelweiss.qmm: locations.0.texts.7.text. Preserve every <tag> exactly. English reference: A couple of manipulators slid quickly along your body, making staccato injections in specific locations. The effect is immediate - your health is completely restored."	"Quest,Edelweiss"	""
"/quests/Edelweiss.qmm/locations/1/texts/0/text"	"Хорошо освещенный коридор пуст. И только мелкая дробь щебня да шипение песка об обшивку станции нарушают тишину - там, снаружи, продолжает бушевать буря."	"Quest Edelweiss.qmm: locations.1.texts.0.text. Preserve every <tag> exactly. English reference: The well-lit corridor is empty. Only the shallow drumming of rubble and the hissing of sand on the station cover break the silence. The storm is still raging outside."	"Quest,Edelweiss"	""
"/quests/Edelweiss.qmm/locations/1/texts/1/text"	"Вы вышли в коридор, вдруг створки шлюзовой камеры с шипением раздвинулись и внутрь ввалилось нечто огромное. Это был гидравлический скафандр для выхода на поверхность планет с тяжелыми условиями. Его обладатель тащил за собой отвратительного полутораметрового червя, оставлявшего за собой липкий след крови, или чего-то похожего, что вытекало из <clr>раны на боку<clrEnd>. Не замечая вас, он быстро пристроил скафандр возле специального зарядного устройства у стены с оборудованием и выбрался наружу. Это был фэянин, довольно крепкий для своей расы. На ваше приветствие он сначала дернулся от неожиданности, но затем криво улыбнулся и представился: 
- Гайолак, геолог.
- <Ranger> - рейнджер, и временно инженер этой станции.
- Вот и ладненько. Занимайся своими делами, а я своими, - фэянин ловко подхватил червя за хвост, втащил его в свою лабораторию и захлопнул дверь."	"Quest Edelweiss.qmm: locations.1.texts.1.text. Preserve every <tag> exactly. English reference: You enter the corridor. Suddenly the lock chamber doors swish open and something huge tumbles inside. It's a hydraulic spacesuit for walking on the surface of planets with severe environmental conditions. Its owner, a Fae who is quite strong for his race, drags a disgusting one-and-a-half-meter worm. A sticky trail of blood is flowing out of a <clr>wound on the side of the worm<clrEnd>. Not noticing you, the Fae quickly connects the spacesuit to a special charging device on the wall with some equipment and goes outside. At first, he was startled by your greeting, but then he smiled wryly and introduced himself, 
""Guyolak, geologist.""
""<Ranger>, ranger and temporarily engineer at this station.""
""Okay, then. You do your thing, and I'll do mine."" The Fae picks the worm up by its tail, drags it to his laboratory, and slams the door."	"Quest,Edelweiss"	""
"/quests/Edelweiss.qmm/locations/1/texts/2/text"	"Коридор пуст как обычно, и ваши шаги гулко раздаются в тишине."	"Quest Edelweiss.qmm: locations.1.texts.2.text. Preserve every <tag> exactly. English reference: As usual, the corridor is empty. Your footsteps echo loudly in the silence."	"Quest,Edelweiss"	""
"/quests/Edelweiss.qmm/locations/1/texts/3/text"	"В коридоре никого нет, только шум бури снаружи нарушает тишину."	"Quest Edelweiss.qmm: locations.1.texts.3.text. Preserve every <tag> exactly. English reference: There's nobody in the corridor. The noise of the storm outside interrupts the silence."	"Quest,Edelweiss"	""
"/quests/Edelweiss.qmm/locations/1/texts/4/text"	"По пустому коридору, не предвещая ничего страшного, струится свет ламп."	"Quest Edelweiss.qmm: locations.1.texts.4.text. Preserve every <tag> exactly. English reference: The light of a lamp streams down the empty corridor, not foreshadowing anything fearful."	"Quest,Edelweiss"	""
"/quests/Edelweiss.qmm/locations/2/texts/0/text"	"Вы бредете по залитой красным светом пустоши. Резкий запах аммиака вызывает тошноту, а ветер хлещет по лицу песком. Без радара очень трудно понять, куда идти."	"Quest Edelweiss.qmm: locations.2.texts.0.text. Preserve every <tag> exactly. English reference: You grope along a wasteland flooded with the red light. The pungent smell of ammonia makes you sick, and the wind throws sand into your face. It's difficult to find your way without a radar."	"Quest,Edelweiss"	""
"/quests/Edelweiss.qmm/locations/2/texts/1/text"	"Вы бредете по залитой красным светом пустоши. Резкий запах аммиака вызывает тошноту, а ветер хлещет по лицу песком. Без радара очень трудно понять, куда идти."	"Quest Edelweiss.qmm: locations.2.texts.1.text. Preserve every <tag> exactly. English reference: You grope along a wasteland flooded with red light. The pungent smell of ammonia makes you ill, and the wind beats sand into your face. It's difficult to find your way without radar."	"Quest,Edelweiss"	""
"/quests/Edelweiss.qmm/locations/2/texts/2/text"	"Вы бредете по залитой красным светом пустоши. Резкий запах аммиака вызывает тошноту, а ветер хлещет по лицу песком. Без радара очень трудно понять, куда идти."	"Quest Edelweiss.qmm: locations.2.texts.2.text. Preserve every <tag> exactly. English reference: You grope along a wasteland flooded with red light. The pungent smell of ammonia makes you ill, and the wind beats sand into your face. It's difficult to find your way without radar."	"Quest,Edelweiss"	""
"/quests/Edelweiss.qmm/locations/2/texts/3/text"	"Вы тяжело бредете сквозь бурю, с трудом вдыхая насыщенную аммиаком атмосферу. Идти приходится по памяти, ведь скафандр не оборудован радаром."	"Quest Edelweiss.qmm: locations.2.texts.3.text. Preserve every <tag> exactly. English reference: You grope through the storm, choking on the ammonia-saturated air. You have to rely on your memory, because the spacesuit doesn't have radar."	"Quest,Edelweiss"	""
"/quests/Edelweiss.qmm/locations/2/texts/4/text"	"Вы тяжело бредете сквозь бурю, с трудом вдыхая насыщенную аммиаком атмосферу. Идти приходится по памяти, ведь скафандр не оборудован радаром."	"Quest Edelweiss.qmm: locations.2.texts.4.text. Preserve every <tag> exactly. English reference: You grope through the storm, choking on the ammonia-saturated air. You have to rely on your memory, because the spacesuit doesn't have radar."	"Quest,Edelweiss"	""
"/quests/Edelweiss.qmm/locations/2/texts/5/text"	"Вы тяжело бредете сквозь бурю, с трудом вдыхая насыщенную аммиаком атмосферу. Идти приходится по памяти, ведь скафандр не оборудован радаром."	"Quest Edelweiss.qmm: locations.2.texts.5.text. Preserve every <tag> exactly. English reference: You grope through the storm, choking on the ammonia-saturated air. You have to rely on your memory, because the spacesuit doesn't have radar."	"Quest,Edelweiss"	""
"/quests/Edelweiss.qmm/locations/2/texts/6/text"	"Очень плохая видимость из-за поднятых песка и пыли не дает понять, куда идти дальше. Запас кислорода в скафандре не бесконечен, и бродить наугад довольно опасно."	"Quest Edelweiss.qmm: locations.2.texts.6.text. Preserve every <tag> exactly. English reference: You can't figure out which way to go because of the poor visibility caused by the sand and dust blowing all around. The spacesuit's oxygen supply is limited, so wandering around is dangerous."	"Quest,Edelweiss"	""
"/quests/Edelweiss.qmm/locations/2/texts/7/text"	"Очень плохая видимость из-за поднятых песка и пыли не дает понять, куда идти дальше. Запас кислорода в скафандре не бесконечен, и бродить наугад довольно опасно."	"Quest Edelweiss.qmm: locations.2.texts.7.text. Preserve every <tag> exactly. English reference: You can't figure out which way to go because of the poor visibility caused by the sand and dust blowing all around. The spacesuit's oxygen supply is limited, so wandering around is dangerous."	"Quest,Edelweiss"	""
"/quests/Edelweiss.qmm/locations/2/texts/8/text"	"Очень плохая видимость из-за поднятых песка и пыли не дает понять, куда идти дальше. Запас кислорода в скафандре не бесконечен, и бродить наугад довольно опасно."	"Quest Edelweiss.qmm: locations.2.texts.8.text. Preserve every <tag> exactly. English reference: You can't figure out which way to go because of the poor visibility caused by the sand and dust blowing all around. The spacesuit's oxygen supply is limited, so wandering around is dangerous."	"Quest,Edelweiss"	""
"/quests/Edelweiss.qmm/locations/3/texts/0/text"	"Вы поднялись по трапу и открыли дверь, приложив ладонь к сканеру. Все системы в норме, можно хоть сейчас взлетать."	"Quest Edelweiss.qmm: locations.3.texts.0.text. Preserve every <tag> exactly. English reference: You ascend the ladder, put your hand to the scanner, and open the door. All systems are functioning. You're ready for takeoff right away."	"Quest,Edelweiss"	""
"/quests/Edelweiss.qmm/locations/3/texts/1/text"	"Вы посадили корабль в ангар станции. Створки над кораблем сомкнулись, насосы быстро откачали пыль и вредные примеси из воздуха."	"Quest Edelweiss.qmm: locations.3.texts.1.text. Preserve every <tag> exactly. English reference: You land the ship in the station hangar. The doors above the ship close, and the dust and harmful impurities are pumped out of the air."	"Quest,Edelweiss"	""
"/quests/Edelweiss.qmm/locations/3/texts/2/text"	"Вы поднялись по трапу и собрались было приложить ладонь к сканеру, как вдруг обнаружили, что <clr>дверь уже открыта<clrEnd>. Но внутри ничего подозрительного не оказалось. Все системы в норме, можно хоть сейчас взлетать."	"Quest Edelweiss.qmm: locations.3.texts.2.text. Preserve every <tag> exactly. English reference: You ascend the ladder and are about to put your hand to the scanner when you suddenly notice that the <clr>door is already opened<clrEnd>. But you don't see anything suspicious inside. All systems are operational. You're ready for a takeoff right away."	"Quest,Edelweiss"	""
"/quests/Edelweiss.qmm/locations/3/texts/3/text"	"Вы посадили корабль в ангар станции."	"Quest Edelweiss.qmm: locations.3.texts.3.text. Preserve every <tag> exactly. English reference: You land the ship in the station hangar."	"Quest,Edelweiss"	""
"/quests/Edelweiss.qmm/locations/21/texts/0/text"	"Дверные створки сомкнулись, и в шлюзовой камере воцарилась тишина."	"Quest Edelweiss.qmm: locations.21.texts.0.text. Preserve every <tag> exactly. English reference: The doors close, and the lock chamber falls silent."	"Quest,Edelweiss"	""
"/quests/Edelweiss.qmm/locations/21/texts/1/text"	"Как только внешние врата захлопнулись, в шлюзовой камере заработали насосы. Воздух очистился от примесей и пыли, и вы смогли свободно вдохнуть чистый воздух."	"Quest Edelweiss.qmm: locations.21.texts.1.text. Preserve every <tag> exactly. English reference: As soon as the external gate closes, the pumps start up. The air is cleared of impurities and dust, and you can inhale the pure air freely."	"Quest,Edelweiss"	""
"/quests/Edelweiss.qmm/locations/21/texts/2/text"	"Вы подсоединили зарядное устройство к специальному гнезду на грудном щитке скафандра. Шланги напряглись от давления, но уже скоро система зарядки с резким щелчком отключилась, показывая индикаторами, что все в норме."	"Quest Edelweiss.qmm: locations.21.texts.2.text. Preserve every <tag> exactly. English reference: You connect the charging device to a special jack on the spacesuit's chest panel. The hoses strain from the pressure, but soon the charging system shuts down with a sharp click. The indicator lights signal that all is in order."	"Quest,Edelweiss"	""
"/quests/Edelweiss.qmm/locations/22/texts/0/text"	"Тепло от двигателей вашего корабля разливается в воздухе небольшого ангара. Дверь отсюда ведет в коридор, соединяющий все помещения станции."	"Quest Edelweiss.qmm: locations.22.texts.0.text. Preserve every <tag> exactly. English reference: Heat from your ship's engines is spreading throughout the small hangar. The door from here leads into a corridor that connects all the rooms of the station."	"Quest,Edelweiss"	""
"/quests/Edelweiss.qmm/locations/22/texts/1/text"	"В небольшом ангаре стоит ваш корабль, готовый к взлету."	"Quest Edelweiss.qmm: locations.22.texts.1.text. Preserve every <tag> exactly. English reference: Your ship is in the small hanger, ready for a takeoff."	"Quest,Edelweiss"	""
"/quests/Edelweiss.qmm/locations/23/texts/0/text"	"Вы стоите у стойки с различным геологическим оборудованием."	"Quest Edelweiss.qmm: locations.23.texts.0.text. Preserve every <tag> exactly. English reference: You are at a stand with various geological equipment."	"Quest,Edelweiss"	""
"/quests/Edelweiss.qmm/locations/23/texts/1/text"	"Убедившись, что его ресурсы в норме, вы втиснулись в тяжелый скафандр и включили питание."	"Quest Edelweiss.qmm: locations.23.texts.1.text. Preserve every <tag> exactly. English reference: After checking that its reserves are okay, you squash into a heavy spacesuit and turn it on."	"Quest,Edelweiss"	""
"/quests/Edelweiss.qmm/locations/23/texts/2/text"	"Вы ловко вылезли из скафандра и подсоединили зарядное устройство. Оно засвистело, быстро восполнило ресурсы скафандра и отключилось."	"Quest Edelweiss.qmm: locations.23.texts.2.text. Preserve every <tag> exactly. English reference: You deftly get out of the spacesuit and plug it into the charging device. It starts whistling, replenishes the spacesuit's reserves, and then switches off."	"Quest,Edelweiss"	""
"/quests/Edelweiss.qmm/locations/23/texts/3/text"	"Вы взяли анализатор. Этот довольно тяжелый прибор должен показать место, где можно установить ""Эдельвейс"", чтобы была устойчивая связь, и при этом грунт не дал бы провалиться радиокомплексу."	"Quest Edelweiss.qmm: locations.23.texts.3.text. Preserve every <tag> exactly. English reference: You pick up the analyzer. This rather heavy device can show where the Edelweiss unit can be installed in order to provide permanent communication, the soil should be firm, thus preventing the device from sinking down in the soil."	"Quest,Edelweiss"	""
"/quests/Edelweiss.qmm/locations/23/texts/4/text"	"Вы поставили ""Эдельвейс"" и взяли анализатор.
Прибор представляет собой тяжелый кейс, оборудованный системой ""Фиолетовый Клык"", которая осуществляет передачу данных прямо на портативный радар. Впрочем, все, что от него нужно - это показать место, где можно установить ""Эдельвейс"", чтобы была устойчивая связь, и при этом грунт был бы достаточно неподвижен."	"Quest Edelweiss.qmm: locations.23.texts.4.text. Preserve every <tag> exactly. English reference: You put down the Edelweiss and pick up the analyzer.
The device consists of a heavy case equipped with the Violet Fang system, which transmits the data directly to a portable radar. However, its main function is to indicate a place with sufficiently firm soil where the Edelweiss can be installed in order to provide a stable connection."	"Quest,Edelweiss"	""
"/quests/Edelweiss.qmm/locations/23/texts/5/text"	"Вы взяли ящик с ""Эдельвейсом""."	"Quest Edelweiss.qmm: locations.23.texts.5.text. Preserve every <tag> exactly. English reference: You pick up the box with the Edelweiss unit."	"Quest,Edelweiss"	""
"/quests/Edelweiss.qmm/locations/23/texts/6/text"	"Они слишком тяжелые, чтобы носить их с собой одновременно. Вы поставили кейс анализатора и взяли ящик с ""Эдельвейсом""."	"Quest Edelweiss.qmm: locations.23.texts.6.text. Preserve every <tag> exactly. English reference: They are too heavy to carry at the same time. You put down the analyzer case, and pick up the box with the Edelweiss unit."	"Quest,Edelweiss"	""
"/quests/Edelweiss.qmm/locations/23/texts/7/text"	"У стойки с оборудованием <clr>пропал ""Эдельвейс""!<clrEnd>"	"Quest Edelweiss.qmm: locations.23.texts.7.text. Preserve every <tag> exactly. English reference: The <clr>Edelweiss unit is missing<clrEnd> from the equipment rack!"	"Quest,Edelweiss"	""
"/quests/Edelweiss.qmm/locations/23/texts/8/text"	"Оборудование все на месте, а <clr>скафандра нет!<clrEnd>"	"Quest Edelweiss.qmm: locations.23.texts.8.text. Preserve every <tag> exactly. English reference: All the equipment is there <clr>but the spacesuit!<clrEnd>"	"Quest,Edelweiss"	""
"/quests/Edelweiss.qmm/locations/23/texts/9/text"	"Вы подсоединили зарядное устройство к специальному гнезду на грудном щитке скафандра. Шланги напряглись от давления, но уже скоро система зарядки с резким щелчком отключилась, показывая индикаторами, что все в норме."	"Quest Edelweiss.qmm: locations.23.texts.9.text. Preserve every <tag> exactly. English reference: You connect the charging device to a special jack on the spacesuit's chest panel. The hoses strain from the pressure, but soon the charging system shut down with a sharp click. The indicator lights signaled that all was in order."	"Quest,Edelweiss"	""
"/quests/Edelweiss.qmm/locations/24/texts/0/text"	"Дверь в каюту геолога заперта, и на стук никто не отвечает."	"Quest Edelweiss.qmm: locations.24.texts.0.text. Preserve every <tag> exactly. English reference: The door to the geologist's bunkroom is locked, and nobody answers."	"Quest,Edelweiss"	""
"/quests/Edelweiss.qmm/locations/24/texts/1/text"	"На шорох отвертки в замке геолог открыл дверь и чуть не задохнулся от вашей наглости: 
- Да ты!.. Да я!.. - он быстро вернулся с портативной циркулярной пилой в руках. - Если еще раз увижу тебя ковыряющимся в моем замке - исполосую!
- Э-э. Извини, просто мне показалось, что я видел таракана, шмыгнувшего в замочную скважину. Ну и хотел его... того, - вы провели отверткой в воздухе горизонтальную черту у шеи.
- Ага. Врать ты точно не умеешь. А я вот не шучу - штоб я больше тебя у моих дверей не видел, - Гайолак погрозил циркуляркой."	"Quest Edelweiss.qmm: locations.24.texts.1.text. Preserve every <tag> exactly. English reference: The screwdriver rustling in the lock made the geologist open the door and nearly choke at your boldness: 
""What the ...! What do you think you are doing?!"" He quickly returns with a portable circular saw. If I ever see you messing with my lock again, I'll slice you to pieces!
""Hey... Pardon me, I just thought I saw cockroach slipping into the keyhole. So I wanted to..."" You draw a horizontal line across your neck with the screwdriver.
""Uh-huh. You're a terrible liar. But I'm not joking. Make sure I don't meet you at my door again,"" said Guyolak, threatening you with the circular saw."	"Quest,Edelweiss"	""
"/quests/Edelweiss.qmm/locations/24/texts/2/text"	"Слышно, как за дверью время от времени визжит циркулярная пила. Но геолог явно не собирается открывать дверь."	"Quest Edelweiss.qmm: locations.24.texts.2.text. Preserve every <tag> exactly. English reference: You hear a circular saw can heard from time to time behind the door. But the geologist obviously isn't going to open the door."	"Quest,Edelweiss"	""
"/quests/Edelweiss.qmm/locations/24/texts/3/text"	"Дверца под номером {[p28]} с легкостью открылась, но в этом отделении шкафа вы не нашли ничего полезного."	"Quest Edelweiss.qmm: locations.24.texts.3.text. Preserve every <tag> exactly. English reference: The door with number {[p28]} opens, but you find nothing useful in this compartment."	"Quest,Edelweiss"	""
"/quests/Edelweiss.qmm/locations/24/texts/4/text"	"Вы стоите посреди каюты геолога. Тошнотворный вид останков червя на разделочном столе подавляет всякое желание оставаться здесь."	"Quest Edelweiss.qmm: locations.24.texts.4.text. Preserve every <tag> exactly. English reference: You are in the middle of the geologist's bunkroom. The nauseating sight of the remains of a worm on a dissection table suppresses any desire to stay here."	"Quest,Edelweiss"	""
"/quests/Edelweiss.qmm/locations/24/texts/5/text"	"На нижней полке стеллажа стоял накрытый тряпкой тот самый ящик с ""Эдельвейсом""."	"Quest Edelweiss.qmm: locations.24.texts.5.text. Preserve every <tag> exactly. English reference: The box with the Edelweiss unit is covered with a cloth on the bottom shelf of the rack."	"Quest,Edelweiss"	""
"/quests/Edelweiss.qmm/locations/24/texts/6/text"	"Из выведенных на табло данных вы поняли, что образцы, взятые из желудка кольчатого ползуна, в большинстве своем золотые самородки! Самого же драгоценного металла вы нигде поблизости не обнаружили."	"Quest Edelweiss.qmm: locations.24.texts.6.text. Preserve every <tag> exactly. English reference: Based on the information on the panel, you realize that most of the samples taken from the annulus creeper's stomach are gold nuggets! But you don’t find the precious metal itself anywhere nearby."	"Quest,Edelweiss"	""
"/quests/Edelweiss.qmm/locations/24/texts/7/text"	"В средней ячейке шкафа открылась потайная секция, в которой оказалась циркулярная пила. И она быстро перекочевала к вам."	"Quest Edelweiss.qmm: locations.24.texts.7.text. Preserve every <tag> exactly. English reference: A secret compartment in the cabinet opens. It is holding a circular saw inside, which soon made its way into your hands."	"Quest,Edelweiss"	""
"/quests/Edelweiss.qmm/locations/24/texts/8/text"	"Под столом были только слизь и мелкие кусочки червей."	"Quest Edelweiss.qmm: locations.24.texts.8.text. Preserve every <tag> exactly. English reference: You find only slime and fine slices of the worm under the table."	"Quest,Edelweiss"	""
"/quests/Edelweiss.qmm/locations/24/texts/9/text"	"С такой отверткой, как у вас, это не составило труда. Дверь распахнулась, и вам открылась гадкая картина: на столе лежали останки червя. Фэянин буквально вывернул некогда опасного хищника наизнанку. Слизь пятнами блестела на полу, на стенах тоже были склизкие потеки."	"Quest Edelweiss.qmm: locations.24.texts.9.text. Preserve every <tag> exactly. English reference: With the kind of screwdriver you have, this wasn't difficult. The door swings open and you are greeted with a disgusting sight: the worm's remains are lying on the table. The Fae has literally turned this formerly-dangerous predator inside out. Puddles of slime shine on the floor, and there are slippery stains on the walls."	"Quest,Edelweiss"	""
"/quests/Edelweiss.qmm/locations/34/texts/0/text"	"Обшивка корабля шипела под напором песка и пыли, но вскоре вы покинули район бурь и совершили посадку в относительно спокойном районе планеты <ToPlanet>.
Вы остались живы и здоровы, но вот <clr>ваша миссия - провалена<clrEnd>."	"Quest Edelweiss.qmm: locations.34.texts.0.text. Preserve every <tag> exactly. English reference: The force of sand and dust hisses against the roof of the ship, but you soon leave the storm area and land and a quiet region of planet <ToPlanet>.
You're safe, but you <clr>failed your mission<clrEnd>."	"Quest,Edelweiss"	""
"/quests/Edelweiss.qmm/locations/35/texts/0/text"	"Оставив плотные облака песка и пыли далеко внизу, вы смогли связаться с руководителем исследований. Он внимательно на вас посмотрел. 
- И что же вы хотели спросить или рассказать, <Ranger>?"	"Quest Edelweiss.qmm: locations.35.texts.0.text. Preserve every <tag> exactly. English reference: After leaving the dense clouds of sand and dust below, you are able to contact the head of the research department. He looks at you attentively. 
""Is there something you'd like to ask me or tell me, <Ranger>?"	"Quest,Edelweiss"	""
"/quests/Edelweiss.qmm/locations/35/texts/1/text"	"- Вам нужно установить радиокомплекс ""Эдельвейс"", чтобы мы могли связываться со станцией несмотря на свирепые песчаные бури. И очень важно быть в скафандре, чтобы не отравиться атмосферой планеты <ToPlanet>. Также нужно иметь при себе радар, иначе легко потеряться. Подробные инструкции по установке радиокомплекса должны быть на компьютере в вашей каюте."	"Quest Edelweiss.qmm: locations.35.texts.1.text. Preserve every <tag> exactly. English reference: ""You need to install the Edelweiss radio unit so we can communicate with the station despite the furious sandstorms. It's vital that you wear the spacesuit to avoid being poisoned in <ToPlanet>'s atmosphere. And you need to have a radar device with you, otherwise it's easy to get lost. There should be detailed instructions in your bunkroom on how to install the radio unit."""	"Quest,Edelweiss"	""
"/quests/Edelweiss.qmm/locations/35/texts/2/text"	"- Хм. Очень странно, но Гайолак утверждает, что он не выйдет наружу до окончания периода повышенной активности звезды <ToStar>, с чем и связаны эти самые бури. Может, он пытается найти нашего инженера-гаальца? Но это уже совершенно бессмысленно, ведь так долго без запасов чистого воздуха не сможет продержаться ни один гуманоид на поверхности планеты.
- Гайолак еще зачем-то притащил тушу огромного червя! Как вы думаете - зачем?
- Может, он охотился? Все же нужно себя чем-то занимать, если нельзя вести исследования в полную силу... Спросите его сами."	"Quest Edelweiss.qmm: locations.35.texts.2.text. Preserve every <tag> exactly. English reference: ""Hmmm. It's very strange, but Guyolak insists that he won't come out until <ToStar>'s hyperactivity ends. And these storms seem to be related to it. Maybe he's trying to find our gaalian engineer? But that's entirely pointless, because no humanoid could stay on the planet's surface that long without a supply of pure air.""
""For some reason, Guyolak dragged in another huge worm! Why do you think he's doing this?""
""Perhaps he's just hunting? You got to do something with yourself if you can't work on research full-time. Better ask him yourself."""	"Quest,Edelweiss"	""
"/quests/Edelweiss.qmm/locations/35/texts/3/text"	"- То есть как это инженер покинул станцию без радара? - руководитель изумился.
- Да. Мне так сказал Гайолак. Более того, прибор был у него! - вы продемонстрировали свое запястье с радаром. - Остается гадать, как он у него оказался, и почему гаалец забыл про меры предосторожности.
- Не беспокойтесь, <Ranger>, наверняка всему есть простые и понятные объяснения. Вы, главное, установите связь, а мы уж разберемся в обстоятельствах смерти вашего предшественника."	"Quest Edelweiss.qmm: locations.35.texts.3.text. Preserve every <tag> exactly. English reference: ""So it seems this engineer left the station without radar?"" asks the chief in amazement.
""Yes. That's what Guyolak told me. What's more, he had his device!"" you said, holding up your radar wrist unit. One can only guess how he got it and why the Gaal forgot about the safety measures.
""Don't worry, <Ranger>. There are probably simple and clear explanations for this. The important thing is that you install the communication link and investigate the circumstances of your predecessor’s death."""	"Quest,Edelweiss"	""
"/quests/Edelweiss.qmm/locations/35/texts/4/text"	"- На меня напал огромный червь! Вы не предупреждали, что мое задание так опасно! Как вы собираетесь покрывать такие риски?
- Минуточку... - руководитель склонился над монитором на его столе и пробежал глазами по каким-то файлам. - Это ваше право - прервать контракт, но вы не получите никакой компенсации ни за травмы, ни за время, проведенное здесь. Для получения оговоренной суммы необходимо установить радиокомплекс. Так-то, - руководитель развел руками."	"Quest Edelweiss.qmm: locations.35.texts.4.text. Preserve every <tag> exactly. English reference: ""I huge worm attacked me! You didn't warn me that this mission would be dangerous! How are you going to cover these risks?"" 
""Just a minute..."" the chief said and bent over the monitor on his table, running his eyes over some files. ""You have the right to terminate the contract, but you won't receive any compensation for your injuries or the time you've spent here. To receive the agreed amount, you have to install the radio unit."" With that, the chief throws up his hands as if he's helpless to change the situation."	"Quest,Edelweiss"	""
"/quests/Edelweiss.qmm/locations/35/texts/5/text"	"Вы рассказали про страшную находку, руководитель сочувственно посмотрел на вас. 
- Я очень сожалею, что вам пришлось пережить такое. Но увы, вам следует выполнить свои обязательства по контракту, прежде чем вы покинете станцию.
- Воздуховод гаальца был перерезан, я считаю, что это убийство.
- Да бросьте! Вы ведь не криминалист, <Ranger>. Не делайте столь серьезных заявлений. Оставьте эту работу специалистам... Правда наше правительство не может снарядить специальную экспедицию пока. Но будем надеяться на лучшее в будущем."	"Quest Edelweiss.qmm: locations.35.texts.5.text. Preserve every <tag> exactly. English reference: You describe your careful discovery. The chief looks at you sympathetically. 
""I'm very sorry you had to go through that. Nevertheless, you must fulfill your contractual obligations before you leave the station.
""The Gaals' air supply has been cut off. I think we're dealing with a murder, here.""
""Give it up! You're not a criminal forensics expert, <Ranger>. Don't make such serious accusations. Leave this to the professionals... Of course, our government can't send a special expedition right now. Let's just hope for the best going forward."""	"Quest,Edelweiss"	""
"/quests/Edelweiss.qmm/locations/35/texts/6/text"	"- Отлично. Теперь осталась сущая формальность. Вам необходимо связаться со мной из вашей каюты, <Ranger>. И считайте дело сделанным!"	"Quest Edelweiss.qmm: locations.35.texts.6.text. Preserve every <tag> exactly. English reference: ""Perfect. Just a mere formality remains. I need you to connect with me from your bunkroom, <Ranger>. Then we can consider this job done!"""	"Quest,Edelweiss"	""
"/quests/Edelweiss.qmm/locations/35/texts/7/text"	"- Нет, ну как же вы потеряли скафандр? - руководитель укоризненно посмотрел на вас.
- Это Гайолак взял его. И как мне теперь установить ""Эдельвейс""?
- Э-э. Да вы на вид вполне крепкий малый, <Ranger>. Наверняка вам хватит здоровья дотащить радиокомплекс и без скафандра.
- Вы издеваетесь?!
- И в мыслях не было. Участники первых экспедиций так делали не раз.
- А сколько их осталось в живых?
- На момент возвращения на станцию, - чиновник полистал какие-то данные, - 60%. По-моему, очень хороший результат."	"Quest Edelweiss.qmm: locations.35.texts.7.text. Preserve every <tag> exactly. English reference: ""That won't do. How did you lose your spacesuit?"" asks the chief reproachfully.
""Guyolak took it. So how am I to install the Edelweiss unit now?""
""Hmmm... You look like a strong enough young man, <Ranger>. You're probably healthy enough to drag the radio unit even without a spacesuit.""
""Are you joking?!""
""Not at all. The members of the first expedition did that many times.""
""And how many of them survived?""
Back at the station, the official flips through some data sheets. ""60%. I think that's a pretty good percentage."""	"Quest,Edelweiss"	""
"/quests/Edelweiss.qmm/locations/35/texts/8/text"	"- Конечно, для выхода на поверхность такой суровой планеты, как <ToPlanet>, нужен скафандр, но можно и без него. Главное, чтобы пребывание в ядовитой атмосфере было коротким, а медицинская помощь - своевременной."	"Quest Edelweiss.qmm: locations.35.texts.8.text. Preserve every <tag> exactly. English reference: ""Of course, to go under the surface of a severe planet like <ToPlanet> you should have a spacesuit, but it is possible without one. The important thing is to only have brief exposure to the poisonous atmosphere and to have timely medical attention."""	"Quest,Edelweiss"	""
"/quests/Edelweiss.qmm/locations/36/texts/0/text"	"На связь вышел руководитель геологических исследований с планеты <FromPlanet>, передал вам координаты станции и продолжил вводить вас в курс дела. 
- Вас наверняка предупредили, <Ranger>, что условия на этой планете крайне суровы. Песчаные бури настолько сильны, что у нас даже нет возможности вести радиопереговоры с персоналом станции, и все сообщение в последнее время ведется исключительно через корабли снабжения. Поэтому цель вашей миссии - установить радиокомплекс ""Эдельвейс"" для устойчивой связи. Попытка вашего предшественника сделать это, окончилась драматически: он погиб при невыясненных обстоятельствах, находясь за пределами станции, - руководитель о чем-то задумался на минуту.
В иллюминаторы было видно только кроваво-красное свечение - поднятые в воздух багровые песок и пыль не давали пробиться лучам звезды <ToStar>. Лететь можно было только по приборам, и вот на радаре показались очертания базы. Руководитель продолжил. 
- Геолог Гайолак сейчас должен быть на станции, ведь он наотрез отказывается выходить на поверхность из-за этих бурь. Он введет вас в курс дела, а если вам понадобится знать что-то сверх того, я к вашим услугам. Удачи! И конец связи.
Вы быстро снизились и сели в крытый ангар маленькой геологической станции. Створки над кораблем сомкнулись, насосы шумно откачали пыль и вредные примеси из воздуха."	"Quest Edelweiss.qmm: locations.36.texts.0.text. Preserve every <tag> exactly. English reference: The chief geological researcher from planet <FromPlanet> came on the line, gave you the coordinates of the station, and began to bring you up to speed on the situation. 
""They probably warned you, <Ranger>, that conditions on this planet are extremely severe. The sandstorms are so strong you can't even have a radio conversation with station personnel. Lately, all communication has been made exclusively through supply ships. Your mission is to install the Edelweiss radio unit to establish stable communications. Your predecessor's attempt to do this ended dramatically: He died mysteriously while outside the station,"" said the chief, pondering something for a moment.
A blood-red glow was all that could be seen through the viewports. The crimson sand and dust that was raging through the air prevented the <ToStar>'s rays from penetrating. Flying was only possible using instruments. At last, the outline of the base appeared on the radar. The chief continued,
""The geologist Guyolak should be at the station right now. He flat-out refuses to come up to the surface when it's stormy like this. He'll bring you up to speed on everything. And if you need to know anything else, I'm at your service. Good luck! Over and out.""
You lose altitude quickly and land in the small geological station's covered hangar. The doors above the ship close. Then the dust and harmful impurities are pumped out of the air."	"Quest,Edelweiss"	""
"/quests/Edelweiss.qmm/locations/36/texts/1/text"	"Edeiweiss © 2006 Ruslan Tchernyi"	"Quest Edelweiss.qmm: locations.36.texts.1.text. Preserve every <tag> exactly. English reference: Edelweiss © 2006 Ruslan Tchernyi"	"Quest,Edelweiss"	""
"/quests/Edelweiss.qmm/locations/43/texts/0/text"	"Вы задыхаетесь местной атмосферой, но продолжаете идти сквозь клубы песка и пыли.
Радар точно фиксирует ваше местоположение:
<fix>
-----------------
|{[p20] div10000000} {[p20] div1000000mod 10} {[p20] div100000mod 10} {[p20] div10000mod 10} {[p20] div1000mod 10} {[p20] div100mod 10} {[p20] div10mod 10} {[p20] mod 10}|  0 - неисследованная
|{[p21] div10000000} {[p21] div1000000mod 10} {[p21] div100000mod 10} {[p21] div10000mod 10} {[p21] div1000mod 10} {[p21] div100mod 10} {[p21] div10mod 10} {[p21] mod 10}|      местность
|{[p22] div10000000} {[p22] div1000000mod 10} {[p22] div100000mod 10} {[p22] div10000mod 10} {[p22] div1000mod 10} {[p22] div100mod 10} {[p22] div10mod 10} {[p22] mod 10}|  8 - место не подходит
|{[p23] div10000000} {[p23] div1000000mod 10} {[p23] div100000mod 10} X {[p23] div1000mod 10} {[p23] div100mod 10} {[p23] div10mod 10} {[p23] mod 10}|  1 - вы
|{[p24] div10000000} {[p24] div1000000mod 10} {[p24] div100000mod 10} {[p24] div10000mod 10} {[p24] div1000mod 10} {[p24] div100mod 10} {[p24] div10mod 10} {[p24] mod 10}|  2 - место под
|{[p25] div10000000} {[p25] div1000000mod 10} {[p25] div100000mod 10} {[p25] div10000mod 10} {[p25] div1000mod 10} {[p25] div100mod 10} {[p25] div10mod 10} {[p25] mod 10}|     ""Эдельвейс""
|{[p26] div10000000} {[p26] div1000000mod 10} {[p26] div100000mod 10} {[p26] div10000mod 10} {[p26] div1000mod 10} {[p26] div100mod 10} {[p26] div10mod 10} {[p26] mod 10}|  X - база
|{[p27] div10000000} {[p27] div1000000mod 10} {[p27] div100000mod 10} {[p27] div10000mod 10} {[p27] div1000mod 10} {[p27] div100mod 10} {[p27] div10mod 10} {[p27] mod 10}|
-----------------</fix>"	"Quest Edelweiss.qmm: locations.43.texts.0.text. Preserve every <tag> exactly. English reference: The local atmosphere is suffocating you, but you carry on through the clouds of sand and dust.
The radar is tracking your exact location:
<fix>
-----------------
|{[p20] div10000000} {[p20] div1000000mod 10} {[p20] div100000mod 10} {[p20] div10000mod 10} {[p20] div1000mod 10} {[p20] div100mod 10} {[p20] div10mod 10} {[p20] mod 10}|  0 - unexplored
|{[p21] div10000000} {[p21] div1000000mod 10} {[p21] div100000mod 10} {[p21] div10000mod 10} {[p21] div1000mod 10} {[p21] div100mod 10} {[p21] div10mod 10} {[p21] mod 10}|      location
|{[p22] div10000000} {[p22] div1000000mod 10} {[p22] div100000mod 10} {[p22] div10000mod 10} {[p22] div1000mod 10} {[p22] div100mod 10} {[p22] div10mod 10} {[p22] mod 10}|  8 - unsuitable location
|{[p23] div10000000} {[p23] div1000000mod 10} {[p23] div100000mod 10} X {[p23] div1000mod 10} {[p23] div100mod 10} {[p23] div10mod 10} {[p23] mod 10}|  1 - your location
|{[p24] div10000000} {[p24] div1000000mod 10} {[p24] div100000mod 10} {[p24] div10000mod 10} {[p24] div1000mod 10} {[p24] div100mod 10} {[p24] div10mod 10} {[p24] mod 10}|  2 - Edelweiss site
|{[p25] div10000000} {[p25] div1000000mod 10} {[p25] div100000mod 10} {[p25] div10000mod 10} {[p25] div1000mod 10} {[p25] div100mod 10} {[p25] div10mod 10} {[p25] mod 10}|
|{[p26] div10000000} {[p26] div1000000mod 10} {[p26] div100000mod 10} {[p26] div10000mod 10} {[p26] div1000mod 10} {[p26] div100mod 10} {[p26] div10mod 10} {[p26] mod 10}|  X - base
|{[p27] div10000000} {[p27] div1000000mod 10} {[p27] div100000mod 10} {[p27] div10000mod 10} {[p27] div1000mod 10} {[p27] div100mod 10} {[p27] div10mod 10} {[p27] mod 10}|
-----------------</fix>"	"Quest,Edelweiss"	""
"/quests/Edelweiss.qmm/locations/43/texts/1/text"	"Вы задыхаетесь местной атмосферой, но продолжаете идти сквозь клубы песка и пыли.
Радар точно фиксирует ваше местоположение:
<fix>
-----------------
|{[p20] div10000000} {[p20] div1000000mod 10} {[p20] div100000mod 10} {[p20] div10000mod 10} {[p20] div1000mod 10} {[p20] div100mod 10} {[p20] div10mod 10} {[p20] mod 10}|  0 - неисследованная
|{[p21] div10000000} {[p21] div1000000mod 10} {[p21] div100000mod 10} {[p21] div10000mod 10} {[p21] div1000mod 10} {[p21] div100mod 10} {[p21] div10mod 10} {[p21] mod 10}|      местность
|{[p22] div10000000} {[p22] div1000000mod 10} {[p22] div100000mod 10} {[p22] div10000mod 10} {[p22] div1000mod 10} {[p22] div100mod 10} {[p22] div10mod 10} {[p22] mod 10}|  8 - место не подходит
|{[p23] div10000000} {[p23] div1000000mod 10} {[p23] div100000mod 10} X {[p23] div1000mod 10} {[p23] div100mod 10} {[p23] div10mod 10} {[p23] mod 10}|  1 - вы
|{[p24] div10000000} {[p24] div1000000mod 10} {[p24] div100000mod 10} {[p24] div10000mod 10} {[p24] div1000mod 10} {[p24] div100mod 10} {[p24] div10mod 10} {[p24] mod 10}|  2 - место под
|{[p25] div10000000} {[p25] div1000000mod 10} {[p25] div100000mod 10} {[p25] div10000mod 10} {[p25] div1000mod 10} {[p25] div100mod 10} {[p25] div10mod 10} {[p25] mod 10}|     ""Эдельвейс""
|{[p26] div10000000} {[p26] div1000000mod 10} {[p26] div100000mod 10} {[p26] div10000mod 10} {[p26] div1000mod 10} {[p26] div100mod 10} {[p26] div10mod 10} {[p26] mod 10}|  X - база
|{[p27] div10000000} {[p27] div1000000mod 10} {[p27] div100000mod 10} {[p27] div10000mod 10} {[p27] div1000mod 10} {[p27] div100mod 10} {[p27] div10mod 10} {[p27] mod 10}|
-----------------</fix>"	"Quest Edelweiss.qmm: locations.43.texts.1.text. Preserve every <tag> exactly. English reference: The local atmosphere is suffocating you, but you carry on through the clouds of sand and dust.
The radar is tracking your exact location:
<fix>
-----------------
|{[p20] div10000000} {[p20] div1000000mod 10} {[p20] div100000mod 10} {[p20] div10000mod 10} {[p20] div1000mod 10} {[p20] div100mod 10} {[p20] div10mod 10} {[p20] mod 10}|  0 - unexplored
|{[p21] div10000000} {[p21] div1000000mod 10} {[p21] div100000mod 10} {[p21] div10000mod 10} {[p21] div1000mod 10} {[p21] div100mod 10} {[p21] div10mod 10} {[p21] mod 10}|      location
|{[p22] div10000000} {[p22] div1000000mod 10} {[p22] div100000mod 10} {[p22] div10000mod 10} {[p22] div1000mod 10} {[p22] div100mod 10} {[p22] div10mod 10} {[p22] mod 10}|  8 - unsuitable location
|{[p23] div10000000} {[p23] div1000000mod 10} {[p23] div100000mod 10} X {[p23] div1000mod 10} {[p23] div100mod 10} {[p23] div10mod 10} {[p23] mod 10}|  1 - your location
|{[p24] div10000000} {[p24] div1000000mod 10} {[p24] div100000mod 10} {[p24] div10000mod 10} {[p24] div1000mod 10} {[p24] div100mod 10} {[p24] div10mod 10} {[p24] mod 10}|  2 - Edelweiss site
|{[p25] div10000000} {[p25] div1000000mod 10} {[p25] div100000mod 10} {[p25] div10000mod 10} {[p25] div1000mod 10} {[p25] div100mod 10} {[p25] div10mod 10} {[p25] mod 10}|
|{[p26] div10000000} {[p26] div1000000mod 10} {[p26] div100000mod 10} {[p26] div10000mod 10} {[p26] div1000mod 10} {[p26] div100mod 10} {[p26] div10mod 10} {[p26] mod 10}|  X - base
|{[p27] div10000000} {[p27] div1000000mod 10} {[p27] div100000mod 10} {[p27] div10000mod 10} {[p27] div1000mod 10} {[p27] div100mod 10} {[p27] div10mod 10} {[p27] mod 10}|
-----------------</fix>"	"Quest,Edelweiss"	""
"/quests/Edelweiss.qmm/locations/43/texts/2/text"	"Вы задыхаетесь местной атмосферой, но продолжаете идти сквозь клубы песка и пыли.
Радар точно фиксирует ваше местоположение:
<fix>
-----------------
|{[p20] div10000000} {[p20] div1000000mod 10} {[p20] div100000mod 10} {[p20] div10000mod 10} {[p20] div1000mod 10} {[p20] div100mod 10} {[p20] div10mod 10} {[p20] mod 10}|  0 - неисследованная
|{[p21] div10000000} {[p21] div1000000mod 10} {[p21] div100000mod 10} {[p21] div10000mod 10} {[p21] div1000mod 10} {[p21] div100mod 10} {[p21] div10mod 10} {[p21] mod 10}|      местность
|{[p22] div10000000} {[p22] div1000000mod 10} {[p22] div100000mod 10} {[p22] div10000mod 10} {[p22] div1000mod 10} {[p22] div100mod 10} {[p22] div10mod 10} {[p22] mod 10}|  8 - место не подходит
|{[p23] div10000000} {[p23] div1000000mod 10} {[p23] div100000mod 10} X {[p23] div1000mod 10} {[p23] div100mod 10} {[p23] div10mod 10} {[p23] mod 10}|  1 - вы
|{[p24] div10000000} {[p24] div1000000mod 10} {[p24] div100000mod 10} {[p24] div10000mod 10} {[p24] div1000mod 10} {[p24] div100mod 10} {[p24] div10mod 10} {[p24] mod 10}|  2 - место под
|{[p25] div10000000} {[p25] div1000000mod 10} {[p25] div100000mod 10} {[p25] div10000mod 10} {[p25] div1000mod 10} {[p25] div100mod 10} {[p25] div10mod 10} {[p25] mod 10}|     ""Эдельвейс""
|{[p26] div10000000} {[p26] div1000000mod 10} {[p26] div100000mod 10} {[p26] div10000mod 10} {[p26] div1000mod 10} {[p26] div100mod 10} {[p26] div10mod 10} {[p26] mod 10}|  X - база
|{[p27] div10000000} {[p27] div1000000mod 10} {[p27] div100000mod 10} {[p27] div10000mod 10} {[p27] div1000mod 10} {[p27] div100mod 10} {[p27] div10mod 10} {[p27] mod 10}|
-----------------</fix>"	"Quest Edelweiss.qmm: locations.43.texts.2.text. Preserve every <tag> exactly. English reference: The local atmosphere is suffocating you, but you carry on through the clouds of sand and dust.
The radar is tracking your exact location:
<fix>
-----------------
|{[p20] div10000000} {[p20] div1000000mod 10} {[p20] div100000mod 10} {[p20] div10000mod 10} {[p20] div1000mod 10} {[p20] div100mod 10} {[p20] div10mod 10} {[p20] mod 10}|  0 - unexplored
|{[p21] div10000000} {[p21] div1000000mod 10} {[p21] div100000mod 10} {[p21] div10000mod 10} {[p21] div1000mod 10} {[p21] div100mod 10} {[p21] div10mod 10} {[p21] mod 10}|      location
|{[p22] div10000000} {[p22] div1000000mod 10} {[p22] div100000mod 10} {[p22] div10000mod 10} {[p22] div1000mod 10} {[p22] div100mod 10} {[p22] div10mod 10} {[p22] mod 10}|  8 - unsuitable location
|{[p23] div10000000} {[p23] div1000000mod 10} {[p23] div100000mod 10} X {[p23] div1000mod 10} {[p23] div100mod 10} {[p23] div10mod 10} {[p23] mod 10}|  1 - your location
|{[p24] div10000000} {[p24] div1000000mod 10} {[p24] div100000mod 10} {[p24] div10000mod 10} {[p24] div1000mod 10} {[p24] div100mod 10} {[p24] div10mod 10} {[p24] mod 10}|  2 - Edelweiss site
|{[p25] div10000000} {[p25] div1000000mod 10} {[p25] div100000mod 10} {[p25] div10000mod 10} {[p25] div1000mod 10} {[p25] div100mod 10} {[p25] div10mod 10} {[p25] mod 10}|
|{[p26] div10000000} {[p26] div1000000mod 10} {[p26] div100000mod 10} {[p26] div10000mod 10} {[p26] div1000mod 10} {[p26] div100mod 10} {[p26] div10mod 10} {[p26] mod 10}|  X - base
|{[p27] div10000000} {[p27] div1000000mod 10} {[p27] div100000mod 10} {[p27] div10000mod 10} {[p27] div1000mod 10} {[p27] div100mod 10} {[p27] div10mod 10} {[p27] mod 10}|
-----------------</fix>"	"Quest,Edelweiss"	""
"/quests/Edelweiss.qmm/locations/43/texts/3/text"	"Каждый шаг в скафандре по каменистой поверхности отдается звоном в ушах. Легкие сводят судороги в борьбе между желанием дышать и пониманием, что атмосфера для вас ядовита.
<fix>
-----------------
|{[p20] div10000000} {[p20] div1000000mod 10} {[p20] div100000mod 10} {[p20] div10000mod 10} {[p20] div1000mod 10} {[p20] div100mod 10} {[p20] div10mod 10} {[p20] mod 10}|  0 - неисследованная
|{[p21] div10000000} {[p21] div1000000mod 10} {[p21] div100000mod 10} {[p21] div10000mod 10} {[p21] div1000mod 10} {[p21] div100mod 10} {[p21] div10mod 10} {[p21] mod 10}|      местность
|{[p22] div10000000} {[p22] div1000000mod 10} {[p22] div100000mod 10} {[p22] div10000mod 10} {[p22] div1000mod 10} {[p22] div100mod 10} {[p22] div10mod 10} {[p22] mod 10}|  8 - место не подходит
|{[p23] div10000000} {[p23] div1000000mod 10} {[p23] div100000mod 10} X {[p23] div1000mod 10} {[p23] div100mod 10} {[p23] div10mod 10} {[p23] mod 10}|  1 - вы
|{[p24] div10000000} {[p24] div1000000mod 10} {[p24] div100000mod 10} {[p24] div10000mod 10} {[p24] div1000mod 10} {[p24] div100mod 10} {[p24] div10mod 10} {[p24] mod 10}|  2 - место под
|{[p25] div10000000} {[p25] div1000000mod 10} {[p25] div100000mod 10} {[p25] div10000mod 10} {[p25] div1000mod 10} {[p25] div100mod 10} {[p25] div10mod 10} {[p25] mod 10}|     ""Эдельвейс""
|{[p26] div10000000} {[p26] div1000000mod 10} {[p26] div100000mod 10} {[p26] div10000mod 10} {[p26] div1000mod 10} {[p26] div100mod 10} {[p26] div10mod 10} {[p26] mod 10}|  X - база
|{[p27] div10000000} {[p27] div1000000mod 10} {[p27] div100000mod 10} {[p27] div10000mod 10} {[p27] div1000mod 10} {[p27] div100mod 10} {[p27] div10mod 10} {[p27] mod 10}|
-----------------</fix>"	"Quest Edelweiss.qmm: locations.43.texts.3.text. Preserve every <tag> exactly. English reference: While wearing the spacesuit, every step you take on the planet's stony surface rings in your ears. Your lungs begin cramping as you struggle to breathe the poisonous atmosphere.
<fix>
-----------------
|{[p20] div10000000} {[p20] div1000000mod 10} {[p20] div100000mod 10} {[p20] div10000mod 10} {[p20] div1000mod 10} {[p20] div100mod 10} {[p20] div10mod 10} {[p20] mod 10}|  0 - unexplored
|{[p21] div10000000} {[p21] div1000000mod 10} {[p21] div100000mod 10} {[p21] div10000mod 10} {[p21] div1000mod 10} {[p21] div100mod 10} {[p21] div10mod 10} {[p21] mod 10}|      location
|{[p22] div10000000} {[p22] div1000000mod 10} {[p22] div100000mod 10} {[p22] div10000mod 10} {[p22] div1000mod 10} {[p22] div100mod 10} {[p22] div10mod 10} {[p22] mod 10}|  8 - unsuitable location
|{[p23] div10000000} {[p23] div1000000mod 10} {[p23] div100000mod 10} X {[p23] div1000mod 10} {[p23] div100mod 10} {[p23] div10mod 10} {[p23] mod 10}|  1 - your location
|{[p24] div10000000} {[p24] div1000000mod 10} {[p24] div100000mod 10} {[p24] div10000mod 10} {[p24] div1000mod 10} {[p24] div100mod 10} {[p24] div10mod 10} {[p24] mod 10}|  2 - Edelweiss site
|{[p25] div10000000} {[p25] div1000000mod 10} {[p25] div100000mod 10} {[p25] div10000mod 10} {[p25] div1000mod 10} {[p25] div100mod 10} {[p25] div10mod 10} {[p25] mod 10}|
|{[p26] div10000000} {[p26] div1000000mod 10} {[p26] div100000mod 10} {[p26] div10000mod 10} {[p26] div1000mod 10} {[p26] div100mod 10} {[p26] div10mod 10} {[p26] mod 10}|  X - base
|{[p27] div10000000} {[p27] div1000000mod 10} {[p27] div100000mod 10} {[p27] div10000mod 10} {[p27] div1000mod 10} {[p27] div100mod 10} {[p27] div10mod 10} {[p27] mod 10}|
-----------------</fix>"	"Quest,Edelweiss"	""
"/quests/Edelweiss.qmm/locations/43/texts/4/text"	"Каждый шаг в скафандре по каменистой поверхности отдается звоном в ушах. Легкие сводят судороги в борьбе между желанием дышать и пониманием, что атмосфера для вас ядовита.
<fix>
-----------------
|{[p20] div10000000} {[p20] div1000000mod 10} {[p20] div100000mod 10} {[p20] div10000mod 10} {[p20] div1000mod 10} {[p20] div100mod 10} {[p20] div10mod 10} {[p20] mod 10}|  0 - неисследованная
|{[p21] div10000000} {[p21] div1000000mod 10} {[p21] div100000mod 10} {[p21] div10000mod 10} {[p21] div1000mod 10} {[p21] div100mod 10} {[p21] div10mod 10} {[p21] mod 10}|      местность
|{[p22] div10000000} {[p22] div1000000mod 10} {[p22] div100000mod 10} {[p22] div10000mod 10} {[p22] div1000mod 10} {[p22] div100mod 10} {[p22] div10mod 10} {[p22] mod 10}|  8 - место не подходит
|{[p23] div10000000} {[p23] div1000000mod 10} {[p23] div100000mod 10} X {[p23] div1000mod 10} {[p23] div100mod 10} {[p23] div10mod 10} {[p23] mod 10}|  1 - вы
|{[p24] div10000000} {[p24] div1000000mod 10} {[p24] div100000mod 10} {[p24] div10000mod 10} {[p24] div1000mod 10} {[p24] div100mod 10} {[p24] div10mod 10} {[p24] mod 10}|  2 - место под
|{[p25] div10000000} {[p25] div1000000mod 10} {[p25] div100000mod 10} {[p25] div10000mod 10} {[p25] div1000mod 10} {[p25] div100mod 10} {[p25] div10mod 10} {[p25] mod 10}|     ""Эдельвейс""
|{[p26] div10000000} {[p26] div1000000mod 10} {[p26] div100000mod 10} {[p26] div10000mod 10} {[p26] div1000mod 10} {[p26] div100mod 10} {[p26] div10mod 10} {[p26] mod 10}|  X - база
|{[p27] div10000000} {[p27] div1000000mod 10} {[p27] div100000mod 10} {[p27] div10000mod 10} {[p27] div1000mod 10} {[p27] div100mod 10} {[p27] div10mod 10} {[p27] mod 10}|
-----------------</fix>"	"Quest Edelweiss.qmm: locations.43.texts.4.text. Preserve every <tag> exactly. English reference: While wearing the spacesuit, every step you take on the planet's stony surface rings in your ears. Your lungs begin cramping as you struggle to breathe the poisonous atmosphere.
<fix>
-----------------
|{[p20] div10000000} {[p20] div1000000mod 10} {[p20] div100000mod 10} {[p20] div10000mod 10} {[p20] div1000mod 10} {[p20] div100mod 10} {[p20] div10mod 10} {[p20] mod 10}|  0 - unexplored
|{[p21] div10000000} {[p21] div1000000mod 10} {[p21] div100000mod 10} {[p21] div10000mod 10} {[p21] div1000mod 10} {[p21] div100mod 10} {[p21] div10mod 10} {[p21] mod 10}|      location
|{[p22] div10000000} {[p22] div1000000mod 10} {[p22] div100000mod 10} {[p22] div10000mod 10} {[p22] div1000mod 10} {[p22] div100mod 10} {[p22] div10mod 10} {[p22] mod 10}|  8 - unsuitable location
|{[p23] div10000000} {[p23] div1000000mod 10} {[p23] div100000mod 10} X {[p23] div1000mod 10} {[p23] div100mod 10} {[p23] div10mod 10} {[p23] mod 10}|  1 - your location
|{[p24] div10000000} {[p24] div1000000mod 10} {[p24] div100000mod 10} {[p24] div10000mod 10} {[p24] div1000mod 10} {[p24] div100mod 10} {[p24] div10mod 10} {[p24] mod 10}|  2 - Edelweiss site
|{[p25] div10000000} {[p25] div1000000mod 10} {[p25] div100000mod 10} {[p25] div10000mod 10} {[p25] div1000mod 10} {[p25] div100mod 10} {[p25] div10mod 10} {[p25] mod 10}|
|{[p26] div10000000} {[p26] div1000000mod 10} {[p26] div100000mod 10} {[p26] div10000mod 10} {[p26] div1000mod 10} {[p26] div100mod 10} {[p26] div10mod 10} {[p26] mod 10}|  X - base
|{[p27] div10000000} {[p27] div1000000mod 10} {[p27] div100000mod 10} {[p27] div10000mod 10} {[p27] div1000mod 10} {[p27] div100mod 10} {[p27] div10mod 10} {[p27] mod 10}|
-----------------</fix>"	"Quest,Edelweiss"	""
"/quests/Edelweiss.qmm/locations/43/texts/5/text"	"Каждый шаг в скафандре по каменистой поверхности отдается звоном в ушах. Легкие сводят судороги в борьбе между желанием дышать и пониманием, что атмосфера для вас ядовита.
<fix>
-----------------
|{[p20] div10000000} {[p20] div1000000mod 10} {[p20] div100000mod 10} {[p20] div10000mod 10} {[p20] div1000mod 10} {[p20] div100mod 10} {[p20] div10mod 10} {[p20] mod 10}|  0 - неисследованная
|{[p21] div10000000} {[p21] div1000000mod 10} {[p21] div100000mod 10} {[p21] div10000mod 10} {[p21] div1000mod 10} {[p21] div100mod 10} {[p21] div10mod 10} {[p21] mod 10}|      местность
|{[p22] div10000000} {[p22] div1000000mod 10} {[p22] div100000mod 10} {[p22] div10000mod 10} {[p22] div1000mod 10} {[p22] div100mod 10} {[p22] div10mod 10} {[p22] mod 10}|  8 - место не подходит
|{[p23] div10000000} {[p23] div1000000mod 10} {[p23] div100000mod 10} X {[p23] div1000mod 10} {[p23] div100mod 10} {[p23] div10mod 10} {[p23] mod 10}|  1 - вы
|{[p24] div10000000} {[p24] div1000000mod 10} {[p24] div100000mod 10} {[p24] div10000mod 10} {[p24] div1000mod 10} {[p24] div100mod 10} {[p24] div10mod 10} {[p24] mod 10}|  2 - место под
|{[p25] div10000000} {[p25] div1000000mod 10} {[p25] div100000mod 10} {[p25] div10000mod 10} {[p25] div1000mod 10} {[p25] div100mod 10} {[p25] div10mod 10} {[p25] mod 10}|     ""Эдельвейс""
|{[p26] div10000000} {[p26] div1000000mod 10} {[p26] div100000mod 10} {[p26] div10000mod 10} {[p26] div1000mod 10} {[p26] div100mod 10} {[p26] div10mod 10} {[p26] mod 10}|  X - база
|{[p27] div10000000} {[p27] div1000000mod 10} {[p27] div100000mod 10} {[p27] div10000mod 10} {[p27] div1000mod 10} {[p27] div100mod 10} {[p27] div10mod 10} {[p27] mod 10}|
-----------------</fix>"	"Quest Edelweiss.qmm: locations.43.texts.5.text. Preserve every <tag> exactly. English reference: While wearing the spacesuit, every step you take on the planet's stony surface rings in your ears. Your lungs begin cramping as you struggle to breathe the poisonous atmosphere.
<fix>
-----------------
|{[p20] div10000000} {[p20] div1000000mod 10} {[p20] div100000mod 10} {[p20] div10000mod 10} {[p20] div1000mod 10} {[p20] div100mod 10} {[p20] div10mod 10} {[p20] mod 10}|  0 - unexplored
|{[p21] div10000000} {[p21] div1000000mod 10} {[p21] div100000mod 10} {[p21] div10000mod 10} {[p21] div1000mod 10} {[p21] div100mod 10} {[p21] div10mod 10} {[p21] mod 10}|      location
|{[p22] div10000000} {[p22] div1000000mod 10} {[p22] div100000mod 10} {[p22] div10000mod 10} {[p22] div1000mod 10} {[p22] div100mod 10} {[p22] div10mod 10} {[p22] mod 10}|  8 - unsuitable location
|{[p23] div10000000} {[p23] div1000000mod 10} {[p23] div100000mod 10} X {[p23] div1000mod 10} {[p23] div100mod 10} {[p23] div10mod 10} {[p23] mod 10}|  1 - your location
|{[p24] div10000000} {[p24] div1000000mod 10} {[p24] div100000mod 10} {[p24] div10000mod 10} {[p24] div1000mod 10} {[p24] div100mod 10} {[p24] div10mod 10} {[p24] mod 10}|  2 - Edelweiss site
|{[p25] div10000000} {[p25] div1000000mod 10} {[p25] div100000mod 10} {[p25] div10000mod 10} {[p25] div1000mod 10} {[p25] div100mod 10} {[p25] div10mod 10} {[p25] mod 10}|
|{[p26] div10000000} {[p26] div1000000mod 10} {[p26] div100000mod 10} {[p26] div10000mod 10} {[p26] div1000mod 10} {[p26] div100mod 10} {[p26] div10mod 10} {[p26] mod 10}|  X - base
|{[p27] div10000000} {[p27] div1000000mod 10} {[p27] div100000mod 10} {[p27] div10000mod 10} {[p27] div1000mod 10} {[p27] div100mod 10} {[p27] div10mod 10} {[p27] mod 10}|
-----------------</fix>"	"Quest,Edelweiss"	""
"/quests/Edelweiss.qmm/locations/43/texts/6/text"	"Ботинки скафандра то утопают в зыбучем песке, то издают звон о каменистую поверхность.
На радаре фиксируется ваше положение:
<fix>
-----------------
|{[p20] div10000000} {[p20] div1000000mod 10} {[p20] div100000mod 10} {[p20] div10000mod 10} {[p20] div1000mod 10} {[p20] div100mod 10} {[p20] div10mod 10} {[p20] mod 10}|  0 - неисследованная
|{[p21] div10000000} {[p21] div1000000mod 10} {[p21] div100000mod 10} {[p21] div10000mod 10} {[p21] div1000mod 10} {[p21] div100mod 10} {[p21] div10mod 10} {[p21] mod 10}|      местность
|{[p22] div10000000} {[p22] div1000000mod 10} {[p22] div100000mod 10} {[p22] div10000mod 10} {[p22] div1000mod 10} {[p22] div100mod 10} {[p22] div10mod 10} {[p22] mod 10}|  8 - место не подходит
|{[p23] div10000000} {[p23] div1000000mod 10} {[p23] div100000mod 10} X {[p23] div1000mod 10} {[p23] div100mod 10} {[p23] div10mod 10} {[p23] mod 10}|  1 - вы
|{[p24] div10000000} {[p24] div1000000mod 10} {[p24] div100000mod 10} {[p24] div10000mod 10} {[p24] div1000mod 10} {[p24] div100mod 10} {[p24] div10mod 10} {[p24] mod 10}|  2 - место под
|{[p25] div10000000} {[p25] div1000000mod 10} {[p25] div100000mod 10} {[p25] div10000mod 10} {[p25] div1000mod 10} {[p25] div100mod 10} {[p25] div10mod 10} {[p25] mod 10}|     ""Эдельвейс""
|{[p26] div10000000} {[p26] div1000000mod 10} {[p26] div100000mod 10} {[p26] div10000mod 10} {[p26] div1000mod 10} {[p26] div100mod 10} {[p26] div10mod 10} {[p26] mod 10}|  X - база
|{[p27] div10000000} {[p27] div1000000mod 10} {[p27] div100000mod 10} {[p27] div10000mod 10} {[p27] div1000mod 10} {[p27] div100mod 10} {[p27] div10mod 10} {[p27] mod 10}|
-----------------</fix>"	"Quest Edelweiss.qmm: locations.43.texts.6.text. Preserve every <tag> exactly. English reference: The heavy boots of your spacesuit sink down into quicksand.
Your location is shown on the radar:
<fix>
-----------------
|{[p20] div10000000} {[p20] div1000000mod 10} {[p20] div100000mod 10} {[p20] div10000mod 10} {[p20] div1000mod 10} {[p20] div100mod 10} {[p20] div10mod 10} {[p20] mod 10}|  0 - unexplored
|{[p21] div10000000} {[p21] div1000000mod 10} {[p21] div100000mod 10} {[p21] div10000mod 10} {[p21] div1000mod 10} {[p21] div100mod 10} {[p21] div10mod 10} {[p21] mod 10}|      location
|{[p22] div10000000} {[p22] div1000000mod 10} {[p22] div100000mod 10} {[p22] div10000mod 10} {[p22] div1000mod 10} {[p22] div100mod 10} {[p22] div10mod 10} {[p22] mod 10}|  8 - unsuitable location
|{[p23] div10000000} {[p23] div1000000mod 10} {[p23] div100000mod 10} X {[p23] div1000mod 10} {[p23] div100mod 10} {[p23] div10mod 10} {[p23] mod 10}|  1 - your location
|{[p24] div10000000} {[p24] div1000000mod 10} {[p24] div100000mod 10} {[p24] div10000mod 10} {[p24] div1000mod 10} {[p24] div100mod 10} {[p24] div10mod 10} {[p24] mod 10}|  2 - Edelweiss site
|{[p25] div10000000} {[p25] div1000000mod 10} {[p25] div100000mod 10} {[p25] div10000mod 10} {[p25] div1000mod 10} {[p25] div100mod 10} {[p25] div10mod 10} {[p25] mod 10}|
|{[p26] div10000000} {[p26] div1000000mod 10} {[p26] div100000mod 10} {[p26] div10000mod 10} {[p26] div1000mod 10} {[p26] div100mod 10} {[p26] div10mod 10} {[p26] mod 10}|  X - base
|{[p27] div10000000} {[p27] div1000000mod 10} {[p27] div100000mod 10} {[p27] div10000mod 10} {[p27] div1000mod 10} {[p27] div100mod 10} {[p27] div10mod 10} {[p27] mod 10}|
-----------------</fix>"	"Quest,Edelweiss"	""
"/quests/Edelweiss.qmm/locations/43/texts/7/text"	"Ботинки скафандра то утопают в зыбучем песке, то издают звон о каменистую поверхность.
На радаре фиксируется ваше положение:
<fix>
-----------------
|{[p20] div10000000} {[p20] div1000000mod 10} {[p20] div100000mod 10} {[p20] div10000mod 10} {[p20] div1000mod 10} {[p20] div100mod 10} {[p20] div10mod 10} {[p20] mod 10}|  0 - неисследованная
|{[p21] div10000000} {[p21] div1000000mod 10} {[p21] div100000mod 10} {[p21] div10000mod 10} {[p21] div1000mod 10} {[p21] div100mod 10} {[p21] div10mod 10} {[p21] mod 10}|      местность
|{[p22] div10000000} {[p22] div1000000mod 10} {[p22] div100000mod 10} {[p22] div10000mod 10} {[p22] div1000mod 10} {[p22] div100mod 10} {[p22] div10mod 10} {[p22] mod 10}|  8 - место не подходит
|{[p23] div10000000} {[p23] div1000000mod 10} {[p23] div100000mod 10} X {[p23] div1000mod 10} {[p23] div100mod 10} {[p23] div10mod 10} {[p23] mod 10}|  1 - вы
|{[p24] div10000000} {[p24] div1000000mod 10} {[p24] div100000mod 10} {[p24] div10000mod 10} {[p24] div1000mod 10} {[p24] div100mod 10} {[p24] div10mod 10} {[p24] mod 10}|  2 - место под
|{[p25] div10000000} {[p25] div1000000mod 10} {[p25] div100000mod 10} {[p25] div10000mod 10} {[p25] div1000mod 10} {[p25] div100mod 10} {[p25] div10mod 10} {[p25] mod 10}|     ""Эдельвейс""
|{[p26] div10000000} {[p26] div1000000mod 10} {[p26] div100000mod 10} {[p26] div10000mod 10} {[p26] div1000mod 10} {[p26] div100mod 10} {[p26] div10mod 10} {[p26] mod 10}|  X - база
|{[p27] div10000000} {[p27] div1000000mod 10} {[p27] div100000mod 10} {[p27] div10000mod 10} {[p27] div1000mod 10} {[p27] div100mod 10} {[p27] div10mod 10} {[p27] mod 10}|
-----------------</fix>"	"Quest Edelweiss.qmm: locations.43.texts.7.text. Preserve every <tag> exactly. English reference: The heavy boots of your spacesuit sink down into quicksand.
Your location is shown on the radar:
<fix>
-----------------
|{[p20] div10000000} {[p20] div1000000mod 10} {[p20] div100000mod 10} {[p20] div10000mod 10} {[p20] div1000mod 10} {[p20] div100mod 10} {[p20] div10mod 10} {[p20] mod 10}|  0 - unexplored
|{[p21] div10000000} {[p21] div1000000mod 10} {[p21] div100000mod 10} {[p21] div10000mod 10} {[p21] div1000mod 10} {[p21] div100mod 10} {[p21] div10mod 10} {[p21] mod 10}|      location
|{[p22] div10000000} {[p22] div1000000mod 10} {[p22] div100000mod 10} {[p22] div10000mod 10} {[p22] div1000mod 10} {[p22] div100mod 10} {[p22] div10mod 10} {[p22] mod 10}|  8 - unsuitable location
|{[p23] div10000000} {[p23] div1000000mod 10} {[p23] div100000mod 10} X {[p23] div1000mod 10} {[p23] div100mod 10} {[p23] div10mod 10} {[p23] mod 10}|  1 - your location
|{[p24] div10000000} {[p24] div1000000mod 10} {[p24] div100000mod 10} {[p24] div10000mod 10} {[p24] div1000mod 10} {[p24] div100mod 10} {[p24] div10mod 10} {[p24] mod 10}|  2 - Edelweiss site
|{[p25] div10000000} {[p25] div1000000mod 10} {[p25] div100000mod 10} {[p25] div10000mod 10} {[p25] div1000mod 10} {[p25] div100mod 10} {[p25] div10mod 10} {[p25] mod 10}|
|{[p26] div10000000} {[p26] div1000000mod 10} {[p26] div100000mod 10} {[p26] div10000mod 10} {[p26] div1000mod 10} {[p26] div100mod 10} {[p26] div10mod 10} {[p26] mod 10}|  X - base
|{[p27] div10000000} {[p27] div1000000mod 10} {[p27] div100000mod 10} {[p27] div10000mod 10} {[p27] div1000mod 10} {[p27] div100mod 10} {[p27] div10mod 10} {[p27] mod 10}|
-----------------</fix>"	"Quest,Edelweiss"	""
"/quests/Edelweiss.qmm/locations/43/texts/8/text"	"Ботинки скафандра то утопают в зыбучем песке, то издают звон о каменистую поверхность.
На радаре фиксируется ваше положение:
<fix>
-----------------
|{[p20] div10000000} {[p20] div1000000mod 10} {[p20] div100000mod 10} {[p20] div10000mod 10} {[p20] div1000mod 10} {[p20] div100mod 10} {[p20] div10mod 10} {[p20] mod 10}|  0 - неисследованная
|{[p21] div10000000} {[p21] div1000000mod 10} {[p21] div100000mod 10} {[p21] div10000mod 10} {[p21] div1000mod 10} {[p21] div100mod 10} {[p21] div10mod 10} {[p21] mod 10}|      местность
|{[p22] div10000000} {[p22] div1000000mod 10} {[p22] div100000mod 10} {[p22] div10000mod 10} {[p22] div1000mod 10} {[p22] div100mod 10} {[p22] div10mod 10} {[p22] mod 10}|  8 - место не подходит
|{[p23] div10000000} {[p23] div1000000mod 10} {[p23] div100000mod 10} X {[p23] div1000mod 10} {[p23] div100mod 10} {[p23] div10mod 10} {[p23] mod 10}|  1 - вы
|{[p24] div10000000} {[p24] div1000000mod 10} {[p24] div100000mod 10} {[p24] div10000mod 10} {[p24] div1000mod 10} {[p24] div100mod 10} {[p24] div10mod 10} {[p24] mod 10}|  2 - место под
|{[p25] div10000000} {[p25] div1000000mod 10} {[p25] div100000mod 10} {[p25] div10000mod 10} {[p25] div1000mod 10} {[p25] div100mod 10} {[p25] div10mod 10} {[p25] mod 10}|     ""Эдельвейс""
|{[p26] div10000000} {[p26] div1000000mod 10} {[p26] div100000mod 10} {[p26] div10000mod 10} {[p26] div1000mod 10} {[p26] div100mod 10} {[p26] div10mod 10} {[p26] mod 10}|  X - база
|{[p27] div10000000} {[p27] div1000000mod 10} {[p27] div100000mod 10} {[p27] div10000mod 10} {[p27] div1000mod 10} {[p27] div100mod 10} {[p27] div10mod 10} {[p27] mod 10}|
-----------------</fix>"	"Quest Edelweiss.qmm: locations.43.texts.8.text. Preserve every <tag> exactly. English reference: The heavy boots of your spacesuit sink down into quicksand.
Your location is shown on the radar:
<fix>
-----------------
|{[p20] div10000000} {[p20] div1000000mod 10} {[p20] div100000mod 10} {[p20] div10000mod 10} {[p20] div1000mod 10} {[p20] div100mod 10} {[p20] div10mod 10} {[p20] mod 10}|  0 - unexplored
|{[p21] div10000000} {[p21] div1000000mod 10} {[p21] div100000mod 10} {[p21] div10000mod 10} {[p21] div1000mod 10} {[p21] div100mod 10} {[p21] div10mod 10} {[p21] mod 10}|      location
|{[p22] div10000000} {[p22] div1000000mod 10} {[p22] div100000mod 10} {[p22] div10000mod 10} {[p22] div1000mod 10} {[p22] div100mod 10} {[p22] div10mod 10} {[p22] mod 10}|  8 - unsuitable location
|{[p23] div10000000} {[p23] div1000000mod 10} {[p23] div100000mod 10} X {[p23] div1000mod 10} {[p23] div100mod 10} {[p23] div10mod 10} {[p23] mod 10}|  1 - your location
|{[p24] div10000000} {[p24] div1000000mod 10} {[p24] div100000mod 10} {[p24] div10000mod 10} {[p24] div1000mod 10} {[p24] div100mod 10} {[p24] div10mod 10} {[p24] mod 10}|  2 - Edelweiss site
|{[p25] div10000000} {[p25] div1000000mod 10} {[p25] div100000mod 10} {[p25] div10000mod 10} {[p25] div1000mod 10} {[p25] div100mod 10} {[p25] div10mod 10} {[p25] mod 10}|
|{[p26] div10000000} {[p26] div1000000mod 10} {[p26] div100000mod 10} {[p26] div10000mod 10} {[p26] div1000mod 10} {[p26] div100mod 10} {[p26] div10mod 10} {[p26] mod 10}|  X - base
|{[p27] div10000000} {[p27] div1000000mod 10} {[p27] div100000mod 10} {[p27] div10000mod 10} {[p27] div1000mod 10} {[p27] div100mod 10} {[p27] div10mod 10} {[p27] mod 10}|
-----------------</fix>"	"Quest,Edelweiss"	""
"/quests/Edelweiss.qmm/locations/44/texts/0/text"	"Вы задыхаетесь местной атмосферой, но продолжаете идти сквозь клубы песка и пыли.
Радар точно фиксирует ваше местоположение:
<fix>
-----------------
|{[p20] div10000000} {[p20] div1000000mod 10} {[p20] div100000mod 10} {[p20] div10000mod 10} {[p20] div1000mod 10} {[p20] div100mod 10} {[p20] div10mod 10} {[p20] mod 10}|  0 - неисследованная
|{[p21] div10000000} {[p21] div1000000mod 10} {[p21] div100000mod 10} {[p21] div10000mod 10} {[p21] div1000mod 10} {[p21] div100mod 10} {[p21] div10mod 10} {[p21] mod 10}|      местность
|{[p22] div10000000} {[p22] div1000000mod 10} {[p22] div100000mod 10} {[p22] div10000mod 10} {[p22] div1000mod 10} {[p22] div100mod 10} {[p22] div10mod 10} {[p22] mod 10}|  8 - место не подходит
|{[p23] div10000000} {[p23] div1000000mod 10} {[p23] div100000mod 10} X {[p23] div1000mod 10} {[p23] div100mod 10} {[p23] div10mod 10} {[p23] mod 10}|  1 - вы
|{[p24] div10000000} {[p24] div1000000mod 10} {[p24] div100000mod 10} {[p24] div10000mod 10} {[p24] div1000mod 10} {[p24] div100mod 10} {[p24] div10mod 10} {[p24] mod 10}|  2 - место под
|{[p25] div10000000} {[p25] div1000000mod 10} {[p25] div100000mod 10} {[p25] div10000mod 10} {[p25] div1000mod 10} {[p25] div100mod 10} {[p25] div10mod 10} {[p25] mod 10}|     ""Эдельвейс""
|{[p26] div10000000} {[p26] div1000000mod 10} {[p26] div100000mod 10} {[p26] div10000mod 10} {[p26] div1000mod 10} {[p26] div100mod 10} {[p26] div10mod 10} {[p26] mod 10}|  X - база
|{[p27] div10000000} {[p27] div1000000mod 10} {[p27] div100000mod 10} {[p27] div10000mod 10} {[p27] div1000mod 10} {[p27] div100mod 10} {[p27] div10mod 10} {[p27] mod 10}|
-----------------</fix>"	"Quest Edelweiss.qmm: locations.44.texts.0.text. Preserve every <tag> exactly. English reference: The local atmosphere is suffocating you, but you carry on through the clouds of sand and dust.
The radar is tracking your exact location:
<fix>
-----------------
|{[p20] div10000000} {[p20] div1000000mod 10} {[p20] div100000mod 10} {[p20] div10000mod 10} {[p20] div1000mod 10} {[p20] div100mod 10} {[p20] div10mod 10} {[p20] mod 10}|  0 - unexplored
|{[p21] div10000000} {[p21] div1000000mod 10} {[p21] div100000mod 10} {[p21] div10000mod 10} {[p21] div1000mod 10} {[p21] div100mod 10} {[p21] div10mod 10} {[p21] mod 10}|      location
|{[p22] div10000000} {[p22] div1000000mod 10} {[p22] div100000mod 10} {[p22] div10000mod 10} {[p22] div1000mod 10} {[p22] div100mod 10} {[p22] div10mod 10} {[p22] mod 10}|  8 - unsuitable location
|{[p23] div10000000} {[p23] div1000000mod 10} {[p23] div100000mod 10} X {[p23] div1000mod 10} {[p23] div100mod 10} {[p23] div10mod 10} {[p23] mod 10}|  1 - your location
|{[p24] div10000000} {[p24] div1000000mod 10} {[p24] div100000mod 10} {[p24] div10000mod 10} {[p24] div1000mod 10} {[p24] div100mod 10} {[p24] div10mod 10} {[p24] mod 10}|  2 - Edelweiss site
|{[p25] div10000000} {[p25] div1000000mod 10} {[p25] div100000mod 10} {[p25] div10000mod 10} {[p25] div1000mod 10} {[p25] div100mod 10} {[p25] div10mod 10} {[p25] mod 10}|
|{[p26] div10000000} {[p26] div1000000mod 10} {[p26] div100000mod 10} {[p26] div10000mod 10} {[p26] div1000mod 10} {[p26] div100mod 10} {[p26] div10mod 10} {[p26] mod 10}|  X - base
|{[p27] div10000000} {[p27] div1000000mod 10} {[p27] div100000mod 10} {[p27] div10000mod 10} {[p27] div1000mod 10} {[p27] div100mod 10} {[p27] div10mod 10} {[p27] mod 10}|
-----------------</fix>"	"Quest,Edelweiss"	""
"/quests/Edelweiss.qmm/locations/44/texts/1/text"	"Вы задыхаетесь местной атмосферой, но продолжаете идти сквозь клубы песка и пыли.
Радар точно фиксирует ваше местоположение:
<fix>
-----------------
|{[p20] div10000000} {[p20] div1000000mod 10} {[p20] div100000mod 10} {[p20] div10000mod 10} {[p20] div1000mod 10} {[p20] div100mod 10} {[p20] div10mod 10} {[p20] mod 10}|  0 - неисследованная
|{[p21] div10000000} {[p21] div1000000mod 10} {[p21] div100000mod 10} {[p21] div10000mod 10} {[p21] div1000mod 10} {[p21] div100mod 10} {[p21] div10mod 10} {[p21] mod 10}|      местность
|{[p22] div10000000} {[p22] div1000000mod 10} {[p22] div100000mod 10} {[p22] div10000mod 10} {[p22] div1000mod 10} {[p22] div100mod 10} {[p22] div10mod 10} {[p22] mod 10}|  8 - место не подходит
|{[p23] div10000000} {[p23] div1000000mod 10} {[p23] div100000mod 10} X {[p23] div1000mod 10} {[p23] div100mod 10} {[p23] div10mod 10} {[p23] mod 10}|  1 - вы
|{[p24] div10000000} {[p24] div1000000mod 10} {[p24] div100000mod 10} {[p24] div10000mod 10} {[p24] div1000mod 10} {[p24] div100mod 10} {[p24] div10mod 10} {[p24] mod 10}|  2 - место под
|{[p25] div10000000} {[p25] div1000000mod 10} {[p25] div100000mod 10} {[p25] div10000mod 10} {[p25] div1000mod 10} {[p25] div100mod 10} {[p25] div10mod 10} {[p25] mod 10}|     ""Эдельвейс""
|{[p26] div10000000} {[p26] div1000000mod 10} {[p26] div100000mod 10} {[p26] div10000mod 10} {[p26] div1000mod 10} {[p26] div100mod 10} {[p26] div10mod 10} {[p26] mod 10}|  X - база
|{[p27] div10000000} {[p27] div1000000mod 10} {[p27] div100000mod 10} {[p27] div10000mod 10} {[p27] div1000mod 10} {[p27] div100mod 10} {[p27] div10mod 10} {[p27] mod 10}|
-----------------</fix>"	"Quest Edelweiss.qmm: locations.44.texts.1.text. Preserve every <tag> exactly. English reference: The local atmosphere is suffocating you, but you carry on through the clouds of sand and dust.
The radar is tracking your exact location:
<fix>
-----------------
|{[p20] div10000000} {[p20] div1000000mod 10} {[p20] div100000mod 10} {[p20] div10000mod 10} {[p20] div1000mod 10} {[p20] div100mod 10} {[p20] div10mod 10} {[p20] mod 10}|  0 - unexplored
|{[p21] div10000000} {[p21] div1000000mod 10} {[p21] div100000mod 10} {[p21] div10000mod 10} {[p21] div1000mod 10} {[p21] div100mod 10} {[p21] div10mod 10} {[p21] mod 10}|      location
|{[p22] div10000000} {[p22] div1000000mod 10} {[p22] div100000mod 10} {[p22] div10000mod 10} {[p22] div1000mod 10} {[p22] div100mod 10} {[p22] div10mod 10} {[p22] mod 10}|  8 - unsuitable location
|{[p23] div10000000} {[p23] div1000000mod 10} {[p23] div100000mod 10} X {[p23] div1000mod 10} {[p23] div100mod 10} {[p23] div10mod 10} {[p23] mod 10}|  1 - your location
|{[p24] div10000000} {[p24] div1000000mod 10} {[p24] div100000mod 10} {[p24] div10000mod 10} {[p24] div1000mod 10} {[p24] div100mod 10} {[p24] div10mod 10} {[p24] mod 10}|  2 - Edelweiss site
|{[p25] div10000000} {[p25] div1000000mod 10} {[p25] div100000mod 10} {[p25] div10000mod 10} {[p25] div1000mod 10} {[p25] div100mod 10} {[p25] div10mod 10} {[p25] mod 10}|
|{[p26] div10000000} {[p26] div1000000mod 10} {[p26] div100000mod 10} {[p26] div10000mod 10} {[p26] div1000mod 10} {[p26] div100mod 10} {[p26] div10mod 10} {[p26] mod 10}|  X - base
|{[p27] div10000000} {[p27] div1000000mod 10} {[p27] div100000mod 10} {[p27] div10000mod 10} {[p27] div1000mod 10} {[p27] div100mod 10} {[p27] div10mod 10} {[p27] mod 10}|
-----------------</fix>"	"Quest,Edelweiss"	""
"/quests/Edelweiss.qmm/locations/44/texts/2/text"	"Вы задыхаетесь местной атмосферой, но продолжаете идти сквозь клубы песка и пыли.
Радар точно фиксирует ваше местоположение:
<fix>
-----------------
|{[p20] div10000000} {[p20] div1000000mod 10} {[p20] div100000mod 10} {[p20] div10000mod 10} {[p20] div1000mod 10} {[p20] div100mod 10} {[p20] div10mod 10} {[p20] mod 10}|  0 - неисследованная
|{[p21] div10000000} {[p21] div1000000mod 10} {[p21] div100000mod 10} {[p21] div10000mod 10} {[p21] div1000mod 10} {[p21] div100mod 10} {[p21] div10mod 10} {[p21] mod 10}|      местность
|{[p22] div10000000} {[p22] div1000000mod 10} {[p22] div100000mod 10} {[p22] div10000mod 10} {[p22] div1000mod 10} {[p22] div100mod 10} {[p22] div10mod 10} {[p22] mod 10}|  8 - место не подходит
|{[p23] div10000000} {[p23] div1000000mod 10} {[p23] div100000mod 10} X {[p23] div1000mod 10} {[p23] div100mod 10} {[p23] div10mod 10} {[p23] mod 10}|  1 - вы
|{[p24] div10000000} {[p24] div1000000mod 10} {[p24] div100000mod 10} {[p24] div10000mod 10} {[p24] div1000mod 10} {[p24] div100mod 10} {[p24] div10mod 10} {[p24] mod 10}|  2 - место под
|{[p25] div10000000} {[p25] div1000000mod 10} {[p25] div100000mod 10} {[p25] div10000mod 10} {[p25] div1000mod 10} {[p25] div100mod 10} {[p25] div10mod 10} {[p25] mod 10}|     ""Эдельвейс""
|{[p26] div10000000} {[p26] div1000000mod 10} {[p26] div100000mod 10} {[p26] div10000mod 10} {[p26] div1000mod 10} {[p26] div100mod 10} {[p26] div10mod 10} {[p26] mod 10}|  X - база
|{[p27] div10000000} {[p27] div1000000mod 10} {[p27] div100000mod 10} {[p27] div10000mod 10} {[p27] div1000mod 10} {[p27] div100mod 10} {[p27] div10mod 10} {[p27] mod 10}|
-----------------</fix>"	"Quest Edelweiss.qmm: locations.44.texts.2.text. Preserve every <tag> exactly. English reference: The local atmosphere is suffocating you, but you carry on through the clouds of sand and dust.
The radar is tracking your exact location:
<fix>
-----------------
|{[p20] div10000000} {[p20] div1000000mod 10} {[p20] div100000mod 10} {[p20] div10000mod 10} {[p20] div1000mod 10} {[p20] div100mod 10} {[p20] div10mod 10} {[p20] mod 10}|  0 - unexplored
|{[p21] div10000000} {[p21] div1000000mod 10} {[p21] div100000mod 10} {[p21] div10000mod 10} {[p21] div1000mod 10} {[p21] div100mod 10} {[p21] div10mod 10} {[p21] mod 10}|      location
|{[p22] div10000000} {[p22] div1000000mod 10} {[p22] div100000mod 10} {[p22] div10000mod 10} {[p22] div1000mod 10} {[p22] div100mod 10} {[p22] div10mod 10} {[p22] mod 10}|  8 - unsuitable location
|{[p23] div10000000} {[p23] div1000000mod 10} {[p23] div100000mod 10} X {[p23] div1000mod 10} {[p23] div100mod 10} {[p23] div10mod 10} {[p23] mod 10}|  1 - your location
|{[p24] div10000000} {[p24] div1000000mod 10} {[p24] div100000mod 10} {[p24] div10000mod 10} {[p24] div1000mod 10} {[p24] div100mod 10} {[p24] div10mod 10} {[p24] mod 10}|  2 - Edelweiss site
|{[p25] div10000000} {[p25] div1000000mod 10} {[p25] div100000mod 10} {[p25] div10000mod 10} {[p25] div1000mod 10} {[p25] div100mod 10} {[p25] div10mod 10} {[p25] mod 10}|
|{[p26] div10000000} {[p26] div1000000mod 10} {[p26] div100000mod 10} {[p26] div10000mod 10} {[p26] div1000mod 10} {[p26] div100mod 10} {[p26] div10mod 10} {[p26] mod 10}|  X - base
|{[p27] div10000000} {[p27] div1000000mod 10} {[p27] div100000mod 10} {[p27] div10000mod 10} {[p27] div1000mod 10} {[p27] div100mod 10} {[p27] div10mod 10} {[p27] mod 10}|
-----------------</fix>"	"Quest,Edelweiss"	""
"/quests/Edelweiss.qmm/locations/44/texts/3/text"	"Каждый шаг в скафандре по каменистой поверхности отдается звоном в ушах. Легкие сводят судороги в борьбе между желанием дышать и пониманием, что атмосфера для вас ядовита.
<fix>
-----------------
|{[p20] div10000000} {[p20] div1000000mod 10} {[p20] div100000mod 10} {[p20] div10000mod 10} {[p20] div1000mod 10} {[p20] div100mod 10} {[p20] div10mod 10} {[p20] mod 10}|  0 - неисследованная
|{[p21] div10000000} {[p21] div1000000mod 10} {[p21] div100000mod 10} {[p21] div10000mod 10} {[p21] div1000mod 10} {[p21] div100mod 10} {[p21] div10mod 10} {[p21] mod 10}|      местность
|{[p22] div10000000} {[p22] div1000000mod 10} {[p22] div100000mod 10} {[p22] div10000mod 10} {[p22] div1000mod 10} {[p22] div100mod 10} {[p22] div10mod 10} {[p22] mod 10}|  8 - место не подходит
|{[p23] div10000000} {[p23] div1000000mod 10} {[p23] div100000mod 10} X {[p23] div1000mod 10} {[p23] div100mod 10} {[p23] div10mod 10} {[p23] mod 10}|  1 - вы
|{[p24] div10000000} {[p24] div1000000mod 10} {[p24] div100000mod 10} {[p24] div10000mod 10} {[p24] div1000mod 10} {[p24] div100mod 10} {[p24] div10mod 10} {[p24] mod 10}|  2 - место под
|{[p25] div10000000} {[p25] div1000000mod 10} {[p25] div100000mod 10} {[p25] div10000mod 10} {[p25] div1000mod 10} {[p25] div100mod 10} {[p25] div10mod 10} {[p25] mod 10}|     ""Эдельвейс""
|{[p26] div10000000} {[p26] div1000000mod 10} {[p26] div100000mod 10} {[p26] div10000mod 10} {[p26] div1000mod 10} {[p26] div100mod 10} {[p26] div10mod 10} {[p26] mod 10}|  X - база
|{[p27] div10000000} {[p27] div1000000mod 10} {[p27] div100000mod 10} {[p27] div10000mod 10} {[p27] div1000mod 10} {[p27] div100mod 10} {[p27] div10mod 10} {[p27] mod 10}|
-----------------</fix>"	"Quest Edelweiss.qmm: locations.44.texts.3.text. Preserve every <tag> exactly. English reference: While wearing the spacesuit, every step you take on the planet's stony surface rings in your ears. Your lungs begin cramping as you struggle to breathe the poisonous atmosphere.
<fix>
-----------------
|{[p20] div10000000} {[p20] div1000000mod 10} {[p20] div100000mod 10} {[p20] div10000mod 10} {[p20] div1000mod 10} {[p20] div100mod 10} {[p20] div10mod 10} {[p20] mod 10}|  0 - unexplored
|{[p21] div10000000} {[p21] div1000000mod 10} {[p21] div100000mod 10} {[p21] div10000mod 10} {[p21] div1000mod 10} {[p21] div100mod 10} {[p21] div10mod 10} {[p21] mod 10}|      location
|{[p22] div10000000} {[p22] div1000000mod 10} {[p22] div100000mod 10} {[p22] div10000mod 10} {[p22] div1000mod 10} {[p22] div100mod 10} {[p22] div10mod 10} {[p22] mod 10}|  8 - unsuitable location
|{[p23] div10000000} {[p23] div1000000mod 10} {[p23] div100000mod 10} X {[p23] div1000mod 10} {[p23] div100mod 10} {[p23] div10mod 10} {[p23] mod 10}|  1 - your location
|{[p24] div10000000} {[p24] div1000000mod 10} {[p24] div100000mod 10} {[p24] div10000mod 10} {[p24] div1000mod 10} {[p24] div100mod 10} {[p24] div10mod 10} {[p24] mod 10}|  2 - Edelweiss site
|{[p25] div10000000} {[p25] div1000000mod 10} {[p25] div100000mod 10} {[p25] div10000mod 10} {[p25] div1000mod 10} {[p25] div100mod 10} {[p25] div10mod 10} {[p25] mod 10}|
|{[p26] div10000000} {[p26] div1000000mod 10} {[p26] div100000mod 10} {[p26] div10000mod 10} {[p26] div1000mod 10} {[p26] div100mod 10} {[p26] div10mod 10} {[p26] mod 10}|  X - base
|{[p27] div10000000} {[p27] div1000000mod 10} {[p27] div100000mod 10} {[p27] div10000mod 10} {[p27] div1000mod 10} {[p27] div100mod 10} {[p27] div10mod 10} {[p27] mod 10}|
-----------------</fix>"	"Quest,Edelweiss"	""
"/quests/Edelweiss.qmm/locations/44/texts/4/text"	"Каждый шаг в скафандре по каменистой поверхности отдается звоном в ушах. Легкие сводят судороги в борьбе между желанием дышать и пониманием, что атмосфера для вас ядовита.
<fix>
-----------------
|{[p20] div10000000} {[p20] div1000000mod 10} {[p20] div100000mod 10} {[p20] div10000mod 10} {[p20] div1000mod 10} {[p20] div100mod 10} {[p20] div10mod 10} {[p20] mod 10}|  0 - неисследованная
|{[p21] div10000000} {[p21] div1000000mod 10} {[p21] div100000mod 10} {[p21] div10000mod 10} {[p21] div1000mod 10} {[p21] div100mod 10} {[p21] div10mod 10} {[p21] mod 10}|      местность
|{[p22] div10000000} {[p22] div1000000mod 10} {[p22] div100000mod 10} {[p22] div10000mod 10} {[p22] div1000mod 10} {[p22] div100mod 10} {[p22] div10mod 10} {[p22] mod 10}|  8 - место не подходит
|{[p23] div10000000} {[p23] div1000000mod 10} {[p23] div100000mod 10} X {[p23] div1000mod 10} {[p23] div100mod 10} {[p23] div10mod 10} {[p23] mod 10}|  1 - вы
|{[p24] div10000000} {[p24] div1000000mod 10} {[p24] div100000mod 10} {[p24] div10000mod 10} {[p24] div1000mod 10} {[p24] div100mod 10} {[p24] div10mod 10} {[p24] mod 10}|  2 - место под
|{[p25] div10000000} {[p25] div1000000mod 10} {[p25] div100000mod 10} {[p25] div10000mod 10} {[p25] div1000mod 10} {[p25] div100mod 10} {[p25] div10mod 10} {[p25] mod 10}|     ""Эдельвейс""
|{[p26] div10000000} {[p26] div1000000mod 10} {[p26] div100000mod 10} {[p26] div10000mod 10} {[p26] div1000mod 10} {[p26] div100mod 10} {[p26] div10mod 10} {[p26] mod 10}|  X - база
|{[p27] div10000000} {[p27] div1000000mod 10} {[p27] div100000mod 10} {[p27] div10000mod 10} {[p27] div1000mod 10} {[p27] div100mod 10} {[p27] div10mod 10} {[p27] mod 10}|
-----------------</fix>"	"Quest Edelweiss.qmm: locations.44.texts.4.text. Preserve every <tag> exactly. English reference: While wearing the spacesuit, every step you take on the planet's stony surface rings in your ears. Your lungs begin cramping as you struggle to breathe the poisonous atmosphere.
<fix>
-----------------
|{[p20] div10000000} {[p20] div1000000mod 10} {[p20] div100000mod 10} {[p20] div10000mod 10} {[p20] div1000mod 10} {[p20] div100mod 10} {[p20] div10mod 10} {[p20] mod 10}|  0 - unexplored
|{[p21] div10000000} {[p21] div1000000mod 10} {[p21] div100000mod 10} {[p21] div10000mod 10} {[p21] div1000mod 10} {[p21] div100mod 10} {[p21] div10mod 10} {[p21] mod 10}|      location
|{[p22] div10000000} {[p22] div1000000mod 10} {[p22] div100000mod 10} {[p22] div10000mod 10} {[p22] div1000mod 10} {[p22] div100mod 10} {[p22] div10mod 10} {[p22] mod 10}|  8 - unsuitable location
|{[p23] div10000000} {[p23] div1000000mod 10} {[p23] div100000mod 10} X {[p23] div1000mod 10} {[p23] div100mod 10} {[p23] div10mod 10} {[p23] mod 10}|  1 - your location
|{[p24] div10000000} {[p24] div1000000mod 10} {[p24] div100000mod 10} {[p24] div10000mod 10} {[p24] div1000mod 10} {[p24] div100mod 10} {[p24] div10mod 10} {[p24] mod 10}|  2 - Edelweiss site
|{[p25] div10000000} {[p25] div1000000mod 10} {[p25] div100000mod 10} {[p25] div10000mod 10} {[p25] div1000mod 10} {[p25] div100mod 10} {[p25] div10mod 10} {[p25] mod 10}|
|{[p26] div10000000} {[p26] div1000000mod 10} {[p26] div100000mod 10} {[p26] div10000mod 10} {[p26] div1000mod 10} {[p26] div100mod 10} {[p26] div10mod 10} {[p26] mod 10}|  X - base
|{[p27] div10000000} {[p27] div1000000mod 10} {[p27] div100000mod 10} {[p27] div10000mod 10} {[p27] div1000mod 10} {[p27] div100mod 10} {[p27] div10mod 10} {[p27] mod 10}|
-----------------</fix>"	"Quest,Edelweiss"	""
"/quests/Edelweiss.qmm/locations/44/texts/5/text"	"Каждый шаг в скафандре по каменистой поверхности отдается звоном в ушах. Легкие сводят судороги в борьбе между желанием дышать и пониманием, что атмосфера для вас ядовита.
<fix>
-----------------
|{[p20] div10000000} {[p20] div1000000mod 10} {[p20] div100000mod 10} {[p20] div10000mod 10} {[p20] div1000mod 10} {[p20] div100mod 10} {[p20] div10mod 10} {[p20] mod 10}|  0 - неисследованная
|{[p21] div10000000} {[p21] div1000000mod 10} {[p21] div100000mod 10} {[p21] div10000mod 10} {[p21] div1000mod 10} {[p21] div100mod 10} {[p21] div10mod 10} {[p21] mod 10}|      местность
|{[p22] div10000000} {[p22] div1000000mod 10} {[p22] div100000mod 10} {[p22] div10000mod 10} {[p22] div1000mod 10} {[p22] div100mod 10} {[p22] div10mod 10} {[p22] mod 10}|  8 - место не подходит
|{[p23] div10000000} {[p23] div1000000mod 10} {[p23] div100000mod 10} X {[p23] div1000mod 10} {[p23] div100mod 10} {[p23] div10mod 10} {[p23] mod 10}|  1 - вы
|{[p24] div10000000} {[p24] div1000000mod 10} {[p24] div100000mod 10} {[p24] div10000mod 10} {[p24] div1000mod 10} {[p24] div100mod 10} {[p24] div10mod 10} {[p24] mod 10}|  2 - место под
|{[p25] div10000000} {[p25] div1000000mod 10} {[p25] div100000mod 10} {[p25] div10000mod 10} {[p25] div1000mod 10} {[p25] div100mod 10} {[p25] div10mod 10} {[p25] mod 10}|     ""Эдельвейс""
|{[p26] div10000000} {[p26] div1000000mod 10} {[p26] div100000mod 10} {[p26] div10000mod 10} {[p26] div1000mod 10} {[p26] div100mod 10} {[p26] div10mod 10} {[p26] mod 10}|  X - база
|{[p27] div10000000} {[p27] div1000000mod 10} {[p27] div100000mod 10} {[p27] div10000mod 10} {[p27] div1000mod 10} {[p27] div100mod 10} {[p27] div10mod 10} {[p27] mod 10}|
-----------------</fix>"	"Quest Edelweiss.qmm: locations.44.texts.5.text. Preserve every <tag> exactly. English reference: While wearing the spacesuit, every step you take on the planet's stony surface rings in your ears. Your lungs begin cramping as you struggle to breathe the poisonous atmosphere.
<fix>
-----------------
|{[p20] div10000000} {[p20] div1000000mod 10} {[p20] div100000mod 10} {[p20] div10000mod 10} {[p20] div1000mod 10} {[p20] div100mod 10} {[p20] div10mod 10} {[p20] mod 10}|  0 - unexplored
|{[p21] div10000000} {[p21] div1000000mod 10} {[p21] div100000mod 10} {[p21] div10000mod 10} {[p21] div1000mod 10} {[p21] div100mod 10} {[p21] div10mod 10} {[p21] mod 10}|      location
|{[p22] div10000000} {[p22] div1000000mod 10} {[p22] div100000mod 10} {[p22] div10000mod 10} {[p22] div1000mod 10} {[p22] div100mod 10} {[p22] div10mod 10} {[p22] mod 10}|  8 - unsuitable location
|{[p23] div10000000} {[p23] div1000000mod 10} {[p23] div100000mod 10} X {[p23] div1000mod 10} {[p23] div100mod 10} {[p23] div10mod 10} {[p23] mod 10}|  1 - your location
|{[p24] div10000000} {[p24] div1000000mod 10} {[p24] div100000mod 10} {[p24] div10000mod 10} {[p24] div1000mod 10} {[p24] div100mod 10} {[p24] div10mod 10} {[p24] mod 10}|  2 - Edelweiss site
|{[p25] div10000000} {[p25] div1000000mod 10} {[p25] div100000mod 10} {[p25] div10000mod 10} {[p25] div1000mod 10} {[p25] div100mod 10} {[p25] div10mod 10} {[p25] mod 10}|
|{[p26] div10000000} {[p26] div1000000mod 10} {[p26] div100000mod 10} {[p26] div10000mod 10} {[p26] div1000mod 10} {[p26] div100mod 10} {[p26] div10mod 10} {[p26] mod 10}|  X - base
|{[p27] div10000000} {[p27] div1000000mod 10} {[p27] div100000mod 10} {[p27] div10000mod 10} {[p27] div1000mod 10} {[p27] div100mod 10} {[p27] div10mod 10} {[p27] mod 10}|
-----------------</fix>"	"Quest,Edelweiss"	""
"/quests/Edelweiss.qmm/locations/44/texts/6/text"	"Все системы скафандра в норме, и вы медленно бредете по поверхности.
Анализатор делает свое дело, помечая пройденные территории на радаре:
<fix>
-----------------
|{[p20] div10000000} {[p20] div1000000mod 10} {[p20] div100000mod 10} {[p20] div10000mod 10} {[p20] div1000mod 10} {[p20] div100mod 10} {[p20] div10mod 10} {[p20] mod 10}|  0 - неисследованная
|{[p21] div10000000} {[p21] div1000000mod 10} {[p21] div100000mod 10} {[p21] div10000mod 10} {[p21] div1000mod 10} {[p21] div100mod 10} {[p21] div10mod 10} {[p21] mod 10}|      местность
|{[p22] div10000000} {[p22] div1000000mod 10} {[p22] div100000mod 10} {[p22] div10000mod 10} {[p22] div1000mod 10} {[p22] div100mod 10} {[p22] div10mod 10} {[p22] mod 10}|  8 - место не подходит
|{[p23] div10000000} {[p23] div1000000mod 10} {[p23] div100000mod 10} X {[p23] div1000mod 10} {[p23] div100mod 10} {[p23] div10mod 10} {[p23] mod 10}|  1 - вы
|{[p24] div10000000} {[p24] div1000000mod 10} {[p24] div100000mod 10} {[p24] div10000mod 10} {[p24] div1000mod 10} {[p24] div100mod 10} {[p24] div10mod 10} {[p24] mod 10}|  2 - место под
|{[p25] div10000000} {[p25] div1000000mod 10} {[p25] div100000mod 10} {[p25] div10000mod 10} {[p25] div1000mod 10} {[p25] div100mod 10} {[p25] div10mod 10} {[p25] mod 10}|     ""Эдельвейс""
|{[p26] div10000000} {[p26] div1000000mod 10} {[p26] div100000mod 10} {[p26] div10000mod 10} {[p26] div1000mod 10} {[p26] div100mod 10} {[p26] div10mod 10} {[p26] mod 10}|  X - база
|{[p27] div10000000} {[p27] div1000000mod 10} {[p27] div100000mod 10} {[p27] div10000mod 10} {[p27] div1000mod 10} {[p27] div100mod 10} {[p27] div10mod 10} {[p27] mod 10}|
-----------------</fix>"	"Quest Edelweiss.qmm: locations.44.texts.6.text. Preserve every <tag> exactly. English reference: All of the spacesuit's systems are operational as you grope slowly along the surface of the planet.
The analyzer is doing its work, marking the explored areas on your radar device:
<fix>
-----------------
|{[p20] div10000000} {[p20] div1000000mod 10} {[p20] div100000mod 10} {[p20] div10000mod 10} {[p20] div1000mod 10} {[p20] div100mod 10} {[p20] div10mod 10} {[p20] mod 10}|  0 - unexplored
|{[p21] div10000000} {[p21] div1000000mod 10} {[p21] div100000mod 10} {[p21] div10000mod 10} {[p21] div1000mod 10} {[p21] div100mod 10} {[p21] div10mod 10} {[p21] mod 10}|      location
|{[p22] div10000000} {[p22] div1000000mod 10} {[p22] div100000mod 10} {[p22] div10000mod 10} {[p22] div1000mod 10} {[p22] div100mod 10} {[p22] div10mod 10} {[p22] mod 10}|  8 - unsuitable location
|{[p23] div10000000} {[p23] div1000000mod 10} {[p23] div100000mod 10} X {[p23] div1000mod 10} {[p23] div100mod 10} {[p23] div10mod 10} {[p23] mod 10}|  1 - your location
|{[p24] div10000000} {[p24] div1000000mod 10} {[p24] div100000mod 10} {[p24] div10000mod 10} {[p24] div1000mod 10} {[p24] div100mod 10} {[p24] div10mod 10} {[p24] mod 10}|  2 - Edelweiss site
|{[p25] div10000000} {[p25] div1000000mod 10} {[p25] div100000mod 10} {[p25] div10000mod 10} {[p25] div1000mod 10} {[p25] div100mod 10} {[p25] div10mod 10} {[p25] mod 10}|
|{[p26] div10000000} {[p26] div1000000mod 10} {[p26] div100000mod 10} {[p26] div10000mod 10} {[p26] div1000mod 10} {[p26] div100mod 10} {[p26] div10mod 10} {[p26] mod 10}|  X - base
|{[p27] div10000000} {[p27] div1000000mod 10} {[p27] div100000mod 10} {[p27] div10000mod 10} {[p27] div1000mod 10} {[p27] div100mod 10} {[p27] div10mod 10} {[p27] mod 10}|
-----------------</fix>"	"Quest,Edelweiss"	""
"/quests/Edelweiss.qmm/locations/44/texts/7/text"	"Все системы скафандра в норме, и вы медленно бредете по поверхности.
Анализатор делает свое дело, помечая пройденные территории на радаре:
<fix>
-----------------
|{[p20] div10000000} {[p20] div1000000mod 10} {[p20] div100000mod 10} {[p20] div10000mod 10} {[p20] div1000mod 10} {[p20] div100mod 10} {[p20] div10mod 10} {[p20] mod 10}|  0 - неисследованная
|{[p21] div10000000} {[p21] div1000000mod 10} {[p21] div100000mod 10} {[p21] div10000mod 10} {[p21] div1000mod 10} {[p21] div100mod 10} {[p21] div10mod 10} {[p21] mod 10}|      местность
|{[p22] div10000000} {[p22] div1000000mod 10} {[p22] div100000mod 10} {[p22] div10000mod 10} {[p22] div1000mod 10} {[p22] div100mod 10} {[p22] div10mod 10} {[p22] mod 10}|  8 - место не подходит
|{[p23] div10000000} {[p23] div1000000mod 10} {[p23] div100000mod 10} X {[p23] div1000mod 10} {[p23] div100mod 10} {[p23] div10mod 10} {[p23] mod 10}|  1 - вы
|{[p24] div10000000} {[p24] div1000000mod 10} {[p24] div100000mod 10} {[p24] div10000mod 10} {[p24] div1000mod 10} {[p24] div100mod 10} {[p24] div10mod 10} {[p24] mod 10}|  2 - место под
|{[p25] div10000000} {[p25] div1000000mod 10} {[p25] div100000mod 10} {[p25] div10000mod 10} {[p25] div1000mod 10} {[p25] div100mod 10} {[p25] div10mod 10} {[p25] mod 10}|     ""Эдельвейс""
|{[p26] div10000000} {[p26] div1000000mod 10} {[p26] div100000mod 10} {[p26] div10000mod 10} {[p26] div1000mod 10} {[p26] div100mod 10} {[p26] div10mod 10} {[p26] mod 10}|  X - база
|{[p27] div10000000} {[p27] div1000000mod 10} {[p27] div100000mod 10} {[p27] div10000mod 10} {[p27] div1000mod 10} {[p27] div100mod 10} {[p27] div10mod 10} {[p27] mod 10}|
-----------------</fix>"	"Quest Edelweiss.qmm: locations.44.texts.7.text. Preserve every <tag> exactly. English reference: All of the spacesuit's systems are operational as you grope slowly along the surface of the planet.
The analyzer is doing its work, marking the explored areas on your radar device:
<fix>
-----------------
|{[p20] div10000000} {[p20] div1000000mod 10} {[p20] div100000mod 10} {[p20] div10000mod 10} {[p20] div1000mod 10} {[p20] div100mod 10} {[p20] div10mod 10} {[p20] mod 10}|  0 - unexplored
|{[p21] div10000000} {[p21] div1000000mod 10} {[p21] div100000mod 10} {[p21] div10000mod 10} {[p21] div1000mod 10} {[p21] div100mod 10} {[p21] div10mod 10} {[p21] mod 10}|      location
|{[p22] div10000000} {[p22] div1000000mod 10} {[p22] div100000mod 10} {[p22] div10000mod 10} {[p22] div1000mod 10} {[p22] div100mod 10} {[p22] div10mod 10} {[p22] mod 10}|  8 - unsuitable location
|{[p23] div10000000} {[p23] div1000000mod 10} {[p23] div100000mod 10} X {[p23] div1000mod 10} {[p23] div100mod 10} {[p23] div10mod 10} {[p23] mod 10}|  1 - your location
|{[p24] div10000000} {[p24] div1000000mod 10} {[p24] div100000mod 10} {[p24] div10000mod 10} {[p24] div1000mod 10} {[p24] div100mod 10} {[p24] div10mod 10} {[p24] mod 10}|  2 - Edelweiss site
|{[p25] div10000000} {[p25] div1000000mod 10} {[p25] div100000mod 10} {[p25] div10000mod 10} {[p25] div1000mod 10} {[p25] div100mod 10} {[p25] div10mod 10} {[p25] mod 10}|
|{[p26] div10000000} {[p26] div1000000mod 10} {[p26] div100000mod 10} {[p26] div10000mod 10} {[p26] div1000mod 10} {[p26] div100mod 10} {[p26] div10mod 10} {[p26] mod 10}|  X - base
|{[p27] div10000000} {[p27] div1000000mod 10} {[p27] div100000mod 10} {[p27] div10000mod 10} {[p27] div1000mod 10} {[p27] div100mod 10} {[p27] div10mod 10} {[p27] mod 10}|
-----------------</fix>"	"Quest,Edelweiss"	""
"/quests/Edelweiss.qmm/locations/44/texts/8/text"	"Все системы скафандра в норме, и вы медленно бредете по поверхности.
Анализатор делает свое дело, помечая пройденные территории на радаре:
<fix>
-----------------
|{[p20] div10000000} {[p20] div1000000mod 10} {[p20] div100000mod 10} {[p20] div10000mod 10} {[p20] div1000mod 10} {[p20] div100mod 10} {[p20] div10mod 10} {[p20] mod 10}|  0 - неисследованная
|{[p21] div10000000} {[p21] div1000000mod 10} {[p21] div100000mod 10} {[p21] div10000mod 10} {[p21] div1000mod 10} {[p21] div100mod 10} {[p21] div10mod 10} {[p21] mod 10}|      местность
|{[p22] div10000000} {[p22] div1000000mod 10} {[p22] div100000mod 10} {[p22] div10000mod 10} {[p22] div1000mod 10} {[p22] div100mod 10} {[p22] div10mod 10} {[p22] mod 10}|  8 - место не подходит
|{[p23] div10000000} {[p23] div1000000mod 10} {[p23] div100000mod 10} X {[p23] div1000mod 10} {[p23] div100mod 10} {[p23] div10mod 10} {[p23] mod 10}|  1 - вы
|{[p24] div10000000} {[p24] div1000000mod 10} {[p24] div100000mod 10} {[p24] div10000mod 10} {[p24] div1000mod 10} {[p24] div100mod 10} {[p24] div10mod 10} {[p24] mod 10}|  2 - место под
|{[p25] div10000000} {[p25] div1000000mod 10} {[p25] div100000mod 10} {[p25] div10000mod 10} {[p25] div1000mod 10} {[p25] div100mod 10} {[p25] div10mod 10} {[p25] mod 10}|     ""Эдельвейс""
|{[p26] div10000000} {[p26] div1000000mod 10} {[p26] div100000mod 10} {[p26] div10000mod 10} {[p26] div1000mod 10} {[p26] div100mod 10} {[p26] div10mod 10} {[p26] mod 10}|  X - база
|{[p27] div10000000} {[p27] div1000000mod 10} {[p27] div100000mod 10} {[p27] div10000mod 10} {[p27] div1000mod 10} {[p27] div100mod 10} {[p27] div10mod 10} {[p27] mod 10}|
-----------------</fix>"	"Quest Edelweiss.qmm: locations.44.texts.8.text. Preserve every <tag> exactly. English reference: All of the spacesuit's systems are operational as you grope slowly along the surface of the planet.
The analyzer is doing its work, marking the explored areas on your radar device:
<fix>
-----------------
|{[p20] div10000000} {[p20] div1000000mod 10} {[p20] div100000mod 10} {[p20] div10000mod 10} {[p20] div1000mod 10} {[p20] div100mod 10} {[p20] div10mod 10} {[p20] mod 10}|  0 - unexplored
|{[p21] div10000000} {[p21] div1000000mod 10} {[p21] div100000mod 10} {[p21] div10000mod 10} {[p21] div1000mod 10} {[p21] div100mod 10} {[p21] div10mod 10} {[p21] mod 10}|      location
|{[p22] div10000000} {[p22] div1000000mod 10} {[p22] div100000mod 10} {[p22] div10000mod 10} {[p22] div1000mod 10} {[p22] div100mod 10} {[p22] div10mod 10} {[p22] mod 10}|  8 - unsuitable location
|{[p23] div10000000} {[p23] div1000000mod 10} {[p23] div100000mod 10} X {[p23] div1000mod 10} {[p23] div100mod 10} {[p23] div10mod 10} {[p23] mod 10}|  1 - your location
|{[p24] div10000000} {[p24] div1000000mod 10} {[p24] div100000mod 10} {[p24] div10000mod 10} {[p24] div1000mod 10} {[p24] div100mod 10} {[p24] div10mod 10} {[p24] mod 10}|  2 - Edelweiss site
|{[p25] div10000000} {[p25] div1000000mod 10} {[p25] div100000mod 10} {[p25] div10000mod 10} {[p25] div1000mod 10} {[p25] div100mod 10} {[p25] div10mod 10} {[p25] mod 10}|
|{[p26] div10000000} {[p26] div1000000mod 10} {[p26] div100000mod 10} {[p26] div10000mod 10} {[p26] div1000mod 10} {[p26] div100mod 10} {[p26] div10mod 10} {[p26] mod 10}|  X - base
|{[p27] div10000000} {[p27] div1000000mod 10} {[p27] div100000mod 10} {[p27] div10000mod 10} {[p27] div1000mod 10} {[p27] div100mod 10} {[p27] div10mod 10} {[p27] mod 10}|
-----------------</fix>"	"Quest,Edelweiss"	""
"/quests/Edelweiss.qmm/locations/44/texts/9/text"	"Вы прошли сотню метров, как вдруг обнаружили, что радар погас. Несколько шлепков по корпусу вернули его к жизни, но показания сбились:
<fix>
-----------------
|{[2..9]} {[2..9]} {[2..9]} {[2..9]} {[2..9]} {[2..9]} {[2..9]} {[2..9]}|  0 - неисследованная
|{[2..9]} {[2..9]} {[2..9]} {[2..9]} {[2..9]} {[2..9]} {[2..9]} {[2..9]}|       местность
|{[2..9]} {[2..9]} {[2..9]} {[2..9]} {[2..9]} {[2..9]} {[2..9]} {[2..9]}|  8 - место не подходит
|{[2..9]} {[2..9]} {[2..9]} {[2..9]} {[2..9]} {[2..9]} {[2..9]} {[2..9]}|  1 - вы
|{[2..9]} {[2..9]} {[2..9]} {[2..9]} {[2..9]} {[2..9]} {[2..9]} {[2..9]}|  2 - место под
|{[2..9]} {[2..9]} {[2..9]} {[2..9]} {[2..9]} {[2..9]} {[2..9]} {[2..9]}|     ""Эдельвейс""
|{[2..9]} {[2..9]} {[2..9]} {[2..9]} {[2..9]} {[2..9]} {[2..9]} {[2..9]}|  X - база
|{[2..9]} {[2..9]} {[2..9]} {[2..9]} {[2..9]} {[2..9]} {[2..9]} {[2..9]}|
-----------------</fix>"	"Quest Edelweiss.qmm: locations.44.texts.9.text. Preserve every <tag> exactly. English reference: You go 100 meters and notice that your radar unit is dead. Slapping its case a few times seems to revive it, but its indicator lights are flickering:
<fix>
-----------------
|{[2..9]} {[2..9]} {[2..9]} {[2..9]} {[2..9]} {[2..9]} {[2..9]} {[2..9]}|  0 - unexplored
|{[2..9]} {[2..9]} {[2..9]} {[2..9]} {[2..9]} {[2..9]} {[2..9]} {[2..9]}|       location
|{[2..9]} {[2..9]} {[2..9]} {[2..9]} {[2..9]} {[2..9]} {[2..9]} {[2..9]}|  8 - unsuitable location
|{[2..9]} {[2..9]} {[2..9]} {[2..9]} {[2..9]} {[2..9]} {[2..9]} {[2..9]}|  1 - your location
|{[2..9]} {[2..9]} {[2..9]} {[2..9]} {[2..9]} {[2..9]} {[2..9]} {[2..9]}|  2 - Edelweiss site
|{[2..9]} {[2..9]} {[2..9]} {[2..9]} {[2..9]} {[2..9]} {[2..9]} {[2..9]}|
|{[2..9]} {[2..9]} {[2..9]} {[2..9]} {[2..9]} {[2..9]} {[2..9]} {[2..9]}|  X - base
|{[2..9]} {[2..9]} {[2..9]} {[2..9]} {[2..9]} {[2..9]} {[2..9]} {[2..9]}|
-----------------</fix>"	"Quest,Edelweiss"	""
"/quests/Edelweiss.qmm/locations/55/texts/0/text"	"Удар получился сильный и точный. Червь изогнулся дугой, затрясся и замер неподвижно. Вы осторожно выбрались из сыпучего грунта, с опаской поглядывая на труп хищника."	"Quest Edelweiss.qmm: locations.55.texts.0.text. Preserve every <tag> exactly. English reference: The blow is powerful and exact. The worm arches, begins trembles, and then becomes still. You cautiously get out of the quicksand and cast an apprehensive glance at the predator's corpse."	"Quest,Edelweiss"	""
"/quests/Edelweiss.qmm/locations/55/texts/1/text"	"Вы чуть не споткнулись обо что-то. Это был труп гаальца в скафандре. Он застыл как будто в крике, держась руками за горло. Вы осмотрели тело, насколько позволял тусклый свет звезды <ToStar>. У гаальца был перерезан шланг подачи кислорода, скорее всего смерть наступила от удушья. Расстегнув скафандр, на его куртке вы обнаружили бэйдж рейнджера с его порядковым номером. На всякий случай <clr>вы запомнили номер<clrEnd>."	"Quest Edelweiss.qmm: locations.55.texts.1.text. Preserve every <tag> exactly. English reference: You nearly trip over something. It's the body of a Gaal in a spacesuit. He's frozen as if attempting to shout, clutching his throat with his hands. You examine the corpse as carefully as the dim light of <ToStar> allows. The hose supplying oxygen to the his spacesuit has been severed.  He suffocated to death. After opening the spacesuit, you find a ranger badge and serial number on the wearer's jacket. <clr>You record the number,<clrEnd> just in case."	"Quest,Edelweiss"	""
"/quests/Edelweiss.qmm/locations/55/texts/2/text"	"Анализатор издал приятный звук, обозначив, что параметры места, где вы находитесь, полностью подходят для установки радиокомплекса."	"Quest Edelweiss.qmm: locations.55.texts.2.text. Preserve every <tag> exactly. English reference: The analyzer emits a pleasant sound, indicating that your current location satisfies the installation requirements for the radio unit."	"Quest,Edelweiss"	""
"/quests/Edelweiss.qmm/locations/55/texts/3/text"	"Вы с облегчением поставили ящик и нажали кнопку ""Запуск"". Упаковочные панели раскрылись, и механизм выпустил несколько опор, которые тут же углубились в почву. Набухший бутон сложенных антенн расправил свои пластины, образуя своеобразный цветок. Головка ""цветка"" сделала несколько сканирующих движений и замерла, видимо, отыскав лучшую для приема позицию."	"Quest Edelweiss.qmm: locations.55.texts.3.text. Preserve every <tag> exactly. English reference: Relieved, you put down the box and press the ""Install"" button. The panels on the packaging open and the mechanism releases several supports, which immediately go deep into the soil. The swollen bud of folded antennas extends its petals to form a sort of flower. The flower's head performs some scanning motions and then stands still, apparently having discovered the best position for reception."	"Quest,Edelweiss"	""
"/quests/Edelweiss.qmm/locations/55/texts/4/text"	"Вы ловко увернулись от замахов геолога и ответили мощным пинком. Фэянин не выдержал удара в живот и упал, забрызгав песок пеной изо рта."	"Quest Edelweiss.qmm: locations.55.texts.4.text. Preserve every <tag> exactly. English reference: You evade the geologist's blows and kick at him powerfully in return. The Fae takes a blow in the stomach and falls, dripping froth from his mouth onto the sand."	"Quest,Edelweiss"	""
"/quests/Edelweiss.qmm/locations/55/texts/5/text"	"Гайолак попытался вцепиться в ваше горло, но вы выставили пилу вперед и нажали ""Пуск""... Противный звук распиливающихся костей на время заглушил завывания бури. Гайолак обмяк и упал на красный песок."	"Quest Edelweiss.qmm: locations.55.texts.5.text. Preserve every <tag> exactly. English reference: Guyolak tries to grab your throat, but you thrust the saw forward and turn it on... The offensive sound of the bones being cut asunder muffles the howls of the storm. Guyolak goes limp and falls onto the red sand."	"Quest,Edelweiss"	""
"/quests/Edelweiss.qmm/locations/56/texts/0/text"	"Внезапно ваши ноги провалились в песок. Вы рванулись изо всех сил, но только увязли еще сильнее. И тут из-под земли вылез огромный червь. Вам не убежать, нужно что-то делать!"	"Quest Edelweiss.qmm: locations.56.texts.0.text. Preserve every <tag> exactly. English reference: Suddenly, your legs disappear into the sand. You struggle with all your might, but you are helplessly stuck. A huge worm emerges from the soil. You can't escape, but you've got to do something!"	"Quest,Edelweiss"	""
"/quests/Edelweiss.qmm/locations/56/texts/1/text"	"Улучив подходящий момент, вы что есть сил ударили червя по голове. Она была твердая как бетон. Ползун в ответ сильно боднул вас."	"Quest Edelweiss.qmm: locations.56.texts.1.text. Preserve every <tag> exactly. English reference: Waiting for the right moment, you strike the worm on its head. It's as hard as concrete. In response, the creeper gives you a strong bite."	"Quest,Edelweiss"	""
"/quests/Edelweiss.qmm/locations/56/texts/2/text"	"Ползун успел раскрыть пасть и больно укусить вас за руку."	"Quest Edelweiss.qmm: locations.56.texts.2.text. Preserve every <tag> exactly. English reference: The creeper manages to open its jaws and bite your arm, causing you great pain."	"Quest,Edelweiss"	""
"/quests/Edelweiss.qmm/locations/56/texts/3/text"	"Спина червя оказалась не очень защищенной, и вы нанесли ему ощутимый урон, оставив {[p28]*30}% здоровья."	"Quest Edelweiss.qmm: locations.56.texts.3.text. Preserve every <tag> exactly. English reference: The worm's back is unprotected. You strike, leaving it with just {[p28]*30}% of its health."	"Quest,Edelweiss"	""
"/quests/Edelweiss.qmm/locations/56/texts/4/text"	"Отвертка прошла глубоко в шею червя, оставив ему {[p28]*30}% здоровья."	"Quest Edelweiss.qmm: locations.56.texts.4.text. Preserve every <tag> exactly. English reference: The screwdriver cuts badly into the worm's neck, leaving it with {[p28]*30}% of its health."	"Quest,Edelweiss"	""
"/quests/Edelweiss.qmm/locations/56/texts/5/text"	"Резкие движения ногами еще сильнее затянули вас в песок. Червь смог обползти вас и сильно укусить в спину."	"Quest Edelweiss.qmm: locations.56.texts.5.text. Preserve every <tag> exactly. English reference: In your struggle to escape, you find yourself sinking deeper into the sand. The worm manages to creep around behind you. It bites you severely in the back."	"Quest,Edelweiss"	""
"/quests/Edelweiss.qmm/locations/59/texts/0/text"	"Дверной проем оказался несколько не по размеру скафандра - не пройти!"	"Quest Edelweiss.qmm: locations.59.texts.0.text. Preserve every <tag> exactly. English reference: The door opening is too small for your spacesuit to pass through!"	"Quest,Edelweiss"	""
"/quests/Edelweiss.qmm/locations/59/texts/1/text"	"Скафандр из-за своих габаритов не дает пройти в дверь."	"Quest Edelweiss.qmm: locations.59.texts.1.text. Preserve every <tag> exactly. English reference: The spacesuit is too big - it's preventing you from going through the door."	"Quest,Edelweiss"	""
"/quests/Edelweiss.qmm/locations/59/texts/2/text"	"Нужно снять скафандр, чтобы пройти в дверь."	"Quest Edelweiss.qmm: locations.59.texts.2.text. Preserve every <tag> exactly. English reference: You must remove the spacesuit to pass through the door."	"Quest,Edelweiss"	""
"/quests/Edelweiss.qmm/locations/59/texts/3/text"	"Нужно снять скафандр, чтобы пройти в дверь. Это можно сделать у стойки с оборудованием."	"Quest Edelweiss.qmm: locations.59.texts.3.text. Preserve every <tag> exactly. English reference: You must remove the spacesuit to pass through the door. You can do that at the equipment rack."	"Quest,Edelweiss"	""
"/quests/Edelweiss.qmm/locations/61/texts/0/text"	"Вас ударили в спину! Обернувшись, вы увидели Гайолака в скафандре, с палкой наперевес. 
- Ха-ха, что, не ждал, <Ranger>? Вот так же и твой предшественник, все пытался наладить связь, вынюхивал, чем я занимаюсь, чтобы настучать этим... - геолог указал палкой куда-то вверх. Свист ветра заглушал злобное пыхтение геолога, но он продолжил. - Ты уже труп, и унесешь мой маленький секрет с собой. Так вот, ползуны - это прирожденные золотодобытчики. Находят самородки и глотают их как акулы. Не знаю, нужны ли они им для пищеварения, но золото всегда можно найти у них в желудках!"	"Quest Edelweiss.qmm: locations.61.texts.0.text. Preserve every <tag> exactly. English reference: Something hits you in the back! Turning around, you see Guyolak wearing a spacesuit. He's brandishing a stick at you. 
""Heh, heh. You weren't expecting that were you, <Ranger>? Neither did your predecessor. He kept trying to set up the communication link and nose into what I was doing, so he could snitch on me... "" said the geologist, pointing somewhere upward with his stick. The wind muffled the geologist's spiteful panting, but he went on: ""You're already a dead man, and you'll take my little secret with you. The creepers are natural gold-miners - they find nuggets and devour them like sharks. I don't know if they need it for digestion or what, but you can always find gold in their stomachs!"""	"Quest,Edelweiss"	""
"/quests/Edelweiss.qmm/locations/61/texts/1/text"	"На ваш мирный жест геолог надменно усмехнулся и со всего маху ударил вас палкой. 
- Неужели рейнджеры все такие тупые, и не могут понять, что для выхода в такую погоду наружу нужен очень хороший стимул?! По мне, так золото - это неоспоримый аргумент для риска, и не только своей жизнью! - по его гримасе было понятно, что за презренный металл он готов убить кого угодно."	"Quest Edelweiss.qmm: locations.61.texts.1.text. Preserve every <tag> exactly. English reference: In response to your peaceful gesture, the geologist laughed haughtily and walloped you with the stick. 
""Are all rangers so stupid that they can't understand it takes some serious motivation to go out into weather like this? Personally, gold is worth the risk - and not just to my own life!"" The scowl on his face told you he was prepared to kill anyone for the contemptible metal."	"Quest,Edelweiss"	""
"/quests/Edelweiss.qmm/locations/61/texts/2/text"	"Вы нанесли серию ударов, но большая их часть пришлась по твердым панелям скафандра. Гайолак только рассмеялся и снова занес над вами палку."	"Quest Edelweiss.qmm: locations.61.texts.2.text. Preserve every <tag> exactly. English reference: You deliver a series of blows, but most of them hit the hard parts of his spacesuit. Guyolak bursts out laughing and again brings the stick down on your head."	"Quest,Edelweiss"	""
"/quests/Edelweiss.qmm/locations/61/texts/4/text"	"Вам удалось пнуть Гайолака в незащищенный щитками живот. Для фэянина это довольно болезненно."	"Quest Edelweiss.qmm: locations.61.texts.4.text. Preserve every <tag> exactly. English reference: You manage to kick Guyolak in the unprotected area of the stomach. It hurt the Fae - a lot."	"Quest,Edelweiss"	""
"/quests/Edelweiss.qmm/locations/63/texts/0/text"	"В динамиках раздалось только противное ""Пш-ш-ш-ш-ш-ш"". Сквозь помехи нельзя было ничего разобрать."	"Quest Edelweiss.qmm: locations.63.texts.0.text. Preserve every <tag> exactly. English reference: The speakers emit only an annoying ""Psh-psh-psh-psh"" sound. You can't make out anything because of all the interference."	"Quest,Edelweiss"	""
"/quests/Edelweiss.qmm/locations/64/texts/0/text"	"Картинка была не самая четкая, но достаточно устойчивый сигнал позволил вам связаться с планетой <FromPlanet>. - О! Я вижу, вы вышли на связь из своей каюты! - руководитель исследований прямо сиял от радости, но затем немного поник. - Я вот пытаюсь связаться с геологом, но Гайолак не отвечает, вы не знаете, почему?
- Он вышел на поверхность и... ничего не говорил про возвращение, - вы не стали посвящать руководителя во все детали последней встречи с геологом.
- Хм. Вот это действительно странно. Ну ладно, на ваше место мы нашли специалиста на постоянной основе. Он должен появиться на станции уже завтра, и разберется - что да как. Ну, а раз вы установили связь, можете лететь за вознаграждением. Будем вас ждать, <Ranger>!
- Хорошо. До встречи.
Выключив передатчик, вы направились в ангар. У трапа вы обнаружили ящик, <clr>в нем оказались золотые самородки<clrEnd> - геолог явно готовился к отлету на вашем же корабле."	"Quest Edelweiss.qmm: locations.64.texts.0.text. Preserve every <tag> exactly. English reference: It isn't the most crisp picture, but the signal is stable enough to communicate with planet <FromPlanet>. ""Oh, I see you've connected from your bunkroom!"" said the chief researcher, beaming with satisfaction. Then he became somewhat deflated. ""I've been trying to contact the geologist, but Guyolak isn't responding. Do you know why?""
He went out onto the surface and… didn't say anything about returning,"" you said without going into all the details of your last encounter with the geologist.
""Hmmm... That is really strange. Well, we've found a permanent replacement for you. He should be at the station tomorrow morning and he'll be able to figure everything out., Well, you've established the connection, so you can come for your reward. We'll be waiting for you, <Ranger>!
""Okay. Until then.""
After turning off the transmitter, your head toward the hangar. You find a box of <clr>gold nuggets<clrEnd> on the ramp – the geologist was clearly preparing to fly away on your ship."	"Quest,Edelweiss"	""
"/quests/Edelweiss.qmm/locations/68/texts/0/text"	"На ваш стук геолог приоткрыл дверь и вопросительно посмотрел на вас."	"Quest Edelweiss.qmm: locations.68.texts.0.text. Preserve every <tag> exactly. English reference: After hearing your knock, the geologist opens the door slightly and looks at you questioningly."	"Quest,Edelweiss"	""
"/quests/Edelweiss.qmm/locations/68/texts/1/text"	"Гайолак только поморщился. 
- Бла, бла, бла-бла-бла... Ближе к делу, <Ranger><clr>ерак<clrEnd>!
- <Ranger>, - поправили вы его.
- Неважно. Говори, че тебе надо, или отвали."	"Quest Edelweiss.qmm: locations.68.texts.1.text. Preserve every <tag> exactly. English reference: Guyolak only scowls. 
""Blah, blah, blah-blity, blah...get to the point, <clr>Little<clrEnd> <Ranger>!
""<Ranger>,"" you correct him.
""It doesn't matter. Say what you need or get out of here."""	"Quest,Edelweiss"	""
"/quests/Edelweiss.qmm/locations/68/texts/2/text"	"Гайолак прищурился, но тут же скривился в напускной ухмылке. 
- Хе-хе. Да тут все просто. Этот болван вышел <clr>на поверхность без радара и заблудился<clrEnd>. А песчаная буря, скажу тебе, не любит прощать оплошностей, - геолог небрежно смахнул с рукава склизкий кусочек червя и уставился на вас."	"Quest Edelweiss.qmm: locations.68.texts.2.text. Preserve every <tag> exactly. English reference: Guyolak's eyes narrow, then he suddenly puts on an affected grin. 
""Heh, heh. It's quite simple. The blockhead went out <clr>onto the surface with no radar and got lost<clrEnd>. And sandstorms aren't very forgiving of blunders."" The geologist carelessly brushes away a slimy slice of a worm and stares at you."	"Quest,Edelweiss"	""
"/quests/Edelweiss.qmm/locations/68/texts/3/text"	"- Кольчатый ползун - местный хищник. Ползуны покрывают большие расстояния в грунте, и получается, что для меня это как естественный зонд, расширяющий зону моих исследований. Они цепляют на свои волоски песчинки с самых разных глубин, а в желудке у них можно найти... - тут геолог запнулся и перевел тему. - Если ты про того, что видел у меня, то он уже безобиден как снеговик весной. Поверь."	"Quest Edelweiss.qmm: locations.68.texts.3.text. Preserve every <tag> exactly. English reference: ""The annulus creeper is a local predator. The creepers cover large distances underground. For me, they're like a natural probe that extends the area of my research. Their hairs pick up grit at all sorts of depths, and their stomachs have..."" Just then the geologist hesitated and changed the subject. If you’re talking about the one you saw in my bunkroom, it's as harmless as a snowman in the spring. Believe me."""	"Quest,Edelweiss"	""
"/quests/Edelweiss.qmm/locations/68/texts/4/text"	"- Это не ко мне. Ты инженер, <clr>у тебя есть оборудование, компьютер<clrEnd> - и вперед! Не ждешь же ты, что я буду за тебя делать твою работу? Мне и без постоянной радиосвязи с планетой <FromPlanet> забот хватает... - и Гайолак нервно постучал пальцами по дверному косяку."	"Quest Edelweiss.qmm: locations.68.texts.4.text. Preserve every <tag> exactly. English reference: ""That doesn't concern me. You're an engineer; <clr>you've got equipment, a computer<clrEnd> - so, go right ahead! You're not expecting me to do your job, are you? I've got enough trouble without any permanent radio communication with <FromPlanet>..."" said Guyolak, nervously drumming his fingers on the door frame."	"Quest,Edelweiss"	""
"/quests/Edelweiss.qmm/locations/68/texts/5/text"	"- Не, ну ты совсем нахал. Делай свою работу, а я свою. И не нужно ломиться в мою каюту: у меня тоже есть право на личную жизнь, в конце концов, - Гайолак сложил руки на груди и нахмурился."	"Quest Edelweiss.qmm: locations.68.texts.5.text. Preserve every <tag> exactly. English reference: ""Man, you are really obnoxious. Do your job, and I'll do mine. And you don't need to go breaking into my bunkroom: after all, I've got a right to privacy, too.  Guyolak folds his arms across his chest and frowns."	"Quest,Edelweiss"	""
"/quests/Edelweiss.qmm/locations/68/texts/6/text"	"- Э-э, - фэянин замялся на секунду, - этот ползун мешал мне спать, все скребся о дно моей каюты, ну и пришлось его обезвредить."	"Quest Edelweiss.qmm: locations.68.texts.6.text. Preserve every <tag> exactly. English reference: ""Uh,"" said the fae, faltering for a moment. That creeper wouldn't let me sleep with its constant scratching at the bottom of my bunkroom, so I neutralized it."	"Quest,Edelweiss"	""
"/quests/Edelweiss.qmm/locations/68/texts/7/text"	"- А. Так ты за этим. Щас... - геолог отошел вглубь каюты, и в образовавшийся проем вы смогли увидеть пятна слизи на полу, а также хвост червя, свисающий со стола. - На вот, держи! - Гайолак протянул вам плоский прибор с застежками, но наигранно уронил его прямо вам под ноги. - Уп-с-с-с, - ехидный фэянин, кажется, получил удовольствие от этого. - Да ты не бойся. Он противоударный... наверно, - и геолог залился противным смехом. 
<clr>Вы подняли радар<clrEnd> - он действительно оказался целым, - и прицепили себе на руку."	"Quest Edelweiss.qmm: locations.68.texts.7.text. Preserve every <tag> exactly. English reference: ""Ah. So that's what you're after. Just a second..."" The geologist retreats deep into the bunkroom, and through the open door you can see slime stains on the floor as well as a worm tail drooping from the table. ""Here you go!"" said Guyolak, offering you a flat device with fasteners. But then he intentionally dropped it to your feet. ""Oops,"" said the malicious Fae, apparently deriving satisfaction from this. ""Don't you worry. It's shockproof... Probably."" The geologist bursts into disgusting laughter. 
<clr>You pick up the radar unit<clrEnd>, which turns to out to be okay. You attach it to your arm."	"Quest,Edelweiss"	""
"/quests/Edelweiss.qmm/locations/73/texts/0/text"	"- Погодите, <Ranger>! Вы же сталкиваетесь с более сложными задачами на своей повседневной службе. Пожалуйста, помогите нам с установкой радиокомплекса, - чиновник буквально умолял вас."	"Quest Edelweiss.qmm: locations.73.texts.0.text. Preserve every <tag> exactly. English reference: ""Hold on, <Ranger>! You encounter more difficult tasks in your everyday service. Please help us install the radio unit,"" begs the official."	"Quest,Edelweiss"	""
"/quests/Edelweiss.qmm/jumps/0/text"	"Спуститься по трапу"	"Quest Edelweiss.qmm: jumps.0.text. Preserve every <tag> exactly. English reference: Go down the ramp"	"Quest,Edelweiss"	""
"/quests/Edelweiss.qmm/jumps/1/text"	"На север"	"Quest Edelweiss.qmm: jumps.1.text. Preserve every <tag> exactly. English reference: Go north"	"Quest,Edelweiss"	""
"/quests/Edelweiss.qmm/jumps/2/text"	"На юг"	"Quest Edelweiss.qmm: jumps.2.text. Preserve every <tag> exactly. English reference: Go south"	"Quest,Edelweiss"	""
"/quests/Edelweiss.qmm/jumps/3/text"	"На восток"	"Quest Edelweiss.qmm: jumps.3.text. Preserve every <tag> exactly. English reference: Go east"	"Quest,Edelweiss"	""
"/quests/Edelweiss.qmm/jumps/4/text"	"На запад"	"Quest Edelweiss.qmm: jumps.4.text. Preserve every <tag> exactly. English reference: Go west"	"Quest,Edelweiss"	""
"/quests/Edelweiss.qmm/jumps/13/text"	"Продолжить движение"	"Quest Edelweiss.qmm: jumps.13.text. Preserve every <tag> exactly. English reference: Keep moving"	"Quest,Edelweiss"	""
"/quests/Edelweiss.qmm/jumps/28/text"	"В коридор"	"Quest Edelweiss.qmm: jumps.28.text. Preserve every <tag> exactly. English reference: To the corridor"	"Quest,Edelweiss"	""
"/quests/Edelweiss.qmm/jumps/29/text"	"В ангар"	"Quest Edelweiss.qmm: jumps.29.text. Preserve every <tag> exactly. English reference: To the hangar"	"Quest,Edelweiss"	""
"/quests/Edelweiss.qmm/jumps/30/text"	"В шлюзовую камеру"	"Quest Edelweiss.qmm: jumps.30.text. Preserve every <tag> exactly. English reference: To the lock chamber"	"Quest,Edelweiss"	""
"/quests/Edelweiss.qmm/jumps/31/text"	"В коридор"	"Quest Edelweiss.qmm: jumps.31.text. Preserve every <tag> exactly. English reference: To the corridor"	"Quest,Edelweiss"	""
"/quests/Edelweiss.qmm/jumps/32/text"	"В вашу каюту"	"Quest Edelweiss.qmm: jumps.32.text. Preserve every <tag> exactly. English reference: To your bunkroom"	"Quest,Edelweiss"	""
"/quests/Edelweiss.qmm/jumps/33/text"	"В коридор"	"Quest Edelweiss.qmm: jumps.33.text. Preserve every <tag> exactly. English reference: To the corridor"	"Quest,Edelweiss"	""
"/quests/Edelweiss.qmm/jumps/34/text"	"В коридор"	"Quest Edelweiss.qmm: jumps.34.text. Preserve every <tag> exactly. English reference: To the corridor"	"Quest,Edelweiss"	""
"/quests/Edelweiss.qmm/jumps/35/text"	"К оборудованию"	"Quest Edelweiss.qmm: jumps.35.text. Preserve every <tag> exactly. English reference: To the equipment"	"Quest,Edelweiss"	""
"/quests/Edelweiss.qmm/jumps/36/text"	"В коридор"	"Quest Edelweiss.qmm: jumps.36.text. Preserve every <tag> exactly. English reference: To the corridor"	"Quest,Edelweiss"	""
"/quests/Edelweiss.qmm/jumps/37/text"	"На поверхность"	"Quest Edelweiss.qmm: jumps.37.text. Preserve every <tag> exactly. English reference: To the surface"	"Quest,Edelweiss"	""
"/quests/Edelweiss.qmm/jumps/38/text"	"Облачиться в скафандр"	"Quest Edelweiss.qmm: jumps.38.text. Preserve every <tag> exactly. English reference: Put the spacesuit on"	"Quest,Edelweiss"	""
"/quests/Edelweiss.qmm/jumps/39/text"	"Снять скафандр"	"Quest Edelweiss.qmm: jumps.39.text. Preserve every <tag> exactly. English reference: Remove the spacesuit"	"Quest,Edelweiss"	""
"/quests/Edelweiss.qmm/jumps/57/text"	"Отказаться от выполнения задания"	"Quest Edelweiss.qmm: jumps.57.text. Preserve every <tag> exactly. English reference: Decline to fulfill the mission"	"Quest,Edelweiss"	""
"/quests/Edelweiss.qmm/jumps/58/text"	"Подняться на корабле над песчаной бурей, для переговоров с правительством"	"Quest Edelweiss.qmm: jumps.58.text. Preserve every <tag> exactly. English reference: Fly the ship above the sandstorm in order to talk with the government"	"Quest,Edelweiss"	""
"/quests/Edelweiss.qmm/jumps/59/text"	"Совершить посадку в ангар станции"	"Quest Edelweiss.qmm: jumps.59.text. Preserve every <tag> exactly. English reference: Land in the station hangar"	"Quest,Edelweiss"	""
"/quests/Edelweiss.qmm/jumps/60/text"	"Подняться на корабль"	"Quest Edelweiss.qmm: jumps.60.text. Preserve every <tag> exactly. English reference: Climb up into the ship"	"Quest,Edelweiss"	""
"/quests/Edelweiss.qmm/jumps/61/text"	"Спуститься по трапу"	"Quest Edelweiss.qmm: jumps.61.text. Preserve every <tag> exactly. English reference: Go down the ramp"	"Quest,Edelweiss"	""
"/quests/Edelweiss.qmm/jumps/62/text"	"Отказаться от выполнения задания"	"Quest Edelweiss.qmm: jumps.62.text. Preserve every <tag> exactly. English reference: Decline to fulfill the mission"	"Quest,Edelweiss"	""
"/quests/Edelweiss.qmm/jumps/63/text"	"В каюту геолога"	"Quest Edelweiss.qmm: jumps.63.text. Preserve every <tag> exactly. English reference: To the geologist's bunkroom"	"Quest,Edelweiss"	""
"/quests/Edelweiss.qmm/jumps/64/text"	"Спросить про погибшего инженера"	"Quest Edelweiss.qmm: jumps.64.text. Preserve every <tag> exactly. English reference: Ask about the engineer who died"	"Quest,Edelweiss"	""
"/quests/Edelweiss.qmm/jumps/65/text"	"Спросить про червя"	"Quest Edelweiss.qmm: jumps.65.text. Preserve every <tag> exactly. English reference: Ask about the worm"	"Quest,Edelweiss"	""
"/quests/Edelweiss.qmm/jumps/66/text"	"Спросить про установку ""Эдельвейса"""	"Quest Edelweiss.qmm: jumps.66.text. Preserve every <tag> exactly. English reference: Ask about the Edelweiss installation"	"Quest,Edelweiss"	""
"/quests/Edelweiss.qmm/jumps/67/text"	"Намекнуть, что нужно сотрудничать"	"Quest Edelweiss.qmm: jumps.67.text. Preserve every <tag> exactly. English reference: Hint that his cooperation is required"	"Quest,Edelweiss"	""
"/quests/Edelweiss.qmm/jumps/68/text"	"Почитать инструкцию по установке ""Эдельвейса"""	"Quest Edelweiss.qmm: jumps.68.text. Preserve every <tag> exactly. English reference: Read the instructions for the Edelweiss installation"	"Quest,Edelweiss"	""
"/quests/Edelweiss.qmm/jumps/69/text"	"Ввести пароль к видеофайлу"	"Quest Edelweiss.qmm: jumps.69.text. Preserve every <tag> exactly. English reference: Enter the password for the video file"	"Quest,Edelweiss"	""
"/quests/Edelweiss.qmm/jumps/70/text"	"Использовать медицинский аппарат"	"Quest Edelweiss.qmm: jumps.70.text. Preserve every <tag> exactly. English reference: Use the medical device"	"Quest,Edelweiss"	""
"/quests/Edelweiss.qmm/jumps/71/text"	"Отказаться от выполнения задания"	"Quest Edelweiss.qmm: jumps.71.text. Preserve every <tag> exactly. English reference: Decline to fulfill the mission"	"Quest,Edelweiss"	""
"/quests/Edelweiss.qmm/jumps/72/text"	"Взять ""Эдельвейс"""	"Quest Edelweiss.qmm: jumps.72.text. Preserve every <tag> exactly. English reference: Take the Edelweiss unit"	"Quest,Edelweiss"	""
"/quests/Edelweiss.qmm/jumps/73/text"	"Намекнуть на то, что геолог все же выходит наружу"	"Quest Edelweiss.qmm: jumps.73.text. Preserve every <tag> exactly. English reference: Suggest that the geologist should come outside"	"Quest,Edelweiss"	""
"/quests/Edelweiss.qmm/jumps/78/text"	"Вернуться на базу"	"Quest Edelweiss.qmm: jumps.78.text. Preserve every <tag> exactly. English reference: Go back to the base"	"Quest,Edelweiss"	""
"/quests/Edelweiss.qmm/jumps/82/text"	"На восток"	"Quest Edelweiss.qmm: jumps.82.text. Preserve every <tag> exactly. English reference: Go east"	"Quest,Edelweiss"	""
"/quests/Edelweiss.qmm/jumps/83/text"	"На восток"	"Quest Edelweiss.qmm: jumps.83.text. Preserve every <tag> exactly. English reference: Go east"	"Quest,Edelweiss"	""
"/quests/Edelweiss.qmm/jumps/84/text"	"На запад"	"Quest Edelweiss.qmm: jumps.84.text. Preserve every <tag> exactly. English reference: Go west"	"Quest,Edelweiss"	""
"/quests/Edelweiss.qmm/jumps/85/text"	"На запад"	"Quest Edelweiss.qmm: jumps.85.text. Preserve every <tag> exactly. English reference: Go west"	"Quest,Edelweiss"	""
"/quests/Edelweiss.qmm/jumps/86/text"	"На север"	"Quest Edelweiss.qmm: jumps.86.text. Preserve every <tag> exactly. English reference: Go north"	"Quest,Edelweiss"	""
"/quests/Edelweiss.qmm/jumps/87/text"	"На север"	"Quest Edelweiss.qmm: jumps.87.text. Preserve every <tag> exactly. English reference: Go north"	"Quest,Edelweiss"	""
"/quests/Edelweiss.qmm/jumps/88/text"	"На юг"	"Quest Edelweiss.qmm: jumps.88.text. Preserve every <tag> exactly. English reference: Go south"	"Quest,Edelweiss"	""
"/quests/Edelweiss.qmm/jumps/89/text"	"На юг"	"Quest Edelweiss.qmm: jumps.89.text. Preserve every <tag> exactly. English reference: Go south"	"Quest,Edelweiss"	""
"/quests/Edelweiss.qmm/jumps/98/text"	"Вернуться на базу"	"Quest Edelweiss.qmm: jumps.98.text. Preserve every <tag> exactly. English reference: Go back to the base"	"Quest,Edelweiss"	""
"/quests/Edelweiss.qmm/jumps/99/text"	"Вернуться на базу"	"Quest Edelweiss.qmm: jumps.99.text. Preserve every <tag> exactly. English reference: Go back to the base"	"Quest,Edelweiss"	""
"/quests/Edelweiss.qmm/jumps/110/text"	"Заглянуть под стол"	"Quest Edelweiss.qmm: jumps.110.text. Preserve every <tag> exactly. English reference: Look under the table"	"Quest,Edelweiss"	""
"/quests/Edelweiss.qmm/jumps/111/text"	"В вашу каюту"	"Quest Edelweiss.qmm: jumps.111.text. Preserve every <tag> exactly. English reference: To your bunkroom"	"Quest,Edelweiss"	""
"/quests/Edelweiss.qmm/jumps/112/text"	"Отойти от дверей"	"Quest Edelweiss.qmm: jumps.112.text. Preserve every <tag> exactly. English reference: Step away from the door"	"Quest,Edelweiss"	""
"/quests/Edelweiss.qmm/jumps/113/text"	"В каюту геолога"	"Quest Edelweiss.qmm: jumps.113.text. Preserve every <tag> exactly. English reference: To the geologist's bunkroom"	"Quest,Edelweiss"	""
"/quests/Edelweiss.qmm/jumps/114/text"	"В ангар"	"Quest Edelweiss.qmm: jumps.114.text. Preserve every <tag> exactly. English reference: To the hangar"	"Quest,Edelweiss"	""
"/quests/Edelweiss.qmm/jumps/118/text"	"Попытаться найти мирное решение"	"Quest Edelweiss.qmm: jumps.118.text. Preserve every <tag> exactly. English reference: Try to find a peaceful resolution"	"Quest,Edelweiss"	""
"/quests/Edelweiss.qmm/jumps/120/text"	"Выйти на связь с правительством планеты <FromPlanet>"	"Quest Edelweiss.qmm: jumps.120.text. Preserve every <tag> exactly. English reference: Communicate with the government of planet <FromPlanet>"	"Quest,Edelweiss"	""
"/quests/Edelweiss.qmm/jumps/121/text"	"Выключить передатчик"	"Quest Edelweiss.qmm: jumps.121.text. Preserve every <tag> exactly. English reference: Turn off the transmitter"	"Quest,Edelweiss"	""
"/quests/Edelweiss.qmm/jumps/122/text"	"Выйти на связь с правительством планеты <FromPlanet>"	"Quest Edelweiss.qmm: jumps.122.text. Preserve every <tag> exactly. English reference: Communicate with the government of planet <FromPlanet>"	"Quest,Edelweiss"	""
"/quests/Edelweiss.qmm/jumps/123/text"	"Сообщить о выходах геолога на поверхность"	"Quest Edelweiss.qmm: jumps.123.text. Preserve every <tag> exactly. English reference: Describe the geologist's activities on the surface"	"Quest,Edelweiss"	""
"/quests/Edelweiss.qmm/jumps/124/text"	"Уточнить задание"	"Quest Edelweiss.qmm: jumps.124.text. Preserve every <tag> exactly. English reference: Clarify your mission"	"Quest,Edelweiss"	""
"/quests/Edelweiss.qmm/jumps/125/text"	"Сказать про червя"	"Quest Edelweiss.qmm: jumps.125.text. Preserve every <tag> exactly. English reference: Mention the worm"	"Quest,Edelweiss"	""
"/quests/Edelweiss.qmm/jumps/126/text"	"Упомянуть про радар геолога"	"Quest Edelweiss.qmm: jumps.126.text. Preserve every <tag> exactly. English reference: Mention the geologist's radar"	"Quest,Edelweiss"	""
"/quests/Edelweiss.qmm/jumps/127/text"	"Рассказать про находку гаальца"	"Quest Edelweiss.qmm: jumps.127.text. Preserve every <tag> exactly. English reference: Say something about the Gaal's discovery"	"Quest,Edelweiss"	""
"/quests/Edelweiss.qmm/jumps/128/text"	"Спросить о дальнейших действиях"	"Quest Edelweiss.qmm: jumps.128.text. Preserve every <tag> exactly. English reference: Ask how to proceed further"	"Quest,Edelweiss"	""
"/quests/Edelweiss.qmm/jumps/129/text"	"Спросить о выходе на поверхность"	"Quest Edelweiss.qmm: jumps.129.text. Preserve every <tag> exactly. English reference: Ask about arriving on the surface"	"Quest,Edelweiss"	""
"/quests/Edelweiss.qmm/jumps/131/text"	"Взять отвертку-трансформер"	"Quest Edelweiss.qmm: jumps.131.text. Preserve every <tag> exactly. English reference: Take the multi-tool screwdriver"	"Quest,Edelweiss"	""
"/quests/Edelweiss.qmm/jumps/133/text"	"Взломать дверь"	"Quest Edelweiss.qmm: jumps.133.text. Preserve every <tag> exactly. English reference: Force open the door"	"Quest,Edelweiss"	""
"/quests/Edelweiss.qmm/jumps/134/text"	"Взять анализатор"	"Quest Edelweiss.qmm: jumps.134.text. Preserve every <tag> exactly. English reference: Take the analyzer"	"Quest,Edelweiss"	""
"/quests/Edelweiss.qmm/jumps/135/text"	"Взять анализатор"	"Quest Edelweiss.qmm: jumps.135.text. Preserve every <tag> exactly. English reference: Take the analyzer"	"Quest,Edelweiss"	""
"/quests/Edelweiss.qmm/jumps/136/text"	"Взять ""Эдельвейс"""	"Quest Edelweiss.qmm: jumps.136.text. Preserve every <tag> exactly. English reference: Take the Edelweiss unit"	"Quest,Edelweiss"	""
"/quests/Edelweiss.qmm/jumps/138/text"	"В каюту геолога"	"Quest Edelweiss.qmm: jumps.138.text. Preserve every <tag> exactly. English reference: To the geologist's bunkroom"	"Quest,Edelweiss"	""
"/quests/Edelweiss.qmm/jumps/139/text"	"Отойти от двери"	"Quest Edelweiss.qmm: jumps.139.text. Preserve every <tag> exactly. English reference: Walk away from the door"	"Quest,Edelweiss"	""
"/quests/Edelweiss.qmm/jumps/141/text"	"Извиниться за вторжение"	"Quest Edelweiss.qmm: jumps.141.text. Preserve every <tag> exactly. English reference: Apologize for your intrusion"	"Quest,Edelweiss"	""
"/quests/Edelweiss.qmm/jumps/142/text"	"Спросить про радар"	"Quest Edelweiss.qmm: jumps.142.text. Preserve every <tag> exactly. English reference: Ask about a radar unit"	"Quest,Edelweiss"	""
"/quests/Edelweiss.qmm/jumps/143/text"	"Ударить червя по голове"	"Quest Edelweiss.qmm: jumps.143.text. Preserve every <tag> exactly. English reference: Hit the worm on the head"	"Quest,Edelweiss"	""
"/quests/Edelweiss.qmm/jumps/144/text"	"Ударить червя по зубам"	"Quest Edelweiss.qmm: jumps.144.text. Preserve every <tag> exactly. English reference: Hit the worm in the teeth"	"Quest,Edelweiss"	""
"/quests/Edelweiss.qmm/jumps/145/text"	"Ударить червя по спине"	"Quest Edelweiss.qmm: jumps.145.text. Preserve every <tag> exactly. English reference: Hit the worm on the back"	"Quest,Edelweiss"	""
"/quests/Edelweiss.qmm/jumps/146/text"	"Ударить червя в бок"	"Quest Edelweiss.qmm: jumps.146.text. Preserve every <tag> exactly. English reference: Hit the worm on the side"	"Quest,Edelweiss"	""
"/quests/Edelweiss.qmm/jumps/147/text"	"Попытаться сбежать"	"Quest Edelweiss.qmm: jumps.147.text. Preserve every <tag> exactly. English reference: Try to run away"	"Quest,Edelweiss"	""
"/quests/Edelweiss.qmm/jumps/149/text"	"Надеть скафандр геолога"	"Quest Edelweiss.qmm: jumps.149.text. Preserve every <tag> exactly. English reference: Put the geologist's spacesuit on"	"Quest,Edelweiss"	""
"/quests/Edelweiss.qmm/jumps/151/text"	"Бить геолога руками"	"Quest Edelweiss.qmm: jumps.151.text. Preserve every <tag> exactly. English reference: Beat the geologist with your hands"	"Quest,Edelweiss"	""
"/quests/Edelweiss.qmm/jumps/152/text"	"Бить геолога ногами"	"Quest Edelweiss.qmm: jumps.152.text. Preserve every <tag> exactly. English reference: Kick the geologist"	"Quest,Edelweiss"	""
"/quests/Edelweiss.qmm/jumps/153/text"	"Полоснуть пилой"	"Quest Edelweiss.qmm: jumps.153.text. Preserve every <tag> exactly. English reference: Use the saw"	"Quest,Edelweiss"	""
"/quests/Edelweiss.qmm/jumps/154/text"	"Взломать дверь"	"Quest Edelweiss.qmm: jumps.154.text. Preserve every <tag> exactly. English reference: Force open the door"	"Quest,Edelweiss"	""
"/quests/Edelweiss.qmm/jumps/155/text"	"Открыть вторую дверцу шкафа"	"Quest Edelweiss.qmm: jumps.155.text. Preserve every <tag> exactly. English reference: Open the second door on the case"	"Quest,Edelweiss"	""
"/quests/Edelweiss.qmm/jumps/156/text"	"Проверить стеллаж"	"Quest Edelweiss.qmm: jumps.156.text. Preserve every <tag> exactly. English reference: Examine the rack"	"Quest,Edelweiss"	""
"/quests/Edelweiss.qmm/jumps/157/text"	"Осмотреть анализатор породы"	"Quest Edelweiss.qmm: jumps.157.text. Preserve every <tag> exactly. English reference: Examine the rock analyzer"	"Quest,Edelweiss"	""
"/quests/Edelweiss.qmm/jumps/158/text"	"В каюту геолога"	"Quest Edelweiss.qmm: jumps.158.text. Preserve every <tag> exactly. English reference: To the geologist's bunkroom"	"Quest,Edelweiss"	""
"/quests/Edelweiss.qmm/jumps/159/text"	"В каюту геолога"	"Quest Edelweiss.qmm: jumps.159.text. Preserve every <tag> exactly. English reference: To the geologist's bunkroom"	"Quest,Edelweiss"	""
"/quests/Edelweiss.qmm/jumps/160/text"	"В каюту геолога"	"Quest Edelweiss.qmm: jumps.160.text. Preserve every <tag> exactly. English reference: To the geologist's bunkroom"	"Quest,Edelweiss"	""
"/quests/Edelweiss.qmm/jumps/162/text"	"Открыть первую дверцу шкафа"	"Quest Edelweiss.qmm: jumps.162.text. Preserve every <tag> exactly. English reference: Open the first door on the case"	"Quest,Edelweiss"	""
"/quests/Edelweiss.qmm/jumps/163/text"	"Открыть третью дверцу шкафа"	"Quest Edelweiss.qmm: jumps.163.text. Preserve every <tag> exactly. English reference: Open the third door on the case"	"Quest,Edelweiss"	""
"/quests/Edelweiss.qmm/jumps/164/text"	"Открыть вторую дверцу шкафа"	"Quest Edelweiss.qmm: jumps.164.text. Preserve every <tag> exactly. English reference: Open the second door on the case"	"Quest,Edelweiss"	""
"/quests/Edelweiss.qmm/jumps/165/text"	"В каюту геолога"	"Quest Edelweiss.qmm: jumps.165.text. Preserve every <tag> exactly. English reference: To the geologist's bunkroom"	"Quest,Edelweiss"	""
"/quests/Edelweiss.qmm/jumps/167/text"	"Ширнуть его отверткой"	"Quest Edelweiss.qmm: jumps.167.text. Preserve every <tag> exactly. English reference: Stab him with the screwdriver"	"Quest,Edelweiss"	""
"/quests/Edelweiss.qmm/jumps/169/text"	"Отказаться от выполнения задания"	"Quest Edelweiss.qmm: jumps.169.text. Preserve every <tag> exactly. English reference: Decline to fulfill the mission"	"Quest,Edelweiss"	""
"/quests/Edelweiss.qmm/jumps/170/text"	"Совершить посадку в ангар станции"	"Quest Edelweiss.qmm: jumps.170.text. Preserve every <tag> exactly. English reference: Land in the station hangar"	"Quest,Edelweiss"	""
"/quests/Edelweiss.qmm/jumps/171/text"	"В шлюзовую камеру"	"Quest Edelweiss.qmm: jumps.171.text. Preserve every <tag> exactly. English reference: To the air lock"	"Quest,Edelweiss"	""
"/quests/Edelweiss.qmm/jumps/172/text"	"К оборудованию"	"Quest Edelweiss.qmm: jumps.172.text. Preserve every <tag> exactly. English reference: To the equipment"	"Quest,Edelweiss"	""
"/quests/Edelweiss.qmm/jumps/173/text"	"Восполнить ресурсы скафандра"	"Quest Edelweiss.qmm: jumps.173.text. Preserve every <tag> exactly. English reference: Replenish the spacesuit's reserves"	"Quest,Edelweiss"	""
