"identifier"	"source_phrase"	"context"	"labels"	"be"
"/quests/Election.qmm/parameters/0/name"	"Всего"	"Quest Election.qmm: parameters.0.name. Preserve every <tag> exactly. English reference: Total"	"Quest,Election"	"Усяго"
"/quests/Election.qmm/parameters/0/lines/0/content"	"<fix>Число избирателей (тыс.):</fix>"	"Quest Election.qmm: parameters.0.lines.0.content. Preserve every <tag> exactly. English reference: <fix>Number of electors (thou.):</fix>"	"Quest,Election"	"<fix>Колькасьць выбаршчыкаў (тыс.):</fix>"
"/quests/Election.qmm/parameters/0/crit_text"	"Сообщение достижения критического значения параметром 12"	"Quest Election.qmm: parameters.0.crit_text. Preserve every <tag> exactly."	"Quest,Election"	"Паведамленьне пра дасягненьне крытычнага значэньня парамэтрам 12"
"/quests/Election.qmm/parameters/1/name"	"Число гаальцев"	"Quest Election.qmm: parameters.1.name. Preserve every <tag> exactly. English reference: Number of the Gaals"	"Quest,Election"	"Колькасьць гаальцаў"
"/quests/Election.qmm/parameters/1/lines/0/content"	"<fix><format=left,9>Гаальцы:</format><format=left,3><></format></fix>"	"Quest Election.qmm: parameters.1.lines.0.content. Preserve every <tag> exactly. English reference: <fix><format=left,9>Gaals:</format><format=left,3><></format></fix>"	"Quest,Election"	"<fix><format=left,9>Гаальцы:</format><format=left,3><></format></fix>"
"/quests/Election.qmm/parameters/1/crit_text"	"Сообщение достижения критического значения параметром 1"	"Quest Election.qmm: parameters.1.crit_text. Preserve every <tag> exactly."	"Quest,Election"	"Паведамленьне пра дасягненьне крытычнага значэньня парамэтрам 1"
"/quests/Election.qmm/parameters/2/name"	"Число фэян"	"Quest Election.qmm: parameters.2.name. Preserve every <tag> exactly. English reference: Number of the Faes"	"Quest,Election"	"Колькасьць фэянаў"
"/quests/Election.qmm/parameters/2/lines/0/content"	"<fix><format=left,9>Фэяне:</format><format=left,3><></format></fix>"	"Quest Election.qmm: parameters.2.lines.0.content. Preserve every <tag> exactly. English reference: <fix><format=left,9>Faes:</format><format=left,3><></format></fix>"	"Quest,Election"	"<fix><format=left,9>Фэяне:</format><format=left,3><></format></fix>"
"/quests/Election.qmm/parameters/2/crit_text"	"Сообщение достижения критического значения параметром 2"	"Quest Election.qmm: parameters.2.crit_text. Preserve every <tag> exactly."	"Quest,Election"	"Паведамленьне пра дасягненьне крытычнага значэньня парамэтрам 2"
"/quests/Election.qmm/parameters/3/name"	"Число людей"	"Quest Election.qmm: parameters.3.name. Preserve every <tag> exactly. English reference: Number of the Humans"	"Quest,Election"	"Колькасьць людзей"
"/quests/Election.qmm/parameters/3/lines/0/content"	"<fix><format=left,9>Люди:</format><format=left,3><></format></fix>"	"Quest Election.qmm: parameters.3.lines.0.content. Preserve every <tag> exactly. English reference: <fix><format=left,9>Humans:</format><format=left,3><></format></fix>"	"Quest,Election"	"<fix><format=left,9>Людзі:</format><format=left,3><></format></fix>"
"/quests/Election.qmm/parameters/3/crit_text"	"Сообщение достижения критического значения параметром 3"	"Quest Election.qmm: parameters.3.crit_text. Preserve every <tag> exactly."	"Quest,Election"	"Паведамленьне пра дасягненьне крытычнага значэньня парамэтрам 3"
"/quests/Election.qmm/parameters/4/name"	"Число пеленгов"	"Quest Election.qmm: parameters.4.name. Preserve every <tag> exactly. English reference: Number of the Pelengs"	"Quest,Election"	"Колькасьць пеленгаў"
"/quests/Election.qmm/parameters/4/lines/0/content"	"<fix><format=left,9>Пеленги:</format><format=left,3><></format></fix>"	"Quest Election.qmm: parameters.4.lines.0.content. Preserve every <tag> exactly. English reference: <fix><format=left,9>Pelengs:</format><format=left,3><></format></fix>"	"Quest,Election"	"<fix><format=left,9>Пеленгі:</format><format=left,3><></format></fix>"
"/quests/Election.qmm/parameters/4/crit_text"	"Сообщение достижения критического значения параметром 4"	"Quest Election.qmm: parameters.4.crit_text. Preserve every <tag> exactly."	"Quest,Election"	"Паведамленьне пра дасягненьне крытычнага значэньня парамэтрам 4"
"/quests/Election.qmm/parameters/5/name"	"Число малоков"	"Quest Election.qmm: parameters.5.name. Preserve every <tag> exactly. English reference: Number of the Maloqs"	"Quest,Election"	"Колькасьць малокаў"
"/quests/Election.qmm/parameters/5/lines/0/content"	"<fix><format=left,9>Малоки:</format><format=left,3><></format></fix>"	"Quest Election.qmm: parameters.5.lines.0.content. Preserve every <tag> exactly. English reference: <fix><format=left,9>Maloqs:</format><format=left,3><></format></fix>"	"Quest,Election"	"<fix><format=left,9>Малокі:</format><format=left,3><></format></fix>"
"/quests/Election.qmm/parameters/5/crit_text"	"Сообщение достижения критического значения параметром 5"	"Quest Election.qmm: parameters.5.crit_text. Preserve every <tag> exactly."	"Quest,Election"	"Паведамленьне пра дасягненьне крытычнага значэньня парамэтрам 5"
"/quests/Election.qmm/parameters/6/name"	"Раунд"	"Quest Election.qmm: parameters.6.name. Preserve every <tag> exactly. English reference: Round"	"Quest,Election"	"Раўнд"
"/quests/Election.qmm/parameters/6/lines/0/content"	"<fix>Вас поддерживают</fix>"	"Quest Election.qmm: parameters.6.lines.0.content. Preserve every <tag> exactly. English reference: <fix>You are supported by</fix>"	"Quest,Election"	"<fix>Вас падтрымліваюць</fix>"
"/quests/Election.qmm/parameters/6/crit_text"	"Сообщение достижения критического значения параметром 11"	"Quest Election.qmm: parameters.6.crit_text. Preserve every <tag> exactly."	"Quest,Election"	"Паведамленьне пра дасягненьне крытычнага значэньня парамэтрам 11"
"/quests/Election.qmm/parameters/7/name"	"Гаальцы"	"Quest Election.qmm: parameters.7.name. Preserve every <tag> exactly. English reference: Gaals"	"Quest,Election"	"Гаальцы"
"/quests/Election.qmm/parameters/7/lines/0/content"	"<fix><format=left,9>Гаальцы:</format><format=left,4><>%</format></fix>"	"Quest Election.qmm: parameters.7.lines.0.content. Preserve every <tag> exactly. English reference: <fix><format=left,9>Gaals:</format><format=left,4><>%</format></fix>"	"Quest,Election"	"<fix><format=left,9>Гаальцы:</format><format=left,4><>%</format></fix>"
"/quests/Election.qmm/parameters/7/crit_text"	"Сообщение достижения критического значения параметром 6"	"Quest Election.qmm: parameters.7.crit_text. Preserve every <tag> exactly."	"Quest,Election"	"Паведамленьне пра дасягненьне крытычнага значэньня парамэтрам 6"
"/quests/Election.qmm/parameters/8/name"	"Фэяне"	"Quest Election.qmm: parameters.8.name. Preserve every <tag> exactly. English reference: Faes"	"Quest,Election"	"Фэяне"
"/quests/Election.qmm/parameters/8/lines/0/content"	"<fix><format=left,9>Фэяне:</format><format=left,4><>%</format></fix>"	"Quest Election.qmm: parameters.8.lines.0.content. Preserve every <tag> exactly. English reference: <fix><format=left,9>Faes:</format><format=left,4><>%</format></fix>"	"Quest,Election"	"<fix><format=left,9>Фэяне:</format><format=left,4><>%</format></fix>"
"/quests/Election.qmm/parameters/8/crit_text"	"Сообщение достижения критического значения параметром 7"	"Quest Election.qmm: parameters.8.crit_text. Preserve every <tag> exactly."	"Quest,Election"	"Паведамленьне пра дасягненьне крытычнага значэньня парамэтрам 7"
"/quests/Election.qmm/parameters/9/name"	"Люди"	"Quest Election.qmm: parameters.9.name. Preserve every <tag> exactly. English reference: Humans"	"Quest,Election"	"Людзі"
"/quests/Election.qmm/parameters/9/lines/0/content"	"<fix><format=left,9>Люди:</format><format=left,4><>%</format></fix>"	"Quest Election.qmm: parameters.9.lines.0.content. Preserve every <tag> exactly. English reference: <fix><format=left,9>Humans:</format><format=left,4><>%</format></fix>"	"Quest,Election"	"<fix><format=left,9>Людзі:</format><format=left,4><>%</format></fix>"
"/quests/Election.qmm/parameters/9/crit_text"	"Сообщение достижения критического значения параметром 8"	"Quest Election.qmm: parameters.9.crit_text. Preserve every <tag> exactly."	"Quest,Election"	"Паведамленьне пра дасягненьне крытычнага значэньня парамэтрам 8"
"/quests/Election.qmm/parameters/10/name"	"Пеленги"	"Quest Election.qmm: parameters.10.name. Preserve every <tag> exactly. English reference: Pelengs"	"Quest,Election"	"Пеленгі"
"/quests/Election.qmm/parameters/10/lines/0/content"	"<fix><format=left,9>Пеленги:</format><format=left,4><>%</format></fix>"	"Quest Election.qmm: parameters.10.lines.0.content. Preserve every <tag> exactly. English reference: <fix><format=left,9>Pelengs:</format><format=left,4><>%</format></fix>"	"Quest,Election"	"<fix><format=left,9>Пеленгі:</format><format=left,4><>%</format></fix>"
"/quests/Election.qmm/parameters/10/crit_text"	"Сообщение достижения критического значения параметром 9"	"Quest Election.qmm: parameters.10.crit_text. Preserve every <tag> exactly."	"Quest,Election"	"Паведамленьне пра дасягненьне крытычнага значэньня парамэтрам 9"
"/quests/Election.qmm/parameters/11/name"	"Малоки"	"Quest Election.qmm: parameters.11.name. Preserve every <tag> exactly. English reference: Maloqs"	"Quest,Election"	"Малокі"
"/quests/Election.qmm/parameters/11/lines/0/content"	"<fix><format=left,9>Малоки:</format><format=left,4><>%</format></fix>"	"Quest Election.qmm: parameters.11.lines.0.content. Preserve every <tag> exactly. English reference: <fix><format=left,9>The Maloqs:</format><format=left,4><>%</format></fix>"	"Quest,Election"	"<fix><format=left,9>Малокі:</format><format=left,4><>%</format></fix>"
"/quests/Election.qmm/parameters/11/crit_text"	"Сообщение достижения критического значения параметром 10"	"Quest Election.qmm: parameters.11.crit_text. Preserve every <tag> exactly."	"Quest,Election"	"Паведамленьне пра дасягненьне крытычнага значэньня парамэтрам 10"
"/quests/Election.qmm/parameters/12/name"	"Мы"	"Quest Election.qmm: parameters.12.name. Preserve every <tag> exactly. English reference: Us"	"Quest,Election"	"Мы"
"/quests/Election.qmm/parameters/12/crit_text"	"Сообщение достижения критического значения параметром 13"	"Quest Election.qmm: parameters.12.crit_text. Preserve every <tag> exactly."	"Quest,Election"	"Паведамленьне пра дасягненьне крытычнага значэньня парамэтрам 13"
"/quests/Election.qmm/parameters/13/name"	"x (лог)"	"Quest Election.qmm: parameters.13.name. Preserve every <tag> exactly. English reference: x (log)"	"Quest,Election"	"x (лёг)"
"/quests/Election.qmm/parameters/13/lines/0/content"	"Лог <>"	"Quest Election.qmm: parameters.13.lines.0.content. Preserve every <tag> exactly. English reference: Log <>"	"Quest,Election"	"Лёг <>"
"/quests/Election.qmm/parameters/13/crit_text"	"Сообщение достижения критического значения параметром 15"	"Quest Election.qmm: parameters.13.crit_text. Preserve every <tag> exactly."	"Quest,Election"	"Паведамленьне пра дасягненьне крытычнага значэньня парамэтрам 15"
"/quests/Election.qmm/parameters/14/name"	"x1 (эт)"	"Quest Election.qmm: parameters.14.name. Preserve every <tag> exactly. English reference: x1 (et)"	"Quest,Election"	"x1 (этнас)"
"/quests/Election.qmm/parameters/14/lines/0/content"	"Эт <>"	"Quest Election.qmm: parameters.14.lines.0.content. Preserve every <tag> exactly. English reference: Et <>"	"Quest,Election"	"Этнас <>"
"/quests/Election.qmm/parameters/14/crit_text"	"Сообщение достижения критического значения параметром 16"	"Quest Election.qmm: parameters.14.crit_text. Preserve every <tag> exactly."	"Quest,Election"	"Паведамленьне пра дасягненьне крытычнага значэньня парамэтрам 16"
"/quests/Election.qmm/parameters/15/name"	"x2 (поп)"	"Quest Election.qmm: parameters.15.name. Preserve every <tag> exactly. English reference: x2 (pop)"	"Quest,Election"	"x2 (пап)"
"/quests/Election.qmm/parameters/15/lines/0/content"	"Поп <>"	"Quest Election.qmm: parameters.15.lines.0.content. Preserve every <tag> exactly. English reference: Pop <>"	"Quest,Election"	"Пап <>"
"/quests/Election.qmm/parameters/15/crit_text"	"Сообщение достижения критического значения параметром 17"	"Quest Election.qmm: parameters.15.crit_text. Preserve every <tag> exactly."	"Quest,Election"	"Паведамленьне пра дасягненьне крытычнага значэньня парамэтрам 17"
"/quests/Election.qmm/parameters/16/name"	"x3 (пат)"	"Quest Election.qmm: parameters.16.name. Preserve every <tag> exactly. English reference: x3 (pat)"	"Quest,Election"	"x3 (пат)"
"/quests/Election.qmm/parameters/16/lines/0/content"	"Пат <>"	"Quest Election.qmm: parameters.16.lines.0.content. Preserve every <tag> exactly. English reference: Pat <>"	"Quest,Election"	"Пат <>"
"/quests/Election.qmm/parameters/16/crit_text"	"Сообщение достижения критического значения параметром 18"	"Quest Election.qmm: parameters.16.crit_text. Preserve every <tag> exactly."	"Quest,Election"	"Паведамленьне пра дасягненьне крытычнага значэньня парамэтрам 18"
"/quests/Election.qmm/parameters/17/name"	"x4 (цин)"	"Quest Election.qmm: parameters.17.name. Preserve every <tag> exactly. English reference: x4 (cin)"	"Quest,Election"	"x4 (цынізм)"
"/quests/Election.qmm/parameters/17/lines/0/content"	"Цин <>"	"Quest Election.qmm: parameters.17.lines.0.content. Preserve every <tag> exactly. English reference: Cin <>"	"Quest,Election"	"Цынізм <>"
"/quests/Election.qmm/parameters/17/crit_text"	"Сообщение достижения критического значения параметром 19"	"Quest Election.qmm: parameters.17.crit_text. Preserve every <tag> exactly."	"Quest,Election"	"Паведамленьне пра дасягненьне крытычнага значэньня парамэтрам 19"
"/quests/Election.qmm/parameters/18/name"	"x5 (конс)"	"Quest Election.qmm: parameters.18.name. Preserve every <tag> exactly. English reference: x5 (cons)"	"Quest,Election"	"x5 (кансэрватыўны)"
"/quests/Election.qmm/parameters/18/lines/0/content"	"Конс <>"	"Quest Election.qmm: parameters.18.lines.0.content. Preserve every <tag> exactly. English reference: Cons <>"	"Quest,Election"	"Кансэрватыўны <>"
"/quests/Election.qmm/parameters/18/crit_text"	"Сообщение достижения критического значения параметром 20"	"Quest Election.qmm: parameters.18.crit_text. Preserve every <tag> exactly."	"Quest,Election"	"Паведамленьне пра дасягненьне крытычнага значэньня парамэтрам 20"
"/quests/Election.qmm/parameters/19/name"	"y1"	"Quest Election.qmm: parameters.19.name. Preserve every <tag> exactly."	"Quest,Election"	"y1"
"/quests/Election.qmm/parameters/19/crit_text"	"Сообщение достижения критического значения параметром 14"	"Quest Election.qmm: parameters.19.crit_text. Preserve every <tag> exactly."	"Quest,Election"	"Паведамленьне пра дасягненьне крытычнага значэньня парамэтрам 14"
"/quests/Election.qmm/parameters/20/name"	"y2"	"Quest Election.qmm: parameters.20.name. Preserve every <tag> exactly."	"Quest,Election"	"y2"
"/quests/Election.qmm/parameters/20/crit_text"	"Сообщение достижения критического значения параметром 21"	"Quest Election.qmm: parameters.20.crit_text. Preserve every <tag> exactly."	"Quest,Election"	"Паведамленьне пра дасягненьне крытычнага значэньня парамэтрам 21"
"/quests/Election.qmm/parameters/21/name"	"y3"	"Quest Election.qmm: parameters.21.name. Preserve every <tag> exactly."	"Quest,Election"	"y3"
"/quests/Election.qmm/parameters/21/crit_text"	"Сообщение достижения критического значения параметром 22"	"Quest Election.qmm: parameters.21.crit_text. Preserve every <tag> exactly."	"Quest,Election"	"Паведамленьне пра дасягненьне крытычнага значэньня парамэтрам 22"
"/quests/Election.qmm/parameters/22/name"	"y4"	"Quest Election.qmm: parameters.22.name. Preserve every <tag> exactly."	"Quest,Election"	"y4"
"/quests/Election.qmm/parameters/22/crit_text"	"Сообщение достижения критического значения параметром 23"	"Quest Election.qmm: parameters.22.crit_text. Preserve every <tag> exactly."	"Quest,Election"	"Паведамленьне пра дасягненьне крытычнага значэньня парамэтрам 23"
"/quests/Election.qmm/parameters/23/name"	"y5 (ЧП)"	"Quest Election.qmm: parameters.23.name. Preserve every <tag> exactly. English reference: y5 (Chp)"	"Quest,Election"	"y5 (здарэньне)"
"/quests/Election.qmm/parameters/23/crit_text"	"Сообщение достижения критического значения параметром 24"	"Quest Election.qmm: parameters.23.crit_text. Preserve every <tag> exactly."	"Quest,Election"	"Паведамленьне пра дасягненьне крытычнага значэньня парамэтрам 24"
"/quests/Election.qmm/parameters/24/name"	"Длина"	"Quest Election.qmm: parameters.24.name. Preserve every <tag> exactly. English reference: Length"	"Quest,Election"	"Даўжыня"
"/quests/Election.qmm/parameters/24/lines/0/content"	"Идет подсчет голосов"	"Quest Election.qmm: parameters.24.lines.0.content. Preserve every <tag> exactly. English reference: Votes are being counted"	"Quest,Election"	"Ідзе падлік галасоў"
"/quests/Election.qmm/parameters/24/crit_text"	"Сообщение достижения критического значения параметром 25"	"Quest Election.qmm: parameters.24.crit_text. Preserve every <tag> exactly."	"Quest,Election"	"Паведамленьне пра дасягненьне крытычнага значэньня парамэтрам 25"
"/quests/Election.qmm/parameters/25/name"	"Время"	"Quest Election.qmm: parameters.25.name. Preserve every <tag> exactly. English reference: Time"	"Quest,Election"	"Час"
"/quests/Election.qmm/parameters/25/crit_text"	"Сообщение достижения критического значения параметром 26"	"Quest Election.qmm: parameters.25.crit_text. Preserve every <tag> exactly."	"Quest,Election"	"Паведамленьне пра дасягненьне крытычнага значэньня парамэтрам 26"
"/quests/Election.qmm/parameters/26/name"	"Вопрос"	"Quest Election.qmm: parameters.26.name. Preserve every <tag> exactly. English reference: Question"	"Quest,Election"	"Пытаньне"
"/quests/Election.qmm/parameters/26/crit_text"	"Сообщение достижения критического значения параметром 27"	"Quest Election.qmm: parameters.26.crit_text. Preserve every <tag> exactly."	"Quest,Election"	"Паведамленьне пра дасягненьне крытычнага значэньня парамэтрам 27"
"/quests/Election.qmm/success_text"	"Отличная работа, <Ranger>! Импорт дешевого урана с планеты <ToPlanet> уже идет полным ходом. Мы уже сэкономили на этом более 1.000.000 cr! А все благодаря вам! Так что вы полностью заслужили вашу награду в <Money> cr. Деньги уже переведены на ваш счет."	"Quest Election.qmm: success_text. Preserve every <tag> exactly. English reference: Good job, <Ranger>! The import of cheap uranium from <ToPlanet> is already in full swing. We have managed to save more than 1.000.000 cr on that! And all thanks to you! So, you've earned your reward of <Money> cr honestly. The money has been transferred to your account."	"Quest,Election"	"Выдатная праца, <Ranger>! Імпарт таннага ўрану з плянэты <ToPlanet> ужо ідзе поўным ходам. Мы ўжо зьбераглі на гэтым больш за 1.000.000 cr! І ўсё дзякуючы вам! Так што вы цалкам заслужылі вашу ўзнагароду ў <Money> cr. Грошы ўжо пераведзеныя на ваш рахунак."
"/quests/Election.qmm/task_text"	"Уважаемый <Ranger>, планета <ToPlanet> системы <ToStar> издавна была местом, куда ссылались преступники разных рас со всего сектора. Они и их более или менее окультурившиеся потомки так и живут там все вместе на небольшом участке освоенной территории. Этакое межрасовое общежитие, мечта Галактического Совета... 

Планета <ToPlanet> до сих пор не внесена в список обитаемых планет. Но недавно там обнаружились богатейшие залежи урановых руд, над которыми нам хотелось бы установить свой контроль. Вы можете нам в этом помочь. Для этого вы должны не позднее <Date> зарегистрироваться на этой планете в качестве кандидата в президенты. Выиграв выборы, вы передадите свои полномочия нашему представителю, благо конституция планеты <ToPlanet> это позволяет. Ваша награда за это составит <Money> cr. 

Ну как, по рукам?"	"Quest Election.qmm: task_text. Preserve every <tag> exactly. English reference: Dear <Ranger>, planet <ToPlanet> of the <ToStar> system is a place where villains of various races have been deported for as long as anyone can remember. They and their more or less acculturated descendants live there on a small plot of the developed land. This is an inter-race community, a dream of the Galaxy Council. 

Planet <ToPlanet> has not yet been included in the list of the inhabited planets. Recently rich deposits of uranium ores have been found there, and we want to establish our control over them. You can help us with that. In order to do this you must register as a presidential candidate on the planet no later than <Date>. After winning the elections, you will relegate your authority to our representative, since the constitution of the <ToPlanet> allows it. You reward for this will be <Money> cr. 

Do we have a deal?"	"Quest,Election"	"Паважаны <Ranger>, плянэта <ToPlanet> сыстэмы <ToStar> здавён была месцам, куды высылалі злачынцаў розных расаў з усяго сэктару. Яны і іхнія больш ці менш цывілізаваныя нашчадкі так і жывуць там усе разам на невялікім кавалку асвоеных земляў. Такі сабе інтэрнат розных расаў, мара Галяктычнай Рады... 

Плянэта <ToPlanet> дагэтуль не ўнесеная ў сьпіс населеных плянэтаў. Але нядаўна там выявіліся найбагацейшыя паклады ўранавых рудаў, над якімі нам хацелася б усталяваць свой кантроль. Вы можаце нам у гэтым дапамагчы. Дзеля гэтага вы павінны не пазьней за <Date> зарэгістравацца на гэтай плянэце як кандыдат у прэзыдэнты. Выйграўшы выбары, вы перадасьце свае паўнамоцтвы нашаму прадстаўніку, балазе канстытуцыя плянэты <ToPlanet> гэта дазваляе. Ваша ўзнагарода за гэта складзе <Money> cr. 

Ну як, па руках?"
"/quests/Election.qmm/locations/0/texts/0/text"	"Согласно последним исследованиям социологов мы наберем примерно:

<fix>
<format=left,2>{([p2]*[p8]) / 100}</format> <format=left,2>из</format> <format=left,17>[p2] тыс. гаальцев;</format>
<format=left,2>{([p3]*[p9]) / 100}</format> <format=left,2>из</format> <format=left,17>[p3] тыс. фэян;</format>
<format=left,2>{([p4]*[p10]) / 100}</format> <format=left,2>из</format> <format=left,17>[p4] тыс. людей;</format>
<format=left,2>{([p5]*[p11]) / 100}</format> <format=left,2>из</format> <format=left,17>[p5] тыс. пеленгов;</format>
<format=left,2>{([p6]*[p12]) / 100}</format> <format=left,2>из</format> <format=left,17>[p6] тыс. малоков;</format>
</fix>

Всего: {([p2]*[p8]) / 100+([p3]*[p9]) / 100 +([p4]*[p10]) / 100+([p5]*[p11]) / 100 + ([p6]*[p12]) / 100} из {[p2]+[p3]+[p4]+[p5]+[p6]} тыс. избирателей."	"Quest Election.qmm: locations.0.texts.0.text. Preserve every <tag> exactly. English reference: In accordance with the latest sociological polls we will get approximately:

<fix>
<format=left,2>{([p2]*[p8]) / 100}</format> <format=left,2>from</format> <format=left,17>[p2] K of the Gaals;</format>
<format=left,2>{([p3]*[p9]) / 100}</format> <format=left,2>from</format> <format=left,17>[p3] K of the Faes;</format>
<format=left,2>{([p4]*[p10]) / 100}</format> <format=left,2>from</format> <format=left,17>[p4] K of the Humans;</format>
<format=left,2>{([p5]*[p11]) / 100}</format> <format=left,2>from</format> <format=left,17>[p5] K of the Pelengs;</format>
<format=left,2>{([p6]*[p12]) / 100}</format> <format=left,2>from</format> <format=left,17>[p6] K of the Maloqs;</format>
</fix>

Total: {([p2]*[p8]) / 100+([p3]*[p9]) / 100 +([p4]*[p10]) / 100+([p5]*[p11]) / 100 + ([p6]*[p12]) / 100} of {[p2]+[p3]+[p4]+[p5]+[p6]} K voices."	"Quest,Election"	""
"/quests/Election.qmm/locations/3/texts/0/text"	"На табло появилась свежая информация.

Обработано примерно {[p7]*20}% бюллетеней. Предварительные результаты:

<fix>
<format=left,19>          <Ranger></format><format=left,17>А. Л. Хуссейн</format><format=left,13>Пока голосов</format>
<format=left,9>Гаальцы:</format>    <format=left,3>[p20]</format>         <format=left,3>{[p15]-[p20]}</format>         <format=left,9>[p15] ({([p15]*100) div [p2]}%)</format>
<format=left,9>Фэяне:</format>    <format=left,3>[p21]</format>         <format=left,3>{[p16]-[p21]}</format>         <format=left,9>[p16] ({([p16]*100) div [p3]}%)</format>
<format=left,9>Люди:</format>    <format=left,3>[p22]</format>         <format=left,3>{[p17]-[p22]}</format>         <format=left,9>[p17] ({([p17]*100) div [p4]}%)</format>
<format=left,9>Пеленги:</format>    <format=left,3>[p23]</format>         <format=left,3>{[p18]-[p23]}</format>         <format=left,9>[p18] ({([p18]*100) div [p5]}%)</format>   
<format=left,9>Малоки:</format>    <format=left,3>[p24]</format>         <format=left,3>{[p19]-[p24]}</format>         <format=left,9>[p19] ({([p19]*100) div [p6]}%)</format>
-------------------------------------------------------
<format=left,9>Всего:</format>    <format=left,3>[p13]</format>         <format=left,3>{[p1]-[p13]}</format>         <format=left,9>[p1] ({([p1]*100) div ([p2]+[p3]+[p4]+[p5]+[p6])}%)</format>
</fix>"	"Quest Election.qmm: locations.3.texts.0.text. Preserve every <tag> exactly. English reference: New data appeared on the board.

Approximately {[p7]*20}% of the ballots have been counted. Preliminary results are:

<fix>
<format=left,19>          <Ranger></format><format=left,17>A.L. Husseyn </format><format=left,13>So far the votes are</format>
<format=left,9>Gaals:</format>    <format=left,3>[p20]</format>         <format=left,3>{[p15]-[p20]}</format>         <format=left,9>[p15] ({([p15]*100) div [p2]}%)</format>
<format=left,9>Faes:</format>    <format=left,3>[p21]</format>         <format=left,3>{[p16]-[p21]}</format>         <format=left,9>[p16] ({([p16]*100) div [p3]}%)</format>
<format=left,9>Humans:</format>    <format=left,3>[p22]</format>         <format=left,3>{[p17]-[p22]}</format>         <format=left,9>[p17] ({([p17]*100) div [p4]}%)</format>
<format=left,9>Pelengs:</format>    <format=left,3>[p23]</format>         <format=left,3>{[p18]-[p23]}</format>         <format=left,9>[p18] ({([p18]*100) div [p5]}%)</format>   
<format=left,9>Maloqs:</format>    <format=left,3>[p24]</format>         <format=left,3>{[p19]-[p24]}</format>         <format=left,9>[p19] ({([p19]*100) div [p6]}%)</format>
-------------------------------------------------------
<format=left,9>Total:</format>    <format=left,3>[p13]</format>         <format=left,3>{[p1]-[p13]}</format>         <format=left,9>[p1] ({([p1]*100) div ([p2]+[p3]+[p4]+[p5]+[p6])}%)</format>
</fix>"	"Quest,Election"	""
"/quests/Election.qmm/locations/3/texts/1/text"	"На табло появилась финальная информация.

Обработано {[p7]*20}% бюллетеней. Окончательные результаты:

<fix>
<format=left,19>          <Ranger></format><format=left,17>А. Л. Хуссейн</format><format=left,14>Всего голосов</format>
<format=left,9>Гаальцы:</format>    <format=left,3>[p20]</format>         <format=left,3>{[p15]-[p20]}</format>         <format=left,9>[p15] ({([p15]*100) div [p2]}%)</format>
<format=left,9>Фэяне:</format>    <format=left,3>[p21]</format>         <format=left,3>{[p16]-[p21]}</format>         <format=left,9>[p16] ({([p16]*100) div [p3]}%)</format>
<format=left,9>Люди:</format>    <format=left,3>[p22]</format>         <format=left,3>{[p17]-[p22]}</format>         <format=left,9>[p17] ({([p17]*100) div [p4]}%)</format>
<format=left,9>Пеленги:</format>    <format=left,3>[p23]</format>         <format=left,3>{[p18]-[p23]}</format>         <format=left,9>[p18] ({([p18]*100) div [p5]}%)</format>   
<format=left,9>Малоки:</format>    <format=left,3>[p24]</format>         <format=left,3>{[p19]-[p24]}</format>         <format=left,9>[p19] ({([p19]*100) div [p6]}%)</format>
-------------------------------------------------------
<format=left,9>Всего:</format>    <format=left,3>[p13]</format>         <format=left,3>{[p1]-[p13]}</format>         <format=left,9>[p1] ({([p1]*100) div ([p2]+[p3]+[p4]+[p5]+[p6])}%)</format>
</fix>"	"Quest Election.qmm: locations.3.texts.1.text. Preserve every <tag> exactly. English reference: Final data appeared on the board.

{[p7]*20}% of the ballots have been counted. The final results are:

<fix>
<format=left,19>          <Ranger></format><format=left,17>A. L. Husseyn </format><format=left,14>Total votes</format>
<format=left,9>Gaals:</format>    <format=left,3>[p20]</format>         <format=left,3>{[p15]-[p20]}</format>         <format=left,9>[p15] ({([p15]*100) div [p2]}%)</format>
<format=left,9>Faes:</format>    <format=left,3>[p21]</format>         <format=left,3>{[p16]-[p21]}</format>         <format=left,9>[p16] ({([p16]*100) div [p3]}%)</format>
<format=left,9>Humans:</format>    <format=left,3>[p22]</format>         <format=left,3>{[p17]-[p22]}</format>         <format=left,9>[p17] ({([p17]*100) div [p4]}%)</format>
<format=left,9>Pelengs:</format>    <format=left,3>[p23]</format>         <format=left,3>{[p18]-[p23]}</format>         <format=left,9>[p18] ({([p18]*100) div [p5]}%)</format>   
<format=left,9>Maloqs:</format>    <format=left,3>[p24]</format>         <format=left,3>{[p19]-[p24]}</format>         <format=left,9>[p19] ({([p19]*100) div [p6]}%)</format>
-------------------------------------------------------
<format=left,9>Total:</format>    <format=left,3>[p13]</format>         <format=left,3>{[p1]-[p13]}</format>         <format=left,9>[p1] ({([p1]*100) div ([p2]+[p3]+[p4]+[p5]+[p6])}%)</format>
</fix>"	"Quest,Election"	""
"/quests/Election.qmm/locations/4/texts/0/text"	"Как только на экране высветились результаты выборов, вооруженный охранник расстрелял Абу Линкольна Хуссейна из бластера. Труп вашего несчастного соперника был вынесен из зала, а вы были торжественно объявлены президентом планеты <ToPlanet>. После долгих поздравительных речей и обильных возлияний на банкете, вас отвезли в официальное представительство планеты <FromPlanet>. 

- Отличная работа, <Ranger>! - сказал вам Замо Чу. - Но надо выполнить еще одну небольшую формальность. Поставьте, пожалуйста, свою подпись здесь и здесь на этом документе, передающем все полномочия президента планеты <ToPlanet> мне.

И пеленг с любезной улыбкой протянул вам золотую авторучку."	"Quest Election.qmm: locations.4.texts.0.text. Preserve every <tag> exactly. English reference: As soon as the election results appeared on the board, an armed security guard shot down Abu Linkoln Husseyn from a blaster. The body of your unfortunate rival was carried out of the hall, and you were officially proclaimed President of the planet <ToPlanet>. After long congratulations and much banquet drinking, you were taken to the official representation office of the <FromPlanet> planet. 

- Nice job, <Ranger>! - Kill Young told you. - But you have to go through yet another tiny formality. Please, sign this document here - and here. It relegates the presidential authority of the <ToPlanet> planet to me.

Pleasantly smiling the Peleng handed you a golden pen."	"Quest,Election"	""
"/quests/Election.qmm/locations/5/texts/0/text"	"- Это ошибка! - заорали вы, видя приближающихся к вам вооружённых охранников. - Результаты подтасованы!

Это были ваши последние слова..."	"Quest Election.qmm: locations.5.texts.0.text. Preserve every <tag> exactly. English reference: - This is some kind of mistake! - you shouted, seeing that an armed security guard is approaching you. - The election must have been rigged!

These words seemed to be your last..."	"Quest,Election"	"— Гэта памылка! — закрычалі вы, бачачы ўзброеных ахоўнікаў, што набліжаюцца да вас. — Вынікі падтасаваныя!

Гэта былі вашы апошнія словы..."
"/quests/Election.qmm/locations/6/texts/0/text"	"Вы находитесь в избирательном штабе. Сегодня <CurDate>, утро [p7]-го дня избирательной компании. По утрам можно встретиться с журналистами или заняться наглядной агитацией. Что будем делать?"	"Quest Election.qmm: locations.6.texts.0.text. Preserve every <tag> exactly. English reference: You are in the election headquarters. This morning, <CurDate>, is day [p7] of the election campaign. You can spend the morning speaking to the reporters or go canvassing. What would you prefer?"	"Quest,Election"	"Вы знаходзіцеся ў выбарчым штабе. Сёньня <CurDate>, раніца дня [p7] выбарчай кампаніі. Раніцай можна сустрэцца з журналістамі або заняцца нагляднай агітацыяй. Што будзем рабіць?"
"/quests/Election.qmm/locations/6/texts/1/text"	"Сегодня <CurDate>, [p7]-й день избирательной компании. Все ресурсы избирательного штаба в вашем распоряжении. По утрам обычно проходят пресс-конференции и работа с журналистами. Можно также заняться наглядной агитацией. Что будем делать в первой половине дня?"	"Quest Election.qmm: locations.6.texts.1.text. Preserve every <tag> exactly. English reference: Today <CurDate>, is day [p7] of the election campaign. The whole resources of the election headquarters are all at your command. Usually in the morning we conduct press conferences and work with journalists. You can also partake in canvassing in the streets. So, what will you do in the morning?"	"Quest,Election"	"Сёньня <CurDate>, дзень [p7] выбарчай кампаніі. Усе рэсурсы выбарчага штабу ў вашым распараджэньні. Раніцай звычайна праходзяць прэс-канфэрэнцыі і праца з журналістамі. Можна таксама заняцца нагляднай агітацыяй. Што будзем рабіць у першай палове дня?"
"/quests/Election.qmm/locations/6/texts/2/text"	"Сегодня <CurDate>, [p7]-й день избирательной компании. Вы прикинули, сколько дней осталось. Вроде бы {[p25]-[p7]}. Надо использовать это время с полной отдачей! По утрам обычно проводится работа с журналистами. А можно сделать себе рекламу. Чем вы займетесь?"	"Quest Election.qmm: locations.6.texts.2.text. Preserve every <tag> exactly. English reference: Today <CurDate>, is day [p7] of the election campaign. You count how many days are left. Looks like {[p25]-[p7]}. We must use this time to our best advantage. Usually we hold press conferences in the morning. And, you can also advertise yourself. So, what will you do?"	"Quest,Election"	"Сёньня <CurDate>, дзень [p7] выбарчай кампаніі. Вы прыкінулі, колькі дзён засталося. Нібыта {[p25]-[p7]}. Трэба выкарыстаць гэты час з поўнай аддачай! Раніцай звычайна вядзецца праца з журналістамі. А можна зрабіць сабе рэкляму. Чым вы зоймецеся?"
"/quests/Election.qmm/locations/6/texts/9/text"	"Избирательная компания закончена! Сегодня день выборов!

Агитация в этот день запрещена, так что вам ничего не оставалось делать, как только развлекаться на всяких приемах и с нетерпением дожидаться начала шоу под названием <clr>""Подсчет голосов""<clrEnd>. Перед самым выходом Замо Чу принес вам последний прогноз социологов."	"Quest Election.qmm: locations.6.texts.9.text. Preserve every <tag> exactly. English reference: The election campaign is over! Today is the election day!

Canvassing is prohibited today, so you have nothing more to do than to enjoy your time and anticipate the show which is called <clr>""Vote Count""<clrEnd>. Before you were leaving, Kill Young brought you the latest opinion survey."	"Quest,Election"	"Выбарчая кампанія скончаная! Сёньня дзень выбараў!

Агітацыя ў гэты дзень забароненая, так што вам нічога не заставалася рабіць, як толькі весяліцца на розных прыёмах і з нецярпеньнем чакаць пачатку шоў пад назвай <clr>""Падлік галасоў""<clrEnd>. Перад самым выхадам Замо Чу прынёс вам апошні прагноз сацыёлягаў."
"/quests/Election.qmm/locations/7/texts/0/text"	"В небольшом космопорте планеты <ToPlanet> вас встретили два солидного вида пеленга. Первый из них представился вам как Замо Чу, официальный представитель планеты <FromPlanet>, второй оказался его помощником по имени Уду-Шилл. 

- Вы как раз вовремя! - воскликнул Замо Чу, пожимая вашу руку всеми четырьмя своими. - Мы уже подготовили все документы для вашей регистрации, осталось только их подписать.

Через несколько минут, сидя в номере люкс лучшего отеля планеты, вы поставили свою размашистую подпись на все необходимые документы, а еще через полчаса сияющий Замо Чу торжественно вручил вам удостоверение кандидата в президенты планеты <ToPlanet>.

- Поздравляю вас, <Ranger>! Избирательная компания начнется завтра. Естественно, все расходы оплачиваются планетой <FromPlanet>, так что вам даже не надо о них задумываться. Вашим соперником является человек по имени <clr>Абу Линкольн Хуссейн<clrEnd>. Выборы состоятся через [p25] дней. Если у вас нет вопросов, то мы с Уду-Шиллом желаем вам спокойной ночи. Завтра утром за вами заедет машина и отвезет вас в избирательный штаб."	"Quest Election.qmm: locations.7.texts.0.text. Preserve every <tag> exactly. English reference: Two seriously looking Pelengs met you in a small spaceport of the <ToPlanet> planet. The first introduced himself as Kill Young, official representative of the <FromPlanet>, the second one turned out to be his assistant called Strangl Lee. 

- You arrived just in time! - Kill Young exclaimed, shaking your hand with all four of his. - We have already prepared all the documents for your registration, the only thing left is to execute them.

Within several minutes, you find yourself in a suite of the planet's best hotel scrawling your signature on all the required documents, other 30 minutes later a beaming Kill Young formally presents you with a document certifying you as an official presidential candidate of <ToPlanet>.

- Congratulations, <Ranger>! The election campaign begins tomorrow. Naturally, all the cost is covered by <FromPlanet>, so you don't even have to bother yourself with the cost. Your presidential rival is a Human called <clr> Abu Linkoln Husseyn<clrEnd>. The election will take place in [p25] days. If you have no questions, then let me and Stangl Lee wish you good night. A car will be sent for you tomorrow, it will take you to the campaign headquarters."	"Quest,Election"	""
"/quests/Election.qmm/locations/14/texts/0/text"	"- А разве вы не знали? - удивился пеленг. - Ради избежания скандалов, обвинений в подтасовке, гражданских войн и прочих проявлений неудовольствия со стороны проигравших, кандидат, провалившийся на выборах, подлежит немедленному расстрелу. Этот закон был введен еще Линчем, первым президентом планеты <ToPlanet>, и с тех пор выполняется неукоснительно. Но вам бояться нечего, ведь вы как раз прилетели за победой, не так ли?"	"Quest Election.qmm: locations.14.texts.0.text. Preserve every <tag> exactly. English reference: - Were you not aware of this? - the Peleng said in amazement. - In order to avoid a scandal, accusations of rigging the election and gerrymandering, civil wars and other outbreaks of discontent on behalf of the defeated candidates, they will be immediately be executed upon losing the election. It was Linch, the first president of <ToPlanet>, who introduced this law, and we hold firm to it ever since. You have nothing to fear, you've come here to win, haven't you?"	"Quest,Election"	""
"/quests/Election.qmm/locations/15/texts/0/text"	"Не слушая никаких возражений со стороны пеленгов, вы отправились в космопорт. Ваша миссия провалена, зато жизнь спасена!"	"Quest Election.qmm: locations.15.texts.0.text. Preserve every <tag> exactly. English reference: Neglecting all arguments of the Pelengs, you head for the spaceport. You failed your mission, but saved your life!"	"Quest,Election"	"Не слухаючы ніякіх пярэчаньняў з боку пеленгаў, вы выправіліся ў касмапорт. Ваша місія праваленая, затое жыцьцё ўратаванае!"
"/quests/Election.qmm/locations/16/texts/0/text"	"Утром вам принесли еду прямо в номер. После завтрака роскошный автомобиль отвез вас в высокое здание официального представительства планеты <FromPlanet>, где и находился ваш избирательный штаб. В штабе вас встретил Замо Чу.

- Первым делом мы должны составить вашу <clr>предвыборную программу<clrEnd>. Это займет целый день. Эксперты уже ждут вас. А с завтрашнего дня вы сможете вести избирательную компанию по своему усмотрению."	"Quest Election.qmm: locations.16.texts.0.text. Preserve every <tag> exactly. English reference: Breakfast was served into your room that morning. After the breakfast a luxurious car took you to a high building of the official representation office of the <FromPlanet> planet, where your election headquarters were located. Kill Young met you in the HQ.

- Fist of all, we must draw out a plan of the <clr>election process<clrEnd> for you. This will take us the whole day. The experts are already waiting for you. And tomorrow you may start your election campaign, as you see fit."	"Quest,Election"	""
"/quests/Election.qmm/locations/17/texts/0/text"	"Пользуясь всеобщей занятостью, вы незаметно покинули здание и бегом добежали до космопорта.

Ваша миссия провалена, но зато ваша жизнь спасена!"	"Quest Election.qmm: locations.17.texts.0.text. Preserve every <tag> exactly. English reference: Taking advantage of everyone's being busy, you stealthily left the building and ran headlong to the spaceport.

You failed your mission, but saved your life!"	"Quest,Election"	"Карыстаючыся ўсеагульнай занятасьцю, вы неўпрыкмет пакінулі будынак і бегам дабеглі да касмапорту.

Ваша місія праваленая, але затое ваша жыцьцё ўратаванае!"
"/quests/Election.qmm/locations/18/texts/0/text"	"- Отлично, <Ranger>! - похвалил вас пеленг, как только ваш автограф оказался на бумаге. - Вы умница! Именно благодаря этому вы не только покинете эту планету живым, но и получите награду в <Money> cr, которая ждет вас на планете <FromPlanet>.

Через полчаса вы уже сидели в своем корабле."	"Quest Election.qmm: locations.18.texts.0.text. Preserve every <tag> exactly. English reference: - Fine, <Ranger>! - the Peleng encouraged you, as soon as he saw your signature on the document. - You're a nice guy! And therefore you will not be just allowed to leave this planet alive, you will get a reward of <Money> cr. It is waiting for you on the <FromPlanet> planet.

30 minutes later you were sitting in your spaceship."	"Quest,Election"	"— Выдатна, <Ranger>! — пахваліў вас пеленг, як толькі ваш аўтограф апынуўся на паперы. — Вы разумніца! Менавіта дзякуючы гэтаму вы ня толькі пакінеце гэтую плянэту жывым, але і атрымаеце ўзнагароду ў <Money> cr, якая чакае вас на плянэце <FromPlanet>.

Праз паўгадзіны вы ўжо сядзелі ў сваім караблі."
"/quests/Election.qmm/locations/19/texts/0/text"	"Услышав это, пеленги переглянулись.

- Уже третий случай, - равнодушно пробормотал Уду-Шилл, доставая из кармана самострел, любимое оружие пеленгов. - Неужели эти тупые рейнджеры действительно считают, что мы тратим столько бабок на их избирательную компанию только для того, чтобы они могли править планетой сами?! 

Вам в ногу вонзилась игла, и вы погрузились в забытье. Очнулись вы в мрачном подземелье, уставленном многочисленными орудиями пыток. Через несколько дней вас пытками заставили подписать все необходимые документы, после чего милостиво пристрелили из бластера..."	"Quest Election.qmm: locations.19.texts.0.text. Preserve every <tag> exactly. English reference: Having heard this, the Pelengs looked at each other.

- This is the third time already, - Strangle Lee uttered listlessly, taking a crossbow out of the pocket, which is by the way Pelengs' favourite weapon. - Can these dumb rangers really be thinking that we spend so much dough for their election campaign only that they be governing the planet by themselves?! 

A needle pricked into your foot, and you lost your conscience. You recovered in a dismal dungeon that was equipped with various instruments of torture. Within several days of torture they made you sign all the required documents, and after this they shot you down out of mercy with the help of a blaster..."	"Quest,Election"	""
"/quests/Election.qmm/locations/20/texts/0/text"	"Вы затребовали себе прайс-листы всех окрестных винных магазинов и долго изучали эти документы, экспериментально сверяя качество их продукции с заявленными ценами. За этим полезным занятием день пролетел совершенно незаметно.

Итак, [p7]-й день избирательной компании позади! Вы сидите в своем номере отеля. Интересно, какие события произошли за этот день в мире?"	"Quest Election.qmm: locations.20.texts.0.text. Preserve every <tag> exactly. English reference: You requested price lists from all the neighbourhood's liquor stores and plunged into a review of these documents for a considerable amount of time, checking whether the quality of the products matches the prices listed. A day passed unnoticed while your were indulging yourself in this useful occupation.

So, day [p7] of the election campaign is over! You are in your hotel room. Are you interested in the events that happened in the world today?"	"Quest,Election"	""
"/quests/Election.qmm/locations/20/texts/1/text"	"Итак, [p7]-й день избирательной компании позади! Вы сидите в своем номере отеля. Интересно, какие события произошли за этот день в мире?"	"Quest Election.qmm: locations.20.texts.1.text. Preserve every <tag> exactly. English reference: So, day [p7] of the election campaign is over! You are in your hotel room. Are you interested in the events that happened in the world today?"	"Quest,Election"	"Такім чынам, дзень [p7] выбарчай кампаніі мінуў! Вы сядзіце ў сваім нумары гатэлю. Цікава, якія здарэньні адбыліся за гэты дзень у сьвеце?"
"/quests/Election.qmm/locations/20/texts/2/text"	"То ли ваши имиджмейкеры мало заплатили журналисту-пачкуну, то ли он был изначально подослан парнями из избирательного штаба Абу Линкольна Хуссейна... Так или иначе, но в самое рейтинговое время по стереовизору вместо заказанного вами компромата был прокручен снятый журналистом на скрытую камеру ролик с вашим заказом! Комментарии к ролику доходчиво объясняли всю мерзость использованных вами грязных приемов, так что даже у самых тупых зрителей не могло остаться сомнений в вашей подлости и гадливости...

Уже через час под окнами вашей штаб-квартиры собралась огромная разнородная толпа, дружно скандировавшая проклятия в ваш адрес. Охрана и имиджмейкеры жестко порекомендовали вам отменить на сегодня все мероприятия, что вы и сделали. Лишь поздно вечером стихийный митинг под вашими окнами прекратился. 

Сколько же голосов вы потеряли за сегодня? Много, очень много! Вы поклялись себе больше никогда не использовать черный пиар.

Итак, [p7]-й день избирательной компании позади! Вы сидите в своем номере отеля. Интересно, какие события произошли за этот день в мире?"	"Quest Election.qmm: locations.20.texts.2.text. Preserve every <tag> exactly. English reference: It was either your image-makers that underpaid the dirty reporter or he was initially sent by Abu Linkoln Husseyn's guys from his election headquarters... In any case, during the prime-time the stereovision aired not the discrediting material that your ordered for Husseyn but a video spot with you voicing your order shot by that reporter with the help of a spycam. The comments to the spot described in details all the ugliness of the dirty methods that you employed, therefore now even the dumbest of the spectators would have no doubts in your meanness and creepiness...

Within an hour a motley mob gathered in front of your windows and was unanimously yelling curses. Your security and image-makers strongly recommended you to cancel all the events for today, and you did exactly as they told you. The rally in front of your windows ended only later in the night. 

Well, how many votes have you lost today? Too many! You swore you would never use the methods of black PR again.

Well, day [p7] of the election campaign is over! You are in your hotel room. Are you interested in the events that happened in the world today?"	"Quest,Election"	""
"/quests/Election.qmm/locations/21/texts/0/text"	"Вы взяли чистый лист бумаги и написали на нем: ""Меню на обед"". Обложившись поваренными книгами, вы погрузились в глубокие гастрономические изыскания. Зато к обеду этот важнейший документ был полностью готов!

Вы хорошо пообедали, и с новыми силами готовы взяться за избирательную компанию. Что будем делать во второй половине дня? Можно сделать себе рекламу или посетить массовое мероприятие."	"Quest Election.qmm: locations.21.texts.0.text. Preserve every <tag> exactly. English reference: You took taken a black piece of paper and wrote: ""Lunch Menu"". You surrounded yourself with cooking books and plunged into a profound gastronomic survey. By lunch time this document of paramount importance was completed!

You had a good lunch, and were ready to attack your election campaign issues with regained strength. What will we do this afternoon? You can have a campaign ad shot or visit a public event."	"Quest,Election"	""
"/quests/Election.qmm/locations/21/texts/1/text"	"Вы приказали журналисту-пачкуну очернить Абу Линкольна Хуссейна в глазах <clr>гаальцев<clrEnd>. Обговорив разные детали с вами и вашими помощниками, пачкун ушел. Вы с нетерпением стали ждать результатов его труда. После обеда вам позвонил пачкун и сказал, что заказ готов, и можно посмотреть его по стереовизору прямо сейчас. 

Любимая гаальцами передача <clr>""Духовная сущность иике-бааны""<clrEnd> была полностью посвящена отвратительному эпизоду, приключившемуся с Абу Линкольном Хуссейном несколько лет назад. Намешав втыкиллу, кинзу и пиво, этот человек упился как свинья и пришел в таком состоянии на выставку иике-баан. Там он начал буянить, сломал две иике-бааны и полностью заблевал третью. Передача сопровождалась воспоминаниями свидетелей и очевидцев тех омерзительных событий. И хотя вы знали, что эти события были полностью выдуманы, все звучало весьма убедительно. А зрелище заблеванной иике-бааны, показанной крупным планом, вообще не могло оставить равнодушным ни одного гаальца. Теперь можно было не сомневаться в том, за кого они проголосуют.

Представители других рас, равнодушных в иике-баанам, отреагировали на передачу довольно вяло. А кое-кто из малоков, презиравших любое искусство, а гаальское - в особенности, даже нашел передачу весьма забавной, а выходку вашего соперника - очень остроумной. Впрочем, некультурных представителей этой тупой расы можно было не принимать во внимание.

С заметно повысившимся настроением вы выключили стереовизор. Вот как работают профессионалы! Что будем делать во второй половине дня?"	"Quest Election.qmm: locations.21.texts.1.text. Preserve every <tag> exactly. English reference: You ordered the dirty reporter to blacken Abu Linkoln Husseyn before the <clr>Gaals<clrEnd>. Having settled down different details with you and your assistants, the dirty reporter left. You were sitting in anticipation of the results of his work. The dirty reporter telephoned you after lunch and announced that your order had been accomplished and you could watch the results on the stereovision system right now. 

The <clr>""Spiritual essence of the iike-baana""<clrEnd> program, which is Gaals' favourite, was dedicated completely to the coverage of a disgusting scene that happened to Abu Linkoln Husseyn several years ago. After bousing with a mixture of vtequila, kinza and beer this Human got beastly drunk and went to the iike-baana exhibition. He started brawling there, broke two iike-baanas and vomited on the third one. The spot was illustrated with the evidences of those who had witnessed the accident. And though you knew very well that all the details were fake, everything looked very convincing. And the zoomed-in sight of the iike-baana, which was vomited upon, could not leave any Gaal unimpressed. Now it was obvious who they would give their votes for.

The members of other races, who were indifferent towards iike-baanas, reacted rather apathetically. And someone from the Maloqs who despised all arts, and especially gaals, found the program rather amusing and the actions of your rival very sharp-witted. But the uncultured members of that dumb race may not be taken into account anyway. 

You switched off the stereovision system in a much better mood. Well, that's how professionals work! So, what will we do in the afternoon?"	"Quest,Election"	""
"/quests/Election.qmm/locations/21/texts/2/text"	"Когда вы дали журналисту-пачкуну задание скомпрометировать Абу Линкольна Хуссейна в глазах <clr>малоков<clrEnd>, тот заверил вас, что нет ничего проще, и все будет сделано на высшем уровне уже через пару часов. Заинтригованный этими словами, вы решили никуда не выходить, чтобы не пропустить случайно заказанный вами компромат.

Перед самым обедом в любимой всеми малоками стереопередаче <clr>""Смирно, салаги!!!""<clrEnd> вместо обещанного в программе изучения нового устава караульной службы был показан разгромный сюжет о вашем сопернике. Оказалось, что в молодости он целых три года уклонялся от обязательной военной службы! Подкупал врачей на медосмотрах и подделывал документы об отсрочке! А когда его наконец призвали, проявил себя хлюпиком и слюнтяем, не умеющим даже гранатомет разобрать и собрать в положенный норматив. По отзывам офицеров его части, Абу Линкольн Хуссейн так и не научился правильно выполнять команды ""Разойдись!"" и ""Равнение на командира!"" А кончилась его служба позорнейшим дезертирством и трусливым бегством с родной планеты в трюме торгового корабля...

Да, после такой разгромной стереопередачи вашему сопернику будет трудно вновь завоевать уважение малоков! Правда, отдельные пеленги и люди, случайно посмотревшие передачу, нашли действия Абу Линкольна Хуссейна вполне разумными и естественными, но таковых было совсем немного. 

С заметно повысившимся настроением вы выключили стереовизор и сели обедать. День, кажется, начинается совсем неплохо! Что будем делать во второй половине дня?"	"Quest Election.qmm: locations.21.texts.2.text. Preserve every <tag> exactly. English reference: When you asked the dirty reporter to discredit Abu Linkoln Husseyn before the <clr>Maloqs<clrEnd>, he assured you that nothing was easier, and that everything would be completed within a couple of hours, so that you would not by chance miss the airing of the discrediting material.

Just before lunch, the <clr>""Attention, sailor boys!!!""<clrEnd> stereoprogram, which is Maloqs' favourite, instead of airing a scheduled analysis of new guard regulations showed a smashing story about your rival. It turned out that in his youth he dodged the military service for three years! He bribed the doctors at medical examination stations and forged deferment documents. And when he finally was drafted, he showed himself a sniveller and a sissy. He could not even dismantle a grenade launcher and then put it together again within the required time frame. According to the reports of his unit's officers, Abu Linkoln Husseyn had never learned how to obey the commands such as ""Dismissed"" or ""Eyes on the commander"". And his service ended in a most dishonorable desertion, when he cowardly fled from his home planet in a cargobay of a trading craft...

Yes, after such a smashing stereovision program your rival will find it hard to win back the support of the Maloqs! Although there were some Pelengs and Humans who saw the program and found the actions of Abu Linkoln Husseyn quite reasonable and natural, these individuals were very few in number. 

You switched off the stereovision system in a much better mood and went for lunch. It seemed that the day had a good start! Well, what will we do in the afternoon?"	"Quest,Election"	""
"/quests/Election.qmm/locations/21/texts/3/text"	"Задание очернить Абу Линкольна Хуссейна - человека - в глазах <clr>людей<clrEnd> журналист-пачкун сначала отверг как почти невыполнимое. Лишь долгое убеждение и двойной гонорар, обещанный вашим помощником, заставило его с неохотой взяться за это дело. Вы так устали от этого разговора, что решили дать себе отдых до самого обеда. После обеда вам принесли свежий выпуск газеты <clr>""Человеческая правда""<clrEnd>, добрую половину которого занимало журналистское расследование <clr>""Абу Линкольн Хуссейн - кто он и откуда""<clrEnd>.

Оказывается, Абу Линкольн Хуссейн являлся активным членом секты Мега-Мазохистов-Мизантропов!!! Члены этой человеческой секты искренне считали людей низшей расой и делали все возможное, чтобы человечество было порабощено другими расами. Сфабрикованные пачкуном доказательства были очень убедительны - показания свидетелей, воспоминания очевидцев, мнения экстрасенсов, номера банковских счетов и размытые фотографии любительской съемки скрытой камерой. Не вызывала сомнений причастность вашего соперника к ряду крупных терактов, совершенных сектой на нескольких человеческих планетах. Также становилась очевидной и цель, ради которой Абу Линкольн Хуссейн шел на выборы, и судьба человеческого населения планеты <ToPlanet> в случае его победы.

Разумеется, все нормальные люди искренне ненавидели членов секты Мега-Мазохистов-Мизантропов, так что теперь Абу Линкольну Хуссейну будет непросто добиться расположения людей. Правда, представители других рас, случайно прочитавшие заметку, несколько улучшили свое отношение к вашему сопернику, но таких было мало.

С заметно повысившимся настроением вы отложили газету. Вот теперь можно и поработать! Что будем делать во второй половине дня?"	"Quest Election.qmm: locations.21.texts.3.text. Preserve every <tag> exactly. English reference: At first the dirty reporter refused to perform the mission of blackening Abu Linkoln Husseyn - a human - in front of <clr>humans <clrEnd> as almost impossible. Long blandishments and a promise of doubling the fee, which was voiced by your assistant, made him reluctantly get on the stick. You got so tired of talking to him that you decided to have a rest before lunch. After lunch they brought you the latest issue of the <clr>""Human Truth""<clrEnd> newspaper, almost half of which was dedicated to reporter's investigation titled <clr>""Who is Abu Linkoln Husseyn?""<clrEnd>.

It turned out that Abu Linkoln Husseyn was an active member of the Mega-Masochists & Misanthropes sect!!! Members of this human sect honestly regarded humans as the inferior race and made everything in their power to have the humanity enslaved by other races. The evidence, trumped up by the dirty reporter, was very convincing, it included testimony of witnesses, recollections of beholders, opinions of the mediums, banking accounts and diffused and blurred pictures made with the help of an amateur spycam. The implication of your rival in a series of huge acts of terrorism performed by the sect on several human planets was beyond all doubt. Besides, now it was clear why Abu Linkoln Husseyn became a presidential candidate, and there were little doubts concerning the fate of <ToPlanet>'s human population in case he wins the elections.

It was quite natural that all the normal humans should sincerely hate the members of the Mega-Masochists & Misanthropes sect, so that now it would be very hard for Abu Linkoln Husseyn to gain back the goodwill of the Humans. The attitude towards your rival of other race members, who read the article occasionally, somewhat improved, but these were few.	

You put aside the paper in a much better mood. Now you can get down to work. Well, what will you this afternoon?"	"Quest,Election"	""
"/quests/Election.qmm/locations/21/texts/4/text"	"Вы дали задание журналисту-пачкуну очернить Абу Линкольна Хуссейна в глазах пеленгов. Получив от вашего помощника Замо Чу солидный аванс, пачкун ушел. Решив, что за утро вы поработали достаточно, вы легли на диван и продремали до самого обеда. После обеда, включив стереовизор, вы увидели плоды своего заказа. 

В обожаемой пеленгами стереопередаче <clr>""Закон и как его обойти""<clrEnd> появилась новая рубрика <clr>""Осторожно: стукач!""<clrEnd>. Сегодня в ней рассказывалось о вашем сопернике. Оказывается, Абу Линкольн Хуссейн вот уже двадцать лет являлся платным осведомителем гаальских, фэянских и человеческих спецслужб!!! Входя в доверие к честным пеленгским наркоторговцам и пиратам, он затем предательски раскрывал их планы спецслужбам. Именно он рассказал людям о секретной базе лякуши Борзухана на одной из незаселенных планет; именно Абу Линкольн Хуссейн раскрыл и передал гаальцам трех мужественных агентов Дзухаллага, которые пытались украсть у них разработку сверхсекретного прибора под названием ""Джампер"". Вообще, Абу Линкольн Хуссейн объявлен вне закона на {[14..19]} пеленгских планетах. В заключение ведущий передачи рекомендовал всем уважающим себя пеленгам держаться подальше от этого типа и ни в коем случае ему не доверять.

С заметно повысившимся настроением вы выключили стереовизор. Можно считать, что голоса пеленгов у вас в кармане - ведь стукачество считается в их среде самым тяжким преступлением! Весь компромат на Абу Линкольна Хуссейна был выдуман журналистом от начала и до конца, но доказать это ваш соперник никогда не сможет. И хотя представителям всех остальных рас нарисованный в передаче образ Абу Линкольна Хуссейна пришелся по вкусу, черный пиар оказался удачным вложением средств.

Что будем делать во второй половине дня?"	"Quest Election.qmm: locations.21.texts.4.text. Preserve every <tag> exactly. English reference: You tasked the dirty reporter to blacken Abu Linkoln Husseyn in the eyes of the Pelengs. Having received a solid advance payment from your assistant Kill Young the dirty reporter left. You decided that you worked enough for this morning, and took a nap on the sofa till lunch time. After lunch, you switched on the stereovision and saw the results of your order on the screen. 

<clr>""The Law and How to Dodge It""<clrEnd> stereoprogram adored by the Pelengs had a new section today, called <clr>""Beware: the Informer!""<clrEnd>. Today it was devoted to you your rival. It turned out that Abu Linkoln Husseyn had been a paid informer of Gaals, Faes and Human intelligence agencies!!! Getting into confidence of honest Peleng drug dealers and pirates, he subsequently treacherously disclosed their plans to the intelligence agencies. It was he who informed the Humans about the location of lyakusha Borzukhan secret base on one of the uninhabited planets. It was Abu Linkoln Husseyn who caught and extradited to the Gaals three fearless Dzukhallag agents, who tried to steal from the Gaals the designs of their top-secret device called Jumper. Moreover, Abu Linkoln Husseyn was outlawed on {[14..19]} Peleng planets. In conclusion, the host recommended all respectable Pelengs to stay away from this guy. 

You switched off the stereovision system in a much better mood. You can consider the votes of the Pelengs to be in your pocket, for they regard informants as the most grievous criminals! The journalist trumped up all the material discrediting Abu Linkoln Husseyn from the very start, but your rival will never be in a position to prove that. Although the members of other races found the portrait of Abu Linkoln Husseyn shown in the program much to their liking, the black PR was nevertheless a good investment.

So what will you do this afternoon?"	"Quest,Election"	""
"/quests/Election.qmm/locations/21/texts/5/text"	"- Делай что хочешь, но чтобы ни один из этих высоколобых <clr>фэян<clrEnd> за Хуссейна не голосовал! - дали вы задание журналисту-пачкуну, а Замо Чу подтвердил ваши слова конвертом с внушительным гонораром. 

От общения с пачкуном у вас испортилось настроение, и вы решили отдохнуть до обеда, после которого вам принесли популярный среди фэян <clr>""Научный вестник""<clrEnd>. На его первой полосе красовалась статья <clr>""И это наш будущий президент?!""<clrEnd>

В статье описывались студенческие годы Абу Линкольна Хуссейна, прошедшие в элитном Эйпентакском Университете. Приводимые факты леденили душу любого фэянина - оказывается, Абу Линкольн Хуссейн списывал домашние задания и контрольные!!! Будучи пойман на экзамене со шпаргалкой, он пытался дать взятку самому ректору университета, отчего у почтенного далани разыгралась мигрень. А на защите диплома Абу Линкольна Хуссейна уличили в попытке украсть чужой результат и с позором выгнали из университета! Все материалы были густо проиллюстрированы фальшивыми фотографиями, псевдокопиями экзаменационных протоколов и выдуманными интервью с преподавателями университета. 

Компромат был оформлен настолько здорово, что в этот же день толпа возмущенных фэян забросала предвыборный штаб Абу Линкольна Хуссейна просроченными неоновыми лампами. Что же касается других рас, то на них статья особого влияния не оказала, так как ""Научный вестник"" они не читали, а услышали про статью лишь из вторых рук. При этом многие гаальцы разделили возмущение фэян, а все остальные посчитали поведение вашего соперника в студенческие годы нормальным или даже образцовым.

В целом, вы остались довольны черным пиаром и его эффективностью. Теперь можно применить и более корректные методы предвыборной борьбы. Что будем делать во второй половине дня?"	"Quest Election.qmm: locations.21.texts.5.text. Preserve every <tag> exactly. English reference: - You can do whatever you like, but make it so than none of the highbrowed <clr>Faes<clrEnd> vote for Husseyn! - this was a mission you assigned to the dirty reporter, and Kill Young confirmed your words by an impressive-looking envelop with his pay. 

The talk with the dirty reporter soured your spirits and you decided to have a rest before lunch, after which they brought you a copy of the <clr>Scientific Report<clrEnd> Magazine that is very popular among the Faes. Its editorial was devoted to an article called <clr>Is This Our Future President?!<clrEnd>

The article covered the student years of Abu Linkoln Husseyn that he spent in the elite Aipentack University. The facts disclosed were simply killing for all the Faes - it turned out that Abu Linkoln Husseyn was cribbing homeworks and tests!!! Being caught on the exam with a crib note, he tried to bribe the president of the university, and on this occasion caused the migraine of the respected dalani. And during the thesis defence he was condemned in trying to steal others' results and was expelled from the university with disgrace! False photos, pseudo-copies of exam protocols and fictional interviews with the university academics, accompanied all the material. 

The material was so well documented that on the same day a crowd of agitated Faes bombarded the election headquarters of Abu Linkoln Husseyn with neon lamps with expired service life. As for the other races, they didn't seem to be that influenced by the article, for they were not reading the Scientific Report, and they just heard something about the article from second sources. Anyway, many Gaals shared the agitation of the Faes, but all the rest found the conduct of your rival during his student years to be quite normal or even exemplary.

In general you were pleased by the black PR and its effectiveness. Now, you may employ more politically correct methods of election campaigning. So what will you do in the afternoon?"	"Quest,Election"	""
"/quests/Election.qmm/locations/21/texts/6/text"	"Вы хорошо пообедали и с новыми силами готовы взяться за избирательную компанию. После обеда журналисты обычно отдыхают, но зато можно встретиться с избирателями напрямую. А можно заказать себе новую рекламу. Итак, что будем делать во второй половине дня?"	"Quest Election.qmm: locations.21.texts.6.text. Preserve every <tag> exactly. English reference: You had a good lunch and were ready to plunge into your election campaign with renewed strength. The journalists usually take rest after lunch, but you can contact your voters directly. Or you can order a new ad to be shot for you. Well, what will you do in the afternoon?"	"Quest,Election"	"Вы добра паабедалі і з новымі сіламі гатовыя ўзяцца за выбарчую кампанію. Пасьля абеду журналісты звычайна адпачываюць, затое можна сустрэцца з выбаршчыкамі наўпрост. А можна замовіць сабе новую рэкляму. Дык што будзем рабіць у другой палове дня?"
"/quests/Election.qmm/locations/21/texts/7/text"	"Пока вы колебались, ценное время было упущено. Ну что ж, в народ идти уже поздно, но еще можно успеть сделать себе рекламу. А может, лучше просто отдохнуть?"	"Quest Election.qmm: locations.21.texts.7.text. Preserve every <tag> exactly. English reference: As long as you remained undecided you lost precious time. Well, it's already late to go canvassing among the people, but you can still manage to have an ad shot. Or do you prefer to take a rest instead?"	"Quest,Election"	"Пакуль вы вагаліся, каштоўны час быў змарнаваны. Ну што ж, у народ ісьці ўжо позна, але яшчэ можна пасьпець зрабіць сабе рэкляму. А можа, лепей проста адпачыць?"
"/quests/Election.qmm/locations/21/texts/8/text"	"Итак, чем вы хотите заняться?"	"Quest Election.qmm: locations.21.texts.8.text. Preserve every <tag> exactly. English reference: So what would you like to do?"	"Quest,Election"	"Дык чым вы хочаце заняцца?"
"/quests/Election.qmm/locations/22/texts/0/text"	"Микрофоном завладел седовласый человек преклонных лет.

- Олд Хрыч, журнал <clr>""Молодое поколение""<clrEnd>. Скажите, почему вы стали рейнджером?"	"Quest Election.qmm: locations.22.texts.0.text. Preserve every <tag> exactly. English reference: The floor was passed to an aged grey-headed human.

- Old Gink, <clr>Young Generation<clrEnd> Magazine. Please, tell us why you have become a ranger?"	"Quest,Election"	"Мікрафонам завалодаў сівавалосы чалавек сталых гадоў.

— Олд Хрыч, часопіс <clr>""Маладое пакаленьне""<clrEnd>. Скажыце, чаму вы сталі рэйнджэрам?"
"/quests/Election.qmm/locations/23/texts/0/text"	"Ваша пресс-конференция вызвала ажиотаж среди журналистов всех рас. Большой зал вашего избирательного штаба был заполнен до предела. Вы минут 20 проболтали о том, какой вы хороший, и почему надо выбрать президентом именно вас. По старой журналистской традиции, эта часть вашей пресс-конференции прошла при выключенных микрофонах и осталась для избирателей за кадром. 

Наконец наступило самое интересное. Вы оторвались от текста своей речи и произнесли:"	"Quest Election.qmm: locations.23.texts.0.text. Preserve every <tag> exactly. English reference: Your press conference proved to be a real barnstormer among the journalists of all races. The large hall of your election headquarters was packed with reporters. You blabbered 20 minutes about what a good person you were and why they had to elect no one but you for the president post. According to old journalist tradition, this part of your press conference was conducted with mikes dead and thus was not made known to the public.  

Now the most interesting part was beginning. You lifted your head up from the text of your paper and announced:"	"Quest,Election"	""
"/quests/Election.qmm/locations/23/texts/1/text"	"На очередную пресс-конференцию пришло довольно много журналистов разных рас. Большой зал вашего избирательного штаба был заполнен почти до предела. Вы минут 20 критиковали своего соперника, не зная, что при подготовке к эфиру журналисты все равно вырежут эту часть пресс-конференции как скучную.
 
Наконец наступило самое интересное. Вы оторвались от текста своей речи и произнесли:"	"Quest Election.qmm: locations.23.texts.1.text. Preserve every <tag> exactly. English reference: The next press conference was attended by many journalists of various races. The large hall of your election headquarters was packed almost to the max. Your spent 20 minutes criticising your rival not knowing that the reporters will cut this dull part of your press conference from their coverage.
 
Now the most interesting part was beginning. You lifted your head up from the text of your paper and announced:"	"Quest,Election"	""
"/quests/Election.qmm/locations/23/texts/2/text"	"Ваша пресс-конференция почему-то не вызвала особого ажиотажа среди журналистов - Большой зал вашего избирательного штаба был заполнен лишь на половину. Похоже, вы начинаете прессе надоедать... Вы долго рассказывали о себе и своих подвигах в борьбе с доминаторами, но, судя по скучающим лицам присутствовавших журналистов, вряд ли ваша блистательная речь достигнет ушей избирателей.

Наконец наступило самое интересное. Вы оторвались от текста своей речи и произнесли:"	"Quest Election.qmm: locations.23.texts.2.text. Preserve every <tag> exactly. English reference: Your press conference somehow made no great boom among the journalists - the large hall of your election headquarters was filled only by half. Looks like the press started getting sick and tired of you... You spoke about yourself and your feasts in the struggle with the Dominators for a long time, but judging by the dull faces of the attending reporters, it could be seriously doubted that your speech would ever reach your voters.

Now the most interesting part was beginning. You lifted your head up from the text of your paper and announced:"	"Quest,Election"	""
"/quests/Election.qmm/locations/26/texts/0/text"	"К микрофону вышел гаальский журналист.

- Профессор Ноо Пасаран, альманах <clr>""Этика межрасовых отношений""<clrEnd>. У меня такой вопрос. Представьте, что ваш корабль потерпел крушение на необитаемой планете, где с вами оказалось ровно по одному представителю каждой из разумных рас Галактики. Помощь прибудет не скоро, а на всей планете нет ничего съедобного. Скажите, кого бы вы съели первым в такой ситуации?"	"Quest Election.qmm: locations.26.texts.0.text. Preserve every <tag> exactly. English reference: A Gaalian journalist took the floor.

- Professor Noo Pasaran, <clr>Interracial Relations Ethics<clrEnd> Almanac. My question is this. Imagine that your spaceship suffered a wreck on an uninhabited planet with a representative of each rational race of the Galaxy on board. Rescue team will not arrive soon. Please tell us whom will you eat first in these circumstances?"	"Quest,Election"	""
"/quests/Election.qmm/locations/28/texts/0/text"	"Быстрее всех среагировал какой-то пеленг:

- Цап Каце, газета <clr>""Комок грязи""<clrEnd>. Представьте, что вы испытываете малокский истребитель ""Шмель"". Прямо на вас летит сумасшедший ремонтный робот, вооруженный фотонным резаком. Вы решаете расстрелять робота из орудий, но из-за неисправности прицела все выстрелы уходят мимо цели. Тогда вы хотите уйти в облака, но рычаг набора высоты заклинивает. Вы пытаетесь взять робота под свой контроль с помощью известного вам хакерского кода, но обнаруживаете, что в передатчике сели батарейки. А робот уже совсем рядом!!! В отчаянии вы нажимаете на кнопку катапультирования, и на табло высвечивается надпись: ""Данное действие приведет к безвозвратной потере боевой машины. Оно допустимо только в чрезвычайной ситуации. Для подтверждения ваших полномочий введите свой идентификационный номер, персональный пароль и код чрезвычайной ситуации"". Ну и что вы после этого думаете о вашем начальстве?"	"Quest Election.qmm: locations.28.texts.0.text. Preserve every <tag> exactly. English reference: A Peleng was the fastest to react:

- Zap Katze, <clr>Lump of Mud<clrEnd> newspaper. Imagine that you are testing a Maloq Bumblebee fighter. A crazy maintenance robot armed with a photon cutter is approaching you up front. You decide to shoot the robot from the weapons, but due to a malfunctioning of the aiming device all the shots are missing the target. After that you wish to disappear in the clouds, but the drift-up lever is wedged. You try to take the robot under your control using a hacker code that you know, but you see that the batteries of the transmitter are down. And the robot is almost near!!! In despair you push the catapult button, and a sign appears blinking on the panel: ""This action will lead to the irretrievable loss of the combat vehicle. It is allowable only in emergency situations. Please enter you identification code for the authorization, then your personal keyword and the emergency situation code."" Now what would you say about your commanders after all this?"	"Quest,Election"	""
"/quests/Election.qmm/locations/29/texts/0/text"	"Один из гаальцев успел к микрофону раньше своих коллег.

- Ща Даам, стереопрограмма <clr>""Духовная сущность иике-бааны""<clrEnd>. Скажите, какой ваш любимый цвет?"	"Quest Election.qmm: locations.29.texts.0.text. Preserve every <tag> exactly. English reference: One of the Gaals managed to get the floor before his colleagues.

- Shooch Yaa, <clr>Spiritual Essence of the Iike-Baana<clrEnd> stereoprogram. Tell me, what is your favourite color?"	"Quest,Election"	"Адзін з гаальцаў пасьпеў да мікрафона раней за сваіх калег.

— Шча Даам, стэрэа-праграма <clr>""Духоўная сутнасьць ііке-бааны""<clrEnd>. Скажыце, які ваш улюбёны колер?"
"/quests/Election.qmm/locations/30/texts/0/text"	"Замо Чу посмотрел на вас с некоторым сомнением.

- Черный пиар считается очень <clr>грязным приемом<clrEnd>. Он позволяет весьма эффективно очернить оппонента в глазах любой из рас. Правда, есть риск, что все вскроется, и тогда вы лишитесь поддержки очень значительной части избирателей. Я вызову сюда знакомого журналиста-пачкуна, а вы пока подумайте, против кого его направить, и стоит ли это делать вообще.

Итак, в чьих глазах будем очернять Абу Линкольна Хуссейна в этот раз?"	"Quest Election.qmm: locations.30.texts.0.text. Preserve every <tag> exactly. English reference: Kill Young looked at you with a shade of doubt on his face.

- Black PR is considered to be a very <clr> dirty trick<clrEnd>. It allows to effectively blacken your opponent in the eyes of other races. There is some risk though that everything will get revealed, and in this case you can lose the support of a considerable part of your voters. I will summon the dirty reporter here, meanwhile you think whom he attack, and whether this is necessary to do at all.

So, in whose eyes do you wish to blacken Abu Linkoln Husseyn this time?"	"Quest,Election"	""
"/quests/Election.qmm/locations/32/texts/0/text"	"Трое экспертов действительно ждали вас в соседней комнате. Пожав друг другу руки, вы все уселись за круглый стол. Разложив перед собой кучу бумаг, один из экспертов сказал:

- Мы будем формировать вашу предвыборную программу в интерактивном режиме. Для этого нам достаточно знать лишь краткие тезисы, а специальный компьютер сам оформит их надлежащими штампами. Мы просим вас ответить на некоторые вопросы относительно ваших действий в случае избрания вас президентом планеты <ToPlanet>.

- Хорошо, - сказали вы.

- Тогда первый вопрос: <clr>ваша налоговая политика?<clrEnd>"	"Quest Election.qmm: locations.32.texts.0.text. Preserve every <tag> exactly. English reference: Three experts were waiting for you in the adjacent room. You shook hands with them and sat down at a round table. Placing a pile of papers in front of himself, one of the experts said:

- We will be building up your election campaign in the interactive mode. For this, all we will need is to figure out the details of your ideas, and the computer will process a manifesto of them using an official protocol. If we may, we would like to ask you some questions regarding your policies as a potentially future president of <ToPlanet>.

- OK, - you responded.

- Then, the first question: <clr>what will be your policy concerning taxation?<clrEnd>"	"Quest,Election"	""
"/quests/Election.qmm/locations/33/texts/0/text"	"- А как же отмена дублирующего налога на прибыль?"	"Quest Election.qmm: locations.33.texts.0.text. Preserve every <tag> exactly. English reference: - What about cancelling the duplicate profit tax?"	"Quest,Election"	"— А як жа скасаваньне падатку, які дублюе падатак на прыбытак?"
"/quests/Election.qmm/locations/33/texts/1/text"	"- Стало быть, протесты правозащитников о незаконности налога на беременность останутся без внимания?"	"Quest Election.qmm: locations.33.texts.1.text. Preserve every <tag> exactly. English reference: - You mean, the protests of rights activists concerning the illegitimacy of the pregnancy tax will still be ignored?"	"Quest,Election"	"— Значыць, пратэсты праваабаронцаў пра незаконнасьць падатку на цяжарнасьць застануцца без увагі?"
"/quests/Election.qmm/locations/33/texts/2/text"	"- Следовательно, ежеквартальный налог на покрытие бюджетного дефицита останется в силе?"	"Quest Election.qmm: locations.33.texts.2.text. Preserve every <tag> exactly. English reference: - You mean, the quarterly tax covering budget deficit will remain in force?"	"Quest,Election"	"— Адпаведна, штоквартальны падатак на пакрыцьцё бюджэтнага дэфіцыту застанецца ў сіле?"
"/quests/Election.qmm/locations/33/texts/3/text"	"- В частности, налог на борьбу с доминаторами отменен не будет?"	"Quest Election.qmm: locations.33.texts.3.text. Preserve every <tag> exactly. English reference: - So, I gather that the specific tax for maintaining the struggle with the Dominators will not be abandoned?"	"Quest,Election"	"— У прыватнасьці, падатак на барацьбу з дамінатарамі скасаваны не будзе?"
"/quests/Election.qmm/locations/34/texts/0/text"	"- И вас не пугает падение производства?"	"Quest Election.qmm: locations.34.texts.0.text. Preserve every <tag> exactly. English reference: - Are you worried about the production slide?"	"Quest,Election"	"— І вас не палохае спад вытворчасьці?"
"/quests/Election.qmm/locations/34/texts/1/text"	"- А вы не боитесь, что это приведет к расцвету теневого сектора экономики?"	"Quest Election.qmm: locations.34.texts.1.text. Preserve every <tag> exactly. English reference: - Are you afraid that this will lead to the rise of the shadow economy?"	"Quest,Election"	"— А вы не баіцеся, што гэта прывядзе да росквіту ценявога сэктару эканомікі?"
"/quests/Election.qmm/locations/34/texts/2/text"	"- А уменьшение собираемости налогов вас не пугает?"	"Quest Election.qmm: locations.34.texts.2.text. Preserve every <tag> exactly. English reference: - Are you worried about the drop of the tax collection?"	"Quest,Election"	"— А зьмяншэньне зьбіральнасьці падаткаў вас не палохае?"
"/quests/Election.qmm/locations/34/texts/3/text"	"- И вы не опасаетесь резкого уменьшения валового продукта?"	"Quest Election.qmm: locations.34.texts.3.text. Preserve every <tag> exactly. English reference: - Are you afraid of the sharp decrease of the gross product?"	"Quest,Election"	"— І вы не асьцерагаецеся рэзкага зьмяншэньня валавога прадукту?"
"/quests/Election.qmm/locations/34/texts/4/text"	"- А вы не думаете, что это может вызвать негативную реакцию среди населения?"	"Quest Election.qmm: locations.34.texts.4.text. Preserve every <tag> exactly. English reference: - Will it cause a negative reaction of the population?"	"Quest,Election"	"— А вы не думаеце, што гэта можа выклікаць адмоўную рэакцыю сярод насельніцтва?"
"/quests/Election.qmm/locations/35/texts/0/text"	"- Стало быть, зарплата бюджетникам повышена не будет?"	"Quest Election.qmm: locations.35.texts.0.text. Preserve every <tag> exactly. English reference: - Therefore, I gather that the compensation to the state employees paid from the budget will not be increased?"	"Quest,Election"	"— Значыць, зарплата бюджэтнікам павышаная не будзе?"
"/quests/Election.qmm/locations/35/texts/1/text"	"- Значит, вы не собираетесь выделять дополнительные средства на развитие науки?"	"Quest Election.qmm: locations.35.texts.1.text. Preserve every <tag> exactly. English reference: - I gather, you are not going to devote additional funds for the development of the science?"	"Quest,Election"	"— Значыць, вы не зьбіраецеся вылучаць дадатковыя сродкі на разьвіцьцё навукі?"
"/quests/Election.qmm/locations/35/texts/2/text"	"- Следовательно, на реформу армии денег не будет?"	"Quest Election.qmm: locations.35.texts.2.text. Preserve every <tag> exactly. English reference: - Do you mean that no money will go for the reform of the army?"	"Quest,Election"	"— Адпаведна, на рэформу арміі грошай не будзе?"
"/quests/Election.qmm/locations/35/texts/3/text"	"- Значит, бюджетникам опять будут задерживать зарплату?"	"Quest Election.qmm: locations.35.texts.3.text. Preserve every <tag> exactly. English reference: - So, the state employees will have to survive the salary delays once again?"	"Quest,Election"	"— Значыць, бюджэтнікам зноў будуць затрымліваць зарплату?"
"/quests/Election.qmm/locations/35/texts/4/text"	"- Таким образом, бюджет снова будет с дефицитом?"	"Quest Election.qmm: locations.35.texts.4.text. Preserve every <tag> exactly. English reference: - You mean, the budget will still have a deficit?"	"Quest,Election"	"— Такім чынам, бюджэт зноў будзе з дэфіцытам?"
"/quests/Election.qmm/locations/36/texts/0/text"	"- Ну хорошо, тогда следующий вопрос. Какое из направлений вашей <clr>бюджетной<clrEnd> политики будет приоритетным?"	"Quest Election.qmm: locations.36.texts.0.text. Preserve every <tag> exactly. English reference: - Well, now my next question. What of the areas of your <clr>budget<clrEnd> policy will be prioritised?"	"Quest,Election"	"— Ну добра, тады наступнае пытаньне. Які з кірункаў вашай <clr>бюджэтнай<clrEnd> палітыкі будзе прыярытэтным?"
"/quests/Election.qmm/locations/38/texts/0/text"	"Молодой человек нагловатого вида успел завладеть микрофоном быстрее всех остальных.

- Джим Хаккер, еженедельник <clr>""Новости компьютерных игр""<clrEnd>. Недавно я играл в один квест, там надо выкупить идола у вождя местного племени. Так вот, мне никак не удается его пройти! То денег не хватает, то вождь отказывается продавать идола, то еще какая-нибудь гадость случится... Что бы вы мне посоветовали?"	"Quest Election.qmm: locations.38.texts.0.text. Preserve every <tag> exactly. English reference: A bold young man managed to get the floor before anyone else could.

- Jim Hakker, <clr>Computer Game News<clrEnd> Weekly. Recently I was playing a quest, there was mission to buy an idol from a chief of a local tribe. And I could not accomplish it! Either I didn't have enough money, or the chief refused to sell the idol, or some other nasty thing occurred... What would you advise me to do in this situation?"	"Quest,Election"	""
"/quests/Election.qmm/locations/43/texts/0/text"	"Мощный малок легко оттеснил от микрофона всех своих коллег.

- Карра Ббах, стереопрограмма <clr>""Гражданская оборона в необычных обстоятельствах""<clrEnd>. Представьте, что вы возвращаетесь на планету после жестокого боя. У вас разбит корпус, сломан дроид, не работает защитное поле, а из пяти пушек стреляет лишь одна. И тут на влете в родную систему к вам подлетает пират и требует оплаты проезда. Ваши действия в такой ситуации?"	"Quest Election.qmm: locations.43.texts.0.text. Preserve every <tag> exactly. English reference: A powerful Maloq brushed aside all his colleagues and took the floor.

- Karra Bbach, <clr>Unconventional Situations Civil Defence<clrEnd> stereo-program. Imagine that you are returning to your planet after a knock-down-drag-out fight. Ship's body is damaged, the droid is broken, the forcefield is down, and only one of the five cannons is still firing. And when you are just about to enter your home system a pirate approaches you and demands payment for passing. What will be your actions in this situation?"	"Quest,Election"	""
"/quests/Election.qmm/locations/46/texts/0/text"	"- Отлично! Теперь хотелось бы услышать ваши планы по каждому из конкретных направлений. Что вы планируете сделать для <clr>укрепления обороноспособности<clrEnd> планеты <ToPlanet>?"	"Quest Election.qmm: locations.46.texts.0.text. Preserve every <tag> exactly. English reference: - Fine! Now I would like to hear more about each particular area. What are you planning to do to increase <clr>the military strength<clrEnd> of <ToPlanet>?"	"Quest,Election"	"— Выдатна! Цяпер хацелася б пачуць вашы пляны па кожным з канкрэтных кірункаў. Што вы плянуеце зрабіць для <clr>умацаваньня абараназдольнасьці<clrEnd> плянэты <ToPlanet>?"
"/quests/Election.qmm/locations/47/texts/0/text"	"- Интересное решение! А что вы собираетесь сделать в сфере <clr>охраны правопорядка<clrEnd>?"	"Quest Election.qmm: locations.47.texts.0.text. Preserve every <tag> exactly. English reference: - Interesting decision! And what are you planning to do in regards to the <clr>law enforcement<clrEnd>?"	"Quest,Election"	"— Цікавае рашэньне! А што вы зьбіраецеся зрабіць у сфэры <clr>аховы правапарадку<clrEnd>?"
"/quests/Election.qmm/locations/48/texts/0/text"	"- Надеюсь, что эти меры будут эффективными! А какова будет ваша политика по отношению к <clr>свободной прессе<clrEnd>?"	"Quest Election.qmm: locations.48.texts.0.text. Preserve every <tag> exactly. English reference: - I hope that these steps will prove effective! And what will be your policy towards <clr>media freedom<clrEnd>?"	"Quest,Election"	"— Спадзяюся, што гэтыя захады будуць дзейснымі! А якой будзе ваша палітыка ў дачыненьні да <clr>вольнай прэсе<clrEnd>?"
"/quests/Election.qmm/locations/49/texts/0/text"	"Юркий фэянин проскользнул к микрофону быстрее зазевавшихся представителей других рас.

- Од-далани Талл Муд, журнал <clr>""Бичевание лженауки""<clrEnd>. Скажите, вы верите в Бога?"	"Quest Election.qmm: locations.49.texts.0.text. Preserve every <tag> exactly. English reference: A weasel-like Fae slipped to the microphone faster than the gaping representatives of other races.

- Od-dalani Tall Mud, <clr>""Lynching Pseudo-Science""<clrEnd> Journal. Tell me, do you believe in God?"	"Quest,Election"	"Юркі фэянін прасьлізнуў да мікрафона хутчэй за зявак зь іншых расаў.

— Од-далані Талл Муд, часопіс <clr>""Бічаваньне ілжэнавукі""<clrEnd>. Скажыце, вы верыце ў Бога?"
"/quests/Election.qmm/locations/51/texts/0/text"	"Малокский журналист в военной форме, здоровенный даже по меркам этой могучей расы, легко завладел микрофоном. 

- Сержант Баррыха, стенгазета <clr>""Служивые будни""<clrEnd>. Скажите, что вы обычно делаете для поддержания своей физической формы?"	"Quest Election.qmm: locations.51.texts.0.text. Preserve every <tag> exactly. English reference: A clothed in military uniform Maloq journalist, so huge that he even surpassed all the limits set for that powerful race, easily gained the floor. 

- Sergeant Barrack, <clr>Service Routine<clrEnd> Wallpaper. Tell me, what are you normally doing to keep fit?"	"Quest,Election"	"Малокскі журналіст у вайсковай форме, здаравенны нават па мерках гэтай магутнай расы, лёгка завалодаў мікрафонам. 

— Сяржант Баррыха, сьценная газэта <clr>""Службовыя будні""<clrEnd>. Скажыце, што вы звычайна робіце, каб падтрымліваць сваю фізычную форму?"
"/quests/Election.qmm/locations/54/texts/0/text"	"Шустрый пеленг с хитрой рожей завладел микрофоном:

- Нука Цыц, стереопрограмма <clr>""Закон и как его обойти""<clrEnd>. Для того, чтобы открыть собственное дело на планете <ToPlanet>, нужно получить разрешения от мэрии, полиции, пожарных, санэпидемстанции, торговой палаты, экологической комиссии, комитета по инфраструктуре и главаря местной мафии. Представьте, что у вас на все про все есть только 1000 cr. Кому вы дадите взятку в первую очередь?"	"Quest Election.qmm: locations.54.texts.0.text. Preserve every <tag> exactly. English reference: A weasel-like Peleng with a cunning snout gained the floor:

- Hush Baba, <clr>Law and how to dodge it<clrEnd> stereo-program. In order to open your own business on <ToPlanet>, you have to obtain a permit from the Mayor's office, police, firemen, health care organisation, chamber of commerce, environmental board, infrastructure committee and the head of the local mafiosi. Imagine that you have just 1000 cr for all that. Whom will you bribe first?"	"Quest,Election"	""
"/quests/Election.qmm/locations/55/texts/0/text"	"Почему-то никто из журналистов не спешил задавать вам вопрос. Наконец поднялся какой-то низенький фэянин:

- Бульбу Льбуль, журнал <clr>""Квантовая механика для младших школьников""<clrEnd>. Скажите, когда вы учились в школе, какой предмет был у вас самым любимым?"	"Quest Election.qmm: locations.55.texts.0.text. Preserve every <tag> exactly. English reference: Somehow the journalists were not eager to ask you questions. At last a short Faeyan reporter stood up:

- Blubb Lubb, <clr>Quantum Mechanics for Elementary School<clrEnd> Magazine. Please tell me what subject was your favourite when you were in school?"	"Quest,Election"	"Чамусьці ніхто з журналістаў не сьпяшаўся задаваць вам пытаньне. Нарэшце падняўся нейкі невысокі фэянін:

— Бульбу Льбуль, часопіс <clr>""Квантавая мэханіка для малодшых школьнікаў""<clrEnd>. Скажыце, калі вы вучыліся ў школе, які прадмет быў у вас самым улюбёным?"
"/quests/Election.qmm/locations/60/texts/0/text"	"Вы выразили желание сделать себе рекламу, и вскоре перед вами уже сидел имиджмейкер в сопровождении фотографов, гримеров и еще нескольких лиц неясного назначения.

- В наружной рекламе важно не только угадать правильный лозунг и дизайн рекламного материала, но надо еще и выбрать правильный тип рекламы, - сказал имиджмейкер. - Мы можем обеспечить следующие типы рекламы:
<clr>Плакаты на улицах<clrEnd> - раздражают гаальцев, поскольку портят эстетический облик города; мы можем использовать такую рекламу всего <clr>один<clrEnd> раз.
<clr>Рекламный стереоролик<clrEnd> - вызовет неудовольствие людей, которые предпочитают смотреть сериалы; мы сможем снять лишь <clr>один<clrEnd> ролик.
<clr>Рекламные майки<clrEnd> сильно не нравятся малокам, которые предпочитают стандартную форму одежды. Мы успеем выпустить только <clr>один<clrEnd> тип маек.
<clr>Рекламные значки<clrEnd> обычно не нравятся малокам и фэянам, которые используют значки для обозначения рангов. Можно сделать <clr>два<clrEnd> типа значков.
<clr>Листовки в почтовых ящиках<clrEnd> раздражают пеленгов, людей и гаальцев. Мы можем сделать до <clr>трех<clrEnd> видов листовок.
Наконец, <clr>реклама по электронной почте<clrEnd> вызывает неприязнь абсолютно у всех, но зато ее мы можем использовать без всяких ограничений.
Кроме того, наиболее эффективно влияние на избирателей оказывают плакаты и стереоролики, затем идут майки и значки, и наименее эффективны листовки и спам.

Итак, какую рекламу вы желаете сделать?"	"Quest Election.qmm: locations.60.texts.0.text. Preserve every <tag> exactly. English reference: You expressed a wish to have a campaign ad shot for you, and soon an image maker, photographs, make-up artists and several other persons of unknown professions were sitting around you.

- In the outdoor advertisement it is important to nick the right slogan and the ad design, but the advertisement type must also be selected properly, - said the image-maker. - We can provide the following advertisement types:
<clr>Street Posters<clrEnd> - they will irritate the Gaals, because they spoil the aesthetic look of the city. We can use the advertisement of this kind just <clr>one<clrEnd> time.
<clr>A commercial stereo spot<clrEnd> - it will displease the humans that prefer to watch serials, we can shoot just <clr>one<clrEnd> trailer.
<clr>Advertising T-shits<clrEnd> - Maloqs strongly disapprove of them, they prefer the standard uniform. We will manage to issue only <clr>one<clrEnd> type of T-shirts.
<clr>Advertising badges<clrEnd> - usually Maloqs and Faes don't like them, for they are using the badges to distinguish their ranks. We can produce <clr>two<clrEnd> types of badges. 
<clr>Mailbox leaflets<clrEnd> - they put off the Pelengs, Humans and Gaals. We can make up to <clr>three<clrEnd> types of leaflets. 
And, finally, <clr>e-mail advertisement<clrEnd> will cause almost everyone's enmity, but this type of ad can be used without any restrictions.
To sum it up, the most productive influence on your voters will be produced by posters and stereovision spots, the second place belong to T-shirts and badges, the lowest efficiency have leaflets and spam.

So, what kind of ad would you prefer?"	"Quest,Election"	""
"/quests/Election.qmm/locations/61/texts/0/text"	"- Будьте уверены, журналисты по достоинству оценят ваши слова! А теперь скажите, как вы относитесь к бюджетным ассигнованиям на <clr>физкультуру и спорт<clrEnd>?"	"Quest Election.qmm: locations.61.texts.0.text. Preserve every <tag> exactly. English reference: - Please, be assured that the journalists will judge your words on their merits! Now, please tell me what is your position in regards to the budget appropriations for the <clr>physical training and sports<clrEnd>?"	"Quest,Election"	"— Будзьце пэўныя, журналісты па заслугах ацэняць вашы словы! А цяпер скажыце, як вы ставіцеся да бюджэтных асыгнаваньняў на <clr>фізкультуру і спорт<clrEnd>?"
"/quests/Election.qmm/locations/62/texts/0/text"	"Что ж, со спортом все ясно! Ну и наконец, последний вопрос - на что могут рассчитывать работники сферы <clr>науки и образования<clrEnd>?"	"Quest Election.qmm: locations.62.texts.0.text. Preserve every <tag> exactly. English reference: Well, well, everything's clear with the sports! Now, the final question - what can the labour force engaged in <clr>Science and Education<clrEnd> be hoping for?"	"Quest,Election"	"Ну што ж, са спортам усё ясна! Ну і нарэшце, апошняе пытаньне — на што могуць разьлічваць працаўнікі сфэры <clr>навукі і адукацыі<clrEnd>?"
"/quests/Election.qmm/locations/63/texts/0/text"	"Ответив на последний вопрос, вы отпустили экспертов, а сами неплохо развлеклись остаток дня...

А вечером по стереовидению было показано грандиозное ток-шоу на тему <clr>""Кандидат в президенты <clrEnd><Ranger><clr>, его предвыборная программа и кто он после этого""<clrEnd>. В ток-шоу принимали участие видные политологи, эксперты-экономисты, социологи-любители, журналисты-правозащитники, депутаты парламента и прочие дармоеды планеты <ToPlanet>. После долгих споров, ругательств, обливаний друг друга грязью и соком, взаимных оскорблений и прочих атрибутов цивилизованной дискуссии, был оглашен вердикт.

Предвыборная программа обладает следующими качествами:

<fix>
<format=left,29>Логика и последовательность:</format> <format=left,4>{10*[p14]+[0..9]}%</format>
<format=left,29>Этичность:</format> <format=left,4>{10*[p15]+[0..9]}%</format>
<format=left,29>Популизм:</format> <format=left,4>{10*[p16]+[0..9]}%</format>
<format=left,29>Патриотизм:</format> <format=left,4>{10*[p17]+[0..9]}%</format>
<format=left,29>Цинизм:</format> <format=left,4>{10*[p18]+[0..9]}%</format>
<format=left,29>Консерватизм:</format> <format=left,4>{10*[p19]+[0..9]}%</format>
</fix>

- А сейчас, - вкрадчивым голосом начал ведущий, - ознакомимся с последними данными социологических опросов!"	"Quest Election.qmm: locations.63.texts.0.text. Preserve every <tag> exactly. English reference: Having answered the last question you dismissed the experts and nicely entertained yourself for the rest of the day...

In the evening the stereovision broadcasted a grandiose talk-show devoted to the <clr>Presidential Candidate <clrEnd><Ranger><clr>, His Election Campaign and His Identity<clrEnd>. Renowned political analysts, economic experts, amateur sociologists, human rights activist from the media, parliament representatives and other <ToPlanet>'s hangers-on and chair-warmers took part in the show. After prolonged debates, obscenities, mud slinging, mutual abuses and other manifestations of a civilised discussion a verdict was voiced.

The election campaign has the following characteristics:

<fix>
<format=left,29>Logic and Consistency:</format> <format=left,4>{10*[p14]+[0..9]}%</format>
<format=left,29>Ethics:</format> <format=left,4>{10*[p15]+[0..9]}%</format>
<format=left,29>Populism:</format> <format=left,4>{10*[p16]+[0..9]}%</format>
<format=left,29>Patriotism:</format> <format=left,4>{10*[p17]+[0..9]}%</format>
<format=left,29>Cynicism:</format> <format=left,4>{10*[p18]+[0..9]}%</format>
<format=left,29>Conservatism:</format> <format=left,4>{10*[p19]+[0..9]}%</format>
</fix>

- And now, - started the host with smooth-tongued intonation, - let us know the latest poll results!"	"Quest,Election"	""
"/quests/Election.qmm/locations/64/texts/0/text"	"- Сначала надо выбрать костюм и фон, - сказал имиджмейкер. - Как вы желаете сняться?"	"Quest Election.qmm: locations.64.texts.0.text. Preserve every <tag> exactly. English reference: - At first you should select the costume and the background, - the image maker said. - What would you prefer?"	"Quest,Election"	"— Спачатку трэба выбраць касьцюм і фон, — сказаў іміджмэйкер. — Як вы жадаеце зьняцца?"
"/quests/Election.qmm/locations/65/texts/0/text"	"- Отлично! - сказал имиджмейкер, отдав необходимые распоряжения гримерам, костюмерам и декораторам. - Теперь осталось только выбрать подходящий слоган!

Стоять в <clr>халате ученого<clrEnd> посреди столов, заваленных всякими приборами и пробирками, было для вас довольно непривычно. Но надо собраться с мыслями и выдать подходящий лозунг!"	"Quest Election.qmm: locations.65.texts.0.text. Preserve every <tag> exactly. English reference: - Fine! - exclaimed the image maker, after he had given necessary orders to make-up artists, costume designers and set dressers. - Now the only thing left for us is to find an appropriate slogan!

To stand in a <clr>scientist's gown<clrEnd> among the tables swamped with different instruments and test tubes was rather a new kind of experience for you. But you have still to gather all your thoughts and voice an appropriate slogan!"	"Quest,Election"	""
"/quests/Election.qmm/locations/66/texts/0/text"	"- Отлично! - сказал имиджмейкер, отдав необходимые распоряжения гримерам, костюмерам и декораторам. - Теперь осталось только выбрать подходящий слоган!

Стоя в привычном <clr>костюме рейнджера<clrEnd> на фоне картонного макета космического корабля, вы попытались подобрать нужные слова."	"Quest Election.qmm: locations.66.texts.0.text. Preserve every <tag> exactly. English reference: - Fine! - exclaimed the image maker, after he had given necessary orders to make-up artists, costume designers and set dressers. - Now the only thing left for us is to find an appropriate slogan!

Staying in a habitual <clr>ranger outfit<clrEnd> against the backdrop of a spacecraft mock-up, you tried to find the required words."	"Quest,Election"	"— Выдатна! — сказаў іміджмэйкер, аддаўшы патрэбныя загады грымэрам, касьцюмэрам і дэкаратарам. — Цяпер засталося толькі выбраць прыдатны лёзунг!

Стоячы ў звыклым <clr>касьцюме рэйнджэра<clrEnd> на фоне кардоннага макета зорнага карабля, вы паспрабавалі падабраць патрэбныя словы."
"/quests/Election.qmm/locations/67/texts/0/text"	"- Отлично! - сказал имиджмейкер, отдав необходимые распоряжения гримерам, костюмерам и декораторам. - Теперь осталось только выбрать подходящий слоган!

Десятикилограммовая золотая цепь сильно натирала шею, непривычную к такой нагрузке, и даже <clr>малиновый пиджак<clrEnd> не помогал. Надо бы побыстрее придумать какой-нибудь лозунг и снять с себя этот маскарадный костюм!"	"Quest Election.qmm: locations.67.texts.0.text. Preserve every <tag> exactly. English reference: - Fine! - exclaimed the image maker, after he had given necessary orders to make-up artists, costume designers and set dressers. - Now the only thing left for us is to find an appropriate slogan!

10 kilo golden chain was a heavy weight for your neck not accustomed to such loads and even a <clr>Hawaiian shirt<clrEnd> was not of much help. You should think up a slogan as soon as possible and take off this masquerade costume."	"Quest,Election"	""
"/quests/Election.qmm/locations/68/texts/0/text"	"- Отлично! - сказал имиджмейкер, отдав необходимые распоряжения гримерам, костюмерам и декораторам. - Теперь осталось только выбрать подходящий слоган!

<clr>Спортивная форма<clrEnd> плотно облегала вашу фигуру и была достаточно удобной, так что вам даже захотелось побегать и попрыгать в свое удовольствие. Но сначала надо закончить дело, а именно, выдумать себе хороший предвыборный лозунг!"	"Quest Election.qmm: locations.68.texts.0.text. Preserve every <tag> exactly. English reference: - Fine! - exclaimed the image maker, after he had given necessary orders to make-up artists, costume designers and set dressers. - Now the only thing left for us is to find an appropriate slogan!

<clr>Sportswear<clrEnd> was tightly fitting your figure and was rather convenient, so that you even wanted to run and jump as if you had leisure time. But work first, and now you have to think up a very good election slogan!"	"Quest,Election"	""
"/quests/Election.qmm/locations/69/texts/0/text"	"- Отлично! - сказал имиджмейкер, отдав необходимые распоряжения гримерам, костюмерам и декораторам. - Теперь осталось только выбрать подходящий слоган!

<clr>Военная форма<clrEnd> была вам мала (имиджмейкер сказал, что малый размер выгодно подчеркивает вашу осанку!) и не располагала к размышлениям. Что бы такое сказать в качестве лозунга?"	"Quest Election.qmm: locations.69.texts.0.text. Preserve every <tag> exactly. English reference: - Fine! - exclaimed the image maker, after he had given necessary orders to make-up artists, costume designers and set dressers. - Now the only thing left for us is to find an appropriate slogan!

<clr>Military uniform<clrEnd> was sitting very tight on you (your image maker said that the small size underscores your posture!) and it definitely did not provoke any thoughts. Which slogan will you choose?"	"Quest,Election"	""
"/quests/Election.qmm/locations/70/texts/0/text"	"- Отлично! - сказал имиджмейкер, отдав необходимые распоряжения гримерам, костюмерам и декораторам. - Теперь осталось только выбрать подходящий слоган!

Какой же лозунг лучше всего сочетается с <clr>белым халатом врача<clrEnd>?"	"Quest Election.qmm: locations.70.texts.0.text. Preserve every <tag> exactly. English reference: - Fine! - exclaimed the image maker, after he had given necessary orders to make-up artists, costume designers and set dressers. - Now the only thing left for us is to find an appropriate slogan!

What slogan is best matched with  <clr>doctor's white robe<clrEnd>?"	"Quest,Election"	"— Выдатна! — сказаў іміджмэйкер, аддаўшы патрэбныя загады грымэрам, касьцюмэрам і дэкаратарам. — Цяпер засталося толькі выбраць прыдатны лёзунг!

Які ж лёзунг найлепей спалучаецца з <clr>белым халатам лекара<clrEnd>?"
"/quests/Election.qmm/locations/71/texts/0/text"	"- Отлично! - сказал имиджмейкер, отдав необходимые распоряжения гримерам, костюмерам и декораторам. - Теперь осталось только выбрать подходящий слоган!

<clr>Роба строителя<clrEnd> представляла собой герметичный защитный костюм, призванный спасти рабочего от любого несчастного случая, который может произойти на стройке. Вы страшно потели в таком облачении, и никак не могли сосредоточиться на выборе нужных слов."	"Quest Election.qmm: locations.71.texts.0.text. Preserve every <tag> exactly. English reference: - Fine! - exclaimed the image maker, after he had given necessary orders to make-up artists, costume designers and set dressers. - Now the only thing left for us is to find an appropriate slogan!

<clr>Builder's outfit<clrEnd> looked like a hermetically sealed costume, designed to save the worker from any accident that may occur on a construction site. You were sweating greatly in this attire, and could not concentrate on the right words."	"Quest,Election"	""
"/quests/Election.qmm/locations/72/texts/0/text"	"- Отлично! - сказал имиджмейкер, отдав необходимые распоряжения гримерам, костюмерам и декораторам. - Теперь осталось только выбрать подходящий слоган!

Вы чувствовали себя в <clr>деловом костюме<clrEnd> немного неловко. Еще бы, ведь такой костюм стоит более 10.000 cr! Нельзя ударить в грязь лицом, надо сказать что-нибудь умное!"	"Quest Election.qmm: locations.72.texts.0.text. Preserve every <tag> exactly. English reference: - Fine! - exclaimed the image maker, after he had given necessary orders to make-up artists, costume designers and set dressers. - Now the only thing left for us is to find an appropriate slogan!

You felt rather uneasy in a <clr>business suit<clrEnd>. Not surprisingly, a suit like that costs more than 10.000 cr! You have to give a good account of yourself and say something smart now!"	"Quest,Election"	""
"/quests/Election.qmm/locations/73/texts/0/text"	"Костюм космического рейнджера отлично сочетался с данным лозунгом, правда, вместе они напоминали скорее рекламу центра рейнджеров, чем вас как президента. Согласно опросам, ваша популярность значительно выросла только среди <clr>малоков<clrEnd>, тогда как остальные расы в основном проигнорировали вашу рекламу."	"Quest Election.qmm: locations.73.texts.0.text. Preserve every <tag> exactly. English reference: Space ranger outfit nicely matched the slogan which you uttered, but together they looked more like an advertisement of a rangers' centre, than of a presidential candidate. According to the polls, your popularity grew only among <clr>Maloqs<clrEnd>, while other races ignored your ad."	"Quest,Election"	"Касьцюм касьмічнага рэйнджэра выдатна спалучаўся з гэтым лёзунгам, праўда, разам яны нагадвалі хутчэй рэкляму цэнтра рэйнджэраў, чым вас як прэзыдэнта. Паводле апытаньняў, ваша папулярнасьць значна вырасла толькі сярод <clr>малокаў<clrEnd>, тады як астатнія расы ў асноўным праігнаравалі вашу рэкляму."
"/quests/Election.qmm/locations/73/texts/1/text"	"Халат ученого совершенно не сочетался с воинственным лозунгом, так что реакция избирателей оказалась не самой благоприятной для вас..."	"Quest Election.qmm: locations.73.texts.1.text. Preserve every <tag> exactly. English reference: The scientist's gown didn't match the militantly slogan that you uttered, and thus the voters' reactions didn't please you..."	"Quest,Election"	"Халат навукоўца зусім не спалучаўся з ваяўнічым лёзунгам, так што рэакцыя выбаршчыкаў аказалася не самай спрыяльнай для вас..."
"/quests/Election.qmm/locations/73/texts/2/text"	"Военный костюм и воинственный лозунг - что еще надо для привлечения <clr>малоков<clrEnd>?! <clr>Люди<clrEnd> также положительно оценили вашу композицию, а вот пацифистски настроенным <clr>гаальцам<clrEnd> она совсем не понравилась..."	"Quest Election.qmm: locations.73.texts.2.text. Preserve every <tag> exactly. English reference: Military uniform and a militant slogan - that's all you need to attract the <clr>Maloqs<clrEnd>! <clr>The Humans<clrEnd> also liked your efforts, only the pacifistic <clr>Gaals<clrEnd> did not like it at all..."	"Quest,Election"	"Вайсковы касьцюм і ваяўнічы лёзунг — што яшчэ трэба, каб прывабіць <clr>малокаў<clrEnd>?! <clr>Людзі<clrEnd> таксама станоўча ацанілі вашу кампазыцыю, а вось пацыфісцкім <clr>гаальцам<clrEnd> яна зусім не спадабалася..."
"/quests/Election.qmm/locations/73/texts/3/text"	"Только <clr>малоки<clrEnd> прониклись глубиной вашего рекламного ролика - для успешной борьбы с доминаторами надо хорошо качаться!!! Остальные либо признали такой подход глупым, либо остались к нему равнодушными."	"Quest Election.qmm: locations.73.texts.3.text. Preserve every <tag> exactly. English reference: It were just the <clr>Maloqs<clrEnd> who enjoyed the profundity of your ad spot - a war against Dominators requires a good body shape!!! The others acknowledged this approach as dull, or remained indifferent."	"Quest,Election"	"Толькі <clr>малокі<clrEnd> прасякнуліся глыбінёй вашага рэклямнага роліка — для пасьпяховай барацьбы з дамінатарамі трэба добра качаць мускулы!!! Астатнія або прызналі такі падыход дурным, або засталіся да яго абыякавымі."
"/quests/Election.qmm/locations/73/texts/4/text"	"Ваша реклама осталась для избирателей неясна - то ли вы собираетесь расправиться с доминаторами экономическими методами, то ли под доминаторами вы образно понимаете крупных галактических олигархов. В целом, мнения избирателей оказались скорее отрицательными, чем положительными."	"Quest Election.qmm: locations.73.texts.4.text. Preserve every <tag> exactly. English reference: Your advertisement didn't reach the minds of your voters - it was that your either wanted to wage an economic war against Dominators, or these were the galaxy oligarchs whom you figuratively meant under Dominators. Overall, the voters' feedbacks were rather negative than positive."	"Quest,Election"	"Ваша рэкляма засталася для выбаршчыкаў няяснай — то вы зьбіраецеся расправіцца з дамінатарамі эканамічнымі мэтадамі, то пад дамінатарамі вы вобразна разумееце буйных галяктычных алігархаў. У цэлым меркаваньні выбаршчыкаў аказаліся хутчэй адмоўнымі, чым станоўчымі."
"/quests/Election.qmm/locations/73/texts/5/text"	"В таком кабацком антураже ваш лозунг походил скорее на тост, чем на серьезный призыв. А этот жанр пользуется популярностью только у <clr>людей, гаальцев<clrEnd> и <clr>пеленгов<clrEnd>. <clr>Фэяне<clrEnd> остались недовольны вашей рекламой, а <clr>малоки<clrEnd> и вовсе решили, что вы просто глумитесь над святой идеей войны с доминаторами..."	"Quest Election.qmm: locations.73.texts.5.text. Preserve every <tag> exactly. English reference: In this fit-to-drink outfit your slogan reminded rather a toast than a serious slogan. And this genre is popular only among the <clr>Humans, Gaals<clrEnd> and <clr>Pelengs<clrEnd>. <clr>The Faes<clrEnd> remained displeased with your ad, and <clr>the Maloqs<clrEnd> weighed up that you were just sneering at the idea of a holy war against the Dominators..."	"Quest,Election"	""
"/quests/Election.qmm/locations/73/texts/6/text"	"Избиратели отреагировали на вашу рекламу довольно вяло - уж больно не сочетался воинственный лозунг с мирной робой строителя. Лишь <clr>малоки<clrEnd> улучшили свое отношение к вам, решив, что вы намекаете на строительство новых военных баз."	"Quest Election.qmm: locations.73.texts.6.text. Preserve every <tag> exactly. English reference: Your voters' reaction to your ad was very distressing, - the militant slogan didn't match the peaceful outfit of a builder at all. Only the <clr>Maloqs<clrEnd> improved their opinion of you, they decided that you were hinting at a possible construction of new military bases."	"Quest,Election"	"Выбаршчыкі адрэагавалі на вашу рэкляму даволі млява — ужо занадта не спалучаўся ваяўнічы лёзунг з мірнай робай будаўніка. Толькі <clr>малокі<clrEnd> палепшылі сваё стаўленьне да вас, вырашыўшы, што вы намякаеце на будаўніцтва новых вайсковых базаў."
"/quests/Election.qmm/locations/73/texts/7/text"	"Ваша реклама оказалась не очень удачной. Как выяснилось из опросов, врач в белом халате напомнил населению о больших потерях, которые несет коалиция в борьбе с доминаторами. Лишь <clr>малоки<clrEnd> остались довольны такой рекламой, усмотрев в ней призыв биться с врагом до последней капли крови, как и подобает настоящему воину."	"Quest Election.qmm: locations.73.texts.7.text. Preserve every <tag> exactly. English reference: Your ad was not that effective. As the polls showed, the dressed in white doctor reminded the population of huge losses that the coalition has recently suffered in the struggle with Dominators. Only the <clr>Maloqs<clrEnd> were pleased by such an ad, they thought that you were urging to fight a last-ditch battle with the enemy, as it befits a real warrior."	"Quest,Election"	""
"/quests/Election.qmm/locations/74/texts/0/text"	"Идея защиты детей от доминаторской угрозы была вполне понятна всем расам, так что ваша реклама ни у кого не вызвала отчуждения. Вот только к выборам президента планеты <ToPlanet> эта идея имеет слабое отношение, так что и положительный эффект от рекламы получился не очень впечатляющим."	"Quest Election.qmm: locations.74.texts.0.text. Preserve every <tag> exactly. English reference: The idea to protect children from the Dominator threat was understandable to all races, so that your ad was not an alien thing to them all. The only thing is that this is all very loosely related to presidential elections on <ToPlanet>, and thus the positive result of the spot was not that astonishing as it could have been."	"Quest,Election"	"Ідэя абароны дзяцей ад пагрозы дамінатараў была цалкам зразумелая ўсім расам, так што ваша рэкляма ні ў каго не выклікала адчужэньня. Вось толькі да выбараў прэзыдэнта плянэты <ToPlanet> гэтая ідэя мае слабае дачыненьне, так што і станоўчы эфэкт ад рэклямы выйшаў не вельмі ўражальным."
"/quests/Election.qmm/locations/74/texts/1/text"	"Знание - это лучшая защита от всех напастей! Так интерпретировали ваш лозунг журналисты, и эта позиция нашла полное понимание у <clr>фэян, гаальцев<clrEnd> и отчасти <clr>людей<clrEnd>. Однако <clr>малоки<clrEnd> и <clr>пеленги<clrEnd>, похоже, предпочитают иные способы защиты потомства."	"Quest Election.qmm: locations.74.texts.1.text. Preserve every <tag> exactly. English reference: Knowledge means protection from troubles of all kind! The journalists interpreted your slogan in this way, and that position gained full support among the <clr>Faes, Gaals<clrEnd> and some of the <clr>Humans<clrEnd>. Although, it looked like the <clr>Maloqs<clrEnd> and <clr>Pelengs<clrEnd> preferred to have some other type of protection for their descendants."	"Quest,Election"	"Веданьне — гэта найлепшая абарона ад усіх бедаў! Так інтэрпрэтавалі ваш лёзунг журналісты, і гэтая пазыцыя знайшла поўнае разуменьне ў <clr>фэянаў, гаальцаў<clrEnd> і збольшага <clr>людзей<clrEnd>. Аднак <clr>малокі<clrEnd> і <clr>пеленгі<clrEnd>, здаецца, аддаюць перавагу іншым спосабам абароны патомства."
"/quests/Election.qmm/locations/74/texts/2/text"	"Если вы хотели понравиться <clr>малокам<clrEnd>, то попали в яблочко! Образ воина-защитника также пришелся по душе <clr>людям<clrEnd> и <clr>фэянам<clrEnd>, а вот <clr>гаальцы<clrEnd> давно уже скептически относятся к силовым методам достижения своих целей. Но кто был искренне возмущен кощунством вашей рекламы, так это <clr>пеленги<clrEnd>. Ведь военные ловят пиратов и арестовывают наркоторговцев, лишая тем самым пеленгов и их детей всяких средств к существованию!!!"	"Quest Election.qmm: locations.74.texts.2.text. Preserve every <tag> exactly. English reference: If you aimed at gaining the support of the <clr>Maloqs<clrEnd>, you pushed the right button! The image of a defender found support among the <clr>Humans<clrEnd> and <clr>Faes<clrEnd>, but the <clr>Gaals<clrEnd> have long taken a dim view of enforcement measures in gaining positive results. And only the <clr>Pelengs<clrEnd> were honestly disgraced by your ad. The military were hunting the pirates and arrested drug dealers, thus depriving the Pelengs and their children of their bread and butter!!!"	"Quest,Election"	""
"/quests/Election.qmm/locations/74/texts/3/text"	"""Защитим наших детей от рахита!"" - перефразировали ваш слоган острословы с местного стереовидения. Реклама получилась, прямо скажем, глуповатой, что не могло не вызвать болезненной реакции со стороны <clr>фэян<clrEnd>, не терпящих отсутствия логики в важных вещах. Другие расы отреагировали довольно вяло."	"Quest Election.qmm: locations.74.texts.3.text. Preserve every <tag> exactly. English reference: Protect our children from rachitis - this was how the smart-heads from the local stereovision office paraphrased your slogan. The ad turned out to be rather stupid, which caused a painful reaction in the eyes of the <clr>Faes<clrEnd>, which cannot tolerate the lack of logic in important matters. Other races reacted rather flabby."	"Quest,Election"	"""Абаронім нашых дзяцей ад рахіту!"" — перафразавалі ваш лёзунг дасьціпнікі з мясцовага стэрэавізара. Рэкляма выйшла, прама скажам, дурнаватай, што не магло не выклікаць балючай рэакцыі з боку <clr>фэянаў<clrEnd>, якія не трываюць адсутнасьці лёгікі ў важных рэчах. Іншыя расы адрэагавалі даволі млява."
"/quests/Election.qmm/locations/74/texts/4/text"	"То, что лучшей защитой потомства является хороший банковский счет, давно уже поняли <clr>люди<clrEnd> и <clr>пеленги<clrEnd>. Им ваша реклама очень понравилась. Но вот все остальные были недовольны вашим откровенным цинизмом и недооценкой духовно-нравственных ценностей, таких как культура, наука и военно-полевой устав."	"Quest Election.qmm: locations.74.texts.4.text. Preserve every <tag> exactly. English reference: The fact that the best protection for one's offspring can be obtained by means of a substantial bank account was long crystal clear to the <clr>Humans<clrEnd> and <clr>Pelengs<clrEnd>. And they both liked your ad very much. But all others were displeased with your cynicism and underestimation of the spiritual and moral values, such as culture, science and the military field regulations."	"Quest,Election"	"Тое, што найлепшай абаронай патомства ёсьць добры банкаўскі рахунак, даўно ўжо зразумелі <clr>людзі<clrEnd> і <clr>пеленгі<clrEnd>. Ім ваша рэкляма вельмі спадабалася. Але вось усе астатнія былі незадаволеныя вашым адкрытым цынізмам і недаацэнкай духоўна-маральных каштоўнасьцяў, такіх як культура, навука і вайсковы палявы статут."
"/quests/Election.qmm/locations/74/texts/5/text"	"Более идиотское сочетания антуража и слогана трудно себе представить! Даже <clr>пеленги<clrEnd> понимают, что после ресторанных гулянок от детей следует держаться подальше. Что уж говорить об остальных расах...

""По-видимому, <Ranger> придумал свою рекламу с похмелья"", - это был самый мягкий из комментариев прессы по поводу вашей рекламы."	"Quest Election.qmm: locations.74.texts.5.text. Preserve every <tag> exactly. English reference: One could not imagine a more idiotic combination of the outfit, backdrop and the slogan! Even the <clr>Pelengs<clrEnd> realised that after spending the night at the bar, one should better stay away from children. Not to mention the rest of the races...

""Looks like <Ranger> has coined his slogan on the morning after"", that was the mildest of media comments regarding your ad."	"Quest,Election"	""
"/quests/Election.qmm/locations/74/texts/6/text"	"Ваша реклама получилась довольно туманной: то ли вы намекаете на строительство бомбоубежищ, то ли хотите защищать детей от непогоды. Так что и реакция избирателей была крайне противоречивой."	"Quest Election.qmm: locations.74.texts.6.text. Preserve every <tag> exactly. English reference: Your ad turned out to be rather unclear: no one could understand whether you were hinting at the possible construction of bomb shelters, or just urged to protect the children from bad weather. The reaction of the voters was accordingly ambiguous."	"Quest,Election"	"Ваша рэкляма выйшла даволі туманнай: то вы намякаеце на будаўніцтва бамбасховішчаў, то хочаце бараніць дзяцей ад непагадзі. Так што і рэакцыя выбаршчыкаў была вельмі супярэчлівай."
"/quests/Election.qmm/locations/74/texts/7/text"	"Поскольку болеют чаще всего дети, то и защищать детей должны именно врачи. У самих детей, правда, на этот счет было иное мнение, но они еще до избирательного возраста не доросли. Ваша простая и понятная реклама более или менее понравилась всем расам."	"Quest Election.qmm: locations.74.texts.7.text. Preserve every <tag> exactly. English reference: Children are the ones who get sick most of all, and therefore the doctors should be the category of the population that should dedicate all the efforts to the protection of the children. The children themselves had a different opinion about this, but they were too young to vote anyway. Your simple and clear ad brought home your main ideas for all the races."	"Quest,Election"	"Паколькі хварэюць найчасьцей дзеці, то і бараніць дзяцей павінны менавіта лекары. У саміх дзяцей, праўда, на гэты конт было іншае меркаваньне, але яны яшчэ да выбарчага веку не дарасьлі. Ваша простая і зразумелая рэкляма больш-менш спадабалася ўсім расам."
"/quests/Election.qmm/locations/75/texts/0/text"	"Ваша агитация была хорошо принята <clr>малоками<clrEnd> (рейнджеры храбро воюют против доминаторов), <clr>людьми<clrEnd> (рейнджеры умело торгуют и способствуют процветанию разных планет) и <clr>пеленгами<clrEnd> (рейнджеры пиратствуют и грабят жирующих торгашей). Все эти действия, безусловно, ведут к установлению порядка в Галактике. Однако <clr>фэяне<clrEnd> и <clr>гаальцы<clrEnd> частенько критиковали рейнджеров за низкий уровень культуры и образования, так что ни о каком наведении порядка с их помощью не могло быть и речи."	"Quest Election.qmm: locations.75.texts.0.text. Preserve every <tag> exactly. English reference: Your canvassing was very well accepted by the <clr>Maloqs<clrEnd> (rangers bravely fight Dominators), by the <clr>Humans<clrEnd> (ranger are good traders and foster the prosperity of different planets) and by the <clr> Pelengs <clrEnd> (rangers are pirating and looting fat hucksters). All these actions were definitely leading to the establishment of the order in the Galaxy. However <clr>Faes<clrEnd> and <clr>Gaals<clrEnd> often criticized the rangers for the lack of culture and education, therefore they couldn't help with order maintaining."	"Quest,Election"	""
"/quests/Election.qmm/locations/75/texts/1/text"	"Ученые в роли блюстителей порядка вызвали откровенный смех у всех, кроме <clr>фэян<clrEnd> и <clr>гаальцев<clrEnd>, которые пытались доказать, что под порядком понимается раскрытие тайн вселенной и постижение сути бытия."	"Quest Election.qmm: locations.75.texts.1.text. Preserve every <tag> exactly. English reference: The scientists in the role of law enforcement officers were laughed at by everyone, except the <clr>Faes<clrEnd> and the <clr>Gaals<clrEnd>, who tried to prove that the underlying notion of the order is the disclosure of the Universe's mysteries and the attainment of the substance and purpose of the universal being."	"Quest,Election"	"Навукоўцы ў ролі ахоўнікаў парадку выклікалі адкрыты сьмех ва ўсіх, апроч <clr>фэянаў<clrEnd> і <clr>гаальцаў<clrEnd>, якія спрабавалі давесьці, што пад парадкам разумеецца раскрыцьцё таямніцаў сусьвету і спасьціжэньне сутнасьці быцьця."
"/quests/Election.qmm/locations/75/texts/2/text"	"Редко какая реклама вызывала в обществе столь бурный резонанс. <clr>Малоки<clrEnd> объявили вас национальным героем, а натерпевшиеся от военных <clr>пеленгские<clrEnd> пираты и наркоторговцы - врагом своей расы. <clr>Гаальские<clrEnd> правозащитники вопили о недопустимости построения порядка силовыми методами на чужой крови, и лишь рассудительные <clr>люди<clrEnd> и <clr>фэяне<clrEnd> спокойно признавали вашу правоту - кому же еще наводить порядок, как не военным?!"	"Quest Election.qmm: locations.75.texts.2.text. Preserve every <tag> exactly. English reference: Rare ad had been the cause of such a vivid public response. The <clr>Maloqs<clrEnd> announced that you were their national hero, and <clr>Peleng<clrEnd> pirates and drug dealers whom the military had been giving a hard time, called you the public enemy of their race. <clr>Gaalian<clrEnd> rights activists shouted about the infeasibility of maintaining order with the help of force methods and on the blood of others. Only the judicious <clr>Humans<clrEnd> and <clr>Faes<clrEnd> calmly acknowledged that you were right - who else could maintain law and order if not the military?!"	"Quest,Election"	""
"/quests/Election.qmm/locations/75/texts/3/text"	"Реклама оказалась неудачной. Почему спортсмены должны навести порядок? Это намек на рэкетиров, ряды которых пополняют неудачники-спортсмены? Такая интерпретация понравилась <clr>пеленгам<clrEnd>, но вызвала резкое осуждение <clr>людей, фэян<clrEnd> и <clr>гаальцев<clrEnd>. А вот <clr>малоки<clrEnd> были довольны вашей рекламой. Они не особо задумывались об интерпретации, им просто нравились ваши наращенные с помощью компьютерной графики мускулы, а также слово ""порядок"" в лозунге."	"Quest Election.qmm: locations.75.texts.3.text. Preserve every <tag> exactly. English reference: The ad turned out to be ineffective. Why should sportsmen maintain the order? Is this a hint at the racketeers, whose 'army' ranks isn't thinning off thanks to former sportsmen? Such interpretation was much to the liking of the <clr>Pelengs<clrEnd>, but it was roughly criticised by the <clr>Humans, the Faes<clrEnd> and the <clr>Gaals<clrEnd>. And the <clr>Maloqs<clrEnd> were pleased with your ad. They never cared about interpretations, they just enjoyed your muscles, built up with the help of computer graphics, and the word ""order"" in the slogan."	"Quest,Election"	""
"/quests/Election.qmm/locations/75/texts/4/text"	"""Торгаши наведут порядок!"" - этот вывод из вашей рекламы стал самым популярным анекдотом среди <clr>малоков<clrEnd>. Зато <clr>люди<clrEnd> и <clr>пеленги<clrEnd> восприняли вашу рекламу вполне серьезно и положительно. Да и <clr>гаальцам<clrEnd> она тоже понравилась - действительно, в сфере большого бизнеса давно надо навести порядок!"	"Quest Election.qmm: locations.75.texts.4.text. Preserve every <tag> exactly. English reference: ""Hucksters will get everything under control!"" - this conclusion drawn from your ad was the most popular joke among the <clr>Maloqs<clrEnd>. But the <clr>Humans<clrEnd> and <clr>Pelengs<clrEnd> took your ad quite seriously and appraised it positively. The <clr>Gaals<clrEnd> liked it as well - really, it's high time to restore the order in the area of big business!"	"Quest,Election"	""
"/quests/Election.qmm/locations/75/texts/5/text"	"Реклама оказалась крайне неудачной - лишь <clr>пеленги<clrEnd> одобрили идею бандитского порядка. Все остальные сильно в вас разочаровались."	"Quest Election.qmm: locations.75.texts.5.text. Preserve every <tag> exactly. English reference: The ad turned out to be very unsuccessful - only the <clr>Pelengs<clrEnd> endorsed the idea of bandit law and order. All the rest of them were highly disappointed with you."	"Quest,Election"	"Рэкляма аказалася вельмі няўдалай — толькі <clr>пеленгі<clrEnd> ухвалілі ідэю бандыцкага парадку. Усе астатнія моцна ў вас расчараваліся."
"/quests/Election.qmm/locations/75/texts/6/text"	"Почему строители наведут порядок? Тюрьмы новые построят, что ли? Ваша реклама никому не понравилась - избиратели остались от нее в недоумении."	"Quest Election.qmm: locations.75.texts.6.text. Preserve every <tag> exactly. English reference: Why should the builders restore order? Will they build more new jails, is that what you meant? No one liked your ad - the voters were confused."	"Quest,Election"	"Чаму будаўнікі навядуць парадак? Турмы новыя пабудуюць, ці што? Ваша рэкляма нікому не спадабалася — выбаршчыкі засталіся ад яе ў зьдзіўленьні."
"/quests/Election.qmm/locations/75/texts/7/text"	"Ваша реклама вызвала в обществе оживленные споры. Все почему-то решили, что вы намекаете на развитие новых технологий генетического отбора и клонирования лучших представителей социума, что, безусловно, будет способствовать порядку и процветанию. <clr>Малоки, люди<clrEnd> и <clr>фэяне<clrEnd> полностью одобряли такую идею, тогда как <clr>гаальцы<clrEnd> называли ее аморальной, а <clr>пеленги<clrEnd> справедливо опасались, что в число лучших попадет не так уж много представителей их расы."	"Quest Election.qmm: locations.75.texts.7.text. Preserve every <tag> exactly. English reference: Your ad provoked vivid disputes among the public. Everyone decided that you are hinting at the development of new technologies of genetic selection and cloning of the best representatives of the social strata, which will definitely foster the order and prosperity. The <clr>Maloqs, Humans<clrEnd> and <clr>Faes<clrEnd> fully endorsed an idea like this, but the <clr>Gaals<clrEnd> called it immoral, and the <clr>Pelengs<clrEnd> were rightly anxious that those ""best reps"" will include not so many members of their own race."	"Quest,Election"	""
"/quests/Election.qmm/locations/76/texts/0/text"	"Как следовало из опросов, жизнь рейнджеров ассоциировалась с весельем только у <clr>людей<clrEnd> и <clr>пеленгов<clrEnd>. Остальные расы почему-то считали, что рейнджеры должны не веселиться, а воевать с доминаторами..."	"Quest Election.qmm: locations.76.texts.0.text. Preserve every <tag> exactly. English reference: The polls showed that the ranger life was associated with merry times only among the <clr>Humans<clrEnd> and the <clr>Pelengs<clrEnd>. All the other races were convinced that rangers should not enjoy their life, but fight the Dominators..."	"Quest,Election"	"Як вынікала з апытаньняў, жыцьцё рэйнджэраў асацыявалася з весялосьцю толькі ў <clr>людзей<clrEnd> і <clr>пеленгаў<clrEnd>. Астатнія расы чамусьці лічылі, што рэйнджэры павінны не весяліцца, а ваяваць з дамінатарамі..."
"/quests/Election.qmm/locations/76/texts/1/text"	"<clr>Пеленги<clrEnd> и <clr>малоки<clrEnd> видели мало веселого в работе ученых, так что ваша реклама им не понравилась. Однако более интеллектуально развитые расы отнеслись к ней не так уж плохо."	"Quest Election.qmm: locations.76.texts.1.text. Preserve every <tag> exactly. English reference: <clr>The Pelengs<clrEnd> and <clr>the Maloqs<clrEnd> find very little fun in the work of scientists, therefore they did not like your ad. The races of high intellectual level accepted it well."	"Quest,Election"	"<clr>Пеленгі<clrEnd> і <clr>малокі<clrEnd> бачылі мала вясёлага ў працы навукоўцаў, так што ваша рэкляма ім не спадабалася. Аднак больш інтэлектуальна разьвітыя расы паставіліся да яе не так ужо кепска."
"/quests/Election.qmm/locations/76/texts/2/text"	"Если у тебя есть плазмотанк, ты можешь веселиться как душе угодно - это известно любому <clr>пеленгу<clrEnd> и <clr>малоку<clrEnd>, да впрочем и <clr>человеку<clrEnd> тоже. Но вот <clr>гаальцы<clrEnd> и <clr>фэяне<clrEnd> веселых игр с применением боевой техники совершенно не одобряют..."	"Quest Election.qmm: locations.76.texts.2.text. Preserve every <tag> exactly. English reference: If you possess a plasmatank, you can have fun the way you like - this is well known to every <clr>Peleng<clrEnd> and <clr>Maloq<clrEnd>, as well as <clr>Human<clrEnd>. But the <clr>Gaals<clrEnd> and <clr>the Faes<clrEnd> totally disapprove of funny games with combat vehicles..."	"Quest,Election"	"Калі ў цябе ёсьць плязматанк, ты можаш весяліцца як душа пажадае — гэта вядома кожнаму <clr>пеленгу<clrEnd> і <clr>малоку<clrEnd>, ды ўрэшце і <clr>чалавеку<clrEnd> таксама. Але вось <clr>гаальцы<clrEnd> і <clr>фэяне<clrEnd> вясёлых гульняў з ужываньнем баявой тэхнікі зусім не ўхваляюць..."
"/quests/Election.qmm/locations/76/texts/3/text"	"Спорт как средство развлечения и улучшения здоровья пользуется уважением у всех рас, кроме <clr>фэян<clrEnd>, что соответствующим образом отразилось на ваших рейтингах."	"Quest Election.qmm: locations.76.texts.3.text. Preserve every <tag> exactly. English reference: Sport as a means of entertainment and staying fit is honoured by all races, except the <clr>Faes<clrEnd>, which reflected in your ratings."	"Quest,Election"	"Спорт як сродак забавы і паляпшэньня здароўя карыстаецца павагай ва ўсіх расаў, апроч <clr>фэянаў<clrEnd>, што адпаведным чынам адбілася на вашых рэйтынгах."
"/quests/Election.qmm/locations/76/texts/4/text"	"Улучшение жизни методами крупного бизнеса издавна приветствуется <clr>людьми<clrEnd> и <clr>пеленгами<clrEnd>, но вот <clr>малоки<clrEnd> такую позицию никак не принимают. <clr>Фэяне<clrEnd> и <clr>гаальцы<clrEnd> в бизнесе смыслят мало, так что на них ваша реклама практически никак не повлияла."	"Quest Election.qmm: locations.76.texts.4.text. Preserve every <tag> exactly. English reference: Improvement of the life standards thanks to the efforts of the big business has long been supported by <clr>Humans<clrEnd> and <clr>Pelengs<clrEnd>, but the <clr>Maloqs<clrEnd> do not take sides with such a position. <clr>The Faes <clrEnd> and the <clr>Gaals<clrEnd> understand very little in business, so they were not in any way influenced by your ad."	"Quest,Election"	"Паляпшэньне жыцьця мэтадамі буйнога бізнэсу здаўна вітаецца <clr>людзьмі<clrEnd> і <clr>пеленгамі<clrEnd>, але вось <clr>малокі<clrEnd> такую пазыцыю ніяк не прымаюць. <clr>Фэяне<clrEnd> і <clr>гаальцы<clrEnd> у бізнэсе разьбіраюцца мала, так што на іх ваша рэкляма практычна ніяк не паўплывала."
"/quests/Election.qmm/locations/76/texts/5/text"	"Зрелище веселой жизни, которое так и лилось из вашей рекламы, пришлось по душе <clr>людям<clrEnd> и <clr>пеленгам<clrEnd>, но вот <clr>малоков<clrEnd> оно привело в бешенство. <clr>Фэяне<clrEnd> в целом одобрили гармонию и логичность вашей рекламы, а вот <clr>гаальцы<clrEnd> заявили, что развлекаться можно лишь на честно заработанные деньги, а браток из вашей рекламы никак не ассоциируется с честностью..."	"Quest Election.qmm: locations.76.texts.5.text. Preserve every <tag> exactly. English reference: The sight of a merry life that was sprawling from your ad, was much to the liking of the <clr>Humans<clrEnd> and <clr>Pelengs<clrEnd>, but the <clr>Maloqs <clrEnd> were infuriated by it. The <clr>Faes<clrEnd> were generally approving the harmony and logic in the ad. However the <clr>Gaals<clrEnd> announced that entertainment is allowed only if a person who is indulged in it spends his or her honest dollars, and a guy from your ad was in no way associated with honesty..."	"Quest,Election"	""
"/quests/Election.qmm/locations/76/texts/6/text"	"Идея строительства лучшей жизни очень понравилась <clr>гаальцам<clrEnd>, отчасти - <clr>людям<clrEnd> и <clr>фэянам<clrEnd>. Но вот <clr>малоки<clrEnd> с <clr>пеленгами<clrEnd> сочли ее глупой - зачем строить что-то самим, когда можно спокойно завоевать или украсть чужое?!"	"Quest Election.qmm: locations.76.texts.6.text. Preserve every <tag> exactly. English reference: The idea of constructing a better life was fully backed by the <clr>Gaals<clrEnd>, and partly - by the <clr>Humans<clrEnd> and <clr>Faes<clrEnd>. But the <clr>Maloqs<clrEnd> together with the <clr>Pelengs<clrEnd> found it stupid: What is the use of constructing anything by yourselves, when you can easily steal or capture anything that you need from the others?!"	"Quest,Election"	"Ідэя будаўніцтва лепшага жыцьця вельмі спадабалася <clr>гаальцам<clrEnd>, збольшага — <clr>людзям<clrEnd> і <clr>фэянам<clrEnd>. Але вось <clr>малокі<clrEnd> з <clr>пеленгамі<clrEnd> палічылі яе дурной — навошта будаваць нешта самім, калі можна спакойна заваяваць або ўкрасьці чужое?!"
"/quests/Election.qmm/locations/76/texts/7/text"	"Все знают, какое наркотическое веселье можно добыть из шприца. Однако лишь <clr>пеленги<clrEnd> его одобряют..."	"Quest Election.qmm: locations.76.texts.7.text. Preserve every <tag> exactly. English reference: Everyone knows what kind of narcotic fun can a syringe deliver. But only <clr>Pelengs<clrEnd> fully welcome the idea..."	"Quest,Election"	"Усе ведаюць, якую дурманную весялосьць можна здабыць са шпрыца. Аднак толькі <clr>пеленгі<clrEnd> яе ўхваляюць..."
"/quests/Election.qmm/locations/77/texts/0/text"	"Где у рейнджера сердце? Правильно, в космическом корабле. А интересы избирателей находятся в основном на планете <ToPlanet>. Поэтому ваша реклама оказалась совершенно неэффективной."	"Quest Election.qmm: locations.77.texts.0.text. Preserve every <tag> exactly. English reference: Where is a ranger's heart? You're right - in his spaceship. And voters' interests are mainly on <ToPlanet>. That was why your spot turned out to be totally ineffective."	"Quest,Election"	"Дзе ў рэйнджэра сэрца? Правільна, у зорным караблі. А інтарэсы выбаршчыкаў знаходзяцца ў асноўным на плянэце <ToPlanet>. Таму ваша рэкляма аказалася зусім неэфэктыўнай."
"/quests/Election.qmm/locations/77/texts/1/text"	"Ваша реклама просто покорила сердца <clr>фэян<clrEnd>, да и <clr>гаальцы<clrEnd> с <clr>людьми<clrEnd> в общем остались довольны. Однако у тупых в творческом плане <clr>малоков<clrEnd> и <clr>пеленгов<clrEnd> она вызвала только острый приступ комплекса неполноценности..."	"Quest Election.qmm: locations.77.texts.1.text. Preserve every <tag> exactly. English reference: Your spot in general won the hearts of the <clr>Faes<clrEnd>, the <clr>Gaals<clrEnd> and <clr>Humans<clrEnd> were also more or less pleased. It's only the stupid <clr>Maloqs<clrEnd> and <clr>Pelengs<clrEnd> who experienced the plagues the inferiority complex, when watching it..."	"Quest,Election"	"Ваша рэкляма проста пакарыла сэрцы <clr>фэянаў<clrEnd>, ды і <clr>гаальцы<clrEnd> з <clr>людзьмі<clrEnd> увогуле засталіся задаволеныя. Аднак у тупых у творчым пляне <clr>малокаў<clrEnd> і <clr>пеленгаў<clrEnd> яна выклікала толькі востры прыступ комплексу непаўнацэннасьці..."
"/quests/Election.qmm/locations/77/texts/2/text"	"Сердца <clr>малоков<clrEnd> после такой рекламы навеки принадлежат вам! Люди тоже благосклонно отнеслись к такой рекламе, однако у миролюбивых <clr>фэян<clrEnd> и <clr>гаальцев<clrEnd>, а также у эгоистичных <clr>пеленгов<clrEnd> ваш призыв в сочетании с военной формой не нашел понимания."	"Quest Election.qmm: locations.77.texts.2.text. Preserve every <tag> exactly. English reference: The hearts of the <clr>Maloqs<clrEnd> are yours forever after such an ad! The Humans also treated this kind of ad benevolently, only the peace-loving <clr>Faes<clrEnd> and <clr>Gaals<clrEnd>, and the egoistic <clr>Pelengs<clrEnd> could not comprehend your appeal in combination with the military uniform in which it was made."	"Quest,Election"	"Сэрцы <clr>малокаў<clrEnd> пасьля такой рэклямы навекі належаць вам! Людзі таксама прыхільна паставіліся да такой рэклямы, аднак у міралюбных <clr>фэянаў<clrEnd> і <clr>гаальцаў<clrEnd>, а таксама ў эгаістычных <clr>пеленгаў<clrEnd> ваш заклік у спалучэньні з вайсковай формай не знайшоў разуменьня."
"/quests/Election.qmm/locations/77/texts/3/text"	"""Тренированное тело - здоровое сердце. Здоровое сердце - правильный выбор!"" - так прокомментировали вашу рекламу ведущие спортивные издания. Эта позиция не вызвала раздражения ни у кого, кроме <clr>фэян<clrEnd>, которые занудно доказывали, что разумное существо должно голосовать руками по согласованию с мозгами."	"Quest Election.qmm: locations.77.texts.3.text. Preserve every <tag> exactly. English reference: ""Trained body means healthy heart. And healthy heart is your right choice!"" - this was the comment of the leading sports editions caused by your ad. Such position did not irritate anyone except the <clr>Faes<clrEnd>, who were wonky to assert that reasonable beings should vote with their hands in accordance with their brains."	"Quest,Election"	"""Натрэнаванае цела — здаровае сэрца. Здаровае сэрца — правільны выбар!"" — так пракамэнтавалі вашу рэкляму вядучыя спартовыя выданьні. Гэтая пазыцыя не выклікала раздражненьня ні ў каго, апроч <clr>фэянаў<clrEnd>, якія нудна даводзілі, што разумная істота павінна галасаваць рукамі ў згодзе з мазгамі."
"/quests/Election.qmm/locations/77/texts/4/text"	"Что может быть ближе сердцам <clr>людей<clrEnd> и <clr>пеленгов<clrEnd>, чем деньги? Только большие деньги... А вот <clr>малоков<clrEnd> ваша реклама оскорбила - эти простые ребята ненавидят торгашей от всего сердца! На <clr>фэян<clrEnd> и <clr>гаальцев<clrEnd> ваша агитация особого впечатления не произвела."	"Quest Election.qmm: locations.77.texts.4.text. Preserve every <tag> exactly. English reference: What can be closer to <clr>Human<clrEnd> and <clr>Peleng<clrEnd> hearts than money? Big money! But the <clr>Maloqs<clrEnd> were insulted by your ad - this simple folk just hate the hucksters with their whole heart! The <clr>Faes<clrEnd> and <clr>Gaals<clrEnd> were not impressed by your line of reasoning."	"Quest,Election"	"Што можа быць бліжэй да сэрцаў <clr>людзей<clrEnd> і <clr>пеленгаў<clrEnd>, чым грошы? Толькі вялікія грошы... А вось <clr>малокаў<clrEnd> ваша рэкляма абразіла — гэтыя простыя хлопцы ненавідзяць гандляроў ад усяго сэрца! На <clr>фэянаў<clrEnd> і <clr>гаальцаў<clrEnd> ваша агітацыя асаблівага ўражаньня не зрабіла."
"/quests/Election.qmm/locations/77/texts/5/text"	"Уместнее было бы написать: ""Голосуй печенью!"" - к такому выводу пришли участники ток-шоу ""Свобода снова"" с ведущим Славиком Шустреньким, посвященного предвыборным компаниям кандидатов. В результате вашу рекламу высмеяли все, так что даже среди <clr>пеленгов<clrEnd>, любящих разгульную жизнь, она не имела особого успеха."	"Quest Election.qmm: locations.77.texts.5.text. Preserve every <tag> exactly. English reference: It would have been appropriate if you wrote: ""Vote with your liver!"" - this conclusion was drawn by the participants of the ""Justice and All"" talk show with Harvard Scorn as host, which was dedicated to the election campaigns of the candidates. As a result, your ad was laughed at by everyone, so that even among the <clr>Pelengs<clrEnd>, who enjoy racketing, it was not a success."	"Quest,Election"	"Лепей было б напісаць: ""Галасуй печаньню!"" — да такой высновы прыйшлі ўдзельнікі ток-шоў ""Свабода зноў"" з вядучым Славікам Шусценькім, прысьвечанага перадвыбарным кампаніям кандыдатаў. У выніку вашу рэкляму асьмяялі ўсе, так што нават сярод <clr>пеленгаў<clrEnd>, якія любяць разгульнае жыцьцё, яна не мела асаблівага посьпеху."
"/quests/Election.qmm/locations/77/texts/6/text"	"Идея честного созидательного труда пришлась по вкусу всем, кроме ленивых <clr>пеленгов<clrEnd> и воинственных <clr>малоков<clrEnd>."	"Quest Election.qmm: locations.77.texts.6.text. Preserve every <tag> exactly. English reference: The idea of honest and constructive labour suited the tastes of everyone liking, but lazy <clr>Pelengs<clrEnd> and militaristic <clr>Maloqs<clrEnd>."	"Quest,Election"	"Ідэя сумленнай стваральнай працы прыйшлася да спадобы ўсім, апроч лянівых <clr>пеленгаў<clrEnd> і ваяўнічых <clr>малокаў<clrEnd>."
"/quests/Election.qmm/locations/77/texts/7/text"	"В устах врача призыв голосовать сердцем воспринимался уж больно буквально, так что избиратели в большинстве своем остались в полном недоумении, что же собственно вы имели в виду..."	"Quest Election.qmm: locations.77.texts.7.text. Preserve every <tag> exactly. English reference: The doctor's mouth requesting everyone to vote with their heart was understood by many electors too literally, so that most of them could not easily comprehend its meaning..."	"Quest,Election"	"У вуснах лекара заклік галасаваць сэрцам успрымаўся ўжо занадта літаральна, так што выбаршчыкі ў большасьці сваёй засталіся ў поўным зьдзіўленьні, што ж уласна вы мелі на ўвазе..."
"/quests/Election.qmm/locations/78/texts/0/text"	"Лозунг, изобретенный людьми еще в древние времена, остался популярен у этой расы и поныне. Следует также признать, что рейнджеры действительно часто торгуют продовольствием, а репортажи об их битвах с доминаторами являются увлекательным зрелищем для простых обывателей. Логичность и гармоничность вашей рекламы принесла вам голоса <clr>людей<clrEnd> и <clr>фэян<clrEnd>, но вот <clr>малоки<clrEnd> были разочарованы - рейнджеры должны сражаться, а не кормить или развлекать всяких штатских бездельников!"	"Quest Election.qmm: locations.78.texts.0.text. Preserve every <tag> exactly. English reference: The slogan that the Humans invented in the days of yore remains popular among this race even now. One should also acknowledge that rangers often trade with food, and the coverage of them fighting the Dominators is regarded by middlebrow as a very exciting show. The logic and harmony of your election campaign brought you the votes of the <clr>Humans<clrEnd> and <clr>Faes<clrEnd>, but the <clr>Maloqs<clrEnd> were displeased - the rangers just got to fight and not to feed or entertain any civil doodles!"	"Quest,Election"	""
"/quests/Election.qmm/locations/78/texts/1/text"	"<clr>Фэянская<clrEnd> пресса расхваливала вашу рекламу на все лады - действительно, кто же еще может накормить и развлечь народ, как не ученые?! <clr>Гаальцам<clrEnd> такая позиция также пришлась по вкусу, но вот все остальные расы отреагировали негативно - они либо считали, что ученые должны заниматься другими вещами, либо знали более эффективные способы развлечений."	"Quest Election.qmm: locations.78.texts.1.text. Preserve every <tag> exactly. English reference: <clr>Faeyan<clrEnd> media devoted multifaceted praise to your ad - and really, who can give bread and games to the masses but the scientists?! <clr>Gaals<clrEnd> liked your position a lot, but all the other races reacted negatively - they either were thinking that the scientists are supposed to be occupied by other things, or they knew more effective ways of entertainment."	"Quest,Election"	""
"/quests/Election.qmm/locations/78/texts/2/text"	"<clr>Малоки<clrEnd> были в восторге: война - вот главный хлеб и зрелище для настоящих воинов! Среди <clr>людей<clrEnd> и <clr>пеленгов<clrEnd> идея добывать хлеб и зрелища военным путем неожиданно тоже оказалась достаточно популярной, однако миролюбивые <clr>гаальцы<clrEnd> и <clr>фэяне<clrEnd> подвергли ее довольно жесткой критике."	"Quest Election.qmm: locations.78.texts.2.text. Preserve every <tag> exactly. English reference: <clr>Maloqs<clrEnd> were besides themselves: a war is the main bread and games for the real warriors! Among the <clr>Humans<clrEnd> and <clr>Pelengs<clrEnd> the idea to earn one's bread and games through war was also surprisingly popular, but the peaceful <clr>Gaals<clrEnd> and <clr>Faes<clrEnd> criticised it fiercely."	"Quest,Election"	""
"/quests/Election.qmm/locations/78/texts/3/text"	"Популярность спортивных состязаний среди <clr>людей, малоков<clrEnd> и <clr>пеленгов<clrEnd> была достаточно высока, так что ваша реклама принесла вам некоторое количество их голосов. <clr>Гаальцы<clrEnd>, в целом, остались равнодушными, а вот <clr>фэяне<clrEnd> сочли вашу рекламу на редкость глупой: во-первых, зрелище бездарной траты сил потными спортсменами может вызвать только отвращение, а во-вторых, при чем тут хлеб?!"	"Quest Election.qmm: locations.78.texts.3.text. Preserve every <tag> exactly. English reference: The popularity of sport championships among the <clr>Humans, Maloqs<clrEnd> and <clr>Pelengs<clrEnd> was high enough, so that your ad brought you some of their votes. <clr>The Gaals<clrEnd>, were, in general, indifferent, but the <clr>Faes<clrEnd> found your ad exemplary stupid: first, the sight of energy being spent by sweaty sportsmen in vain can cause one's flesh crawl, and, secondly, what does bread have to do with all that?!"	"Quest,Election"	""
"/quests/Election.qmm/locations/78/texts/4/text"	"Ваша реклама оказалась довольно популярной среди <clr>людей<clrEnd>, многие из которых искренне верили, что лишь деловые люди способны накормить народ и сделать его счастливым. Остальные расы остались в недоумении, ибо обогащение других вряд ли может быть признано приятным зрелищем. А <clr>малоки<clrEnd> и вовсе плевались как от вашего делового костюма, так и от вашего обывательского слогана."	"Quest Election.qmm: locations.78.texts.4.text. Preserve every <tag> exactly. English reference: Your ad turned out to be rather popular among the <clr>Humans<clrEnd>, there were a lot of them who sincerely believed that only business people can feed the population and make it happy. The rest of the races were at a loss, since becoming rich for them cannot be a pleasant sight. And the <clr>Maloqs<clrEnd> were disgusted by your business suit as well as your square slogan."	"Quest,Election"	""
"/quests/Election.qmm/locations/78/texts/5/text"	"Зрелище пьяного братка, гуляющего в ресторане, в сочетании с мещанским лозунгом вызвало у большинства избирателей только отвращение. <clr>Гаальцы<clrEnd> обвинили вас в аморальности, <clr>фэяне<clrEnd> - в нелогичности, <clr>люди<clrEnd> - в опошлении здравой идеи древних римлян, а <clr>малоки<clrEnd> - в умышленном подрыве дисциплины и развращении народа. И только <clr>пеленги<clrEnd> безоговорочно вас поддержали, заявив, что именно так и должны жить настоящие пацаны."	"Quest Election.qmm: locations.78.texts.5.text. Preserve every <tag> exactly. English reference: The sight of a boozed guy, enjoying his time in a bar, accompanied by a bourgeois slogan only caused the disgust of most of the electors. <clr>Gaals<clrEnd> accused you of immorality, <clr>Faes<clrEnd> - of ill logic, <clr>Humans<clrEnd> - of a profanation of a good idea of the Ancient Romans, and the <clr>Maloqs<clrEnd> - of deliberate disruption of the discipline and corruption of the society. It was only the <clr>Pelengs<clrEnd> who supported you without reservation, announcing that this is the way of real tough guys."	"Quest,Election"	""
"/quests/Election.qmm/locations/78/texts/6/text"	"Среди гаальских философов ваша реклама послужила поводом для дискуссии на тему ""Является ли зрелищем зарабатывание хлеба тяжким трудом?"" Большинство считало, что если помедитировать над вашей рекламой несколько часов, то могут открыться глубокие этические истины, типа: ""Без труда не вытащишь и рыбку из пруда"". Однако среди остальных рас ваша агитация дала импульс для многочисленных шуток и анекдотов о том, что может произойти, если перепутать лозунги и изображения из разных реклам."	"Quest Election.qmm: locations.78.texts.6.text. Preserve every <tag> exactly. English reference: Your ad provoked a vivid discussion among gaalian philosophers, which was titled ""Can Earning Your Bread by Toil and Moil Be a Show?"" The multitude thought that if they were allowed to meditate over your ad for several hours, than some very profound ethical truths can get revealed to them, such as ""No pain, no gain"". But among other races your campaign ad provoked only jokes and sarcasm, as well as a discussion of what might happen if the slogans and picture from different ads would be all mixed up."	"Quest,Election"	""
"/quests/Election.qmm/locations/78/texts/7/text"	"Ваша реклама была интерпретирована по-разному. <clr>Пеленги, малоки, люди<clrEnd> и <clr>гаальцы<clrEnd> решили, что вы намекаете на принятие галлюциногенов и свободный оборот наркотиков, что понравилось, естественно, только <clr>пеленгам<clrEnd>. А вот <clr>фэяне<clrEnd> почему-то подумали, что вы собираетесь спонсировать изобретение новых пищевых и рекреационных технологий, которые позволят существенно сократить затраты времени на эти необходимые для жизнедеятельности, но абсолютно ненужные для научного творчества процедуры. Разумеется, такая позиция нашла полное понимание среди расы ученых."	"Quest Election.qmm: locations.78.texts.7.text. Preserve every <tag> exactly. English reference: Your ad was interpreted differently by various races. <clr>Pelengs, Maloqs, Humans<clrEnd> and <clr>Gaals<clrEnd> decided that you are hinting at the legalization of hallucinogens and drugs, which was naturally accepted only by the<clr>Pelengs<clrEnd>. But the <clr>Faes<clrEnd> decided that your were going to sponsor the development of new food and recreation technologies that would allow to cut down the time spent for these activities, which are absolutely unnecessary for the scientific production and research. It is understandable that such a position found full support among the race of scientists."	"Quest,Election"	""
"/quests/Election.qmm/locations/79/texts/0/text"	"Рейнджеры действительно защищают свободную Галактику от нашествия доминаторов. Против этого никто не возражал, однако у жителей планеты <ToPlanet> были и более актуальные проблемы, так что эффективность вашей рекламы оказалась не очень высока."	"Quest Election.qmm: locations.79.texts.0.text. Preserve every <tag> exactly. English reference: Rangers are the real defenders of the Free Galaxy from the Dominator invasion. No one was against this, but the inhabitants of <ToPlanet> had more vital problems at hand, therefore your ad was not so much effective."	"Quest,Election"	"Рэйнджэры сапраўды бароняць вольную Галяктыку ад нашэсьця дамінатараў. Супраць гэтага ніхто не пярэчыў, аднак у жыхароў плянэты <ToPlanet> былі і больш актуальныя праблемы, так што эфэктыўнасьць вашай рэклямы аказалася не вельмі высокай."
"/quests/Election.qmm/locations/79/texts/1/text"	"Тщедушный ученый в роли защитника свободы выглядел довольно комично. Во всяком случае, <clr>малоки<clrEnd> и <clr>пеленги<clrEnd> высмеивали такую рекламу от души. И лишь <clr>фэяне<clrEnd> с <clr>людьми<clrEnd> пытались оправдать вас затертыми пословицами типа ""Знание - сила"" и ""Один ученый с водородной бомбой убьет больше врагов, чем сто невежд с автоматами""."	"Quest Election.qmm: locations.79.texts.1.text. Preserve every <tag> exactly. English reference: A sickly scientist playing the role of a defender of rights and freedoms looked rather comic. Anyway the <clr>Maloqs<clrEnd> and <clr>Pelengs<clrEnd> made a laughing stock of you and mocked your ad from their hearts. And only the <clr>Faes<clrEnd> together with <clr>Humans<clrEnd> were trying to acquit you by clichés like ""Knowledge is Power"" and ""One scientist with an H-bomb can exterminate more enemies than one hundred tough guys with machine guns""."	"Quest,Election"	""
"/quests/Election.qmm/locations/79/texts/2/text"	"""Скорее свободу следует защищать от вас!"" - язвили <clr>гаальские<clrEnd> правозащитники. 

""Правильно! - вторили им <clr>пеленгские<clrEnd> издания. - Из-за этих военных нельзя ни наркотой торговать, ни пиратствовать толком!"" 

Зато <clr>малоки<clrEnd> были в восторге от вашей рекламы, да и <clr>люди<clrEnd> с <clr>фэянами<clrEnd> отнеслись к ней довольно благосклонно."	"Quest Election.qmm: locations.79.texts.2.text. Preserve every <tag> exactly. English reference: ""Looks more like the freedom is in need to be protected from you!"" - <clr>gaalian<clrEnd> rights activists were jeering. 

""Right! - echoed the <clr>Peleng<clrEnd> newspapers. - These military make it almost impossible to sell the dope or to pirate and loot!"" 

But the <clr>Maloqs<clrEnd> were very much excited by your ad, and the <clr>Humans<clrEnd> with the <clr>Faes<clrEnd> regarded it also rather benevolently."	"Quest,Election"	""
"/quests/Election.qmm/locations/79/texts/3/text"	"Что вы хотели сказать, объявляя спортсменов защитниками свободы, так и осталось для избирателей загадкой. Больше всего были возмущены полным отсутствием логики <clr>фэяне<clrEnd>. Представители других рас остались в целом равнодушными к вашей рекламе."	"Quest Election.qmm: locations.79.texts.3.text. Preserve every <tag> exactly. English reference: What did you mean to say, claiming that the sportsmen are the defenders of freedom. Your voters could not unravel this phrase-mystery anyhow. The <clr>Faes<clrEnd> were very much enraged by the total lack of logic in your ad. For other races your ad was neither fish nor flesh, nor good red herring."	"Quest,Election"	"Што вы хацелі сказаць, абвяшчаючы спартоўцаў абаронцамі свабоды, так і засталося для выбаршчыкаў загадкай. Больш за ўсё былі абураныя поўнай адсутнасьцю лёгікі <clr>фэяне<clrEnd>. Прадстаўнікі іншых расаў засталіся ў цэлым абыякавымі да вашай рэклямы."
"/quests/Election.qmm/locations/79/texts/4/text"	"""Свобода предпринимательства - вот основа процветания любой планеты!"" - так интерпретировали вашу рекламу <clr>человеческие<clrEnd> газеты, и лишь презиравшим торговлю <clr>малокам<clrEnd> такая интерпретация не пришлась по вкусу."	"Quest Election.qmm: locations.79.texts.4.text. Preserve every <tag> exactly. English reference: ""Entrepreneurial freedom - this is the backbone of any planet's prosperity!"" - thus <clr>Human<clrEnd> newspapers interpreted your ad, and only the <clr>Maloqs<clrEnd> who despised trading, were not happy with such an interpretation."	"Quest,Election"	"""Свабода прадпрымальніцтва — вось аснова росквіту любой плянэты!"" — так інтэрпрэтавалі вашу рэкляму <clr>людзкія<clrEnd> газэты, і толькі <clr>малокам<clrEnd>, што пагарджалі гандлем, такая інтэрпрэтацыя не прыйшлася да спадобы."
"/quests/Election.qmm/locations/79/texts/5/text"	"Бандитская рожа, коей место за решеткой, настолько не сочеталась с лозунгами о защите свободы, что ваша реклама вызвала полное неприятие у всех, кроме <clr>пеленгов<clrEnd>."	"Quest Election.qmm: locations.79.texts.5.text. Preserve every <tag> exactly. English reference: The appearance of a mafioso, who apparently was wanted in the cooler, was in such a dissonant with the slogans to protect the freedom, that your ad was an absolute failure among everyone, except the <clr>Pelengs<clrEnd>."	"Quest,Election"	"Бандыцкая пыса, якой месца за кратамі, настолькі не спалучалася з лёзунгамі пра абарону свабоды, што ваша рэкляма выклікала поўнае непрыняцьце ва ўсіх, апроч <clr>пеленгаў<clrEnd>."
"/quests/Election.qmm/locations/79/texts/6/text"	"""Что к чему?!"" - недоумевали избиратели, глядя на бодрого строителя, защищающего свободу мастерком и отвесом. Полная бессмысленность вашей рекламы вряд ли принесла вам много голосов. Скорее, наоборот..."	"Quest Election.qmm: locations.79.texts.6.text. Preserve every <tag> exactly. English reference: ""What's in that?!"" - electors could not understand, looking at a vigorous builder, who was defending freedom with a trowel and a plumb. Complete meaninglessness of your ad could not bring you a considerable amount of votes. Just the opposite is more likely..."	"Quest,Election"	"""Што да чаго?!"" — зьдзіўляліся выбаршчыкі, гледзячы на бадзёрага будаўніка, які бараніў свабоду кельняй і адвесам. Поўная бессэнсоўнасьць вашай рэклямы наўрад ці прынесла вам шмат галасоў. Хутчэй наадварот..."
"/quests/Election.qmm/locations/79/texts/7/text"	"Почему врач защищает свободу, большинство избирателей так и не поняло. Алогичность вашей рекламы вызвала резкую критику со стороны <clr>фэян<clrEnd>. И только <clr>пеленги<clrEnd> усмотрели в сочетании шприца и лозунга намек на обещание свободного обращения наркотиков, что, конечно, не могло не понравиться представителям этой расы."	"Quest Election.qmm: locations.79.texts.7.text. Preserve every <tag> exactly. English reference: Why a doctor should be standing up to the cause of defending freedom was beyond the understanding of the most of your electors. The fact that your ad was illogical was rightly criticised by the <clr>Faes<clrEnd>. Only the <clr>Pelengs<clrEnd> saw the combination of a needle and the slogan as a hint at legalization of drugs, which could not go unnoticed without full endorsement from this race."	"Quest,Election"	""
"/quests/Election.qmm/locations/80/texts/0/text"	"Логика вашей рекламы осталась неясной - почему рейнджеры подарят народу счастье? Или имеется в виду контрабанда, которую рейнджеры в больших количествах ввозят на все планеты? Такая интерпретация понравилась <clr>пеленгам<clrEnd>, а избиратели других рас остались в недоумении..."	"Quest Election.qmm: locations.80.texts.0.text. Preserve every <tag> exactly. English reference: The logic of your ad was unclear - how come rangers could bring happiness for the population? Or did you mean those products that were smuggled by the rangers to all the planets in big numbers? This understanding was much to <clr>Pelengs'<clrEnd> liking, but all the other races were confused..."	"Quest,Election"	"Лёгіка вашай рэклямы засталася няяснай — чаму рэйнджэры падораць народу шчасьце? Ці маецца на ўвазе кантрабанда, якую рэйнджэры ў вялікай колькасьці ўвозяць на ўсе плянэты? Такая інтэрпрэтацыя спадабалася <clr>пеленгам<clrEnd>, а выбаршчыкі іншых расаў засталіся ў зьдзіўленьні..."
"/quests/Election.qmm/locations/80/texts/1/text"	"Ваша реклама нашла живой отклик в сердцах <clr>фэян, гаальцев<clrEnd> и <clr>людей<clrEnd> - действительно, ученые рано или поздно дадут народу счастье! Однако у <clr>пеленгов<clrEnd> и <clr>малоков<clrEnd> были более популярны другие пути достижения счастья и благополучия."	"Quest Election.qmm: locations.80.texts.1.text. Preserve every <tag> exactly. English reference: Your ad found a vivid response in the hearts of the <clr>Faes, Gaals<clrEnd> and <clr>Humans<clrEnd> - really, the scientists will give happiness to the population sooner or later! But the <clr>Pelengs<clrEnd> and <clr>Maloqs<clrEnd> knew other ways of gaining happiness and welfare that had been very popular among them."	"Quest,Election"	"Ваша рэкляма знайшла жывы водгук у сэрцах <clr>фэянаў, гаальцаў<clrEnd> і <clr>людзей<clrEnd> — сапраўды, навукоўцы рана ці позна дадуць народу шчасьце! Аднак у <clr>пеленгаў<clrEnd> і <clr>малокаў<clrEnd> былі больш папулярныя іншыя шляхі дасягненьня шчасьця і дабрабыту."
"/quests/Election.qmm/locations/80/texts/2/text"	"Идея счастья на штыках понравилась только <clr>малокам<clrEnd>. Все остальные отнеслись к такому ""счастью"" скептически..."	"Quest Election.qmm: locations.80.texts.2.text. Preserve every <tag> exactly. English reference: The idea of happiness built by bayonets sympathised only the <clr>Maloqs<clrEnd>. All the rest remained sceptical to this kind of ""happiness""..."	"Quest,Election"	"Ідэя шчасьця на штыхах спадабалася толькі <clr>малокам<clrEnd>. Усе астатнія паставіліся да такога ""шчасьця"" скептычна..."
"/quests/Election.qmm/locations/80/texts/3/text"	"""Счастье - это здоровье!"" - так прокомментировали вашу рекламу средства массовой информации планеты <ToPlanet>. Эту позицию разделили <clr>малоки, люди<clrEnd> и <clr>гаальцы<clrEnd>, однако <clr>фэянам<clrEnd> и <clr>пеленгам<clrEnd> она не пришлась по вкусу."	"Quest Election.qmm: locations.80.texts.3.text. Preserve every <tag> exactly. English reference: ""Happiness is your health!"" - that was the general comment that your ad found among <ToPlanet>' mass media. This approach was supported by the <clr>Maloqs, Humans<clrEnd> and <clr>Gaals<clrEnd>, but the <clr>Faes<clrEnd> and <clr>Pelengs<clrEnd> did not catch the fancy."	"Quest,Election"	"""Шчасьце — гэта здароўе!"" — так пракамэнтавалі вашу рэкляму сродкі масавай інфармацыі плянэты <ToPlanet>. Гэтую пазыцыю падзялілі <clr>малокі, людзі<clrEnd> і <clr>гаальцы<clrEnd>, аднак <clr>фэянам<clrEnd> і <clr>пеленгам<clrEnd> яна не прыйшлася да спадобы."
"/quests/Election.qmm/locations/80/texts/4/text"	"Обретение счастья путем выгодных торговых сделок полностью соответствует менталитету <clr>людей<clrEnd> и <clr>пеленгов<clrEnd>, но вот <clr>малоки<clrEnd> преисполнились искреннего презрения к вам, так как настоящий воин никогда не займется торговлей. <clr>Фэяне<clrEnd> и <clr>гаальцы<clrEnd> отреагировали на вашу рекламу довольно вяло."	"Quest Election.qmm: locations.80.texts.4.text. Preserve every <tag> exactly. English reference: Gaining happiness by means of profitable trade bargains totally matched the mentality of the <clr>Humans<clrEnd> and <clr>Pelengs<clrEnd>, but the <clr>Maloqs<clrEnd> were filled with sincere indignation towards you, because the real warrior will never take to trade. The <clr>Faes<clrEnd> and <clr>Gaals<clrEnd> reacted rather sluggishly."	"Quest,Election"	""
"/quests/Election.qmm/locations/80/texts/5/text"	"""Мы подарим народу счастье, которое сами перед этим у него украдем!"" - передразнивали вашу рекламу <clr>гаальские<clrEnd> и <clr>фэянские<clrEnd> газеты. Еще хуже была реакция <clr>малоков<clrEnd> - этакий расфуфыренный франт, ведущий столь нездоровый образ жизни, должен сидеть на гауптвахте, а не счастье народу обещать!!! Зато <clr>люди<clrEnd> и особенно <clr>пеленги<clrEnd> остались вполне довольны обещанием красивой жизни, которое так и лучилось из вашей рекламы."	"Quest Election.qmm: locations.80.texts.5.text. Preserve every <tag> exactly. English reference: ""We will give happiness to the people, but we will steal it from them before!"" - this was how <clr>Gaalian<clrEnd> and <clr>Faeyan<clrEnd> newspapers interpreted your ad. The reaction of the <clr>Maloqs<clrEnd> was even worse. Such a overdressed swell, which ruins his life, he should have be on the peg a long time ago. It's not his task to promise happiness in front of all the population!!! But the <clr>Humans<clrEnd> and especially the <clr>Pelengs<clrEnd> were fully satisfied with the promises of dolce vita that was shining from your ad."	"Quest,Election"	""
"/quests/Election.qmm/locations/80/texts/6/text"	"Идея построить свое счастье своими руками пришлась по вкусу практически всем. Даже <clr>малоки<clrEnd> остались довольны, решив, что вы намекаете на строительство новых военных баз и заводов. И только <clr>пеленги<clrEnd> сочли вашу рекламу глупой - зачем работать над счастьем самому, когда дешевле украсть его у соседа?"	"Quest Election.qmm: locations.80.texts.6.text. Preserve every <tag> exactly. English reference: The idea of building happiness with own hands caught everyone's fancy. Even the <clr>Maloqs<clrEnd> remained pleased, for they thought that you were hinting at the construction of new bases and plants. And only the <clr>Pelengs<clrEnd> found your ad stupid - why work on happiness yourself, when it is easier to steal it from your neighbor?"	"Quest,Election"	"Ідэя пабудаваць сваё шчасьце сваімі рукамі прыйшлася да спадобы практычна ўсім. Нават <clr>малокі<clrEnd> засталіся задаволеныя, вырашыўшы, што вы намякаеце на будаўніцтва новых вайсковых базаў і заводаў. І толькі <clr>пеленгі<clrEnd> палічылі вашу рэкляму дурной — навошта працаваць над шчасьцем самому, калі таньней украсьці яго ў суседа?"
"/quests/Election.qmm/locations/80/texts/7/text"	"Обещание подарить народу счастье в сочетании со шприцем в вашей руке было воспринято всеми совершенно однозначно. И если <clr>пеленги<clrEnd> всеми четырьмя руками поддержали перспективу всеобщего наркотического счастья, то среди остальных рас ваша реклама была раскритикована самым жестким образом."	"Quest Election.qmm: locations.80.texts.7.text. Preserve every <tag> exactly. English reference: The promise to give happiness to the population pronounced with a needle in your hand was understood unambiguously. But meanwhile the <clr>Pelengs<clrEnd> support the prospect of universal narcotic happiness with all their four hands, the other races castigated your ad with the highest vigour possible."	"Quest,Election"	"Абяцаньне падарыць народу шчасьце ў спалучэньні са шпрыцам у вашай руцэ было ўспрынятае ўсімі цалкам адназначна. І калі <clr>пеленгі<clrEnd> усімі чатырма рукамі падтрымалі пэрспэктыву ўсеагульнага шчасьця ад наркотыкаў, то сярод астатніх расаў ваша рэкляма была раскрытыкаваная самым жорсткім чынам."
"/quests/Election.qmm/locations/83/texts/0/text"	"Через несколько минут Замо Чу принес вам список всех доступных на сегодня мероприятий. Куда вы хотите пойти?"	"Quest Election.qmm: locations.83.texts.0.text. Preserve every <tag> exactly. English reference: Within several minutes Kill Young brought you the activities list for. Where do you want to go?"	"Quest,Election"	"Праз некалькі хвілінаў Замо Чу прынёс вам сьпіс усіх даступных на сёньня мерапрыемстваў. Куды вы хочаце пайсьці?"
"/quests/Election.qmm/locations/93/texts/0/text"	"Вы были не слишком популярны среди <clr>людей, фэян<clrEnd> и <clr>гаальцев<clrEnd> - основных студентов университета. Так что на встречу с вами явилось очень мало народу. И хотя почти все пришедшие студенты остались вами довольны, общая эффективность вашей встречи оказалась довольно низка."	"Quest Election.qmm: locations.93.texts.0.text. Preserve every <tag> exactly. English reference: You were not so popular among the <clr>Humans, Faes<clrEnd> and <clr>Gaals<clrEnd> - the majority of the university students. Therefore, your conference was not attended by many. And although all the coming students liked your speech, the overall effect of the conference was tiny."	"Quest,Election"	"Вы былі не надта папулярныя сярод <clr>людзей, фэянаў<clrEnd> і <clr>гаальцаў<clrEnd> — асноўных студэнтаў унівэрсытэту. Так што на сустрэчу з вамі зьявілася вельмі мала народу. І хоць амаль усе студэнты, што прыйшлі, засталіся вамі задаволеныя, агульная эфэктыўнасьць вашай сустрэчы аказалася даволі нізкай."
"/quests/Election.qmm/locations/93/texts/1/text"	"Вам не повезло: в одно время с вашей встречей проходил гипер-рок-концерт, на который пошла большая часть студентов. Но с теми, кто все-таки предпочел встречу с вами, общение получилось вполне приятным и дружеским."	"Quest Election.qmm: locations.93.texts.1.text. Preserve every <tag> exactly. English reference: You were not lucky: a hyper-rock concert was taking place simultaneously with your conference, and the bulk of the student was there. But anyway the conversation with those who came, was amiable and pleasant."	"Quest,Election"	"Вам не пашанцавала: адначасова з вашай сустрэчай ішоў гіпэр-рок-канцэрт, на які пайшла большая частка студэнтаў. Але з тымі, хто ўсё ж аддаў перавагу сустрэчы з вамі, размова выйшла цалкам прыемнай і сяброўскай."
"/quests/Election.qmm/locations/93/texts/2/text"	"Оказывается, вы довольно популярны среди студентов, большую часть которых составляют <clr>люди, фэяне<clrEnd> и <clr>гаальцы<clrEnd>. Народу на встречу с вами пришло столько, что ректору пришлось вызвать дополнительный наряд малокского ОМОНа для сдерживания толпы. 

Встреча прошла довольно успешно - вы обещали повысить стипендии, построить новые корпуса, увеличить дотации на образование, в общем, раздавали обещания направо и налево. Это понравилось всем присутствующим, кроме бойцов <clr>малокского<clrEnd> ОМОНа - ведь настоящий воин никогда не будет так подлизываться к каким-то необученным салагам!"	"Quest Election.qmm: locations.93.texts.2.text. Preserve every <tag> exactly. English reference: It turned out that you were rather popular among the students, the best part of whom were the <clr>Humans, Faes<clrEnd> and <clr>Gaals<clrEnd>. The crowd that came to your event was so large that the president had to summon an additional special force unit of the Maloqs to control it. 

The conference was rather successful - you promised to increase government-provided scholarships and educational allowances, as well as to build new hostels and structures. All in all, you were very generous in making promises and everyone liked it, except the <clr>Maloq<clrEnd> special force unit, for they knew that a real warrior will not be honeying up some yardbirds!"	"Quest,Election"	""
"/quests/Election.qmm/locations/93/texts/3/text"	"Оказывается, вы являетесь кумиром <clr>пеленгской<clrEnd> молодежи, которая в основном и пришла на встречу с вами, и пользуетесь куда меньшей популярностью среди остальных рас. Среди присутствующих оказалось много представителей радикальной пеленгской студенческой группы ""Свободу во всем!"", ратующей за свободную продажу алкоголя и наркотиков в университетской столовой. Пришлось вам пообещать, что вы решите эти проблемы, когда станете президентом планеты <ToPlanet>. Пеленги теперь любят вас еще крепче, чем раньше, но вот другим расам ваша позиция вряд ли придется по вкусу."	"Quest Election.qmm: locations.93.texts.3.text. Preserve every <tag> exactly. English reference: It looked like you were a cult figure among <clr>Peleng<clrEnd> youth, and they were the main crowd who agreed to meet you. Your popularity among the other races was much lower. There were a lot of representatives of a radical student group of the Pelengs known as the ""Freedom in Everything!"". The group is fighting for the free trade in liquor and drugs in the university cafeteria. You had to promise them that you will solve those problems when you become President of the Planet. <ToPlanet>. The Pelengs like you even more than before for that, but the other races are hardly going to like your position."	"Quest,Election"	""
"/quests/Election.qmm/locations/93/texts/4/text"	"Ваша встреча не вызвала особого ажиотажа, но и проигнорирована никем не была. В зале были представители разных рас, и вы пытались своими ответами на вопросы студентов угодить всем сразу. Пару раз вас поймали на противоречиях, но вы ловко отшутились, что очень понравилось <clr>людям<clrEnd> и <clr>пеленгам<clrEnd>. В целом, вашу встречу можно признать вполне успешной."	"Quest Election.qmm: locations.93.texts.4.text. Preserve every <tag> exactly. English reference: Your meeting did not provoke any boom, but it was not ignored anyway. The hall was full of members of different races and in your responses to student's questions you tried to make yourself agreeable to all the parties. They caught you off-guard and contradicting yourself a couple of times, but you joked it off very smartly, and that was very much to the tastes of the <clr>Humans<clrEnd> and <clr> Pelengs<clrEnd>. In general, your meeting could be regarded as success."	"Quest,Election"	""
"/quests/Election.qmm/locations/93/texts/5/text"	"Ваша низкая популярность среди гаальцев, которые в основном и состояли в руководстве университета, сыграла с вами злую шутку. Сначала вам долго не предоставляли аудитории для выступления, а потом во время встречи со студентами трижды гас свет. В сердцах вы пообещали сразу же после избрания посадить на нары все некомпетентное руководство университета! Эти заявление покоробило <clr>фэян и гаальцев<clrEnd>, повеселило <clr>людей и пеленгов<clrEnd>, а немногочисленные студенты-<clr>малоки<clrEnd> были вообще вне себя от счастья. Ведь в глубине души они презирали своих профессоров, которые даже простейший бластер толком разобрать не умеют..."	"Quest Election.qmm: locations.93.texts.5.text. Preserve every <tag> exactly. English reference: Your low popularity among the Gaals, who comprised the bulk of the university higher officers played you a bad trick. At the very beginning they deliberately could not find a meeting hall for you for a long time, and during the meeting the lights were flickering out three times. Enraged, you promised that when you will be elected you will put all the incompetent leadership of the university behind the bars! This announcement put off the <clr>Faes and Gaals <clrEnd>, chirped up the <clr>Humans and Pelengs<clrEnd>, and the slow number of the <clr>Maloq<clrEnd> students were besides themselves with happiness. They secretly despised their professors, who cannot even dismantle a simple blaster..."	"Quest,Election"	""
"/quests/Election.qmm/locations/93/texts/6/text"	"К вашему удивлению, в зале присутствовало очень много малоков - вероятно, вы весьма популярны в их среде. Это соображение и сыграло свою роль в ходе вашей встрече - вы в основном рассказывали студентом про доминаторов и свои подвиги в борьбе с ними. В целом, <clr>людям, фэянам<clrEnd> и <clr>малокам<clrEnd> ваше выступление понравилось, но вот <clr>пеленги<clrEnd> и <clr>гаальцы<clrEnd> откровенно зевали от скуки."	"Quest Election.qmm: locations.93.texts.6.text. Preserve every <tag> exactly. English reference: To your surprise your meeting was attended by a lot of Maloqs - it seems that you are very popular among them. This realisation played its part in your meeting address - you were mainly telling the students about the Dominators and your feasts in the struggle with them. In general, the <clr>Humans, Faes<clrEnd> and <clr>Maloqs<clrEnd> liked your speech, but the <clr>Pelengs <clrEnd> and <clr>Gaals<clrEnd> were unreservedly gaping from boredom."	"Quest,Election"	""
"/quests/Election.qmm/locations/94/texts/0/text"	"При посещении военного завода в вас вдруг проснулся профессиональный рейнджер. Вы со знанием дела раскритиковали в пух и прах производимые заводом корабельные пушки. ""Это же чистое самоубийство - идти против доминаторов с такими пукалками!!!"" - убежденно твердили вы. Заводское начальство из <clr>малоков<clrEnd> слушало вас с крайне недовольным видом, на зато инженеры-<clr>фэяне<clrEnd> были довольны - они давно говорили о необходимости модернизации производства. Да и рабочим - в основном <clr>людям<clrEnd> и <clr>пеленгам<clrEnd> - понравилось, как вы унизили их начальство."	"Quest Election.qmm: locations.94.texts.0.text. Preserve every <tag> exactly. English reference: You became a professional ranger when you were visiting a military plant. You criticised the spaceship cannons produced by the plant as if you were an expert. ""This is suicide to wage the war against the Dominators with weapons like these!!!"" - you harped on an on convincingly. The plant's command which was comprised of the <clr>Maloqs<clrEnd> was listening to you with signs of disaffection, but all the <clr>Faeyan<clrEnd> engineers were pleased, - the engineers had been raising the issue of modernising the production for a long time before that. And the simple workers, - mainly <clr>Humans<clrEnd> and <clr>Pelengs<clrEnd> - liked the way you put down their bosses."	"Quest,Election"	""
"/quests/Election.qmm/locations/94/texts/1/text"	"Во время экскурсии по заводу вы были сама любезность - похвалили организацию производства и оборудование рабочих мест, порадовав тем самым <clr>малокское<clrEnd> начальство. Особо вы отметили замечательный психологический климат, царящий в коллективе. При этих словах <clr>гаалец<clrEnd> - заводской психолог - просто позеленел от удовольствия и гордости! Но вот <clr>люди, пеленги<clrEnd> и <clr>фэяне<clrEnd>, которым приходилось работать на морально устаревшем оборудовании завода, подумали о вас далеко не лучшим образом..."	"Quest Election.qmm: locations.94.texts.1.text. Preserve every <tag> exactly. English reference: You were courteous to the max during your tour of the plant - you praised their production procedures and the standard of the equipment, having thus pleased the <clr>Maloq<clrEnd> higher officers. Your underscored the pleasant psychological climate of the plant. Hearing your words, a <clr>Gaal<clrEnd> - plant's psychologist - turned green from pride and satisfaction! But the <clr>Humans, Pelengs<clrEnd> and <clr>Faes<clrEnd> that had to work on the plant's outdated equipment, did not think much of you..."	"Quest,Election"	""
"/quests/Election.qmm/locations/94/texts/2/text"	"Посетив завод, вы торжественно пообещали в случае вашей победы сделать новые военные заказы и выделить солидные средства на развитие новых военных технологий. Такое заявление очень понравилось <clr>малокам<clrEnd> и <clr>фэянам<clrEnd>, но зато <clr>гаальцы<clrEnd> выразили обеспокоенность вашими милитаристскими поползновениями. Мнения <clr>людей<clrEnd> и <clr>пеленгов<clrEnd> разделились."	"Quest Election.qmm: locations.94.texts.2.text. Preserve every <tag> exactly. English reference: During your visit to the plant you solemnly promised to make more military awards and appropriate substantial funds for the development of new military technologies when you become president. The <clr>Maloqs<clrEnd> and <clr>Faes <clrEnd> liked your statement very much, but the <clr>Gaals<clrEnd> expressed their concern about your militaristic approach. The <clr>Humans<clrEnd> and <clr>Pelengs<clrEnd> were undecided."	"Quest,Election"	""
"/quests/Election.qmm/locations/94/texts/3/text"	"Посещение завода было сорвано - враждебно настроенная <clr>малокская<clrEnd> дирекция просто приказала не пускать вас внутрь! 

""Тупые краснорожие солдафоны!"" - орали вы перед запертыми воротами завода. А что вам еще оставалось делать?"	"Quest Election.qmm: locations.94.texts.3.text. Preserve every <tag> exactly. English reference: The visit to the plant was sabotaged - hostile <clr>Maloq<clrEnd> board of directors ordered not to let you in! 

""Stupid soldiery!"" - you were shouting in front of the plant's gates. What else could you do?"	"Quest,Election"	"Наведваньне заводу было сарванае — варожа настроеная <clr>малокская<clrEnd> дырэкцыя проста загадала не пускаць вас у сярэдзіну! 

""Тупыя чырвоныя салдафоны!"" — крычалі вы перад зачыненымі варотамі заводу. А што вам яшчэ заставалася рабіць?"
"/quests/Election.qmm/locations/95/texts/0/text"	"Военные вас, должно быть, уважают - специально для вас был организован парад и смотр военной техники. Вы выразили свое восхищение выучкой гарнизона и пообещали, что в случае вашего избрания нужды силовиков будут на первом месте. Это весьма порадовало <clr>малокских<clrEnd> генералов, но вот <clr>гаальцам<clrEnd> и <clr>пеленгам<clrEnd> такая перспектива не очень понравилась."	"Quest Election.qmm: locations.95.texts.0.text. Preserve every <tag> exactly. English reference: You seem to be honoured by the military - they organised a military parade and a muster of combat vehicles. You expressed your delight regarding the garrison's training and promised that, in the event they elect you their president, the military needs will be prioritised. This pleased the <clr>Maloq<clrEnd> generals, but the <clr>Gaals<clrEnd> and <clr>Pelengs<clrEnd> were not impressed by such a perspective."	"Quest,Election"	""
"/quests/Election.qmm/locations/95/texts/1/text"	"Вам не повезло - во время вашего посещения почти весь личный состав был на учениях. Разозлившись, вы сорвали зло на малокском генерале: и техника у него устаревшая, и здания давно не ремонтировали, да и самому ему давно пора на пенсию. Вы дали понять, что в случае победы сделаете <clr>фэянам<clrEnd> заказ на разработку новой техники, дадите подряд на ремонт зданий одной <clr>пеленгской<clrEnd> фирме, а во главе гарнизона поставите генерала-<clr>человека<clrEnd>. Судя по тому, какое бешенство было написано на красной роже командира гарнизона, никто из его солдат-<clr>малоков<clrEnd> за вас не проголосует, но другим расам ваши обещания должны прийтись по душе."	"Quest Election.qmm: locations.95.texts.1.text. Preserve every <tag> exactly. English reference: Luck was not on your sight - all the military personnel was engaged in a drill during your visit. Enraged, you blew off steam at the face of a Maloq general: his vehicles are outdated, his buildings needed to be overhauled long ago, and he is himself old enough to retire. You made it clear that if you win the election, you will award a government contract to the <clr>Faes<clrEnd> for the development of new materiel, subcontract a <clr>Peleng<clrEnd> firm to renovate the buildings and put a <clr>Human<clrEnd> general in charge of the garrison. Judging by the infuriated countenance of the garrison commander his <clr>Maloq<clrEnd> soldiers will not vote for you, but other races found your promises to their liking."	"Quest,Election"	""
"/quests/Election.qmm/locations/95/texts/2/text"	"Посещение гарнизона прошло как-то буднично: вас провели по комнатам, показали вам гарнизонное знамя и Уголок изучения устава и накормили в гарнизонной столовой. Вы сухо похвалили командира за хорошую работу. В целом, вряд ли ваш визит мог как-то серьезно повлиять на ваши голоса, разве что в глазах <clr>малоков<clrEnd> вы стали выглядеть немного симпатичнее."	"Quest Election.qmm: locations.95.texts.2.text. Preserve every <tag> exactly. English reference: The visit of the garrison was going rather routinely: you were let through all the rooms, showed the garrison's banner and the Regulations Study Room, after which you had lunch in the garrison's cafeteria. You reservedly thanked the commander for his good job. In general it was unlikely that your visit could have seriously influenced the balance of votes, it was just that the <clr>Maloqs <clrEnd> started to appreciate you better."	"Quest,Election"	""
"/quests/Election.qmm/locations/95/texts/3/text"	"Возле КПП гарнизона как раз проходил пикет <clr>Комитета Защитников и Полузащитников Прав Людей и Других Млекопитающих<clrEnd>. Их основным требованием было увеличить процент <clr>людей<clrEnd> среди офицеров гарнизона. Вы торжественно пообещали собравшимся, что сделаете это сразу после победы на выборах, заслужив тем самым бурную овацию. Однако этим вы сильно обидели офицеров-<clr>малоков<clrEnd>, которые были весьма низкого мнения о боевых качествах всех немалоков. И как вы потом ни восхищались боевой и политической подготовкой бойцов местного гарнизона, сердца краснорожих воинов остались непреклонными."	"Quest Election.qmm: locations.95.texts.3.text. Preserve every <tag> exactly. English reference: There was a picket line in front of the entry control point comprised of the <clr>Human and Other Mammal Rights Backers and Quarter-backers Committee<clrEnd>. Their main demand was that the number of <clr>Humans<clrEnd> among the garrison officers be increased. You solemnly promised them to do exactly what they asked as soon as you become president elect, and were given a standing ovation. But in this you strongly offended the <clr>Maloq<clrEnd> senior officers, who were of a very low opinion of the combat abilities of all non-Maloqs. And no matter how honestly you praised the combat and political training of the local garrison after that, the hearts of those bluebottle-brained warriors remained unaffected."	"Quest,Election"	""
"/quests/Election.qmm/locations/96/texts/0/text"	"Выступая на антивоенном митинге, вы торжественно пообещали в случае своей победы на выборах резко сократить расходы на оборону, а высвобожденные средства переправить на развитие науки, искусства и бизнеса. Похоже, ваше выступление устроило всех, кроме <clr>малоков<clrEnd>."	"Quest Election.qmm: locations.96.texts.0.text. Preserve every <tag> exactly. English reference: Speaking at an antiwar rally, you solemnly promised that in case you win the elections the defence spending will be cut sharply, and the funds saved will be directed for the development of sciences, art and business. You speech was OK with everyone except the <clr>Maloqs<clrEnd>."	"Quest,Election"	"Выступаючы на антываенным мітынгу, вы ўрачыста паабяцалі ў выпадку сваёй перамогі на выбарах рэзка скараціць выдаткі на абарону, а вызваленыя сродкі скіраваць на разьвіцьцё навукі, мастацтва і бізнэсу. Здаецца, ваш выступ задаволіў усіх, апроч <clr>малокаў<clrEnd>."
"/quests/Election.qmm/locations/96/texts/1/text"	"Выступая на антивоенном митинге, вы решительно заявили, что свой космический флот планете <ToPlanet> не нужен. И хотя планета <ToPlanet> никогда и не имела космического флота, ваши слова были отрицательно восприняты <clr>малоками<clrEnd>, мечтавшими геройски погибнуть в битвах с доминаторами, и <clr>фэянами<clrEnd>, для которых строительство флота обещало солидные субсидии на развитие новых военных технологий. Зато <clr>пеленги<clrEnd>, чьим нелегальным торговым операциям флот мог только помешать, теперь вас обязательно поддержат, да и среди <clr>людей<clrEnd> с <clr>гаальцами<clrEnd> пацифистские настроения оказались популярными."	"Quest Election.qmm: locations.96.texts.1.text. Preserve every <tag> exactly. English reference: Speaking at an antiwar rally, you stated that the planet <ToPlanet> does not need its own space fleet. Although the <ToPlanet> planet never maintained its own space fleet, your words were taken negatively by the <clr>Maloqs<clrEnd>, who were dreaming of being killed in action whilst waging war against the Dominators. The <clr>Faes<clrEnd> would have received substantial subsidies for the development of new military technologies if the decision to build the fleet would be made. However the <clr>Pelengs<clrEnd>, whose illegal trade operations would have been definitely disrupted by the new fleet, will surely support you now. Your overall specific approach found popularity among the <clr>Humans<clrEnd> and <clr>Gaals<clrEnd>."	"Quest,Election"	""
"/quests/Election.qmm/locations/96/texts/2/text"	"Вы опоздали на митинг, и не слышали выступления первых ораторов. Поэтому, когда вы пообещали сократить армию на треть, это было воспринято слушателями как ярая милитаристская пропаганда: ведь предыдущие ораторы требовали вообще армию распустить! Видя, что вас начинают освистывать, вы вовремя перестроились и пообещали вложить побольше средств в модернизацию армии и открытие новых военных технологий. Это окончательно возмутило пацифистов-<clr>гаальцев<clrEnd>, но зато принесло вам голоса <clr>фэян<clrEnd>."	"Quest Election.qmm: locations.96.texts.2.text. Preserve every <tag> exactly. English reference: You arrived when the rally had already started and missed the addresses of the first speakers. Therefore, when you promised to cut the army by the third it was taken as an outright militaristic propaganda, for the previous speakers were proposing to dismiss the army altogether! Seeing that you begin to be hissed at, you changed your approach and promised to appropriate more funds for the modernisation of the army and development of new military technologies. This completely outraged the <clr>Gaalian<clrEnd>pacifists, but brought you the votes of the <clr>Faes<clrEnd>."	"Quest,Election"	""
"/quests/Election.qmm/locations/96/texts/3/text"	"Вы имели глупость прибыть на антивоенный митинг в форме рейнджера - и куда смотрели ваши имиджмейкеры?! В результате толпа, подзуживаемая презиравшими вас <clr>гаальскими<clrEnd> пацифистами, стала вас освистывать. Вы так и не смогли толком произнести свою речь! После митинга вы заявили журналистам, что пацифизм хуже пиратства, и всех пацифистов нужно сажать в тюрьму. К сожалению, с таким заявлением могут согласиться лишь <clr>пеленги<clrEnd> и <clr>малоки<clrEnd>"	"Quest Election.qmm: locations.96.texts.3.text. Preserve every <tag> exactly. English reference: You were stupid enough to arrive at an antiwar rally clothed in ranger's clothes. Where your image makers were looking after all?! As a result of this the crowd, goaded by <clr>Gaalian<clrEnd> pacifists that were despising you started to hiss and yell at you. You never managed to produce a coherent speech! The pacifists are worse than pirates, and need to be jailed, all of them, - you told the reporters after the rally. Unfortunately only the <clr>Pelengs <clrEnd> and <clr>Maloqs<clrEnd> could endorse a statement like that."	"Quest,Election"	""
"/quests/Election.qmm/locations/97/texts/0/text"	"Вы посетили хэчбольный матч. Действие на поле вас мало интересовало, но вы сумели мужественно отсидеть на трибуне все 6 раундов. <clr>Людям<clrEnd> и <clr>пеленгам<clrEnd> не могло не понравиться такое уважение к их любимой игре, тогда как остальные расы скорее всего назвали подобную трату времени бездарной."	"Quest Election.qmm: locations.97.texts.0.text. Preserve every <tag> exactly. English reference: You visited a hatch-ball match. The action did not interest you but you fearlessly spent all the 6 rounds at the stands. The <clr>Humans<clrEnd> and <clr>Pelengs<clrEnd> could not fail to notice your respect towards their game, but the other races said that spending one's time like this was ignominious."	"Quest,Election"	"Вы наведалі хэчбольны матч. Дзеяньне на полі вас мала цікавіла, але вы здолелі мужна адсядзець на трыбуне ўсе 6 раўндаў. <clr>Людзям<clrEnd> і <clr>пеленгам<clrEnd> не магло не спадабацца такое паважаньне да іх улюбёнай гульні, тады як астатнія расы хутчэй за ўсё назвалі падобную трату часу бяздарнай."
"/quests/Election.qmm/locations/97/texts/1/text"	"Во время хэчбольного матча человеческой и пеленгской команд вы вдруг вспомнили, что ваш соперник Абу Линкольн Хуссейн - человек. Поэтому вы стали активно болеть за пеленгскую команду, чем вызвали презрение <clr>людей<clrEnd> и симпатию <clr>пеленгов<clrEnd>."	"Quest Election.qmm: locations.97.texts.1.text. Preserve every <tag> exactly. English reference: During a hatch-ball match between the Humans and the Pelengs you suddenly remembered that your rival Abu Linkoln Husseyn is a Human. So you started to actively support the Peleng team, and thus put off the <clr>Humans<clrEnd> and won over the <clr>Pelengs<clrEnd>."	"Quest,Election"	"Падчас хэчбольнага матчу людзкой і пеленгскай камандаў вы раптам успомнілі, што ваш канкурэнт Абу Лінкольн Хусейн — чалавек. Таму вы сталі актыўна балець за пеленгскую каманду, чым выклікалі пагарду <clr>людзей<clrEnd> і сымпатыю <clr>пеленгаў<clrEnd>."
"/quests/Election.qmm/locations/97/texts/2/text"	"Сегодня на стадионе было принципиальнейшее противостояние человеческой и пеленгской команд. Так случилось, что первая из них носила цвета вашей родной планеты! Вас охватил приступ ностальгии, и вы стали активно болеть за <clr>людей<clrEnd>. Что ж, остается надеяться на их взаимность во время голосования, а вот в глазах <clr>пеленгов<clrEnd> вы сильно упали после этого матча."	"Quest Election.qmm: locations.97.texts.2.text. Preserve every <tag> exactly. English reference: Today the stadium saw a principle battle between the Human and the Peleng teams. It so happened that the first of them was wearing the colours of your home planet! You were plunged in nostalgia and started to lively support the <clr>Humans<clrEnd>. Well, now you have to hope that they will repay you when they will be casting their ballots, but your prestige among the <clr>Pelengs<clrEnd> lowered considerably after this match."	"Quest,Election"	""
"/quests/Election.qmm/locations/98/texts/0/text"	"Вас несколько удивило, что большую часть заключенных тюрьмы составляли <clr>люди<clrEnd> и <clr>пеленги<clrEnd>. Так что ваше обещание в случае своего избрания объявить всеобщую амнистию получило поддержку именно этих рас. Однако всех остальных такая перспектива лишь насторожила."	"Quest Election.qmm: locations.98.texts.0.text. Preserve every <tag> exactly. English reference: You were somewhat surprised that the bulk of the jail inmates was comprised of the <clr>Humans<clrEnd> and <clr>Pelengs<clrEnd>. Your promise to announce a presidential clemency if you will be elected was widely supported among the mentioned races. But all the other races were only put on the alert by such a prospect."	"Quest,Election"	"Вас трохі зьдзівіла, што большую частку зьняволеных турмы складалі <clr>людзі<clrEnd> і <clr>пеленгі<clrEnd>. Так што ваша абяцаньне ў выпадку свайго абраньня абвясьціць усеагульную амністыю атрымала падтрымку менавіта гэтых расаў. Аднак усіх астатніх такая пэрспэктыва толькі насьцярожыла."
"/quests/Election.qmm/locations/98/texts/1/text"	"К сожалению, малок - начальник тюрьмы - отказался пустить вас внутрь! Да, не зря социологи предупреждали вас о вашей низкой популярности среди этой расы...

Но вы не остались в долгу - на импровизированном митинге прямо возле ворот тюрьмы вы торжественно пообещали в случае избрания разобраться с коррупцией в пенитенциарной системе. Это заявление не нашло понимания у <clr>малоков<clrEnd> и <clr>пеленгов<clrEnd>, но зато остальные расы остались довольны."	"Quest Election.qmm: locations.98.texts.1.text. Preserve every <tag> exactly. English reference: Unfortunately the prison governor, a Maloq, refused to let you in! Well, public poll analysts were rightly urging you to improve your positions among this race...

You were quick to strike back. At an improvised rally in front of the prison gates you solemnly promised to crack down on the corruption in the penitentiary system as soon as you get elected. This statement was received hostile among the <clr>Maloqs<clrEnd> and <clr>Pelengs<clrEnd>, but the other races were pleased."	"Quest,Election"	""
"/quests/Election.qmm/locations/98/texts/2/text"	"В первой же камере кто-то из заключенных запустил в вас комком вонючей болотной гнили - вот что значит низкая популярность среди пеленгов! После этого инцидента вы решили больше в камеры не заходить, а вместо этого пообщаться с охраной и администрацией. Вы высказали мнение, что режим содержания заключенных должен быть резко усилен, и стали щедро раздавать обещания. Охранникам (в основном <clr>малокам<clrEnd> и <clr>людям<clrEnd>) - повысить зарплату, а инженерам-<clr>фэянам<clrEnd> - дать деньги на модернизацию замков и сигнализации. И лишь <clr>пеленгские<clrEnd> заключенные и <clr>гаальские<clrEnd> правозащитники не нашли в ваших обещаниях ничего хорошего."	"Quest Election.qmm: locations.98.texts.2.text. Preserve every <tag> exactly. English reference: Someone from the first cells threw a lump of stingy swamp mud at you - that's what means a low popularity among the Pelengs! You decided to see no more cells after this incident, but speak to the guard and administration instead. You voiced an opinion that the imprisonment regime must be stiffened and started to give out lavish promises. The guards (mainly <clr>Maloqs<clrEnd> and <clr>Pelengs<clrEnd>) - will receive a greater pay, the <clr>Faeyan<clrEnd> engineers will receive funds for the modernisation of locks and alarm. Only the <clr>Peleng<clrEnd> prisoners and <clr>Gaalian<clrEnd> right activists found nothing pleasant in your promises."	"Quest,Election"	""
"/quests/Election.qmm/locations/98/texts/3/text"	"Сегодня вы посетили ту часть тюрьмы, где содержались политические заключенные - в основном, <clr>люди<clrEnd> и <clr>гаальцы<clrEnd>. Вы пообещали им в случае своего избрания либерализировать законы и улучшить условия содержания в тюрьмах. Это пришлось по вкусу всем, кроме охранников-<clr>малоков<clrEnd>, которые слушали вас с нескрываемым отвращением."	"Quest Election.qmm: locations.98.texts.3.text. Preserve every <tag> exactly. English reference: Today you visited that part of the prison where the state prisoners were confined - mainly <clr>Humans<clrEnd> and <clr>Gaals<clrEnd>. You promised to liberalise the laws and improve imprisonment conditions. This was applauded by everyone, except the <clr>Maloq<clrEnd> guards, who were listening to you with open disgust."	"Quest,Election"	""
"/quests/Election.qmm/locations/99/texts/0/text"	"Вы долго бродили по выставочным залам, выражая свое восхищение гаальскими иике-баанами, в которых вы не смыслили ни уха, ни рыла. Это очень понравилось <clr>гаальцам<clrEnd>, да и <clr>люди<clrEnd> - организаторы выставки - были рады бесплатной рекламе. А вот <clr>малоки<clrEnd>-охранники смотрели на вас с явным презрением - ну не любят эти мощные краснорожие парни абстрактного искусства, что с них возьмешь?!"	"Quest Election.qmm: locations.99.texts.0.text. Preserve every <tag> exactly. English reference: You spent some time wandering about the exhibition halls, expressing your delight concerning the Gaalian iike-baanas, in which you did not understand a thing. This was acclaimed by the <clr>Gaals<clrEnd>. The <clr>Humans<clrEnd> - exhibition sponsors - were very glad with free publicity. But the <clr>Maloq<clrEnd> guards were fully despising you, - well, those tough guys just cannot comprehend abstract art - what can be done?!"	"Quest,Election"	""
"/quests/Election.qmm/locations/99/texts/1/text"	"Гуляя по выставочным залам, вы так бурно выражали свое восхищение иике-баанами, что нечаянно задели и уронили на пол одну из них. Это немного испортило эффект от ваших слов, хотя <clr>гаальцы<clrEnd> в общем-то не злопамятны и умеют прощать. А вот <clr>люди<clrEnd> - устроители выставки - были весьма недовольны, так как им теперь придется выплачивать солидную компенсацию автору сломанной работы. Зато <clr>малоки<clrEnd>-охранники улыбались во всю ширь своих тупых рож - благодаря вам в их скучнейшем дежурстве возникло хоть какое-то развлечение!"	"Quest Election.qmm: locations.99.texts.1.text. Preserve every <tag> exactly. English reference: Walking around the exhibition halls, you were so vividly expressing your admiration towards the iike-baanas, that you subconsciously touched one and broke it down. This somehow poisoned the effect of your speech, although the <clr>Gaals<clrEnd> were not vindictive and were apt to forgive. But the <clr>Humans<clrEnd> - the exhibition sponsors - were very disappointed, because now they had to pay substantial compensation to the author of the broken piece. And the <clr>Maloq<clrEnd> guards were smiling as wide as their stupid faces allowed - you were the cause of their entertainment during on-duty hours that would be a dreadful boredom otherwise!"	"Quest,Election"	""
"/quests/Election.qmm/locations/99/texts/2/text"	"Во время экскурсии по залу вы вдруг так расчувствовались, что пообещали в случае победы на выборах сделать искусство составления иике-баан обязательным предметом школьной программы. <clr>Гаальцы<clrEnd> и <clr>люди<clrEnd> были в восторге от такого решения, но вот <clr>малоки<clrEnd> пришли в ярость, да и <clr>пеленгов<clrEnd> с <clr>фэянами<clrEnd> отнюдь не обрадовала идея грузить детей подобной ерундой."	"Quest Election.qmm: locations.99.texts.2.text. Preserve every <tag> exactly. English reference: During the tour around the hall you became so lyrical that promised to make the art of making iike-baanas a mandatory part of school program in case you are elected. <clr>Gaals<clrEnd> and <clr>Humans<clrEnd> were filled with admiration because of this, but the <clr>Maloqs<clrEnd> were enraged, and the <clr>Pelengs<clrEnd> with the <clr>Faes<clrEnd> were not so happy with the idea to burden their children with a nonsense like that."	"Quest,Election"	""
"/quests/Election.qmm/locations/100/texts/0/text"	"Вы решили расслабиться и посетили местный парк сказочных аттракционов. Весь вечер вы веселились как ребенок: катались на каруселях, бродили по зазеркалью, купались в волшебном пруду и даже поучаствовали в аукционе, приобретя себе в коллекцию зуб Змея-Горыныча и помело Бабы Яги...

В этот же день в газетах появились подробные репортажи про ваши развлечения. В целом, <clr>люди, пеленги<clrEnd> и <clr>гаальцы<clrEnd> положительно оценили ваше умение развлекаться, тогда как <clr>фэян<clrEnd> и <clr>малоков<clrEnd> возмутила столь бездарная трата времени."	"Quest Election.qmm: locations.100.texts.0.text. Preserve every <tag> exactly. English reference: You decided to relax and visited a local fairy-tale amusement park. You were getting fun as a child the whole night: riding on the merry-go-round, wandering in the wonderland, swimming in the magic pool, you even took part in an auction, purchasing a firedrake's tooth and an old witch's broom for your collection of trifles... 

The newspapers this day published detailed reports about your entertainment acts. In general, the <clr>Humans, Pelengs<clrEnd> and <clr>Gaals<clrEnd> evaluated your ability to have fun as positive, but the <clr>Faes<clrEnd> and <clr>Maloqs<clrEnd> were enraged by such a valueless and unproductive time spending."	"Quest,Election"	""
"/quests/Election.qmm/locations/100/texts/1/text"	"Вы решили расслабиться и посетили местный парк сказочных аттракционов. Но просто бродить по аллеям и кататься на каруселях вам быстро надоело. Неожиданно вам пришла в голову отличная мысль, как можно повысить свой рейтинг среди <clr>малоков<clrEnd>! 

Через пять минут вы уже стояли с мечом в руке против трехглавого Змея-Горыныча в гладиаторском поединке. Поначалу вы ловко уворачивались от его огнедышащих голов, и даже исхитрились срубить одну из них. Однако затем Змей-Горыныч так ловко ударил вас хвостом, что вы упали на землю. Сказочное чудовище вполне могло бы раздавить вас своей тушей на потеху зрителям, но ваш телохранитель успел испепелить его из бластера.

В прессе еще долго муссировался ваш поступок. Владельцы парка - <clr>пеленги<clrEnd> - возмущались порчей дорогостоящего имущества и требовали возместить ущерб. <clr>Фэяне<clrEnd> и <clr>гаальцы<clrEnd> также не одобряли бессмысленного риска с вашей стороны. Но ваша главная задача была выполнена - <clr>людям<clrEnd> и, особенно, <clr>малокам<clrEnd> ваша смелая и бесшабашная выходка пришлась вполне по душе!"	"Quest Election.qmm: locations.100.texts.1.text. Preserve every <tag> exactly. English reference: You decided to relax and visited a local fairy-tale amusement park. But soon you got sick and tired of just walking around the tree-lined paths and of riding on the merry-go-rounds. Suddenly you conceived of an idea how to improve your rating among the <clr>Maloqs<clrEnd>! 

Within five minutes you were standing with a sword in hand aiming it at a triple-headed firedrake in a kind of gladiator fight. You were able to duck from its fire-throwing heads at first, and even manages to hack down one of them. But after this, the firedrake craftily hit you with its tail and you fell on the ground. Fairy-tale monster could have crushed you with its carcass, but your bodyguard was quick enough to shoot it down from a blaster.

The press was commenting on your actions for quite a time after the event. The <clr>Pelengs<clrEnd> - the owners of the park - were enraged by the spoilage of big dollar property and demanded to reimburse the damage. The <clr>Faes <clrEnd> and <clr>Gaals<clrEnd> were also disapproving of your purposeless risk. But you accomplished your task - the <clr>Humans<clrEnd> and, especially, the <clr>Maloqs<clrEnd> liked your audacious and reckless vagary to the bottom of their hearts!"	"Quest,Election"	""
"/quests/Election.qmm/locations/100/texts/2/text"	"Гуляя по парку сказочных аттракционов, вы решили совместить приятное с полезным и поднять между делом свой рейтинг среди <clr>фэян<clrEnd> и <clr>гаальцев<clrEnd>. Для этого вы пошли в секцию аттракционов для умных и весь вечер отгадывали загадки Василисы Премудрой и Калистрата Мудрило. Вам не удалось выиграть главный приз, но ведь для избирателя важна не победа, а участие! И точно, <clr>фэянам<clrEnd> и <clr>гаальцам<clrEnd> ваша тяга к знаниям пришлась по вкусу, тогда как <clr>люди, пеленги<clrEnd> и <clr>малоки<clrEnd> явно предпочитают иные способы развлечения."	"Quest Election.qmm: locations.100.texts.2.text. Preserve every <tag> exactly. English reference: Walking around the fairy-tale amusement park, you decided to mix business with pleasure and improve your rating among the <clr>Faes<clrEnd> and <clr>Gaals<clrEnd>. In order to do so you visited the wise-persons amusement section and spent the whole night answering the Riddles of the Sphynx and Calistrate Wiseast. You failed to gain the main prize, but the elector's value and not the victory, but the participation! Right, the <clr>Faes <clrEnd> and <clr>Gaals<clrEnd> were impressed by your quest for knowledge, although <clr>Humans, Pelengs<clrEnd> and <clr>Maloqs<clrEnd> seemed to be preferring other kinds of entertainment."	"Quest,Election"	""
"/quests/Election.qmm/locations/101/texts/0/text"	"Сотрудники весь вечер водили вас по ксенопарку. Рассматривая разных животных, вы бурно выражали свое восхищение. При этом, правда, вы перепутали жвырклаца с глинобрюхом, а пенчекряка со сварококом, что вызвало откровенный смех студентов-<clr>фэян<clrEnd>, проводивших в ксенопарке какие-то научные наблюдения. Зато круглая сумма из фондов планеты <FromPlanet>, пожертвованная вами на развитие ксенопарка, должна принести вам немало голосов <clr>пеленгов<clrEnd>."	"Quest Election.qmm: locations.101.texts.0.text. Preserve every <tag> exactly. English reference: The officers spent the whole night introducing you to the xenopark. Looking at the animals of all types you were vividly expressing your admiration. In doing so you took a veterbratosaur for an anemonobrate, and a ducklapus for a quackadile, which caused a good deal of laugh on the part of the <clr>Faeyan<clrEnd> students who happened to be in the park making some naturalistic work there. But a good round sum from planet <FromPlanet>'s funds, that you donated for the development of the xenopark, will surely bring you a lot of <clr>Peleng<clrEnd> votes."	"Quest,Election"	""
"/quests/Election.qmm/locations/101/texts/1/text"	"Возле ксенопарка с вами произошел неприятный инцидент - пикетчики из организации по защите прав животных (в основном - <clr>гаальцы<clrEnd> и <clr>люди<clrEnd>) забросали вас тухлыми помидорами! В отместку вы заявили журналистам, что, став президентом, будете и впредь развивать систему ксенопарков, а также разрешите ученым ставить опыты на животных. После такого заявления вам можно не опасаться за голоса <clr>пеленгов<clrEnd> и <clr>фэян<clrEnd>."	"Quest Election.qmm: locations.101.texts.1.text. Preserve every <tag> exactly. English reference: An unpleasant incident occurred in front of the xenopark - picketers from Animal Rights Organisation (mainly - <clr>Gaals<clrEnd> and <clr>Humans<clrEnd>) pelted you with rotten tomatoes! In return you made a statement in the press that when you become president you will develop the network of the xenoparks further and will allow the scientists to experiment on animals. After such a statement you can count that the votes of the <clr>Pelengs <clrEnd> and <clr>Faes<clrEnd> are yours."	"Quest,Election"	""
"/quests/Election.qmm/locations/101/texts/2/text"	"Вы не очень-то популярны среди <clr>пеленгов<clrEnd>, владельцев ксенопарка, так что и особого сервиса при посещении ксенопарка вам не было предоставлено. Это не могло не отразиться на вашем настроении, и после прогулки вы сказали журналистам, что условия содержания животных кажутся вам неудовлетворительными. Это понравилось <clr>гаальцам<clrEnd> и <clr>людям<clrEnd> - известным защитникам прав животных - но вряд ли кому-нибудь еще. И даже круглая сумма, пожертвованная вами на улучшение содержания животных, не особо смягчила зеленые сердца владельцев ксенопарка."	"Quest Election.qmm: locations.101.texts.2.text. Preserve every <tag> exactly. English reference: You were not so popular among the <clr>Pelengs<clrEnd>, owners of the xenopark, therefore they did not provide any special service during your visit to the park. This had its imprint on your mood, and after the walk around the park you told the reporters that you find the conditions in which the animals are kept to be very poor. The <clr>Gaals<clrEnd> and <clr>Humans<clrEnd> - renowned animal rights activists - liked statement, but any of the other races definitely no. And even a round amount that you donated for the keeping of the animals, did not alleviate the green hearts of the xenopark owners."	"Quest,Election"	""
"/quests/Election.qmm/locations/102/texts/0/text"	"- Забавно, мы набрали поровну голосов! - воскликнули вы. - Это что, мы оба выиграли?

- Нет! - сказал Замо Чу, быстренько отодвигаясь от вас. - Вы оба проиграли!

И действительно, советники Абу Линкольна Хуссейна столь же быстро отходили от него, как ваши - от вас. Охранники схватили вас обоих, поставили рядом к стенке и расстреляли из бластера в полном соответствии с демократическими традициями планеты <ToPlanet>..."	"Quest Election.qmm: locations.102.texts.0.text. Preserve every <tag> exactly. English reference: - Cool, we have equal votes! - you exclaimed. - Does this mean that we both won?

- No! - Kill Young answered, trying to get away from you ASAP. - This means that you both lost!

And really, Abu Linkoln Husseyn's advisors were getting away from him as quick as yours from you. The guards took you both, placed together to the wall and shot from a blaster - in full compliance with democratic traditions of planet <ToPlanet>..."	"Quest,Election"	""
"/quests/Election.qmm/locations/103/texts/0/text"	"- Да что тут рассказывать? - удивился Замо Чу. - <ToPlanet> представляет из себя типичную захолустную планетку, которая пыжится изобразить из себя нечто высокоразвитое. Правда, официально их так никто и не признал, и во всех справочниках планета <ToPlanet> указывается как незаселённая.  Когда-то сюда ссылались преступные элементы всех рас Галактики, но с тех пор прошло уже много времени, и народ здесь более или менее окультурился. Население тут сравнительно небольшое - {[p2]+[p3]+[p4]+[p5]+[p6]} тыс. - но зато представительство разных рас практически равномерное, что совершенно не характерно для любой другой населённой планеты Галактики. Народ здесь политически активный, на выборы ходит <clr>не менее 90%<clrEnd> избирателей. Социальные группы такие же как и везде, хотя в основном каждая раса старается заниматься более привычными ей видами деятельности... Надеюсь, я достаточно подробно ответил на ваш вопрос?"	"Quest Election.qmm: locations.103.texts.0.text. Preserve every <tag> exactly. English reference: - Well, what is there to say?, Kill Young said surprisedly. <ToPlanet> is a typical marginal little planet that tries hard to make a name for itself. To be honest, it's not officially acknowledged by other planets yet, and all their reference books list <ToPlanet> as uninhabited. At some point in history, it was the place where all the criminals of all races of the Galaxy were deported, but a long time passed since then, and people here became cultured. The local population is small comparing to other planets at only {[p2]+[p3]+[p4]+[p5]+[p6]} K. However, the races are almost all evenly represented, which is unique compared to other planets in the galaxy. The public here is politically active, <clr>no less than 90%<clrEnd> of the electorate participate in the vote. The social groups are the same as elsewhere, although each race has their own occupations which they are accustomed to... I hope that answers your question?"	"Quest,Election"	""
"/quests/Election.qmm/jumps/0/text"	"Пойти в Избирком наблюдать за подсчетом голосов"	"Quest Election.qmm: jumps.0.text. Preserve every <tag> exactly. English reference: Go to the electoral committee and see how the vote count is done"	"Quest,Election"	"Пайсьці ў выбаркам назіраць за падлікам галасоў"
"/quests/Election.qmm/jumps/8/text"	"Ждать еще час"	"Quest Election.qmm: jumps.8.text. Preserve every <tag> exactly. English reference: Wait another hour"	"Quest,Election"	"Чакаць яшчэ гадзіну"
"/quests/Election.qmm/jumps/9/text"	"Увы, но мы проиграли..."	"Quest Election.qmm: jumps.9.text. Preserve every <tag> exactly. English reference: Alas, we lost..."	"Quest,Election"	"На жаль, але мы прайгралі..."
"/quests/Election.qmm/jumps/10/text"	"Мы победили!!!"	"Quest Election.qmm: jumps.10.text. Preserve every <tag> exactly. English reference: We won!!!"	"Quest,Election"	"Мы перамаглі!!!"
"/quests/Election.qmm/jumps/12/text"	"Узнать прогноз"	"Quest Election.qmm: jumps.12.text. Preserve every <tag> exactly. English reference: Hear the forecast"	"Quest,Election"	"Даведацца прагноз"
"/quests/Election.qmm/jumps/13/text"	"Далее"	"Quest Election.qmm: jumps.13.text. Preserve every <tag> exactly. English reference: Further"	"Quest,Election"	"Далей"
"/quests/Election.qmm/jumps/14/text"	"Смотреть стереовизор"	"Quest Election.qmm: jumps.14.text. Preserve every <tag> exactly. English reference: Watch stereovision system"	"Quest,Election"	"Глядзець стэрэавізар"
"/quests/Election.qmm/jumps/15/text"	"Лечь спать"	"Quest Election.qmm: jumps.15.text. Preserve every <tag> exactly. English reference: Go to bed"	"Quest,Election"	"Легчы спаць"
"/quests/Election.qmm/jumps/16/description"	"Сегодня парламент планеты <ToPlanet> издал указ о допуске на избирательные участки всех <clr>пеленгов<clrEnd>, сосланных на планету <ToPlanet> с других планет за торговлю наркотиками. В результате число избирателей-пеленгов увеличилось на [p23] тыс."	"Quest Election.qmm: jumps.16.description. Preserve every <tag> exactly. English reference: Today, the parliament of the <ToPlanet> planet has issued a decree on providing access to the polling stations for all the <clr>Pelengs<clrEnd>, that were deported to the <ToPlanet> planet from other planets for drug trafficking. The number of Peleng voters increased by [p23] thou. as a result"	"Quest,Election"	"Сёньня парлямэнт плянэты <ToPlanet> выдаў указ пра допуск на выбарчыя ўчасткі ўсіх <clr>пеленгаў<clrEnd>, сасланых на плянэту <ToPlanet> зь іншых плянэтаў за гандаль наркотыкамі. У выніку колькасьць выбаршчыкаў-пеленгаў павялічылася на [p23] тыс."
"/quests/Election.qmm/jumps/17/description"	"Сегодня гаальские правозащитники добились возвращения <clr>малокским<clrEnd> диссидентам и пацифистам избирательного права. Число избирателей-малоков стало больше на [p23] тыс."	"Quest Election.qmm: jumps.17.description. Preserve every <tag> exactly. English reference: Today, Gaalian rights activists achieved the recovery of electoral right for the <clr>Maloq<clrEnd> dissidents and pacifists. The number of Maloq voters increased by [p23] thou."	"Quest,Election"	"Сёньня гаальскія праваабаронцы дамагліся вяртаньня <clr>малокскім<clrEnd> дысыдэнтам і пацыфістам выбарчага права. Колькасьць выбаршчыкаў-малокаў стала большая на [p23] тыс."
"/quests/Election.qmm/jumps/18/description"	"Сегодня парламент планеты <ToPlanet> издал указ о снижении избирательного возрастного ценза для <clr>фэян<clrEnd> до {[22..28]} лет. Число избирателей-фэян, таким образом, увеличилось на [p23] тыс."	"Quest Election.qmm: jumps.18.description. Preserve every <tag> exactly. English reference: Today, the parliament of the <ToPlanet> plant issued a decree on the lowering of the electoral age qualification limit for the <clr>Faes<clrEnd> to {[22..28]} years. The number of Faeyan voters increased by [p23] thou."	"Quest,Election"	"Сёньня парлямэнт плянэты <ToPlanet> выдаў указ пра зьніжэньне выбарчага ўзроставага цэнзу для <clr>фэянаў<clrEnd> да {[22..28]} гадоў. Колькасьць выбаршчыкаў-фэянаў, такім чынам, павялічылася на [p23] тыс."
"/quests/Election.qmm/jumps/19/description"	"Сегодня комитет фэянской этики парламента планеты <ToPlanet> настоял на лишении <clr>фэян<clrEnd>, хоть раз пробовавших алкоголь или наркотики, избирательного права. Таким образом, [p23] тыс. фэян не смогут прийти на избирательные участки."	"Quest Election.qmm: jumps.19.description. Preserve every <tag> exactly. English reference: Today Faeyan Ethics Committee of the <ToPlanet>'s parliament insisted that the <clr>Faes<clrEnd>, who tasted alcohol or drugs be deprived of the right to vote. Thus a total of [p23] thou. Faes will not be allowed to vote."	"Quest,Election"	"Сёньня камітэт фэянскай этыкі парлямэнту плянэты <ToPlanet> настаяў на пазбаўленьні <clr>фэянаў<clrEnd>, што хоць раз спрабавалі алькаголь ці наркотыкі, выбарчага права. Такім чынам, [p23] тыс. фэянаў ня змогуць прыйсьці на выбарчыя ўчасткі."
"/quests/Election.qmm/jumps/20/description"	"Сегодня Комитет Защитников и Полузащитников Прав Людей и Других Млекопитающих добился предоставления избирательного права всем <clr>людям<clrEnd>, находящимся в тюремном заключении, что увеличило число избирателей-людей на [p23] тыс."	"Quest Election.qmm: jumps.20.description. Preserve every <tag> exactly. English reference: Today the Human and other Mammal Rights Backers and Quarter-backers Committee succeeded in providing the right to vote for all the imprisoned <clr>Humans<clrEnd>, thus increasing the number of Human voters by [p23] thou."	"Quest,Election"	"Сёньня Камітэт Абаронцаў і Паўабаронцаў Правоў Людзей і Іншых Сысуноў дамогся наданьня выбарчага права ўсім <clr>людзям<clrEnd>, што сядзяць у турэмным зьняволеньні, і гэта павялічыла колькасьць выбаршчыкаў-людзей на [p23] тыс."
"/quests/Election.qmm/jumps/23/description"	"Сегодня правительство планеты <ToPlanet> предоставило гражданство всем <clr>гаальским<clrEnd> беженцам, прилетевшим на планету за последний год. Теперь к избирательным урнам придет на [p23] тыс. гаальцев больше."	"Quest Election.qmm: jumps.23.description. Preserve every <tag> exactly. English reference: Today the government of the <ToPlanet> planet provided Green Card for all the <clr>Gaalian<clrEnd> fugitives, that arrived to the planet during the past year. Now extra [p23] thou. Gaals will be able to come to the polling stations."	"Quest,Election"	"Сёньня ўрад плянэты <ToPlanet> даў грамадзянства ўсім <clr>гаальскім<clrEnd> уцекачам, што прыляцелі на плянэту за апошні год. Цяпер да выбарчых урнаў прыйдзе на [p23] тыс. гаальцаў больш."
"/quests/Election.qmm/jumps/24/description"	"Сегодня радикальное крыло малокской фракции парламента планеты <ToPlanet> провело закон о запрещении участия в выборах всех <clr>малоков<clrEnd>, отслуживших в армии менее {[3..7]} лет. Число избирателей-малоков сразу уменьшилось на [p23] тыс."	"Quest Election.qmm: jumps.24.description. Preserve every <tag> exactly. English reference: Today, the radical wing of the Maloq faction of the <ToPlanet> planet enacted a law that prohibits voting for any of the <clr>Maloqs<clrEnd>, who served less than {[3..7]} years in the army. The number of Maloq voters sharply decreased by [p23] thou."	"Quest,Election"	"Сёньня радыкальнае крыло малокскай фракцыі парлямэнту плянэты <ToPlanet> правяло закон пра забарону ўдзелу ў выбарах усіх <clr>малокаў<clrEnd>, што адслужылі ў войску менш за {[3..7]} гадоў. Колькасьць выбаршчыкаў-малокаў адразу паменшылася на [p23] тыс."
"/quests/Election.qmm/jumps/25/description"	"Сегодня пеленгское наркоторговое лобби в парламенте планеты <ToPlanet> потребовало лишить избирательного права всех <clr>пеленгов<clrEnd>, которые ни разу не сидели в тюрьме. После недолгих прений это требование было выполнено, так что число пеленгских избирателей сократилось на [p23] тыс."	"Quest Election.qmm: jumps.25.description. Preserve every <tag> exactly. English reference: Today the Peleng drug dealers lobby in the <ToPlanet>'s parliament demanded that the <clr>Pelengs<clrEnd> who spent no time in prison, be deprived of the right to vote. After short debates, the demand was satisfied, and the number of Peleng votes reduced by [p23] thou."	"Quest,Election"	"Сёньня пеленгскае лобі гандляроў наркотыкамі ў парлямэнце плянэты <ToPlanet> запатрабавала пазбавіць выбарчага права ўсіх <clr>пеленгаў<clrEnd>, якія ні разу не сядзелі ў турме. Пасьля нядоўгіх спрэчак гэтае патрабаваньне было выкананае, так што колькасьць пеленгскіх выбаршчыкаў скарацілася на [p23] тыс."
"/quests/Election.qmm/jumps/26/description"	"По решению комитета защиты детства парламента планеты <ToPlanet>, <clr>люди<clrEnd> будут допускаться на избирательные участки лишь с {[14..16]} лет, а не с {[9..11]}, как было раньше. Это сразу уменьшило число избирателей-людей на [p23] тыс."	"Quest Election.qmm: jumps.26.description. Preserve every <tag> exactly. English reference: According to the decision of the Children Protection Committee of the <ToPlanet> parliament, the <clr>Humans<clrEnd> will be allowed to vote only when they turn {[14..16]}, and not {[9..11]}, as it used to be. This decreased the number of Human voters by [p23] thou."	"Quest,Election"	"Паводле рашэньня камітэту абароны дзяцінства парлямэнту плянэты <ToPlanet>, <clr>людзі<clrEnd> будуць дапускацца на выбарчыя ўчасткі толькі з {[14..16]} гадоў, а не з {[9..11]}, як было раней. Гэта адразу паменшыла колькасьць выбаршчыкаў-людзей на [p23] тыс."
"/quests/Election.qmm/jumps/27/description"	"Сегодня пеленгская, человеческая и малокская фракции парламента планеты <ToPlanet> настояли на лишении <clr>гаальцев<clrEnd> старше {10*[15..20]} лет избирательного права, мотивировав свое требование тем, что представители их рас так долго не живут. Число избирателей-гаальцев, таким образом, сократилось на [p23] тыс."	"Quest Election.qmm: jumps.27.description. Preserve every <tag> exactly. English reference: Today the Peleng, Human and Maloq factions of the <ToPlanet>'s parliament insisted that the <clr>Gaals<clrEnd> who are older than {10*[15..20]} years be deprived of the right to vote, providing such reasons that the members of their own races do not live that long. The number of Gaalian voters thus reduced by [p23] thou."	"Quest,Election"	"Сёньня пеленгская, людзкая і малокская фракцыі парлямэнту плянэты <ToPlanet> настаялі на пазбаўленьні <clr>гаальцаў<clrEnd> старэйшых за {10*[15..20]} гадоў выбарчага права, матывуючы сваё патрабаваньне тым, што прадстаўнікі іхніх расаў так доўга не жывуць. Колькасьць выбаршчыкаў-гаальцаў, такім чынам, скарацілася на [p23] тыс."
"/quests/Election.qmm/jumps/28/text"	"Странно, что на такое хлебное место претендует только два кандидата. В чем тут подвох?"	"Quest Election.qmm: jumps.28.text. Preserve every <tag> exactly. English reference: Strange that such a warm post is claimed by only two candidates. What's wrong?"	"Quest,Election"	"Дзіўна, што на такое хлебнае месца прэтэндуе толькі два кандыдаты. У чым тут падвох?"
"/quests/Election.qmm/jumps/29/text"	"Что-о?! Меня убьют в случае поражения? Я немедленно улетаю отсюда!!!"	"Quest Election.qmm: jumps.29.text. Preserve every <tag> exactly. English reference: What?! If I lose, I will be killed? I'm getting out of here immediately!!!"	"Quest,Election"	"Што-о?! Мяне заб'юць у выпадку паразы? Я неадкладна адлятаю адсюль!!!"
"/quests/Election.qmm/jumps/30/text"	"Конечно! До завтра, ребята, мне пора спать!"	"Quest Election.qmm: jumps.30.text. Preserve every <tag> exactly. English reference: OK! Good bye, folks, I need to have some sleep!"	"Quest,Election"	"Вядома! Да заўтра, хлопцы, мне пара спаць!"
"/quests/Election.qmm/jumps/31/text"	"Ладно, ребята, до завтра, мне пора спать!"	"Quest Election.qmm: jumps.31.text. Preserve every <tag> exactly. English reference: Ok, guys, see you all tomorrow, it's time for me to sleep!"	"Quest,Election"	"Добра, хлопцы, да заўтра, мне пара спаць!"
"/quests/Election.qmm/jumps/32/text"	"Приступить к работе"	"Quest Election.qmm: jumps.32.text. Preserve every <tag> exactly. English reference: Start work"	"Quest,Election"	"Прыступіць да працы"
"/quests/Election.qmm/jumps/33/text"	"Сматываться, пока не поздно!!!"	"Quest Election.qmm: jumps.33.text. Preserve every <tag> exactly. English reference: Scram before it's not to late!!!"	"Quest,Election"	"Змывацца, пакуль не позна!!!"
"/quests/Election.qmm/jumps/34/text"	"Конечно, я подпишу, как договаривались!"	"Quest Election.qmm: jumps.34.text. Preserve every <tag> exactly. English reference: Ok, I'll sign it, as we agreed!"	"Quest,Election"	"Вядома, я падпішу, як дамаўляліся!"
"/quests/Election.qmm/jumps/35/text"	"Ха!!! Нашли дурака! Я буду теперь сам править планетой <ToPlanet>!"	"Quest Election.qmm: jumps.35.text. Preserve every <tag> exactly. English reference: Ha!!! You think I am a moron?! Now I will rule planet <ToPlanet> on my own!."	"Quest,Election"	"Ха!!! Знайшлі дурня! Я цяпер сам буду кіраваць плянэтай <ToPlanet>!"
"/quests/Election.qmm/jumps/36/text"	"Поработать с документами до обеда"	"Quest Election.qmm: jumps.36.text. Preserve every <tag> exactly. English reference: Work with documents until lunch"	"Quest,Election"	"Папрацаваць з дакумэнтамі да абеду"
"/quests/Election.qmm/jumps/37/text"	"Поработать с документами"	"Quest Election.qmm: jumps.37.text. Preserve every <tag> exactly. English reference: Document work"	"Quest,Election"	"Папрацаваць з дакумэнтамі"
"/quests/Election.qmm/jumps/38/text"	"Есть ли у вас вопросы?"	"Quest Election.qmm: jumps.38.text. Preserve every <tag> exactly. English reference: Any questions?"	"Quest,Election"	"Ці ёсьць у вас пытаньні?"
"/quests/Election.qmm/jumps/40/text"	"В наше трудное время каждый сознательный гражданин Галактики просто обязан отдать свою жизнь во имя предотвращения доминаторской угрозы!"	"Quest Election.qmm: jumps.40.text. Preserve every <tag> exactly. English reference: In time of trouble all reasonable citizens of the Galaxy must lay their lives in preventing the Dominators' threat!"	"Quest,Election"	"У наш цяжкі час кожны сьвядомы грамадзянін Галяктыкі проста абавязаны аддаць сваё жыцьцё дзеля прадухіленьня пагрозы дамінатараў!"
"/quests/Election.qmm/jumps/40/description"	"- Он действительно такой идиот или только прикидывается? - недоуменно спросил <clr>пеленгский<clrEnd> журналист у своего коллеги <clr>человека<clrEnd>.

- Чего только не сделаешь ради президентского кресла... - философски ответил тот. 

Ваша патриотическая риторика нисколько их не убедила. Впрочем, не столь искушенным в политических интригах журналистам других рас она пришлась вполне по вкусу."	"Quest Election.qmm: jumps.40.description. Preserve every <tag> exactly. English reference: - Is he really such an idiot or just looks like it? - a baffled <clr>Peleng<clrEnd> journalist asked his <clr>Human<clrEnd> colleague.

- Well, one will go through many things to reach presidential chair... - the latter answered rather philosophically.  

Your patriotic rhetoric produced no effect. But the journalists of other races who are no so sophisticated in political intrigues liked it well enough at least."	"Quest,Election"	"— Ён сапраўды такі ідыёт ці толькі прыкідваецца? — недаўменна спытаў <clr>пеленгскі<clrEnd> журналіст у свайго калегі <clr>чалавека<clrEnd>.

— Чаго толькі не зробіш дзеля прэзыдэнцкага крэсла... — філязофску адказаў той. 

Ваша патрыятычная рыторыка ніколькі іх не пераканала. Зрэшты, ня гэтак дасьведчаным у палітычных інтрыгах журналістам іншых расаў яна цалкам прыйшлася да спадобы."
"/quests/Election.qmm/jumps/41/text"	"Когда летишь в бездонной черноте космоса, утыканной сиянием далеких звезд, в свете протуберанцев может открыться истина - это и есть вечность!"	"Quest Election.qmm: jumps.41.text. Preserve every <tag> exactly. English reference: When you are flying in a bottomless blackness of the space, which is packed with the light of faraway stars, the truth can be revealed to you in the light of prominence - this is the eternity!"	"Quest,Election"	"Калі ляціш у бяздоннай цемры космасу, усеянай зьзяньнем далёкіх зорак, у сьвятле пратубэранцаў можа адкрыцца ісьціна — гэта і ёсьць вечнасьць!"
"/quests/Election.qmm/jumps/41/description"	"- Интересно, где он берет такую траву? - восторженно пробормотал <clr>пеленгский<clrEnd> журналист. Остальные пребывали от вашего ответа в полнейшем трансе."	"Quest Election.qmm: jumps.41.description. Preserve every <tag> exactly. English reference: - I wonder, where does he get such dope? - a <clr>Peleng<clrEnd> journalist murmured in admiration. Others were in a state of complete trans after your response."	"Quest,Election"	"— Цікава, дзе ён бярэ такую траву? — у захапленьні прамармытаў <clr>пеленгскі<clrEnd> журналіст. Астатнія ад вашага адказу былі ў поўным трансе."
"/quests/Election.qmm/jumps/43/description"	"Сегодня на встрече с местными воротилами наркоторговли Абу Линкольн Хуссейн пообещал, что в случае избрания его президентом, он разрешит продажу наркотиков в школах. Это скандальное заявление шокировало избирателей всех рас кроме <clr>пеленгов<clrEnd>, которые объявили Абу Линкольна Хуссейна героем пеленгской расы."	"Quest Election.qmm: jumps.43.description. Preserve every <tag> exactly. English reference: Today at the meeting with the local drag trafficking tycoons Abu Linkoln Husseyn promised that in case he is elected president he will legalise drugs for sale in schools. This scandalous statement shocked the voters of all races but the <clr>Pelengs<clrEnd>, who proclaimed Abu Linkoln Husseyn to be a hero of the Peleng race."	"Quest,Election"	"Сёньня на сустрэчы з мясцовымі тузамі гандлю наркотыкамі Абу Лінкольн Хусейн паабяцаў, што калі яго абяруць прэзыдэнтам, ён дазволіць продаж наркотыкаў у школах. Гэтая скандальная заява шакавала выбаршчыкаў усіх расаў, апроч <clr>пеленгаў<clrEnd>, якія абвясьцілі Абу Лінкольна Хусейна героем пеленгскай расы."
"/quests/Election.qmm/jumps/44/text"	"Лечь спать"	"Quest Election.qmm: jumps.44.text. Preserve every <tag> exactly. English reference: Go to bed"	"Quest,Election"	"Легчы спаць"
"/quests/Election.qmm/jumps/45/description"	"Сегодня на своей пресс-конференции Абу Линкольн Хуссейн признался, что считает <clr>малоков<clrEnd> низшей расой. Данное заявление существенно подорвало его позиции среди избирателей-малоков, но зато другим расам оно, кажется, пришлось по вкусу."	"Quest Election.qmm: jumps.45.description. Preserve every <tag> exactly. English reference: Today Abu Linkoln Husseyn told his press conference that he considers the <clr>Maloqs<clrEnd> to be an inferior race. This statement undermined his positions among Maloq voters, but all the other races seemed to like it."	"Quest,Election"	"Сёньня на сваёй прэс-канфэрэнцыі Абу Лінкольн Хусейн прызнаўся, што лічыць <clr>малокаў<clrEnd> ніжэйшай расай. Гэтая заява істотна падарвала ягоныя пазыцыі сярод выбаршчыкаў-малокаў, затое іншым расам яна, здаецца, прыйшлася да спадобы."
"/quests/Election.qmm/jumps/46/text"	"Профессия рейнджера - это свобода и возможность обрести свое я!"	"Quest Election.qmm: jumps.46.text. Preserve every <tag> exactly. English reference: Profession of a ranger means freedom and the possibility to find one's own self!"	"Quest,Election"	"Прафэсія рэйнджэра — гэта свабода і магчымасьць знайсьці сваё я!"
"/quests/Election.qmm/jumps/46/description"	"- Чушь собачья! - взорвался <clr>малокский<clrEnd> журналист. - Если хочешь свободы, то надо идти в армию!

- Или в науку, - неожиданно поддержал малока <clr>фэянин<clrEnd>. 

Остальные оставили ваш ответ без комментариев, но в целом, кажется, остались вами довольны."	"Quest Election.qmm: jumps.46.description. Preserve every <tag> exactly. English reference: - Dog's crap! - a <clr>Maloq<clrEnd> journalist exploded in anger. - If you want freedom - enlist in the army!

- Or engage in science, - a <clr>Faeyan<clrEnd> unexpectedly backed the Maloq. 

The others left you response without comment, but seemed to be overall pleased with your position."	"Quest,Election"	"— Сабачая лухта! — выбухнуў <clr>малокскі<clrEnd> журналіст. — Калі хочаш свабоды, дык трэба ісьці ў войска!

— Або ў навуку, — нечакана падтрымаў малока <clr>фэянін<clrEnd>. 

Астатнія пакінулі ваш адказ без камэнтароў, але ў цэлым, здаецца, засталіся вамі задаволеныя."
"/quests/Election.qmm/jumps/47/text"	"А че? Работенка непыльная - грабь себе транспорты, да наркотой приторговывай. Главное, вовремя от доминаторов сматываться!"	"Quest Election.qmm: jumps.47.text. Preserve every <tag> exactly. English reference: So what? No thirst work - go, loot the transports, and track in dope. The main thing is to get away from the Dominators in time!"	"Quest,Election"	"А што? Праца няцяжкая — рабуй сабе транспарты ды наркотыкі прадавай. Галоўнае, своечасова ад дамінатараў змывацца!"
"/quests/Election.qmm/jumps/47/description"	"Ваш наглый и циничный ответ привел в возмущение всех кроме <clr>пеленгов<clrEnd>. Вам пришлось ждать полчаса, пока охрана успокаивала журналистов и пыталась усадить их на место."	"Quest Election.qmm: jumps.47.description. Preserve every <tag> exactly. English reference: Your insolent and cynical response enraged all but the <clr>Pelengs<clrEnd>. You had to wait 30 minutes when the guard was calming down the journalists and tried to get them all sit back to their places."	"Quest,Election"	"Ваш нахабны і цынічны адказ абурыў усіх, апроч <clr>пеленгаў<clrEnd>. Вам давялося чакаць паўгадзіны, пакуль ахова супакойвала журналістаў і спрабавала пасадзіць іх на месца."
"/quests/Election.qmm/jumps/48/text"	"Да кто его знает? Надо ведь чем-то заняться..."	"Quest Election.qmm: jumps.48.text. Preserve every <tag> exactly. English reference: Well who can understand him? One has to do something..."	"Quest,Election"	"Ды хто яго ведае? Трэба ж нечым заняцца..."
"/quests/Election.qmm/jumps/48/description"	"Ваш безликий ответ не произвел особого впечатления на присутствующих."	"Quest Election.qmm: jumps.48.description. Preserve every <tag> exactly. English reference: Your flat response made no impression on those present."	"Quest,Election"	"Ваш бязьлікі адказ не зрабіў асаблівага ўражаньня на прысутных."
"/quests/Election.qmm/jumps/49/text"	"Следующий вопрос, пожалуйста"	"Quest Election.qmm: jumps.49.text. Preserve every <tag> exactly. English reference: Next question, please"	"Quest,Election"	"Наступнае пытаньне, калі ласка"
"/quests/Election.qmm/jumps/50/text"	"Следующий вопрос, пожалуйста"	"Quest Election.qmm: jumps.50.text. Preserve every <tag> exactly. English reference: Next question, please"	"Quest,Election"	"Наступнае пытаньне, калі ласка"
"/quests/Election.qmm/jumps/51/text"	"Гаальца, чтобы вам было не повадно задавать такие идиотские вопросы!"	"Quest Election.qmm: jumps.51.text. Preserve every <tag> exactly. English reference: Gaal, so that you would not even think of asking such idiotic questions!"	"Quest,Election"	"Гаальца, каб вам не было ахвоты задаваць такія ідыёцкія пытаньні!"
"/quests/Election.qmm/jumps/51/description"	"Возмущенный до глубины души, <clr>гаальский<clrEnd> профессор сел на свое место. Однако ваш ответ вызвал дружные аплодисменты всего остального зала, причем особо бурные овации звучали из <clr>малокского<clrEnd> и <clr>пеленгского<clrEnd> секторов."	"Quest Election.qmm: jumps.51.description. Preserve every <tag> exactly. English reference: Enraged to the bottom of his heart, the <clr>Gaalian<clrEnd> professor took his seat. But your response provoked unanimous applause of all the rest present in the hall, with most violent ovation heard from the <clr>Maloq<clrEnd> and <clr>Peleng<clrEnd> seats."	"Quest,Election"	"Абураны да глыбіні душы, <clr>гаальскі<clrEnd> прафэсар сеў на сваё месца. Аднак ваш адказ выклікаў дружныя воплескі ўсяе астатняе залі, прычым асабліва бурныя авацыі гучалі з <clr>малокскага<clrEnd> і <clr>пеленгскага<clrEnd> сэктараў."
"/quests/Election.qmm/jumps/52/text"	"Фэянина, так как с ним легче всего справиться!"	"Quest Election.qmm: jumps.52.text. Preserve every <tag> exactly. English reference: Faeyan, because it is easy to handle him!"	"Quest,Election"	"Фэяніна, бо з ім лягчэй за ўсё справіцца!"
"/quests/Election.qmm/jumps/52/description"	"Судя по всему, ваш прагматичный подход понравился только <clr>пеленгу<clrEnd>. <clr>Люди<clrEnd> остались к нему равнодушны, <clr>гаальцы<clrEnd> явно ждали другого ответа, а <clr>фэяне<clrEnd> были возмущены до глубины души. И даже на тупых рожах <clr>малоков<clrEnd> отражалось презрение к столь трусливой тактике."	"Quest Election.qmm: jumps.52.description. Preserve every <tag> exactly. English reference: By all appearance, your pragmatic approach found support only among the <clr>Pelengs<clrEnd>. The <clr>Humans<clrEnd> remained indifferent, <clr>Gaals<clrEnd> were hoping for another answer, and the <clr>Faes <clrEnd> were outraged to the marrow of their bones. And even stupid <clr>Maloq<clrEnd> countenances bore the sight of contempt to such a cowardly tactics."	"Quest,Election"	"Мяркуючы па ўсім, ваш прагматычны падыход спадабаўся толькі <clr>пеленгу<clrEnd>. <clr>Людзі<clrEnd> засталіся да яго абыякавыя, <clr>гаальцы<clrEnd> яўна чакалі іншага адказу, а <clr>фэяне<clrEnd> былі абураныя да глыбіні душы. І нават на тупых пысах <clr>малокаў<clrEnd> адбівалася пагарда да такой баязьлівай тактыкі."
"/quests/Election.qmm/jumps/53/text"	"Человека, так как у него самое нежное мясо!"	"Quest Election.qmm: jumps.53.text. Preserve every <tag> exactly. English reference: Human, for their meat is most tender!"	"Quest,Election"	"Чалавека, бо ў яго самае мяккае мяса!"
"/quests/Election.qmm/jumps/53/description"	"- А вы что, пробовали уже?! - заорал ближайший к вам журналист-<clr>человек<clrEnd> и запустил в вас объективом от стереокамеры. Его аргумент показался очень убедительным для <clr>гаальцев и фэян<clrEnd>, которые славились особым почтением к логичным аргументам. И только <clr>пеленги<clrEnd> плотоядно улыбались, в то время как <clr>малоки<clrEnd> вертели своими тупыми башками, пытаясь понять, отчего в зале возник такой переполох."	"Quest Election.qmm: jumps.53.description. Preserve every <tag> exactly. English reference: - Have you tasted it already?! - a <clr>Human<clrEnd> journalist next to you shouted throwing the lens of a stereocamera at you. His argument seemed very convincing for the <clr>Gaals and Faes<clrEnd>, who were renowned for their special respect for logical arguments. And only the <clr>Pelengs<clrEnd> were smiling rapaciously, meanwhile the  <clr>Maloqs<clrEnd> were turning their stupid noddles around trying to understand why there's such a turmoil in the conference hall."	"Quest,Election"	"— А вы што, ужо спрабавалі?! — зароў найбліжэйшы да вас журналіст-<clr>чалавек<clrEnd> і шпурнуў у вас аб'ектывам ад стэрэавізара. Ягоны аргумэнт падаўся вельмі пераканаўчым для <clr>гаальцаў і фэянаў<clrEnd>, якія славіліся асаблівай пашанай да лягічных аргумэнтаў. І толькі <clr>пеленгі<clrEnd> хіжа ўсьміхаліся, тым часам як <clr>малокі<clrEnd> круцілі сваімі тупымі галовамі, спрабуючы зразумець, ад чаго ў залі ўзьнік такі перапалох."
"/quests/Election.qmm/jumps/54/text"	"Пеленга, так как от него можно ждать любой гадости!"	"Quest Election.qmm: jumps.54.text. Preserve every <tag> exactly. English reference: Peleng, for they are capable of any kind of beastliness!"	"Quest,Election"	"Пеленга, бо ад яго можна чакаць якой заўгодна брыдоты!"
"/quests/Election.qmm/jumps/54/description"	"- Неправда!!! - заорали присутствующие в зале <clr>пеленги<clrEnd>. - Мы не делаем гадостей, мы бы с радостью помогли вам съесть кого-нибудь другого!

<clr>Гаалец<clrEnd> тоже не одобрил ваш ответ, однако представители других рас явно разделяли ваше мнение о пеленгах."	"Quest Election.qmm: jumps.54.description. Preserve every <tag> exactly. English reference: - Wrong!!! - the <clr>Pelengs<clrEnd> who were present in the hall exclaimed. - We are not capable of any beastliness, we would generously help you in eating someone else!

<clr>Gaals<clrEnd> also did not endorse your response, but the members of the other races seemed to share the opinion of the Pelengs."	"Quest,Election"	"— Няпраўда!!! — закрычалі прысутныя ў залі <clr>пеленгі<clrEnd>. — Мы не робім гадасьцяў, мы б з радасьцю дапамаглі вам зьесьці каго-небудзь іншага!

<clr>Гаалец<clrEnd> таксама не ўхваліў ваш адказ, аднак прадстаўнікі іншых расаў яўна падзялялі вашае меркаваньне пра пеленгаў."
"/quests/Election.qmm/jumps/55/text"	"Малока, так как его мяса надолго хватит!"	"Quest Election.qmm: jumps.55.text. Preserve every <tag> exactly. English reference: Maloq, for their meat will last long!"	"Quest,Election"	"Малока, бо яго мяса на доўга хопіць!"
"/quests/Election.qmm/jumps/55/description"	"<clr>Фэянам, людям и пеленгам<clrEnd> вполне понравилась четкая логика вашего ответа. Лишь <clr>гаалец<clrEnd> сокрушенно качал головой - он явно видел в ней какие-то изъяны морально-этического плана. Впрочем, вам было слегка не до него, так как сразу несколько <clr>малокских<clrEnd> журналистов почему-то одновременно решили набить вам морду. Ваше паническое бегство под стол, где вы отсиживались, пока охрана наводила порядок в зале, никак не добавит вам авторитета среди этой воинственной расы."	"Quest Election.qmm: jumps.55.description. Preserve every <tag> exactly. English reference: The <clr>Faes, Humans and Pelengs<clrEnd> liked the sharp logic of you answer. One <clr>Gaal<clrEnd> was shaking his head in sadness - he definitely saw some moral and ethic misconceptions in it. But you could not occupy yourself with him, because a group of <clr>Maloq<clrEnd> journalists somehow had decided to smash your face together. Your panic retreat under the table, where you were sitting waiting for the storm to calm down while the security was trying to restore order, would not add to your reputation among this militaristic race."	"Quest,Election"	"<clr>Фэянам, людзям і пеленгам<clrEnd> цалкам спадабалася выразная лёгіка вашага адказу. Толькі <clr>гаалец<clrEnd> засмучана хістаў галавой — ён яўна бачыў у ёй нейкія заганы маральна-этычнага кшталту. Зрэшты, вам было крыху не да яго, бо адразу некалькі <clr>малокскіх<clrEnd> журналістаў чамусьці адначасова вырашылі набіць вам пысу. Вашы панічныя ўцёкі пад стол, дзе вы адседжваліся, пакуль ахова наводзіла парадак у залі, ніяк не дададуць вам аўтарытэту сярод гэтай ваяўнічай расы."
"/quests/Election.qmm/jumps/56/text"	"Доминатора, так как это наш общий враг!"	"Quest Election.qmm: jumps.56.text. Preserve every <tag> exactly. English reference: Dominator, as they are our common enemy!"	"Quest,Election"	"Дамінатара, бо гэта наш агульны вораг!"
"/quests/Election.qmm/jumps/56/description"	"- Но это же глупо! - сказал один из <clr>фэян<clrEnd>. - Доминаторы обладают абсолютно иным метаболизмом, не совместимым ни с одной другой расой Галактики! Доминатора нельзя съесть!!!

Однако всем остальным, включая <clr>гаальцев<clrEnd>, понравилось, как ловко вы вывернулись из поставленной профессором ловушки. А <clr>малоки<clrEnd>, среагировав на слово ""враг"", даже устроили вам небольшую овацию."	"Quest Election.qmm: jumps.56.description. Preserve every <tag> exactly. English reference: - But this is stupid! - one of the <clr>Faes<clrEnd> said. - Dominators posses quite a different metabolism, which cannot be complied with any of the other races of  the Galaxy! You cannot eat a Dominator!!!

But all the rest including the <clr>Gaals<clrEnd>, seemed to like the way you got around the catch so that the professor shut up. And the <clr>Maloqs<clrEnd> produced a short ovation as a reaction on the ""enemy"" word."	"Quest,Election"	"— Але ж гэта глупства! — сказаў адзін з <clr>фэянаў<clrEnd>. — Дамінатары маюць зусім іншы мэтабалізм, несумяшчальны ні з адной іншай расай Галяктыкі! Дамінатара нельга зьесьці!!!

Аднак усім астатнім, уключна з <clr>гаальцамі<clrEnd>, спадабалася, як спрытна вы выкруціліся з пастаўленай прафэсарам пасткі. А <clr>малокі<clrEnd>, адрэагаваўшы на слова ""вораг"", нават учынілі вам невялікую авацыю."
"/quests/Election.qmm/jumps/57/text"	"Никого, так как поедание разумных существ абсолютно неэтично!"	"Quest Election.qmm: jumps.57.text. Preserve every <tag> exactly. English reference: No one, because the eating of reasonable beings is absolutely non-ethical!"	"Quest,Election"	"Нікога, бо есьці разумных істотаў абсалютна супраць этыкі!"
"/quests/Election.qmm/jumps/57/description"	"<clr>Гаалец<clrEnd> зааплодировал - похоже, именно такого ответа он и ожидал. Однако кто-то из <clr>пеленгов<clrEnd> сказал:

- Ну и дурак! Тогда все остальные просто съедят тебя! Или ты предлагаешь, чтобы все умерли с голоду?

После спонтанно возникшей в зале дискуссии большинство <clr>людей<clrEnd> приняло точку зрения гаальцев, а <clr>фэяне<clrEnd> согласились с логикой пеленгов. И лишь тупые <clr>малоки<clrEnd> так ничего и не поняли."	"Quest Election.qmm: jumps.57.description. Preserve every <tag> exactly. English reference: The <clr>Gaal<clrEnd> applauded - he seemed to be waiting for just this kind of answer. But a <clr>Peleng<clrEnd> said:

- Stupid! In this case the others will eat you! Or, are you proposing that all die of hunger?

After a spontaneously risen discussion most of the <clr>Humans<clrEnd> took up the Gaalian standpoint, and the <clr>Faes<clrEnd> agreed with the logic of the Pelengs. Its just that stupid <clr>Maloqs<clrEnd> did not understand a thing again."	"Quest,Election"	"<clr>Гаалец<clrEnd> запляскаў — падобна, менавіта такога адказу ён і чакаў. Аднак нехта з <clr>пеленгаў<clrEnd> сказаў:

— Ну і дурань! Тады ўсе астатнія проста зьядуць цябе! Ці ты прапануеш, каб усе памерлі з голаду?

Пасьля стыхійна ўзьніклай у залі дыскусіі большасьць <clr>людзей<clrEnd> прыняла пункт гледжаньня гаальцаў, а <clr>фэяне<clrEnd> пагадзіліся з лёгікай пеленгаў. І толькі тупыя <clr>малокі<clrEnd> так нічога і не зразумелі."
"/quests/Election.qmm/jumps/59/text"	"Устроить пресс-конференцию"	"Quest Election.qmm: jumps.59.text. Preserve every <tag> exactly. English reference: Organise a press conference"	"Quest,Election"	"Зладзіць прэс-канфэрэнцыю"
"/quests/Election.qmm/jumps/60/text"	"Устроить пресс-конференцию"	"Quest Election.qmm: jumps.60.text. Preserve every <tag> exactly. English reference: Organise a press conference"	"Quest,Election"	"Зладзіць прэс-канфэрэнцыю"
"/quests/Election.qmm/jumps/60/description"	"Вы отдали приказ собрать пресс-конференцию и сели готовить текст своего выступления. Однако через полчаса вам позвонил расстроенный Замо Чу и сказал, что журналисты уже сыты по горло вашими речами, так что мероприятие не состоится. Вы в ярости скомкали текст выступления и швырнули его в мусорную корзину. Подумать только, столько труда, столько стилистических изысков, столько изощреннейших нападок на вашего конкурента - и все впустую!!!

В знак протеста вы решили объявить краткосрочную забастовку и ничего больше не предпринимать до обеда. Вот так!"	"Quest Election.qmm: jumps.60.description. Preserve every <tag> exactly. English reference: You ordered to organise a press conference and got down to the preparation of the text for your address. But within 30 minutes a disheartened Kill Young called you saying that the journalists were sick and tired of your speeches already, and the event would not take place. Enraged, you crumpled up the paper with your speech and threw it in the trash can. You spent so much labour, used so many tricks of stylistics and applied so many refined insults on your competitor - and all in vain!!!

You decided to proclaim a short-term strike as a protest and do nothing more before lunch. Hoo-pa!"	"Quest,Election"	"Вы аддалі загад сабраць прэс-канфэрэнцыю і селі рыхтаваць тэкст свайго выступу. Аднак праз паўгадзіны вам патэлефанаваў засмучаны Замо Чу і сказаў, што журналісты ўжо сытыя па горла вашымі прамовамі, так што мерапрыемства не адбудзецца. Вы ў лютасьці скамячылі тэкст выступу і шпурнулі яго ў сьметніцу. Падумаць толькі, столькі працы, столькі стылістычнай вытанчанасьці, столькі зьедлівых выпадаў на вашага канкурэнта — і ўсё марна!!!

У знак пратэсту вы вырашылі абвясьціць кароткачасовую забастоўку і больш нічога не рабіць да абеду. Вось так!"
"/quests/Election.qmm/jumps/61/description"	"Сегодня на антивоенном митинге Абу Линкольн Хуссейн пообещал в случае своего избрания запретить на планете <ToPlanet> свободную торговлю оружием. <clr>Фэяне<clrEnd> и <clr>гаальцы<clrEnd> с воодушевлением восприняли это обещание, в отличие от <clr>людей<clrEnd> и <clr>пеленгов<clrEnd>, которые делали на торговле оружием немалые капиталы. <clr>Малоки<clrEnd> же вообще посчитали это заявление личным оскорблением их расы."	"Quest Election.qmm: jumps.61.description. Preserve every <tag> exactly. English reference: Today Abu Linkoln Husseyn promised at an antiwar rally to ban free weapons trade on the planet <ToPlanet> if he is elected president. The <clr>Faes<clrEnd> and <clr>Gaals<clrEnd> took this promise with open heart, unlike the <clr>Humans<clrEnd> and the <clr>Pelengs<clrEnd>, who were making big bucks on weapons trading. Moreover, the <clr>Maloqs<clrEnd> considered this statement to be a personal insult directed at their race."	"Quest,Election"	"Сёньня на антываенным мітынгу Абу Лінкольн Хусейн паабяцаў у выпадку свайго абраньня забараніць на плянэце <ToPlanet> вольны гандаль зброяй. <clr>Фэяне<clrEnd> і <clr>гаальцы<clrEnd> з натхненьнем успрынялі гэтае абяцаньне, у адрозьненьне ад <clr>людзей<clrEnd> і <clr>пеленгаў<clrEnd>, якія рабілі на гандлі зброяй немалыя капіталы. <clr>Малокі<clrEnd> ж наогул палічылі гэтую заяву асабістай абразай іхняй расы."
"/quests/Election.qmm/jumps/62/description"	"Сегодня на своей пресс-конференции Абу Линкольн Хуссейн заявил, что считает всех ученых дармоедами, причем особенно это касается ученых-гуманитариев. В знак протеста все <clr>фэянские<clrEnd> и <clr>гаальские<clrEnd> журналисты, а также часть <clr>людей<clrEnd> покинули пресс-конференцию. Однако оставшиеся в зале <clr>пеленги<clrEnd> и <clr>малоки<clrEnd> долго качали своего нового кумира на руках."	"Quest Election.qmm: jumps.62.description. Preserve every <tag> exactly. English reference: Today Abu Linkoln Husseyn announced at his press conference that he considered all scientists and especially humanities research fellows to be useless mouths. All <clr>Faeyan<clrEnd> and <clr>Gaalian <clrEnd> journalists, as well as part of the <clr>Humans<clrEnd> left the conference room as a protest. Although the <clr>Pelengs<clrEnd> and the <clr>Maloqs<clrEnd> left in the room spent quite a time throwing their new idol up in the air."	"Quest,Election"	"Сёньня на сваёй прэс-канфэрэнцыі Абу Лінкольн Хусейн заявіў, што лічыць усіх навукоўцаў дармаедамі, прычым асабліва гэта тычыцца навукоўцаў-гуманітарыяў. У знак пратэсту ўсе <clr>фэянскія<clrEnd> і <clr>гаальскія<clrEnd> журналісты, а таксама частка <clr>людзей<clrEnd> пакінулі прэс-канфэрэнцыю. Аднак <clr>пеленгі<clrEnd> і <clr>малокі<clrEnd>, што засталіся ў залі, доўга падкідвалі свайго новага куміра на руках."
"/quests/Election.qmm/jumps/63/description"	"Сегодня Абу Линкольн Хуссейн пожертвовал крупную сумму на открытие памятника всем жителям планеты <ToPlanet>, погибшим в боях с доминаторами. Это решение оказалось популярным абсолютно у всех слоев населения планеты, особенно среди <clr>малоков<clrEnd>."	"Quest Election.qmm: jumps.63.description. Preserve every <tag> exactly. English reference: Today Abu Linkoln Husseyn donated a large amount of money for the opening of a column dedicated to all planet <ToPlanet>'s citizens, who died in action against the Dominators. This decision proved to be popular among all the planet's population, especially among the <clr>Maloqs<clrEnd>."	"Quest,Election"	"Сёньня Абу Лінкольн Хусейн ахвяраваў вялікую суму на адкрыцьцё помніка ўсім жыхарам плянэты <ToPlanet>, што загінулі ў баях з дамінатарамі. Гэтае рашэньне аказалася папулярным сярод абсалютна ўсіх слаёў насельніцтва плянэты, асабліва сярод <clr>малокаў<clrEnd>."
"/quests/Election.qmm/jumps/64/text"	"Использовать черный пиар"	"Quest Election.qmm: jumps.64.text. Preserve every <tag> exactly. English reference: Use black PR"	"Quest,Election"	"Ужыць чорны піяр"
"/quests/Election.qmm/jumps/65/text"	"Следующий вопрос, пожалуйста"	"Quest Election.qmm: jumps.65.text. Preserve every <tag> exactly. English reference: Next question, please"	"Quest,Election"	"Наступнае пытаньне, калі ласка"
"/quests/Election.qmm/jumps/66/text"	"Налоги уменьшатся"	"Quest Election.qmm: jumps.66.text. Preserve every <tag> exactly. English reference: Taxes are going down"	"Quest,Election"	"Падаткі паменшацца"
"/quests/Election.qmm/jumps/67/text"	"Налоги увеличатся"	"Quest Election.qmm: jumps.67.text. Preserve every <tag> exactly. English reference: Taxes are rising up"	"Quest,Election"	"Падаткі павялічацца"
"/quests/Election.qmm/jumps/68/text"	"Налоги останутся как сейчас"	"Quest Election.qmm: jumps.68.text. Preserve every <tag> exactly. English reference: The taxes will stay on the same level they are now"	"Quest,Election"	"Падаткі застануцца як цяпер"
"/quests/Election.qmm/jumps/69/text"	"Ознакомиться с данными и лечь спать"	"Quest Election.qmm: jumps.69.text. Preserve every <tag> exactly. English reference: Familiarise yourself with the data and get to bed"	"Quest,Election"	"Азнаёміцца са зьвесткамі і легчы спаць"
"/quests/Election.qmm/jumps/70/text"	"На этом я хотел бы закончить пресс-конференцию: обеденный перерыв!"	"Quest Election.qmm: jumps.70.text. Preserve every <tag> exactly. English reference: I would like to finish my press conference on that: now, it's lunchtime!"	"Quest,Election"	"На гэтым я хацеў бы скончыць прэс-канфэрэнцыю: абедзенны перапынак!"
"/quests/Election.qmm/jumps/71/text"	"На этом я хотел бы закончить пресс-конференцию: обеденный перерыв!"	"Quest Election.qmm: jumps.71.text. Preserve every <tag> exactly. English reference: I would like to finish my press conference on that: now, it's lunchtime!"	"Quest,Election"	"На гэтым я хацеў бы скончыць прэс-канфэрэнцыю: абедзенны перапынак!"
"/quests/Election.qmm/jumps/72/text"	"На этом я хотел бы закончить пресс-конференцию: обеденный перерыв!"	"Quest Election.qmm: jumps.72.text. Preserve every <tag> exactly. English reference: I would like to finish my press conference on that: now, it's lunchtime!"	"Quest,Election"	"На гэтым я хацеў бы скончыць прэс-канфэрэнцыю: абедзенны перапынак!"
"/quests/Election.qmm/jumps/73/description"	"Сегодня в интервью для журнала <clr>""Молодое поколение""<clrEnd> Абу Линкольн Хуссейн сказал, что терпеть не может хэчбол. Это сразу же лишило его симпатий многих <clr>пеленгов и людей<clrEnd>, хотя опросы показывают, что <clr>малоки, фэяне и гаальцы<clrEnd> вполне разделяют такую позицию."	"Quest Election.qmm: jumps.73.description. Preserve every <tag> exactly. English reference: Today Abu Linkoln Husseyn said in the interview to the <clr>""Young Generation""<clrEnd> Magazine that he could not tolerate hatch-ball. This at once cut him short of much of the <clr>Peleng and Human<clrEnd> sympathies, although the polls show that the <clr> Maloqs, Faes and Humans<clrEnd> share this position completely."	"Quest,Election"	"Сёньня ў інтэрвію для часопіса <clr>""Маладое пакаленьне""<clrEnd> Абу Лінкольн Хусейн сказаў, што трываць ня можа хэчбол. Гэта адразу пазбавіла яго сымпатыяў многіх <clr>пеленгаў і людзей<clrEnd>, хоць апытаньні паказваюць, што <clr>малокі, фэяне і гаальцы<clrEnd> цалкам падзяляюць такую пазыцыю."
"/quests/Election.qmm/jumps/76/text"	"Цвет крови убитых мной врагов"	"Quest Election.qmm: jumps.76.text. Preserve every <tag> exactly. English reference: The colour of blood of enemies killed by me"	"Quest,Election"	"Колер крыві забітых мной ворагаў"
"/quests/Election.qmm/jumps/76/description"	"<clr>Гаальцы и фэяне<clrEnd> были явно покороблены неприкрытым насилием, чувствовавшемся в вашем ответе. Однако представителям других рас его честность и прямота пришлась по вкусу, причем особенно впечатлились нежные натуры <clr>малоков<clrEnd>."	"Quest Election.qmm: jumps.76.description. Preserve every <tag> exactly. English reference: <clr>Gaals and Faes<clrEnd> were apparently jarred by open violence inherent to your answer. Although the members of other races liked its honesty and openness, the tender nature of the <clr>Maloqs<clrEnd> was impressed most of all."	"Quest,Election"	"<clr>Гаальцы і фэяне<clrEnd> былі яўна закранутыя непрыкрытым гвалтам, што адчуваўся ў вашым адказе. Аднак прадстаўнікам іншых расаў ягоная шчырасьць і прамалінейнасьць прыйшліся да спадобы, прычым асабліва ўразіліся далікатныя натуры <clr>малокаў<clrEnd>."
"/quests/Election.qmm/jumps/77/text"	"Важен не цвет, а композиция цветов"	"Quest Election.qmm: jumps.77.text. Preserve every <tag> exactly. English reference: Its not the colour that's important, it's composition of the colours"	"Quest,Election"	"Важны не колер, а кампазыцыя колераў"
"/quests/Election.qmm/jumps/77/description"	"<clr>Гаалец<clrEnd> удовлетворенно закивал - ему явно хотелось услышать что-то в этом роде. Однако кого-то из <clr>малоков<clrEnd> стошнило от слова ""композиция"". На остальных журналистов в зале ваше заявление особого впечатления не произвело."	"Quest Election.qmm: jumps.77.description. Preserve every <tag> exactly. English reference: The <clr>Gaal<clrEnd> started nodding satisfactorily - he was apparently inclined to hear something like that. Although someone of the <clr>Maloqs<clrEnd> fetched up on hearing the word ""composition"". Other reporters present in the hall were not impressed by your statement at all."	"Quest,Election"	"<clr>Гаалец<clrEnd> задаволена заківаў — яму яўна хацелася пачуць нешта ў такім духу. Аднак кагосьці з <clr>малокаў<clrEnd> занудзіла ад слова ""кампазыцыя"". На астатніх журналістаў у залі ваша заява асаблівага ўражаньня не зрабіла."
"/quests/Election.qmm/jumps/78/text"	"Цвет купюры в 1000 cr"	"Quest Election.qmm: jumps.78.text. Preserve every <tag> exactly. English reference: Colour of 1000 cr banknote"	"Quest,Election"	"Колер купюры ў 1000 cr"
"/quests/Election.qmm/jumps/78/description"	"Красные рожи <clr>малоков<clrEnd> скривились от презрения к такому ответу, да и <clr>гаальцы<clrEnd> тоже наверняка видали цвета и покрасивее. Зато <clr>пеленги, люди и фэяне<clrEnd> вполне разделили ваш взгляд на красоту цветовой гаммы."	"Quest Election.qmm: jumps.78.description. Preserve every <tag> exactly. English reference: Red faces of the <clr>Maloqs<clrEnd> were distorted out of contempt for such an answer, the <clr>Gaals<clrEnd> must have known more beautiful colours, but the <clr>Pelengs, Humans and Faes<clrEnd> shared your views concerning the beauty of a colour grade completely."	"Quest,Election"	"Чырвоныя пысы <clr>малокаў<clrEnd> скрывіліся ад пагарды да такога адказу, ды і <clr>гаальцы<clrEnd> таксама напэўна бачылі колеры і прыгажэйшыя. Затое <clr>пеленгі, людзі і фэяне<clrEnd> цалкам падзялілі ваш погляд на прыгажосьць колеравай гамы."
"/quests/Election.qmm/jumps/79/text"	"Цвет свежего пива"	"Quest Election.qmm: jumps.79.text. Preserve every <tag> exactly. English reference: Colour of freshly brewed beer"	"Quest,Election"	"Колер сьвежага піва"
"/quests/Election.qmm/jumps/79/description"	"Судя по смеху в человеческом секторе, этот ответ принес вам явные симпатии <clr>людей<clrEnd>. Да и <clr>пеленги<clrEnd> тоже были довольны. Однако представители остальных рас относились к пьянству далеко не столь терпимо, о чем красноречиво свидетельствовали их перекошенные рожи."	"Quest Election.qmm: jumps.79.description. Preserve every <tag> exactly. English reference: Laughter in the Human seats showed that this response brought you uncontested sympathies of the <clr>Humans<clrEnd>. The <clr>Pelengs<clrEnd> also stayed pleased with it. But members of other races treated boozing with much less tolerance, therefore their faces were somehow distorted on hearing this."	"Quest,Election"	"Мяркуючы па сьмеху ў людзкім сэктары, гэты адказ прынёс вам відавочныя сымпатыі <clr>людзей<clrEnd>. Ды і <clr>пеленгі<clrEnd> таксама былі задаволеныя. Аднак прадстаўнікі астатніх расаў ставіліся да п'янства далёка ня так цярпіма, пра што красамоўна сьведчылі іхнія скрыўленыя пысы."
"/quests/Election.qmm/jumps/80/description"	"Сегодня на митинге возле военного завода Абу Линкольн Хуссейн пообещал увеличить расходы на оборону уже в первом квартале своего президентствования. <clr>Люди и малоки<clrEnd>, работавшие на этом заводе, устроили ему овацию, но в кругах <clr>гаальских<clrEnd> правозащитников и <clr>фэянских<clrEnd> пацифистов была высказана резкая обеспокоенность тенденцией увеличения милитаризации общества."	"Quest Election.qmm: jumps.80.description. Preserve every <tag> exactly. English reference: Today Abu Linkoln Husseyn promised at a rally in front of a military plant to increase spending on defence already in the first quarter of his presidency. <clr>Humans and Maloqs<clrEnd>, working at that plant, made him an ovation, but the circles of <clr>Gaalian<clrEnd> rights activists and <clr>Faeyan<clrEnd> pacifists expressed a great concern about the society's military tendency."	"Quest,Election"	"Сёньня на мітынгу каля вайсковага заводу Абу Лінкольн Хусейн паабяцаў павялічыць выдаткі на абарону ўжо ў першым квартале свайго прэзыдэнцтва. <clr>Людзі і малокі<clrEnd>, што працавалі на гэтым заводзе, учынілі яму авацыю, але ў колах <clr>гаальскіх<clrEnd> праваабаронцаў і <clr>фэянскіх<clrEnd> пацыфістаў была выказаная рэзкая занепакоенасьць тэндэнцыяй росту мілітарызацыі грамадзтва."
"/quests/Election.qmm/jumps/81/description"	"Кандидат в президенты Абу Линкольн Хуссейн издал указ о всеобщей амнистии для всех заключенных планеты <ToPlanet>. Указ вступит в силу в момент избрания Абу Линкольна Хуссейна президентом. Теперь <clr>пеленги<clrEnd> ждут не дождутся его избрания. <clr>Гаальцы<clrEnd> также заявили о своей полной поддержке этого решения, поскольку содержание под арестом, по мнению многих видных гаальских правозащитников, противоречит праву носителей разума на свободную миграцию. Однако в кругу <clr>малоков, людей<clrEnd> и особенно <clr>фэян<clrEnd> высказывается опасение, что этот шаг может вызвать резкий всплеск преступности, беспорядков, анархии и прочей общественной нестабильности."	"Quest Election.qmm: jumps.81.description. Preserve every <tag> exactly. English reference: Presidential candidate Abu Linkoln Husseyn issued a decree on general pardon for all the planet <ToPlanet>'s prisoners. The decree will be enforced as soon as Abu Linkoln Husseyn is elected president. Now the <clr>Pelengs <clrEnd> are eagerly waiting for him to be elected. <clr>Gaals<clrEnd> claimed they also endorse this decision fully, for many renowned Gaalian rights activist think that confinement contradicts the right of all the sapiens for free migration. The circle of the <clr>Maloqs, Humans<clrEnd> and especially <clr>Faes <clrEnd> expressed their concern that this move can provoke a sharp boom of criminality, unrest, anarchy and other instability of the society."	"Quest,Election"	"Кандыдат у прэзыдэнты Абу Лінкольн Хусейн выдаў указ пра ўсеагульную амністыю для ўсіх зьняволеных плянэты <ToPlanet>. Указ уступіць у сілу ў момант абраньня Абу Лінкольна Хусейна прэзыдэнтам. Цяпер <clr>пеленгі<clrEnd> ніяк не дачакаюцца яго абраньня. <clr>Гаальцы<clrEnd> таксама заявілі пра сваю поўную падтрымку гэтага рашэньня, бо ўтрыманьне пад арыштам, на думку многіх выбітных гаальскіх праваабаронцаў, супярэчыць праву носьбітаў розуму на вольную міграцыю. Аднак у коле <clr>малокаў, людзей<clrEnd> і асабліва <clr>фэянаў<clrEnd> выказваецца непакой, што гэты крок можа выклікаць рэзкі рост злачыннасьці, беспарадкаў, анархіі і іншай грамадзкай нестабільнасьці."
"/quests/Election.qmm/jumps/83/text"	"На этом я хотел бы закончить пресс-конференцию - извините, обеденный перерыв!"	"Quest Election.qmm: jumps.83.text. Preserve every <tag> exactly. English reference: I would like to finish my press conference on that - sorry, it's lunchtime!"	"Quest,Election"	"На гэтым я хацеў бы скончыць прэс-канфэрэнцыю — прабачце, абедзенны перапынак!"
"/quests/Election.qmm/jumps/84/text"	"Следующий вопрос, пожалуйста"	"Quest Election.qmm: jumps.84.text. Preserve every <tag> exactly. English reference: Next question, please"	"Quest,Election"	"Наступнае пытаньне, калі ласка"
"/quests/Election.qmm/jumps/85/text"	"Да убейте вы этого вождя, и дело с концом!"	"Quest Election.qmm: jumps.85.text. Preserve every <tag> exactly. English reference: Well, why can't you kill the chief, and that's that!"	"Quest,Election"	"Ды забіце вы гэтага правадыра, і справе канец!"
"/quests/Election.qmm/jumps/85/description"	"Ваш ответ очень понравился <clr>малокам, пеленгам и людям<clrEnd>, но вот <clr>фэяне и гаальцы<clrEnd> явно привыкли разрешать коммерческие затруднения более цивилизованными способами."	"Quest Election.qmm: jumps.85.description. Preserve every <tag> exactly. English reference: You reply was very well taken by the <clr>Maloqs, Pelengs and Humans<clrEnd>, but the <clr>Faes and Gaals<clrEnd> were apparently more accustomed with solving financial problems in a more civilised way."	"Quest,Election"	"Ваш адказ вельмі спадабаўся <clr>малокам, пеленгам і людзям<clrEnd>, але <clr>фэяне і гаальцы<clrEnd> яўна прывыклі вырашаць камэрцыйныя цяжкасьці больш цывілізаванымі спосабамі."
"/quests/Election.qmm/jumps/86/text"	"Я вообще считаю игру в компьютерные игры полным идиотизмом и бездарной тратой времени!"	"Quest Election.qmm: jumps.86.text. Preserve every <tag> exactly. English reference: I consider computer gaming as complete idiocracy and time spent in vain!"	"Quest,Election"	"Я наогул лічу гульню ў кампутарныя гульні поўным ідыятызмам і бяздарнай тратай часу!"
"/quests/Election.qmm/jumps/86/description"	"Судя по реакции зала, <clr>малоки, пеленги и фэяне<clrEnd> также считали, что есть более ценное времяпровождение, чем компьютерные игры (""Наука!"", ""Строевая подготовка!"", ""Пиратство!"" - доносилось из их секторов). Но зато возмущенные <clr>люди<clrEnd> еще долго выкрикивали в ваш адрес всякие оскорбления, да и <clr>гаальцам<clrEnd> резкость и категоричность вашего заявления не пришлась по вкусу."	"Quest Election.qmm: jumps.86.description. Preserve every <tag> exactly. English reference: The reaction of the crowd showed that the <clr>Maloqs, Pelengs and Faes <clrEnd> also thought that time can be spent more useful than that. (""Science!"", ""Drill!"", ""Pirating!"" - these were the shouts heard from their seats.). But the outraged <clr>Humans<clrEnd> were yelling insults at you quite a time after that, and the <clr>Gaals<clrEnd> were put off by the harshness and flatness of your reply."	"Quest,Election"	"Мяркуючы па рэакцыі залі, <clr>малокі, пеленгі і фэяне<clrEnd> таксама лічылі, што ёсьць больш каштоўнае баўленьне часу, чым кампутарныя гульні (""Навука!"", ""Страявая падрыхтоўка!"", ""Пірацтва!"" — даносілася зь іхніх сэктараў). Затое абураныя <clr>людзі<clrEnd> яшчэ доўга выкрыквалі ў ваш адрас усялякія абразы, ды і <clr>гаальцам<clrEnd> рэзкасьць і катэгарычнасьць вашай заявы не прыйшлася да спадобы."
"/quests/Election.qmm/jumps/87/description"	"Кандидат в президенты Абу Линкольн Хуссейн ответственно заявил, что в первый же день своего президентствования введет сухой закон. Это понравилось <clr>малокам<clrEnd> и <clr>фэянам<clrEnd>, но зато <clr>люди<clrEnd> и <clr>пеленги<clrEnd> теперь будут голосовать за Хуссейна совсем не так охотно, как раньше."	"Quest Election.qmm: jumps.87.description. Preserve every <tag> exactly. English reference: Presidential candidate Abu Linkoln Husseyn proclaimed that on the first day of his presidency he will introduce the Prohibition. This was very much liked by the <clr>Maloqs<clrEnd> and <clr>Faes<clrEnd>, but the <clr>Humans <clrEnd> and <clr>Pelengs<clrEnd> now will not so eagerly vote for Husseyn."	"Quest,Election"	"Кандыдат у прэзыдэнты Абу Лінкольн Хусейн адказна заявіў, што ў першы ж дзень свайго прэзыдэнцтва ўвядзе сухі закон. Гэта спадабалася <clr>малокам<clrEnd> і <clr>фэянам<clrEnd>, затое <clr>людзі<clrEnd> і <clr>пеленгі<clrEnd> цяпер будуць галасаваць за Хусейна зусім не так ахвотна, як раней."
"/quests/Election.qmm/jumps/89/description"	"Сегодня в результате неосторожного обращения с гексагенотолуолом произошел взрыв в фэянском научно-исследовательском институте. Погибло более [p23] тысяч <clr>фэян<clrEnd>! Абу Линкольн Хуссейн уже пожертвовал 10.000 cr в фонд помощи родственникам погибших, что принесло ему заслуженное уважение фэянской расы."	"Quest Election.qmm: jumps.89.description. Preserve every <tag> exactly. English reference: Today a blast sounded in the Faeyan research and development institute as a result of careless treatment of hexanotoluol. The death toll amounted to over [p23] thousand <clr>Faes<clrEnd>! Abu Linkoln Husseyn already donated 10.000 cr to the victims' relatives fund, through which he earned a respect of the Faeyan race."	"Quest,Election"	"Сёньня ў выніку неасьцярожнага абыходжаньня з гексагенотолуолам адбыўся выбух у фэянскім навукова-дасьледчым інстытуце. Загінула больш за [p23] тысячаў <clr>фэянаў<clrEnd>! Абу Лінкольн Хусейн ужо ахвяраваў 10.000 cr у фонд дапамогі сваякам тых, што загінулі, што прынесла яму заслужаную павагу фэянскай расы."
"/quests/Election.qmm/jumps/90/text"	"Лечь спать"	"Quest Election.qmm: jumps.90.text. Preserve every <tag> exactly. English reference: Go to bed"	"Quest,Election"	"Легчы спаць"
"/quests/Election.qmm/jumps/91/description"	"Трагично закончились сегодня учения <clr>малокского<clrEnd> корпуса вооруженных сил планеты <ToPlanet>. Одна из ракет с псевдоядерной боеголовкой сбилась с курса и упала в расположение 8-го пехотного полка, выстроившегося для торжественного парада. Взрыв стоил жизни [p23] тысячам малоков. Абу Линкольн Хуссейн обвинил <clr>фэянских<clrEnd> ученых в преднамеренной разработке для армии некачественных систем наведения ракет и пообещал разобраться с виновными после своего избрания в президенты планеты <ToPlanet>. Малокские военные горячо приветствовали это заявление, тогда как видные фэянские ученые предложили своим соплеменникам голосовать против Хуссейна или вообще игнорировать выборы."	"Quest Election.qmm: jumps.91.description. Preserve every <tag> exactly. English reference: The training of the <clr>Maloq<clrEnd> corps of the planet <ToPlanet>'s armed forces ended in tragedy today. One of the pseudonuclear warhead missile wandered from its course and landed in the location of the 8th infantry regiment, set up for a parade. The blast carried the lives of [p23] thousand Maloqs. Abu Linkoln Husseyn accused the <clr>Faeyan<clrEnd> scientists in deliberate development of defective missile pointing devices for the army and promised to deal with the culprits when he will be elected president of planet <ToPlanet>. The Maloq military accepted this statement with enthusiasm, but the renowned Faeyan scientists suggested that the members of their race vote against Husseyn or just ignore the elections."	"Quest,Election"	"Трагічна скончыліся сёньня вучэньні <clr>малокскага<clrEnd> корпусу ўзброеных сілаў плянэты <ToPlanet>. Адна з ракетаў з фальшывай ядзернай баявой галоўкай зьбілася з курсу і ўпала ў разьмяшчэньне 8-га пяхотнага палка, выстраенага для ўрачыстага параду. Выбух каштаваў жыцьця [p23] тысячам малокаў. Абу Лінкольн Хусейн абвінаваціў <clr>фэянскіх<clrEnd> навукоўцаў у наўмыснай распрацоўцы для арміі няякасных сыстэмаў навядзеньня ракетаў і паабяцаў разабрацца з вінаватымі пасьля свайго абраньня прэзыдэнтам плянэты <ToPlanet>. Малокскія вайскоўцы горача віталі гэтую заяву, тады як выбітныя фэянскія навукоўцы прапанавалі сваім супляменьнікам галасаваць супраць Хусейна або наогул ігнараваць выбары."
"/quests/Election.qmm/jumps/92/description"	"Ужасная катастрофа произошла в густонаселенном <clr>человеческом<clrEnd> квартале столицы, куда сегодня через 10 минут после старта упал грузовой звездолет! По предварительным данным, катастрофа унесла жизни не менее [p23] тысяч человек! По мнению специалистов, авария звездолета произошла из-за некачественного горючего, которым его заправили на местном космодроме. Абу Линкольн Хуссейн обещал в случае своего избрания проверить счета <clr>пеленгской<clrEnd> компании, поставляющей горючее, и жестоко наказать виновных в этой катастрофе."	"Quest Election.qmm: jumps.92.description. Preserve every <tag> exactly. English reference: A terrible wreck happened in a densely populated <clr>Human<clrEnd> quarter of the capital today when a cargo astracopter crashed 10 minutes after take off! According to preliminary data, the death toll was no less than [p23] thousand people! Specialists think that the wreck of the astracopter occurred due to defected fuel, the craft was filled with at a local spaceport. Abu Linkoln Husseyn promised to audit the accounts of the <clr>Peleng<clrEnd> suppliers of the fuel when he is elected and severely punish the culprits."	"Quest,Election"	"Жахлівая катастрофа адбылася ў густанаселеным <clr>людзкім<clrEnd> квартале сталіцы, куды сёньня праз 10 хвілінаў пасьля старту ўпаў грузавы зорны карабель! Паводле папярэдніх зьвестак, катастрофа забрала жыцьці ня менш як [p23] тысячаў чалавек! На думку спэцыялістаў, аварыя зорнага карабля адбылася праз няякаснае гаручае, якім яго заправілі на мясцовым касмадроме. Абу Лінкольн Хусейн паабяцаў у выпадку свайго абраньня праверыць рахункі <clr>пеленгскай<clrEnd> кампаніі, што пастаўляе гаручае, і жорстка пакараць вінаватых у гэтай катастрофе."
"/quests/Election.qmm/jumps/93/description"	"Массовое самоубийство [p23] тысяч <clr>пеленгов<clrEnd> - членов тоталитарной секты ""Путь в Никуда"" - потрясло сегодня всю прогрессивную общественность планеты <ToPlanet>. Причиной самоубийства послужил наркотический сон духовного лидера секты лякуши ГашишХана о скором конце света и запрете на торговлю наркотиками. Абу Линкольн Хуссейн высказал твердое пожелание запретить деятельность любых тоталитарных сект на планете <ToPlanet>. В свете последних событий, это заявление встретило понимание в массах, особенно среди пеленгов."	"Quest Election.qmm: jumps.93.description. Preserve every <tag> exactly. English reference: Mass suicide of [p23] thousand <clr>Pelengs<clrEnd> - members of a totalitarian sect ""Path to Nowhere"" - shocked today all the progressive public of the planet <ToPlanet>. The suicide was caused by a narcotic vision of the spiritual leader of the sect - lyakusha Hash Khan - of a near end of the world and the ban to trade drugs. Abu Linkoln Husseyn expressed his sincere wish to outlaw any totalitarian sects on the planet <ToPlanet>. In the light of the latest events, this statement was received with enthusiasm among the masses, especially that of the Peleng."	"Quest,Election"	"Масавае самагубства [p23] тысячаў <clr>пеленгаў<clrEnd> — сябраў таталітарнай сэкты ""Шлях у Нікуды"" — страсянула сёньня ўсю прагрэсіўную грамадзкасьць плянэты <ToPlanet>. Прычынай самагубства стаў дурманны сон духоўнага правадыра сэкты лякушы Гашышхана пра хуткі канец сьвету і забарону на гандаль наркотыкамі. Абу Лінкольн Хусейн выказаў цьвёрдае пажаданьне забараніць дзейнасьць любых таталітарных сэктаў на плянэце <ToPlanet>. У сьвятле апошніх здарэньняў гэта заява сустрэла разуменьне ў масах, асабліва сярод пеленгаў."
"/quests/Election.qmm/jumps/94/description"	"Чудовищный теракт в гаальском Музее Изящных Искусств и Абстрактной Логики унес жизни [p23] тысяч <clr>гаальцев<clrEnd>! Ответственность за теракт взяла на себя радикальная группировка <clr>""Малокский Порядок""<clrEnd>, которая борется за признание малоков высшей расой и лишение всех остальных рас избирательного права. Абу Линкольн Хуссейн заявил по этому поводу, что будет вешать малокских террористов на фонарных столбах. Обычно не склонные к насилию гаальцы на сей раз встретили это заявление с восторгом, а радикально настроенные малоки, напротив, объявили Абу Линкольна Хуссейна трусом и Врагом малокской расы N1."	"Quest Election.qmm: jumps.94.description. Preserve every <tag> exactly. English reference: A terrible act of terrorism in the Gaalian Fine Arts and Abstract Logic Museum claimed the lives of [p23] thousands <clr>Gaals<clrEnd>! A radical <clr>Maloq Order<clrEnd> group claimed responsibility for this terror. The group is fighting for the Maloqs to be pronounced the superior race and all the other races to be deprived of the right to vote. Abu Linkoln Husseyn stated that he will hang the Maloq terrorists on the lampposts. The Gaals, usually not so disposed to violence were excited to hear that, but the radical Maloqs proclaimed Abu Linkoln Husseyn Maloq race Public Enemy No. 1."	"Quest,Election"	"Жахлівы тэракт у гаальскім Музэі Прыгожых Мастацтваў і Абстрактнай Лёгікі забраў жыцьці [p23] тысячаў <clr>гаальцаў<clrEnd>! Адказнасьць за тэракт узяла на сябе радыкальная групоўка <clr>""Малокскі Парадак""<clrEnd>, якая змагаецца за прызнаньне малокаў вышэйшай расай і пазбаўленьне ўсіх астатніх расаў выбарчага права. Абу Лінкольн Хусейн заявіў з гэтай нагоды, што будзе вешаць малокскіх тэрарыстаў на ліхтарных слупах. Звычайна не схільныя да гвалту гаальцы гэтым разам сустрэлі гэтую заяву з захапленьнем, а радыкальна настроеныя малокі, наадварот, абвясьцілі Абу Лінкольна Хусейна баязьліўцам і Ворагам малокскай расы N1."
"/quests/Election.qmm/jumps/95/text"	"Надо просто хорошо торговать - покупать подешевле, продавать подороже, время от времени кидать партнеров, и все будет здорово"	"Quest Election.qmm: jumps.95.text. Preserve every <tag> exactly. English reference: All you need is a good trade. Buy cheap, sell with a higher price, betray partners from time to time - and everything will be okey-dokey."	"Quest,Election"	"Трэба проста добра гандляваць — купляць таньней, прадаваць даражэй, час ад часу кідаць партнэраў, і ўсё будзе добра"
"/quests/Election.qmm/jumps/95/description"	"<clr>Люди и пеленги<clrEnd> безусловно разделяли ваше мнение о том, как надо добиваться успеха в жизни и компьютерных играх. Лишь <clr>гаальцы<clrEnd> брезгливо скривились, услышав про обман партнеров, да <clr>малоки<clrEnd> плевались, услышав слово ""торговля""."	"Quest Election.qmm: jumps.95.description. Preserve every <tag> exactly. English reference: <clr>Humans and Pelengs<clrEnd> unconditionally shared your opinion about how to gain success in life and computer games. The <clr>Gaals<clrEnd> were frowning on hearing about cheating the partners, and the <clr>Maloqs <clrEnd> were spitting on hearing the word ""trade""."	"Quest,Election"	"<clr>Людзі і пеленгі<clrEnd> безумоўна падзялялі вашае меркаваньне пра тое, як трэба дамагацца посьпеху ў жыцьці і кампутарных гульнях. Толькі <clr>гаальцы<clrEnd> з агідай скрывіліся, пачуўшы пра падман партнэраў, ды <clr>малокі<clrEnd> пляваліся, пачуўшы слова ""гандаль""."
"/quests/Election.qmm/jumps/96/text"	"Цвет обломков погибших доминаторов"	"Quest Election.qmm: jumps.96.text. Preserve every <tag> exactly. English reference: The colour of dead Dominator parts"	"Quest,Election"	"Колер абломкаў дамінатараў, якія загінулі"
"/quests/Election.qmm/jumps/96/description"	"В целом ваш ответ не произвел особого впечатления, так как сидящие в зале журналисты редко покидали планету <ToPlanet> и слабо представляли себе этот цвет."	"Quest Election.qmm: jumps.96.description. Preserve every <tag> exactly. English reference: You reply made no impression in general, as the reporters sitting in the conference hall were rarely leaving Planet <ToPlanet> and could hardly imagine what this colour might be."	"Quest,Election"	"У цэлым ваш адказ не зрабіў асаблівага ўражаньня, бо журналісты, што сядзелі ў залі, рэдка пакідалі плянэту <ToPlanet> і слаба ўяўлялі сабе гэты колер."
"/quests/Election.qmm/jumps/97/text"	"Надо купить на все деньги местного пойла, напоить вождя, и можно считать, что идол у вас в кармане!"	"Quest Election.qmm: jumps.97.text. Preserve every <tag> exactly. English reference: You should buy the local booze for all your money, make the chief drunk, and you can count that the idol is yours!"	"Quest,Election"	"Трэба купіць на ўсе грошы мясцовага пітва, напаіць правадыра, і можна лічыць, што ідал у вас у кішэні!"
"/quests/Election.qmm/jumps/97/description"	"<clr>Люди, пеленги и малоки<clrEnd> дружно рассмеялись - именно так и надо поступать с отсталыми расами, нечего с ними церемониться!!! Однако в секторе <clr>фэян и гаальцев<clrEnd> послышались глухие перешептывания о ""неэтичных методах"" и ""спаивании первобытных рас""."	"Quest Election.qmm: jumps.97.description. Preserve every <tag> exactly. English reference: <clr>Humans, Pelengs and Maloqs<clrEnd> laughed at that - yes, that's how it is best to treat other races, without mittens!!! But some mumbling against ""non-ethical methods"" and ""Providing booze to primeval races"" was heard from the <clr>Faeyan and Gaalian<clrEnd> seats."	"Quest,Election"	"<clr>Людзі, пеленгі і малокі<clrEnd> дружна зарагаталі — менавіта так і трэба абыходзіцца з адсталымі расамі, няма чаго зь імі цырымоніцца!!! Аднак у сэктары <clr>фэянаў і гаальцаў<clrEnd> пачуліся глухія перашэптваньні пра ""неэтычныя мэтады"" і ""спайваньне першабытных расаў""."
"/quests/Election.qmm/jumps/98/text"	"Следующий вопрос, пожалуйста"	"Quest Election.qmm: jumps.98.text. Preserve every <tag> exactly. English reference: Next question, please"	"Quest,Election"	"Наступнае пытаньне, калі ласка"
"/quests/Election.qmm/jumps/99/text"	"На этом я хотел бы закончить пресс-конференцию: обеденный перерыв!"	"Quest Election.qmm: jumps.99.text. Preserve every <tag> exactly. English reference: I would like to finish my press conference on that: now, it's lunchtime!"	"Quest,Election"	"На гэтым я хацеў бы скончыць прэс-канфэрэнцыю: абедзенны перапынак!"
"/quests/Election.qmm/jumps/100/text"	"Это клевета на малокские истребители! Я не буду отвечать на такой провокационный вопрос!!!"	"Quest Election.qmm: jumps.100.text. Preserve every <tag> exactly. English reference: This is a slander about Maloq fighters! I will not answer this question!!!"	"Quest,Election"	"Гэта паклёп на малокскія зьнішчальнікі! Я не буду адказваць на такое правакацыйнае пытаньне!!!"
"/quests/Election.qmm/jumps/100/description"	"После такого ответа бурная овация со стороны <clr>малоков<clrEnd> была вам гарантирована! Но все остальные даже не пытались скрыть своего презрения к вашей глупости, так как недостатки малокской технологии давно уже стали темой для анекдотов..."	"Quest Election.qmm: jumps.100.description. Preserve every <tag> exactly. English reference: After such an answer a huge ovation from the <clr>Maloqs<clrEnd> was guaranteed! But all the others did not even try to hide contempt for your stupidity, since the drawbacks of the Maloq technologies have long become a story..."	"Quest,Election"	"Пасьля такога адказу бурная авацыя з боку <clr>малокаў<clrEnd> была вам гарантаваная! Але ўсе астатнія нават не спрабавалі схаваць сваёй пагарды да вашай дурнаты, бо недахопы малокскай тэхналёгіі даўно ўжо сталі тэмай для анэкдотаў..."
"/quests/Election.qmm/jumps/101/text"	"(Вырезано цензурой)"	"Quest Election.qmm: jumps.101.text. Preserve every <tag> exactly. English reference: (Censored)"	"Quest,Election"	"(Выразана цэнзурай)"
"/quests/Election.qmm/jumps/101/description"	"Ваша тирада вызвала дружный смех среди <clr>людей и пеленгов<clrEnd> - эти ребята понимают толк в крепких выражениях! Однако <clr>гаальцы и малоки<clrEnd> были искренне возмущены: первым не понравилась нецензурность ваших слов, а вторым - неуважение к командованию. И лишь <clr>фэяне<clrEnd> остались равнодушны, так как гермафродитам было трудно понять всю силу озвученных вами выражений."	"Quest Election.qmm: jumps.101.description. Preserve every <tag> exactly. English reference: Your phrase cased great laugh among the <clr>Humans and Pelengs<clrEnd> - these guys understand what a good phase is! But the <clr>Gaals and Maloqs<clrEnd> were sincerely outraged: the first did not like the dirtiness of your expression, and the second your disrespect for the command. And only the <clr>Faes<clrEnd> remained indifferent, because for the hermaphrodites it was difficult to appreciate the whole strength of your words."	"Quest,Election"	"Ваша тырада выклікала дружны сьмех сярод <clr>людзей і пеленгаў<clrEnd> — гэтыя хлопцы разьбіраюцца ў моцных выразах! Аднак <clr>гаальцы і малокі<clrEnd> былі шчыра абураныя: першым не спадабалася нецэнзурнасьць вашых словаў, а другім — непавага да камандаваньня. І толькі <clr>фэяне<clrEnd> засталіся абыякавыя, бо гермафрадытам было цяжка зразумець усю сілу агучаных вамі выразаў."
"/quests/Election.qmm/jumps/102/text"	"Там видно будет"	"Quest Election.qmm: jumps.102.text. Preserve every <tag> exactly. English reference: We will see"	"Quest,Election"	"Там відаць будзе"
"/quests/Election.qmm/jumps/103/text"	"Именно так!"	"Quest Election.qmm: jumps.103.text. Preserve every <tag> exactly. English reference: That's right!"	"Quest,Election"	"Менавіта так!"
"/quests/Election.qmm/jumps/104/text"	"Ну, в данном вопросе мы, конечно, сделаем исключение"	"Quest Election.qmm: jumps.104.text. Preserve every <tag> exactly. English reference: We will make an exception"	"Quest,Election"	"Ну, у гэтым пытаньні мы, вядома, зробім вынятак"
"/quests/Election.qmm/jumps/105/text"	"Думаю, для этих целей мы найдем независимых спонсоров"	"Quest Election.qmm: jumps.105.text. Preserve every <tag> exactly. English reference: I think we will find individual sponsors for that"	"Quest,Election"	"Думаю, на гэтыя мэты мы знойдзем незалежных спонсараў"
"/quests/Election.qmm/jumps/106/text"	"Ах да, этот налог мы непременно отменим!"	"Quest Election.qmm: jumps.106.text. Preserve every <tag> exactly. English reference: Ah, yes, we will definitely cancel that tax"	"Quest,Election"	"Ах так, гэты падатак мы абавязкова скасуем!"
"/quests/Election.qmm/jumps/107/text"	"Я же ясно сказал - все будет как раньше!!!"	"Quest Election.qmm: jumps.107.text. Preserve every <tag> exactly. English reference: I told you - everything will be as it used to be!!!"	"Quest,Election"	"Я ж ясна сказаў — усё будзе як раней!!!"
"/quests/Election.qmm/jumps/108/text"	"Этот вопрос будет решаться отдельно"	"Quest Election.qmm: jumps.108.text. Preserve every <tag> exactly. English reference: This issue will be resolved independently"	"Quest,Election"	"Гэтае пытаньне будзе вырашацца асобна"
"/quests/Election.qmm/jumps/109/text"	"Нисколько!"	"Quest Election.qmm: jumps.109.text. Preserve every <tag> exactly. English reference: Not at all!"	"Quest,Election"	"Аніколькі!"
"/quests/Election.qmm/jumps/110/text"	"Это не самое страшное, что может случиться"	"Quest Election.qmm: jumps.110.text. Preserve every <tag> exactly. English reference: This is not the most horrible thing that might happen"	"Quest,Election"	"Гэта не самае страшнае, што можа здарыцца"
"/quests/Election.qmm/jumps/111/text"	"Ну, мы не собираемся повышать налоги сильно! Так, чуть-чуть совсем..."	"Quest Election.qmm: jumps.111.text. Preserve every <tag> exactly. English reference: Well, we are not going to raise taxes a lot! Well, a little bit, maybe..."	"Quest,Election"	"Ну, мы не зьбіраемся павышаць падаткі моцна! Так, зусім крыху..."
"/quests/Election.qmm/jumps/112/text"	"Главное, чтобы на содержание президентского аппарата денег хватило, а все остальное - ерунда"	"Quest Election.qmm: jumps.112.text. Preserve every <tag> exactly. English reference: The main thing is that the planet have enough money to feed the presidential administration, all the rest is unessential"	"Quest,Election"	"Галоўнае, каб на ўтрыманьне прэзыдэнцкага апарату грошай хапіла, а ўсё астатняе — лухта"
"/quests/Election.qmm/jumps/113/text"	"Нет, мы, конечно, отменим все несправедливые налоги и добавим справедливые, но в основном все останется как было!"	"Quest Election.qmm: jumps.113.text. Preserve every <tag> exactly. English reference: Well, we will definitely abolish all unjust taxes and will add just ones, but in general everything will remain as it used to be!"	"Quest,Election"	"Не, мы, вядома, скасуем усе несправядлівыя падаткі і дададзім справядлівыя, але ў асноўным усё застанецца як было!"
"/quests/Election.qmm/jumps/114/text"	"В первый раз слышу о такой проблеме. Вы о чем вообще?!"	"Quest Election.qmm: jumps.114.text. Preserve every <tag> exactly. English reference: It's the first time I hear about a problem like that. What do you mean?!"	"Quest,Election"	"Упершыню чую пра такую праблему. Вы пра што наогул?!"
"/quests/Election.qmm/jumps/115/text"	"Думаю, мы сможем дотировать бизнес из бюджета, так что все опасения напрасны"	"Quest Election.qmm: jumps.115.text. Preserve every <tag> exactly. English reference: I think we can subsidise business from the budget, you should not be so concerned about it."	"Quest,Election"	"Думаю, мы зможам датаваць бізнэс з бюджэту, так што ўсе асьцярогі марныя"
"/quests/Election.qmm/jumps/116/text"	"Если такая проблема возникнет, то мы и будем ее решать. Сейчас-то чего мозги парить?"	"Quest Election.qmm: jumps.116.text. Preserve every <tag> exactly. English reference: If such a problem arises will we be solving it at that time. Why beat brains with it now?"	"Quest,Election"	"Калі такая праблема паўстане, то мы яе і будзем вырашаць. Навошта цяпер галаву сушыць?"
"/quests/Election.qmm/jumps/117/text"	"Думаю, что начальство здесь ни при чем"	"Quest Election.qmm: jumps.117.text. Preserve every <tag> exactly. English reference: I think that the command does not have anything to do with it"	"Quest,Election"	"Думаю, што начальства тут ні пры чым"
"/quests/Election.qmm/jumps/117/description"	"Ваш ответ звучал не очень логично, но <clr>малокам и гаальцам<clrEnd> он понравился своим патриотизмом и непредвзятостью соответственно. Зато <clr>пеленги, люди и фэяне<clrEnd>, судя по их усмешкам, были совсем не лучшего мнения о ваших умственных способностях."	"Quest Election.qmm: jumps.117.description. Preserve every <tag> exactly. English reference: You reply was not so logical, but the <clr>Maloqs and Gaals<clrEnd> liked it because of its patriotism and objectivity respectively. But the <clr>Pelengs, Humans and Faes<clrEnd>, judging by their grins, were not of a high opinion about your mental capability."	"Quest,Election"	"Ваш адказ гучаў ня вельмі лягічна, але <clr>малокам і гаальцам<clrEnd> ён спадабаўся сваім патрыятызмам і непрадузятасьцю адпаведна. Затое <clr>пеленгі, людзі і фэяне<clrEnd>, мяркуючы па іхніх усьмешках, мелі зусім не лепшую думку пра вашыя разумовыя здольнасьці."
"/quests/Election.qmm/jumps/118/text"	"Думаю, что я подал бы на него в суд, если, конечно, остался бы в живых после такой передряги"	"Quest Election.qmm: jumps.118.text. Preserve every <tag> exactly. English reference: I think that I would sue him, if I would survive such a mess"	"Quest,Election"	"Думаю, што я падаў бы на яго ў суд, калі, вядома, застаўся б жывы пасьля такой заварухі"
"/quests/Election.qmm/jumps/118/description"	"Ваш разумный и цивилизованный ответ пришелся по душе всем, кроме <clr>пеленгов и малоков<clrEnd> - первые явно не очень уважали законные методы достижения цели, а у вторых просто не укладывалась в голове идея, как можно подать в суд на собственного командира."	"Quest Election.qmm: jumps.118.description. Preserve every <tag> exactly. English reference: Your reasonable and civilised response was to everyone's liking, except the <clr>Pelengs and Maloqs<clrEnd> - the first apparently were not in support of legal ways of reaching a goal, and the second just could not imagine how one can sue its own commander."	"Quest,Election"	"Ваш разумны і цывілізаваны адказ прыйшоўся да душы ўсім, апроч <clr>пеленгаў і малокаў<clrEnd> — першыя яўна не вельмі паважалі законныя мэтады дасягненьня мэты, а ў другіх проста не ўкладвалася ў галаве, як можна падаць у суд на ўласнага камандзіра."
"/quests/Election.qmm/jumps/119/text"	"Думаю, что я сам во всем виноват - нечего было соглашаться на испытание малокского истребителя"	"Quest Election.qmm: jumps.119.text. Preserve every <tag> exactly. English reference: I think I am the one to blame - I should not have agreed to test a Maloq fighter"	"Quest,Election"	"Думаю, што я сам ва ўсім вінаваты — не трэба было згаджацца на выпрабаваньне малокскага зьнішчальніка"
"/quests/Election.qmm/jumps/119/description"	"Ваш ответ на провокационный вопрос пеленга прозвучал вполне разумно, так что все остались довольны. Кроме, разумеется, <clr>малоков<clrEnd>, которые усмотрели в ваших словах наглую попытку очернить малокские истребители."	"Quest Election.qmm: jumps.119.description. Preserve every <tag> exactly. English reference: Your reply to the provocative question sounded rather reasonable so that everyone, naturally except the <clr>Maloqs<clrEnd>, was pleased. The Maloqs thought is was a bold attempt to blacken their fighters."	"Quest,Election"	"Ваш адказ на правакацыйнае пытаньне пеленга прагучаў цалкам разумна, так што ўсе засталіся задаволеныя. Апроч, вядома, <clr>малокаў<clrEnd>, якія ўгледзелі ў вашых словах нахабную спробу абгаварыць малокскія зьнішчальнікі."
"/quests/Election.qmm/jumps/120/text"	"Надо изучить культуру этого племени, узнать их нравы и обычаи. Глядишь, они и сами отдадут вам этого идола!"	"Quest Election.qmm: jumps.120.text. Preserve every <tag> exactly. English reference: You need to study the culture of that tribe, learn their folkways and customs. Why, they can just give this idol to you themselves!"	"Quest,Election"	"Трэба вывучыць культуру гэтага племя, даведацца іх норавы і звычаі. Глядзі, яны і самі аддадуць вам гэтага ідала!"
"/quests/Election.qmm/jumps/120/description"	"<clr>Гаальцам и фэянам<clrEnd> очень понравилась предложенная вами тактика - действительно, знания являются ключом ко всему! Вот только у <clr>малоков и пеленгов<clrEnd> ваши слова вызвали лишь презрительную зевоту - эти ребята явно знают методы и поэффективней! Мнения присутствовавших в зале <clr>людей<clrEnd> разделились."	"Quest Election.qmm: jumps.120.description. Preserve every <tag> exactly. English reference: The <clr>Gaals and Faes<clrEnd> liked the tactics you proposed - really, the knowledge is the best clue to anything! Only the <clr>Maloqs and Pelengs <clrEnd> were contemptuously gaping at your words, they surely knew some more effective methods! The <clr>Humans<clrEnd> were divided on that."	"Quest,Election"	"<clr>Гаальцам і фэянам<clrEnd> вельмі спадабалася прапанаваная вамі тактыка — сапраўды, веды ёсьць ключом да ўсяго! Вось толькі ў <clr>малокаў і пеленгаў<clrEnd> вашыя словы выклікалі толькі пагардлівае пазяханьне — гэтыя хлопцы яўна ведаюць мэтады і куды лепшыя! Меркаваньні прысутных у залі <clr>людзей<clrEnd> падзяліліся."
"/quests/Election.qmm/jumps/121/text"	"Я бы попробовал ошеломить это племя техническим прогрессом - показал бы им свой корабль, оружие и технику. После этого туземцы наверняка стали бы сговорчивее!"	"Quest Election.qmm: jumps.121.text. Preserve every <tag> exactly. English reference: I would try to shock this tribe by the technical progress - I would show them my spaceship, weaponry and materiel. I think the locals would become more compliant!"	"Quest,Election"	"Я б паспрабаваў ашаламіць гэтае племя тэхнічным прагрэсам — паказаў бы ім свой карабель, зброю і тэхніку. Пасьля гэтага тубыльцы напэўна сталі б згаворлівыя!"
"/quests/Election.qmm/jumps/121/description"	"Этот путь особенно понравился <clr>фэянам<clrEnd>, которые по праву гордились своим техническим прогрессом. Да и <clr>люди, пеленги и малоки<clrEnd>, кажется, были вполне удовлетворены. И только <clr>гаальцы<clrEnd> усмотрели в вашем предложении какие-то проблемы этического плана."	"Quest Election.qmm: jumps.121.description. Preserve every <tag> exactly. English reference: The <clr>Faes<clrEnd>, were impressed by this line of action the most, for they were so proud of their technical progress. The <clr>Humans, Pelengs, and Maloqs<clrEnd>, seemed to be also satisfied. Only the <clr>Gaals<clrEnd> poked some ethical problems in this..."	"Quest,Election"	"Гэты шлях асабліва спадабаўся <clr>фэянам<clrEnd>, якія па праве ганарыліся сваім тэхнічным прагрэсам. Ды і <clr>людзі, пеленгі і малокі<clrEnd>, здаецца, былі цалкам задаволеныя. І толькі <clr>гаальцы<clrEnd> угледзелі ў вашай прапанове нейкія праблемы этычнага кшталту."
"/quests/Election.qmm/jumps/122/text"	"Эта игра потворствует разграблению культурных ценностей первобытных рас! Ее вообще надо запретить!"	"Quest Election.qmm: jumps.122.text. Preserve every <tag> exactly. English reference: This game implies stealing the cultural values of the primeval races, it should be outlawed at once and for all!"	"Quest,Election"	"Гэтая гульня спрыяе рабаваньню культурных каштоўнасьцяў першабытных расаў! Яе наогул трэба забараніць!"
"/quests/Election.qmm/jumps/122/description"	"После такого ответа <clr>гаальцы<clrEnd> аплодировали вам стоя, да и тупые <clr>малоки<clrEnd>, присоединились к ним, так как их кинзой не пои, только дай что-нибудь позапрещать. Однако <clr>пеленги, фэяне<clrEnd> и особенно <clr>люди<clrEnd> не видели в этой игре ничего криминального."	"Quest Election.qmm: jumps.122.description. Preserve every <tag> exactly. English reference: After such a reply the <clr>Gaals<clrEnd> applauded you in standing, and the stupid <clr>Maloqs<clrEnd>, were quick to follow suit, for they would rather miss a round of kinza drinking than the opportunity to outlaw something. But the <clr>Pelengs, Faes<clrEnd> and especially <clr>Humans<clrEnd> did not see anything criminal in it."	"Quest,Election"	"Пасьля такога адказу <clr>гаальцы<clrEnd> пляскалі вам стоячы, ды і тупыя <clr>малокі<clrEnd>, далучыліся да іх, бо іх кінзай не паі, толькі дай што-небудзь забараніць. Аднак <clr>пеленгі, фэяне<clrEnd> і асабліва <clr>людзі<clrEnd> не бачылі ў гэтай гульні нічога крымінальнага."
"/quests/Election.qmm/jumps/123/text"	"К сожалению, я дальтоник - цветов не различаю"	"Quest Election.qmm: jumps.123.text. Preserve every <tag> exactly. English reference: Unfortunately I am colour blind, daltonian - I cannot distinguish colours"	"Quest,Election"	"На жаль, я дальтонік — колераў не адрозьніваю"
"/quests/Election.qmm/jumps/123/description"	"Пристыженный Ща Даам пробормотал кучу извинений и сел на место. Судя по реакции зала, ваше вынужденное признание переполнило сердца <clr>фэян, гаальцев и людей<clrEnd> жалостью, а <clr>малоков и пеленгов<clrEnd> - презрением к вам."	"Quest Election.qmm: jumps.123.description. Preserve every <tag> exactly. English reference: Shooch Yaa sat down ashamed. The reaction of the hall showed that your forced confession filled the <clr>Faeyan, Gaalian and Human<clrEnd> hearts with pity and the <clr>Maloq and Peleng<clrEnd> hearts with contempt."	"Quest,Election"	"Прысаромлены Шча Даам прамармытаў кучу прабачэньняў і сеў на месца. Мяркуючы па рэакцыі залі, ваша вымушанае прызнаньне перапоўніла сэрцы <clr>фэянаў, гаальцаў і людзей<clrEnd> жалем, а <clr>малокаў і пеленгаў<clrEnd> — пагардай да вас."
"/quests/Election.qmm/jumps/125/text"	"Следующий вопрос, пожалуйста"	"Quest Election.qmm: jumps.125.text. Preserve every <tag> exactly. English reference: Next question, please"	"Quest,Election"	"Наступнае пытаньне, калі ласка"
"/quests/Election.qmm/jumps/126/text"	"На этом я хотел бы закончить пресс-конференцию: обеденный перерыв!"	"Quest Election.qmm: jumps.126.text. Preserve every <tag> exactly. English reference: I would like to finish my press conference on that: now, it's lunchtime!"	"Quest,Election"	"На гэтым я хацеў бы скончыць прэс-канфэрэнцыю: абедзенны перапынак!"
"/quests/Election.qmm/jumps/127/text"	"Я бы заплатил - глупо терять жизнь и ценный корабль из-за каких-то денег"	"Quest Election.qmm: jumps.127.text. Preserve every <tag> exactly. English reference: I would pay the money - it's stupid to lose the life and spaceship because of them money"	"Quest,Election"	"Я б заплаціў — глупства губляць жыцьцё і каштоўны карабель праз нейкія грошы"
"/quests/Election.qmm/jumps/127/description"	"Это разумное решение понравилось <clr>гаальцам<clrEnd> (жизнь дороже любых денег!), <clr>фэянам<clrEnd> (остаточная стоимость корабля, как правило, превосходит сумму выкупа) и <clr>пеленгам<clrEnd> (пиратам надо платить - такова жизнь, да!). Однако вошедшая в поговорку жадность <clr>людей<clrEnd> не могла смириться со столь безвольным расставанием с деньгами. Что же касается <clr>малоков<clrEnd>, то после небольшой драки приверженцы боя до конца одержали небольшой перевес над сторонниками сохранения боеспособной единицы."	"Quest Election.qmm: jumps.127.description. Preserve every <tag> exactly. English reference: This judicious decision impressed the <clr>Gaals<clrEnd> (life is more expensive than money!), <clr>Faes<clrEnd> (the ship's depreciation value would exceed the sum of the ransom) and <clr>Pelengs<clrEnd> (Yes you have to pay the pirates, se la vie!). But the proverbial greed of the <clr>Humans<clrEnd> could not tolerate parting with the money. And, as concerns the <clr>Maloqs<clrEnd>, after a short fight stopped, the adherents of fighting easily won over the small amount of combat capable unit followers."	"Quest,Election"	"Гэтае разумнае рашэньне спадабалася <clr>гаальцам<clrEnd> (жыцьцё даражэйшае за любыя грошы!), <clr>фэянам<clrEnd> (рэшткавы кошт карабля, як правіла, перавышае суму выкупу) і <clr>пеленгам<clrEnd> (піратам трэба плаціць — такое жыцьцё, так!). Аднак прагнасьць <clr>людзей<clrEnd>, што ўвайшла ў прыказку, не магла згадзіцца з такім бязвольным расстаньнем з грашыма. Што ж да <clr>малокаў<clrEnd>, то пасьля невялікай бойкі прыхільнікі бою да канца атрымалі невялікую перавагу над прыхільнікамі захаваньня баяздольнай адзінкі."
"/quests/Election.qmm/jumps/128/text"	"Я бы принял бой! Погибнуть в бою - это высшая честь для любого разумного существа!"	"Quest Election.qmm: jumps.128.text. Preserve every <tag> exactly. English reference: I would engage in fight! This is the highest honour for any reasonable being to die in action!"	"Quest,Election"	"Я б прыняў бой! Загінуць у баі — гэта найвышэйшы гонар для любой разумнай істоты!"
"/quests/Election.qmm/jumps/128/description"	"- Молодец, <Ranger>! - воскликнул Карра Ббах, садясь на место под восторженный рев других <clr>малокских<clrEnd> журналистов. - Другого ответа я от тебя и не ожидал!

Однако, судя по выражению лиц журналистов других рас, они явно ждали от вас более практичного решения."	"Quest Election.qmm: jumps.128.description. Preserve every <tag> exactly. English reference: - Excellent, <Ranger>! - Karra Bach exclaimed sitting down accompanied by excited roar of other <clr>Maloq<clrEnd> journalists. - I would not expect any other reply!

But the other races were waiting for a more practical decision from you, as their dull countenances well expressed."	"Quest,Election"	"— Малайчына, <Ranger>! — усклікнуў Карра Ббах, садзячыся на месца пад захапляльны роў іншых <clr>малокскіх<clrEnd> журналістаў. — Іншага адказу я ад цябе і не чакаў!

Аднак, мяркуючы па выразе твараў журналістаў іншых расаў, яны яўна чакалі ад вас больш практычнага рашэньня."
"/quests/Election.qmm/jumps/129/text"	"Я бы постарался прыгнуть в гипер - там всегда можно подлечится, замочив парочку-другую пиратов"	"Quest Election.qmm: jumps.129.text. Preserve every <tag> exactly. English reference: I would try to jump into a hyper - you can always heal yourself there, having shot a couple of pirates"	"Quest,Election"	"Я б пастараўся скочыць у гіпэр — там заўсёды можна падлячыцца, прыбіўшы пару-другую піратаў"
"/quests/Election.qmm/jumps/129/description"	"- Скорее пираты в гипере замочат тебя! - обиженно крикнул кто-то из <clr>пеленгов<clrEnd>. Вряд ли ваш ответ будет популярен среди представителей этой расы.

Однако все остальные были в общем довольны. <clr>Фэянам и гаальцам<clrEnd> понравилась логичность вашего решения и желание уничтожать гиперпространственных пиратов, <clr>людям<clrEnd> - что не надо платить денег, а <clr>малокам<clrEnd> - что бой все равно состоится."	"Quest Election.qmm: jumps.129.description. Preserve every <tag> exactly. English reference: - It's more likely that the pirates will shoot you in the hyper! - someone of the <clr>Pelengs<clrEnd> shouted offended. Looks like you answer will not gain support among that race.

But all the rest were in general pleased. The <clr>Faes and Gaals<clrEnd> enjoyed the logic of your decision and the desire to destroy the pirates of the hyperstate, <clr>Humans<clrEnd> liked the fact that there was no need to pay the money, and<clr>Maloqs<clrEnd> - that the fight would take place anyway."	"Quest,Election"	"— Хутчэй піраты ў гіпэры прышыюць цябе! — пакрыўджана крыкнуў нехта з <clr>пеленгаў<clrEnd>. Наўрад ці ваш адказ будзе папулярны сярод прадстаўнікоў гэтай расы.

Аднак усе астатнія былі ў цэлым задаволеныя. <clr>Фэянам і гаальцам<clrEnd> спадабалася лягічнасьць вашага рашэньня і жаданьне зьнішчаць гіпэрпрасторавых піратаў, <clr>людзям<clrEnd> — што не трэба плаціць грошай, а <clr>малокам<clrEnd> — што бой усё адно адбудзецца."
"/quests/Election.qmm/jumps/130/text"	"Я бы вступил в переговоры, торговался, тянул бы время и попытался бы долететь до ближайшей планеты"	"Quest Election.qmm: jumps.130.text. Preserve every <tag> exactly. English reference: I would begin negotiations, bargain and hang out for terms, kill time and try to get to the nearest planet"	"Quest,Election"	"Я б уступіў у перамовы, таргаваўся б, цягнуў бы час і паспрабаваў бы даляцець да найбліжэйшай плянэты"
"/quests/Election.qmm/jumps/130/description"	"Ваша тактика встретила особенное одобрение среди <clr>людей<clrEnd> - признанных в Галактике мастеров торговаться и тянуть время. <clr>Фэянам и гаальцам<clrEnd> идея дипломатического разрешения конфликта также пришлась по вкусу. Однако <clr>пеленги<clrEnd> были возмущены попыткой столь нагло надуть пирата (так он будет с вами разговаривать - влепит по вам из всех орудий, и дело с концом!), а <clr>малоки<clrEnd> - самой идеей торговаться вместо боя."	"Quest Election.qmm: jumps.130.description. Preserve every <tag> exactly. English reference: Your tactics were fully endorsed by the <clr>Humans<clrEnd> - the acknowledged masters of the Galaxy in bargaining and killing time. The <clr>Faes and Gaals<clrEnd> also approved of the idea of a diplomatic settlement of the conflict. But the <clr>Pelengs<clrEnd> were enraged with so bashful an attempt to trick a pirate (well, you think he will talk to you that much - he will shoot you an that's that!), and the <clr>Maloqs<clrEnd> despised the idea of bargaining instead of fighting."	"Quest,Election"	"Ваша тактыка сустрэла асаблівае ўхваленьне сярод <clr>людзей<clrEnd> — прызнаных у Галяктыцы майстроў таргавацца і цягнуць час. <clr>Фэянам і гаальцам<clrEnd> ідэя дыпляматычнага вырашэньня канфлікту таксама прыйшлася да спадобы. Аднак <clr>пеленгі<clrEnd> былі абураныя спробай так нахабна ашукаць пірата (дык ён будзе з вамі размаўляць — выпаліць па вас з усіх гарматаў, і справе канец!), а <clr>малокі<clrEnd> — самой ідэяй таргавацца замест бою."
"/quests/Election.qmm/jumps/131/text"	"Я бы заплатил, сел на планету, починился, а потом нашел бы того пирата и всыпал бы ему по первое число!"	"Quest Election.qmm: jumps.131.text. Preserve every <tag> exactly. English reference: I would pay him, then land at a planet, repair the ship, take off, find that pirate and victimise him!"	"Quest,Election"	"Я б заплаціў, сеў на плянэту, паправіўся, а потым знайшоў бы таго пірата і задаў бы яму чосу!"
"/quests/Election.qmm/jumps/131/description"	"Реакция зала была неоднозначной.

- Отложить бой до более выгодных условий - это вполне допустимый маневр! - решили <clr>малоки<clrEnd>.
- Главное, не забыть потом вытрясти из пирата вдвое большую сумму, - утверждали <clr>люди<clrEnd>.
- Жажда мести - это низменное, животное чувство! - убеждали <clr>гаальцы<clrEnd>.
- Пиратов надо уничтожать любыми средствами! - непреклонно заявляли <clr>фэяне<clrEnd>.
- Пират тоже не дурак! Так он и будет ждать, пока ты починишься! Прыгнет в другую систему, и дело с концом! - возмущались <clr>пеленги<clrEnd>.

Минут через пять гул в зале постепенно стих."	"Quest Election.qmm: jumps.131.description. Preserve every <tag> exactly. English reference: The reaction was ambiguous.

The <clr>Maloqs<clrEnd> decided that to postpone the fight until the conditions get better is a good manoeuvre!.
- The main thing is to get double from the pirate later, - claimed the <clr>Humans<clrEnd>.
- Revenge is a base animal feeling! - the <clr>Gaals<clrEnd> insisted.
- The pirates should be destroyed with all the means possible! - proclaimed the <clr>Faes<clrEnd>.
- Pirate is not an idiot himself! He will not wait before you will be repaired! He will jump into another system and that's all! - all the <clr>Pelengs <clrEnd> shouted.

Within five minutes the noise in the hall died out."	"Quest,Election"	"Рэакцыя залі была неадназначнай.

— Адкласьці бой да больш выгадных умоваў — гэта цалкам дапушчальны манеўр! — вырашылі <clr>малокі<clrEnd>.
— Галоўнае — не забыцца потым вытрасьці з пірата ўдвая большую суму, — сьцьвярджалі <clr>людзі<clrEnd>.
— Прага помсты — гэта нізкае, жывёльнае пачуцьцё! — пераконвалі <clr>гаальцы<clrEnd>.
— Піратаў трэба зьнішчаць любымі сродкамі! — непахісна заяўлялі <clr>фэяне<clrEnd>.
— Пірат таксама не дурань! Дык ён і будзе чакаць, пакуль ты не адрамантуеш карабель! Скокне ў іншую сыстэму, і справе канец! — абураліся <clr>пеленгі<clrEnd>.

Хвілінаў праз пяць гул у залі паступова сьціх."
"/quests/Election.qmm/jumps/132/text"	"Не использовать грязные методы"	"Quest Election.qmm: jumps.132.text. Preserve every <tag> exactly. English reference: Don't use dirty methods"	"Quest,Election"	"Не ўжываць брудныя мэтады"
"/quests/Election.qmm/jumps/133/text"	"Людей"	"Quest Election.qmm: jumps.133.text. Preserve every <tag> exactly. English reference: Humans"	"Quest,Election"	"Людзей"
"/quests/Election.qmm/jumps/134/text"	"Малоков"	"Quest Election.qmm: jumps.134.text. Preserve every <tag> exactly. English reference: Maloqs"	"Quest,Election"	"Малокаў"
"/quests/Election.qmm/jumps/135/text"	"Пеленгов"	"Quest Election.qmm: jumps.135.text. Preserve every <tag> exactly. English reference: Pelengs"	"Quest,Election"	"Пеленгаў"
"/quests/Election.qmm/jumps/136/text"	"Гаальцев"	"Quest Election.qmm: jumps.136.text. Preserve every <tag> exactly. English reference: Gaals"	"Quest,Election"	"Гаальцаў"
"/quests/Election.qmm/jumps/137/text"	"Фэян"	"Quest Election.qmm: jumps.137.text. Preserve every <tag> exactly. English reference: Faes"	"Quest,Election"	"Фэянаў"
"/quests/Election.qmm/jumps/139/text"	"Порядок и безопасность"	"Quest Election.qmm: jumps.139.text. Preserve every <tag> exactly. English reference: Law and Order"	"Quest,Election"	"Парадак і бясьпека"
"/quests/Election.qmm/jumps/140/text"	"Оборона и вооружение"	"Quest Election.qmm: jumps.140.text. Preserve every <tag> exactly. English reference: Armament and Defence"	"Quest,Election"	"Абарона і ўзбраеньне"
"/quests/Election.qmm/jumps/141/text"	"Образование и наука"	"Quest Election.qmm: jumps.141.text. Preserve every <tag> exactly. English reference: Science and Education"	"Quest,Election"	"Адукацыя і навука"
"/quests/Election.qmm/jumps/142/text"	"Культура и искусство"	"Quest Election.qmm: jumps.142.text. Preserve every <tag> exactly. English reference: Art and Culture"	"Quest,Election"	"Культура і мастацтва"
"/quests/Election.qmm/jumps/143/text"	"Торговля и бизнес"	"Quest Election.qmm: jumps.143.text. Preserve every <tag> exactly. English reference: Business and Trade"	"Quest,Election"	"Гандаль і бізнэс"
"/quests/Election.qmm/jumps/144/text"	"Укрепление вертикали власти"	"Quest Election.qmm: jumps.144.text. Preserve every <tag> exactly. English reference: Strengthening of the authority"	"Quest,Election"	"Умацаваньне вэртыкалі ўлады"
"/quests/Election.qmm/jumps/145/text"	"Физкультура и спорт"	"Quest Election.qmm: jumps.145.text. Preserve every <tag> exactly. English reference: Sports and Physical Training"	"Quest,Election"	"Фізкультура і спорт"
"/quests/Election.qmm/jumps/146/text"	"Все направления будут одинаково приоритетными"	"Quest Election.qmm: jumps.146.text. Preserve every <tag> exactly. English reference: All the areas will have the same priority"	"Quest,Election"	"Усе кірункі будуць аднолькава прыярытэтнымі"
"/quests/Election.qmm/jumps/147/text"	"Будем развивать новые военные технологии"	"Quest Election.qmm: jumps.147.text. Preserve every <tag> exactly. English reference: We will develop new military technologies"	"Quest,Election"	"Будзем разьвіваць новыя вайсковыя тэхналёгіі"
"/quests/Election.qmm/jumps/148/text"	"Будем строить новые военные заводы"	"Quest Election.qmm: jumps.148.text. Preserve every <tag> exactly. English reference: We will construct new military plants"	"Quest,Election"	"Будзем будаваць новыя вайсковыя заводы"
"/quests/Election.qmm/jumps/149/text"	"Увеличим срок обязательной военной службы до пяти лет"	"Quest Election.qmm: jumps.149.text. Preserve every <tag> exactly. English reference: We will increase the term of military duty for five years"	"Quest,Election"	"Павялічым тэрмін абавязковай вайсковай службы да пяці гадоў"
"/quests/Election.qmm/jumps/150/text"	"Закупим новое оружие на индустриально развитых планетах"	"Quest Election.qmm: jumps.150.text. Preserve every <tag> exactly. English reference: We will procure new weapons from industrially developed countries"	"Quest,Election"	"Закупім новую зброю на прамыслова разьвітых плянэтах"
"/quests/Election.qmm/jumps/151/text"	"А чего ее укреплять? И так крепкая!"	"Quest Election.qmm: jumps.151.text. Preserve every <tag> exactly. English reference: Why strengthen it? It is strong enough"	"Quest,Election"	"А навошта яе ўмацоўваць? І так моцная!"
"/quests/Election.qmm/jumps/152/text"	"Повысим зарплату военным"	"Quest Election.qmm: jumps.152.text. Preserve every <tag> exactly. English reference: We will increase military payroll"	"Quest,Election"	"Павысім зарплату вайскоўцам"
"/quests/Election.qmm/jumps/153/text"	"Армию распустим, военные заводы переведем на мирную продукцию. Все равно на нас никто не нападет!"	"Quest Election.qmm: jumps.153.text. Preserve every <tag> exactly. English reference: We will dismiss the army, and transfer military expenses for peaceful purposes. No one will attack us anyway!"	"Quest,Election"	"Войска распусьцім, вайсковыя заводы перавядзём на мірную прадукцыю. Усё адно на нас ніхто не нападзе!"
"/quests/Election.qmm/jumps/154/text"	"Надо будет принять новый, более жесткий уголовный кодекс"	"Quest Election.qmm: jumps.154.text. Preserve every <tag> exactly. English reference: We will have to promulgate a more rigid penal code"	"Quest,Election"	"Трэба будзе прыняць новы, больш жорсткі крымінальны кодэкс"
"/quests/Election.qmm/jumps/155/text"	"Построим новые тюрьмы и будем сажать туда всех подряд"	"Quest Election.qmm: jumps.155.text. Preserve every <tag> exactly. English reference: We will build new prisons and imprison one and all"	"Quest,Election"	"Пабудуем новыя турмы і будзем садзіць туды ўсіх запар"
"/quests/Election.qmm/jumps/156/text"	"Повысим зарплату полицейским"	"Quest Election.qmm: jumps.156.text. Preserve every <tag> exactly. English reference: We will increase policemen salaries"	"Quest,Election"	"Павысім зарплату паліцыянтам"
"/quests/Election.qmm/jumps/157/text"	"Пересмотрим все дела и освободим всех несправедливо осужденных"	"Quest Election.qmm: jumps.157.text. Preserve every <tag> exactly. English reference: We will reconsider all the cases and free all who were convicted unjustly"	"Quest,Election"	"Перагледзім усе справы і вызвалім усіх несправядліва асуджаных"
"/quests/Election.qmm/jumps/158/text"	"Объявим всеобщую амнистию в день моего избрания"	"Quest Election.qmm: jumps.158.text. Preserve every <tag> exactly. English reference: We will proclaim general clemency on the day I am elected"	"Quest,Election"	"Абвесьцім усеагульную амністыю ў дзень майго абраньня"
"/quests/Election.qmm/jumps/159/text"	"Надо будет провести судебную реформу - дела должны разбираться тщательнее, со скрупулезным соблюдением всех положенных по закону формальностей"	"Quest Election.qmm: jumps.159.text. Preserve every <tag> exactly. English reference: We will have to conduct a reform of the criminal court system, with meticulous observance of all the formalities stipulated by the law."	"Quest,Election"	"Трэба будзе правесьці судовую рэформу — справы мусяць разьбірацца больш старанна, са скрупулёзным захаваньнем усіх належных па законе фармальнасьцяў"
"/quests/Election.qmm/jumps/160/text"	"На этом я хотел бы закончить пресс-конференцию - извините, обеденный перерыв!"	"Quest Election.qmm: jumps.160.text. Preserve every <tag> exactly. English reference: I would like to finish my press conference on that - sorry, it's lunchtime!"	"Quest,Election"	"На гэтым я хацеў бы скончыць прэс-канфэрэнцыю — прабачце, абедзенны перапынак!"
"/quests/Election.qmm/jumps/161/text"	"Следующий вопрос, пожалуйста"	"Quest Election.qmm: jumps.161.text. Preserve every <tag> exactly. English reference: Next question, please"	"Quest,Election"	"Наступнае пытаньне, калі ласка"
"/quests/Election.qmm/jumps/164/text"	"Следующий вопрос, пожалуйста"	"Quest Election.qmm: jumps.164.text. Preserve every <tag> exactly. English reference: Next question, please"	"Quest,Election"	"Наступнае пытаньне, калі ласка"
"/quests/Election.qmm/jumps/165/text"	"На этом я хотел бы закончить пресс-конференцию - извините, обеденный перерыв!"	"Quest Election.qmm: jumps.165.text. Preserve every <tag> exactly. English reference: I would like to finish my press conference on that - sorry, it's lunchtime!"	"Quest,Election"	"На гэтым я хацеў бы скончыць прэс-канфэрэнцыю — прабачце, абедзенны перапынак!"
"/quests/Election.qmm/jumps/168/text"	"На этом я хотел бы закончить пресс-конференцию - извините, обеденный перерыв!"	"Quest Election.qmm: jumps.168.text. Preserve every <tag> exactly. English reference: I would like to finish my press conference on that - sorry, it's lunchtime!"	"Quest,Election"	"На гэтым я хацеў бы скончыць прэс-канфэрэнцыю — прабачце, абедзенны перапынак!"
"/quests/Election.qmm/jumps/169/text"	"На этом я хотел бы закончить пресс-конференцию - извините, обеденный перерыв!"	"Quest Election.qmm: jumps.169.text. Preserve every <tag> exactly. English reference: I would like to finish my press conference on that - sorry, it's lunchtime!"	"Quest,Election"	"На гэтым я хацеў бы скончыць прэс-канфэрэнцыю — прабачце, абедзенны перапынак!"
"/quests/Election.qmm/jumps/170/text"	"Следующий вопрос, пожалуйста"	"Quest Election.qmm: jumps.170.text. Preserve every <tag> exactly. English reference: Next question, please"	"Quest,Election"	"Наступнае пытаньне, калі ласка"
"/quests/Election.qmm/jumps/171/text"	"Следующий вопрос, пожалуйста"	"Quest Election.qmm: jumps.171.text. Preserve every <tag> exactly. English reference: Next question, please"	"Quest,Election"	"Наступнае пытаньне, калі ласка"
"/quests/Election.qmm/jumps/180/text"	"Заняться наглядной агитацией"	"Quest Election.qmm: jumps.180.text. Preserve every <tag> exactly. English reference: Start canvassing among the crowd"	"Quest,Election"	"Заняцца нагляднай агітацыяй"
"/quests/Election.qmm/jumps/181/text"	"Заняться наглядной агитацией"	"Quest Election.qmm: jumps.181.text. Preserve every <tag> exactly. English reference: Start canvassing among the crowd"	"Quest,Election"	"Заняцца нагляднай агітацыяй"
"/quests/Election.qmm/jumps/182/text"	"Ничего не будем делать, оставим все как есть"	"Quest Election.qmm: jumps.182.text. Preserve every <tag> exactly. English reference: We will not do anything, we will leave anything as it is"	"Quest,Election"	"Нічога ня будзем рабіць, пакінем усё як ёсьць"
"/quests/Election.qmm/jumps/183/text"	"Зависит от ситуации: если мне это выгодно, то верю, если невыгодно, то не верю"	"Quest Election.qmm: jumps.183.text. Preserve every <tag> exactly. English reference: Everything depends on the situation, if it is profitable for me - I believe, if not - I believe not"	"Quest,Election"	"Залежыць ад сытуацыі: калі мне гэта выгодна, то веру, калі нявыгадна, то не веру"
"/quests/Election.qmm/jumps/183/description"	"Ваш ответ нашел полное понимание у <clr>людей и пеленгов<clrEnd>, многие из которых исповедовали ту же философию. Всем остальным ваш неприкрытый цинизм не пришелся по вкусу, причем больше всех были возмущены <clr>гаальцы<clrEnd>."	"Quest Election.qmm: jumps.183.description. Preserve every <tag> exactly. English reference: Your response was fully endorsed by the <clr>Humans and Pelengs<clrEnd>, most of them were going along the same lines in philosophy. All the rest were disgusted by your cynicism and most of all the <clr>Gaals<clrEnd>."	"Quest,Election"	"Ваш адказ знайшоў поўнае разуменьне ў <clr>людзей і пеленгаў<clrEnd>, многія зь якіх вызнавалі тую ж філязофію. Усім астатнім ваш непрыкрыты цынізм не прыйшоўся да спадобы, прычым больш за ўсіх абурыліся <clr>гаальцы<clrEnd>."
"/quests/Election.qmm/jumps/184/text"	"Если я выиграю эти выборы, то значит, Бог есть!"	"Quest Election.qmm: jumps.184.text. Preserve every <tag> exactly. English reference: If I win this election - this means God exists!"	"Quest,Election"	"Калі я выйграю гэтыя выбары, то значыць, Бог ёсьць!"
"/quests/Election.qmm/jumps/184/description"	"На сей раз даже до малоков дошло, что это - шутка. Однако далеко не всем она понравилась..."	"Quest Election.qmm: jumps.184.description. Preserve every <tag> exactly. English reference: Now even the Maloqs understood that this was a joke, but not all of them liked it..."	"Quest,Election"	"Гэтым разам нават да малокаў дайшло, што гэта — жарт. Аднак далёка не ўсім ён спадабаўся..."
"/quests/Election.qmm/jumps/185/text"	"Нет, потому что в Уставе рейнджеров про Бога ничего не сказано"	"Quest Election.qmm: jumps.185.text. Preserve every <tag> exactly. English reference: No, because the rangers' Charter does not say anything about God"	"Quest,Election"	"Не, бо ў Статуце рэйнджэраў пра Бога нічога не сказана"
"/quests/Election.qmm/jumps/185/description"	"Только <clr>малоки и фэяне<clrEnd> восприняли ваш ответ всерьез. Первым он очень понравился, а вторые сильно разочаровались в вашем умственном уровне. Кроме того, <clr>люди<clrEnd> восприняли вашу шутку в целом положительно, <clr>гаальцы<clrEnd> - скорее отрицательно, а <clr>пеленги<clrEnd> в основном остались равнодушны."	"Quest Election.qmm: jumps.185.description. Preserve every <tag> exactly. English reference: Only the <clr>Maloqs and Faes<clrEnd> took your response at it's face value. The former liked it but the latter were disappointed in your mental capabilities. The <clr>Humans<clrEnd> received your joke positively, <clr>Gaals<clrEnd> more negatively, and the <clr>Pelengs<clrEnd> were indifferent."	"Quest,Election"	"Толькі <clr>малокі і фэяне<clrEnd> успрынялі ваш адказ усур'ёз. Першым ён вельмі спадабаўся, а другія моцна расчараваліся ў вашым разумовым узроўні. Апроч таго, <clr>людзі<clrEnd> успрынялі ваш жарт у цэлым станоўча, <clr>гаальцы<clrEnd> — хутчэй адмоўна, а <clr>пеленгі<clrEnd> у асноўным засталіся абыякавыя."
"/quests/Election.qmm/jumps/186/text"	"Конечно, верю! Помнится, нанюхавшись кокаина, я даже долго с ним беседовал..."	"Quest Election.qmm: jumps.186.text. Preserve every <tag> exactly. English reference: I do believe! I recall how having doped myself with cocaine I conversed with him for quite a time..."	"Quest,Election"	"Вядома, веру! Памятаю, нанюхаўшыся какаіну, я нават доўга з ім гутарыў..."
"/quests/Election.qmm/jumps/186/description"	"Упоминание о кокаине заставило <clr>пеленгов<clrEnd> устроить вам бурную овацию. <clr>Люди<clrEnd> также оценили юмор вашего ответа. Однако ваша популярность среди <clr>гаальцев, фэян и малоков<clrEnd> заметно упала - эти расы слишком серьезно относятся к своему здоровью."	"Quest Election.qmm: jumps.186.description. Preserve every <tag> exactly. English reference: Your mentioning cocaine made <clr>Pelengs<clrEnd> to start a vivid ovation. <clr>Humans<clrEnd> also appreciated your humour. Although your popularity went down greatly among the <clr>Gaals, Faes and Maloqs<clrEnd> - these races treat their health too seriously."	"Quest,Election"	"Згадка пра какаін змусіла <clr>пеленгаў<clrEnd> учыніць вам бурную авацыю. <clr>Людзі<clrEnd> таксама ацанілі гумар вашага адказу. Аднак ваша папулярнасьць сярод <clr>гаальцаў, фэянаў і малокаў<clrEnd> прыкметна ўпала — гэтыя расы занадта сур'ёзна ставяцца да свайго здароўя."
"/quests/Election.qmm/jumps/187/text"	"Да, ведь Вселенную должен был кто-то создать, а если не Бог, то кто?"	"Quest Election.qmm: jumps.187.text. Preserve every <tag> exactly. English reference: Yes, the Universe must have been created by someone, if not by God, then by whom?"	"Quest,Election"	"Так, бо Сусьвет мусіў хтосьці стварыць, а калі не Бог, то хто?"
"/quests/Election.qmm/jumps/187/description"	"Ваши слова, несмотря на их логичность, очень не понравились од-далани Талл Муду, который начал было что-то доказывать, приводя цитаты из собственного журнала. <clr>Фэяне<clrEnd>, кажется, разделили его мнение, но зато <clr>гаальцы<clrEnd> принялись с жаром доказывать обратное. <clr>Люди и пеленги<clrEnd>, в основном, также признали некоторую логичность вашего ответа, так что обиженные фэяне вскоре проиграли спор. И лишь <clr>малокский<clrEnd> сектор все это время громко улюлюкал, выражая свое негативное отношение к столь бездарной теме и бессмысленной дискуссии."	"Quest Election.qmm: jumps.187.description. Preserve every <tag> exactly. English reference: Od-delani Tall Mud could not appreciate your words in spite of all their logic. He started arguing, citing quotes from his own magazine. The <clr>Faes <clrEnd>, seemed to be sharing his views, but the <clr>Gaals<clrEnd> started arguing it was all vice versa. The <clr>Humans and Pelengs <clrEnd>, acknowledged some logic in your answer, so that the offended Faes soon lost the argument. And even the <clr>Maloq<clrEnd> sector was hooting loudly, showing their negative attitude towards such a theme for discussion."	"Quest,Election"	"Вашы словы, нягледзячы на іх лягічнасьць, вельмі не спадабаліся од-далані Талл Муду, які пачаў быў нешта даводзіць, прыводзячы цытаты з уласнага часопіса. <clr>Фэяне<clrEnd>, здаецца, падзялілі яго меркаваньне, затое <clr>гаальцы<clrEnd> узяліся з запалам даводзіць адваротнае. <clr>Людзі і пеленгі<clrEnd>, у асноўным, таксама прызналі пэўную лягічнасьць вашага адказу, так што пакрыўджаныя фэяне неўзабаве прайгралі спрэчку. І толькі <clr>малокскі<clrEnd> сэктар увесь гэты час голасна улюлюкаў, выказваючы сваё адмоўнае стаўленьне да гэткай бяздарнай тэмы і бессэнсоўнай дыскусіі."
"/quests/Election.qmm/jumps/188/text"	"Нет, поскольку существование Бога наукой не доказано"	"Quest Election.qmm: jumps.188.text. Preserve every <tag> exactly. English reference: No, because God's existence has not been proved scientifically"	"Quest,Election"	"Не, бо існаваньне Бога навукай не даведзена"
"/quests/Election.qmm/jumps/188/description"	"Именно это, похоже, <clr>фэянин<clrEnd> и хотел от вас услышать. Во всяком случае, треугольные морды присутствующих в зале фэян расплылись в улыбках и приобрели лиловый оттенок, что свидетельствовало об их хорошем настроении. Однако на <clr>гаальцев<clrEnd> и особенно на <clr>малоков<clrEnd> подобный аргумент не произвел особого впечатления. <clr>Людей и пеленгов<clrEnd>, похоже, вопрос о Боге вообще не интересовал."	"Quest Election.qmm: jumps.188.description. Preserve every <tag> exactly. English reference: This was exactly the thing the <clr>Faes<clrEnd> expected to hear from you. In any case the triangle faces of the Faes who were present were smiling wide and turned lily, which was the sign of their good humour. But the <clr>Gaals <clrEnd> and especially the <clr>Maloqs<clrEnd> were not impressed by this argument. The <clr>Humans and Pelengs<clrEnd>, were not the least interested in the question about God."	"Quest,Election"	"Менавіта гэта, падобна, <clr>фэянін<clrEnd> і хацеў ад вас пачуць. Ва ўсякім разе, трохвугольныя пысы прысутных у залі фэянаў расплыліся ва ўсьмешках і набылі ліловае адценьне, што сьведчыла пра іхні добры настрой. Аднак на <clr>гаальцаў<clrEnd> і асабліва на <clr>малокаў<clrEnd> падобны аргумэнт не зрабіў асаблівага ўражаньня. <clr>Людзей і пеленгаў<clrEnd>, падобна, пытаньне пра Бога наогул не цікавіла."
"/quests/Election.qmm/jumps/189/text"	"Вообще-то, я агностик!"	"Quest Election.qmm: jumps.189.text. Preserve every <tag> exactly. English reference: Honestly, I am agnostic!"	"Quest,Election"	"Увогуле, я агностык!"
"/quests/Election.qmm/jumps/189/description"	"Многозначительное использование длинных и непонятных слов с туманным значением - лучший способ добиться уважения <clr>гаальцев, фэян<clrEnd> и, пожалуй, <clr>людей<clrEnd>. Однако <clr>пеленги<clrEnd> подобный стиль не уважают, а <clr>малоков<clrEnd> и вовсе от таких слов тошнит..."	"Quest Election.qmm: jumps.189.description. Preserve every <tag> exactly. English reference: Meaningful use of unclear words with unclear meaning is the best way to achieve respect of the <clr>Gaals, Fayans<clrEnd> and, perhaps, <clr>Humans<clrEnd>. But all the <clr>Pelengs<clrEnd> do not approve of such a style, and the <clr>Malloqs<clrEnd> usually feel sick when they hear such words..."	"Quest,Election"	"Шматзначнае ўжываньне доўгіх і незразумелых слоў з туманным значэньнем — найлепшы спосаб дамагчыся павагі <clr>гаальцаў, фэянаў<clrEnd> і, бадай, <clr>людзей<clrEnd>. Аднак <clr>пеленгі<clrEnd> падобны стыль не паважаюць, а <clr>малокаў<clrEnd> ад такіх слоў і зусім нудзіць..."
"/quests/Election.qmm/jumps/190/text"	"Свободная пресса только мешает проведению эффективной политики, так что при мне свободной прессы не будет!"	"Quest Election.qmm: jumps.190.text. Preserve every <tag> exactly. English reference: Free press hampers the conduct of an effective policy, so I will not have free press during my presidency!"	"Quest,Election"	"Свабодная прэса толькі замінае весьці эфэктыўную палітыку, так што пры мне свабоднай прэсы не будзе!"
"/quests/Election.qmm/jumps/191/text"	"Конечно, пресса останется свободной! Ну, разве что, изредка будем делать небольшую цензуру..."	"Quest Election.qmm: jumps.191.text. Preserve every <tag> exactly. English reference: Surely, the press will stay free! Well, maybe we will censor something this time or that..."	"Quest,Election"	"Вядома, прэса застанецца свабоднай! Ну, хіба што, зрэдку будзем рабіць невялікую цэнзуру..."
"/quests/Election.qmm/jumps/192/text"	"По-настоящему свободной является только та пресса, которая поддерживает верховную власть!"	"Quest Election.qmm: jumps.192.text. Preserve every <tag> exactly. English reference: The only really free press is the one that backs the supreme power!"	"Quest,Election"	"Па-сапраўднаму свабодная толькі тая прэса, якая падтрымлівае вярхоўную ўладу!"
"/quests/Election.qmm/jumps/193/text"	"Я вообще считаю, что прессу надо уничтожить, а всех журналюг расстрелять! Самая никчемная из профессий!!!"	"Quest Election.qmm: jumps.193.text. Preserve every <tag> exactly. English reference: My opinion is that the press must be eliminated and all the journalists be shot down! It's the most useless of professions!!!"	"Quest,Election"	"Я наогул лічу, што прэсу трэба зьнішчыць, а ўсіх газэтчыкаў расстраляць! Самая нікчэмная з прафэсіяў!!!"
"/quests/Election.qmm/jumps/194/text"	"Свобода слова - это величайшая ценность, так что ради свободы прессы ничего не жалко!"	"Quest Election.qmm: jumps.194.text. Preserve every <tag> exactly. English reference: Freedom of speech - this is the highest value, so nothing is to be spared for the free press!"	"Quest,Election"	"Свабода слова — гэта найвялікшая каштоўнасьць, так што дзеля свабоды прэсы нічога не шкада!"
"/quests/Election.qmm/jumps/195/text"	"Свобода прессы будет абсолютной! Мы откроем вновь журнал ""Наркоман"" и газету ""Юный террорист"", а также и все остальные издания, несправедливо притесняемые нынешним режимом!"	"Quest Election.qmm: jumps.195.text. Preserve every <tag> exactly. English reference: The press will be absolutely free! We will publish a Drug Addict Journal and Young Terrorist Newspaper, as well as all the rest of the editions that are being unjustly suppressed by the current regime!"	"Quest,Election"	"Свабода прэсы будзе абсалютнай! Мы зноў адкрыем часопіс ""Наркаман"" і газэту ""Юны тэрарыст"", а таксама і ўсе астатнія выданьні, несправядліва прыгнечаныя цяперашнім рэжымам!"
"/quests/Election.qmm/jumps/196/text"	"Пресса? Да плевать я на нее хотел, пусть живет как живет, я все равно газет не читаю..."	"Quest Election.qmm: jumps.196.text. Preserve every <tag> exactly. English reference: The press? For all I care about the press, let it live, I don't read newspapers anyway..."	"Quest,Election"	"Прэса? Ды пляваць я на яе хацеў, хай жыве як жыве, я ўсё адно газэтаў не чытаю..."
"/quests/Election.qmm/jumps/197/text"	"Я считаю, что это самая бессмысленная статья расходов. Будем урезать ее в первую очередь!"	"Quest Election.qmm: jumps.197.text. Preserve every <tag> exactly. English reference: I think this is the most useless item of expenditure. We will cut it down first!"	"Quest,Election"	"Я лічу, што гэта самы бессэнсоўны артыкул выдаткаў. Будзем рэзаць яго ў першую чаргу!"
"/quests/Election.qmm/jumps/198/text"	"Расходы на спорт явно недостаточны! Это должно быть приоритетным направлением нашей политики!"	"Quest Election.qmm: jumps.198.text. Preserve every <tag> exactly. English reference: The spending on sport is not enough! This should be our policy's priority!"	"Quest,Election"	"Выдаткі на спорт яўна недастатковыя! Гэта мусіць быць прыярытэтным кірункам нашай палітыкі!"
"/quests/Election.qmm/jumps/199/text"	"Я признаю только умственные виды спорта, такие как шахматы, шашки, составление иике-баан. Все остальное - это лажа!"	"Quest Election.qmm: jumps.199.text. Preserve every <tag> exactly. English reference: I recognise only the intellectual sports - chess, draughts, making of iike-baanas. All the rest is crap!"	"Quest,Election"	"Я прызнаю толькі разумовыя віды спорту, такія як шахматы, шашкі, складаньне ііке-баан. Усё астатняе — лухта!"
"/quests/Election.qmm/jumps/200/text"	"Баловство это все! Есть куда более важные направления. Туда и будем вкладывать основные средства!"	"Quest Election.qmm: jumps.200.text. Preserve every <tag> exactly. English reference: This is all trifling! There are more important areas. And our main funds will be directed there!"	"Quest,Election"	"Гэта ўсё пустое! Ёсьць куды важнейшыя кірункі. Туды і будзем укладаць асноўныя сродкі!"
"/quests/Election.qmm/jumps/201/text"	"На спорте можно сделать неплохие деньги, если вовремя хорошенько вложиться. Будем развивать в первую очередь экономически перспективные виды спорта!"	"Quest Election.qmm: jumps.201.text. Preserve every <tag> exactly. English reference: You can make good money on sport, if you manage to make a timely investment. We will first develop the economically rewarding sports!"	"Quest,Election"	"На спорце можна зрабіць няблага грошай, калі своечасова добра ўкласьціся. Будзем разьвіваць у першую чаргу эканамічна пэрспэктыўныя віды спорту!"
"/quests/Election.qmm/jumps/202/text"	"Сам-то я спортом не интересуюсь, так что пусть депутаты парламента сами решают, сколько денег на него тратить"	"Quest Election.qmm: jumps.202.text. Preserve every <tag> exactly. English reference: I am myself not interested in sports, so it's for the house members to decide how much to spend on it"	"Quest,Election"	"Сам я спортам не цікаўлюся, так што хай дэпутаты парлямэнту самі вырашаюць, колькі грошай на яго траціць"
"/quests/Election.qmm/jumps/203/text"	"В первую очередь будем поднимать массовую физкультуру и детский спорт, так как от них зависит здоровье нации. А большой спорт как-нибудь проживет и без государственной поддержки..."	"Quest Election.qmm: jumps.203.text. Preserve every <tag> exactly. English reference: We will primarily subsidise mass physical training and child sport, because they are the nation's health. And big sport will manage to survive without government support..."	"Quest,Election"	"У першую чаргу будзем падымаць масавую фізкультуру і дзіцячы спорт, бо ад іх залежыць здароўе нацыі. А вялікі спорт неяк пражыве і без дзяржаўнай падтрымкі..."
"/quests/Election.qmm/jumps/204/text"	"Посокращаем всех этих бездельников, и дело с концом!"	"Quest Election.qmm: jumps.204.text. Preserve every <tag> exactly. English reference: We will lay off all chair warmers and that's all!"	"Quest,Election"	"Паскарачаем усіх гэтых гультаёў, і справе канец!"
"/quests/Election.qmm/jumps/205/text"	"Финансирование науки и образования будет существенно снижено"	"Quest Election.qmm: jumps.205.text. Preserve every <tag> exactly. English reference: The funding for the education and science has been reduced substantially"	"Quest,Election"	"Фінансаваньне навукі і адукацыі будзе істотна зьніжана"
"/quests/Election.qmm/jumps/206/text"	"Мы будем финансировать только полезные отрасли науки, например, разработку новых вооружений"	"Quest Election.qmm: jumps.206.text. Preserve every <tag> exactly. English reference: We will subsidise only the useful areas of science such as the development of new armament"	"Quest,Election"	"Мы будзем фінансаваць толькі карысныя галіны навукі, напрыклад, распрацоўку новых узбраеньняў"
"/quests/Election.qmm/jumps/207/text"	"Развитие науки будет приоритетным направлением нашей политики!"	"Quest Election.qmm: jumps.207.text. Preserve every <tag> exactly. English reference: Our policy will be to prioritise on the development of science!"	"Quest,Election"	"Разьвіцьцё навукі будзе прыярытэтным кірункам нашай палітыкі!"
"/quests/Election.qmm/jumps/208/text"	"Все останется по-старому - не вижу смысла что-либо менять"	"Quest Election.qmm: jumps.208.text. Preserve every <tag> exactly. English reference: Everything will stay as it used to be - I can't see a point in changing anything"	"Quest,Election"	"Усё застанецца па-старому — ня бачу сэнсу што-небудзь мяняць"
"/quests/Election.qmm/jumps/209/text"	"Мы повысим зарплату ученым и учителям"	"Quest Election.qmm: jumps.209.text. Preserve every <tag> exactly. English reference: We will increase research fellows' and professors' salaries"	"Quest,Election"	"Мы павысім зарплату навукоўцам і настаўнікам"
"/quests/Election.qmm/jumps/210/text"	"Глупо тратить деньги на собственные научные разработки - гораздо дешевле украсть их у соседей, не так ли?"	"Quest Election.qmm: jumps.210.text. Preserve every <tag> exactly. English reference: Conducting our own research is a waste of time. It would be cheaper to steal from the neighbours, wouldn't it?"	"Quest,Election"	"Глупства траціць грошы на ўласныя навуковыя распрацоўкі — значна таньней украсьці іх у суседзяў, ці не так?"
"/quests/Election.qmm/jumps/212/text"	"Я каждый день делаю зарядку!"	"Quest Election.qmm: jumps.212.text. Preserve every <tag> exactly. English reference: I am taking up exercise every morning!"	"Quest,Election"	"Я кожны дзень раблю зарадку!"
"/quests/Election.qmm/jumps/212/description"	"<clr>Малоки<clrEnd> устроили вам овацию, поскольку настоящий воин, согласно уставу, должен каждый день делать зарядку и упражняться в стрельбе. <clr>Люди<clrEnd> и <clr>гаальцы<clrEnd> также признали полезность регулярных физических упражнений в небольших объемах. И лишь ленивые <clr>пеленги<clrEnd>, да презиравшие физические упражнения <clr>фэяне<clrEnd> не особо впечатлились вашим ответом."	"Quest Election.qmm: jumps.212.description. Preserve every <tag> exactly. English reference: <clr>Maloqs<clrEnd> gave you an ovation, for according to the regulations, the real warrior must do fitness and shooting exercises every day. <clr>Humans<clrEnd> and <clr>Gaals<clrEnd> also acknowledged the usefulness if regular physical training to some extent. And only the lazy <clr>Pelengs<clrEnd>, and the <clr>Maloqs<clrEnd> who despised all physical exercise were not the least impressed by your response.."	"Quest,Election"	"<clr>Малокі<clrEnd> учынілі вам авацыю, бо сапраўдны воін, паводле статуту, мусіць кожны дзень рабіць зарадку і практыкавацца ў стральбе. <clr>Людзі<clrEnd> і <clr>гаальцы<clrEnd> таксама прызналі карыснасьць рэгулярных фізычных практыкаваньняў у невялікіх аб'ёмах. І толькі лянівыя <clr>пеленгі<clrEnd>, ды <clr>фэяне<clrEnd>, што пагарджалі фізычнымі практыкаваньнямі, не асабліва ўразіліся вашым адказам."
"/quests/Election.qmm/jumps/213/text"	"Я время от времени хожу в спортзал"	"Quest Election.qmm: jumps.213.text. Preserve every <tag> exactly. English reference: I don't have time to go to the gym"	"Quest,Election"	"Я час ад часу хаджу ў спартовую залю"
"/quests/Election.qmm/jumps/213/description"	"Ваше признание более или менее удовлетворило <clr>малоков<clrEnd> (правда, сержант Баррыха пытался что-то проорать про необходимость постоянных тренировок, а не ""время от времени""). <clr>Гаальцы, люди<clrEnd> и <clr>пеленги<clrEnd> тоже в целом остались довольны. Однако <clr>фэяне<clrEnd> ворчали, что вместо посещения спортзала лучше почитать какую-нибудь научную книгу или, в крайнем случае, поговорить со своими коллегами о работе."	"Quest Election.qmm: jumps.213.description. Preserve every <tag> exactly. English reference: Your confession was more or less accepted by the <clr>Maloqs<clrEnd> (truly, sergeant Barrack tried to shout something about the necessity to maintain constant training and not just from time to time). <clr>Gaals, Humans<clrEnd> and <clr>Pelengs<clrEnd> were also in general pleased. But the <clr>Faes<clrEnd> were grunting that it's much better to read some scientific book or talk with your colleagues about work at least, instead of visiting the gym."	"Quest,Election"	"Вашае прызнаньне больш-менш задаволіла <clr>малокаў<clrEnd> (праўда, сяржант Баррыха спрабаваў нешта пракрычаць пра неабходнасьць пастаянных практыкаваньняў, а не ""час ад часу""). <clr>Гаальцы, людзі<clrEnd> і <clr>пеленгі<clrEnd> таксама ў цэлым засталіся задаволеныя. Аднак <clr>фэяне<clrEnd> бурчалі, што замест наведваньня спартовай залі лепей пачытаць якую-небудзь навуковую кнігу ці, у крайнім выпадку, пагаварыць са сваімі калегамі пра працу."
"/quests/Election.qmm/jumps/214/text"	"А зачем мне ее поддерживать?"	"Quest Election.qmm: jumps.214.text. Preserve every <tag> exactly. English reference: And why should I support it?"	"Quest,Election"	"А навошта мне яе падтрымліваць?"
"/quests/Election.qmm/jumps/214/description"	"- Правильно! - крикнул кто-то из <clr>фэян<clrEnd>. - Были бы мозги, а остальное приложится!

- Не мозги, а деньги, но в остальном все верно, - возразил один из <clr>пеленгов<clrEnd>.

- Сейчас я кое-кому приложу! - заорал возмущенный сержант Баррыха, засучивая рукава. Бдительная охрана бросилась гасить конфликт в зародыше, так что пресс-конференцию удалось продолжить без особых жертв."	"Quest Election.qmm: jumps.214.description. Preserve every <tag> exactly. English reference: - Right! - someone of the <clr>Faes<clrEnd> exclaimed. - The brain is the main thing, anything else will come!

- Not the brains but the money, - one of the <clr>Pelengs<clrEnd> objected, - but everything else is right. 

- Now I will kick someone! - enraged sergeant Barrack shouted, rolling up his sleeves. The watch-out security guards rushed to quench the fire before it spread so that the press conference could be continued without victims."	"Quest,Election"	"— Слушна! — крыкнуў нехта з <clr>фэянаў<clrEnd>. — Былі б мазгі, а астатняе дадасца!

— Ня мазгі, а грошы, але ў астатнім усё слушна, — запярэчыў адзін з <clr>пеленгаў<clrEnd>.

— Зараз я камусьці прыкладу! — зароў абураны сяржант Баррыха, падкасаўшы рукавы. Пільная ахова кінулася гасіць канфлікт у зародку, так што прэс-канфэрэнцыю ўдалося працягнуць без асаблівых ахвяраў."
"/quests/Election.qmm/jumps/215/text"	"Я регулярно занимаюсь йогой и медитацией"	"Quest Election.qmm: jumps.215.text. Preserve every <tag> exactly. English reference: I regularly took to yoga and meditation"	"Quest,Election"	"Я рэгулярна займаюся ёгай і мэдытацыяй"
"/quests/Election.qmm/jumps/215/description"	"<clr>Гаальцы и люди<clrEnd> сразу прониклись глубоким уважением к вам, так как их школы медитации, йоги, оккультизма и прочей дребедени издавна спорили друг с другом, кто древнее и кто у кого спер тот или иной метод проникновения в сущность бытия. Зато <clr>малоки, фэяне и пеленги<clrEnd> не скрывали своего презрения к столь идиотскому способу занятия физкультурой и выразительно крутили пальцами у висков."	"Quest Election.qmm: jumps.215.description. Preserve every <tag> exactly. English reference: <clr>Gaals and Humans<clrEnd> started to respect you right away, for their meditation, yoga, occult and other shuck schools have long been arguing whose school is more ancient and who stole whose method of penetrating into the essence of the being. But the <clr>Maloqs, Faes and Pelengs<clrEnd> could not restrain themselves from showing contempt to such an idiotic method of doing one's physical exercises and were showing quite emphatically what they think about you."	"Quest,Election"	"<clr>Гаальцы і людзі<clrEnd> адразу прасякнуліся глыбокай павагай да вас, бо іхнія школы мэдытацыі, ёгі, акультызму і іншай лухты здаўна спрачаліся адна з адной, хто старажытнейшы і хто ў каго сьпёр той ці іншы мэтад пранікненьня ў сутнасьць быцьця. Затое <clr>малокі, фэяне і пеленгі<clrEnd> не хавалі сваёй пагарды да такога ідыёцкага спосабу займацца фізкультурай і выразна круцілі пальцамі каля скроняў."
"/quests/Election.qmm/jumps/216/text"	"Настоящий рейнджер прежде всего должен поддерживать в хорошем состоянии свой банковский счет, а не физическую форму!"	"Quest Election.qmm: jumps.216.text. Preserve every <tag> exactly. English reference: Real ranger must first of all keep his banking account in fitness and not his physical shape!"	"Quest,Election"	"Сапраўдны рэйнджэр найперш мусіць трымаць у добрым стане свой банкаўскі рахунак, а не фізычную форму!"
"/quests/Election.qmm/jumps/216/description"	"<clr>Люди и пеленги<clrEnd> были полностью солидарны с вами - банковский счет, разумеется, важнее здоровья! Но зато <clr>малоки<clrEnd> чуть не надавали вам по морде, сочтя подобное заявление оскорблением их расы. Ведь настоящему воину наплевать на банковский счет. <clr>Фэяне и гаальцы<clrEnd> остались в целом равнодушны к такому ответу."	"Quest Election.qmm: jumps.216.description. Preserve every <tag> exactly. English reference: <clr>Humans and Pelengs<clrEnd> showed their complete solidarity with you - one's banking account is no doubt much more important than one's health! But the <clr>Maloqs<clrEnd> were very close to kicking your face having found that this sounded almost like an insult on the their race. The real warrior doesn't care about banking account. <clr>Faes and Gaals<clrEnd> were in general indifferent towards such a response."	"Quest,Election"	"<clr>Людзі і пеленгі<clrEnd> былі цалкам салідарныя з вамі — банкаўскі рахунак, вядома, важнейшы за здароўе! Затое <clr>малокі<clrEnd> ледзь не надавалі вам па пысе, палічыўшы падобную заяву абразай іхняй расы. Бо сапраўднаму воіну пляваць на банкаўскі рахунак. <clr>Фэяне і гаальцы<clrEnd> засталіся ў цэлым абыякавыя да такога адказу."
"/quests/Election.qmm/jumps/217/text"	"Я курю травку и воображаю себя крутым качком"	"Quest Election.qmm: jumps.217.text. Preserve every <tag> exactly. English reference: I smoke hash and think I am a tough body-builder"	"Quest,Election"	"Я палю траўку і ўяўляю сябе крутым сілачом"
"/quests/Election.qmm/jumps/217/description"	"Ваш ответ вызвал бурные аплодисменты среди <clr>пеленгов<clrEnd>, да и <clr>люди<clrEnd> тоже в основном оказались не лишены чувства юмора. Но все остальные решили, что вы над ними просто издеваетесь, причем больше всех обиделись <clr>малоки<clrEnd>."	"Quest Election.qmm: jumps.217.description. Preserve every <tag> exactly. English reference: Your reply provoked vivid applause among the <clr>Pelengs<clrEnd>, and the <clr>Humans<clrEnd> seemed also to be not completely void of humour. But all the rest decided that you're just mocking them, and the <clr>Maloqs<clrEnd> were offended the most."	"Quest,Election"	"Ваш адказ выклікаў бурныя воплескі сярод <clr>пеленгаў<clrEnd>, ды і <clr>людзі<clrEnd> таксама ў асноўным аказаліся не пазбаўленыя пачуцьця гумару. Але ўсе астатнія вырашылі, што вы зь іх проста зьдзекуецеся, прычым больш за ўсіх пакрыўдзіліся <clr>малокі<clrEnd>."
"/quests/Election.qmm/jumps/218/text"	"Пойти в Избирком наблюдать за подсчетом голосов"	"Quest Election.qmm: jumps.218.text. Preserve every <tag> exactly. English reference: Go to the electoral committee and see how the vote count is done"	"Quest,Election"	"Пайсьці ў выбаркам назіраць за падлікам галасоў"
"/quests/Election.qmm/jumps/219/text"	"Тот же, что и сейчас - деньги!"	"Quest Election.qmm: jumps.219.text. Preserve every <tag> exactly. English reference: Same thing as now - the money!"	"Quest,Election"	"Той самы, што і цяпер — грошы!"
"/quests/Election.qmm/jumps/219/description"	"Оскорбленный в лучших чувствах, Бульбу Льбуль сел на свое место. Его возмущение передалось всему <clr>фэянскому<clrEnd> и отчасти <clr>гаальскому<clrEnd> сектору. <clr>Малоки<clrEnd> же были недовольны и без этого - настоящий воин презирает деньги! Зато признанные в Галактике любители твердой валюты - <clr>люди<clrEnd> и <clr>пеленги<clrEnd> - теперь будут относиться к вам значительно теплее."	"Quest Election.qmm: jumps.219.description. Preserve every <tag> exactly. English reference: Derided in his best feelings, Blub Lubb has taken his seat. His irritation spread throughout all the <clr>Faeyan<clrEnd> and a part of <clr>Gaalian <clrEnd> seats. The <clr>Maloqs<clrEnd> were displeased without anyone's help  - real warrior despises money! But the <clr>Humans<clrEnd> known across the Galaxy as the admirers of hard currency and also the <clr>Pelengs<clrEnd> - will now treat you with much more warmth."	"Quest,Election"	"Пакрыўджаны ў найлепшых пачуцьцях, Бульбу Льбуль сеў на сваё месца. Ягонае абурэньне перадалося ўсяму <clr>фэянскаму<clrEnd> і часткова <clr>гаальскаму<clrEnd> сэктару. <clr>Малокі<clrEnd> ж былі незадаволеныя і без гэтага — сапраўдны воін пагарджае грошы! Затое прызнаныя ў Галяктыцы аматары цьвёрдай валюты — <clr>людзі<clrEnd> і <clr>пеленгі<clrEnd> — цяпер будуць ставіцца да вас значна ласкавей."
"/quests/Election.qmm/jumps/220/text"	"Давать взятки нехорошо, надо все делать строго по закону!"	"Quest Election.qmm: jumps.220.text. Preserve every <tag> exactly. English reference: It's not good to bribe, everything must be done strictly according to the law!"	"Quest,Election"	"Даваць хабары нядобра, трэба ўсё рабіць строга па законе!"
"/quests/Election.qmm/jumps/220/description"	"Аплодисменты <clr>гаальских<clrEnd> журналистов по громкости примерно равнялись смеху и свисту, доносившимся из <clr>пеленгского и человеческого<clrEnd> секторов. Впрочем, <clr>фэяне и малоки<clrEnd>, кажется, тоже остались довольными вашим ответом, поскольку обе эти расы считают, что законы следует соблюдать."	"Quest Election.qmm: jumps.220.description. Preserve every <tag> exactly. English reference: Applause of the <clr>Gaalian<clrEnd> journalists was equal in its loudness to the jeering and laughter heard from the <clr>Peleng and Human <clrEnd> sectors. But the <clr>Faes and the Maloqs<clrEnd>, seemed to be also pleased with your reply, for they both think that the laws are made to be abided by."	"Quest,Election"	"Воплескі <clr>гаальскіх<clrEnd> журналістаў па гучнасьці прыблізна раўняліся сьмеху і сьвісту, што даносіліся з <clr>пеленгскага і людзкога<clrEnd> сэктараў. Зрэшты, <clr>фэяне і малокі<clrEnd>, здаецца, таксама засталіся задаволеныя вашым адказам, бо абедзьве гэтыя расы лічаць, што законы трэба выконваць."
"/quests/Election.qmm/jumps/221/text"	"Больше всего я любил бейсбольную биту - ей и в бейсбол играть можно, и по морде кому-нибудь врезать!"	"Quest Election.qmm: jumps.221.text. Preserve every <tag> exactly. English reference: Most of all I loved the baseball bat - you can play baseball with it or kick someone if the need occurs!"	"Quest,Election"	"Больш за ўсё я любіў бэйсбольную біту — ёю і ў бэйсбол гуляць можна, і па пысе каму-небудзь уляпіць!"
"/quests/Election.qmm/jumps/221/description"	"Бейсбол - игра человеческая, так что симпатии <clr>людей<clrEnd> вам были обеспечены. Альтернативное же применение бейсбольной биты нашло явное понимание среди <clr>малоков<clrEnd> и <clr>пеленгов<clrEnd>. Но вот <clr>гаальцы<clrEnd> и <clr>фэяне<clrEnd> были оскорблены - первые вашей неприкрытой агрессивностью, а вторые - наглым уходом от ответа на поставленный Бульбу Льбулем вопрос."	"Quest Election.qmm: jumps.221.description. Preserve every <tag> exactly. English reference: Baseball is a Human game, so that the sympathies of <clr>Humans<clrEnd> were all yours. Alternative use of the bat was acclaimed by the <clr>Maloqs<clrEnd> and <clr>Pelengs<clrEnd>. But the <clr>Gaals<clrEnd> and <clr>Faeyns<clrEnd> were offended - first by your open aggressiveness, and second by boldface digressing from the question asked by Blub Lubb."	"Quest,Election"	"Бэйсбол — гульня людзкая, так што сымпатыі <clr>людзей<clrEnd> вам былі забясьпечаныя. Альтэрнатыўнае ж ужываньне бэйсбольнай біты знайшло яўнае разуменьне сярод <clr>малокаў<clrEnd> і <clr>пеленгаў<clrEnd>. Але <clr>гаальцы<clrEnd> і <clr>фэяне<clrEnd> былі пакрыўджаныя — першыя вашай непрыкрытай агрэсіўнасьцю, а другія — нахабным ухіленьнем ад адказу на пытаньне, пастаўленае Бульбу Льбулем."
"/quests/Election.qmm/jumps/222/text"	"А с чего вы взяли, что я вообще учился в школе?!"	"Quest Election.qmm: jumps.222.text. Preserve every <tag> exactly. English reference: And where did you get it that I went to school at all?!"	"Quest,Election"	"А з чаго вы ўзялі, што я наогул вучыўся ў школе?!"
"/quests/Election.qmm/jumps/222/description"	"Непонятно, на что вы рассчитывали, давая такой ответ. Неучи в наше время могут вызвать симпатию разве что у <clr>малоков<clrEnd>, а для <clr>фэян<clrEnd> вы теперь вообще можете стать пустым местом..."	"Quest Election.qmm: jumps.222.description. Preserve every <tag> exactly. English reference: No one could understand what you were counting for in providing an answer like that. Ignoramuses can now provoke sympathy only among <clr>Maloqs<clrEnd>, and the <clr>Faes<clrEnd> treat you now as a duffer..."	"Quest,Election"	"Незразумела, на што вы разьлічвалі, даючы такі адказ. Невукі ў наш час могуць выклікаць сымпатыю хіба што ў <clr>малокаў<clrEnd>, а для <clr>фэянаў<clrEnd> вы цяпер наогул можаце стаць пустым месцам..."
"/quests/Election.qmm/jumps/223/text"	"Мне нравились все предметы, я всегда любил учиться!"	"Quest Election.qmm: jumps.223.text. Preserve every <tag> exactly. English reference: I liked all the subjects, I was always keen on learning!"	"Quest,Election"	"Мне падабаліся ўсе прадметы, я заўсёды любіў вучыцца!"
"/quests/Election.qmm/jumps/223/description"	"Именно этот ответ и желал услышать фэянский педагог, да и весь <clr>фэянский<clrEnd> сектор. <clr>Гаальцам<clrEnd> тоже понравилась ваша тяга к знаниям. Но вот <clr>пеленги<clrEnd> и <clr>люди<clrEnd> отнеслись к вашим словам с недоверием - если вы такой умный, то почему прозябаете в рейнджерах, а не занялись крутым бизнесом или пиратством? <clr>Малоки<clrEnd> же просто скривились от презрения, ибо сказано в Уставе: ""Сколько ни учись, умнее командира все равно не станешь!"""	"Quest Election.qmm: jumps.223.description. Preserve every <tag> exactly. English reference: This was just the kind of answer the Faeyan teacher was hoping to get as well as the whole <clr>Faeyan<clrEnd> sector. The <clr>Gaals<clrEnd> also liked your quest for knowledge. But the <clr>Pelengs<clrEnd> and <clr>Humans<clrEnd> treated your words with suspect - if you're so smart, why are you a ranger still, and not in a big business or pirating? The <clr>Maloqs<clrEnd> just screw up their faces showing you contempt, for the Regulations say: ""You can never get smarter than your commander no matter how hard you try!"""	"Quest,Election"	"Менавіта гэты адказ і жадаў пачуць фэянскі пэдагог, ды і ўвесь <clr>фэянскі<clrEnd> сэктар. <clr>Гаальцам<clrEnd> таксама спадабалася ваша цяга да ведаў. Але <clr>пеленгі<clrEnd> і <clr>людзі<clrEnd> паставіліся да вашых словаў з недаверам — калі вы такі разумны, дык чаму цягнеце лямку ў рэйнджэрах, а не заняліся крутым бізнэсам ці пірацтвам? <clr>Малокі<clrEnd> ж проста скрывіліся ад пагарды, бо сказана ў Статуце: ""Колькі ні вучыся, разумнейшым за камандзіра ўсё адно не станеш!"""
"/quests/Election.qmm/jumps/224/text"	"Больше всего я любил военное дело. Разве по мне этого не видно?!"	"Quest Election.qmm: jumps.224.text. Preserve every <tag> exactly. English reference: Most of all I liked the military science. Can't you see that from me?!"	"Quest,Election"	"Больш за ўсё я любіў вайсковую справу. Хіба па мне гэтага не відаць?!"
"/quests/Election.qmm/jumps/224/description"	"- Пожалуй, видно! - саркастически заметил Бульбу Льбуль, садясь на свое место. Однако иронические замечания <clr>фэян<clrEnd> и <clr>гаальцев<clrEnd> потонули в восторженном реве <clr>малокских<clrEnd> журналистов. <clr>Люди<clrEnd> и <clr>пеленги<clrEnd> тоже восприняли ваш ответ довольно благожелательно."	"Quest Election.qmm: jumps.224.description. Preserve every <tag> exactly. English reference: - Yeah, right! - Blub Lubb remarked sarcastically, sitting down. But the ironic comments of the <clr>Faes<clrEnd> and the <clr>Gaals<clrEnd> were overwhelmed by a roar of admiration on the part of the <clr>Maloq<clrEnd> journalists. The  <clr>Humans<clrEnd> and <clr>Pelengs<clrEnd> also received your reply rather benevolently."	"Quest,Election"	"— Бадай, відаць! — саркастычна заўважыў Бульбу Льбуль, садзячыся на сваё месца. Аднак іранічныя заўвагі <clr>фэянаў<clrEnd> і <clr>гаальцаў<clrEnd> патанулі ў захапляльным рове <clr>малокскіх<clrEnd> журналістаў. <clr>Людзі<clrEnd> і <clr>пеленгі<clrEnd> таксама ўспрынялі ваш адказ даволі прыхільна."
"/quests/Election.qmm/jumps/225/text"	"Мне нравились гуманитарные науки, типа этики и философии"	"Quest Election.qmm: jumps.225.text. Preserve every <tag> exactly. English reference: I enjoyed the Humanities, like Ethics or Philosophy"	"Quest,Election"	"Мне падабаліся гуманітарныя навукі, кшталту этыкі і філязофіі"
"/quests/Election.qmm/jumps/225/description"	"Если вы хотели добиться уважения <clr>гаальцев<clrEnd>, то попали в самую точку! <clr>Люди<clrEnd> тоже любят подобные науки, но вот <clr>пеленги, фэяне<clrEnd> и особенно <clr>малоки<clrEnd> совершенно не разделяют подобную точку зрения."	"Quest Election.qmm: jumps.225.description. Preserve every <tag> exactly. English reference: If you were intended to gain the respect of the <clr>Gaals<clrEnd>, you have hit it right! The <clr>Humans<clrEnd> also liked subjects of this kind, but the <clr>Pelengs, Faes<clrEnd> and especially <clr>Maloqs<clrEnd> had completely opposite opinions."	"Quest,Election"	"Калі вы хацелі дамагчыся павагі <clr>гаальцаў<clrEnd>, то патрапілі ў самую кропку! <clr>Людзі<clrEnd> таксама любяць падобныя навукі, але <clr>пеленгі, фэяне<clrEnd> і асабліва <clr>малокі<clrEnd> зусім не падзяляюць такога пункту гледжаньня."
"/quests/Election.qmm/jumps/226/text"	"Я любил точные науки, у них хоть какое-то применение есть, в отличие от всякой гуманитарной ерунды!"	"Quest Election.qmm: jumps.226.text. Preserve every <tag> exactly. English reference: I loved the sciences, they can be applied somehow at least, unlike the Humanities nonsense!"	"Quest,Election"	"Я любіў дакладныя навукі, у іх хоць нейкае ўжываньне ёсьць, у адрозьненьне ад усякай гуманітарнай лухты!"
"/quests/Election.qmm/jumps/226/description"	"Ваш ответ вызвал неоднозначную реакцию. С одной стороны, точные науки пользуются большим уважением среди <clr>фэян, пеленгов<clrEnd> и даже <clr>малоков<clrEnd>. Но вот <clr>людям<clrEnd> и особенно <clr>гаальцам<clrEnd> совсем не понравились ваши нападки на гуманитарные науки..."	"Quest Election.qmm: jumps.226.description. Preserve every <tag> exactly. English reference: Your response provokes an ambiguous reaction. On the one hand, the sciences enjoy great respect of the <clr>Faeyan, Pelengs<clrEnd> and even <clr>Maloqs<clrEnd>! But the <clr>Humans<clrEnd> and especially <clr>Gaals<clrEnd> were not at all pleased with your attack."	"Quest,Election"	"Ваш адказ выклікаў неадназначную рэакцыю. З аднаго боку, дакладныя навукі карыстаюцца вялікай павагай сярод <clr>фэянаў, пеленгаў<clrEnd> і нават <clr>малокаў<clrEnd>. Але <clr>людзям<clrEnd> і асабліва <clr>гаальцам<clrEnd> зусім не спадабаліся вашыя нападкі на гуманітарныя навукі..."
"/quests/Election.qmm/jumps/227/text"	"Сделать рекламный стереоролик"	"Quest Election.qmm: jumps.227.text. Preserve every <tag> exactly. English reference: Make an advertisement reel"	"Quest,Election"	"Зрабіць рэклямны ролік для стэрэавізара"
"/quests/Election.qmm/jumps/228/text"	"Развесить плакаты на улицах"	"Quest Election.qmm: jumps.228.text. Preserve every <tag> exactly. English reference: Put the posters in the streets"	"Quest,Election"	"Павесіць плякаты на вуліцах"
"/quests/Election.qmm/jumps/229/text"	"Изготовить рекламные майки"	"Quest Election.qmm: jumps.229.text. Preserve every <tag> exactly. English reference: Make advertisement T-shirts"	"Quest,Election"	"Вырабіць рэклямныя майкі"
"/quests/Election.qmm/jumps/230/text"	"Заказать рекламные значки"	"Quest Election.qmm: jumps.230.text. Preserve every <tag> exactly. English reference: Purchase advertisement badges."	"Quest,Election"	"Заказаць рэклямныя значкі"
"/quests/Election.qmm/jumps/231/text"	"Сочинить листовки"	"Quest Election.qmm: jumps.231.text. Preserve every <tag> exactly. English reference: Write leaflets"	"Quest,Election"	"Скласьці ўлёткі"
"/quests/Election.qmm/jumps/232/text"	"Отправить спам по электронной почте"	"Quest Election.qmm: jumps.232.text. Preserve every <tag> exactly. English reference: Send Spam via e-mail"	"Quest,Election"	"Даслаць сьмецьцевую пошту"
"/quests/Election.qmm/jumps/233/text"	"За эти деньги лучше купить хорошую пушку, после чего проблем с разрешениями уже возникать не должно"	"Quest Election.qmm: jumps.233.text. Preserve every <tag> exactly. English reference: You can buy good gun for this money, after which there should be no more problems concerning the permits"	"Quest,Election"	"За гэтыя грошы лепей купіць добрую гармату, пасьля чаго праблемаў з дазволамі ўжо ўзьнікаць не павінна"
"/quests/Election.qmm/jumps/233/description"	"- Вот это по-нашему, <clr>по-малокски<clrEnd>! - крикнул один из представителей воинствующей расы.

- Такими методами ничего не добьешься!!! - хором воскликнули <clr>гаальцы и фэяне<clrEnd>.

- Да, может не сработать! - согласился Нука Цыц. - Особенно с главарем мафии... Но идея интересная!

- Пушка всегда пригодится, - заявил кто-то из <clr>людей<clrEnd>. - Это неплохое вложение средств."	"Quest Election.qmm: jumps.233.description. Preserve every <tag> exactly. English reference: - Yeah, this is how the real <clr>Maloq<clrEnd> would answer! - shouted one of the members of that militaristic race.

- Nothing will be gained by such methods!!! - the <clr>Gaals and Faes<clrEnd> exclaimed in unison.

- Yeah, it may not work! - Hush Baba agreed. - Especially concerning the Mafioso... But the idea is interesting!

- A gun will always find use, - proclaimed someone from the <clr>Humans<clrEnd>. - This is a good investment."	"Quest,Election"	"— Вось гэта па-нашаму, <clr>па-малокску<clrEnd>! — крыкнуў адзін з прадстаўнікоў ваяўнічай расы.

— Такімі мэтадамі нічога не даможасься!!! — хорам усклікнулі <clr>гаальцы і фэяне<clrEnd>.

— Так, можа не спрацаваць! — пагадзіўся Нука Цыц. — Асабліва з галавой мафіі... Але ідэя цікавая!

— Гармата заўсёды спатрэбіцца, — заявіў нехта з <clr>людзей<clrEnd>. — Гэта нядрэннае ўкладаньне сродкаў."
"/quests/Election.qmm/jumps/234/text"	"Надо заплатить мафиози, а с остальными он сам разберется"	"Quest Election.qmm: jumps.234.text. Preserve every <tag> exactly. English reference: You should pay the Mafioso and he will deal with the others on his own part"	"Quest,Election"	"Трэба заплаціць мафіёзі, а з астатнімі ён сам разьбярэцца"
"/quests/Election.qmm/jumps/234/description"	"- Действительно, это лучшее решение! - воскликнул Нука Цыц. - И откуда вы набрались такого знания жизни? Должно быть, вы регулярно смотрите мою передачу ""Закон и как его обойти""...

Судя по всему, <clr>люди<clrEnd> полностью разделяли <clr>пеленгскую<clrEnd> точку зрения в данном вопросе, однако остальные расы были настроены отнюдь не дружественно.

- Да как вам не стыдно платить мафии?! - выразил мнение всех какой-то <clr>гаалец<clrEnd>. - Ведь эти деньги пойдут на развитие пиратства, наркоторговли и прочего теневого бизнеса!!! Позор..."	"Quest Election.qmm: jumps.234.description. Preserve every <tag> exactly. English reference: - Yes, this is the best decision! - Shooch Yaa exclaimed. - Where have you got this knowledge of life?? You must be are a regular viewer of my program ""The Law and How to Get around It""...

The <clr>Humans<clrEnd> seemed to share the <clr>Peleng<clrEnd> standpoint completely, but all the other races' attitude was not so friendly.

- Are you not ashamed to pay the Mafiosi?! - A <clr>Gaal<clrEnd> expressed everyone's opinion. - This money will surely be directed for the development of Pirating, drug trafficking and other shady business!!! Shame..."	"Quest,Election"	"— Сапраўды, гэта найлепшае рашэньне! — усклікнуў Нука Цыц. — І адкуль вы набраліся такога веданьня жыцьця? Мусіць, вы рэгулярна глядзіце маю перадачу ""Закон і як яго абысьці""...

Мяркуючы па ўсім, <clr>людзі<clrEnd> цалкам падзялялі <clr>пеленгскі<clrEnd> пункт гледжаньня ў гэтым пытаньні, аднак астатнія расы былі настроеныя зусім не па-сяброўску.

— Ды як вам не сорамна плаціць мафіі?! — выказаў меркаваньне ўсіх нейкі <clr>гаалец<clrEnd>. — Бо гэтыя грошы пойдуць на разьвіцьцё пірацтва, гандлю наркотыкамі і іншага ценявога бізнэсу!!! Ганьба..."
"/quests/Election.qmm/jumps/235/text"	"По-моему, лучше открыть свое дело где-нибудь в другом месте!"	"Quest Election.qmm: jumps.235.text. Preserve every <tag> exactly. English reference: I think it's better to start your own business in a different location!"	"Quest,Election"	"Па-мойму, лепей адкрыць сваю справу дзе-небудзь у іншым месцы!"
"/quests/Election.qmm/jumps/235/description"	"Ваша шутка неплохо разрядила обстановку. Кажется, она понравилась всем, кроме <clr>малоков<clrEnd>, которые усмотрели в ней антипатриотические настроения."	"Quest Election.qmm: jumps.235.description. Preserve every <tag> exactly. English reference: Your joke was a good thing to dissipate the tension. Everyone, except the <clr>Maloqs<clrEnd>, who found some non-patriotic lining in it, seemed to like it."	"Quest,Election"	"Ваш жарт няблага разрадзіў становішча. Здаецца, ён спадабаўся ўсім, апроч <clr>малокаў<clrEnd>, якія ўгледзелі ў ім антыпатрыятычныя настроі."
"/quests/Election.qmm/jumps/236/text"	"Надо натравить мэра на всякие комиссии, а потом донести в полицию на главаря местной мафии и когда все передерутся друг с другом, собрать по-быстрому все подписи"	"Quest Election.qmm: jumps.236.text. Preserve every <tag> exactly. English reference: You should set the Mayor against various committees and then inform on the local Mafiosi chief to the police, after which you can quickly gather all the required signatures when everyone will be fighting"	"Quest,Election"	"Трэба натравіць мэра на ўсялякія камісіі, а потым данесьці ў паліцыю на правадыра мясцовай мафіі і, калі ўсе перагрызуцца між сабой, хуценька сабраць усе подпісы"
"/quests/Election.qmm/jumps/236/description"	"- Ага! - сказал Нука Цыц. - Если жив останешься после доноса на главаря мафии!

- Все правильно, - неожиданно вступился за вас <clr>гаалец<clrEnd>. - Нечего потакать коррумпированным чиновникам!

- А главное, деньги сэкономишь! - с довольной улыбкой произнес журналист-<clr>человек<clrEnd>. - Отличное решение!

И лишь <clr>малоки да фэяне<clrEnd>, далекие от номенклатурных проблем, никак не отреагировали на ваши слова."	"Quest Election.qmm: jumps.236.description. Preserve every <tag> exactly. English reference: - Yeah! - Hush Baba said. - If you will remain alive after informing on the Mafiosi chief!

- All right, - a <clr>Gaal<clrEnd> suddenly spoke up for you. - Let's not gratify corrupted officials!

- And the main thing is that you will save money! - A <clr>Human<clrEnd> journalist said with a smile of satisfaction. - Perfect decision!

And only the <clr>Maloiqs and Faes<clrEnd>, who were very far from any problems of power were not reacting at all."	"Quest,Election"	"— Ага! — сказаў Нука Цыц. — Калі жывы застанесься пасьля даносу на галаву мафіі!

— Усё слушна, — нечакана заступіўся за вас <clr>гаалец<clrEnd>. — Няма чаго патураць карумпаваным чыноўнікам!

— А галоўнае, грошы зьберажэш! — з задаволенай усьмешкай сказаў журналіст-<clr>чалавек<clrEnd>. — Выдатнае рашэньне!

І толькі <clr>малокі ды фэяне<clrEnd>, далёкія ад намэнклятурных праблемаў, ніяк не адрэагавалі на вашыя словы."
"/quests/Election.qmm/jumps/237/text"	"Надо заплатить мэру и начальнику полиции, а потом с их помощью уломать всех остальных"	"Quest Election.qmm: jumps.237.text. Preserve every <tag> exactly. English reference: You should pay the Mayor and the Police Chief, and then win the rest with their help"	"Quest,Election"	"Трэба заплаціць мэру і начальніку паліцыі, а потым з іх дапамогай уламаць усіх астатніх"
"/quests/Election.qmm/jumps/237/description"	"- Это может сработать, - задумчиво пробормотал Нука Цыц. - Правда, вряд ли вам хватит 1000 cr для удовлетворения их аппетитов...

Остальные отреагировали на ваш ответ довольно вяло. В основном все ругали продажных местных чиновников..."	"Quest Election.qmm: jumps.237.description. Preserve every <tag> exactly. English reference: - This can work, - Hush Baba murmured deep in thought. - The only thing is that 1000 cr will hardly be enough to satisfy their appetites...

The others reacted rather sluggishly. All were in general abusing the local prostitute functionaries..."	"Quest,Election"	"— Гэта можа спрацаваць, — задуменна прамармытаў Нука Цыц. — Праўда, наўрад ці вам хопіць 1000 cr, каб наталіць іхнюю прагнасьць...

Астатнія адрэагавалі на ваш адказ даволі млява. У асноўным усе лаялі прадажных мясцовых чыноўнікаў..."
"/quests/Election.qmm/jumps/238/text"	"Надо накопить побольше денег, чтобы хватило на взятки всем"	"Quest Election.qmm: jumps.238.text. Preserve every <tag> exactly. English reference: You should save as much money as you can so that there'll be enough to bribe everyone."	"Quest,Election"	"Трэба назапасіць болей грошай, каб хапіла на хабары ўсім"
"/quests/Election.qmm/jumps/238/description"	"Ваш наивный ответ вызвал дружный смех <clr>людей, малоков и пеленгов<clrEnd>.

- Этак за всю жизнь не накопишь! - доносилось из их секторов. - Всем взяток все равно не хватит!

<clr>Гаальцы<clrEnd> же были вообще возмущены вашим ответом:

- Именно из-за этого и возникает коррупция! - утверждали они. - Нельзя потакать взяточникам!!!

И только <clr>фэяне<clrEnd>, совершенно далекие от бизнеса и мелкой политики, нашли ваше решение разумным и логичным."	"Quest Election.qmm: jumps.238.description. Preserve every <tag> exactly. English reference: Your naïve response provoked everyone's laughter in the sector of the <clr>Humans, Maloqs and Pelengs<clrEnd>.

- You will not save so much money in all your life! - they shouted. - The money will never be enough to bribe everyone!

<clr>The gaals<clrEnd> were outraged with your response:

- This is why we have corruption! - they claimed. - You should not tolerate bribers!!!

And only the <clr>Faes<clrEnd>, who not at all engaged in business or small politics, found you verdict to be judicious and logical."	"Quest,Election"	"Ваш наіўны адказ выклікаў дружны сьмех <clr>людзей, малокаў і пеленгаў<clrEnd>.

— Гэтак за ўсё жыцьцё не назьбіраеш! — даносілася зь іхніх сэктараў. — Хабараў на ўсіх усё адно не хопіць!

<clr>Гаальцы<clrEnd> ж былі наогул абураныя вашым адказам:

— Менавіта праз гэта і ўзьнікае карупцыя! — сьцьвярджалі яны. — Нельга патураць хабарнікам!!!

І толькі <clr>фэяне<clrEnd>, зусім далёкія ад бізнэсу і дробнай палітыкі, знайшлі вашае рашэньне разумным і лягічным."
"/quests/Election.qmm/jumps/239/text"	"Не будем ничего делать, я передумал!"	"Quest Election.qmm: jumps.239.text. Preserve every <tag> exactly. English reference: We will not do anything, I changed my mind!"	"Quest,Election"	"Ня будзем нічога рабіць, я перадумаў!"
"/quests/Election.qmm/jumps/240/text"	"Не будем ничего делать, я передумал!"	"Quest Election.qmm: jumps.240.text. Preserve every <tag> exactly. English reference: We will not do anything, I changed my mind!"	"Quest,Election"	"Ня будзем нічога рабіць, я перадумаў!"
"/quests/Election.qmm/jumps/241/text"	"В костюме рейнджера на фоне космического корабля"	"Quest Election.qmm: jumps.241.text. Preserve every <tag> exactly. English reference: In ranger outfit at the backdrop of a spaceship"	"Quest,Election"	"У касьцюме рэйнджэра на фоне касьмічнага карабля"
"/quests/Election.qmm/jumps/242/text"	"В халате ученого на фоне лаборатории"	"Quest Election.qmm: jumps.242.text. Preserve every <tag> exactly. English reference: In a scientist robe at the backdrop of a lab"	"Quest,Election"	"У халаце навукоўца на фоне лябараторыі"
"/quests/Election.qmm/jumps/243/text"	"В военной форме на фоне плазмотанка"	"Quest Election.qmm: jumps.243.text. Preserve every <tag> exactly. English reference: In army uniform at the backdrop of a plasmotank"	"Quest,Election"	"У вайсковай форме на фоне плязматанка"
"/quests/Election.qmm/jumps/244/text"	"В белом халате врача со шприцем в руке на фоне больничной палаты"	"Quest Election.qmm: jumps.244.text. Preserve every <tag> exactly. English reference: In white doctor's gown with a syringe in hand at the backdrop of a ward"	"Quest,Election"	"У белым халаце лекара са шпрыцам у руцэ на фоне бальнічнай палаты"
"/quests/Election.qmm/jumps/245/text"	"В спортивной форме на фоне стадиона"	"Quest Election.qmm: jumps.245.text. Preserve every <tag> exactly. English reference: In sporting outfit at the backdrop of a stadium"	"Quest,Election"	"У спартовай форме на фоне стадыёна"
"/quests/Election.qmm/jumps/246/text"	"В деловом костюме на фоне небоскребов"	"Quest Election.qmm: jumps.246.text. Preserve every <tag> exactly. English reference: In business suit at the backdrop of skyscrapers"	"Quest,Election"	"У дзелавым касьцюме на фоне хмарачосаў"
"/quests/Election.qmm/jumps/247/text"	"В робе строителя на фоне новостроек"	"Quest Election.qmm: jumps.247.text. Preserve every <tag> exactly. English reference: In builder's outfit at the backdrop of recent projects"	"Quest,Election"	"У робе будаўніка на фоне новабудоўляў"
"/quests/Election.qmm/jumps/248/text"	"В малиновом пиджаке с золотой цепью на шее на фоне дорогого ресторана"	"Quest Election.qmm: jumps.248.text. Preserve every <tag> exactly. English reference: In Hawaiian shirt with golden chain at the backdrop of an luxury restaurant"	"Quest,Election"	"У малінавым пінжаку з залатым ланцугом на шыі на фоне дарагога рэстарана"
"/quests/Election.qmm/jumps/249/text"	"Бей доминаторов, спасай Галактику!"	"Quest Election.qmm: jumps.249.text. Preserve every <tag> exactly. English reference: Kill Dominators, save the Galaxy!"	"Quest,Election"	"Бі дамінатараў, ратуй Галяктыку!"
"/quests/Election.qmm/jumps/250/text"	"Бей доминаторов, спасай Галактику!"	"Quest Election.qmm: jumps.250.text. Preserve every <tag> exactly. English reference: Kill Dominators, save the Galaxy!"	"Quest,Election"	"Бі дамінатараў, ратуй Галяктыку!"
"/quests/Election.qmm/jumps/251/text"	"Бей доминаторов, спасай Галактику!"	"Quest Election.qmm: jumps.251.text. Preserve every <tag> exactly. English reference: Kill Dominators, save the Galaxy!"	"Quest,Election"	"Бі дамінатараў, ратуй Галяктыку!"
"/quests/Election.qmm/jumps/252/text"	"Бей доминаторов, спасай Галактику!"	"Quest Election.qmm: jumps.252.text. Preserve every <tag> exactly. English reference: Kill Dominators, save the Galaxy!"	"Quest,Election"	"Бі дамінатараў, ратуй Галяктыку!"
"/quests/Election.qmm/jumps/253/text"	"Бей доминаторов, спасай Галактику!"	"Quest Election.qmm: jumps.253.text. Preserve every <tag> exactly. English reference: Kill Dominators, save the Galaxy!"	"Quest,Election"	"Бі дамінатараў, ратуй Галяктыку!"
"/quests/Election.qmm/jumps/254/text"	"Бей доминаторов, спасай Галактику!"	"Quest Election.qmm: jumps.254.text. Preserve every <tag> exactly. English reference: Kill Dominators, save the Galaxy!"	"Quest,Election"	"Бі дамінатараў, ратуй Галяктыку!"
"/quests/Election.qmm/jumps/255/text"	"Бей доминаторов, спасай Галактику!"	"Quest Election.qmm: jumps.255.text. Preserve every <tag> exactly. English reference: Kill Dominators, save the Galaxy!"	"Quest,Election"	"Бі дамінатараў, ратуй Галяктыку!"
"/quests/Election.qmm/jumps/256/text"	"Бей доминаторов, спасай Галактику!"	"Quest Election.qmm: jumps.256.text. Preserve every <tag> exactly. English reference: Kill Dominators, save the Galaxy!"	"Quest,Election"	"Бі дамінатараў, ратуй Галяктыку!"
"/quests/Election.qmm/jumps/258/text"	"Пойти обедать"	"Quest Election.qmm: jumps.258.text. Preserve every <tag> exactly. English reference: Go for lunch"	"Quest,Election"	"Пайсьці абедаць"
"/quests/Election.qmm/jumps/259/text"	"Пойти обедать"	"Quest Election.qmm: jumps.259.text. Preserve every <tag> exactly. English reference: Go for lunch"	"Quest,Election"	"Пайсьці абедаць"
"/quests/Election.qmm/jumps/260/text"	"Пойти обедать"	"Quest Election.qmm: jumps.260.text. Preserve every <tag> exactly. English reference: Go for lunch"	"Quest,Election"	"Пайсьці абедаць"
"/quests/Election.qmm/jumps/261/text"	"Пойти обедать"	"Quest Election.qmm: jumps.261.text. Preserve every <tag> exactly. English reference: Go for lunch"	"Quest,Election"	"Пайсьці абедаць"
"/quests/Election.qmm/jumps/262/text"	"Пойти обедать"	"Quest Election.qmm: jumps.262.text. Preserve every <tag> exactly. English reference: Go for lunch"	"Quest,Election"	"Пайсьці абедаць"
"/quests/Election.qmm/jumps/263/text"	"Пойти обедать"	"Quest Election.qmm: jumps.263.text. Preserve every <tag> exactly. English reference: Go for lunch"	"Quest,Election"	"Пайсьці абедаць"
"/quests/Election.qmm/jumps/264/text"	"Пойти обедать"	"Quest Election.qmm: jumps.264.text. Preserve every <tag> exactly. English reference: Go for lunch"	"Quest,Election"	"Пайсьці абедаць"
"/quests/Election.qmm/jumps/265/text"	"Пойти обедать"	"Quest Election.qmm: jumps.265.text. Preserve every <tag> exactly. English reference: Go for lunch"	"Quest,Election"	"Пайсьці абедаць"
"/quests/Election.qmm/jumps/266/text"	"Вернуться в отель"	"Quest Election.qmm: jumps.266.text. Preserve every <tag> exactly. English reference: Return to the hotel"	"Quest,Election"	"Вярнуцца ў гатэль"
"/quests/Election.qmm/jumps/268/text"	"Вернуться в отель"	"Quest Election.qmm: jumps.268.text. Preserve every <tag> exactly. English reference: Return to the hotel"	"Quest,Election"	"Вярнуцца ў гатэль"
"/quests/Election.qmm/jumps/269/text"	"Вернуться в отель"	"Quest Election.qmm: jumps.269.text. Preserve every <tag> exactly. English reference: Return to the hotel"	"Quest,Election"	"Вярнуцца ў гатэль"
"/quests/Election.qmm/jumps/270/text"	"Вернуться в отель"	"Quest Election.qmm: jumps.270.text. Preserve every <tag> exactly. English reference: Return to the hotel"	"Quest,Election"	"Вярнуцца ў гатэль"
"/quests/Election.qmm/jumps/271/text"	"Вернуться в отель"	"Quest Election.qmm: jumps.271.text. Preserve every <tag> exactly. English reference: Return to the hotel"	"Quest,Election"	"Вярнуцца ў гатэль"
"/quests/Election.qmm/jumps/272/text"	"Вернуться в отель"	"Quest Election.qmm: jumps.272.text. Preserve every <tag> exactly. English reference: Return to the hotel"	"Quest,Election"	"Вярнуцца ў гатэль"
"/quests/Election.qmm/jumps/273/text"	"Вернуться в отель"	"Quest Election.qmm: jumps.273.text. Preserve every <tag> exactly. English reference: Return to the hotel"	"Quest,Election"	"Вярнуцца ў гатэль"
"/quests/Election.qmm/jumps/274/text"	"Вернуться в отель"	"Quest Election.qmm: jumps.274.text. Preserve every <tag> exactly. English reference: Return to the hotel"	"Quest,Election"	"Вярнуцца ў гатэль"
"/quests/Election.qmm/jumps/275/text"	"Подарим народу счастье!!!"	"Quest Election.qmm: jumps.275.text. Preserve every <tag> exactly. English reference: Let's give happiness to the population!!!"	"Quest,Election"	"Падаруем народу шчасьце!!!"
"/quests/Election.qmm/jumps/276/text"	"Подарим народу счастье!!!"	"Quest Election.qmm: jumps.276.text. Preserve every <tag> exactly. English reference: Let's give happiness to the population!!!"	"Quest,Election"	"Падаруем народу шчасьце!!!"
"/quests/Election.qmm/jumps/277/text"	"Подарим народу счастье!!!"	"Quest Election.qmm: jumps.277.text. Preserve every <tag> exactly. English reference: Let's give happiness to the population!!!"	"Quest,Election"	"Падаруем народу шчасьце!!!"
"/quests/Election.qmm/jumps/278/text"	"Подарим народу счастье!!!"	"Quest Election.qmm: jumps.278.text. Preserve every <tag> exactly. English reference: Let's give happiness to the population!!!"	"Quest,Election"	"Падаруем народу шчасьце!!!"
"/quests/Election.qmm/jumps/279/text"	"Подарим народу счастье!!!"	"Quest Election.qmm: jumps.279.text. Preserve every <tag> exactly. English reference: Let's give happiness to the population!!!"	"Quest,Election"	"Падаруем народу шчасьце!!!"
"/quests/Election.qmm/jumps/280/text"	"Подарим народу счастье!!!"	"Quest Election.qmm: jumps.280.text. Preserve every <tag> exactly. English reference: Let's give happiness to the population!!!"	"Quest,Election"	"Падаруем народу шчасьце!!!"
"/quests/Election.qmm/jumps/281/text"	"Подарим народу счастье!!!"	"Quest Election.qmm: jumps.281.text. Preserve every <tag> exactly. English reference: Let's give happiness to the population!!!"	"Quest,Election"	"Падаруем народу шчасьце!!!"
"/quests/Election.qmm/jumps/282/text"	"Подарим народу счастье!!!"	"Quest Election.qmm: jumps.282.text. Preserve every <tag> exactly. English reference: Let's give happiness to the population!!!"	"Quest,Election"	"Падаруем народу шчасьце!!!"
"/quests/Election.qmm/jumps/283/text"	"Мы защищаем свободу!"	"Quest Election.qmm: jumps.283.text. Preserve every <tag> exactly. English reference: We protect freedom!"	"Quest,Election"	"Мы абараняем свабоду!"
"/quests/Election.qmm/jumps/284/text"	"Мы защищаем свободу!"	"Quest Election.qmm: jumps.284.text. Preserve every <tag> exactly. English reference: We protect freedom!"	"Quest,Election"	"Мы абараняем свабоду!"
"/quests/Election.qmm/jumps/285/text"	"Мы защищаем свободу!"	"Quest Election.qmm: jumps.285.text. Preserve every <tag> exactly. English reference: We protect freedom!"	"Quest,Election"	"Мы абараняем свабоду!"
"/quests/Election.qmm/jumps/286/text"	"Мы защищаем свободу!"	"Quest Election.qmm: jumps.286.text. Preserve every <tag> exactly. English reference: We protect freedom!"	"Quest,Election"	"Мы абараняем свабоду!"
"/quests/Election.qmm/jumps/287/text"	"Мы защищаем свободу!"	"Quest Election.qmm: jumps.287.text. Preserve every <tag> exactly. English reference: We protect freedom!"	"Quest,Election"	"Мы абараняем свабоду!"
"/quests/Election.qmm/jumps/288/text"	"Мы защищаем свободу!"	"Quest Election.qmm: jumps.288.text. Preserve every <tag> exactly. English reference: We protect freedom!"	"Quest,Election"	"Мы абараняем свабоду!"
"/quests/Election.qmm/jumps/289/text"	"Мы защищаем свободу!"	"Quest Election.qmm: jumps.289.text. Preserve every <tag> exactly. English reference: We protect freedom!"	"Quest,Election"	"Мы абараняем свабоду!"
"/quests/Election.qmm/jumps/290/text"	"Мы защищаем свободу!"	"Quest Election.qmm: jumps.290.text. Preserve every <tag> exactly. English reference: We protect freedom!"	"Quest,Election"	"Мы абараняем свабоду!"
"/quests/Election.qmm/jumps/291/text"	"Голосуй сердцем!"	"Quest Election.qmm: jumps.291.text. Preserve every <tag> exactly. English reference: Vote with your heart!"	"Quest,Election"	"Галасуй сэрцам!"
"/quests/Election.qmm/jumps/292/text"	"Голосуй сердцем!"	"Quest Election.qmm: jumps.292.text. Preserve every <tag> exactly. English reference: Vote with your heart!"	"Quest,Election"	"Галасуй сэрцам!"
"/quests/Election.qmm/jumps/293/text"	"Голосуй сердцем!"	"Quest Election.qmm: jumps.293.text. Preserve every <tag> exactly. English reference: Vote with your heart!"	"Quest,Election"	"Галасуй сэрцам!"
"/quests/Election.qmm/jumps/294/text"	"Голосуй сердцем!"	"Quest Election.qmm: jumps.294.text. Preserve every <tag> exactly. English reference: Vote with your heart!"	"Quest,Election"	"Галасуй сэрцам!"
"/quests/Election.qmm/jumps/295/text"	"Голосуй сердцем!"	"Quest Election.qmm: jumps.295.text. Preserve every <tag> exactly. English reference: Vote with your heart!"	"Quest,Election"	"Галасуй сэрцам!"
"/quests/Election.qmm/jumps/296/text"	"Голосуй сердцем!"	"Quest Election.qmm: jumps.296.text. Preserve every <tag> exactly. English reference: Vote with your heart!"	"Quest,Election"	"Галасуй сэрцам!"
"/quests/Election.qmm/jumps/297/text"	"Голосуй сердцем!"	"Quest Election.qmm: jumps.297.text. Preserve every <tag> exactly. English reference: Vote with your heart!"	"Quest,Election"	"Галасуй сэрцам!"
"/quests/Election.qmm/jumps/298/text"	"Голосуй сердцем!"	"Quest Election.qmm: jumps.298.text. Preserve every <tag> exactly. English reference: Vote with your heart!"	"Quest,Election"	"Галасуй сэрцам!"
"/quests/Election.qmm/jumps/299/text"	"Хлеба и зрелищ!"	"Quest Election.qmm: jumps.299.text. Preserve every <tag> exactly. English reference: Bread and circuses!"	"Quest,Election"	"Хлеба і відовішчаў!"
"/quests/Election.qmm/jumps/300/text"	"Хлеба и зрелищ!"	"Quest Election.qmm: jumps.300.text. Preserve every <tag> exactly. English reference: Bread and circuses!"	"Quest,Election"	"Хлеба і відовішчаў!"
"/quests/Election.qmm/jumps/301/text"	"Хлеба и зрелищ!"	"Quest Election.qmm: jumps.301.text. Preserve every <tag> exactly. English reference: Bread and circuses!"	"Quest,Election"	"Хлеба і відовішчаў!"
"/quests/Election.qmm/jumps/302/text"	"Хлеба и зрелищ!"	"Quest Election.qmm: jumps.302.text. Preserve every <tag> exactly. English reference: Bread and circuses!"	"Quest,Election"	"Хлеба і відовішчаў!"
"/quests/Election.qmm/jumps/303/text"	"Хлеба и зрелищ!"	"Quest Election.qmm: jumps.303.text. Preserve every <tag> exactly. English reference: Bread and circuses!"	"Quest,Election"	"Хлеба і відовішчаў!"
"/quests/Election.qmm/jumps/304/text"	"Хлеба и зрелищ!"	"Quest Election.qmm: jumps.304.text. Preserve every <tag> exactly. English reference: Bread and circuses!"	"Quest,Election"	"Хлеба і відовішчаў!"
"/quests/Election.qmm/jumps/305/text"	"Хлеба и зрелищ!"	"Quest Election.qmm: jumps.305.text. Preserve every <tag> exactly. English reference: Bread and circuses!"	"Quest,Election"	"Хлеба і відовішчаў!"
"/quests/Election.qmm/jumps/306/text"	"Хлеба и зрелищ!"	"Quest Election.qmm: jumps.306.text. Preserve every <tag> exactly. English reference: Bread and circuses!"	"Quest,Election"	"Хлеба і відовішчаў!"
"/quests/Election.qmm/jumps/307/text"	"Мы наведем порядок!"	"Quest Election.qmm: jumps.307.text. Preserve every <tag> exactly. English reference: We will maintain order!"	"Quest,Election"	"Мы навядзём парадак!"
"/quests/Election.qmm/jumps/308/text"	"Мы наведем порядок!"	"Quest Election.qmm: jumps.308.text. Preserve every <tag> exactly. English reference: We will maintain order!"	"Quest,Election"	"Мы навядзём парадак!"
"/quests/Election.qmm/jumps/309/text"	"Мы наведем порядок!"	"Quest Election.qmm: jumps.309.text. Preserve every <tag> exactly. English reference: We will maintain order!"	"Quest,Election"	"Мы навядзём парадак!"
"/quests/Election.qmm/jumps/310/text"	"Мы наведем порядок!"	"Quest Election.qmm: jumps.310.text. Preserve every <tag> exactly. English reference: We will maintain order!"	"Quest,Election"	"Мы навядзём парадак!"
"/quests/Election.qmm/jumps/311/text"	"Мы наведем порядок!"	"Quest Election.qmm: jumps.311.text. Preserve every <tag> exactly. English reference: We will maintain order!"	"Quest,Election"	"Мы навядзём парадак!"
"/quests/Election.qmm/jumps/312/text"	"Мы наведем порядок!"	"Quest Election.qmm: jumps.312.text. Preserve every <tag> exactly. English reference: We will maintain order!"	"Quest,Election"	"Мы навядзём парадак!"
"/quests/Election.qmm/jumps/313/text"	"Мы наведем порядок!"	"Quest Election.qmm: jumps.313.text. Preserve every <tag> exactly. English reference: We will maintain order!"	"Quest,Election"	"Мы навядзём парадак!"
"/quests/Election.qmm/jumps/314/text"	"Мы наведем порядок!"	"Quest Election.qmm: jumps.314.text. Preserve every <tag> exactly. English reference: We will maintain order!"	"Quest,Election"	"Мы навядзём парадак!"
"/quests/Election.qmm/jumps/315/text"	"Защитим наших детей!"	"Quest Election.qmm: jumps.315.text. Preserve every <tag> exactly. English reference: Protect our children!"	"Quest,Election"	"Абаронім нашых дзяцей!"
"/quests/Election.qmm/jumps/316/text"	"Защитим наших детей!"	"Quest Election.qmm: jumps.316.text. Preserve every <tag> exactly. English reference: Protect our children!"	"Quest,Election"	"Абаронім нашых дзяцей!"
"/quests/Election.qmm/jumps/317/text"	"Защитим наших детей!"	"Quest Election.qmm: jumps.317.text. Preserve every <tag> exactly. English reference: Protect our children!"	"Quest,Election"	"Абаронім нашых дзяцей!"
"/quests/Election.qmm/jumps/318/text"	"Защитим наших детей!"	"Quest Election.qmm: jumps.318.text. Preserve every <tag> exactly. English reference: Protect our children!"	"Quest,Election"	"Абаронім нашых дзяцей!"
"/quests/Election.qmm/jumps/319/text"	"Защитим наших детей!"	"Quest Election.qmm: jumps.319.text. Preserve every <tag> exactly. English reference: Protect our children!"	"Quest,Election"	"Абаронім нашых дзяцей!"
"/quests/Election.qmm/jumps/320/text"	"Защитим наших детей!"	"Quest Election.qmm: jumps.320.text. Preserve every <tag> exactly. English reference: Protect our children!"	"Quest,Election"	"Абаронім нашых дзяцей!"
"/quests/Election.qmm/jumps/321/text"	"Защитим наших детей!"	"Quest Election.qmm: jumps.321.text. Preserve every <tag> exactly. English reference: Protect our children!"	"Quest,Election"	"Абаронім нашых дзяцей!"
"/quests/Election.qmm/jumps/322/text"	"Защитим наших детей!"	"Quest Election.qmm: jumps.322.text. Preserve every <tag> exactly. English reference: Protect our children!"	"Quest,Election"	"Абаронім нашых дзяцей!"
"/quests/Election.qmm/jumps/323/text"	"Посетить массовое мероприятие"	"Quest Election.qmm: jumps.323.text. Preserve every <tag> exactly. English reference: Visit a social event"	"Quest,Election"	"Наведаць масавы захад"
"/quests/Election.qmm/jumps/324/text"	"Посетить массовое мероприятие"	"Quest Election.qmm: jumps.324.text. Preserve every <tag> exactly. English reference: Visit a social event"	"Quest,Election"	"Наведаць масавы захад"
"/quests/Election.qmm/jumps/325/text"	"Посетить массовое мероприятие"	"Quest Election.qmm: jumps.325.text. Preserve every <tag> exactly. English reference: Visit a social event"	"Quest,Election"	"Наведаць масавы захад"
"/quests/Election.qmm/jumps/326/text"	"Посетить массовое мероприятие"	"Quest Election.qmm: jumps.326.text. Preserve every <tag> exactly. English reference: Visit a social event"	"Quest,Election"	"Наведаць масавы захад"
"/quests/Election.qmm/jumps/327/text"	"Посетить массовое мероприятие"	"Quest Election.qmm: jumps.327.text. Preserve every <tag> exactly. English reference: Visit a social event"	"Quest,Election"	"Наведаць масавы захад"
"/quests/Election.qmm/jumps/329/text"	"Я передумал, сегодня в народ не пойдем!"	"Quest Election.qmm: jumps.329.text. Preserve every <tag> exactly. English reference: I changed my mind, we will not go to speak with the crowd today!"	"Quest,Election"	"Я перадумаў, сёньня ў народ не пойдзем!"
"/quests/Election.qmm/jumps/330/text"	"На военный завод"	"Quest Election.qmm: jumps.330.text. Preserve every <tag> exactly. English reference: To the military plant"	"Quest,Election"	"На вайсковы завод"
"/quests/Election.qmm/jumps/331/text"	"На выставку иике-баан"	"Quest Election.qmm: jumps.331.text. Preserve every <tag> exactly. English reference: To iike-baana exhibition"	"Quest,Election"	"На выставу ііке-баан"
"/quests/Election.qmm/jumps/332/text"	"На хэчбольный матч"	"Quest Election.qmm: jumps.332.text. Preserve every <tag> exactly. English reference: To hatchball match"	"Quest,Election"	"На хэчбольны матч"
"/quests/Election.qmm/jumps/333/text"	"На антивоенный митинг"	"Quest Election.qmm: jumps.333.text. Preserve every <tag> exactly. English reference: To antiwar rally"	"Quest,Election"	"На антываенны мітынг"
"/quests/Election.qmm/jumps/334/text"	"В местный гарнизон"	"Quest Election.qmm: jumps.334.text. Preserve every <tag> exactly. English reference: To a local garrison"	"Quest,Election"	"У мясцовы гарнізон"
"/quests/Election.qmm/jumps/335/text"	"В ближайшую тюрьму"	"Quest Election.qmm: jumps.335.text. Preserve every <tag> exactly. English reference: To the nearest prison"	"Quest,Election"	"У найбліжэйшую турму"
"/quests/Election.qmm/jumps/336/text"	"В парк сказочных аттракционов"	"Quest Election.qmm: jumps.336.text. Preserve every <tag> exactly. English reference: To fairy-tale amusement park"	"Quest,Election"	"У парк казачных атракцыёнаў"
"/quests/Election.qmm/jumps/337/text"	"На встречу со студентами университета"	"Quest Election.qmm: jumps.337.text. Preserve every <tag> exactly. English reference: To the meeting with university students"	"Quest,Election"	"На сустрэчу са студэнтамі ўнівэрсытэту"
"/quests/Election.qmm/jumps/338/text"	"Жить надо лучше, жить надо веселей!"	"Quest Election.qmm: jumps.338.text. Preserve every <tag> exactly. English reference: Live better, be happy!"	"Quest,Election"	"Жыць трэба лепей, жыць трэба весялей!"
"/quests/Election.qmm/jumps/339/text"	"Жить надо лучше, жить надо веселей!"	"Quest Election.qmm: jumps.339.text. Preserve every <tag> exactly. English reference: Live better, be happy!"	"Quest,Election"	"Жыць трэба лепей, жыць трэба весялей!"
"/quests/Election.qmm/jumps/340/text"	"Жить надо лучше, жить надо веселей!"	"Quest Election.qmm: jumps.340.text. Preserve every <tag> exactly. English reference: Live better, be happy!"	"Quest,Election"	"Жыць трэба лепей, жыць трэба весялей!"
"/quests/Election.qmm/jumps/341/text"	"Жить надо лучше, жить надо веселей!"	"Quest Election.qmm: jumps.341.text. Preserve every <tag> exactly. English reference: Live better, be happy!"	"Quest,Election"	"Жыць трэба лепей, жыць трэба весялей!"
"/quests/Election.qmm/jumps/342/text"	"Жить надо лучше, жить надо веселей!"	"Quest Election.qmm: jumps.342.text. Preserve every <tag> exactly. English reference: Live better, be happy!"	"Quest,Election"	"Жыць трэба лепей, жыць трэба весялей!"
"/quests/Election.qmm/jumps/343/text"	"Жить надо лучше, жить надо веселей!"	"Quest Election.qmm: jumps.343.text. Preserve every <tag> exactly. English reference: Live better, be happy!"	"Quest,Election"	"Жыць трэба лепей, жыць трэба весялей!"
"/quests/Election.qmm/jumps/344/text"	"Жить надо лучше, жить надо веселей!"	"Quest Election.qmm: jumps.344.text. Preserve every <tag> exactly. English reference: Live better, be happy!"	"Quest,Election"	"Жыць трэба лепей, жыць трэба весялей!"
"/quests/Election.qmm/jumps/345/text"	"Жить надо лучше, жить надо веселей!"	"Quest Election.qmm: jumps.345.text. Preserve every <tag> exactly. English reference: Live better, be happy!"	"Quest,Election"	"Жыць трэба лепей, жыць трэба весялей!"
"/quests/Election.qmm/jumps/346/text"	"Узнать прогноз"	"Quest Election.qmm: jumps.346.text. Preserve every <tag> exactly. English reference: Hear the forecast"	"Quest,Election"	"Даведацца прагноз"
"/quests/Election.qmm/jumps/347/text"	"Далее"	"Quest Election.qmm: jumps.347.text. Preserve every <tag> exactly. English reference: Further"	"Quest,Election"	"Далей"
"/quests/Election.qmm/jumps/348/text"	"В ксенопарк Ляпцвы Хица"	"Quest Election.qmm: jumps.348.text. Preserve every <tag> exactly. English reference: To Lyapzva Hiz xenopark"	"Quest,Election"	"У ксэнапарк Ляпцвы Хіца"
"/quests/Election.qmm/jumps/349/description"	"Сегодня по стереовидению выступил местный ветеран Гралгарской битвы обер-майор Бух. Он призвал всех <clr>малоков<clrEnd> поддержать на выборах мужественного и бесстрашного Абу Линкольна Хуссейна. Непонятно, что толкнуло прославленного героя на этот шаг, но ясно, что вы лишились многих голосов представителей малокской расы."	"Quest Election.qmm: jumps.349.description. Preserve every <tag> exactly. English reference: A local veteran was on the stereovision today - Arch-Major Booze, Grulgarian War Vet. He appealed to every <clr>Maloq<clrEnd> citizen to vote for fearless and manful Abu Linkoln Husseyn. I was not clear what made the famous hero to take this action, but it was more than apparent that now you lost many of the Maloq votes that otherwise could be yours."	"Quest,Election"	"Сёньня па стэрэавізары выступіў мясцовы ветэран бітвы на Гралгары обэр-маёр Бух. Ён заклікаў усіх <clr>малокаў<clrEnd> падтрымаць на выбарах мужнага і бясстрашнага Абу Лінкольна Хусейна. Незразумела, што падштурхнула праслаўленага героя на гэты крок, але ясна, што вы пазбавіліся многіх галасоў прадстаўнікоў малокскай расы."
"/quests/Election.qmm/jumps/350/text"	"Вернуться в отель"	"Quest Election.qmm: jumps.350.text. Preserve every <tag> exactly. English reference: Return to the hotel"	"Quest,Election"	"Вярнуцца ў гатэль"
"/quests/Election.qmm/jumps/358/text"	"Далее"	"Quest Election.qmm: jumps.358.text. Preserve every <tag> exactly. English reference: Further"	"Quest,Election"	"Далей"
"/quests/Election.qmm/jumps/359/text"	"Вернуться в отель"	"Quest Election.qmm: jumps.359.text. Preserve every <tag> exactly. English reference: Return to the hotel"	"Quest,Election"	"Вярнуцца ў гатэль"
"/quests/Election.qmm/jumps/360/text"	"Вернуться в отель"	"Quest Election.qmm: jumps.360.text. Preserve every <tag> exactly. English reference: Return to the hotel"	"Quest,Election"	"Вярнуцца ў гатэль"
"/quests/Election.qmm/jumps/361/text"	"Вернуться в отель"	"Quest Election.qmm: jumps.361.text. Preserve every <tag> exactly. English reference: Return to the hotel"	"Quest,Election"	"Вярнуцца ў гатэль"
"/quests/Election.qmm/jumps/362/text"	"Вернуться в отель"	"Quest Election.qmm: jumps.362.text. Preserve every <tag> exactly. English reference: Return to the hotel"	"Quest,Election"	"Вярнуцца ў гатэль"
"/quests/Election.qmm/jumps/363/text"	"Вернуться в отель"	"Quest Election.qmm: jumps.363.text. Preserve every <tag> exactly. English reference: Return to the hotel"	"Quest,Election"	"Вярнуцца ў гатэль"
"/quests/Election.qmm/jumps/364/text"	"Вернуться в отель"	"Quest Election.qmm: jumps.364.text. Preserve every <tag> exactly. English reference: Return to the hotel"	"Quest,Election"	"Вярнуцца ў гатэль"
"/quests/Election.qmm/jumps/365/text"	"Вернуться в отель"	"Quest Election.qmm: jumps.365.text. Preserve every <tag> exactly. English reference: Return to the hotel"	"Quest,Election"	"Вярнуцца ў гатэль"
"/quests/Election.qmm/jumps/376/text"	"Узнать прогноз"	"Quest Election.qmm: jumps.376.text. Preserve every <tag> exactly. English reference: Hear the forecast"	"Quest,Election"	"Даведацца прагноз"
"/quests/Election.qmm/jumps/377/text"	"Далее"	"Quest Election.qmm: jumps.377.text. Preserve every <tag> exactly. English reference: Further"	"Quest,Election"	"Далей"
"/quests/Election.qmm/jumps/395/text"	"И что теперь?"	"Quest Election.qmm: jumps.395.text. Preserve every <tag> exactly. English reference: And what now?"	"Quest,Election"	"І што цяпер?"
"/quests/Election.qmm/jumps/397/description"	"Сегодня в новостях совершенно случайно показали налоговую декларацию Абу Линкольна Хуссейна за прошлый год. Оказывается, из личного имущества у вашего соперника есть только двухкомнатная квартира и велосипед! Подобный аскетизм и скромность в личных запросах принесли ему много голосов <clr>малоков, фэян<clrEnd> и <clr>гаальцев<clrEnd>. Однако ушлые в таких вопросах <clr>люди<clrEnd> и <clr>пеленги<clrEnd> скептически заявляли, что для полноты картины было бы неплохо показать и декларации многочисленных родственников Абу Линкольна Хуссейна, чтобы уточнить, кто владеет несколькими загородными виллами, автопарком из 18 машин и пакетами акций крупнейших компаний планеты <ToPlanet>."	"Quest Election.qmm: jumps.397.description. Preserve every <tag> exactly. English reference: Today the news by a merest chance showed Abu Linkoln Husseyn's last year Tax Return. It turned out that all the property of your rival consisted of two room apartment and a bike! An asceticism like that and modesty in personal demands brought him a lot of <clr>Maloqs, Faes<clrEnd> and <clr>gaals<clrEnd> votes. But the <clr>Humans<clrEnd> and <clr>Pelengs<clrEnd> who were quirky in such matters, sceptically proclaimed that to show the full picture, the stereovision should also show the Tax Returns of Abu Linkoln Husseyn's numerous relatives, so that it could be specified who is the owner of several country villas, 18 cars, and controlling stocks of major planet <ToPlanet>'s companies."	"Quest,Election"	"Сёньня ў навінах зусім выпадкова паказалі падатковую дэклярацыю Абу Лінкольна Хусейна за мінулы год. Выявілася, што з асабістай маёмасьці ў вашага канкурэнта ёсьць толькі двухпакаёвая кватэра і ровар! Падобны аскетызм і сьціпласьць у асабістых запатрабаваньнях прынесьлі яму шмат галасоў <clr>малокаў, фэянаў<clrEnd> і <clr>гаальцаў<clrEnd>. Аднак кемлівыя ў такіх пытаньнях <clr>людзі<clrEnd> і <clr>пеленгі<clrEnd> скептычна заяўлялі, што для паўнаты карціны было б няблага паказаць і дэклярацыі шматлікіх сваякоў Абу Лінкольна Хусейна, каб удакладніць, хто валодае некалькімі загараднымі віламі, аўтапаркам з 18 машынаў і пакетамі акцыяў найбуйнейшых кампаніяў плянэты <ToPlanet>."
"/quests/Election.qmm/jumps/398/text"	"Расскажите мне побольше о планете <ToPlanet>"	"Quest Election.qmm: jumps.398.text. Preserve every <tag> exactly. English reference: Please tell me more about <ToPlanet> planet"	"Quest,Election"	"Раскажыце мне болей пра плянэту <ToPlanet>"
"/quests/Election.qmm/jumps/399/text"	"Ладно, ребята, до завтра, мне пора спать!"	"Quest Election.qmm: jumps.399.text. Preserve every <tag> exactly. English reference: Ok, guys, see you all tomorrow, it's time for me to sleep!"	"Quest,Election"	"Добра, хлопцы, да заўтра, мне пара спаць!"
"/quests/Election.qmm/jumps/400/text"	"Конечно! Кстати, расскажите мне побольше о планете <ToPlanet>"	"Quest Election.qmm: jumps.400.text. Preserve every <tag> exactly. English reference: Sure! By the way, tell me more about planet <ToPlanet>"	"Quest,Election"	"Вядома! Дарэчы, раскажыце мне болей пра плянэту <ToPlanet>"
"/quests/Election.qmm/jumps/401/text"	"Странно, что на такое хлебное место претендует только два кандидата. В чем тут подвох?"	"Quest Election.qmm: jumps.401.text. Preserve every <tag> exactly. English reference: Strange that such a warm post is claimed by only two candidates. What's wrong?"	"Quest,Election"	"Дзіўна, што на такое хлебнае месца прэтэндуе толькі два кандыдаты. У чым тут падвох?"
