"identifier"	"source_phrase"	"context"	"labels"	"be"
"/quests/Feipsycho.qmm/parameters/0/name"	"Диалоговая"	"Quest Feipsycho.qmm: parameters.0.name. Preserve every <tag> exactly."	"Quest,Feipsycho"	"Гутарковая"
"/quests/Feipsycho.qmm/parameters/0/lines/0/content"	"Параметр номер 1: <>"	"Quest Feipsycho.qmm: parameters.0.lines.0.content. Preserve every <tag> exactly."	"Quest,Feipsycho"	"Парамэтар нумар 1: <>"
"/quests/Feipsycho.qmm/parameters/0/crit_text"	"Сообщение достижения критического значения параметром 1"	"Quest Feipsycho.qmm: parameters.0.crit_text. Preserve every <tag> exactly."	"Quest,Feipsycho"	"Паведамленьне пра дасягненьне крытычнага значэньня парамэтрам 1"
"/quests/Feipsycho.qmm/parameters/1/name"	"левая переменная (+5 to KorD)"	"Quest Feipsycho.qmm: parameters.1.name. Preserve every <tag> exactly."	"Quest,Feipsycho"	"фіктыўная пераменная (+5 to KorD)"
"/quests/Feipsycho.qmm/parameters/1/crit_text"	"Сообщение достижения критического значения параметром 3"	"Quest Feipsycho.qmm: parameters.1.crit_text. Preserve every <tag> exactly."	"Quest,Feipsycho"	"Паведамленьне пра дасягненьне крытычнага значэньня парамэтрам 3"
"/quests/Feipsycho.qmm/parameters/2/name"	"Время"	"Quest Feipsycho.qmm: parameters.2.name. Preserve every <tag> exactly."	"Quest,Feipsycho"	"Час"
"/quests/Feipsycho.qmm/parameters/2/lines/0/content"	"{([p3] mod 3600) div 60} час. {[p3] mod 60} мин."	"Quest Feipsycho.qmm: parameters.2.lines.0.content. Preserve every <tag> exactly."	"Quest,Feipsycho"	"{([p3] mod 3600) div 60} гадзін {[p3] mod 60} хв."
"/quests/Feipsycho.qmm/parameters/2/crit_text"	"Вдруг повсюду замигали красные лампочки, завыла сирена. Кажется, ваше исчезновение было обнаружено. Уже через минуту прибежали санитары вместе с роботом-охранником, который выстрелил в вас дротиком с черным оперением. Перед глазами у вас поплыли круги, все закружилось, и вы упали замертво."	"Quest Feipsycho.qmm: parameters.2.crit_text. Preserve every <tag> exactly."	"Quest,Feipsycho"	"Раптам усюды забліскалі чырвоныя лямпачкі, завыла сырэна. Здаецца, ваша зьнікненьне было выяўлена. Ужо праз хвіліну прыбеглі санітары разам з робатам-ахоўнікам, які выстраліў у вас дроцікам з чорным апярэньнем. Перад вачыма ў вас паплылі кругі, усё закруцілася, і вы паваліліся мёртвымі."
"/quests/Feipsycho.qmm/parameters/3/name"	"еще одна левая переменная"	"Quest Feipsycho.qmm: parameters.3.name. Preserve every <tag> exactly."	"Quest,Feipsycho"	"яшчэ адна фіктыўная пераменная"
"/quests/Feipsycho.qmm/parameters/3/lines/0/content"	"Параметр номер 2: <>"	"Quest Feipsycho.qmm: parameters.3.lines.0.content. Preserve every <tag> exactly."	"Quest,Feipsycho"	"Парамэтар нумар 2: <>"
"/quests/Feipsycho.qmm/parameters/3/crit_text"	"Сообщение достижения критического значения параметром 2"	"Quest Feipsycho.qmm: parameters.3.crit_text. Preserve every <tag> exactly."	"Quest,Feipsycho"	"Паведамленьне пра дасягненьне крытычнага значэньня парамэтрам 2"
"/quests/Feipsycho.qmm/parameters/4/name"	"Здоровье"	"Quest Feipsycho.qmm: parameters.4.name. Preserve every <tag> exactly."	"Quest,Feipsycho"	"Здароўе"
"/quests/Feipsycho.qmm/parameters/4/lines/0/content"	"Здоровье: <>%"	"Quest Feipsycho.qmm: parameters.4.lines.0.content. Preserve every <tag> exactly."	"Quest,Feipsycho"	"Здароўе: <>%"
"/quests/Feipsycho.qmm/parameters/4/crit_text"	"Не в силах больше переставлять ноги, вы упали на пол и застонали, но помощи не последовало. Похоже, здесь великому рейнджеру и суждено погибнуть."	"Quest Feipsycho.qmm: parameters.4.crit_text. Preserve every <tag> exactly."	"Quest,Feipsycho"	"Не маючы сілы больш перастаўляць ногі, вы ўпалі на падлогу і застагналі, але дапамогі не было. Падобна, тут вялікаму рэйнджэру і наканавана загінуць."
"/quests/Feipsycho.qmm/parameters/5/name"	"Психика"	"Quest Feipsycho.qmm: parameters.5.name. Preserve every <tag> exactly."	"Quest,Feipsycho"	"Псыхіка"
"/quests/Feipsycho.qmm/parameters/5/lines/0/content"	"Психика: <>%"	"Quest Feipsycho.qmm: parameters.5.lines.0.content. Preserve every <tag> exactly."	"Quest,Feipsycho"	"Псыхіка: <>%"
"/quests/Feipsycho.qmm/parameters/5/crit_text"	"Вы вдруг почувствовали, что уже по горло сыты всем этим дурдомом, и ощутили в себе непримиримую ненависть к санитарам и врачам этой психбольницы. Не контролируя себя, вы заорали что было мочи, угрожая им. На ваши вопли тотчас же прибежали санитары вместе с роботом-охранником, который выстрелил в вас дротиком с черным оперением. Перед глазами у вас поплыли круги, все закружилось, и вы упали замертво."	"Quest Feipsycho.qmm: parameters.5.crit_text. Preserve every <tag> exactly."	"Quest,Feipsycho"	"Вы раптам адчулі, што ўжо па горла сытыя ўсім гэтым вар'яцкім домам, і адчулі ў сабе непрымірымую нянавісьць да санітараў і лекараў гэтай псыхіятрычнай лячэбніцы. Не кантралюючы сябе, вы залямантавалі што было сілы, пагражаючы ім. На вашы крыкі адразу ж прыбеглі санітары разам з робатам-ахоўнікам, які выстраліў у вас дроцікам з чорным апярэньнем. Перад вачыма ў вас паплылі кругі, усё закруцілася, і вы паваліліся мёртвымі."
"/quests/Feipsycho.qmm/parameters/6/name"	"Расстояние"	"Quest Feipsycho.qmm: parameters.6.name. Preserve every <tag> exactly."	"Quest,Feipsycho"	"Адлегласьць"
"/quests/Feipsycho.qmm/parameters/6/lines/0/content"	"Расстояние: <> метров"	"Quest Feipsycho.qmm: parameters.6.lines.0.content. Preserve every <tag> exactly."	"Quest,Feipsycho"	"Адлегласьць: <> мэтраў"
"/quests/Feipsycho.qmm/parameters/6/crit_text"	"Сообщение достижения критического значения параметром 5"	"Quest Feipsycho.qmm: parameters.6.crit_text. Preserve every <tag> exactly."	"Quest,Feipsycho"	"Паведамленьне пра дасягненьне крытычнага значэньня парамэтрам 5"
"/quests/Feipsycho.qmm/parameters/7/name"	"Загадка1"	"Quest Feipsycho.qmm: parameters.7.name. Preserve every <tag> exactly."	"Quest,Feipsycho"	"Загадка1"
"/quests/Feipsycho.qmm/parameters/7/lines/0/content"	"ручка: <>"	"Quest Feipsycho.qmm: parameters.7.lines.0.content. Preserve every <tag> exactly."	"Quest,Feipsycho"	"клямка: <>"
"/quests/Feipsycho.qmm/parameters/7/lines/1/content"	"Параметр номер 8: <>"	"Quest Feipsycho.qmm: parameters.7.lines.1.content. Preserve every <tag> exactly."	"Quest,Feipsycho"	"Парамэтар нумар 8: <>"
"/quests/Feipsycho.qmm/parameters/7/lines/2/content"	"Параметр номер 8: <>"	"Quest Feipsycho.qmm: parameters.7.lines.2.content. Preserve every <tag> exactly."	"Quest,Feipsycho"	"Парамэтар нумар 8: <>"
"/quests/Feipsycho.qmm/parameters/7/lines/3/content"	"Параметр номер 8: <>"	"Quest Feipsycho.qmm: parameters.7.lines.3.content. Preserve every <tag> exactly."	"Quest,Feipsycho"	"Парамэтар нумар 8: <>"
"/quests/Feipsycho.qmm/parameters/7/lines/4/content"	"Параметр номер 8: <>"	"Quest Feipsycho.qmm: parameters.7.lines.4.content. Preserve every <tag> exactly."	"Quest,Feipsycho"	"Парамэтар нумар 8: <>"
"/quests/Feipsycho.qmm/parameters/7/lines/5/content"	"Параметр номер 8: <>"	"Quest Feipsycho.qmm: parameters.7.lines.5.content. Preserve every <tag> exactly."	"Quest,Feipsycho"	"Парамэтар нумар 8: <>"
"/quests/Feipsycho.qmm/parameters/7/lines/6/content"	"Параметр номер 8: <>"	"Quest Feipsycho.qmm: parameters.7.lines.6.content. Preserve every <tag> exactly."	"Quest,Feipsycho"	"Парамэтар нумар 8: <>"
"/quests/Feipsycho.qmm/parameters/7/lines/7/content"	"Параметр номер 8: <>"	"Quest Feipsycho.qmm: parameters.7.lines.7.content. Preserve every <tag> exactly."	"Quest,Feipsycho"	"Парамэтар нумар 8: <>"
"/quests/Feipsycho.qmm/parameters/7/crit_text"	"Сообщение достижения критического значения параметром 8"	"Quest Feipsycho.qmm: parameters.7.crit_text. Preserve every <tag> exactly."	"Quest,Feipsycho"	"Паведамленьне пра дасягненьне крытычнага значэньня парамэтрам 8"
"/quests/Feipsycho.qmm/parameters/8/name"	"Загадка2"	"Quest Feipsycho.qmm: parameters.8.name. Preserve every <tag> exactly."	"Quest,Feipsycho"	"Загадка2"
"/quests/Feipsycho.qmm/parameters/8/lines/0/content"	"расст. до верхнего: <>"	"Quest Feipsycho.qmm: parameters.8.lines.0.content. Preserve every <tag> exactly."	"Quest,Feipsycho"	"адлегласьць да верхняга: <>"
"/quests/Feipsycho.qmm/parameters/8/crit_text"	"Сообщение достижения критического значения параметром 9"	"Quest Feipsycho.qmm: parameters.8.crit_text. Preserve every <tag> exactly."	"Quest,Feipsycho"	"Паведамленьне пра дасягненьне крытычнага значэньня парамэтрам 9"
"/quests/Feipsycho.qmm/parameters/9/name"	"Загадка3"	"Quest Feipsycho.qmm: parameters.9.name. Preserve every <tag> exactly."	"Quest,Feipsycho"	"Загадка3"
"/quests/Feipsycho.qmm/parameters/9/lines/0/content"	"расст. до нижнего: <>"	"Quest Feipsycho.qmm: parameters.9.lines.0.content. Preserve every <tag> exactly."	"Quest,Feipsycho"	"адлегласьць да ніжняга: <>"
"/quests/Feipsycho.qmm/parameters/9/crit_text"	"Сообщение достижения критического значения параметром 10"	"Quest Feipsycho.qmm: parameters.9.crit_text. Preserve every <tag> exactly."	"Quest,Feipsycho"	"Паведамленьне пра дасягненьне крытычнага значэньня парамэтрам 10"
"/quests/Feipsycho.qmm/parameters/10/name"	"Загадка4"	"Quest Feipsycho.qmm: parameters.10.name. Preserve every <tag> exactly."	"Quest,Feipsycho"	"Загадка4"
"/quests/Feipsycho.qmm/parameters/10/lines/0/content"	"ориент. верхнего: <>"	"Quest Feipsycho.qmm: parameters.10.lines.0.content. Preserve every <tag> exactly."	"Quest,Feipsycho"	"арыентацыя верхняга: <>"
"/quests/Feipsycho.qmm/parameters/10/crit_text"	"Сообщение достижения критического значения параметром 11"	"Quest Feipsycho.qmm: parameters.10.crit_text. Preserve every <tag> exactly."	"Quest,Feipsycho"	"Паведамленьне пра дасягненьне крытычнага значэньня парамэтрам 11"
"/quests/Feipsycho.qmm/parameters/11/name"	"Загадка5"	"Quest Feipsycho.qmm: parameters.11.name. Preserve every <tag> exactly."	"Quest,Feipsycho"	"Загадка5"
"/quests/Feipsycho.qmm/parameters/11/lines/0/content"	"ориент. нижнего: <>"	"Quest Feipsycho.qmm: parameters.11.lines.0.content. Preserve every <tag> exactly."	"Quest,Feipsycho"	"арыентацыя ніжняга: <>"
"/quests/Feipsycho.qmm/parameters/11/crit_text"	"Сообщение достижения критического значения параметром 12"	"Quest Feipsycho.qmm: parameters.11.crit_text. Preserve every <tag> exactly."	"Quest,Feipsycho"	"Паведамленьне пра дасягненьне крытычнага значэньня парамэтрам 12"
"/quests/Feipsycho.qmm/parameters/12/name"	"Загадка6"	"Quest Feipsycho.qmm: parameters.12.name. Preserve every <tag> exactly."	"Quest,Feipsycho"	"Загадка6"
"/quests/Feipsycho.qmm/parameters/12/lines/0/content"	"Параметр номер 13: <>"	"Quest Feipsycho.qmm: parameters.12.lines.0.content. Preserve every <tag> exactly."	"Quest,Feipsycho"	"Парамэтар нумар 13: <>"
"/quests/Feipsycho.qmm/parameters/12/crit_text"	"Сообщение достижения критического значения параметром 13"	"Quest Feipsycho.qmm: parameters.12.crit_text. Preserve every <tag> exactly."	"Quest,Feipsycho"	"Паведамленьне пра дасягненьне крытычнага значэньня парамэтрам 13"
"/quests/Feipsycho.qmm/parameters/13/name"	"Загадка7"	"Quest Feipsycho.qmm: parameters.13.name. Preserve every <tag> exactly."	"Quest,Feipsycho"	"Загадка7"
"/quests/Feipsycho.qmm/parameters/13/lines/0/content"	"Параметр номер 14: <>"	"Quest Feipsycho.qmm: parameters.13.lines.0.content. Preserve every <tag> exactly."	"Quest,Feipsycho"	"Парамэтар нумар 14: <>"
"/quests/Feipsycho.qmm/parameters/13/crit_text"	"Сообщение достижения критического значения параметром 14"	"Quest Feipsycho.qmm: parameters.13.crit_text. Preserve every <tag> exactly."	"Quest,Feipsycho"	"Паведамленьне пра дасягненьне крытычнага значэньня парамэтрам 14"
"/quests/Feipsycho.qmm/parameters/14/name"	"Загадка8"	"Quest Feipsycho.qmm: parameters.14.name. Preserve every <tag> exactly."	"Quest,Feipsycho"	"Загадка8"
"/quests/Feipsycho.qmm/parameters/14/lines/0/content"	"коорд1: <>"	"Quest Feipsycho.qmm: parameters.14.lines.0.content. Preserve every <tag> exactly."	"Quest,Feipsycho"	"каардыната1: <>"
"/quests/Feipsycho.qmm/parameters/14/crit_text"	"Сообщение достижения критического значения параметром 15"	"Quest Feipsycho.qmm: parameters.14.crit_text. Preserve every <tag> exactly."	"Quest,Feipsycho"	"Паведамленьне пра дасягненьне крытычнага значэньня парамэтрам 15"
"/quests/Feipsycho.qmm/parameters/15/name"	"Загадка9"	"Quest Feipsycho.qmm: parameters.15.name. Preserve every <tag> exactly."	"Quest,Feipsycho"	"Загадка9"
"/quests/Feipsycho.qmm/parameters/15/lines/0/content"	"коорд2: <>"	"Quest Feipsycho.qmm: parameters.15.lines.0.content. Preserve every <tag> exactly."	"Quest,Feipsycho"	"каардыната2: <>"
"/quests/Feipsycho.qmm/parameters/15/crit_text"	"Сообщение достижения критического значения параметром 16"	"Quest Feipsycho.qmm: parameters.15.crit_text. Preserve every <tag> exactly."	"Quest,Feipsycho"	"Паведамленьне пра дасягненьне крытычнага значэньня парамэтрам 16"
"/quests/Feipsycho.qmm/parameters/16/name"	"Загадка10"	"Quest Feipsycho.qmm: parameters.16.name. Preserve every <tag> exactly."	"Quest,Feipsycho"	"Загадка10"
"/quests/Feipsycho.qmm/parameters/16/lines/0/content"	"коорд3: <>"	"Quest Feipsycho.qmm: parameters.16.lines.0.content. Preserve every <tag> exactly."	"Quest,Feipsycho"	"каардыната3: <>"
"/quests/Feipsycho.qmm/parameters/16/crit_text"	"Сообщение достижения критического значения параметром 17"	"Quest Feipsycho.qmm: parameters.16.crit_text. Preserve every <tag> exactly."	"Quest,Feipsycho"	"Паведамленьне пра дасягненьне крытычнага значэньня парамэтрам 17"
"/quests/Feipsycho.qmm/parameters/17/name"	"Загадка11"	"Quest Feipsycho.qmm: parameters.17.name. Preserve every <tag> exactly."	"Quest,Feipsycho"	"Загадка11"
"/quests/Feipsycho.qmm/parameters/17/lines/0/content"	"коорд4: <>"	"Quest Feipsycho.qmm: parameters.17.lines.0.content. Preserve every <tag> exactly."	"Quest,Feipsycho"	"каардыната4: <>"
"/quests/Feipsycho.qmm/parameters/17/crit_text"	"Сообщение достижения критического значения параметром 18"	"Quest Feipsycho.qmm: parameters.17.crit_text. Preserve every <tag> exactly."	"Quest,Feipsycho"	"Паведамленьне пра дасягненьне крытычнага значэньня парамэтрам 18"
"/quests/Feipsycho.qmm/parameters/18/name"	"Загадка12"	"Quest Feipsycho.qmm: parameters.18.name. Preserve every <tag> exactly."	"Quest,Feipsycho"	"Загадка12"
"/quests/Feipsycho.qmm/parameters/18/lines/0/content"	"Параметр номер 19: <>"	"Quest Feipsycho.qmm: parameters.18.lines.0.content. Preserve every <tag> exactly."	"Quest,Feipsycho"	"Парамэтар нумар 19: <>"
"/quests/Feipsycho.qmm/parameters/18/crit_text"	"Сообщение достижения критического значения параметром 19"	"Quest Feipsycho.qmm: parameters.18.crit_text. Preserve every <tag> exactly."	"Quest,Feipsycho"	"Паведамленьне пра дасягненьне крытычнага значэньня парамэтрам 19"
"/quests/Feipsycho.qmm/parameters/19/name"	"Загадка13"	"Quest Feipsycho.qmm: parameters.19.name. Preserve every <tag> exactly."	"Quest,Feipsycho"	"Загадка13"
"/quests/Feipsycho.qmm/parameters/19/lines/0/content"	"Параметр номер 20: <>"	"Quest Feipsycho.qmm: parameters.19.lines.0.content. Preserve every <tag> exactly."	"Quest,Feipsycho"	"Парамэтар нумар 20: <>"
"/quests/Feipsycho.qmm/parameters/19/crit_text"	"Сообщение достижения критического значения параметром 20"	"Quest Feipsycho.qmm: parameters.19.crit_text. Preserve every <tag> exactly."	"Quest,Feipsycho"	"Паведамленьне пра дасягненьне крытычнага значэньня парамэтрам 20"
"/quests/Feipsycho.qmm/parameters/20/name"	"Загадка14"	"Quest Feipsycho.qmm: parameters.20.name. Preserve every <tag> exactly."	"Quest,Feipsycho"	"Загадка14"
"/quests/Feipsycho.qmm/parameters/20/lines/0/content"	"Параметр номер 21: <>"	"Quest Feipsycho.qmm: parameters.20.lines.0.content. Preserve every <tag> exactly."	"Quest,Feipsycho"	"Парамэтар нумар 21: <>"
"/quests/Feipsycho.qmm/parameters/20/crit_text"	"Сообщение достижения критического значения параметром 21"	"Quest Feipsycho.qmm: parameters.20.crit_text. Preserve every <tag> exactly."	"Quest,Feipsycho"	"Паведамленьне пра дасягненьне крытычнага значэньня парамэтрам 21"
"/quests/Feipsycho.qmm/parameters/21/name"	"Загадка15"	"Quest Feipsycho.qmm: parameters.21.name. Preserve every <tag> exactly."	"Quest,Feipsycho"	"Загадка15"
"/quests/Feipsycho.qmm/parameters/21/lines/0/content"	"Параметр номер 22: <>"	"Quest Feipsycho.qmm: parameters.21.lines.0.content. Preserve every <tag> exactly."	"Quest,Feipsycho"	"Парамэтар нумар 22: <>"
"/quests/Feipsycho.qmm/parameters/21/crit_text"	"Сообщение достижения критического значения параметром 22"	"Quest Feipsycho.qmm: parameters.21.crit_text. Preserve every <tag> exactly."	"Quest,Feipsycho"	"Паведамленьне пра дасягненьне крытычнага значэньня парамэтрам 22"
"/quests/Feipsycho.qmm/parameters/22/name"	"Загадка16"	"Quest Feipsycho.qmm: parameters.22.name. Preserve every <tag> exactly."	"Quest,Feipsycho"	"Загадка16"
"/quests/Feipsycho.qmm/parameters/22/lines/0/content"	"Параметр номер 23: <>"	"Quest Feipsycho.qmm: parameters.22.lines.0.content. Preserve every <tag> exactly."	"Quest,Feipsycho"	"Парамэтар нумар 23: <>"
"/quests/Feipsycho.qmm/parameters/22/crit_text"	"Сообщение достижения критического значения параметром 23"	"Quest Feipsycho.qmm: parameters.22.crit_text. Preserve every <tag> exactly."	"Quest,Feipsycho"	"Паведамленьне пра дасягненьне крытычнага значэньня парамэтрам 23"
"/quests/Feipsycho.qmm/parameters/23/name"	"Этаж"	"Quest Feipsycho.qmm: parameters.23.name. Preserve every <tag> exactly."	"Quest,Feipsycho"	"Паверх"
"/quests/Feipsycho.qmm/parameters/23/crit_text"	"Сообщение достижения критического значения параметром 24"	"Quest Feipsycho.qmm: parameters.23.crit_text. Preserve every <tag> exactly."	"Quest,Feipsycho"	"Паведамленьне пра дасягненьне крытычнага значэньня парамэтрам 24"
"/quests/Feipsycho.qmm/parameters/24/name"	"Психи"	"Quest Feipsycho.qmm: parameters.24.name. Preserve every <tag> exactly."	"Quest,Feipsycho"	"Псыхі"
"/quests/Feipsycho.qmm/parameters/24/lines/0/content"	"Параметр номер 25: <>"	"Quest Feipsycho.qmm: parameters.24.lines.0.content. Preserve every <tag> exactly."	"Quest,Feipsycho"	"Парамэтар нумар 25: <>"
"/quests/Feipsycho.qmm/parameters/24/crit_text"	"Сообщение достижения критического значения параметром 25"	"Quest Feipsycho.qmm: parameters.24.crit_text. Preserve every <tag> exactly."	"Quest,Feipsycho"	"Паведамленьне пра дасягненьне крытычнага значэньня парамэтрам 25"
"/quests/Feipsycho.qmm/parameters/25/name"	"Здоровье пеленга"	"Quest Feipsycho.qmm: parameters.25.name. Preserve every <tag> exactly."	"Quest,Feipsycho"	"Здароўе пеленга"
"/quests/Feipsycho.qmm/parameters/25/lines/0/content"	"Здоровье пеленга: <>%"	"Quest Feipsycho.qmm: parameters.25.lines.0.content. Preserve every <tag> exactly."	"Quest,Feipsycho"	"Здароўе пеленга: <>%"
"/quests/Feipsycho.qmm/parameters/25/crit_text"	"Сообщение достижения критического значения параметром 26"	"Quest Feipsycho.qmm: parameters.25.crit_text. Preserve every <tag> exactly."	"Quest,Feipsycho"	"Паведамленьне пра дасягненьне крытычнага значэньня парамэтрам 26"
"/quests/Feipsycho.qmm/parameters/26/name"	"Высота арки"	"Quest Feipsycho.qmm: parameters.26.name. Preserve every <tag> exactly."	"Quest,Feipsycho"	"Вышыня аркі"
"/quests/Feipsycho.qmm/parameters/26/lines/0/content"	"Высота арки: <> м"	"Quest Feipsycho.qmm: parameters.26.lines.0.content. Preserve every <tag> exactly."	"Quest,Feipsycho"	"Вышыня аркі: <> м"
"/quests/Feipsycho.qmm/parameters/26/crit_text"	"Сообщение достижения критического значения параметром 27"	"Quest Feipsycho.qmm: parameters.26.crit_text. Preserve every <tag> exactly."	"Quest,Feipsycho"	"Паведамленьне пра дасягненьне крытычнага значэньня парамэтрам 27"
"/quests/Feipsycho.qmm/parameters/27/name"	"Высота полета"	"Quest Feipsycho.qmm: parameters.27.name. Preserve every <tag> exactly."	"Quest,Feipsycho"	"Вышыня палёту"
"/quests/Feipsycho.qmm/parameters/27/lines/0/content"	"Высота полета: <> м"	"Quest Feipsycho.qmm: parameters.27.lines.0.content. Preserve every <tag> exactly."	"Quest,Feipsycho"	"Вышыня палёту: <> м"
"/quests/Feipsycho.qmm/parameters/27/crit_text"	"Сообщение достижения критического значения параметром 28"	"Quest Feipsycho.qmm: parameters.27.crit_text. Preserve every <tag> exactly."	"Quest,Feipsycho"	"Паведамленьне пра дасягненьне крытычнага значэньня парамэтрам 28"
"/quests/Feipsycho.qmm/parameters/28/name"	"Совсем левая переменная"	"Quest Feipsycho.qmm: parameters.28.name. Preserve every <tag> exactly."	"Quest,Feipsycho"	"Зусім фіктыўная пераменная"
"/quests/Feipsycho.qmm/parameters/28/lines/0/content"	"Калён-Чугун мёртв"	"Quest Feipsycho.qmm: parameters.28.lines.0.content. Preserve every <tag> exactly."	"Quest,Feipsycho"	"Калён-Чыгун мёртвы"
"/quests/Feipsycho.qmm/parameters/28/lines/1/content"	"Калён-Чугун жив"	"Quest Feipsycho.qmm: parameters.28.lines.1.content. Preserve every <tag> exactly."	"Quest,Feipsycho"	"Калён-Чыгун жывы"
"/quests/Feipsycho.qmm/parameters/28/crit_text"	"Сообщение достижения критического значения параметром 29"	"Quest Feipsycho.qmm: parameters.28.crit_text. Preserve every <tag> exactly."	"Quest,Feipsycho"	"Паведамленьне пра дасягненьне крытычнага значэньня парамэтрам 29"
"/quests/Feipsycho.qmm/parameters/29/name"	"Гаалец-помощник"	"Quest Feipsycho.qmm: parameters.29.name. Preserve every <tag> exactly."	"Quest,Feipsycho"	"Гаалец-памочнік"
"/quests/Feipsycho.qmm/parameters/29/lines/0/content"	"Гаалец-помощник мёртв"	"Quest Feipsycho.qmm: parameters.29.lines.0.content. Preserve every <tag> exactly."	"Quest,Feipsycho"	"Гаалец-памочнік мёртвы"
"/quests/Feipsycho.qmm/parameters/29/lines/1/content"	"Гаалец-помощник жив"	"Quest Feipsycho.qmm: parameters.29.lines.1.content. Preserve every <tag> exactly."	"Quest,Feipsycho"	"Гаалец-памочнік жывы"
"/quests/Feipsycho.qmm/parameters/29/crit_text"	"Сообщение достижения критического значения параметром 30"	"Quest Feipsycho.qmm: parameters.29.crit_text. Preserve every <tag> exactly."	"Quest,Feipsycho"	"Паведамленьне пра дасягненьне крытычнага значэньня парамэтрам 30"
"/quests/Feipsycho.qmm/parameters/30/name"	"Хайдерсон"	"Quest Feipsycho.qmm: parameters.30.name. Preserve every <tag> exactly."	"Quest,Feipsycho"	"Хайдэрсан"
"/quests/Feipsycho.qmm/parameters/30/lines/0/content"	"Хайдерсон мёртв"	"Quest Feipsycho.qmm: parameters.30.lines.0.content. Preserve every <tag> exactly."	"Quest,Feipsycho"	"Хайдэрсан мёртвы"
"/quests/Feipsycho.qmm/parameters/30/lines/1/content"	"Хайдерсон жив"	"Quest Feipsycho.qmm: parameters.30.lines.1.content. Preserve every <tag> exactly."	"Quest,Feipsycho"	"Хайдэрсан жывы"
"/quests/Feipsycho.qmm/parameters/30/crit_text"	"Сообщение достижения критического значения параметром 31"	"Quest Feipsycho.qmm: parameters.30.crit_text. Preserve every <tag> exactly."	"Quest,Feipsycho"	"Паведамленьне пра дасягненьне крытычнага значэньня парамэтрам 31"
"/quests/Feipsycho.qmm/parameters/31/name"	"Деньги"	"Quest Feipsycho.qmm: parameters.31.name. Preserve every <tag> exactly."	"Quest,Feipsycho"	"Грошы"
"/quests/Feipsycho.qmm/parameters/31/lines/0/content"	"Параметр номер 32: <>"	"Quest Feipsycho.qmm: parameters.31.lines.0.content. Preserve every <tag> exactly."	"Quest,Feipsycho"	"Парамэтар нумар 32: <>"
"/quests/Feipsycho.qmm/parameters/31/crit_text"	"Сообщение достижения критического значения параметром 32"	"Quest Feipsycho.qmm: parameters.31.crit_text. Preserve every <tag> exactly."	"Quest,Feipsycho"	"Паведамленьне пра дасягненьне крытычнага значэньня парамэтрам 32"
"/quests/Feipsycho.qmm/parameters/32/name"	"Как попасть в лифт"	"Quest Feipsycho.qmm: parameters.32.name. Preserve every <tag> exactly."	"Quest,Feipsycho"	"Як патрапіць у ліфт"
"/quests/Feipsycho.qmm/parameters/32/lines/0/content"	"Параметр номер 33: <>"	"Quest Feipsycho.qmm: parameters.32.lines.0.content. Preserve every <tag> exactly."	"Quest,Feipsycho"	"Парамэтар нумар 33: <>"
"/quests/Feipsycho.qmm/parameters/32/crit_text"	"Сообщение достижения критического значения параметром 33"	"Quest Feipsycho.qmm: parameters.32.crit_text. Preserve every <tag> exactly."	"Quest,Feipsycho"	"Паведамленьне пра дасягненьне крытычнага значэньня парамэтрам 33"
"/quests/Feipsycho.qmm/parameters/33/name"	"Провальная загадка"	"Quest Feipsycho.qmm: parameters.33.name. Preserve every <tag> exactly."	"Quest,Feipsycho"	"Правальная загадка"
"/quests/Feipsycho.qmm/parameters/33/lines/0/content"	"Параметр номер 34: <>"	"Quest Feipsycho.qmm: parameters.33.lines.0.content. Preserve every <tag> exactly."	"Quest,Feipsycho"	"Парамэтар нумар 34: <>"
"/quests/Feipsycho.qmm/parameters/33/crit_text"	"Вы нажали на полоску, но сначала ничего не произошло, а через несколько секунд в коридоре послышался топот - в камеру ворвались санитары в сопровождении робота охраны.
 - Не хотите, значит, лечиться? Зачем вам надо было наружу-то? - осведомился один из них, по всей видимости, главный. Он махнул рукой, и робот охраны, подхватив вас, потащил наружу.
 Через минуту вас уже вывели за пределы самого здания и потащили в сторону, за угол. Там стоял небольшой вагончик, на котором висела табличка с надписью ""Gazenwagen2128506"". Вас затолкали внутрь, и на этом жизнь великого рейнджера закончилась."	"Quest Feipsycho.qmm: parameters.33.crit_text. Preserve every <tag> exactly."	"Quest,Feipsycho"	"Вы націснулі на палоску, але спачатку нічога не адбылося, а праз некалькі сэкундаў у калідоры пачуўся тупат — у камэру ўварваліся санітары ў суправаджэньні робата аховы.
 — Не хочаце, значыць, лячыцца? Навошта вам было выбірацца вонкі? — запытаў адзін зь іх, відаць, галоўны. Ён махнуў рукой, і робат аховы, падхапіўшы вас, пацягнуў вонкі.
 Праз хвіліну вас ужо вывелі за межы самога будынка і пацягнулі ўбок, за рог. Там стаяў невялікі вагончык, на якім вісела таблічка з надпісам ""Gazenwagen2128506"". Вас запіхнулі ў сярэдзіну, і на гэтым жыцьцё вялікага рэйнджэра скончылася."
"/quests/Feipsycho.qmm/success_text"	"Так-так, <Ranger>, вот и вы! Документы при вас? Отлично! Давайте их сюда. Небось, опять ерунда какая-нибудь. Нет, вот то самое, что мы и хотели. Все чертежи, все схемы, все формулы на месте! Что ж, получите свои <Money> cr!
Вот только зачем вы спасли нашего агента? Вас же никто не просил этого делать! Жаль, что по контракту мы не можем оштрафовать вас за самоуправство... С другой стороны, премия за спасение нашего агента в вашем контракте тоже не предусмотрена! До свиданья."	"Quest Feipsycho.qmm: success_text. Preserve every <tag> exactly."	"Quest,Feipsycho"	"Так-так, <Ranger>, вось і вы! Дакумэнты пры вас? Выдатна! Давайце іх сюды. Пэўна, зноў нейкая лухта. Не, вось тое самае, што мы і хацелі. Усе чарцяжы, усе схемы, усе формулы на месцы! Ну што ж, атрымайце свае <Money> cr!
Вось толькі навошта вы ўратавалі нашага агента? Вас жа ніхто не прасіў гэтага рабіць! Шкада, што паводле кантракту мы не можам аштрафаваць вас за самавольства... З другога боку, прэмія за ўратаваньне нашага агента ў вашым кантракце таксама не прадугледжаная! Да пабачэньня."
"/quests/Feipsycho.qmm/task_text"	"Рейнджер, как вы относитесь к психам? Не относитесь? А вот у нас есть с ними некоторые отношения. На одной фэянской планете, а именно, на <ToPlanet> (<ToStar>), в местной психиатрической лечебнице находится наш спецагент, занимающийся... неважно, чем занимающийся. В своем последнем отчете он сообщил, что высока вероятность раскрытия, и что у него есть большой пакет информации о нейроинтерференционных средствах фэян, который у него нет возможности передать. Наш аналитический отдел заключил, что необходима спецоперация по изъятию добытых данных, но, как вы понимаете, делать это надо тихо, а своих сотрудников мы туда отправить не можем - потому как их тут же опознают. Ну, вы понимаете, чего мы от вас хотим? Естественно, все должно остаться между нами, да и работенка не такая уж безопасная, так что, думаю, сумма в <Money> cr вполне подойдет."	"Quest Feipsycho.qmm: task_text. Preserve every <tag> exactly."	"Quest,Feipsycho"	"Рэйнджэр, як вы ставіцеся да псыхаў? Не ставіцеся? А вось у нас зь імі ёсьць некаторыя дачыненьні. На адной фэянскай плянэце, а менавіта на <ToPlanet> (<ToStar>), у мясцовай псыхіятрычнай лячэбніцы знаходзіцца наш таемны агент, які займаецца... няважна, чым займаецца. У сваёй апошняй справаздачы ён паведаміў, што імавернасьць выкрыцьця высокая, і што ў яго ёсьць вялікі пакет інфармацыі пра сродкі нэрвовай інтэрфэрэнцыі фэянаў, які ён не мае магчымасьці перадаць. Наш аналітычны аддзел заключыў, што патрэбная спэцапэрацыя па выманьні здабытых дадзеных, але, як вы разумееце, рабіць гэта трэба ціха, а сваіх супрацоўнікаў мы туды адправіць не можам — бо іх адразу пазнаюць. Ну, вы разумееце, чаго мы ад вас хочам? Натуральна, усё мусіць застацца між намі, ды і праца не такая ўжо бясьпечная, так што, думаю, сума ў <Money> cr цалкам падыдзе."
"/quests/Feipsycho.qmm/locations/0/texts/0/text"	"Приземлившись на космодроме и пройдя процедуру таможенного досмотра (вас просто просканировали и просветили всяческими лучами), вы вышли на залитую светло-голубым светом улицу. Вокруг возвышались здания современного стиля поп-модерн - в общем, обыкновенная фиолетовая дыра. Вы подняли руку, и откуда-то сверху спустился аэрокар (тоже фиолетовый). Сев в него, вы через полчаса добрались до психушки, в которой, по словам пеленга из здания правительства планеты <FromPlanet>, должен был находиться секретный агент.
В отличие от остальных сооружений, которые вы на этой забытой Махпеллой (и не забытой Дзухаллагом, судя по причине вашего на ней пребывания) планете видели, это было темно-серым и очень мрачным. Черные глазницы окон уставились в пространство, огражденное от окружающего мира высоким забором (который одним своим видом пресекал все мысли о побеге). Подойдя к главным воротам, вы с удивлением обнаружили, что они открыты. От главного входа вас отделяли несколько метров широкого уложенного плиткой прохода."	"Quest Feipsycho.qmm: locations.0.texts.0.text. Preserve every <tag> exactly."	"Quest,Feipsycho"	""
"/quests/Feipsycho.qmm/locations/1/texts/0/text"	"Вы вошли в здание психбольницы и огляделись. В широком холле было несколько людей, которые, видимо, пришли навестить родственников или друзей. У небольшой стойки в центре помещения стоял фэянин-администратор. Вы посмотрели по сторонам в надежде увидеть способ проникнуть внутрь, но обнаружили, что все двери закрыты.
С этой же целью вы подошли к администратору. Фэянин поднял голову и стал выжидающе смотреть на вас.
- Здравствуйте, любезный. Не поможете мне в одном вопросе?
- Конечно, конечно. Это ведь часть моей работы, - администратор коварно улыбнулся, - так что спрашивайте. Что у вас там?"	"Quest Feipsycho.qmm: locations.1.texts.0.text. Preserve every <tag> exactly."	"Quest,Feipsycho"	"Вы ўвайшлі ў будынак псыхіятрычнай лячэбніцы і агледзеліся. У шырокім холе было некалькі людзей, якія, відаць, прыйшлі наведаць сваякоў ці сяброў. Каля невялікай стойкі ў цэнтры памяшканьня стаяў фэянін-адміністратар. Вы паглядзелі па баках у надзеі ўбачыць спосаб пранікнуць у сярэдзіну, але выявілі, што ўсе дзьверы зачыненыя.
З той самай мэтай вы падышлі да адміністратара. Фэянін падняў галаву і стаў чакальна глядзець на вас.
- Вітаю, ласкавы. Не дапаможаце мне ў адным пытаньні?
- Вядома, вядома. Гэта ж частка маёй працы, — адміністратар падступна ўсьміхнуўся, — так што пытайцеся. Што ў вас там?"
"/quests/Feipsycho.qmm/locations/2/texts/0/text"	"- Отвечай, гадина, где наш спецагент?
- Сейчас я его позову, не волнуйтесь! - любезно улыбнулся фэянин и нажал какую-то кнопку. Откуда-то сверху спустился шарообразный робот и выстрелил маленьким дротиком вам в голову. Последнее, что вы услышали, теряя сознание, было удивленное бормотание фэянина: 
- Ну надо же, пациент сам пришел! Первый случай в моей практике..."	"Quest Feipsycho.qmm: locations.2.texts.0.text. Preserve every <tag> exactly."	"Quest,Feipsycho"	"- Адказвай, паскуда, дзе наш таемны агент?
- Зараз я яго паклічу, не хвалюйцеся! — ласкава ўсьміхнуўся фэянін і націснуў нейкую кнопку. Аднекуль зьверху спусьціўся шарападобны робат і выстраліў маленькім дроцікам вам у галаву. Апошняе, што вы пачулі, губляючы прытомнасьць, было зьдзіўленае мармытаньне фэяніна: 
- Ну трэба ж, пацыент сам прыйшоў! Першы выпадак у маёй практыцы..."
"/quests/Feipsycho.qmm/locations/3/texts/0/text"	"Вы решили, что лучше в такое заведение вам не соваться, и повернули назад. Когда вы уже сидели за штурвалом своего корабля, то немного жалели, что упустили свои <Money> cr. Однако мысль о сохранении своей психики в целости и сохранности вас успокаивала. А вот что подумают теперь эти пеленги с планеты <FromPlanet>?"	"Quest Feipsycho.qmm: locations.3.texts.0.text. Preserve every <tag> exactly."	"Quest,Feipsycho"	"Вы вырашылі, што лепей у такую ўстанову вам не сунуцца, і павярнулі назад. Калі вы ўжо сядзелі за штурвалам свайго карабля, то крыху шкадавалі, што ўпусьцілі свае <Money> cr. Аднак думка пра захаваньне сваёй псыхікі ў цэласьці і захаванасьці вас супакойвала. А вось што падумаюць цяпер гэтыя пеленгі з плянэты <FromPlanet>?"
"/quests/Feipsycho.qmm/locations/4/texts/0/text"	"- Понимаете ли, в чем дело... Не знаю даже точно, как вам это выразить... Некоторые обстоятельства, видите ли... - вы тщетно пытались сообразить, что же вам надо от администратора.
 - Ага, вы не можете сказать, в чем ваша проблема. Отлично! - он ухмыльнулся настолько коварно, насколько позволяла его фэянская физиономия, и опустил руку под стол. Откуда-то сверху спустился шарообразный робот и выстрелил маленьким дротиком вам в голову. Перед глазами все поплыло, и вы отключились."	"Quest Feipsycho.qmm: locations.4.texts.0.text. Preserve every <tag> exactly."	"Quest,Feipsycho"	"- Разумееце, у чым справа... Нават не ведаю дакладна, як вам гэта выказаць... Некаторыя абставіны, бачыце... — вы марна спрабавалі зразумець, што ж вам трэба ад адміністратара.
 - Ага, вы не можаце сказаць, у чым ваша праблема. Выдатна! — ён усьміхнуўся настолькі падступна, наколькі дазваляла яго фэянская фізіяномія, і апусьціў руку пад стол. Аднекуль зьверху спусьціўся шарападобны робат і выстраліў маленькім дроцікам вам у галаву. Перад вачыма ўсё паплыло, і вы адключыліся."
"/quests/Feipsycho.qmm/locations/5/texts/0/text"	"<clr>В<clrEnd>ы <clr>м<clrEnd>е<clr>д<clrEnd>л<clr>е<clrEnd>н<clr>н<clrEnd>о <clr>о<clrEnd>т<clr>к<clrEnd>р<clr>ы<clrEnd>в<clr>а<clrEnd>е<clr>т<clrEnd>е <clr>г<clrEnd>л<clr>а<clrEnd>з<clr>а<clrEnd>.<clr>.<clrEnd>. <clr>В<clrEnd>с<clr>е<clrEnd> в<clr>о<clrEnd>к<clr>р<clrEnd>у<clr>г<clrEnd> с<clr>л<clrEnd>о<clr>в<clrEnd>н<clr>о<clrEnd> п<clr>л<clrEnd>ы<clr>в<clrEnd>е<clr>т<clrEnd>.<clr>.<clrEnd>. <clr>И<clrEnd> в<clr>с<clrEnd>е <clr>т<clrEnd>а<clr>к<clrEnd>о<clr>е<clrEnd> <clr>ц<clrEnd>в<clr>е<clrEnd>т<clr>н<clrEnd>о<clr>е<clrEnd>!"	"Quest Feipsycho.qmm: locations.5.texts.0.text. Preserve every <tag> exactly."	"Quest,Feipsycho"	""
"/quests/Feipsycho.qmm/locations/6/texts/0/text"	"Вы протерли глаза и проснулись окончательно. Теперь вокруг не летали зеленые облака, а потолок не пытался вас раздавить. Однако кто-то еще заметил ваше пробуждение.
В комнате загорелся красный свет, завыла сирена, ввалилась толпа роботов вроде тех, что окружили вас в холле психбольницы. ""Ну вот, опять эти чертовы облака летать будут!"" - подумалось вам, но усыплять вас еще раз никто, видимо, не собирался. Наоборот, в комнату вошли двое: маленького роста пухлый человечек в круглых очках и гаалец в вязаной шапочке с помпоном.
Первый отчаянно жестикулировал и всем своим видом выказывал недовольство, второй только чесал нос и тихонько пытался возразить.
- Да я понимаю, что плинтусизином его накачивать опасно, но в том-то и дело, что от пачрамбитола он вообще коньки отбросит, - громко рассуждал человек-профессор, при этом очки на его круглом носу подскакивали в такт движениям головы.
- Так, может, парадубина вколоть пол-литра? - гаалец поправил шапочку и глупо заулыбался.
- Ты дурак? В него столько не влезет, - очкарик захихикал и изобразил руками толстое пузо.
- Я тут на днях слышал, будто есть одно средство для таких случаев...
- Водка? Да, и впрямь говорят: велик ваш гаальский дурак, особенно когда разойдется. Ты представляешь, во сколько раз эффект увеличится? Ты, по всему видать, еще больший дурак. Не стоит так разбегаться - можно убиться об стену, как говорит один наш пациент.
- Так что с ним делать будем? 
- Можно ему порцию настойки устолбяки ввести... - задумчиво произнес толстячок. - Да, неси сюда.
Гаалец отошел и вскоре вернулся с маленьким, чуть заметным электрошприцем - тот подрагивал в его руке и постоянно тыкал иглой в воздух. Он приблизился к вам и просто положил его вам на кожу. Вы даже ничего сначала не почувствовали, но уже через несколько секунд не могли пошевелиться.
Человек нажал на какую-то кнопку, и из ножек стола выдвинулись маленькие колесики, после чего стол медленно покатился по коридору.
Через некоторое время вас привезли в какое-то другое помещение. Пока стол катили по длинным мрачным коридорам, человек с гаальцем вполголоса говорили про планы какого-то доктора Хайдерсона. Из их беседы вы поняли, что это человек, нанятый руководством клиники для работы, не касающейся буйных пациентов. Остальная часть их разговора была посвящена обсуждению размера зарплаты, а также жалобам на отсутствие приличных баров на этой планете, то есть для вас не представляла интереса, но одно вам было ясно точно - объект ваших поисков находится именно здесь.
Стол, на котором вы лежали, поставили посреди комнаты, но пододвигать лампы не стали. К вам подошел очень худой человек в сером халате с эмблемой, на которой красовался старомодный будильник.
- Меня зовут доктор Хайдерсон, я буду руководить вашим лечением на начальной стадии. Ваше имя меня пока не интересует, этим займутся другие и несколько позже. Я должен вам рассказать, в чем же, собственно, дело. Мы зафиксировали у вас психическое отклонение: человеческая неадекватность. Фэяне вас просто не понимают, а потому вы подлежите обязательному лечению."	"Quest Feipsycho.qmm: locations.6.texts.0.text. Preserve every <tag> exactly."	"Quest,Feipsycho"	""
"/quests/Feipsycho.qmm/locations/7/texts/0/text"	"- М-м-м... м-м-м... м-м-м... - вы попытались возразить доктору, но обнаружили, что ваш рот словно заклеен скотчем.
- Не надо бояться, мы не сделаем вам больно. Профессор Кален-Чугун, - доктор указал на мелкого очкарика, который повесил свой халат на вешалку в углу и пил что-то из белой кружки за маленьким столиком, - уже объяснил мне суть проблемы, связанной с побочным эффектом от применения нейрофугасной инъекции к не-фэянину. Ну, вы понимаете... Не так ли, рейнджер? Да-да, не отпирайтесь, я отлично знаю, кто вы такой. Более того, я скажу даже, что имею к вам некоторое отношение. И малость помогу вам в вашей беде. Если говорить более точно, то я сделаю так, что вы не будете числиться буйным больным. Лучше уж и не спрашивайте, почему, только вылечить из них пока никого не удалось, даже наоборот. Зачем они вообще здесь содержатся - я не знаю. Вы должны молчать, чтобы не остаться здесь навеки. Вам ясно?
- М-м-м...
- Замечательно. Сейчас вас отвезут в вашу камеру. Не удивляйтесь, это именно камера, хотя официально называется палатой. Угораздило же вас проявить свои психические отклонения на фэянской планете! Так-так, везите, и про реакцию ни слова фэянам! Нам вовсе не нужны проблемы с начальством.
Кален-Чугун со своим помощником-гаальцем вывезли стол из комнаты и покатили по темным коридорам. Несколько раз спустившись на разных лифтах, вы наконец добрались до своей ""камеры"", как говорил доктор Хайдерсон. Маленькое помещение вряд ли можно было назвать даже камерой, по вашему мнению, это была скорее каморка. Мрачное, хотя довольно теплое местечко. Кровать, санузел, полочка и маленькая тумбочка - вот и вся мебель. Ну, разве что еще дверь.
Вас перенесли на койку и закрыли дверь. Вы полежали несколько минут, прислушиваясь к звукам удаляющихся шагов и ощущая, как к вам возвращается возможность двигаться. Когда все стихло, вы стали обдумывать свое положение.
Совершенно ясно, что надо выбираться отсюда, только вот дверь, на первый взгляд, к этому не располагает."	"Quest Feipsycho.qmm: locations.7.texts.0.text. Preserve every <tag> exactly."	"Quest,Feipsycho"	""
"/quests/Feipsycho.qmm/locations/8/texts/0/text"	"Вы нажали на полоску, но ничего не произошло. Наверное, вы неправильно решили задачу. Надо подумать еще."	"Quest Feipsycho.qmm: locations.8.texts.0.text. Preserve every <tag> exactly."	"Quest,Feipsycho"	"Вы націснулі на палоску, але нічога не адбылося. Пэўна, вы няправільна вырашылі задачу. Трэба падумаць яшчэ."
"/quests/Feipsycho.qmm/locations/9/texts/0/text"	"Вы нажали на полоску, и та плавно отошла чуть вглубь двери. Сначала ничего не происходило, но потом раздался негромкий щелчок, и дверь слегка приотворилась. Не желая упускать свой шанс, вы тут же выскочили в холодный мрачный коридор, освещаемый лишь несколькими лампами под потолком.
Вы отправились в ту сторону, откуда, как вы помнили, вас прикатили на столе. Через минуту вы уже стояли перед стальными дверьми лифта. Однако, к вашему удивлению, никакой кнопки вызова не было и в помине. В растерянности вы огляделись.
Коридор терялся в темноте, тусклый свет ламп выхватывает из нее пять дверей. ""Времени в обрез! Через час наверняка проверять будут, а меня и нет, да и вообще не надо тормозить! - подумали вы. - Может, эти психи, что тут сидят, знают, как эта штуковина работает, ведь их регулярно возят наверх на лечение""."	"Quest Feipsycho.qmm: locations.9.texts.0.text. Preserve every <tag> exactly."	"Quest,Feipsycho"	"Вы націснулі на палоску, і та плаўна адышла крыху ўглыб дзьвярэй. Спачатку нічога не адбывалася, але потым раздаўся нягучны шчоўк, і дзьверы зьлёгку прыадчыніліся. Не жадаючы ўпускаць свой шанец, вы адразу выскачылі ў халодны змрочны калідор, асьветлены толькі некалькімі лямпамі пад стольлю.
Вы накіраваліся ў той бок, адкуль, як вы памяталі, вас прыкацілі на стале. Праз хвіліну вы ўжо стаялі перад сталёвымі дзьвярыма ліфта. Аднак, на ваша зьдзіўленьне, ніякай кнопкі выкліку не было і блізка. У разгубленасьці вы агледзеліся.
Калідор губляўся ў цемры, цьмянае сьвятло лямпаў выхоплівае зь яе пяць дзьвярэй. ""Часу ў абрэз! Праз гадзіну напэўна правяраць будуць, а мяне і няма, ды і наогул не трэба тармазіць! — падумалі вы. — Можа, гэтыя псыхі, што тут сядзяць, ведаюць, як гэтая штуковіна працуе, бо іх рэгулярна возяць угору на лячэньне""."
"/quests/Feipsycho.qmm/locations/9/texts/1/text"	"Коридор теряется в темноте, тусклый свет ламп выхватывает из нее пять дверей. Можно подробнее узнать о лифте у местных психов, а можно уже попытаться и сам лифт открыть."	"Quest Feipsycho.qmm: locations.9.texts.1.text. Preserve every <tag> exactly."	"Quest,Feipsycho"	"Калідор губляецца ў цемры, цьмянае сьвятло лямпаў выхоплівае зь яе пяць дзьвярэй. Можна падрабязьней даведацца пра ліфт у мясцовых псыхаў, а можна ўжо паспрабаваць і сам ліфт адчыніць."
"/quests/Feipsycho.qmm/locations/19/texts/0/text"	"Вы подошли ко второй двери. Рядом с ней на стене висит табличка с описанием больного, который находится за этой дверью.

""Адын Шифрин, человек, в прошлом шифровальщик, помешан на шифровании и шифрах, цифрах и цифровании"".

В шахте лифта постоянно раздается какое-то странное гудение и жужжание, заставляя вас вздрагивать. Не очень бы хотелось попасться в стальные лапы роботов-санитаров, поэтому надо войти внутрь палаты и узнать о лифте во что бы то ни стало."	"Quest Feipsycho.qmm: locations.19.texts.0.text. Preserve every <tag> exactly."	"Quest,Feipsycho"	"Вы падышлі да другіх дзьвярэй. Побач зь імі на сьцяне вісіць таблічка з апісаньнем хворага, які знаходзіцца за гэтымі дзьвярыма.

""Адын Шыфрын, чалавек, у мінулым шыфравальшчык, звар'яцеў на шыфраваньні і шыфрах, лічбах і лічбаваньні"".

У шахце ліфта ўвесь час чуваць нейкае дзіўнае гудзеньне і бзыканьне, і вы мімаволі ўздрыгваеце. Зусім не хацелася б трапіць у стальныя лапы робатаў-санітараў, таму трэба ўвайсьці ў сярэдзіну палаты і даведацца пра ліфт ва што б там ні стала."
"/quests/Feipsycho.qmm/locations/19/texts/1/text"	"Вы подошли ко второй двери. Рядом с ней на стене висит табличка с описанием больного, который находится за этой дверью.

""Аргх Пажар, малокский пожарник"".

В шахте лифта постоянно раздается какое-то странное гудение и жужжание, заставляя вас вздрагивать. Не очень бы хотелось попасться в стальные лапы роботов-санитаров, поэтому надо войти внутрь палаты и узнать о лифте во что бы то ни стало."	"Quest Feipsycho.qmm: locations.19.texts.1.text. Preserve every <tag> exactly."	"Quest,Feipsycho"	"Вы падышлі да другіх дзьвярэй. Побач зь імі на сьцяне вісіць таблічка з апісаньнем хворага, які знаходзіцца за гэтымі дзьвярыма.

""Аргх Пажар, малокскі пажарнік"".

У шахце ліфта ўвесь час чуваць нейкае дзіўнае гудзеньне і бзыканьне, і вы мімаволі ўздрыгваеце. Зусім не хацелася б трапіць у стальныя лапы робатаў-санітараў, таму трэба ўвайсьці ў сярэдзіну палаты і даведацца пра ліфт ва што б там ні стала."
"/quests/Feipsycho.qmm/locations/19/texts/2/text"	"Вы подошли ко второй двери. Рядом с ней на стене висит табличка с описанием больного, который находится за этой дверью.

""Артемий Пылевзбучивый, человек, помешанный на идее всемирного господства, покорения мира и жесткой диктатуры. Соблюдайте осторожность и вежливость при обращении, в противном случае болезнь может прогрессировать"".

В шахте лифта постоянно раздается какое-то странное гудение и жужжание, заставляя вас вздрагивать. Не очень бы хотелось попасться в стальные лапы роботов-санитаров, поэтому надо войти внутрь палаты и узнать о лифте во что бы то ни стало."	"Quest Feipsycho.qmm: locations.19.texts.2.text. Preserve every <tag> exactly."	"Quest,Feipsycho"	"Вы падышлі да другіх дзьвярэй. Побач зь імі на сьцяне вісіць таблічка з апісаньнем хворага, які знаходзіцца за гэтымі дзьвярыма.

""Арцемій Пылеўзбучывы, чалавек, звар'яцелы на ідэі сусьветнага панаваньня, пакарэньня сьвету і жорсткай дыктатуры. Захоўвайце асьцярожнасьць і ветлівасьць пры звароце, інакш хвароба можа прагрэсаваць"".

У шахце ліфта ўвесь час чуваць нейкае дзіўнае гудзеньне і бзыканьне, і вы мімаволі ўздрыгваеце. Зусім не хацелася б трапіць у стальныя лапы робатаў-санітараў, таму трэба ўвайсьці ў сярэдзіну палаты і даведацца пра ліфт ва што б там ні стала."
"/quests/Feipsycho.qmm/locations/19/texts/3/text"	"Вы подошли ко второй двери. Рядом с ней на стене висит табличка с описанием больного, который находится за этой дверью.

""Шпрюххен Зю-Чихпых, пеленг, в прошлом учительница по математике младших классов, помешанная на своей работе"".

В шахте лифта постоянно раздается какое-то странное гудение и жужжание, заставляя вас вздрагивать. Не очень бы хотелось попасться в стальные лапы роботов-санитаров, поэтому надо войти внутрь палаты и узнать о лифте во что бы то ни стало."	"Quest Feipsycho.qmm: locations.19.texts.3.text. Preserve every <tag> exactly."	"Quest,Feipsycho"	"Вы падышлі да другіх дзьвярэй. Побач зь імі на сьцяне вісіць таблічка з апісаньнем хворага, які знаходзіцца за гэтымі дзьвярыма.

""Шпрюхэн Зю-Чыхпых, пеленг, у мінулым настаўніца матэматыкі малодшых клясаў, звар'яцелая на сваёй працы"".

У шахце ліфта ўвесь час чуваць нейкае дзіўнае гудзеньне і бзыканьне, і вы мімаволі ўздрыгваеце. Зусім не хацелася б трапіць у стальныя лапы робатаў-санітараў, таму трэба ўвайсьці ў сярэдзіну палаты і даведацца пра ліфт ва што б там ні стала."
"/quests/Feipsycho.qmm/locations/19/texts/4/text"	"Вы подошли ко второй двери. Рядом с ней на стене висит табличка с описанием больного, который находится за этой дверью.

""Мозалг-Доп-Лагниф, фэянин, беспричинно буйный больной, опасен вне состояния сна"".

В шахте лифта постоянно раздается какое-то странное гудение и жужжание, заставляя вас вздрагивать. Не очень бы хотелось попасться в стальные лапы роботов-санитаров, поэтому надо войти внутрь палаты и узнать о лифте во что бы то ни стало."	"Quest Feipsycho.qmm: locations.19.texts.4.text. Preserve every <tag> exactly."	"Quest,Feipsycho"	"Вы падышлі да другіх дзьвярэй. Побач зь імі на сьцяне вісіць таблічка з апісаньнем хворага, які знаходзіцца за гэтымі дзьвярыма.

""Мозалг-Доп-Лагніф, фэянін, беспрычынна буйны хворы, небясьпечны па-за станам сну"".

У шахце ліфта ўвесь час чуваць нейкае дзіўнае гудзеньне і бзыканьне, і вы мімаволі ўздрыгваеце. Зусім не хацелася б трапіць у стальныя лапы робатаў-санітараў, таму трэба ўвайсьці ў сярэдзіну палаты і даведацца пра ліфт ва што б там ні стала."
"/quests/Feipsycho.qmm/locations/20/texts/0/text"	"Вы подошли к первой двери. Рядом с ней на стене висит табличка с описанием больного, который находится за этой дверью.

""Адын Шифрин, человек, в прошлом шифровальщик, помешан на шифровании и шифрах, цифрах и цифровании"".

В шахте лифта постоянно раздается какое-то странное гудение и жужжание, заставляя вас вздрагивать. Не очень бы хотелось попасться в стальные лапы роботов-санитаров, поэтому надо войти внутрь палаты и узнать о лифте во что бы то ни стало."	"Quest Feipsycho.qmm: locations.20.texts.0.text. Preserve every <tag> exactly."	"Quest,Feipsycho"	"Вы падышлі да першых дзьвярэй. Побач зь імі на сьцяне вісіць таблічка з апісаньнем хворага, які знаходзіцца за гэтымі дзьвярыма.

""Адын Шыфрын, чалавек, у мінулым шыфравальшчык, звар'яцеў на шыфраваньні і шыфрах, лічбах і лічбаваньні"".

У шахце ліфта ўвесь час чуваць нейкае дзіўнае гудзеньне і бзыканьне, і вы мімаволі ўздрыгваеце. Зусім не хацелася б трапіць у стальныя лапы робатаў-санітараў, таму трэба ўвайсьці ў сярэдзіну палаты і даведацца пра ліфт ва што б там ні стала."
"/quests/Feipsycho.qmm/locations/20/texts/1/text"	"Вы подошли к первой двери. Рядом с ней на стене висит табличка с описанием больного, который находится за этой дверью.

""Аргх Пажар, малокский пожарник"".

В шахте лифта постоянно раздается какое-то странное гудение и жужжание, заставляя вас вздрагивать. Не очень бы хотелось попасться в стальные лапы роботов-санитаров, поэтому надо войти внутрь палаты и узнать о лифте во что бы то ни стало."	"Quest Feipsycho.qmm: locations.20.texts.1.text. Preserve every <tag> exactly."	"Quest,Feipsycho"	"Вы падышлі да першых дзьвярэй. Побач зь імі на сьцяне вісіць таблічка з апісаньнем хворага, які знаходзіцца за гэтымі дзьвярыма.

""Аргх Пажар, малокскі пажарнік"".

У шахце ліфта ўвесь час чуваць нейкае дзіўнае гудзеньне і бзыканьне, і вы мімаволі ўздрыгваеце. Зусім не хацелася б трапіць у стальныя лапы робатаў-санітараў, таму трэба ўвайсьці ў сярэдзіну палаты і даведацца пра ліфт ва што б там ні стала."
"/quests/Feipsycho.qmm/locations/20/texts/2/text"	"Вы подошли к первой двери. Рядом с ней на стене висит табличка с описанием больного, который находится за этой дверью.

""Артемий Пылевзбучивый, человек, помешанный на идее всемирного господства, покорения мира и жесткой диктатуры. Соблюдайте осторожность и вежливость при обращении, в противном случае болезнь может прогрессировать"".

В шахте лифта постоянно раздается какое-то странное гудение и жужжание, заставляя вас вздрагивать. Не очень бы хотелось попасться в стальные лапы роботов-санитаров, поэтому надо войти внутрь палаты и узнать о лифте во что бы то ни стало."	"Quest Feipsycho.qmm: locations.20.texts.2.text. Preserve every <tag> exactly."	"Quest,Feipsycho"	"Вы падышлі да першых дзьвярэй. Побач зь імі на сьцяне вісіць таблічка з апісаньнем хворага, які знаходзіцца за гэтымі дзьвярыма.

""Арцемій Пылеўзбучывы, чалавек, звар'яцелы на ідэі сусьветнага панаваньня, пакарэньня сьвету і жорсткай дыктатуры. Захоўвайце асьцярожнасьць і ветлівасьць пры звароце, інакш хвароба можа прагрэсаваць"".

У шахце ліфта ўвесь час чуваць нейкае дзіўнае гудзеньне і бзыканьне, і вы мімаволі ўздрыгваеце. Зусім не хацелася б трапіць у стальныя лапы робатаў-санітараў, таму трэба ўвайсьці ў сярэдзіну палаты і даведацца пра ліфт ва што б там ні стала."
"/quests/Feipsycho.qmm/locations/20/texts/3/text"	"Вы подошли к первой двери. Рядом с ней на стене висит табличка с описанием больного, который находится за этой дверью.

""Шпрюххен Зю-Чихпых, пеленг, в прошлом учительница по математике младших классов, помешанная на своей работе"".

В шахте лифта постоянно раздается какое-то странное гудение и жужжание, заставляя вас вздрагивать. Не очень бы хотелось попасться в стальные лапы роботов-санитаров, поэтому надо войти внутрь палаты и узнать о лифте во что бы то ни стало."	"Quest Feipsycho.qmm: locations.20.texts.3.text. Preserve every <tag> exactly."	"Quest,Feipsycho"	"Вы падышлі да першых дзьвярэй. Побач зь імі на сьцяне вісіць таблічка з апісаньнем хворага, які знаходзіцца за гэтымі дзьвярыма.

""Шпрюхэн Зю-Чыхпых, пеленг, у мінулым настаўніца матэматыкі малодшых клясаў, звар'яцелая на сваёй працы"".

У шахце ліфта ўвесь час чуваць нейкае дзіўнае гудзеньне і бзыканьне, і вы мімаволі ўздрыгваеце. Зусім не хацелася б трапіць у стальныя лапы робатаў-санітараў, таму трэба ўвайсьці ў сярэдзіну палаты і даведацца пра ліфт ва што б там ні стала."
"/quests/Feipsycho.qmm/locations/20/texts/4/text"	"Вы подошли к первой двери. Рядом с ней на стене висит табличка с описанием больного, который находится за этой дверью.

""Мозалг-Доп-Лагниф, фэянин, беспричинно буйный больной, опасен вне состояния сна"".

В шахте лифта постоянно раздается какое-то странное гудение и жужжание, заставляя вас вздрагивать. Не очень бы хотелось попасться в стальные лапы роботов-санитаров, поэтому надо войти внутрь палаты и узнать о лифте во что бы то ни стало."	"Quest Feipsycho.qmm: locations.20.texts.4.text. Preserve every <tag> exactly."	"Quest,Feipsycho"	"Вы падышлі да першых дзьвярэй. Побач зь імі на сьцяне вісіць таблічка з апісаньнем хворага, які знаходзіцца за гэтымі дзьвярыма.

""Мозалг-Доп-Лагніф, фэянін, беспрычынна буйны хворы, небясьпечны па-за станам сну"".

У шахце ліфта ўвесь час чуваць нейкае дзіўнае гудзеньне і бзыканьне, і вы мімаволі ўздрыгваеце. Зусім не хацелася б трапіць у стальныя лапы робатаў-санітараў, таму трэба ўвайсьці ў сярэдзіну палаты і даведацца пра ліфт ва што б там ні стала."
"/quests/Feipsycho.qmm/locations/21/texts/0/text"	"Вы подошли к четвертой двери. Рядом с ней на стене висит табличка с описанием больного, который находится за этой дверью.

""Адын Шифрин, человек, в прошлом шифровальщик, помешан на шифровании и шифрах, цифрах и цифровании"".

В шахте лифта постоянно раздается какое-то странное гудение и жужжание, заставляя вас вздрагивать. Не очень бы хотелось попасться в стальные лапы роботов-санитаров, поэтому надо войти внутрь палаты и узнать о лифте во что бы то ни стало."	"Quest Feipsycho.qmm: locations.21.texts.0.text. Preserve every <tag> exactly."	"Quest,Feipsycho"	"Вы падышлі да чацьвёртых дзьвярэй. Побач зь імі на сьцяне вісіць таблічка з апісаньнем хворага, які знаходзіцца за гэтымі дзьвярыма.

""Адын Шыфрын, чалавек, у мінулым шыфравальшчык, звар'яцеў на шыфраваньні і шыфрах, лічбах і лічбаваньні"".

У шахце ліфта ўвесь час чуваць нейкае дзіўнае гудзеньне і бзыканьне, і вы мімаволі ўздрыгваеце. Зусім не хацелася б трапіць у стальныя лапы робатаў-санітараў, таму трэба ўвайсьці ў сярэдзіну палаты і даведацца пра ліфт ва што б там ні стала."
"/quests/Feipsycho.qmm/locations/21/texts/1/text"	"Вы подошли к четвертой двери. Рядом с ней на стене висит табличка с описанием больного, который находится за этой дверью.

""Аргх Пажар, малокский пожарник"".

В шахте лифта постоянно раздается какое-то странное гудение и жужжание, заставляя вас вздрагивать. Не очень бы хотелось попасться в стальные лапы роботов-санитаров, поэтому надо войти внутрь палаты и узнать о лифте во что бы то ни стало."	"Quest Feipsycho.qmm: locations.21.texts.1.text. Preserve every <tag> exactly."	"Quest,Feipsycho"	"Вы падышлі да чацьвёртых дзьвярэй. Побач зь імі на сьцяне вісіць таблічка з апісаньнем хворага, які знаходзіцца за гэтымі дзьвярыма.

""Аргх Пажар, малокскі пажарнік"".

У шахце ліфта ўвесь час чуваць нейкае дзіўнае гудзеньне і бзыканьне, і вы мімаволі ўздрыгваеце. Зусім не хацелася б трапіць у стальныя лапы робатаў-санітараў, таму трэба ўвайсьці ў сярэдзіну палаты і даведацца пра ліфт ва што б там ні стала."
"/quests/Feipsycho.qmm/locations/21/texts/2/text"	"Вы подошли к четвертой двери. Рядом с ней на стене висит табличка с описанием больного, который находится за этой дверью.

""Артемий Пылевзбучивый, человек, помешанный на идее всемирного господства, покорения мира и жесткой диктатуры. Соблюдайте осторожность и вежливость при обращении, в противном случае болезнь может прогрессировать"".

В шахте лифта постоянно раздается какое-то странное гудение и жужжание, заставляя вас вздрагивать. Не очень бы хотелось попасться в стальные лапы роботов-санитаров, поэтому надо войти внутрь палаты и узнать о лифте во что бы то ни стало."	"Quest Feipsycho.qmm: locations.21.texts.2.text. Preserve every <tag> exactly."	"Quest,Feipsycho"	"Вы падышлі да чацьвёртых дзьвярэй. Побач зь імі на сьцяне вісіць таблічка з апісаньнем хворага, які знаходзіцца за гэтымі дзьвярыма.

""Арцемій Пылеўзбучывы, чалавек, звар'яцелы на ідэі сусьветнага панаваньня, пакарэньня сьвету і жорсткай дыктатуры. Захоўвайце асьцярожнасьць і ветлівасьць пры звароце, інакш хвароба можа прагрэсаваць"".

У шахце ліфта ўвесь час чуваць нейкае дзіўнае гудзеньне і бзыканьне, і вы мімаволі ўздрыгваеце. Зусім не хацелася б трапіць у стальныя лапы робатаў-санітараў, таму трэба ўвайсьці ў сярэдзіну палаты і даведацца пра ліфт ва што б там ні стала."
"/quests/Feipsycho.qmm/locations/21/texts/3/text"	"Вы подошли к четвертой двери. Рядом с ней на стене висит табличка с описанием больного, который находится за этой дверью.

""Шпрюххен Зю-Чихпых, пеленг, в прошлом учительница по математике младших классов, помешанная на своей работе"".

В шахте лифта постоянно раздается какое-то странное гудение и жужжание, заставляя вас вздрагивать. Не очень бы хотелось попасться в стальные лапы роботов-санитаров, поэтому надо войти внутрь палаты и узнать о лифте во что бы то ни стало."	"Quest Feipsycho.qmm: locations.21.texts.3.text. Preserve every <tag> exactly."	"Quest,Feipsycho"	"Вы падышлі да чацьвёртых дзьвярэй. Побач зь імі на сьцяне вісіць таблічка з апісаньнем хворага, які знаходзіцца за гэтымі дзьвярыма.

""Шпрюхэн Зю-Чыхпых, пеленг, у мінулым настаўніца матэматыкі малодшых клясаў, звар'яцелая на сваёй працы"".

У шахце ліфта ўвесь час чуваць нейкае дзіўнае гудзеньне і бзыканьне, і вы мімаволі ўздрыгваеце. Зусім не хацелася б трапіць у стальныя лапы робатаў-санітараў, таму трэба ўвайсьці ў сярэдзіну палаты і даведацца пра ліфт ва што б там ні стала."
"/quests/Feipsycho.qmm/locations/21/texts/4/text"	"Вы подошли к четвертой двери. Рядом с ней на стене висит табличка с описанием больного, который находится за этой дверью.

""Мозалг-Доп-Лагниф, фэянин, беспричинно буйный больной, опасен вне состояния сна"".

В шахте лифта постоянно раздается какое-то странное гудение и жужжание, заставляя вас вздрагивать. Не очень бы хотелось попасться в стальные лапы роботов-санитаров, поэтому надо войти внутрь палаты и узнать о лифте во что бы то ни стало."	"Quest Feipsycho.qmm: locations.21.texts.4.text. Preserve every <tag> exactly."	"Quest,Feipsycho"	"Вы падышлі да чацьвёртых дзьвярэй. Побач зь імі на сьцяне вісіць таблічка з апісаньнем хворага, які знаходзіцца за гэтымі дзьвярыма.

""Мозалг-Доп-Лагніф, фэянін, беспрычынна буйны хворы, небясьпечны па-за станам сну"".

У шахце ліфта ўвесь час чуваць нейкае дзіўнае гудзеньне і бзыканьне, і вы мімаволі ўздрыгваеце. Зусім не хацелася б трапіць у стальныя лапы робатаў-санітараў, таму трэба ўвайсьці ў сярэдзіну палаты і даведацца пра ліфт ва што б там ні стала."
"/quests/Feipsycho.qmm/locations/22/texts/0/text"	"Вы подошли к третьей двери. Рядом с ней на стене висит табличка с описанием больного, который находится за этой дверью.

""Адын Шифрин, человек, в прошлом шифровальщик, помешан на шифровании и шифрах, цифрах и цифровании"".

В шахте лифта постоянно раздается какое-то странное гудение и жужжание, заставляя вас вздрагивать. Не очень бы хотелось попасться в стальные лапы роботов-санитаров, поэтому надо войти внутрь палаты и узнать о лифте во что бы то ни стало."	"Quest Feipsycho.qmm: locations.22.texts.0.text. Preserve every <tag> exactly."	"Quest,Feipsycho"	"Вы падышлі да трэціх дзьвярэй. Побач зь імі на сьцяне вісіць таблічка з апісаньнем хворага, які знаходзіцца за гэтымі дзьвярыма.

""Адын Шыфрын, чалавек, у мінулым шыфравальшчык, звар'яцеў на шыфраваньні і шыфрах, лічбах і лічбаваньні"".

У шахце ліфта ўвесь час чуваць нейкае дзіўнае гудзеньне і бзыканьне, і вы мімаволі ўздрыгваеце. Зусім не хацелася б трапіць у стальныя лапы робатаў-санітараў, таму трэба ўвайсьці ў сярэдзіну палаты і даведацца пра ліфт ва што б там ні стала."
"/quests/Feipsycho.qmm/locations/22/texts/1/text"	"Вы подошли к третьей двери. Рядом с ней на стене висит табличка с описанием больного, который находится за этой дверью.

""Аргх Пажар, малокский пожарник"".

В шахте лифта постоянно раздается какое-то странное гудение и жужжание, заставляя вас вздрагивать. Не очень бы хотелось попасться в стальные лапы роботов-санитаров, поэтому надо войти внутрь палаты и узнать о лифте во что бы то ни стало."	"Quest Feipsycho.qmm: locations.22.texts.1.text. Preserve every <tag> exactly."	"Quest,Feipsycho"	"Вы падышлі да трэціх дзьвярэй. Побач зь імі на сьцяне вісіць таблічка з апісаньнем хворага, які знаходзіцца за гэтымі дзьвярыма.

""Аргх Пажар, малокскі пажарнік"".

У шахце ліфта ўвесь час чуваць нейкае дзіўнае гудзеньне і бзыканьне, і вы мімаволі ўздрыгваеце. Зусім не хацелася б трапіць у стальныя лапы робатаў-санітараў, таму трэба ўвайсьці ў сярэдзіну палаты і даведацца пра ліфт ва што б там ні стала."
"/quests/Feipsycho.qmm/locations/22/texts/2/text"	"Вы подошли к третьей двери. Рядом с ней на стене висит табличка с описанием больного, который находится за этой дверью.

""Артемий Пылевзбучивый, человек, помешанный на идее всемирного господства, покорения мира и жесткой диктатуры. Соблюдайте осторожность и вежливость при обращении, в противном случае болезнь может прогрессировать"".

В шахте лифта постоянно раздается какое-то странное гудение и жужжание, заставляя вас вздрагивать. Не очень бы хотелось попасться в стальные лапы роботов-санитаров, поэтому надо войти внутрь палаты и узнать о лифте во что бы то ни стало."	"Quest Feipsycho.qmm: locations.22.texts.2.text. Preserve every <tag> exactly."	"Quest,Feipsycho"	"Вы падышлі да трэціх дзьвярэй. Побач зь імі на сьцяне вісіць таблічка з апісаньнем хворага, які знаходзіцца за гэтымі дзьвярыма.

""Арцемій Пылеўзбучывы, чалавек, звар'яцелы на ідэі сусьветнага панаваньня, пакарэньня сьвету і жорсткай дыктатуры. Захоўвайце асьцярожнасьць і ветлівасьць пры звароце, інакш хвароба можа прагрэсаваць"".

У шахце ліфта ўвесь час чуваць нейкае дзіўнае гудзеньне і бзыканьне, і вы мімаволі ўздрыгваеце. Зусім не хацелася б трапіць у стальныя лапы робатаў-санітараў, таму трэба ўвайсьці ў сярэдзіну палаты і даведацца пра ліфт ва што б там ні стала."
"/quests/Feipsycho.qmm/locations/22/texts/3/text"	"Вы подошли к третьей двери. Рядом с ней на стене висит табличка с описанием больного, который находится за этой дверью.

""Шпрюххен Зю-Чихпых, пеленг, в прошлом учительница по математике младших классов, помешанная на своей работе"".

В шахте лифта постоянно раздается какое-то странное гудение и жужжание, заставляя вас вздрагивать. Не очень бы хотелось попасться в стальные лапы роботов-санитаров, поэтому надо войти внутрь палаты и узнать о лифте во что бы то ни стало."	"Quest Feipsycho.qmm: locations.22.texts.3.text. Preserve every <tag> exactly."	"Quest,Feipsycho"	"Вы падышлі да трэціх дзьвярэй. Побач зь імі на сьцяне вісіць таблічка з апісаньнем хворага, які знаходзіцца за гэтымі дзьвярыма.

""Шпрюхэн Зю-Чыхпых, пеленг, у мінулым настаўніца матэматыкі малодшых клясаў, звар'яцелая на сваёй працы"".

У шахце ліфта ўвесь час чуваць нейкае дзіўнае гудзеньне і бзыканьне, і вы мімаволі ўздрыгваеце. Зусім не хацелася б трапіць у стальныя лапы робатаў-санітараў, таму трэба ўвайсьці ў сярэдзіну палаты і даведацца пра ліфт ва што б там ні стала."
"/quests/Feipsycho.qmm/locations/22/texts/4/text"	"Вы подошли к третьей двери. Рядом с ней на стене висит табличка с описанием больного, который находится за этой дверью.

""Мозалг-Доп-Лагниф, фэянин, беспричинно буйный больной, опасен вне состояния сна"".

В шахте лифта постоянно раздается какое-то странное гудение и жужжание, заставляя вас вздрагивать. Не очень бы хотелось попасться в стальные лапы роботов-санитаров, поэтому надо войти внутрь палаты и узнать о лифте во что бы то ни стало."	"Quest Feipsycho.qmm: locations.22.texts.4.text. Preserve every <tag> exactly."	"Quest,Feipsycho"	"Вы падышлі да трэціх дзьвярэй. Побач зь імі на сьцяне вісіць таблічка з апісаньнем хворага, які знаходзіцца за гэтымі дзьвярыма.

""Мозалг-Доп-Лагніф, фэянін, беспрычынна буйны хворы, небясьпечны па-за станам сну"".

У шахце ліфта ўвесь час чуваць нейкае дзіўнае гудзеньне і бзыканьне, і вы мімаволі ўздрыгваеце. Зусім не хацелася б трапіць у стальныя лапы робатаў-санітараў, таму трэба ўвайсьці ў сярэдзіну палаты і даведацца пра ліфт ва што б там ні стала."
"/quests/Feipsycho.qmm/locations/23/texts/0/text"	"Вы подошли к пятой двери. Рядом с ней на стене висит табличка с описанием больного, который находится за этой дверью.

""Адын Шифрин, человек, в прошлом шифровальщик, помешан на шифровании и шифрах, цифрах и цифровании"".

В шахте лифта постоянно раздается какое-то странное гудение и жужжание, заставляя вас вздрагивать. Не очень бы хотелось попасться в стальные лапы роботов-санитаров, поэтому надо войти внутрь палаты и узнать о лифте во что бы то ни стало."	"Quest Feipsycho.qmm: locations.23.texts.0.text. Preserve every <tag> exactly."	"Quest,Feipsycho"	"Вы падышлі да пятых дзьвярэй. Побач зь імі на сьцяне вісіць таблічка з апісаньнем хворага, які знаходзіцца за гэтымі дзьвярыма.

""Адын Шыфрын, чалавек, у мінулым шыфравальшчык, звар'яцеў на шыфраваньні і шыфрах, лічбах і лічбаваньні"".

У шахце ліфта ўвесь час чуваць нейкае дзіўнае гудзеньне і бзыканьне, і вы мімаволі ўздрыгваеце. Зусім не хацелася б трапіць у стальныя лапы робатаў-санітараў, таму трэба ўвайсьці ў сярэдзіну палаты і даведацца пра ліфт ва што б там ні стала."
"/quests/Feipsycho.qmm/locations/23/texts/1/text"	"Вы подошли к пятой двери. Рядом с ней на стене висит табличка с описанием больного, который находится за этой дверью.

""Аргх Пажар, малокский пожарник"".

В шахте лифта постоянно раздается какое-то странное гудение и жужжание, заставляя вас вздрагивать. Не очень бы хотелось попасться в стальные лапы роботов-санитаров, поэтому надо войти внутрь палаты и узнать о лифте во что бы то ни стало."	"Quest Feipsycho.qmm: locations.23.texts.1.text. Preserve every <tag> exactly."	"Quest,Feipsycho"	"Вы падышлі да пятых дзьвярэй. Побач зь імі на сьцяне вісіць таблічка з апісаньнем хворага, які знаходзіцца за гэтымі дзьвярыма.

""Аргх Пажар, малокскі пажарнік"".

У шахце ліфта ўвесь час чуваць нейкае дзіўнае гудзеньне і бзыканьне, і вы мімаволі ўздрыгваеце. Зусім не хацелася б трапіць у стальныя лапы робатаў-санітараў, таму трэба ўвайсьці ў сярэдзіну палаты і даведацца пра ліфт ва што б там ні стала."
"/quests/Feipsycho.qmm/locations/23/texts/2/text"	"Вы подошли к пятой двери. Рядом с ней на стене висит табличка с описанием больного, который находится за этой дверью.

""Артемий Пылевзбучивый, человек, помешанный на идее всемирного господства, покорения мира и жесткой диктатуры. Соблюдайте осторожность и вежливость при обращении, в противном случае болезнь может прогрессировать"".

В шахте лифта постоянно раздается какое-то странное гудение и жужжание, заставляя вас вздрагивать. Не очень бы хотелось попасться в стальные лапы роботов-санитаров, поэтому надо войти внутрь палаты и узнать о лифте во что бы то ни стало."	"Quest Feipsycho.qmm: locations.23.texts.2.text. Preserve every <tag> exactly."	"Quest,Feipsycho"	"Вы падышлі да пятых дзьвярэй. Побач зь імі на сьцяне вісіць таблічка з апісаньнем хворага, які знаходзіцца за гэтымі дзьвярыма.

""Арцемій Пылеўзбучывы, чалавек, звар'яцелы на ідэі сусьветнага панаваньня, пакарэньня сьвету і жорсткай дыктатуры. Захоўвайце асьцярожнасьць і ветлівасьць пры звароце, інакш хвароба можа прагрэсаваць"".

У шахце ліфта ўвесь час чуваць нейкае дзіўнае гудзеньне і бзыканьне, і вы мімаволі ўздрыгваеце. Зусім не хацелася б трапіць у стальныя лапы робатаў-санітараў, таму трэба ўвайсьці ў сярэдзіну палаты і даведацца пра ліфт ва што б там ні стала."
"/quests/Feipsycho.qmm/locations/23/texts/3/text"	"Вы подошли к пятой двери. Рядом с ней на стене висит табличка с описанием больного, который находится за этой дверью.

""Шпрюххен Зю-Чихпых, пеленг, в прошлом учительница по математике младших классов, помешанная на своей работе"".

В шахте лифта постоянно раздается какое-то странное гудение и жужжание, заставляя вас вздрагивать. Не очень бы хотелось попасться в стальные лапы роботов-санитаров, поэтому надо войти внутрь палаты и узнать о лифте во что бы то ни стало."	"Quest Feipsycho.qmm: locations.23.texts.3.text. Preserve every <tag> exactly."	"Quest,Feipsycho"	"Вы падышлі да пятых дзьвярэй. Побач зь імі на сьцяне вісіць таблічка з апісаньнем хворага, які знаходзіцца за гэтымі дзьвярыма.

""Шпрюхэн Зю-Чыхпых, пеленг, у мінулым настаўніца матэматыкі малодшых клясаў, звар'яцелая на сваёй працы"".

У шахце ліфта ўвесь час чуваць нейкае дзіўнае гудзеньне і бзыканьне, і вы мімаволі ўздрыгваеце. Зусім не хацелася б трапіць у стальныя лапы робатаў-санітараў, таму трэба ўвайсьці ў сярэдзіну палаты і даведацца пра ліфт ва што б там ні стала."
"/quests/Feipsycho.qmm/locations/23/texts/4/text"	"Вы подошли к пятой двери. Рядом с ней на стене висит табличка с описанием больного, который находится за этой дверью.

""Мозалг-Доп-Лагниф, фэянин, беспричинно буйный больной, опасен вне состояния сна"".

В шахте лифта постоянно раздается какое-то странное гудение и жужжание, заставляя вас вздрагивать. Не очень бы хотелось попасться в стальные лапы роботов-санитаров, поэтому надо войти внутрь палаты и узнать о лифте во что бы то ни стало."	"Quest Feipsycho.qmm: locations.23.texts.4.text. Preserve every <tag> exactly."	"Quest,Feipsycho"	"Вы падышлі да пятых дзьвярэй. Побач зь імі на сьцяне вісіць таблічка з апісаньнем хворага, які знаходзіцца за гэтымі дзьвярыма.

""Мозалг-Доп-Лагніф, фэянін, беспрычынна буйны хворы, небясьпечны па-за станам сну"".

У шахце ліфта ўвесь час чуваць нейкае дзіўнае гудзеньне і бзыканьне, і вы мімаволі ўздрыгваеце. Зусім не хацелася б трапіць у стальныя лапы робатаў-санітараў, таму трэба ўвайсьці ў сярэдзіну палаты і даведацца пра ліфт ва што б там ні стала."
"/quests/Feipsycho.qmm/locations/24/texts/0/text"	"Вы повернули ручку и вошли внутрь. На кровати лежал худой человечек в очках, весь взлохмаченный и с дикими глазами - именно так вы себе и представляли шифровальщика. Он тут же заговорил:
- Приветствую, друг мой! Сколько лет, сколько зим, я сижу вот так один! Загадку хочешь?
- Э-э-э... Ну... Э-э-э...
- Ага! Хо-хо, тогда продолжаем!
- Э-э-э... Кхм!
- Жили-были <clr>два<clrEnd> ксеноморфа: один с копытами и гривой, другой с хвостом и зубами, по крайней мере, так думал <clr>один<clrEnd> человек. И питались они так: один любил красное и зеленое сверху, а другой кусал зеленое снизу. Сколько всякой живности я упомянул?"	"Quest Feipsycho.qmm: locations.24.texts.0.text. Preserve every <tag> exactly."	"Quest,Feipsycho"	"Вы павярнулі клямку і ўвайшлі ў сярэдзіну. На ложку ляжаў худы чалавечак у акулярах, увесь узлахмачаны і з дзікімі вачыма — менавіта так вы сабе і ўяўлялі шыфравальшчыка. Ён адразу загаварыў:
- Вітаю, дружа мой! Колькі гадоў, колькі зімаў, я сяджу вось так адзін! Загадку хочаш?
- Э-э-э... Ну... Э-э-э...
- Ага! Хо-хо, тады працягваем!
- Э-э-э... Гм!
- Жылі-былі <clr>два<clrEnd> ксэнаморфы: адзін з капытамі і грывай, другі з хвастом і зубамі, прынамсі, так думаў <clr>адзін<clrEnd> чалавек. І харчаваліся яны так: адзін любіў чырвонае і зялёнае зьверху, а другі кусаў зялёнае зьнізу. Колькі ўсякай жыўнасьці я згадаў?"
"/quests/Feipsycho.qmm/locations/25/texts/0/text"	"- Он догадался, он понял! Ну конечно же, два - лошадь и человек. У-у-у, шифр-то был прост, но ты не сплоховал. Ладно, зачем пожаловал?"	"Quest Feipsycho.qmm: locations.25.texts.0.text. Preserve every <tag> exactly."	"Quest,Feipsycho"	"- Ён здагадаўся, ён зразумеў! Ну вядома ж, два — конь і чалавек. У-у-у, шыфр быў просты, але ты справіўся. Добра, навошта завітаў?"
"/quests/Feipsycho.qmm/locations/26/texts/0/text"	"- Э, нет. Нет, нет, нет и еще раз нет. Раз уж ты не можешь разгадать даже такой простой шифр - тут я ничем не могу помочь. Не хочу с тобой больше разговаривать. Проваливай, пока я санитаров не позвал!"	"Quest Feipsycho.qmm: locations.26.texts.0.text. Preserve every <tag> exactly."	"Quest,Feipsycho"	"- Э, не. Не, не, не і яшчэ раз не. Раз ужо ты не можаш разгадаць нават такі просты шыфр — тут я нічым не магу дапамагчы. Не хачу з табой больш размаўляць. Ідзі прэч, пакуль я санітараў не клікнуў!"
"/quests/Feipsycho.qmm/locations/27/texts/0/text"	"Вы повернули ручку и вошли внутрь. Посреди комнаты на полу сидел толстый малок и лениво почесывал спину полочкой, отломанной от стены. Выглядит он грозно, не стоит ли поздороваться?"	"Quest Feipsycho.qmm: locations.27.texts.0.text. Preserve every <tag> exactly."	"Quest,Feipsycho"	"Вы павярнулі клямку і ўвайшлі ў сярэдзіну. Пасярод пакоя на падлозе сядзеў тоўсты малок і ляніва часаў сьпіну палічкай, адломленай ад сьцяны. Выглядае ён грозна, ці не варта павітацца?"
"/quests/Feipsycho.qmm/locations/28/texts/0/text"	"- Здрасьте, любезный.
- Ча-а-аво? Что за со-о-опляк? Брысь! - малок встал и одним пинком отшвырнул вас к двери. - Ну-ка, ну-ка, живо!"	"Quest Feipsycho.qmm: locations.28.texts.0.text. Preserve every <tag> exactly."	"Quest,Feipsycho"	"- Здароў, ласкавы.
- Чаго-о-о? Што за сапляк? Брысь! — малок устаў і адным капком адшпурнуў вас да дзьвярэй. — Ну-ка, ну-ка, жыва!"
"/quests/Feipsycho.qmm/locations/29/texts/0/text"	"Вы подошли к сидящему малоку и что было сил врезали ему по морде. Ответ не замедлил себя ждать - малок вскочил и заорал:
- Ты что, сволочь, о себе возомнил? По-твоему, в нашей славной армии генералы из низов? Аргх! Съешь меня пенчекряк, если этот карапуз только что не оскорбил честь малокской армии! Аргх! Сейчас он ответит... - с этими словами он сложил руки за спину и двинул вас прямой ногой в грудь, да так, что вас отбросило к самой двери."	"Quest Feipsycho.qmm: locations.29.texts.0.text. Preserve every <tag> exactly."	"Quest,Feipsycho"	"Вы падышлі да сядзячага малока і што было сілы ўрэзалі яму па пысе. Адказ не прымусіў сябе чакаць — малок ускочыў і зароў:
- Ты што, паскуда, пра сябе ўявіў? Па-твойму, у нашым слаўным войску генэралы з нізоў? Аргх! Зьеж мяне пэнчэкряк, калі гэты карапуз толькі што не зганьбіў гонар малокскага войска! Аргх! Зараз ён адкажа... — з гэтымі словамі ён склаў рукі за сьпіну і рушыў вас прамой нагой у грудзі, ды так, што вас адкінула да самых дзьвярэй."
"/quests/Feipsycho.qmm/locations/30/texts/0/text"	"Вы подбежали к нему и с разворота врезали ногой по голове малока, отчего лишь упали на пол, потому что малок даже не шелохнулся - он был словно сделан из камня. Но через несколько секунд он словно очнулся и негромко заметил:
- Эх, ну что за хулиганы сюда ломятся. Даже драться не умеют!
Пока вы удивленно на него взирали, лежа на полу, он подошел к вам и просто сел сверху. Вам это не понравилось - совсем не понравилось. Вы поднатужились и выползли из-под его туши, и теперь вам точно нельзя более оставаться здесь!"	"Quest Feipsycho.qmm: locations.30.texts.0.text. Preserve every <tag> exactly."	"Quest,Feipsycho"	"Вы падбеглі да яго і з развароту ўрэзалі нагой па галаве малока, ад чаго толькі ўпалі на падлогу, бо малок нават не варухнуўся — ён быў быццам зроблены з каменя. Але праз некалькі сэкундаў ён быццам ачомаўся і няголасна заўважыў:
- Эх, ну што за хуліганы сюды ломяцца. Нават біцца не ўмеюць!
Пакуль вы зьдзіўлена на яго глядзелі, лежачы на падлозе, ён падышоў да вас і проста сеў зьверху. Вам гэта не спадабалася — зусім не спадабалася. Вы натужыліся і вылезьлі з-пад яго тушы, і цяпер вам дакладна нельга больш заставацца тут!"
"/quests/Feipsycho.qmm/locations/31/texts/0/text"	"Вы подошли к нему и ударили кулаком в плечо, малок улыбнулся и ответил вам тем же.
- Ну, аргх, и чего?
- Ну как, чего? Чем занимаемся?
- Я? Хо-хо, я пожарник. Тушу пожары. Вот, хотя бы прямо перед тем, как меня сюда упекли, я тушил пожар на одной планете. Здание уже почти рухнуло, и если бы это случилось, то погребло бы наших генералов, наблюдавших за процессом тушения. Так вот, я надел бронекостюм и понесся в подвал. Там я разбил колонну, державшую здание с противоположной стороны, и оно упало, не задев наших генералов. Меня через три дня достали из-под обломков. Вот такой я! А ты чего можешь мне рассказать?"	"Quest Feipsycho.qmm: locations.31.texts.0.text. Preserve every <tag> exactly."	"Quest,Feipsycho"	"Вы падышлі да яго і ўдарылі кулаком у плячо, малок усьміхнуўся і адказаў вам тым самым.
- Ну, аргх, і чаго?
- Ну як, чаго? Чым займаемся?
- Я? Хо-хо, я пажарнік. Тушу пажары. Вось, хоць бы прама перад тым, як мяне сюды затачылі, я тушыў пажар на адной плянэце. Будынак ужо амаль рухнуў, і калі б гэта здарылася, то пахаваў бы нашых генэралаў, якія назіралі за працэсам тушэньня. Дык вось, я надзеў бранявы касьцюм і кінуўся ў падвал. Там я разьбіў апору, што трымала будынак з супрацьлеглага боку, і ён упаў, не закрануўшы нашых генэралаў. Мяне праз тры дні дасталі з-пад абломкаў. Вось такі я! А ты што можаш мне расказаць?"
"/quests/Feipsycho.qmm/locations/32/texts/0/text"	"Вы решили поведать ему историю о том, как вы уничтожили доминаторского босса Текстона, но лишь только вы начали свой рассказ, как малок прервал вас и обиженно сообщил, что доминаторских боссов всего три, и Текстона среди них нет, после чего уже более грозно попросил вас удалиться."	"Quest Feipsycho.qmm: locations.32.texts.0.text. Preserve every <tag> exactly."	"Quest,Feipsycho"	"Вы вырашылі расказаць яму гісторыю пра тое, як вы зьнішчылі дамінатарскага боса Тэкстона, але ледзь вы пачалі свой расказ, як малок перапыніў вас і пакрыўджана паведаміў, што дамінатарскіх босаў усяго тры, і Тэкстона сярод іх няма, пасьля чаго ўжо больш грозна папрасіў вас сысьці."
"/quests/Feipsycho.qmm/locations/33/texts/0/text"	"Вы стали залихватски рассказывать ему о том, как грабили в одиночку целые караваны торговых судов, как уничтожали всех, кто пытался встать у вас на пути и пытался командовать вами, как ловко убегали от крупномасштабных операций по вашей ликвидации... Некоторое время малок молча вас слушал, становясь все краснее и краснее. Когда он стал настолько пунцовым, что краснее уже некуда, он просто сгреб вас в захват и попытался придушить. Вы, однако, сумели вывернуться. А теперь, похоже, пора удирать!"	"Quest Feipsycho.qmm: locations.33.texts.0.text. Preserve every <tag> exactly."	"Quest,Feipsycho"	"Вы сталі бравурна расказваць яму пра тое, як грабілі ў адзіночку цэлыя караваны гандлёвых суднаў, як зьнішчалі ўсіх, хто спрабаваў стаць вам на шляху і спрабаваў камандаваць вамі, як спрытна ўцякалі ад шырокамаштабных апэрацыяў па вашай ліквідацыі... Некаторы час малок моўчкі вас слухаў, становячыся ўсё чырваней і чырваней. Калі ён стаў настолькі барвовым, што чырваней ужо няма куды, ён проста схапіў вас у захоп і паспрабаваў прыдушыць. Вы, аднак, здолелі выкруціцца. А цяпер, падобна, пара ўцякаць!"
"/quests/Feipsycho.qmm/locations/34/texts/0/text"	"Вы стали красочно ему расписывать, как вы в одиночку сражались с целым флотом доминаторов. Перебив половину крейсеров, вы заметили малокский флот, который как раз подоспел к вам на помощь. Вместе с ними вы разнесли доминаторов в пух и прах, после чего без труда освободили еще парочку систем.
Лицо малока постепенно становилось все более радостным, и когда вы закончили свой рассказ, он заявил: ""Вот такие рейнджеры нам и нужны! Как жаль, что все рейнджеры не могут подражать такому отважному воину, как ты. Ладно, зачем пришел?"""	"Quest Feipsycho.qmm: locations.34.texts.0.text. Preserve every <tag> exactly."	"Quest,Feipsycho"	"Вы сталі маляўніча яму расьпісваць, як вы ў адзіночку змагаліся з цэлым флётам дамінатараў. Перабіўшы палову крэйсэраў, вы заўважылі малокскі флёт, які якраз пасьпеў да вас на дапамогу. Разам зь імі вы разьнесьлі дамінатараў ушчэнт, пасьля чаго без цяжкасьці вызвалілі яшчэ пару сыстэмаў.
Твар малока паступова рабіўся ўсё больш радасным, і калі вы скончылі свой расказ, ён заявіў: ""Вось такія рэйнджэры нам і патрэбныя! Як шкада, што ўсе рэйнджэры не могуць пераймаць такога адважнага воіна, як ты. Добра, навошта прыйшоў?"""
"/quests/Feipsycho.qmm/locations/35/texts/0/text"	"Вы повернули ручку и вошли внутрь. По комнате медленно ходил взад-вперед невысокий человек, гладко выбритый по всей площади головы. Когда вы переступили порог, он остановился и опустил на вас глаза.
- Чего угодно-с?
- А чего возможно-с?
- Да как... да... Да как вы посмели?! Вы... вы... вы... - казалось, диктатор сейчас закипит от злости. - Извольте обращаться ко мне, как подобает в подобных случаях!"	"Quest Feipsycho.qmm: locations.35.texts.0.text. Preserve every <tag> exactly."	"Quest,Feipsycho"	"Вы павярнулі клямку і ўвайшлі ў сярэдзіну. Па пакоі павольна хадзіў туды-сюды невысокі чалавек, гладка паголены па ўсёй плошчы галавы. Калі вы пераступілі парог, ён спыніўся і апусьціў на вас вочы.
- Чаго заўгодна-с?
- А чаго магчыма-с?
- Ды як... ды... Ды як вы пасьмелі?! Вы... вы... вы... — здавалася, дыктатар зараз закіпіць ад злосьці. — Звольце зьвяртацца да мяне, як належыць у падобных выпадках!"
"/quests/Feipsycho.qmm/locations/36/texts/0/text"	"- Что-что? Здрасьте? Да... вы... ВОН! ВОН ОТСЮДА! Кхм. Ладно. Убирайтесь!"	"Quest Feipsycho.qmm: locations.36.texts.0.text. Preserve every <tag> exactly."	"Quest,Feipsycho"	"- Што-што? Здароў? Так... вы... ПРЭЧ! ПРЭЧ АДСЮЛЬ! Гм. Добра. Прыбірайцеся!"
"/quests/Feipsycho.qmm/locations/37/texts/0/text"	"- Жизнь... Э-э-эх, да если б это жизнь была бы! А? Что? Да вы что себе позволяете? Такой ничтожный, а уже... Приказываю вам: выйдите вон! Или я позову стражу."	"Quest Feipsycho.qmm: locations.37.texts.0.text. Preserve every <tag> exactly."	"Quest,Feipsycho"	"- Жыцьцё... Э-э-эх, ды калі б гэта жыцьцё было! А? Што? Ды вы што сабе дазваляеце? Такі нікчэмны, а ўжо... Загадваю вам: выйдзіце вонкі! Або я паклічу варту."
"/quests/Feipsycho.qmm/locations/38/texts/0/text"	"- Чувак? Йо? Коряга? - недоуменно переспросил диктатор, глядя на протянутую вами руку. - Это вы о чем, милейший? Если не умеете нормально разговаривать, выметайтесь вон! Выметайтесь отсюда, я сказал!"	"Quest Feipsycho.qmm: locations.38.texts.0.text. Preserve every <tag> exactly."	"Quest,Feipsycho"	"- Хлопец? Эй? Лапа? — зьдзіўлена перапытаў дыктатар, гледзячы на працягнутую вамі руку. — Гэта вы пра што, наймілейшы? Калі не ўмееце нармальна размаўляць, прыбірайцеся вонкі! Прыбірайцеся адсюль, я сказаў!"
"/quests/Feipsycho.qmm/locations/39/texts/0/text"	"- Приветствую, о Артемий Пылевзбучивый! Позвольте провести с вами время!
- Ну что же, это вполне возможно, - диктатор улыбнулся и, слегка склонив голову, добавил: - приветствую и тебя в моем временном и пока, к сожалению, весьма скудно обставленном пристанище."	"Quest Feipsycho.qmm: locations.39.texts.0.text. Preserve every <tag> exactly."	"Quest,Feipsycho"	"- Вітаю, о Арцемій Пылеўзбучывы! Дазвольце правесьці з вамі час!
- Ну што ж, гэта цалкам магчыма, — дыктатар усьміхнуўся і, зьлёгку схіліўшы галаву, дадаў: — вітаю і цябе ў маім часовым і пакуль, на жаль, вельмі скупа абстаўленым прыстанішчы."
"/quests/Feipsycho.qmm/locations/40/texts/0/text"	"- Я не думаю, я уверен! А вы что, неужто так не считаете? Не считаете? Предатель... Я собрался уж было принять вас как сотоварища по нашей революционной борьбе, но нет! Вы жестоко обманули меня... Мне ничего не остается, кроме как выгнать вас с позором. Уходите и не возвращайтесь!"	"Quest Feipsycho.qmm: locations.40.texts.0.text. Preserve every <tag> exactly."	"Quest,Feipsycho"	"- Я не думаю, я ўпэўнены! А вы што, няўжо так не лічыце? Не лічыце? Здраднік... Я ўжо быў сабраўся прыняць вас як таварыша па нашай рэвалюцыйнай барацьбе, але не! Вы жорстка падманулі мяне... Мне нічога не застаецца, як выгнаць вас з ганьбай. Сыходзьце і не вяртайцеся!"
"/quests/Feipsycho.qmm/locations/41/texts/0/text"	"- Побег? Какой еще побег? Только мои враги бегут от меня. Да и зачем бежать из укрытия? Наоборот, надо именно в нем и находиться. Иначе что это за укрытие... Ах! Так вы хотите выманить меня из моего убежища? Шпион! Вон! Держите его, держите! Ах, вам необычайно повезло, что рядом нет моей охраны, но они очень быстро могут появиться. Так что вам лучше будет выйти отсюда."	"Quest Feipsycho.qmm: locations.41.texts.0.text. Preserve every <tag> exactly."	"Quest,Feipsycho"	"- Уцёкі? Якія яшчэ ўцёкі? Толькі мае ворагі ўцякаюць ад мяне. Ды і навошта ўцякаць з хованкі? Наадварот, трэба менавіта ў ёй і знаходзіцца. Інакш што гэта за хованка... Ах! Дык вы хочаце выманіць мяне з майго сховішча? Шпіён! Прэч! Трымайце яго, трымайце! Ах, вам надзвычай пашанцавала, што побач няма маёй аховы, але яны вельмі хутка могуць зьявіцца. Так што вам лепей будзе выйсьці адсюль."
"/quests/Feipsycho.qmm/locations/42/texts/0/text"	"- Вы действительно считаете свое убежище скромным? Для убежища, тем более временного, оно подходит как нельзя кстати.
 - Благодарю, вы действительно правы. Так зачем вы посетили меня здесь?"	"Quest Feipsycho.qmm: locations.42.texts.0.text. Preserve every <tag> exactly."	"Quest,Feipsycho"	"- Вы сапраўды лічыце сваё сховішча сьціплым? Для сховішча, тым больш часовага, яно падыходзіць як нельга лепей.
 - Дзякуй, вы сапраўды маеце рацыю. Дык навошта вы наведалі мяне тут?"
"/quests/Feipsycho.qmm/locations/43/texts/0/text"	"Вы повернули ручку и вошли внутрь. Пеленгша весьма скромного вида сидела на кровати и громко вслух произносила какие-то числа, водя при этом пальцем в воздухе, будто вспоминая какую-то большую таблицу. 
- Сто пятьдесят четыре! Сто пятьдесят шесть! Двадцать пять! Сорок восемь! Шестьдесят девять! Восемьдесят восемь! Сто пять! Сто двадцать! Сто тридцать три! Сто сорок четыре! Сто пятьдесят три! Сто шестьдесят! Сто шестьдесят пять! Сто шестьдесят восемь! Сто шестьдесят девять! Двадцать шесть! Пятьдесят! Семьдесят два! Девяносто два! Сто десять! Сто двадцать шесть! Сто сорок!
Тут она остановилась и стала что-то усиленно вспоминать. Может, стоит ей подсказать? Но что?"	"Quest Feipsycho.qmm: locations.43.texts.0.text. Preserve every <tag> exactly."	"Quest,Feipsycho"	"Вы павярнулі клямку і ўвайшлі ў сярэдзіну. Пеленгша вельмі сьціплага выгляду сядзела на ложку і голасна ўголас вымаўляла нейкія лікі, водзячы пры гэтым пальцам у паветры, быццам успамінаючы нейкую вялікую табліцу. 
- Сто пяцьдзясят чатыры! Сто пяцьдзясят шэсьць! Дваццаць пяць! Сорак восем! Шэсьцьдзесят дзевяць! Восемдзесят восем! Сто пяць! Сто дваццаць! Сто трыццаць тры! Сто сорак чатыры! Сто пяцьдзясят тры! Сто шэсьцьдзесят! Сто шэсьцьдзесят пяць! Сто шэсьцьдзесят восем! Сто шэсьцьдзесят дзевяць! Дваццаць шэсьць! Пяцьдзясят! Семдзесят два! Дзевяноста два! Сто дзесяць! Сто дваццаць шэсьць! Сто сорак!
Тут яна спынілася і стала нешта ўзмоцнена ўспамінаць. Можа, варта ёй падказаць? Але што?"
"/quests/Feipsycho.qmm/locations/44/texts/0/text"	"- Точно, точно, мой сладенький! - учительница принялась вас нахваливать, называя вас то молодцом, то умницей, то опять сладеньким. Через пару минут она что-то написала в какую-то книжку и сказала:
- Молодец, ставлю тебе пятерку! Может, тебе нужно чем-нибудь помочь?"	"Quest Feipsycho.qmm: locations.44.texts.0.text. Preserve every <tag> exactly."	"Quest,Feipsycho"	"- Дакладна, дакладна, мой салодкі! — настаўніца ўзялася вас хваліць, называючы вас то малайцом, то разумнікам, то зноў салодкім. Праз пару хвілінаў яна нешта напісала ў нейкую кніжку і сказала:
- Малайчына, стаўлю табе пяцёрку! Можа, табе трэба чым-небудзь дапамагчы?"
"/quests/Feipsycho.qmm/locations/45/texts/0/text"	"- Молодой человек, не сбивайте, пожалуйста, меня с толку. Вот молодежь пошла! Никого не уважают!"	"Quest Feipsycho.qmm: locations.45.texts.0.text. Preserve every <tag> exactly."	"Quest,Feipsycho"	"- Малады чалавек, не зьбівайце, калі ласка, мяне з панталыку. Вось моладзь пайшла! Нікога не паважаюць!"
"/quests/Feipsycho.qmm/locations/46/texts/0/text"	"Вы повернули ручку и вошли внутрь. Вы не успели даже моргнуть, как перед вами вырос фэянин с дикими глазами.
- Абыр? Ку! Ы-ы-ы-кю! Пх’нглуи мглв’нафх Ктулху Р’льех вгах’нагл фхтагн!"	"Quest Feipsycho.qmm: locations.46.texts.0.text. Preserve every <tag> exactly."	"Quest,Feipsycho"	"Вы павярнулі клямку і ўвайшлі ў сярэдзіну. Вы не пасьпелі нават моргнуць, як перад вамі вырас фэянін з дзікімі вачыма.
- Абыр? Ку! Ы-ы-ы-кю! Пх’нглуи мглв’нафх Ктулху Р’льех вгах’нагл фхтагн!"
"/quests/Feipsycho.qmm/locations/47/texts/0/text"	"Не успели вы произнести и слова, как фэянин заорал что-то, отдаленно напоминающее ""Шо за лытдыбр?!"", и накинулся на вас. Но, так как вы были довольно крепким рейнджером, а он - хилым фэянином-психопатом, то исход схватки был предрешен.
Через несколько минут вы вышли в коридор, оставив побитого фэянина на полу его камеры. Правда, к чести того фэянина, вам тоже досталось."	"Quest Feipsycho.qmm: locations.47.texts.0.text. Preserve every <tag> exactly."	"Quest,Feipsycho"	"Не пасьпелі вы вымавіць і слова, як фэянін зароў нешта, што аддалена нагадвала ""Шо за лытдыбр?!"", і накінуўся на вас. Але, паколькі вы былі даволі моцным рэйнджэрам, а ён — кволым фэянінам-псыхапатам, зыход сутычкі быў прадвызначаны.
Праз некалькі хвілінаў вы выйшлі ў калідор, пакінуўшы пабітага фэяніна на падлозе яго камэры. Праўда, на гонар таго фэяніна, вам таксама перапала."
"/quests/Feipsycho.qmm/locations/48/texts/0/text"	"Вы стоите перед самым обычным лифтом, сделанным по всем коалиционным стандартам. Только вот нет у него кнопки вызова. Следовательно, открывается он каким-то хитрым способом..."	"Quest Feipsycho.qmm: locations.48.texts.0.text. Preserve every <tag> exactly."	"Quest,Feipsycho"	"Вы стаіце перад самым звычайным ліфтам, зробленым па ўсіх кааліцыйных стандартах. Толькі вось няма ў яго кнопкі выкліку. Такім чынам, адчыняецца ён нейкім хітрым спосабам..."
"/quests/Feipsycho.qmm/locations/49/texts/0/text"	"- Хорошо, я расскажу, как это делается. Для этого нужно закрыть руками оба индикатора работы лифта. На самом деле там не только индикаторы, там под стеклом еще и детекторы. В общем, как только руками закроешь - так лифт и спустится."	"Quest Feipsycho.qmm: locations.49.texts.0.text. Preserve every <tag> exactly."	"Quest,Feipsycho"	"- Добра, я раскажу, як гэта робіцца. Для гэтага трэба закрыць рукамі абодва індыкатары працы ліфта. Насамрэч там ня толькі індыкатары, там пад шклом яшчэ і дэтэктары. Адным словам, як толькі рукамі закрыеш — так ліфт і спусьціцца."
"/quests/Feipsycho.qmm/locations/49/texts/1/text"	"- Как можно попасть в лифт? Как выбраться наверх?
- Хорошо, я расскажу, как это делается. Подойди к дверям, подними руку и стукни. Потом еще раз стукни. А потом еще раз. Когда три раза стукнешь - двери откроются."	"Quest Feipsycho.qmm: locations.49.texts.1.text. Preserve every <tag> exactly."	"Quest,Feipsycho"	"- Як можна патрапіць у ліфт? Як выбрацца ўгору?
- Добра, я раскажу, як гэта робіцца. Падыдзі да дзьвярэй, падымі руку і стукні. Потым яшчэ раз стукні. А потым яшчэ раз. Калі тройчы стукнеш — дзьверы адчыняцца."
"/quests/Feipsycho.qmm/locations/49/texts/2/text"	"- Как можно попасть в лифт? Как выбраться наверх?
- Хорошо, я расскажу, как это делается. Надо взяться руками за косяки и потянуть вниз."	"Quest Feipsycho.qmm: locations.49.texts.2.text. Preserve every <tag> exactly."	"Quest,Feipsycho"	"- Як можна патрапіць у ліфт? Як выбрацца ўгору?
- Добра, я раскажу, як гэта робіцца. Трэба ўзяцца рукамі за вушакі і пацягнуць уніз."
"/quests/Feipsycho.qmm/locations/49/texts/3/text"	"- Как можно попасть в лифт? Как выбраться наверх?
- Хорошо, я расскажу, как это делается. Надо взяться руками за косяки и потянуть вверх."	"Quest Feipsycho.qmm: locations.49.texts.3.text. Preserve every <tag> exactly."	"Quest,Feipsycho"	"- Як можна патрапіць у ліфт? Як выбрацца ўгору?
- Добра, я раскажу, як гэта робіцца. Трэба ўзяцца рукамі за вушакі і пацягнуць угору."
"/quests/Feipsycho.qmm/locations/49/texts/4/text"	"- Как можно попасть в лифт? Как выбраться наверх?
- Хорошо, я расскажу, как это делается. Надо постучать ногой в стену слева от лифта."	"Quest Feipsycho.qmm: locations.49.texts.4.text. Preserve every <tag> exactly."	"Quest,Feipsycho"	"- Як можна патрапіць у ліфт? Як выбрацца ўгору?
- Добра, я раскажу, як гэта робіцца. Трэба пастукаць нагой у сьцяну зьлева ад ліфта."
"/quests/Feipsycho.qmm/locations/49/texts/5/text"	"- Как можно попасть в лифт? Как выбраться наверх?
- Хорошо, я расскажу, как это делается. Надо постучать ногой в стену справа от лифта."	"Quest Feipsycho.qmm: locations.49.texts.5.text. Preserve every <tag> exactly."	"Quest,Feipsycho"	"- Як можна патрапіць у ліфт? Як выбрацца ўгору?
- Добра, я раскажу, як гэта робіцца. Трэба пастукаць нагой у сьцяну справа ад ліфта."
"/quests/Feipsycho.qmm/locations/49/texts/6/text"	"- Как можно попасть в лифт? Как выбраться наверх?
- Хорошо, я расскажу, как это делается. Это довольно просто - подходишь к дверям лифта и говоришь ""Сим-сим, откройся!"". Так санитары делают."	"Quest Feipsycho.qmm: locations.49.texts.6.text. Preserve every <tag> exactly."	"Quest,Feipsycho"	"- Як можна патрапіць у ліфт? Як выбрацца ўгору?
- Добра, я раскажу, як гэта робіцца. Гэта даволі проста — падыходзіш да дзьвярэй ліфта і кажаш ""Сэзам, адчыніся!"". Так санітары і робяць."
"/quests/Feipsycho.qmm/locations/49/texts/7/text"	"- Как можно попасть в лифт? Как выбраться наверх?
- Хорошо, я расскажу, как это делается. Для этого придется трижды хлопнуть в ладоши."	"Quest Feipsycho.qmm: locations.49.texts.7.text. Preserve every <tag> exactly."	"Quest,Feipsycho"	"- Як можна патрапіць у ліфт? Як выбрацца ўгору?
- Добра, я раскажу, як гэта робіцца. Для гэтага давядзецца тройчы пляснуць у далоні."
"/quests/Feipsycho.qmm/locations/50/texts/0/text"	"Вы закрыли руками индикаторы движения лифта. Под вашими ладонями вспыхнул красный свет, вы отняли руки и с удовлетворением увидели направленную вниз стрелку, и почти тут же двери лифта открылись. Теперь можно уже и подниматься наверх!"	"Quest Feipsycho.qmm: locations.50.texts.0.text. Preserve every <tag> exactly."	"Quest,Feipsycho"	"Вы закрылі рукамі індыкатары руху ліфта. Пад вашымі далонямі ўспыхнула чырвонае сьвятло, вы аднялі рукі і з задавальненьнем убачылі скіраваную ўніз стрэлку, і амаль адразу дзьверы ліфта адчыніліся. Цяпер можна ўжо і падымацца ўгору!"
"/quests/Feipsycho.qmm/locations/51/texts/0/text"	"Вы подняли руку и трижды постучали по дверям лифта. В ответ что-то наверху загудело, и уже очень скоро вы вошли в лифт."	"Quest Feipsycho.qmm: locations.51.texts.0.text. Preserve every <tag> exactly."	"Quest,Feipsycho"	"Вы паднялі руку і тройчы пастукалі па дзьвярах ліфта. У адказ нешта наверсе загуло, і ўжо вельмі хутка вы ўвайшлі ў ліфт."
"/quests/Feipsycho.qmm/locations/52/texts/0/text"	"Вы схватили руками косяки, закрывающие пространство для дверей, и что было сил потянули их вниз. Наверху что-то щелкнуло, и двери открылись. Вуаля, можно подниматься наверх! Однако, надо отдать должное изобретательности местных инженеров и строителей."	"Quest Feipsycho.qmm: locations.52.texts.0.text. Preserve every <tag> exactly."	"Quest,Feipsycho"	"Вы схапілі рукамі вушакі, што закрываюць прастору для дзьвярэй, і што было сілы пацягнулі іх уніз. Наверсе нешта шчоўкнула, і дзьверы адчыніліся. Вось так, можна падымацца ўгору! Аднак трэба аддаць належнае вынаходлівасьці мясцовых інжынэраў і будаўнікоў."
"/quests/Feipsycho.qmm/locations/53/texts/0/text"	"Вы схватили руками косяки, закрывающие пространство для дверей, и что было сил потянули их вверх. Внизу что-то щелкнуло, и двери открылись. Вуаля, можно подниматься наверх! Однако, надо отдать должное изобретательности местных инженеров и строителей."	"Quest Feipsycho.qmm: locations.53.texts.0.text. Preserve every <tag> exactly."	"Quest,Feipsycho"	"Вы схапілі рукамі вушакі, што закрываюць прастору для дзьвярэй, і што было сілы пацягнулі іх угору. Унізе нешта шчоўкнула, і дзьверы адчыніліся. Вось так, можна падымацца ўгору! Аднак трэба аддаць належнае вынаходлівасьці мясцовых інжынэраў і будаўнікоў."
"/quests/Feipsycho.qmm/locations/54/texts/0/text"	"Вы постучали ногой в стену слева от лифта, и двери открылись. Как все просто. Странно, что больные не бегут отсюда толпами. Видимо, есть что-то там, наверху, что их от этого отговаривает."	"Quest Feipsycho.qmm: locations.54.texts.0.text. Preserve every <tag> exactly."	"Quest,Feipsycho"	"Вы пастукалі нагой у сьцяну зьлева ад ліфта, і дзьверы адчыніліся. Як усё проста. Дзіўна, што хворыя не бягуць адсюль натоўпамі. Відаць, ёсьць нешта там, наверсе, што іх ад гэтага адгаворвае."
"/quests/Feipsycho.qmm/locations/55/texts/0/text"	"Вы постучали ногой в стену справа от лифта, и двери открылись. Как все просто. Странно, что больные не бегут отсюда толпами. Видимо, есть что-то там, наверху, что их от этого отговаривает."	"Quest Feipsycho.qmm: locations.55.texts.0.text. Preserve every <tag> exactly."	"Quest,Feipsycho"	"Вы пастукалі нагой у сьцяну справа ад ліфта, і дзьверы адчыніліся. Як усё проста. Дзіўна, што хворыя не бягуць адсюль натоўпамі. Відаць, ёсьць нешта там, наверсе, што іх ад гэтага адгаворвае."
"/quests/Feipsycho.qmm/locations/56/texts/0/text"	"Вы встали перед дверьми лифта и громко продекламировали: ""Сим-сим, откройся!"", что и произошло. Ну, разве что двери сложно назвать Сим-симом, но в остальном эффект тот же."	"Quest Feipsycho.qmm: locations.56.texts.0.text. Preserve every <tag> exactly."	"Quest,Feipsycho"	"Вы сталі перад дзьвярыма ліфта і голасна прадэклямавалі: ""Сэзам, адчыніся!"", што і адбылося. Ну, хіба што дзьверы складана назваць Сэзамам, але ў астатнім эфэкт той самы."
"/quests/Feipsycho.qmm/locations/57/texts/0/text"	"Вы подошли к лифту и трижды хлопнули в ладоши. Что-то запищало, и двери открылись. Странно. В детстве вы видели человека, который постоянно хлопал в ладоши - он бы отсюда, наверное, запросто выбрался."	"Quest Feipsycho.qmm: locations.57.texts.0.text. Preserve every <tag> exactly."	"Quest,Feipsycho"	"Вы падышлі да ліфта і тройчы пляснулі ў далоні. Нешта запішчала, і дзьверы адчыніліся. Дзіўна. У дзяцінстве вы бачылі чалавека, які ўвесь час пляскаў у далоні — ён бы адсюль, пэўна, лёгка выбраўся."
"/quests/Feipsycho.qmm/locations/58/texts/0/text"	"Вы попытались открыть лифт, но ваши действия не увенчались успехом. Наоборот, вскоре из другого конца коридора прибежали санитары с роботом-охранником, который выстрелил в вас дротиком с черным оперением. Несколько секунд вы еще стояли, покачиваясь и наблюдая странные фиолетовые круги перед глазами, а потом отключились."	"Quest Feipsycho.qmm: locations.58.texts.0.text. Preserve every <tag> exactly."	"Quest,Feipsycho"	"Вы паспрабавалі адчыніць ліфт, але вашы дзеяньні не ўвянчаліся посьпехам. Наадварот, неўзабаве з другога канца калідора прыбеглі санітары з робатам-ахоўнікам, які выстраліў у вас дроцікам з чорным апярэньнем. Некалькі сэкундаў вы яшчэ стаялі, хістаючыся і назіраючы дзіўныя фіялетавыя кругі перад вачыма, а потым адключыліся."
"/quests/Feipsycho.qmm/locations/66/texts/0/text"	"Вы поднялись на лифте на следующий этаж. Коридор здесь был посветлее, да и стены были покрыты белой кафельной плиткой. Вы вышли из лифта и огляделись. На некотором расстоянии от вас коридор перекрыт какой-то стеклянной поверхностью - видимо, дверью.
Пока вы глядели по сторонам, двери лифта позади вас закрылись, и, как вы и предполагали, никакой кнопки вызова лифта не было. Первая пришедшая вам в голову мысль была о том, что эти двери могут открываться не так, как предыдущие, а, следовательно, надо действовать очень осторожно. Может, и здесь можно разузнать что-нибудь от больных, которых поблизости четверо?"	"Quest Feipsycho.qmm: locations.66.texts.0.text. Preserve every <tag> exactly."	"Quest,Feipsycho"	"Вы падняліся на ліфце на наступны паверх. Калідор тут быў сьвятлейшы, ды і сьцены былі пакрытыя белай кафлянай пліткай. Вы выйшлі з ліфта і агледзеліся. На некаторай адлегласьці ад вас калідор перакрыты нейкай шкляной паверхняй — відаць, дзьвярыма.
Пакуль вы глядзелі па баках, дзьверы ліфта ззаду вас зачыніліся, і, як вы і меркавалі, ніякай кнопкі выкліку ліфта не было. Першая думка, што прыйшла вам у галаву, была пра тое, што гэтыя дзьверы могуць адчыняцца не так, як папярэднія, а, такім чынам, трэба дзейнічаць вельмі асьцярожна. Можа, і тут можна даведацца нешта ад хворых, якіх паблізу чацьвёра?"
"/quests/Feipsycho.qmm/locations/66/texts/1/text"	"Коридор здесь посветлее, да и стены покрыты белой кафельной плиткой. На некотором расстоянии от вас коридор перекрыт какой-то стеклянной поверхностью - видимо, дверью. Дверей же в камеры больных всего четыре."	"Quest Feipsycho.qmm: locations.66.texts.1.text. Preserve every <tag> exactly."	"Quest,Feipsycho"	"Калідор тут сьвятлейшы, ды і сьцены пакрытыя белай кафлянай пліткай. На некаторай адлегласьці ад вас калідор перакрыты нейкай шкляной паверхняй — відаць, дзьвярыма. Дзьвярэй жа ў камэры хворых усяго чатыры."
"/quests/Feipsycho.qmm/locations/67/texts/0/text"	"Вы подошли к первой двери. Рядом с ней на стене висит табличка с описанием больного, который находится за этой дверью.

""Паци-Наци, староста маленькой пеленгской деревни. Наблюдается разделение на две основные субличности: одна борется за мир во всем мире, другая отстаивает идею освобождения пеленгов от гаальцев"".

В шахте лифта постоянно раздается какое-то странное гудение и жужжание, заставляя вас вздрагивать. Не очень бы хотелось попасться в стальные лапы роботов-санитаров, поэтому надо войти внутрь палаты и узнать о лифте во что бы то ни стало."	"Quest Feipsycho.qmm: locations.67.texts.0.text. Preserve every <tag> exactly."	"Quest,Feipsycho"	"Вы падышлі да першых дзьвярэй. Побач зь імі на сьцяне вісіць таблічка з апісаньнем хворага, які знаходзіцца за гэтымі дзьвярыма.

""Пацы-Нацы, стараста маленькай пеленгскай вёскі. Назіраецца падзел на дзьве асноўныя асобы: адна змагаецца за мір ва ўсім сьвеце, другая адстойвае ідэю вызваленьня пеленгаў ад гаальцаў"".

У шахце ліфта ўвесь час чуваць нейкае дзіўнае гудзеньне і бзыканьне, і вы мімаволі ўздрыгваеце. Зусім не хацелася б трапіць у стальныя лапы робатаў-санітараў, таму трэба ўвайсьці ў сярэдзіну палаты і даведацца пра ліфт ва што б там ні стала."
"/quests/Feipsycho.qmm/locations/67/texts/1/text"	"Вы подошли к первой двери. Рядом с ней на стене висит табличка с описанием больного, который находится за этой дверью.

""А-Батч, человек, сумасшедший инфернетчик, помешан на изменении языковых норм"".

В шахте лифта постоянно раздается какое-то странное гудение и жужжание, заставляя вас вздрагивать. Не очень бы хотелось попасться в стальные лапы роботов-санитаров, поэтому надо войти внутрь палаты и узнать о лифте во что бы то ни стало."	"Quest Feipsycho.qmm: locations.67.texts.1.text. Preserve every <tag> exactly."	"Quest,Feipsycho"	"Вы падышлі да першых дзьвярэй. Побач зь імі на сьцяне вісіць таблічка з апісаньнем хворага, які знаходзіцца за гэтымі дзьвярыма.

""А-Батч, чалавек, вар'яцкі інфэрнэтнік, звар'яцеў на зьмене моўных нормаў"".

У шахце ліфта ўвесь час чуваць нейкае дзіўнае гудзеньне і бзыканьне, і вы мімаволі ўздрыгваеце. Зусім не хацелася б трапіць у стальныя лапы робатаў-санітараў, таму трэба ўвайсьці ў сярэдзіну палаты і даведацца пра ліфт ва што б там ні стала."
"/quests/Feipsycho.qmm/locations/67/texts/2/text"	"Вы подошли к первой двери. Рядом с ней на стене висит табличка с описанием больного, который находится за этой дверью.

""Болф-Ан, фэянин, подвержен пагубному влиянию азартных игр"".

В шахте лифта постоянно раздается какое-то странное гудение и жужжание, заставляя вас вздрагивать. Не очень бы хотелось попасться в стальные лапы роботов-санитаров, поэтому надо войти внутрь палаты и узнать о лифте во что бы то ни стало."	"Quest Feipsycho.qmm: locations.67.texts.2.text. Preserve every <tag> exactly."	"Quest,Feipsycho"	"Вы падышлі да першых дзьвярэй. Побач зь імі на сьцяне вісіць таблічка з апісаньнем хворага, які знаходзіцца за гэтымі дзьвярыма.

""Болф-Ан, фэянін, схільны да згубнага ўплыву азартных гульняў"".

У шахце ліфта ўвесь час чуваць нейкае дзіўнае гудзеньне і бзыканьне, і вы мімаволі ўздрыгваеце. Зусім не хацелася б трапіць у стальныя лапы робатаў-санітараў, таму трэба ўвайсьці ў сярэдзіну палаты і даведацца пра ліфт ва што б там ні стала."
"/quests/Feipsycho.qmm/locations/67/texts/3/text"	"Вы подошли к первой двери. Рядом с ней на стене висит табличка с описанием больного, который находится за этой дверью.

""Гдабо-бан, малок, помешан на писательской деятельности. Не рекомендуется критиковать его творчество"".

В шахте лифта постоянно раздается какое-то странное гудение и жужжание, заставляя вас вздрагивать. Не очень бы хотелось попасться в стальные лапы роботов-санитаров, поэтому надо войти внутрь палаты и узнать о лифте во что бы то ни стало."	"Quest Feipsycho.qmm: locations.67.texts.3.text. Preserve every <tag> exactly."	"Quest,Feipsycho"	"Вы падышлі да першых дзьвярэй. Побач зь імі на сьцяне вісіць таблічка з апісаньнем хворага, які знаходзіцца за гэтымі дзьвярыма.

""Гдабо-бан, малок, звар'яцеў на пісьменьніцкай дзейнасьці. Не рэкамэндуецца крытыкаваць яго творчасьць"".

У шахце ліфта ўвесь час чуваць нейкае дзіўнае гудзеньне і бзыканьне, і вы мімаволі ўздрыгваеце. Зусім не хацелася б трапіць у стальныя лапы робатаў-санітараў, таму трэба ўвайсьці ў сярэдзіну палаты і даведацца пра ліфт ва што б там ні стала."
"/quests/Feipsycho.qmm/locations/68/texts/0/text"	"Вы подошли ко второй двери. Рядом с ней на стене висит табличка с описанием больного, который находится за этой дверью.

""Паци-Наци, староста маленькой пеленгской деревни. Наблюдается разделение на две основные субличности: одна борется за мир во всем мире, другая отстаивает идею освобождения пеленгов от гаальцев"".

В шахте лифта постоянно раздается какое-то странное гудение и жужжание, заставляя вас вздрагивать. Не очень бы хотелось попасться в стальные лапы роботов-санитаров, поэтому надо войти внутрь палаты и узнать о лифте во что бы то ни стало."	"Quest Feipsycho.qmm: locations.68.texts.0.text. Preserve every <tag> exactly."	"Quest,Feipsycho"	"Вы падышлі да другіх дзьвярэй. Побач зь імі на сьцяне вісіць таблічка з апісаньнем хворага, які знаходзіцца за гэтымі дзьвярыма.

""Пацы-Нацы, стараста маленькай пеленгскай вёскі. Назіраецца падзел на дзьве асноўныя асобы: адна змагаецца за мір ва ўсім сьвеце, другая адстойвае ідэю вызваленьня пеленгаў ад гаальцаў"".

У шахце ліфта ўвесь час чуваць нейкае дзіўнае гудзеньне і бзыканьне, і вы мімаволі ўздрыгваеце. Зусім не хацелася б трапіць у стальныя лапы робатаў-санітараў, таму трэба ўвайсьці ў сярэдзіну палаты і даведацца пра ліфт ва што б там ні стала."
"/quests/Feipsycho.qmm/locations/68/texts/1/text"	"Вы подошли ко второй двери. Рядом с ней на стене висит табличка с описанием больного, который находится за этой дверью.

""А-Батч, человек, сумасшедший инфернетчик, помешан на изменении языковых норм"".

В шахте лифта постоянно раздается какое-то странное гудение и жужжание, заставляя вас вздрагивать. Не очень бы хотелось попасться в стальные лапы роботов-санитаров, поэтому надо войти внутрь палаты и узнать о лифте во что бы то ни стало."	"Quest Feipsycho.qmm: locations.68.texts.1.text. Preserve every <tag> exactly."	"Quest,Feipsycho"	"Вы падышлі да другіх дзьвярэй. Побач зь імі на сьцяне вісіць таблічка з апісаньнем хворага, які знаходзіцца за гэтымі дзьвярыма.

""А-Батч, чалавек, вар'яцкі інфэрнэтнік, звар'яцеў на зьмене моўных нормаў"".

У шахце ліфта ўвесь час чуваць нейкае дзіўнае гудзеньне і бзыканьне, і вы мімаволі ўздрыгваеце. Зусім не хацелася б трапіць у стальныя лапы робатаў-санітараў, таму трэба ўвайсьці ў сярэдзіну палаты і даведацца пра ліфт ва што б там ні стала."
"/quests/Feipsycho.qmm/locations/68/texts/2/text"	"Вы подошли ко второй двери. Рядом с ней на стене висит табличка с описанием больного, который находится за этой дверью.

""Болф-Ан, фэянин, подвержен пагубному влиянию азартных игр"".

В шахте лифта постоянно раздается какое-то странное гудение и жужжание, заставляя вас вздрагивать. Не очень бы хотелось попасться в стальные лапы роботов-санитаров, поэтому надо войти внутрь палаты и узнать о лифте во что бы то ни стало."	"Quest Feipsycho.qmm: locations.68.texts.2.text. Preserve every <tag> exactly."	"Quest,Feipsycho"	"Вы падышлі да другіх дзьвярэй. Побач зь імі на сьцяне вісіць таблічка з апісаньнем хворага, які знаходзіцца за гэтымі дзьвярыма.

""Болф-Ан, фэянін, схільны да згубнага ўплыву азартных гульняў"".

У шахце ліфта ўвесь час чуваць нейкае дзіўнае гудзеньне і бзыканьне, і вы мімаволі ўздрыгваеце. Зусім не хацелася б трапіць у стальныя лапы робатаў-санітараў, таму трэба ўвайсьці ў сярэдзіну палаты і даведацца пра ліфт ва што б там ні стала."
"/quests/Feipsycho.qmm/locations/68/texts/3/text"	"Вы подошли ко второй двери. Рядом с ней на стене висит табличка с описанием больного, который находится за этой дверью.

""Гдабо-бан, малок, помешан на писательской деятельности. Не рекомендуется критиковать его творчество"".

В шахте лифта постоянно раздается какое-то странное гудение и жужжание, заставляя вас вздрагивать. Не очень бы хотелось попасться в стальные лапы роботов-санитаров, поэтому надо войти внутрь палаты и узнать о лифте во что бы то ни стало."	"Quest Feipsycho.qmm: locations.68.texts.3.text. Preserve every <tag> exactly."	"Quest,Feipsycho"	"Вы падышлі да другіх дзьвярэй. Побач зь імі на сьцяне вісіць таблічка з апісаньнем хворага, які знаходзіцца за гэтымі дзьвярыма.

""Гдабо-бан, малок, звар'яцеў на пісьменьніцкай дзейнасьці. Не рэкамэндуецца крытыкаваць яго творчасьць"".

У шахце ліфта ўвесь час чуваць нейкае дзіўнае гудзеньне і бзыканьне, і вы мімаволі ўздрыгваеце. Зусім не хацелася б трапіць у стальныя лапы робатаў-санітараў, таму трэба ўвайсьці ў сярэдзіну палаты і даведацца пра ліфт ва што б там ні стала."
"/quests/Feipsycho.qmm/locations/69/texts/0/text"	"Вы подошли к третьей двери. Рядом с ней на стене висит табличка с описанием больного, который находится за этой дверью.

""Паци-Наци, староста маленькой пеленгской деревни. Наблюдается разделение на две основные субличности: одна борется за мир во всем мире, другая отстаивает идею освобождения пеленгов от гаальцев"".

В шахте лифта постоянно раздается какое-то странное гудение и жужжание, заставляя вас вздрагивать. Не очень бы хотелось попасться в стальные лапы роботов-санитаров, поэтому надо войти внутрь палаты и узнать о лифте во что бы то ни стало."	"Quest Feipsycho.qmm: locations.69.texts.0.text. Preserve every <tag> exactly."	"Quest,Feipsycho"	"Вы падышлі да трэціх дзьвярэй. Побач зь імі на сьцяне вісіць таблічка з апісаньнем хворага, які знаходзіцца за гэтымі дзьвярыма.

""Пацы-Нацы, стараста маленькай пеленгскай вёскі. Назіраецца падзел на дзьве асноўныя асобы: адна змагаецца за мір ва ўсім сьвеце, другая адстойвае ідэю вызваленьня пеленгаў ад гаальцаў"".

У шахце ліфта ўвесь час чуваць нейкае дзіўнае гудзеньне і бзыканьне, і вы мімаволі ўздрыгваеце. Зусім не хацелася б трапіць у стальныя лапы робатаў-санітараў, таму трэба ўвайсьці ў сярэдзіну палаты і даведацца пра ліфт ва што б там ні стала."
"/quests/Feipsycho.qmm/locations/69/texts/1/text"	"Вы подошли к третьей двери. Рядом с ней на стене висит табличка с описанием больного, который находится за этой дверью.

""А-Батч, человек, сумасшедший инфернетчик, помешан на изменении языковых норм"".

В шахте лифта постоянно раздается какое-то странное гудение и жужжание, заставляя вас вздрагивать. Не очень бы хотелось попасться в стальные лапы роботов-санитаров, поэтому надо войти внутрь палаты и узнать о лифте во что бы то ни стало."	"Quest Feipsycho.qmm: locations.69.texts.1.text. Preserve every <tag> exactly."	"Quest,Feipsycho"	"Вы падышлі да трэціх дзьвярэй. Побач зь імі на сьцяне вісіць таблічка з апісаньнем хворага, які знаходзіцца за гэтымі дзьвярыма.

""А-Батч, чалавек, вар'яцкі інфэрнэтнік, звар'яцеў на зьмене моўных нормаў"".

У шахце ліфта ўвесь час чуваць нейкае дзіўнае гудзеньне і бзыканьне, і вы мімаволі ўздрыгваеце. Зусім не хацелася б трапіць у стальныя лапы робатаў-санітараў, таму трэба ўвайсьці ў сярэдзіну палаты і даведацца пра ліфт ва што б там ні стала."
"/quests/Feipsycho.qmm/locations/69/texts/2/text"	"Вы подошли к третьей двери. Рядом с ней на стене висит табличка с описанием больного, который находится за этой дверью.

""Болф-Ан, фэянин, подвержен пагубному влиянию азартных игр"".

В шахте лифта постоянно раздается какое-то странное гудение и жужжание, заставляя вас вздрагивать. Не очень бы хотелось попасться в стальные лапы роботов-санитаров, поэтому надо войти внутрь палаты и узнать о лифте во что бы то ни стало."	"Quest Feipsycho.qmm: locations.69.texts.2.text. Preserve every <tag> exactly."	"Quest,Feipsycho"	"Вы падышлі да трэціх дзьвярэй. Побач зь імі на сьцяне вісіць таблічка з апісаньнем хворага, які знаходзіцца за гэтымі дзьвярыма.

""Болф-Ан, фэянін, схільны да згубнага ўплыву азартных гульняў"".

У шахце ліфта ўвесь час чуваць нейкае дзіўнае гудзеньне і бзыканьне, і вы мімаволі ўздрыгваеце. Зусім не хацелася б трапіць у стальныя лапы робатаў-санітараў, таму трэба ўвайсьці ў сярэдзіну палаты і даведацца пра ліфт ва што б там ні стала."
"/quests/Feipsycho.qmm/locations/69/texts/3/text"	"Вы подошли к третьей двери. Рядом с ней на стене висит табличка с описанием больного, который находится за этой дверью.

""Гдабо-бан, малок, помешан на писательской деятельности. Не рекомендуется критиковать его творчество"".

В шахте лифта постоянно раздается какое-то странное гудение и жужжание, заставляя вас вздрагивать. Не очень бы хотелось попасться в стальные лапы роботов-санитаров, поэтому надо войти внутрь палаты и узнать о лифте во что бы то ни стало."	"Quest Feipsycho.qmm: locations.69.texts.3.text. Preserve every <tag> exactly."	"Quest,Feipsycho"	"Вы падышлі да трэціх дзьвярэй. Побач зь імі на сьцяне вісіць таблічка з апісаньнем хворага, які знаходзіцца за гэтымі дзьвярыма.

""Гдабо-бан, малок, звар'яцеў на пісьменьніцкай дзейнасьці. Не рэкамэндуецца крытыкаваць яго творчасьць"".

У шахце ліфта ўвесь час чуваць нейкае дзіўнае гудзеньне і бзыканьне, і вы мімаволі ўздрыгваеце. Зусім не хацелася б трапіць у стальныя лапы робатаў-санітараў, таму трэба ўвайсьці ў сярэдзіну палаты і даведацца пра ліфт ва што б там ні стала."
"/quests/Feipsycho.qmm/locations/70/texts/0/text"	"Вы подошли к четвертой двери. Рядом с ней на стене висит табличка с описанием больного, который находится за этой дверью.

""Паци-Наци, староста маленькой пеленгской деревни. Наблюдается разделение на две основные субличности: одна борется за мир во всем мире, другая отстаивает идею освобождения пеленгов от гаальцев"".

В шахте лифта постоянно раздается какое-то странное гудение и жужжание, заставляя вас вздрагивать. Не очень бы хотелось попасться в стальные лапы роботов-санитаров, поэтому надо войти внутрь палаты и узнать о лифте во что бы то ни стало."	"Quest Feipsycho.qmm: locations.70.texts.0.text. Preserve every <tag> exactly."	"Quest,Feipsycho"	"Вы падышлі да чацьвёртых дзьвярэй. Побач зь імі на сьцяне вісіць таблічка з апісаньнем хворага, які знаходзіцца за гэтымі дзьвярыма.

""Пацы-Нацы, стараста маленькай пеленгскай вёскі. Назіраецца падзел на дзьве асноўныя асобы: адна змагаецца за мір ва ўсім сьвеце, другая адстойвае ідэю вызваленьня пеленгаў ад гаальцаў"".

У шахце ліфта ўвесь час чуваць нейкае дзіўнае гудзеньне і бзыканьне, і вы мімаволі ўздрыгваеце. Зусім не хацелася б трапіць у стальныя лапы робатаў-санітараў, таму трэба ўвайсьці ў сярэдзіну палаты і даведацца пра ліфт ва што б там ні стала."
"/quests/Feipsycho.qmm/locations/70/texts/1/text"	"Вы подошли к четвертой двери. Рядом с ней на стене висит табличка с описанием больного, который находится за этой дверью.

""А-Батч, человек, сумасшедший инфернетчик, помешан на изменении языковых норм"".

В шахте лифта постоянно раздается какое-то странное гудение и жужжание, заставляя вас вздрагивать. Не очень бы хотелось попасться в стальные лапы роботов-санитаров, поэтому надо войти внутрь палаты и узнать о лифте во что бы то ни стало."	"Quest Feipsycho.qmm: locations.70.texts.1.text. Preserve every <tag> exactly."	"Quest,Feipsycho"	"Вы падышлі да чацьвёртых дзьвярэй. Побач зь імі на сьцяне вісіць таблічка з апісаньнем хворага, які знаходзіцца за гэтымі дзьвярыма.

""А-Батч, чалавек, вар'яцкі інфэрнэтнік, звар'яцеў на зьмене моўных нормаў"".

У шахце ліфта ўвесь час чуваць нейкае дзіўнае гудзеньне і бзыканьне, і вы мімаволі ўздрыгваеце. Зусім не хацелася б трапіць у стальныя лапы робатаў-санітараў, таму трэба ўвайсьці ў сярэдзіну палаты і даведацца пра ліфт ва што б там ні стала."
"/quests/Feipsycho.qmm/locations/70/texts/2/text"	"Вы подошли к четвертой двери. Рядом с ней на стене висит табличка с описанием больного, который находится за этой дверью.

""Болф-Ан, фэянин, подвержен пагубному влиянию азартных игр"".

В шахте лифта постоянно раздается какое-то странное гудение и жужжание, заставляя вас вздрагивать. Не очень бы хотелось попасться в стальные лапы роботов-санитаров, поэтому надо войти внутрь палаты и узнать о лифте во что бы то ни стало."	"Quest Feipsycho.qmm: locations.70.texts.2.text. Preserve every <tag> exactly."	"Quest,Feipsycho"	"Вы падышлі да чацьвёртых дзьвярэй. Побач зь імі на сьцяне вісіць таблічка з апісаньнем хворага, які знаходзіцца за гэтымі дзьвярыма.

""Болф-Ан, фэянін, схільны да згубнага ўплыву азартных гульняў"".

У шахце ліфта ўвесь час чуваць нейкае дзіўнае гудзеньне і бзыканьне, і вы мімаволі ўздрыгваеце. Зусім не хацелася б трапіць у стальныя лапы робатаў-санітараў, таму трэба ўвайсьці ў сярэдзіну палаты і даведацца пра ліфт ва што б там ні стала."
"/quests/Feipsycho.qmm/locations/70/texts/3/text"	"Вы подошли к четвертой двери. Рядом с ней на стене висит табличка с описанием больного, который находится за этой дверью.

""Гдабо-бан, малок, помешан на писательской деятельности. Не рекомендуется критиковать его творчество"".

В шахте лифта постоянно раздается какое-то странное гудение и жужжание, заставляя вас вздрагивать. Не очень бы хотелось попасться в стальные лапы роботов-санитаров, поэтому надо войти внутрь палаты и узнать о лифте во что бы то ни стало."	"Quest Feipsycho.qmm: locations.70.texts.3.text. Preserve every <tag> exactly."	"Quest,Feipsycho"	"Вы падышлі да чацьвёртых дзьвярэй. Побач зь імі на сьцяне вісіць таблічка з апісаньнем хворага, які знаходзіцца за гэтымі дзьвярыма.

""Гдабо-бан, малок, звар'яцеў на пісьменьніцкай дзейнасьці. Не рэкамэндуецца крытыкаваць яго творчасьць"".

У шахце ліфта ўвесь час чуваць нейкае дзіўнае гудзеньне і бзыканьне, і вы мімаволі ўздрыгваеце. Зусім не хацелася б трапіць у стальныя лапы робатаў-санітараў, таму трэба ўвайсьці ў сярэдзіну палаты і даведацца пра ліфт ва што б там ні стала."
"/quests/Feipsycho.qmm/locations/71/texts/0/text"	"Вы повернули ручку и вошли внутрь. В комнате находился пеленг, по всем признакам являющийся умалишенным. Взять хотя бы то, что он словно играл в театре одного актера сразу две роли, герои которых ожесточенно друг с другом спорили. И вот, когда он чуть ли уже не стал драться с самим собой (хотя вам и было интересно на это поглядеть), вы прервали его окликом. Он остановился в неестественной позе, протянул в вашу сторону голову на длинной шее и прогнусавил:
 - Ну-с? С чем-с пожаловали-с? По всему видать, не могут эти проклату-у-ущие умники нас-с-с в покое ос-с-ставить, да. И сами-с не приходят, да-с, не приходят-с, совсем не приходят-с. Посылают вс-с-сяческих тут вот, что нас-с так-с да и эдак-с, да...
 Внезапно он выпучил глаза, словно испугался, отскочил к кровати и, сгорбившись, продолжил уже совсем другим, тихим и ровным голосом:
 - Приветики-приветики, не хотите ли кофейку-с или... Ой, простите-простите, издержки профессии-с, - тут он снова стал глядеть на вас исподлобья, при этом странно выгнувшись, - не ожидали-с мы такого, да. Да. Да-а-ас. Пришел тут этакий-с... Чего надобно? Зачем ты сюда при... - и пеленг снова стал тихим и застенчивым, - пришли, как можно видеть, не в очень добрый час, - пеленг снова затрясся, теперь его меняло каждые несколько секунд, - да-с, но мы-то отсюда изволим выйти, если понадобитс-с-ся, о да, и прес-с-скверненько будет хорошо на свежем воздухе, когда засядем в наше гнилое болотце-с...
 Вы уже перестали понимать, о чем эти двое говорят. Не пора ли прекратить эту дискуссию? Кажется способ один - вырубить одного из них. Только кого?"	"Quest Feipsycho.qmm: locations.71.texts.0.text. Preserve every <tag> exactly."	"Quest,Feipsycho"	""
"/quests/Feipsycho.qmm/locations/72/texts/0/text"	"Вы размахнулись и со всей дури врезали пакостному пеленгу по башке. Впрочем, как очень быстро выяснилось, промазали - на пол упал уже доброжелательный староста маленькой пеленгской деревушки. А вот пакостный куда-то пропал."	"Quest Feipsycho.qmm: locations.72.texts.0.text. Preserve every <tag> exactly."	"Quest,Feipsycho"	"Вы замахнуліся і з усёй дуры ўрэзалі паскуднаму пеленгу па галаве. Зрэшты, як вельмі хутка выявілася, прамахнуліся — на падлогу ўпаў ужо прыязны стараста маленькай пеленгскай вёсачкі. А вось паскудны кудысьці зьнік."
"/quests/Feipsycho.qmm/locations/73/texts/0/text"	"Вы размахнулись и со всей дури врезали слащавому пеленгу по башке. Однако, как уже очень скоро выяснилось, вы вырубили пеленга классического - а вот слащавый куда-то смылся."	"Quest Feipsycho.qmm: locations.73.texts.0.text. Preserve every <tag> exactly."	"Quest,Feipsycho"	"Вы замахнуліся і з усёй дуры ўрэзалі саладжаваму пеленгу па галаве. Аднак, як ужо вельмі хутка выявілася, вы вырубілі пеленга клясычнага — а вось саладжавы кудысьці змыўся."
"/quests/Feipsycho.qmm/locations/74/texts/0/text"	"Вы размахнулись и врезали одним чрезвычайно ловким ударом сразу обоим пеленгам. Однако, так как на самом деле пеленг был один, то каждой из его половинок достался не слишком сильный удар, поэтому, хотя они и вырубились, сам пеленг только упал на пол. Он помотал головой и удивленно спросил:
- Где это я? А где фэянские врачи, которых я вызывал для профилактики? Ой, что это со мной?
- Как выбраться наверх? Как открыть лифт?
- Лифт? Это такой большой, в банке есть. Так ведь это, кнопочка.
- Здешний лифт, вас возить на нем лечили.
- Ой! А, да, припоминаю что-то такое. Кажется... Так о чем бишь мы говорили? Что-то я немножко того, этого... Того!"	"Quest Feipsycho.qmm: locations.74.texts.0.text. Preserve every <tag> exactly."	"Quest,Feipsycho"	"Вы замахнуліся і ўрэзалі адным надзвычай спрытным ударам адразу абодвум пеленгам. Аднак, паколькі насамрэч пеленг быў адзін, то кожнай зь яго палавінак дастаўся не занадта моцны ўдар, таму, хоць яны і адключыліся, сам пеленг толькі ўпаў на падлогу. Ён пакруціў галавой і зьдзіўлена спытаў:
- Дзе гэта я? А дзе фэянскія лекары, якіх я выклікаў для прафіляктыкі? Ой, што гэта са мной?
- Як выбрацца ўгору? Як адчыніць ліфт?
- Ліфт? Гэта такі вялікі, у банку ёсьць. Дык гэта ж, кнопачка.
- Тутэйшы ліфт, вас вазіць на ім лячылі.
- Ой! А, так, прыгадваю нешта такое. Здаецца... Дык пра што мы казалі? Нешта я трохі таго, гэтага... Таго!"
"/quests/Feipsycho.qmm/locations/75/texts/0/text"	"Вы повернули ручку и вошли внутрь. На кровати сидел радостного вида молодой человек. Увидев вас, он сразу же бросил вам странное приветствие:
- Буднем рад не спотыкаться! Здраве будь и не пыхти.
Наверное, это что-нибудь означает. Как бы ему ответить?"	"Quest Feipsycho.qmm: locations.75.texts.0.text. Preserve every <tag> exactly."	"Quest,Feipsycho"	"Вы павярнулі клямку і ўвайшлі ў сярэдзіну. На ложку сядзеў радаснага выгляду малады чалавек. Убачыўшы вас, ён адразу кінуў вам дзіўнае прывітаньне:
- Буднем рад не спатыкацца! Здароў будзь і не пыхці.
Пэўна, гэта нешта азначае. Як бы яму адказаць?"
"/quests/Feipsycho.qmm/locations/76/texts/0/text"	"- Биореактор? Это который ""Gazenwagen2128506""? Как же, как же, видели мы и такой. Только нам туда не надо. Мы хорошие. А вам, любезный - вполне сойдет!
- Э, нет, спасибо, мы как-нибудь так..."	"Quest Feipsycho.qmm: locations.76.texts.0.text. Preserve every <tag> exactly."	"Quest,Feipsycho"	"- Біярэактар? Гэта які ""Gazenwagen2128506""? Яшчэ б, яшчэ б, бачылі мы і такі. Толькі нам туды не трэба. Мы добрыя. А вам, ласкавы — цалкам сыдзе!
- Э, не, дзякуй, мы ўжо неяк так..."
"/quests/Feipsycho.qmm/locations/77/texts/0/text"	"- Кисок, куку, буде ты откедыва? - инфернетчик засмеялся и добавил: - Двигай отседыва куда-нить, да поживее. Пока санитаров не вызвал."	"Quest Feipsycho.qmm: locations.77.texts.0.text. Preserve every <tag> exactly."	"Quest,Feipsycho"	"- Кіса, куку, будзе ты адкуль? — інфэрнэтнік засьмяяўся і дадаў: — Рухай адсюль куды-небудзь, ды жвавей. Пакуль санітараў не выклікаў."
"/quests/Feipsycho.qmm/locations/78/texts/0/text"	"- Славне живче, швытче хавать. Наш человек, глядать-видать. Чего надобно?"	"Quest Feipsycho.qmm: locations.78.texts.0.text. Preserve every <tag> exactly."	"Quest,Feipsycho"	"- Слаўна жывей, хутчэй жэрці. Наш чалавек, глядзець-бачыць. Чаго трэба?"
"/quests/Feipsycho.qmm/locations/79/texts/0/text"	"Вы повернули ручку и вошли внутрь. Посреди комнаты стоял фэянин с картами в руках. Периодически он перетасовывал колоду и мечтательно оглядывал стены, словно в надежде увидеть кого-нибудь. Когда он повернулся к вам, то весь расцвел в улыбке.
- О, друг, а видел ли ты карточные загадки в моем исполнении? Нет? Тогда не желаешь ли увидеть?
- Ну, в общем-то...
- Уж я-то знаю, что хочешь! - фокусник подскочил к полочке у стены, вы проследовали за ним, и он продолжил: - Смотри. Жил-был король, - под эти слова на полку легла соответствующая карта, - и было у него много слуг, но самыми любимыми были его второй личный слуга и лучший придворный шут, - он положил под Королем Двойку и Джокера, - и жил в том королевстве один настоящий разбойник, и было у него три помощника, - фэянин сделал шаг назад и положил сбоку от Короля Туза, а под ним три Шестерки. И не в ладу были друг с другом Король и Разбойник. И хотел Король стать сильнее со своей свитой. Так кем должен притвориться Шут, чтобы Король стал чуточку сильнее Разбойника?"	"Quest Feipsycho.qmm: locations.79.texts.0.text. Preserve every <tag> exactly. English reference: Вы повернули ручку и вошли внутрь. Посреди комнаты стоял фэянин с картами в руках. Периодически он перетасовывал колоду и мечтательно оглядывал стены, словно в надежде увидеть кого-нибудь. Когда он повернулся к вам, то весь расцвел в улыбке.
- О, друг, а видел ли ты карточные загадки в моем исполнении? Нет? Тогда не желаешь ли увидеть?
- Ну, в общем-то...
- Уж я-то знаю, что хочешь! - фокусник подскочил к полочке у стены, вы проследовали за ним, и он продолжил: - Смотри. Жил-был король, - под эти слова на полку легла соответствующая карта, - и было у него много слуг, но самыми любимыми были его второй личный слуга и лучший придворный шут, - он положил по Королем Двойку и Джокера, - и жил в том королевстве один настоящий разбойник, и было у него три помощника, - фэянин сделал шаг назад и положил сбоку от Короля Туза, а под ним три Шестерки. И не в ладу были друг с другом Король и Разбойник. И хотел Король стать сильнее со своей свитой. Так кем должен притвориться Шут, чтобы Король стал чуточку сильнее Разбойника?"	"Quest,Feipsycho"	""
"/quests/Feipsycho.qmm/locations/80/texts/0/text"	"- Да нет же! Король бы не допустил такого! А, впрочем, что с вас взять, если вы даже внимательно не можете посмотреть на загадку! - фэянин насупился и уселся в углу. Теперь из него точно ничего не вытянешь."	"Quest Feipsycho.qmm: locations.80.texts.0.text. Preserve every <tag> exactly."	"Quest,Feipsycho"	"- Ды не! Кароль бы не дапусьціў такога! А, зрэшты, што з вас узяць, калі вы нават уважліва не можаце паглядзець на загадку! — фэянін нахмурыўся і сеў у куце. Цяпер зь яго дакладна нічога не выцягнеш."
"/quests/Feipsycho.qmm/locations/81/texts/0/text"	"- Джокер должен притвориться Джокером, какая глубокая идея! - фэянин помахал у вас перед носом колодой и, насупившись, добавил: - Ну, если вы не хотите меня слушать - идите вон."	"Quest Feipsycho.qmm: locations.81.texts.0.text. Preserve every <tag> exactly."	"Quest,Feipsycho"	"- Джокер павінен прыкінуцца Джокерам, якая глыбокая ідэя! — фэянін памахаў у вас перад носам калодай і, нахмурыўшыся, дадаў: — Ну, калі вы не хочаце мяне слухаць — ідзіце вонкі."
"/quests/Feipsycho.qmm/locations/82/texts/0/text"	"- Четверка! - попробовали ответить вы, но фэянину ваш ответ не понравился, он в ответ лишь презрительно ухмыльнулся, покрутил пальцем у виска и указал на дверь."	"Quest Feipsycho.qmm: locations.82.texts.0.text. Preserve every <tag> exactly."	"Quest,Feipsycho"	"- Чацьвёрка! — паспрабавалі адказаць вы, але фэяніну ваш адказ не спадабаўся, ён у адказ толькі пагардліва ўсьміхнуўся, пакруціў пальцам каля скроні і паказаў на дзьверы."
"/quests/Feipsycho.qmm/locations/83/texts/0/text"	"- Верно! Точно! Ведь Разбойник со своими подручными был силен как 3*6+1=19, а Королю, чтобы быть сильнее, надо было быть сильным как 13+2+Шут=20, то есть Джокер должен был притвориться Пятеркой. Умен, однако! Что-нибудь еще хочешь узнать?"	"Quest Feipsycho.qmm: locations.83.texts.0.text. Preserve every <tag> exactly."	"Quest,Feipsycho"	"- Верна! Дакладна! Бо Разбойнік са сваімі падручнымі быў дужы як 3*6+1=19, а Каралю, каб быць мацнейшым, трэба было быць дужым як 13+2+Джокер=20, гэта значыць Джокер павінен быў прыкінуцца Пяцёркай. Разумны, аднак! Хочаш даведацца яшчэ што-небудзь?"
"/quests/Feipsycho.qmm/locations/84/texts/0/text"	"Вы повернули ручку и вошли внутрь. В комнате здоровенный малок выцарапывал когтем на стене какой-то текст. Кажется, он вас не заметил.
Вы осторожно прошли несколько шагов и стали читать им написанное:

""Когда книга была написана, отвратительным оставалось то, что никак не удавалось подобрать удачное название для нее. Я бился над этим несколько лет, извел тонны бумаги в надежде найти то единственное и неповторимое, которые стало бы достойным заголовком. Однако меня упекли сюда, за решетку, называют это клиникой, но я-то знаю, что они просто хотят погубить мой талант! Вот я и пишу эти строки в надежде, что кто-нибудь сможет мне в этом помочь"".

Читать дальше вы не стали - суть была ясна. Может, стоит предложить ему какое-нибудь названьице?"	"Quest Feipsycho.qmm: locations.84.texts.0.text. Preserve every <tag> exactly."	"Quest,Feipsycho"	"Вы павярнулі клямку і ўвайшлі ў сярэдзіну. У пакоі здаравенны малок выдрапаў кіпцюром на сьцяне нейкі тэкст. Здаецца, ён вас не заўважыў.
Вы асьцярожна прайшлі некалькі крокаў і сталі чытаць ім напісанае:

""Калі кніга была напісаная, агідным заставалася тое, што ніяк не ўдавалася падабраць удалую назву для яе. Я біўся над гэтым некалькі гадоў, зьвёў тоны паперы ў надзеі знайсьці тое адзінае і непаўторнае, якое стала б годным загалоўкам. Аднак мяне затачылі сюды, за краты, называюць гэта клінікай, але я ж ведаю, што яны проста хочуць загубіць мой талент! Вось я і пішу гэтыя радкі ў надзеі, што хто-небудзь зможа мне ў гэтым дапамагчы"".

Чытаць далей вы не сталі — сутнасьць была ясная. Можа, варта прапанаваць яму нейкую назву?"
"/quests/Feipsycho.qmm/locations/85/texts/0/text"	"- ""Книга Гдабо-бана"", по-моему, отличное название. Наиболее точно описывает суть, - сказали вы на всю камеру за спиной у малока. Тот, словно ничуть не удивленный вашим присутствием, ответил, не оборачиваясь:
- Нет-нет, оно слишком явно говорит о моем таланте. Не стоит."	"Quest Feipsycho.qmm: locations.85.texts.0.text. Preserve every <tag> exactly."	"Quest,Feipsycho"	"- ""Кніга Гдабо-бана"", па-мойму, выдатная назва. Дакладней за ўсё апісвае сутнасьць, — сказалі вы на ўсю камэру за сьпінай у малока. Той, быццам ніколькі не зьдзіўлены вашай прысутнасьцю, адказаў, не абарочваючыся:
- Не-не, яна занадта яўна кажа пра мой талент. Не варта."
"/quests/Feipsycho.qmm/locations/86/texts/0/text"	"- Почему бы не назвать книгу по имени главного героя? - спросили вы громко за спиной у малока. Тот, даже не шелохнувшись и не обернувшись, ответил:
- Так в том-то и дело, что книга о войне, о большой войне, а там все герои, и все главные. Я же не могу перечислять всех участников в названии!"	"Quest Feipsycho.qmm: locations.86.texts.0.text. Preserve every <tag> exactly."	"Quest,Feipsycho"	"- Чаму б не назваць кнігу імем галоўнага героя? — спыталі вы голасна за сьпінай у малока. Той, нават не крануўшыся і не абарочваючыся, адказаў:
- Ды ў тым-то і справа, што кніга пра вайну, пра вялікую вайну, а там усе героі, і ўсе галоўныя. Я ж не магу пералічваць усіх удзельнікаў у загалоўку!"
"/quests/Feipsycho.qmm/locations/87/texts/0/text"	"- Почему бы не назвать книгу ""Заметки на стенах одиночной камеры""? Для этого, правда, придется дописать главы о том, как главного героя поймали и посадили за решетку, а затем не давали напечатать свой бессмертный труд и задавили его талант, - сказали вы за спиной у малока.
 - Отличная идея! Я гениален! Вот ведь эк додумался!
 - Простите, но я это вам предложил, - не смогли вы сдержаться.
 - А, ну, может быть. Так тебе что-нибудь нужно?"	"Quest Feipsycho.qmm: locations.87.texts.0.text. Preserve every <tag> exactly."	"Quest,Feipsycho"	"- Чаму б не назваць кнігу ""Нататкі на сьценах адзіночнай камэры""? Дзеля гэтага, праўда, давядзецца дапісаць разьдзелы пра тое, як галоўнага героя злавілі і пасадзілі за краты, а затым не давалі надрукаваць сваю несьмяротную працу і задушылі яго талент, — сказалі вы за сьпінай у малока.
 - Выдатная ідэя! Я геніяльны! Вось жа як дадумаўся!
 - Прабачце, але гэта я вам прапанаваў, — не змаглі вы стрымацца.
 - А, ну, можа быць. Дык табе нешта трэба?"
"/quests/Feipsycho.qmm/locations/88/texts/0/text"	"- Хорошо, я расскажу, как это делается. Для этого нужно закрыть руками оба индикатора работы лифта. На самом деле там не только индикаторы, там под стеклом еще и детекторы. В общем, как только руками закроешь - так лифт и спустится."	"Quest Feipsycho.qmm: locations.88.texts.0.text. Preserve every <tag> exactly."	"Quest,Feipsycho"	"- Добра, я раскажу, як гэта робіцца. Для гэтага трэба закрыць рукамі абодва індыкатары працы ліфта. Насамрэч там ня толькі індыкатары, там пад шклом яшчэ і дэтэктары. Адным словам, як толькі рукамі закрыеш — так ліфт і спусьціцца."
"/quests/Feipsycho.qmm/locations/88/texts/1/text"	"- Как можно попасть в лифт? Как выбраться наверх?
- Хорошо, я расскажу, как это делается. Подойди к дверям, подними руку и стукни. Потом еще раз стукни. А потом еще раз. Когда три раза стукнешь - двери откроются."	"Quest Feipsycho.qmm: locations.88.texts.1.text. Preserve every <tag> exactly."	"Quest,Feipsycho"	"- Як можна патрапіць у ліфт? Як выбрацца ўгору?
- Добра, я раскажу, як гэта робіцца. Падыдзі да дзьвярэй, падымі руку і стукні. Потым яшчэ раз стукні. А потым яшчэ раз. Калі тройчы стукнеш — дзьверы адчыняцца."
"/quests/Feipsycho.qmm/locations/88/texts/2/text"	"- Как можно попасть в лифт? Как выбраться наверх?
- Хорошо, я расскажу, как это делается. Надо взяться руками за косяки и потянуть вниз."	"Quest Feipsycho.qmm: locations.88.texts.2.text. Preserve every <tag> exactly."	"Quest,Feipsycho"	"- Як можна патрапіць у ліфт? Як выбрацца ўгору?
- Добра, я раскажу, як гэта робіцца. Трэба ўзяцца рукамі за вушакі і пацягнуць уніз."
"/quests/Feipsycho.qmm/locations/88/texts/3/text"	"- Как можно попасть в лифт? Как выбраться наверх?
- Хорошо, я расскажу, как это делается. Надо взяться руками за косяки и потянуть вверх."	"Quest Feipsycho.qmm: locations.88.texts.3.text. Preserve every <tag> exactly."	"Quest,Feipsycho"	"- Як можна патрапіць у ліфт? Як выбрацца ўгору?
- Добра, я раскажу, як гэта робіцца. Трэба ўзяцца рукамі за вушакі і пацягнуць угору."
"/quests/Feipsycho.qmm/locations/88/texts/4/text"	"- Как можно попасть в лифт? Как выбраться наверх?
- Хорошо, я расскажу, как это делается. Надо постучать ногой в стену слева от лифта."	"Quest Feipsycho.qmm: locations.88.texts.4.text. Preserve every <tag> exactly."	"Quest,Feipsycho"	"- Як можна патрапіць у ліфт? Як выбрацца ўгору?
- Добра, я раскажу, як гэта робіцца. Трэба пастукаць нагой у сьцяну зьлева ад ліфта."
"/quests/Feipsycho.qmm/locations/88/texts/5/text"	"- Как можно попасть в лифт? Как выбраться наверх?
- Хорошо, я расскажу, как это делается. Надо постучать ногой в стену справа от лифта."	"Quest Feipsycho.qmm: locations.88.texts.5.text. Preserve every <tag> exactly."	"Quest,Feipsycho"	"- Як можна патрапіць у ліфт? Як выбрацца ўгору?
- Добра, я раскажу, як гэта робіцца. Трэба пастукаць нагой у сьцяну справа ад ліфта."
"/quests/Feipsycho.qmm/locations/88/texts/6/text"	"- Как можно попасть в лифт? Как выбраться наверх?
- Хорошо, я расскажу, как это делается. Это довольно просто - подходишь к дверям лифта и говоришь ""Сим-сим, откройся!"". Так санитары делают."	"Quest Feipsycho.qmm: locations.88.texts.6.text. Preserve every <tag> exactly."	"Quest,Feipsycho"	"- Як можна патрапіць у ліфт? Як выбрацца ўгору?
- Добра, я раскажу, як гэта робіцца. Гэта даволі проста — падыходзіш да дзьвярэй ліфта і кажаш ""Сэзам, адчыніся!"". Так санітары і робяць."
"/quests/Feipsycho.qmm/locations/88/texts/7/text"	"- Как можно попасть в лифт? Как выбраться наверх?
- Хорошо, я расскажу, как это делается. Для этого придется трижды хлопнуть в ладоши."	"Quest Feipsycho.qmm: locations.88.texts.7.text. Preserve every <tag> exactly."	"Quest,Feipsycho"	"- Як можна патрапіць у ліфт? Як выбрацца ўгору?
- Добра, я раскажу, як гэта робіцца. Для гэтага давядзецца тройчы пляснуць у далоні."
"/quests/Feipsycho.qmm/locations/89/texts/0/text"	"Вы стоите перед самым обычным лифтом, сделанным по всем коалиционным стандартам. Только вот нет у него кнопки вызова. Следовательно, открывается он каким-то хитрым способом..."	"Quest Feipsycho.qmm: locations.89.texts.0.text. Preserve every <tag> exactly."	"Quest,Feipsycho"	"Вы стаіце перад самым звычайным ліфтам, зробленым па ўсіх кааліцыйных стандартах. Толькі вось няма ў яго кнопкі выкліку. Такім чынам, адчыняецца ён нейкім хітрым спосабам..."
"/quests/Feipsycho.qmm/locations/90/texts/0/text"	"Вы попытались открыть лифт, но ваши действия не увенчались успехом. Наоборот, вскоре из другого конца коридора прибежали санитары с роботом-охранником, который выстрелил в вас дротиком с черным оперением. Несколько секунд вы еще стояли, покачиваясь и наблюдая странные фиолетовые круги перед глазами, а потом отключились."	"Quest Feipsycho.qmm: locations.90.texts.0.text. Preserve every <tag> exactly."	"Quest,Feipsycho"	"Вы паспрабавалі адчыніць ліфт, але вашы дзеяньні не ўвянчаліся посьпехам. Наадварот, неўзабаве з другога канца калідора прыбеглі санітары з робатам-ахоўнікам, які выстраліў у вас дроцікам з чорным апярэньнем. Некалькі сэкундаў вы яшчэ стаялі, хістаючыся і назіраючы дзіўныя фіялетавыя кругі перад вачыма, а потым адключыліся."
"/quests/Feipsycho.qmm/locations/91/texts/0/text"	"Вы подошли к лифту и трижды хлопнули в ладоши. Что-то запищало, и двери открылись. Странно. В детстве вы видели человека, который постоянно хлопал в ладоши - он бы отсюда, наверное, запросто выбрался."	"Quest Feipsycho.qmm: locations.91.texts.0.text. Preserve every <tag> exactly."	"Quest,Feipsycho"	"Вы падышлі да ліфта і тройчы пляснулі ў далоні. Нешта запішчала, і дзьверы адчыніліся. Дзіўна. У дзяцінстве вы бачылі чалавека, які ўвесь час пляскаў у далоні — ён бы адсюль, пэўна, лёгка выбраўся."
"/quests/Feipsycho.qmm/locations/92/texts/0/text"	"Вы постучали ногой в стену справа от лифта, и двери открылись. Как все просто. Странно, что больные не бегут отсюда толпами. Видимо, есть что-то там, наверху, что их от этого отговаривает."	"Quest Feipsycho.qmm: locations.92.texts.0.text. Preserve every <tag> exactly."	"Quest,Feipsycho"	"Вы пастукалі нагой у сьцяну справа ад ліфта, і дзьверы адчыніліся. Як усё проста. Дзіўна, што хворыя не бягуць адсюль натоўпамі. Відаць, ёсьць нешта там, наверсе, што іх ад гэтага адгаворвае."
"/quests/Feipsycho.qmm/locations/93/texts/0/text"	"Вы схватили руками косяки, закрывающие пространство для дверей, и что было сил потянули их вверх. Внизу что-то щелкнуло, и двери открылись. Вуаля, можно подниматься наверх! Однако, надо отдать должное изобретательности местных инженеров и строителей."	"Quest Feipsycho.qmm: locations.93.texts.0.text. Preserve every <tag> exactly."	"Quest,Feipsycho"	"Вы схапілі рукамі вушакі, што закрываюць прастору для дзьвярэй, і што было сілы пацягнулі іх угору. Унізе нешта шчоўкнула, і дзьверы адчыніліся. Вось так, можна падымацца ўгору! Аднак трэба аддаць належнае вынаходлівасьці мясцовых інжынэраў і будаўнікоў."
"/quests/Feipsycho.qmm/locations/94/texts/0/text"	"Вы подняли руку и трижды постучали по дверям лифта. В ответ что-то наверху загудело, и уже очень скоро вы вошли в лифт."	"Quest Feipsycho.qmm: locations.94.texts.0.text. Preserve every <tag> exactly."	"Quest,Feipsycho"	"Вы паднялі руку і тройчы пастукалі па дзьвярах ліфта. У адказ нешта наверсе загуло, і ўжо вельмі хутка вы ўвайшлі ў ліфт."
"/quests/Feipsycho.qmm/locations/95/texts/0/text"	"Вы встали перед дверьми лифта и громко продекламировали: ""Сим-сим, откройся!"", что и произошло. Ну, разве что двери сложно назвать Сим-симом, но в остальном эффект тот же."	"Quest Feipsycho.qmm: locations.95.texts.0.text. Preserve every <tag> exactly."	"Quest,Feipsycho"	"Вы сталі перад дзьвярыма ліфта і голасна прадэклямавалі: ""Сэзам, адчыніся!"", што і адбылося. Ну, хіба што дзьверы складана назваць Сэзамам, але ў астатнім эфэкт той самы."
"/quests/Feipsycho.qmm/locations/96/texts/0/text"	"Вы постучали ногой в стену слева от лифта, и двери открылись. Как все просто. Странно, что больные не бегут отсюда толпами. Видимо, есть что-то там, наверху, что их от этого отговаривает."	"Quest Feipsycho.qmm: locations.96.texts.0.text. Preserve every <tag> exactly."	"Quest,Feipsycho"	"Вы пастукалі нагой у сьцяну зьлева ад ліфта, і дзьверы адчыніліся. Як усё проста. Дзіўна, што хворыя не бягуць адсюль натоўпамі. Відаць, ёсьць нешта там, наверсе, што іх ад гэтага адгаворвае."
"/quests/Feipsycho.qmm/locations/97/texts/0/text"	"Вы схватили руками косяки, закрывающие пространство для дверей, и что было сил потянули их вниз. Наверху что-то щелкнуло, и двери открылись. Вуаля, можно подниматься наверх! Однако, надо отдать должное изобретательности местных инженеров и строителей."	"Quest Feipsycho.qmm: locations.97.texts.0.text. Preserve every <tag> exactly."	"Quest,Feipsycho"	"Вы схапілі рукамі вушакі, што закрываюць прастору для дзьвярэй, і што было сілы пацягнулі іх уніз. Наверсе нешта шчоўкнула, і дзьверы адчыніліся. Вось так, можна падымацца ўгору! Аднак трэба аддаць належнае вынаходлівасьці мясцовых інжынэраў і будаўнікоў."
"/quests/Feipsycho.qmm/locations/98/texts/0/text"	"Вы закрыли руками индикаторы движения лифта. Под вашими ладонями вспыхнул красный свет, вы отняли руки и с удовлетворением увидели направленную вниз стрелку, и почти тут же двери лифта открылись. Теперь можно уже и подниматься наверх!"	"Quest Feipsycho.qmm: locations.98.texts.0.text. Preserve every <tag> exactly."	"Quest,Feipsycho"	"Вы закрылі рукамі індыкатары руху ліфта. Пад вашымі далонямі ўспыхнула чырвонае сьвятло, вы аднялі рукі і з задавальненьнем убачылі скіраваную ўніз стрэлку, і амаль адразу дзьверы ліфта адчыніліся. Цяпер можна ўжо і падымацца ўгору!"
"/quests/Feipsycho.qmm/locations/100/texts/0/text"	"Вы поднялись на лифте на следующий этаж. Двери открылись, и вы от удивления сделали несколько шагов вперед, оглядывая коридор. Стены здесь были оклеены обоями с яркими картинками, а пол выстлан псевдоковролином. Из-под потолка все вокруг равномерно освещали полигалогенные лампы. Вы так засмотрелись на ставшую уже непривычной для вас картинку, что не заметили, как двери лифта позади вас закрылись. Однако еще больше вы удивились, когда, обернувшись, обнаружили, что лифтов два, правда, около каждого была кнопка вызова. Вы решили действовать проверенным методом, то есть узнать у психов, каковых тут было всего двое. Около первой двери висела табличка:

""___ , ___ , неизлечимый шизофреник, называть следует не иначе как Чокнутый Дракон"".

Около второй же висела другая:

"" ___ , ___ , неизлечимый шизофреник, называть следует не иначе как Маньяк Ы""."	"Quest Feipsycho.qmm: locations.100.texts.0.text. Preserve every <tag> exactly."	"Quest,Feipsycho"	""
"/quests/Feipsycho.qmm/locations/100/texts/1/text"	"Стены здесь оклеены обоями с яркими картинками, а пол выстлан псевдоковролином. Из-под потолка все вокруг равномерно освещают полигалогенные лампы. На этаже всего две двери. Около первой двери висит табличка:

""___ , ___ , неизлечимый шизофреник, называть следует не иначе как Чокнутый Дракон"".

Около второй же висит другая:

"" ___ , ___ , неизлечимый шизофреник, называть следует не иначе как Маньяк Ы""."	"Quest Feipsycho.qmm: locations.100.texts.1.text. Preserve every <tag> exactly."	"Quest,Feipsycho"	""
"/quests/Feipsycho.qmm/locations/101/texts/0/text"	"Вы вошли в комнату Чокнутого Дракона, который восседал посреди комнаты в большом мягком кресле. Как только вы вошли, он чуть напрягся и стал вас разглядывать.
- Я знаю, что вы пришли за ответом на вопрос. Я сам вас позвал для того, чтобы вам ответить на вопрос. Но только лишь ради того, чтобы и вы ответили на один вопрос. Даже, если позволите, наоборот - вы ответите на мой вопрос, а я отвечу на ваш. Вы согласны с такими условиями.
Вы в ответ только промычали что-то невнятное, пытаясь уклониться от неизвестности.
- Замечательно. Я вот тут бьюсь над двумя неравенствами, одно из которых, к сожалению, записано у меня не полностью. Если позволите... - и он протянул вам бумагу, на которой были написаны два неравенства:

""Р>Д+Б+В+Ж+К   Д+Б+В+Ж+К+?>Р   

Что должно быть на месте '?', по вашему мнению?"""	"Quest Feipsycho.qmm: locations.101.texts.0.text. Preserve every <tag> exactly."	"Quest,Feipsycho"	""
"/quests/Feipsycho.qmm/locations/102/texts/0/text"	"- Простите, но этого никак не может быть, вы и сами должны это видеть! - ответил вам Чокнутый Дракон и вновь уставился в свои неравенства. Похоже, он не очень-то хочет с вами больше общаться."	"Quest Feipsycho.qmm: locations.102.texts.0.text. Preserve every <tag> exactly."	"Quest,Feipsycho"	"- Прабачце, але гэтага ніяк ня можа быць, вы і самі мусіце гэта бачыць! — адказаў вам Вар'яцкі Цмок і зноў утаропіўся ў свае няроўнасьці. Падобна, ён не надта хоча з вамі больш размаўляць."
"/quests/Feipsycho.qmm/locations/103/texts/0/text"	"- Если меня не обманывает мой рассудок, здесь должна быть буква ""М"".
- Постойте, постойте... Ну конечно! Дедка + Бабка + Внучка + Жучка + Кошка < Репка, а если добавить Мышку, то неравенство изменится в другую сторону! Спасибо вам огромное! Теперь мой ответ: используйте левый лифт."	"Quest Feipsycho.qmm: locations.103.texts.0.text. Preserve every <tag> exactly."	"Quest,Feipsycho"	"- Калі мяне не падманвае мой розум, тут павінна быць літара ""М"".
- Пачакайце, пачакайце... Ну вядома! Дедка + Бабка + Внучка + Жучка + Кошка < Репка, а калі дадаць Мышку, то няроўнасьць зьменіцца ў другі бок! Дзякуй вам вялізны! Цяпер мой адказ: карыстайцеся левым ліфтам."
"/quests/Feipsycho.qmm/locations/103/texts/1/text"	"- Если меня не обманывает мой рассудок, здесь должна быть буква ""М"".
- Постойте, постойте... Ну конечно! Дедка + Бабка + Внучка + Жучка + Кошка < Репка, а если добавить Мышку, то неравенство изменится в другую сторону! Спасибо вам огромное! Теперь мой ответ: используйте правый лифт."	"Quest Feipsycho.qmm: locations.103.texts.1.text. Preserve every <tag> exactly."	"Quest,Feipsycho"	"- Калі мяне не падманвае мой розум, тут павінна быць літара ""М"".
- Пачакайце, пачакайце... Ну вядома! Дедка + Бабка + Внучка + Жучка + Кошка < Репка, а калі дадаць Мышку, то няроўнасьць зьменіцца ў другі бок! Дзякуй вам вялізны! Цяпер мой адказ: карыстайцеся правым ліфтам."
"/quests/Feipsycho.qmm/locations/104/texts/0/text"	"Вы вошли в комнату Маньяка Ы, который беспокойно ходил из угла в угол и что-то бормотал себе под нос. Через некоторое время после того, как вы вошли, он поднял на вас глаза и злорадно воскликнул:
- О, еще один! - после чего столь же злорадно расхохотался. - Слушай сюда. Да-да, я к тебе обращаюсь. Тут, понимаешь ли, один мой приятель сочинил какую-то бредятину, как он утверждает, а по мне - так совершенно обыденный текстик. Ну вот, сам почитай, что он тут понаписал... - с этими словами он протянул вам лист бумаги с написанным на нем стихотворением:

 Нет ничего прекраснее отравы,
 Что льет изнутре огненный ручей.
 В моих глазах сосредоточен пламень,
 Но нет мудрее и безжалостней очей.

- Так вот, мне бы только узнать, что он в этих строках изобразил! Ты мне поможешь? За мной дело не станет."	"Quest Feipsycho.qmm: locations.104.texts.0.text. Preserve every <tag> exactly."	"Quest,Feipsycho"	""
"/quests/Feipsycho.qmm/locations/105/texts/0/text"	"- Нет-нет, вот уж что, а не сканер. Сканер - вещь безобидная, какая уж тут отрава? В общем, не знаете вы ответа? Так бы сразу и сказали. Я в таком случае на ваши вопросы тоже ответов не знаю."	"Quest Feipsycho.qmm: locations.105.texts.0.text. Preserve every <tag> exactly."	"Quest,Feipsycho"	"- Не-не, вось ужо што, а не сканэр. Сканэр — рэч бяскрыўдная, якая ўжо тут атрута? Адным словам, не ведаеце вы адказу? Так бы адразу і сказалі. Я ў такім разе на вашы пытаньні таксама адказаў не ведаю."
"/quests/Feipsycho.qmm/locations/106/texts/0/text"	"- Нет-нет, драконы, как известно, не пользуются отравами, особенно если владеют огнем. Так что этот вариант отпадает. А вы ответа, значит, не знаете? Ну тогда и катитесь вон."	"Quest Feipsycho.qmm: locations.106.texts.0.text. Preserve every <tag> exactly."	"Quest,Feipsycho"	"- Не-не, цмокі, як вядома, не карыстаюцца атрутамі, асабліва калі валодаюць агнём. Так што гэты варыянт адпадае. А вы адказу, значыць, не ведаеце? Ну тады і каціцеся вонкі."
"/quests/Feipsycho.qmm/locations/107/texts/0/text"	"- Однозначно, это бластер.
- Вы думаете? Однако... отрава, да, бывает. Огненный ручей? Подходит. Пламя, сосредоточенное в глазах - прицел, и, вот уже действительно, нет более мудрых и безжалостных очей. Это вы, однако, ловко догадались. Однако как ловко придумано, а? Ладно, что вы там хотели узнать?
- Хотел узнать, какой лифт надо использовать, чтобы попасть наверх.
- Тот, что справа - едет только вниз, а тот, что слева - только вверх."	"Quest Feipsycho.qmm: locations.107.texts.0.text. Preserve every <tag> exactly."	"Quest,Feipsycho"	"- Адназначна, гэта блястэр.
- Вы думаеце? Аднак... атрута, так, бывае. Агнявы ручай? Падыходзіць. Полымя, сканцэнтраванае ў вачах — прыцэл, і, вось ужо сапраўды, няма больш мудрых і бязьлітасных вачэй. Гэта вы, аднак, спрытна здагадаліся. Аднак як спрытна прыдумана, а? Добра, што вы там хацелі даведацца?
- Хацеў даведацца, які ліфт трэба выкарыстаць, каб патрапіць угору.
- Той, што справа — едзе толькі ўніз, а той, што зьлева — толькі ўгору."
"/quests/Feipsycho.qmm/locations/107/texts/1/text"	"- Однозначно, это бластер.
- Вы думаете? Однако... отрава, да, бывает. Огненный ручей? Подходит. Пламя, сосредоточенное в глазах - прицел, и, вот уже действительно, нет более мудрых и безжалостных очей. Это вы, однако, ловко догадались. Однако как ловко придумано, а? Ладно, что вы там хотели узнать?
- Хотел узнать, какой лифт надо использовать, чтобы попасть наверх.
- Тот, что справа - едет только вверх, а тот, что слева - только вниз."	"Quest Feipsycho.qmm: locations.107.texts.1.text. Preserve every <tag> exactly."	"Quest,Feipsycho"	"- Адназначна, гэта блястэр.
- Вы думаеце? Аднак... атрута, так, бывае. Агнявы ручай? Падыходзіць. Полымя, сканцэнтраванае ў вачах — прыцэл, і, вось ужо сапраўды, няма больш мудрых і бязьлітасных вачэй. Гэта вы, аднак, спрытна здагадаліся. Аднак як спрытна прыдумана, а? Добра, што вы там хацелі даведацца?
- Хацеў даведацца, які ліфт трэба выкарыстаць, каб патрапіць угору.
- Той, што справа — едзе толькі ўгору, а той, што зьлева — толькі ўніз."
"/quests/Feipsycho.qmm/locations/108/texts/0/text"	"Вы нажали на кнопку вызова левого лифта, и тот не замедлил открыть свои двери. Вы вошли внутрь и почувствовали, как он направляется вверх."	"Quest Feipsycho.qmm: locations.108.texts.0.text. Preserve every <tag> exactly."	"Quest,Feipsycho"	"Вы націснулі на кнопку выкліку левага ліфта, і той не замарудзіў адчыніць свае дзьверы. Вы ўвайшлі ў сярэдзіну і адчулі, як ён накіроўваецца ўгору."
"/quests/Feipsycho.qmm/locations/109/texts/0/text"	"Вы нажали на кнопку вызова правого лифта, и тот не замедлил открыть свои двери. Вы вошли внутрь и почувствовали, как он направляется вверх."	"Quest Feipsycho.qmm: locations.109.texts.0.text. Preserve every <tag> exactly."	"Quest,Feipsycho"	"Вы націснулі на кнопку выкліку правага ліфта, і той не замарудзіў адчыніць свае дзьверы. Вы ўвайшлі ў сярэдзіну і адчулі, як ён накіроўваецца ўгору."
"/quests/Feipsycho.qmm/locations/110/texts/0/text"	"Вы нажали на кнопку вызова левого лифта, и тот не замедлил открыть свои двери. Вы вошли внутрь и почувствовали, как он направляется вниз. Через несколько секунд двери открылись, и прямо перед ними стояла группа санитаров в сопровождении робота-охранника, который не замедлил выстрелить в вас дротиком с черным оперением. Перед глазами поплыли фиолетовые круги, и вы отключились."	"Quest Feipsycho.qmm: locations.110.texts.0.text. Preserve every <tag> exactly."	"Quest,Feipsycho"	"Вы націснулі на кнопку выкліку левага ліфта, і той не замарудзіў адчыніць свае дзьверы. Вы ўвайшлі ў сярэдзіну і адчулі, як ён накіроўваецца ўніз. Праз некалькі сэкундаў дзьверы адчыніліся, і проста перад імі стаяла група санітараў у суправаджэньні робата-ахоўніка, які не замарудзіў выстраліць у вас дроцікам з чорным апярэньнем. Перад вачыма паплылі фіялетавыя кругі, і вы адключыліся."
"/quests/Feipsycho.qmm/locations/111/texts/0/text"	"Вы нажали на кнопку вызова правого лифта, и тот не замедлил открыть свои двери. Вы вошли внутрь и почувствовали, как он направляется вниз. Через несколько секунд двери открылись, и прямо перед ними стояла группа санитаров в сопровождении робота-охранника, который не замедлил выстрелить в вас дротиком с черным оперением. Перед глазами поплыли фиолетовые круги, и вы отключились."	"Quest Feipsycho.qmm: locations.111.texts.0.text. Preserve every <tag> exactly."	"Quest,Feipsycho"	"Вы націснулі на кнопку выкліку правага ліфта, і той не замарудзіў адчыніць свае дзьверы. Вы ўвайшлі ў сярэдзіну і адчулі, як ён накіроўваецца ўніз. Праз некалькі сэкундаў дзьверы адчыніліся, і проста перад імі стаяла група санітараў у суправаджэньні робата-ахоўніка, які не замарудзіў выстраліць у вас дроцікам з чорным апярэньнем. Перад вачыма паплылі фіялетавыя кругі, і вы адключыліся."
"/quests/Feipsycho.qmm/locations/112/texts/0/text"	"Вы стояли в кабине лифта и ждали, когда же он доберется до цели. Когда это произошло, вы первым делом подумали, что ваше путешествие могло бы на этом и закончиться - буквально за несколько секунд до вашего прибытия перед дверьми лифта прошла большая группа санитаров в сопровождении нескольких роботов-охранников. Вы благоразумно не стали разглядывать их спины, а прошмыгнули в дверь палаты напротив и, глубоко вздохнув, прижались к стене. За дверью послышались чьи-то шаги, открылся лифт, и вы услышали, как кто-то там стал что-то таскать взад-вперед. По всей видимости, назад дороги нет. Вы подняли глаза и замерли.
От широкого окна, выходящего во двор больницы, на вас смотрел несколько удивленно пеленг, выглядевший вполне здоровым. Да, совсем не похож на больного!
Вы взглянули по сторонам и увидели, что под кроватью у него что-то лежит, да и сам он время от времени туда поглядывает, словно опасаясь чего-то."	"Quest Feipsycho.qmm: locations.112.texts.0.text. Preserve every <tag> exactly."	"Quest,Feipsycho"	""
"/quests/Feipsycho.qmm/locations/113/texts/0/text"	"- Нет-нет, я никогда не видел, чтобы кто-нибудь отравился фонариком. Ну разве что подавиться можно! Так что не несите чепухи и выйдите вон."	"Quest Feipsycho.qmm: locations.113.texts.0.text. Preserve every <tag> exactly."	"Quest,Feipsycho"	"- Не-не, я ніколі не бачыў, каб хто-небудзь атруціўся ліхтарыкам. Ну хіба што падавіцца можна! Так што не нясіце лухты і выйдзіце вонкі."
"/quests/Feipsycho.qmm/locations/114/texts/0/text"	"- Какая еще колба? На вас когда-нибудь колба глядела? На меня - нет. И вообще - где у нее глаза? Не знаете? И катитесь куда подальше!"	"Quest Feipsycho.qmm: locations.114.texts.0.text. Preserve every <tag> exactly."	"Quest,Feipsycho"	"- Якая яшчэ колба? На вас калі-небудзь колба глядзела? На мяне — не. І наогул — дзе ў яе вочы? Не ведаеце? І каціцеся куды падалей!"
"/quests/Feipsycho.qmm/locations/115/texts/0/text"	"- Простите, но при чем тут огонь? Я всегда думал, что они скорее к радиации отношение имеют. И вы не знаете? Ну тогда я не знаю, что вы тут вообще делаете."	"Quest Feipsycho.qmm: locations.115.texts.0.text. Preserve every <tag> exactly."	"Quest,Feipsycho"	"- Прабачце, але пры чым тут агонь? Я заўсёды думаў, што яны хутчэй да радыяцыі дачыненьне маюць. І вы не ведаеце? Ну тады я не ведаю, што вы тут наогул робіце."
"/quests/Feipsycho.qmm/locations/116/texts/0/text"	"Вы подошли к двери и осмотрели ее: прочная стальная плита, уже изрядно побитая жизнью, и оттого, видимо, укрепленная восемью металлическими полосками, радиально расположенными от центра.
<fix>
\  8|  1/
7\  |  /
  \ | /
   \|/  2
---------
6  /|\
  / | \
 /  |  \3
/5  |4  \
</fix>
Кстати, странные полоски, отметили вы. Как-то очень странно они приделаны к двери... Вы стали их исследовать и обнаружили, что на дверном косяке выцарапано непонятное стихотворение:
 
 Нажми <clr>одну<clrEnd> из них, да так, чтоб, если <clr>отсчитать<clrEnd>,
 По <clr>восемь<clrEnd> раз, как <clr>на часах<clrEnd>, их следовало бы жать.
 Но помни также и о том, что то, что ты нажал,
 Ты должен после <clr>пропускать<clrEnd> и просто кнопки жать.
 И вот еще что должен знать, кто хочет дверь открыть:
 Ты должен делать это так, чтоб был <clr>в конце Один<clrEnd>.

А чуть ниже была приписка: ""Будет <clr>три<clrEnd> попытки. Проверено!""

Поразмыслив над этим ""произведением искусства"", вы пришли к выводу, что надо нажать на одну из этих полосок. Только вот на какую?"	"Quest Feipsycho.qmm: locations.116.texts.0.text. Preserve every <tag> exactly."	"Quest,Feipsycho"	""
"/quests/Feipsycho.qmm/locations/116/texts/1/text"	"Вы снова осмотрели дверь: прочная стальная плита, уже изрядно побитая жизнью, и оттого, видимо, укрепленная восемью металлическими полосками, радиально расположенными от центра.
<fix>
\  8|  1/
7\  |  /
  \ | /
   \|/  2
---------
6  /|\
  / | \
 /  |  \3
/5  |4  \
</fix>
Кстати, странные полоски, отметили вы. Как-то очень странно они приделаны к двери... Вы стали их исследовать и обнаружили, что на дверном косяке выцарапано непонятное стихотворение:
 
 Нажми <clr>одну<clrEnd> из них, да так, чтоб, если <clr>отсчитать<clrEnd>,
 По <clr>восемь<clrEnd> раз, как <clr>на часах<clrEnd>, их следовало бы жать.
 Но помни также и о том, что то, что ты нажал,
 Ты должен после <clr>пропускать<clrEnd> и просто кнопки жать.
 И вот еще что должен знать, кто хочет дверь открыть:
 Ты должен делать это так, чтоб был <clr>в конце Один<clrEnd>.

А чуть ниже была приписка: ""Будет <clr>три<clrEnd> попытки. Проверено!"". 

""Вернее, уже <clr>две<clrEnd> попытки"", - подумали вы."	"Quest Feipsycho.qmm: locations.116.texts.1.text. Preserve every <tag> exactly."	"Quest,Feipsycho"	""
"/quests/Feipsycho.qmm/locations/116/texts/2/text"	"Вы снова осмотрели дверь: прочная стальная плита, уже изрядно побитая жизнью, и оттого, видимо, укрепленная восемью металлическими полосками, радиально расположенными от центра.
<fix>
\  8|  1/
7\  |  /
  \ | /
   \|/  2
---------
6  /|\
  / | \
 /  |  \3
/5  |4  \
</fix>
Кстати, странные полоски, отметили вы. Как-то очень странно они приделаны к двери... Вы стали их исследовать и обнаружили, что на дверном косяке выцарапано непонятное стихотворение:
 
 Нажми <clr>одну<clrEnd> из них, да так, чтоб, если <clr>отсчитать<clrEnd>,
 По <clr>восемь<clrEnd> раз, как <clr>на часах<clrEnd>, их следовало бы жать.
 Но помни также и о том, что то, что ты нажал,
 Ты должен после <clr>пропускать<clrEnd> и просто кнопки жать.
 И вот еще что должен знать, кто хочет дверь открыть:
 Ты должен делать это так, чтоб был <clr>в конце Один<clrEnd>.

А чуть ниже была приписка: ""Будет <clr>три<clrEnd> попытки. Проверено!"". 

""Осталась <clr>одна<clrEnd> попытка"", - подумали вы."	"Quest Feipsycho.qmm: locations.116.texts.2.text. Preserve every <tag> exactly."	"Quest,Feipsycho"	""
"/quests/Feipsycho.qmm/locations/117/texts/0/text"	"Вы очнулись своей камере и, не сразу поняв, куда вас занесло, оглядели комнату. Маленькое помещение вряд ли можно было назвать даже камерой, по вашему мнению, это была скорее каморка. Мрачное, хотя довольно теплое местечко. Кровать, санузел, полочка и маленькая тумбочка - вот и вся мебель. Ну, разве что еще дверь."	"Quest Feipsycho.qmm: locations.117.texts.0.text. Preserve every <tag> exactly."	"Quest,Feipsycho"	"Вы ачомаліся ў сваёй камэры і, не адразу зразумеўшы, куды вас занесла, агледзелі пакой. Маленькае памяшканьне наўрад ці можна было назваць нават камэрай, на вашу думку, гэта была хутчэй каморка. Змрочнае, хоць даволі цёплае мясьціна. Ложак, прыбіральня, палічка і маленькая тумбачка — вось і ўся мэбля. Ну, хіба што яшчэ дзьверы."
"/quests/Feipsycho.qmm/locations/118/texts/0/text"	"- Ага, значит, помощь пришла. Наконец-то, - пеленг явно был доволен, да и вы тоже, ведь он, очевидно, является тем самым спецагентом, которого вам нужно найти.
- Итак, где документы, которые надо доставить в штаб? - вы пытались говорить бодро и весело, однако сами не понимали до конца, как их доставите, да и вообще, как выберетесь отсюда.
- Тут они, тут, - пеленг шмыгнул к кровати и достал из-под нее толстый пакет, по всей видимости, напичканный разными бумагами, - но это только часть.
- А где остальное?
- Вот здесь! - и пеленг указал на свою голову. - Это чтобы меня здесь не оставили в дураках без всего.
Видимо, придется и его с собой тащить. Только вот как? За дверью слышна какая-то возня, будто что-то выгружают и загружают в лифт, из других выходов только окно, и, вдобавок, скоро может быть обнаружена ваша пропажа из камеры."	"Quest Feipsycho.qmm: locations.118.texts.0.text. Preserve every <tag> exactly."	"Quest,Feipsycho"	"- Ага, значыць, дапамога прыйшла. Нарэшце, — пеленг яўна быў задаволены, ды і вы таксама, бо ён, відавочна, ёсьць тым самым таемным агентам, якога вам трэба знайсьці.
- Дык вось, дзе дакумэнты, якія трэба даставіць у штаб? — вы спрабавалі гаварыць бадзёра і весела, аднак самі не разумелі да канца, як іх даставіце, ды і наогул, як выберацеся адсюль.
- Тут яны, тут, — пеленг шмыгнуў да ложка і дастаў з-пад яго тоўсты пакет, па ўсім відаць, напханы рознымі паперамі, — але гэта толькі частка.
- А дзе астатняе?
- Вось тут! — і пеленг паказаў на сваю галаву. — Гэта каб мяне тут не пакінулі ў дурнях без усяго.
Відаць, давядзецца і яго з сабой цягнуць. Толькі вось як? За дзьвярыма чуваць нейкая мітусьня, быццам нешта выгружаюць і загружаюць у ліфт, з іншых выхадаў толькі акно, і, да таго ж, хутка можа быць выяўленая ваша зьнікненьне з камэры."
"/quests/Feipsycho.qmm/locations/119/texts/0/text"	"Вы схватили первое, что попалось вам под руку - стальной табурет, почему-то выкрашенный в красный цвет - и швырнули его в окно. Со звоном разлетелось вдребезги стекло, завыла сирена сигнализации. Вы посмотрели на не на шутку испугавшегося пеленгского спецагента и констатировали:
 - Ну, теперь нам точно надо удирать отсюда! - после чего схватили его за шкирку и подтащили к окну. Вы вскочили на подоконник, попутно отметив надпись на раме: ""Абсолютно упругое стекло ФэянТреск"" - и усмехнувшись этому. А затем вдруг поняли, что не знаете, что делать дальше."	"Quest Feipsycho.qmm: locations.119.texts.0.text. Preserve every <tag> exactly."	"Quest,Feipsycho"	"Вы схапілі першае, што трапілася вам пад руку — сталёвы табурэт, чамусьці пафарбаваны ў чырвоны колер — і шпурнулі яго ў акно. Са звонам разьляцелася ўшчэнт шкло, завыла сырэна сыгналізацыі. Вы паглядзелі на не на жарт спалоханага пеленгскага таемнага агента і канстатавалі:
 - Ну, цяпер нам дакладна трэба ўцякаць адсюль! — пасьля чаго схапілі яго за шкірку і падцягнулі да акна. Вы ўскочылі на край акна, мімаходам адзначыўшы надпіс на раме: ""Абсалютна пругкае шкло ФэянТрэск"" — і ўсьміхнуўшыся з гэтага. А затым раптам зразумелі, што не ведаеце, што рабіць далей."
"/quests/Feipsycho.qmm/locations/120/texts/0/text"	"Вы схватили бедного пеленга и прыгнули вниз. Как выяснилось, падать было высоковато, и вам от этого пришлось несладко. Даже очень - после этого прыжка вы на мгновение ощутили под собой твердую поверхность, а потом отключились."	"Quest Feipsycho.qmm: locations.120.texts.0.text. Preserve every <tag> exactly."	"Quest,Feipsycho"	"Вы схапілі беднага пеленга і прыгнулі ўніз. Як выявілася, падаць было высока, і вам ад гэтага давялося кепска. Нават вельмі — пасьля гэтага скачка вы на імгненьне адчулі пад сабой цьвёрдую паверхню, а потым адключыліся."
"/quests/Feipsycho.qmm/locations/121/texts/0/text"	"Вы схватили бедного пеленга и прыгнули вниз. Падать было высоковато, и вы сильно ушиблись, когда приземлились. Впрочем, ваш собеседник показался вам еще более ушибленным - он глупо заулыбался и побрел куда-то в сторону."	"Quest Feipsycho.qmm: locations.121.texts.0.text. Preserve every <tag> exactly."	"Quest,Feipsycho"	"Вы схапілі беднага пеленга і прыгнулі ўніз. Падаць было высока, і вы моцна пабіліся, калі прызямліліся. Зрэшты, ваш суразмоўца здаўся вам яшчэ больш пабітым — ён па-дурному ўсьміхнуўся і пабрыў кудысьці ўбок."
"/quests/Feipsycho.qmm/locations/123/texts/0/text"	"Вы побежали по направлению к выходу из внутреннего дворика психушки, оставив позади шатающегося пеленга. Тот, заметив ваше удаление, завопил во все горло:
 - Стой! Погоди! Ты меня забы-ы-ыл!
 Охранники у выхода услышали его крики и не замедлили открыть по нему огонь, после чего заметили и вас."	"Quest Feipsycho.qmm: locations.123.texts.0.text. Preserve every <tag> exactly."	"Quest,Feipsycho"	"Вы пабеглі ў бок выхаду з унутранага дворыка лячэбніцы, пакінуўшы ззаду хісткага пеленга. Той, заўважыўшы, што вы аддаляецеся, зароў на ўсё горла:
 - Стой! Пачакай! Ты мяне забыў-забыў!
 Ахоўнікі каля выхаду пачулі яго крыкі і адразу адкрылі па ім агонь, пасьля чаго заўважылі і вас."
"/quests/Feipsycho.qmm/locations/124/texts/0/text"	"Вы подбежали к шатающемуся пеленгу и подхватили его, после чего медленно пошли вдоль стены к выходу. К счастью, вас никто не заметил.
Вы подтащили спецагента к выходу из внутреннего дворика и остановились. Прямо за углом вели размеренную беседу два охранника. Вы не стали вслушиваться - вам было совершенно не до того, однако каким-либо образом выбраться отсюда было необходимо, а эти два типа не давали к тому великих возможностей."	"Quest Feipsycho.qmm: locations.124.texts.0.text. Preserve every <tag> exactly."	"Quest,Feipsycho"	"Вы падбеглі да хісткага пеленга і падхапілі яго, пасьля чаго павольна пайшлі ўздоўж сьцяны да выхаду. На шчасьце, вас ніхто не заўважыў.
Вы падцягнулі таемнага агента да выхаду з унутранага дворыка і спыніліся. Адразу за рогам вялі разьмерную размову два ахоўнікі. Вы не сталі ўслухоўвацца — вам было зусім не да таго, аднак нейкім чынам выбрацца адсюль было неабходна, а гэтыя два тыпы не давалі для гэтага вялікіх магчымасьцяў."
"/quests/Feipsycho.qmm/locations/125/texts/0/text"	"Вы подтолкнули пеленга и рванули в проход. Но вы были не в лучшем состоянии, да и охранники руководством клиники не зря были наняты - они почти мгновенно открыли огонь и завершили карьеру великого рейнджера самым кровавым из всех возможных для этого способов."	"Quest Feipsycho.qmm: locations.125.texts.0.text. Preserve every <tag> exactly."	"Quest,Feipsycho"	"Вы падштурхнулі пеленга і рванулі ў праход. Але вы былі не ў найлепшым стане, ды і ахоўнікі кіраўніцтвам клінікі нездарма былі нанятыя — яны амаль імгненна адкрылі агонь і завяршылі кар'еру вялікага рэйнджэра самым крывавым з усіх магчымых для гэтага спосабаў."
"/quests/Feipsycho.qmm/locations/126/texts/0/text"	"Вы подтолкнули пеленга и проскочили между двумя охранниками. Только они успели вскочить вслед за вами, как вы уже были довольно далеко и мчались по направлению к широкому проспекту, покидая опасную зону.
Через некоторое время вы были уже у самого космопорта."	"Quest Feipsycho.qmm: locations.126.texts.0.text. Preserve every <tag> exactly."	"Quest,Feipsycho"	"Вы падштурхнулі пеленга і праскочылі між двума ахоўнікамі. Толькі яны пасьпелі ўскочыць сьледам за вамі, як вы ўжо былі даволі далёка і імчалі ў бок шырокага праспэкту, пакідаючы небясьпечную зону.
Праз некаторы час вы былі ўжо каля самага касмапорту."
"/quests/Feipsycho.qmm/locations/127/texts/0/text"	"Вы постучали кулаком по стенке и крикнули: ""Эй, братцы, ну-ка, подсобите немного!"", в ответ в проход вошли двое охранников, а вы прошмыгнули в образовавшуюся щель и на всех парах помчались в сторону большого проспекта. Охранники, кажется, ничего не заметили.
Через некоторое время вы были уже у самого космопорта."	"Quest Feipsycho.qmm: locations.127.texts.0.text. Preserve every <tag> exactly."	"Quest,Feipsycho"	"Вы пастукалі кулаком па сьценцы і крыкнулі: ""Эй, браты, ну-ка, падсабіце крыху!"", у адказ у праход увайшлі двое ахоўнікаў, а вы прашмыгнулі ў шчыліну, што ўтварылася, і на ўсіх парах памчаліся ў бок вялікага праспэкту. Ахоўнікі, здаецца, нічога не заўважылі.
Праз некаторы час вы былі ўжо каля самага касмапорту."
"/quests/Feipsycho.qmm/locations/128/texts/0/text"	"Вы подобрались поближе к выходу и крикнули: ""Эй, братцы, ну-ка, подсобите немного!"", в ответ в проход вошли два охранника. Вы попытались прошмыгнуть в образовавшуюся щель, но были совсем не в форме - споткнувшись, вы бессильно повалились на землю и невольно застонали. Охранники тут же развернулись и открыли по вам огонь."	"Quest Feipsycho.qmm: locations.128.texts.0.text. Preserve every <tag> exactly."	"Quest,Feipsycho"	"Вы падкраліся бліжэй да выхаду і крыкнулі: ""Эй, браты, ну-ка, падсабіце крыху!"", у адказ у праход увайшлі два ахоўнікі. Вы паспрабавалі прашмыгнуць у шчыліну, што ўтварылася, але былі зусім не ў форме — спатыкнуўшыся, вы бясьсільна зваліліся на зямлю і міжволі застагналі. Ахоўнікі адразу разьвярнуліся і адкрылі па вас агонь."
"/quests/Feipsycho.qmm/locations/129/texts/0/text"	"Вы аккуратно вылезли из окна и встали на карниз. Оглядевшись, вы обнаружили, что ни слева, ни справа от вас ничего нет в пределах досягаемости: ни водосточной трубы, ни других окон - ничего, только голые стены."	"Quest Feipsycho.qmm: locations.129.texts.0.text. Preserve every <tag> exactly."	"Quest,Feipsycho"	"Вы акуратна вылезьлі з акна і ўсталі на карніз. Агледзеўшыся, вы выявілі, што ні зьлева, ні справа ад вас няма нічога ў межах дасяжнасьці: ні вадасьцёкавай трубы, ні іншых вокнаў — нічога, толькі голыя сьцены."
"/quests/Feipsycho.qmm/locations/130/texts/0/text"	"Вы поглядели вниз - внизу никого, посмотрели по сторонам - и снова не увидели никакой возможности для того, чтобы спуститься. Вы подняли взгляд вверх и чуть было не свалились с карниза от удивления - прямо над вашей головой беззаботно висел в воздухе маленький круглый робот, который вас, казалось, совсем не замечал. На брюхе у него были два металлических стержня, на которые он, наверное, приземлялся, и за которые можно было ухватиться. Что вы и сделали.
Робота немного перекосило, однако он остался на прежней высоте, сместившись немного от окна. Пеленг, увидев, что вы отчаливаете, судорожно подскочил и, выпрыгнув из окна, ухватился за ваши ноги.
Вы посмотрели на свой летательный аппарат - тот запищал, и на небольшом экранчике появилась надпись: ""автономный режим: отключено"". Спецагент дернулся, попытавшись обхватить вас покрепче, и робот полетел по направлению к выходу.
Вы посмотрели вперед и увидели, что прямо перед вами - свод арки, а сразу за ней - улица, на которой легко можно скрыться от охраны больницы. Но если не сменить курс, вы неминуемо врежетесь в арку лбом!"	"Quest Feipsycho.qmm: locations.130.texts.0.text. Preserve every <tag> exactly."	"Quest,Feipsycho"	""
"/quests/Feipsycho.qmm/locations/131/texts/0/text"	"Вы почему-то решили, что рейнджеру положено быть толстолобым, и со всего размаху влетели в свод арки. Последняя была другого мнения, наглядно доказав, что толстолобым рейнджерам летать нельзя. А так как скорость полета была достаточно велика, без жертв научный эксперимент не обошелся - причем арка жертвой, понятное дело, не стала."	"Quest Feipsycho.qmm: locations.131.texts.0.text. Preserve every <tag> exactly."	"Quest,Feipsycho"	"Вы чамусьці вырашылі, што рэйнджэру належыць быць тупагаловым, і з усяго размаху ўрэзаліся ў скляпеньне аркі. Апошняе было іншай думкі, навочна даказаўшы, што тупагаловым рэйнджэрам лятаць нельга. А паколькі хуткасьць палёту была дастаткова вялікая, без ахвяраў навуковы экспэрымэнт не абышоўся — прычым арка ахвярай, зразумела, не стала."
"/quests/Feipsycho.qmm/locations/132/texts/0/text"	"Вы направили свой летательный аппарат вверх, прямо туда, где находился свод арки. И хотя сам робот через нее перелетел, вы врезались прямо в арку, и упали вниз, сломав себе все, что только можно было сломать."	"Quest Feipsycho.qmm: locations.132.texts.0.text. Preserve every <tag> exactly."	"Quest,Feipsycho"	"Вы накіравалі свой лятальны апарат угору, проста туды, дзе было скляпеньне аркі. І хоць сам робат празь яе пераляцеў, вы ўрэзаліся проста ў арку і ўпалі ўніз, паламаўшы сабе ўсё, што толькі можна было паламаць."
"/quests/Feipsycho.qmm/locations/133/texts/0/text"	"Вы направили свой летательный аппарат вниз, прямо туда, где находился свод арки. Как оказалось, пролететь над или под аркой в такой конфигурации не удалось бы - пеленг врезался в арку и свалился вниз, где за него взялись двое охранников. Когда они покончили с ним, то взялись за вас."	"Quest Feipsycho.qmm: locations.133.texts.0.text. Preserve every <tag> exactly."	"Quest,Feipsycho"	"Вы накіравалі свой лятальны апарат уніз, проста туды, дзе было скляпеньне аркі. Як аказалася, праляцець над аркай ці пад ёю ў такой канфігурацыі не ўдалося б — пеленг урэзаўся ў арку і зваліўся ўніз, дзе за яго ўзяліся двое ахоўнікаў. Калі яны пакончылі зь ім, то ўзяліся за вас."
"/quests/Feipsycho.qmm/locations/134/texts/0/text"	"Вы направили свой летательный аппарат вверх, над сводом арки. Как оказалось, пролететь над аркой в такой конфигурации не удалось бы - пеленг врезался в арку и свалился вниз, где за него взялись двое охранников. Когда они покончили с ним, то взялись за вас."	"Quest Feipsycho.qmm: locations.134.texts.0.text. Preserve every <tag> exactly."	"Quest,Feipsycho"	"Вы накіравалі свой лятальны апарат угору, над скляпеньнем аркі. Як аказалася, праляцець над аркай у такой канфігурацыі не ўдалося б — пеленг урэзаўся ў арку і зваліўся ўніз, дзе за яго ўзяліся двое ахоўнікаў. Калі яны пакончылі зь ім, то ўзяліся за вас."
"/quests/Feipsycho.qmm/locations/135/texts/0/text"	"Вы не стали менять курс, в расчете на то, чтобы пролететь над сводом арки. Вы пролетели, а пеленг, вцепившийся вам в ноги - нет. Он врезался в нее и свалился вниз. Охранники тут же заметили вас и открыли огонь."	"Quest Feipsycho.qmm: locations.135.texts.0.text. Preserve every <tag> exactly."	"Quest,Feipsycho"	"Вы не сталі мяняць курс, разьлічваючы праляцець над скляпеньнем аркі. Вы праляцелі, а пеленг, што ўчапіўся вам у ногі — не. Ён урэзаўся ў яе і зваліўся ўніз. Ахоўнікі адразу заўважылі вас і адкрылі агонь."
"/quests/Feipsycho.qmm/locations/136/texts/0/text"	"Аккуратно маневрируя, вы смогли вылететь на улицу, не задев свод арки. Охранники даже ничего не заметили. Через некоторое время вы бросили летающего робота у подножия огромного памятника какому-то андроиду, и отправились в космопорт в сопровождении пеленга."	"Quest Feipsycho.qmm: locations.136.texts.0.text. Preserve every <tag> exactly."	"Quest,Feipsycho"	"Акуратна манеўруючы, вы змаглі вылецець на вуліцу, не закрануўшы скляпеньня аркі. Ахоўнікі нават нічога не заўважылі. Праз некаторы час вы кінулі лятучага робата ля падножжа вялізнага помніка нейкаму андроіду і накіраваліся ў касмапорт у суправаджэньні пеленга."
"/quests/Feipsycho.qmm/locations/137/texts/0/text"	"Наконец, добравшись до международной зоны космопорта и успокоившись, вы спросили пеленга-спецагента, в чем же заключалась его разведывательная миссия, и как его угораздило чуть было не попасться. В ответ тот расцвел в улыбке:
- Будь спокоен, рейнджер! Все необходимое - в том конверте, который у тебя в руках.
- А как же то, что у тебя ""в голове""? Ты сам доложишься своему начальству?
- Я же сказал - все необходимое в конверте. Все. Просто мне совсем не хотелось там оставаться в качестве приманки. Думаю, таков был расчет моего начальства - кинуть меня там и отвлечь внимание фэян от передачи информации. Впрочем, так будет даже лучше. Теперь они вообще должны быть довольны. Ладно, рейнджер, дальше ты сам по себе! - с этими словами пеленг повернулся и почти мгновенно скрылся в толпе.
Ну а вам остается только доставить пакет на планету <FromPlanet>."	"Quest Feipsycho.qmm: locations.137.texts.0.text. Preserve every <tag> exactly."	"Quest,Feipsycho"	"Нарэшце, дабраўшыся да міжнароднай зоны касмапорту і супакоіўшыся, вы спыталі пеленга, таемнага агента, у чым жа была яго выведная місія і як ён ледзь не папаўся. У адказ той расьцьвіў ва ўсьмешцы:
- Будзь спакойны, рэйнджэр! Усё неабходнае — у тым канвэрце, які ў цябе ў руках.
- А як жа тое, што ў цябе ""у галаве""? Ты сам даложыш свайму начальству?
- Я ж сказаў — усё неабходнае ў канвэрце. Усё. Проста мне зусім не хацелася там заставацца ў якасьці прынады. Думаю, такі быў разьлік майго начальства — кінуць мяне там і адцягнуць увагу фэянаў ад перадачы інфармацыі. Зрэшты, так будзе нават лепей. Цяпер яны наогул павінны быць задаволеныя. Добра, рэйнджэр, далей ты сам па сабе! — з гэтымі словамі пеленг павярнуўся і амаль імгненна зьнік у натоўпе.
Ну а вам застаецца толькі даставіць пакет на плянэту <FromPlanet>."
"/quests/Feipsycho.qmm/locations/138/texts/0/text"	"Вы рванули в сторону выхода со двора, но вовремя заметили, что пеленга рядом с вами нет. Обернувшись, вы увидели его - он стоял с ошарашенным лицом у стены и держался за нее всеми четырьмя руками, стараясь не упасть. А ведь у него в голове целая куча ценных сведений, да и вообще - мало ли какую пакость может совершить пеленг в момент опасности!"	"Quest Feipsycho.qmm: locations.138.texts.0.text. Preserve every <tag> exactly."	"Quest,Feipsycho"	"Вы рванулі ў бок выхаду з двара, але своечасова заўважылі, што пеленга побач з вамі няма. Абярнуўшыся, вы ўбачылі яго — ён стаяў з ашаломленым тварам каля сьцяны і трымаўся за яе ўсімі чатырма рукамі, стараючыся не ўпасьці. А бо ў яго ў галаве цэлая куча каштоўных зьвестак, ды і наогул — мала якую подласьць можа ўчыніць пеленг у момант небясьпекі!"
"/quests/Feipsycho.qmm/locations/139/texts/0/text"	"- Хорошо, я расскажу, как это делается. Для этого нужно закрыть руками оба индикатора работы лифта. На самом деле там не только индикаторы, там под стеклом еще и детекторы. В общем, как только руками закроешь - так лифт и спустится."	"Quest Feipsycho.qmm: locations.139.texts.0.text. Preserve every <tag> exactly."	"Quest,Feipsycho"	"- Добра, я раскажу, як гэта робіцца. Для гэтага трэба закрыць рукамі абодва індыкатары працы ліфта. Насамрэч там ня толькі індыкатары, там пад шклом яшчэ і дэтэктары. Адным словам, як толькі рукамі закрыеш — так ліфт і спусьціцца."
"/quests/Feipsycho.qmm/locations/139/texts/1/text"	"- О, досточтимый Артемий, как можно попасть в лифт? Как выбраться наверх?
- Хорошо, я расскажу, как это делается. Подойди к дверям, подними руку и стукни. Потом еще раз стукни. А потом еще раз. Когда три раза стукнешь - двери откроются."	"Quest Feipsycho.qmm: locations.139.texts.1.text. Preserve every <tag> exactly."	"Quest,Feipsycho"	"- О шаноўны Арцемій, як можна патрапіць у ліфт? Як выбрацца ўгору?
- Добра, я раскажу, як гэта робіцца. Падыдзі да дзьвярэй, падымі руку і стукні. Потым яшчэ раз стукні. А потым яшчэ раз. Калі тройчы стукнеш — дзьверы адчыняцца."
"/quests/Feipsycho.qmm/locations/139/texts/2/text"	"- О, досточтимый Артемий, как можно попасть в лифт? Как выбраться наверх?
- Хорошо, я расскажу, как это делается. Надо взяться руками за косяки и потянуть вниз."	"Quest Feipsycho.qmm: locations.139.texts.2.text. Preserve every <tag> exactly."	"Quest,Feipsycho"	"- О шаноўны Арцемій, як можна патрапіць у ліфт? Як выбрацца ўгору?
- Добра, я раскажу, як гэта робіцца. Трэба ўзяцца рукамі за вушакі і пацягнуць уніз."
"/quests/Feipsycho.qmm/locations/139/texts/3/text"	"- О, досточтимый Артемий, как можно попасть в лифт? Как выбраться наверх?
- Хорошо, я расскажу, как это делается. Надо взяться руками за косяки и потянуть вверх."	"Quest Feipsycho.qmm: locations.139.texts.3.text. Preserve every <tag> exactly."	"Quest,Feipsycho"	"- О шаноўны Арцемій, як можна патрапіць у ліфт? Як выбрацца ўгору?
- Добра, я раскажу, як гэта робіцца. Трэба ўзяцца рукамі за вушакі і пацягнуць угору."
"/quests/Feipsycho.qmm/locations/139/texts/4/text"	"- О, досточтимый Артемий, как можно попасть в лифт? Как выбраться наверх?
- Хорошо, я расскажу, как это делается. Надо постучать ногой в стену слева от лифта."	"Quest Feipsycho.qmm: locations.139.texts.4.text. Preserve every <tag> exactly."	"Quest,Feipsycho"	"- О шаноўны Арцемій, як можна патрапіць у ліфт? Як выбрацца ўгору?
- Добра, я раскажу, як гэта робіцца. Трэба пастукаць нагой у сьцяну зьлева ад ліфта."
"/quests/Feipsycho.qmm/locations/139/texts/5/text"	"- О, досточтимый Артемий, как можно попасть в лифт? Как выбраться наверх?
- Хорошо, я расскажу, как это делается. Надо постучать ногой в стену справа от лифта."	"Quest Feipsycho.qmm: locations.139.texts.5.text. Preserve every <tag> exactly."	"Quest,Feipsycho"	"- О шаноўны Арцемій, як можна патрапіць у ліфт? Як выбрацца ўгору?
- Добра, я раскажу, як гэта робіцца. Трэба пастукаць нагой у сьцяну справа ад ліфта."
"/quests/Feipsycho.qmm/locations/139/texts/6/text"	"- О, досточтимый Артемий, как можно попасть в лифт? Как выбраться наверх?
- Хорошо, я расскажу, как это делается. Это довольно просто - подходишь к дверям лифта и говоришь ""Сим-сим, откройся!"". Так санитары делают."	"Quest Feipsycho.qmm: locations.139.texts.6.text. Preserve every <tag> exactly."	"Quest,Feipsycho"	"- О шаноўны Арцемій, як можна патрапіць у ліфт? Як выбрацца ўгору?
- Добра, я раскажу, як гэта робіцца. Гэта даволі проста — падыходзіш да дзьвярэй ліфта і кажаш ""Сэзам, адчыніся!"". Так санітары і робяць."
"/quests/Feipsycho.qmm/locations/139/texts/7/text"	"- О, досточтимый Артемий, как можно попасть в лифт? Как выбраться наверх?
- Хорошо, я расскажу, как это делается. Для этого придется трижды хлопнуть в ладоши."	"Quest Feipsycho.qmm: locations.139.texts.7.text. Preserve every <tag> exactly."	"Quest,Feipsycho"	"- О шаноўны Арцемій, як можна патрапіць у ліфт? Як выбрацца ўгору?
- Добра, я раскажу, як гэта робіцца. Для гэтага давядзецца тройчы пляснуць у далоні."
"/quests/Feipsycho.qmm/locations/140/texts/0/text"	"- Электроглазенки прикрой!
- Чего-чего?
- Ну бишь, сказываю, там глаз эдакий торчит прям из стяны, вот ему обозреньице-то и закрой. Ну, там уж по своему разуменью - хоть закопти!"	"Quest Feipsycho.qmm: locations.140.texts.0.text. Preserve every <tag> exactly."	"Quest,Feipsycho"	"- Электрычныя вочкі прыкрый!
- Чаго-чаго?
- Ну значыць, кажу, там вока такое тырчыць проста са сьцяны, вось яму агляд і зачыні. Ну, там ужо па сваім разуменьні — хоць закапці!"
"/quests/Feipsycho.qmm/locations/140/texts/1/text"	"- Как можно попасть в лифт? Как выбраться наверх?
- А ты, как подвалишься, устрой ему колебание небольшое. Стукни, я разумею."	"Quest Feipsycho.qmm: locations.140.texts.1.text. Preserve every <tag> exactly."	"Quest,Feipsycho"	"- Як можна патрапіць у ліфт? Як выбрацца ўгору?
- А ты, як падыдзеш, зрабі яму хістаньне невялікае. Стукні, я разумею."
"/quests/Feipsycho.qmm/locations/140/texts/2/text"	"- Как можно попасть в лифт? Как выбраться наверх?
- За дверный проем ухватись, да вниз и потягай!"	"Quest Feipsycho.qmm: locations.140.texts.2.text. Preserve every <tag> exactly."	"Quest,Feipsycho"	"- Як можна патрапіць у ліфт? Як выбрацца ўгору?
- За дзьвярны праём ухапіся, ды ўніз і пацягні!"
"/quests/Feipsycho.qmm/locations/140/texts/3/text"	"- Как можно попасть в лифт? Как выбраться наверх?
- За дверный проем ухватись да вверх и потягай!"	"Quest Feipsycho.qmm: locations.140.texts.3.text. Preserve every <tag> exactly."	"Quest,Feipsycho"	"- Як можна патрапіць у ліфт? Як выбрацца ўгору?
- За дзьвярны праём ухапіся ды ўгору і пацягні!"
"/quests/Feipsycho.qmm/locations/140/texts/4/text"	"- Как можно попасть в лифт? Как выбраться наверх?
- Ногу свою вознесь и сотряси стены сии ударяючи! Только стукай, говорю, с левого края."	"Quest Feipsycho.qmm: locations.140.texts.4.text. Preserve every <tag> exactly."	"Quest,Feipsycho"	"- Як можна патрапіць у ліфт? Як выбрацца ўгору?
- Нагу сваю ўзьнясі і страсяні сьцены гэтыя ўдараючы! Толькі стукай, кажу, зь левага краю."
"/quests/Feipsycho.qmm/locations/140/texts/5/text"	"- Как можно попасть в лифт? Как выбраться наверх?
- Ногу свою вознесь и сотряси стены сии ударяючи! Только стукай, говорю, с правого края."	"Quest Feipsycho.qmm: locations.140.texts.5.text. Preserve every <tag> exactly."	"Quest,Feipsycho"	"- Як можна патрапіць у ліфт? Як выбрацца ўгору?
- Нагу сваю ўзьнясі і страсяні сьцены гэтыя ўдараючы! Толькі стукай, кажу, з правага краю."
"/quests/Feipsycho.qmm/locations/140/texts/6/text"	"- Как можно попасть в лифт? Как выбраться наверх?
- Подкатываешь, рот разяваючи, да и молвишь што-нить навродесь: ""Сим-сим, отворяй ворота!"""	"Quest Feipsycho.qmm: locations.140.texts.6.text. Preserve every <tag> exactly."	"Quest,Feipsycho"	"- Як можна патрапіць у ліфт? Як выбрацца ўгору?
- Падыходзіш, рот разявіўшы, ды і мовіш што-небудзь накшталт: ""Сэзам, адчыняй вароты!"""
"/quests/Feipsycho.qmm/locations/140/texts/7/text"	"- Как можно попасть в лифт? Как выбраться наверх?
- Ох, ударяй корягою об корягу, да на том и буде, что трижды хлопнуть нужно."	"Quest Feipsycho.qmm: locations.140.texts.7.text. Preserve every <tag> exactly."	"Quest,Feipsycho"	"- Як можна патрапіць у ліфт? Як выбрацца ўгору?
- Ох, ударай лапаю аб лапу, ды на тым і будзе, што тройчы пляснуць трэба."
"/quests/Feipsycho.qmm/jumps/0/text"	"Войти внутрь"	"Quest Feipsycho.qmm: jumps.0.text. Preserve every <tag> exactly."	"Quest,Feipsycho"	"Увайсьці ў сярэдзіну"
"/quests/Feipsycho.qmm/jumps/1/text"	"Отвечай, гадина, где наш спецагент?"	"Quest Feipsycho.qmm: jumps.1.text. Preserve every <tag> exactly."	"Quest,Feipsycho"	"Адказвай, паскуда, дзе наш таемны агент?"
"/quests/Feipsycho.qmm/jumps/2/text"	"Это, определенно, ловушка! Пора удирать..."	"Quest Feipsycho.qmm: jumps.2.text. Preserve every <tag> exactly."	"Quest,Feipsycho"	"Гэта, несумненна, пастка! Пара ўцякаць..."
"/quests/Feipsycho.qmm/jumps/3/text"	"Очнуться"	"Quest Feipsycho.qmm: jumps.3.text. Preserve every <tag> exactly."	"Quest,Feipsycho"	"Ачомацца"
"/quests/Feipsycho.qmm/jumps/4/text"	"Протереть глаза"	"Quest Feipsycho.qmm: jumps.4.text. Preserve every <tag> exactly."	"Quest,Feipsycho"	"Працерці вочы"
"/quests/Feipsycho.qmm/jumps/5/text"	"Ответить доктору"	"Quest Feipsycho.qmm: jumps.5.text. Preserve every <tag> exactly."	"Quest,Feipsycho"	"Адказаць доктару"
"/quests/Feipsycho.qmm/jumps/19/text"	"Подойти к первой двери"	"Quest Feipsycho.qmm: jumps.19.text. Preserve every <tag> exactly."	"Quest,Feipsycho"	"Падысьці да першых дзьвярэй"
"/quests/Feipsycho.qmm/jumps/20/text"	"Подойти ко второй двери"	"Quest Feipsycho.qmm: jumps.20.text. Preserve every <tag> exactly."	"Quest,Feipsycho"	"Падысьці да другіх дзьвярэй"
"/quests/Feipsycho.qmm/jumps/21/text"	"Подойти к третьей двери"	"Quest Feipsycho.qmm: jumps.21.text. Preserve every <tag> exactly."	"Quest,Feipsycho"	"Падысьці да трэціх дзьвярэй"
"/quests/Feipsycho.qmm/jumps/22/text"	"Подойти к четвертой двери"	"Quest Feipsycho.qmm: jumps.22.text. Preserve every <tag> exactly."	"Quest,Feipsycho"	"Падысьці да чацьвёртых дзьвярэй"
"/quests/Feipsycho.qmm/jumps/23/text"	"Подойти к пятой двери"	"Quest Feipsycho.qmm: jumps.23.text. Preserve every <tag> exactly."	"Quest,Feipsycho"	"Падысьці да пятых дзьвярэй"
"/quests/Feipsycho.qmm/jumps/24/text"	"2"	"Quest Feipsycho.qmm: jumps.24.text. Preserve every <tag> exactly."	"Quest,Feipsycho"	"2"
"/quests/Feipsycho.qmm/jumps/25/text"	"3"	"Quest Feipsycho.qmm: jumps.25.text. Preserve every <tag> exactly."	"Quest,Feipsycho"	"3"
"/quests/Feipsycho.qmm/jumps/26/text"	"1"	"Quest Feipsycho.qmm: jumps.26.text. Preserve every <tag> exactly."	"Quest,Feipsycho"	"1"
"/quests/Feipsycho.qmm/jumps/27/text"	"4"	"Quest Feipsycho.qmm: jumps.27.text. Preserve every <tag> exactly."	"Quest,Feipsycho"	"4"
"/quests/Feipsycho.qmm/jumps/28/text"	"Сказать ""Здрасьте, любезный"""	"Quest Feipsycho.qmm: jumps.28.text. Preserve every <tag> exactly."	"Quest,Feipsycho"	"Сказаць ""Здароў, ласкавы"""
"/quests/Feipsycho.qmm/jumps/29/text"	"Со всей силы ударить его по морде"	"Quest Feipsycho.qmm: jumps.29.text. Preserve every <tag> exactly."	"Quest,Feipsycho"	"З усёй сілы ўдарыць яго па пысе"
"/quests/Feipsycho.qmm/jumps/30/text"	"Врезать ногой с разворота"	"Quest Feipsycho.qmm: jumps.30.text. Preserve every <tag> exactly."	"Quest,Feipsycho"	"Уляпіць нагой з развароту"
"/quests/Feipsycho.qmm/jumps/31/text"	"Ударить малока в плечо"	"Quest Feipsycho.qmm: jumps.31.text. Preserve every <tag> exactly."	"Quest,Feipsycho"	"Ударыць малока ў плячо"
"/quests/Feipsycho.qmm/jumps/32/text"	"Поведать ему историю о том, как вы уничтожили доминаторского босса Текстона"	"Quest Feipsycho.qmm: jumps.32.text. Preserve every <tag> exactly."	"Quest,Feipsycho"	"Расказаць яму гісторыю пра тое, як вы зьнішчылі дамінатарскага боса Тэкстона"
"/quests/Feipsycho.qmm/jumps/33/text"	"Рассказать про ваше пиратское прошлое"	"Quest Feipsycho.qmm: jumps.33.text. Preserve every <tag> exactly."	"Quest,Feipsycho"	"Расказаць пра ваша пірацкае мінулае"
"/quests/Feipsycho.qmm/jumps/34/text"	"Рассказать про ваши подвиги в сражениях с доминаторами"	"Quest Feipsycho.qmm: jumps.34.text. Preserve every <tag> exactly."	"Quest,Feipsycho"	"Расказаць пра вашы подзьвігі ў бітвах з дамінатарамі"
"/quests/Feipsycho.qmm/jumps/35/text"	"Здрасьте, любезный"	"Quest Feipsycho.qmm: jumps.35.text. Preserve every <tag> exactly."	"Quest,Feipsycho"	"Здароў, ласкавы"
"/quests/Feipsycho.qmm/jumps/36/text"	"Здорово, как жизнь молодая?"	"Quest Feipsycho.qmm: jumps.36.text. Preserve every <tag> exactly."	"Quest,Feipsycho"	"Здарова, як жыцьцё маладое?"
"/quests/Feipsycho.qmm/jumps/37/text"	"Йо, чувак! Держи корягу!"	"Quest Feipsycho.qmm: jumps.37.text. Preserve every <tag> exactly."	"Quest,Feipsycho"	"Эй, хлопец! Трымай лапу!"
"/quests/Feipsycho.qmm/jumps/38/text"	"Приветствую, о Артемий Пылевзбучивый!"	"Quest Feipsycho.qmm: jumps.38.text. Preserve every <tag> exactly."	"Quest,Feipsycho"	"Вітаю, о Арцемій Пылеўзбучывы!"
"/quests/Feipsycho.qmm/jumps/39/text"	"Неужто вы и впрямь думаете, что это убежище - временное?"	"Quest Feipsycho.qmm: jumps.39.text. Preserve every <tag> exactly."	"Quest,Feipsycho"	"Няўжо вы і сапраўды думаеце, што гэтае сховішча — часовае?"
"/quests/Feipsycho.qmm/jumps/40/text"	"Не кажется ли вам, что стоит задуматься о побеге отсюда?"	"Quest Feipsycho.qmm: jumps.40.text. Preserve every <tag> exactly."	"Quest,Feipsycho"	"Ці не здаецца вам, што варта задумацца пра ўцёкі адсюль?"
"/quests/Feipsycho.qmm/jumps/41/text"	"Вы действительно считаете свое убежище скромным?"	"Quest Feipsycho.qmm: jumps.41.text. Preserve every <tag> exactly."	"Quest,Feipsycho"	"Вы сапраўды лічыце сваё сховішча сьціплым?"
"/quests/Feipsycho.qmm/jumps/42/text"	"Сто пятьдесят четыре"	"Quest Feipsycho.qmm: jumps.42.text. Preserve every <tag> exactly."	"Quest,Feipsycho"	"Сто пяцьдзясят чатыры"
"/quests/Feipsycho.qmm/jumps/43/text"	"Сто пятьдесят"	"Quest Feipsycho.qmm: jumps.43.text. Preserve every <tag> exactly."	"Quest,Feipsycho"	"Сто пяцьдзясят"
"/quests/Feipsycho.qmm/jumps/44/text"	"Сто пятьдесят шесть"	"Quest Feipsycho.qmm: jumps.44.text. Preserve every <tag> exactly."	"Quest,Feipsycho"	"Сто пяцьдзясят шэсьць"
"/quests/Feipsycho.qmm/jumps/45/text"	"Сто пятьдесят восемь"	"Quest Feipsycho.qmm: jumps.45.text. Preserve every <tag> exactly."	"Quest,Feipsycho"	"Сто пяцьдзясят восем"
"/quests/Feipsycho.qmm/jumps/46/text"	"Двадцать семь"	"Quest Feipsycho.qmm: jumps.46.text. Preserve every <tag> exactly."	"Quest,Feipsycho"	"Дваццаць сем"
"/quests/Feipsycho.qmm/jumps/47/text"	"Миллион"	"Quest Feipsycho.qmm: jumps.47.text. Preserve every <tag> exactly."	"Quest,Feipsycho"	"Мільён"
"/quests/Feipsycho.qmm/jumps/48/text"	"Двадцать восемь"	"Quest Feipsycho.qmm: jumps.48.text. Preserve every <tag> exactly."	"Quest,Feipsycho"	"Дваццаць восем"
"/quests/Feipsycho.qmm/jumps/49/text"	"Сто пятьдесят два"	"Quest Feipsycho.qmm: jumps.49.text. Preserve every <tag> exactly."	"Quest,Feipsycho"	"Сто пяцьдзясят два"
"/quests/Feipsycho.qmm/jumps/50/text"	"Здрасьте, любезный"	"Quest Feipsycho.qmm: jumps.50.text. Preserve every <tag> exactly."	"Quest,Feipsycho"	"Здароў, ласкавы"
"/quests/Feipsycho.qmm/jumps/51/text"	"Не подскажете, как пройти в местную библиотеку?"	"Quest Feipsycho.qmm: jumps.51.text. Preserve every <tag> exactly."	"Quest,Feipsycho"	"Не падкажаце, як прайсьці ў мясцовую бібліятэку?"
"/quests/Feipsycho.qmm/jumps/52/text"	"Мочи фиолетовых!"	"Quest Feipsycho.qmm: jumps.52.text. Preserve every <tag> exactly."	"Quest,Feipsycho"	"Завалі фіялетавых!"
"/quests/Feipsycho.qmm/jumps/53/text"	"Сегодня вам предлагается удивительный прибор..."	"Quest Feipsycho.qmm: jumps.53.text. Preserve every <tag> exactly."	"Quest,Feipsycho"	"Сёньня вам прапануецца дзіўны прыбор..."
"/quests/Feipsycho.qmm/jumps/54/text"	"Уважаемый господин Мозалг-Доп-Лагниф, позвольте обратиться"	"Quest Feipsycho.qmm: jumps.54.text. Preserve every <tag> exactly."	"Quest,Feipsycho"	"Шаноўны спадар Мозалг-Доп-Лагніф, дазвольце зьвярнуцца"
"/quests/Feipsycho.qmm/jumps/55/text"	"Э-э-э..."	"Quest Feipsycho.qmm: jumps.55.text. Preserve every <tag> exactly."	"Quest,Feipsycho"	"Э-э-э..."
"/quests/Feipsycho.qmm/jumps/56/text"	"Крош-ш-шка, поз-з-звони мне на радарный"	"Quest Feipsycho.qmm: jumps.56.text. Preserve every <tag> exactly."	"Quest,Feipsycho"	"Крошка, пазвані мне на радарны"
"/quests/Feipsycho.qmm/jumps/57/text"	"Зайти в дверь"	"Quest Feipsycho.qmm: jumps.57.text. Preserve every <tag> exactly."	"Quest,Feipsycho"	"Зайсьці ў дзьверы"
"/quests/Feipsycho.qmm/jumps/58/text"	"Зайти в дверь"	"Quest Feipsycho.qmm: jumps.58.text. Preserve every <tag> exactly."	"Quest,Feipsycho"	"Зайсьці ў дзьверы"
"/quests/Feipsycho.qmm/jumps/59/text"	"Зайти в дверь"	"Quest Feipsycho.qmm: jumps.59.text. Preserve every <tag> exactly."	"Quest,Feipsycho"	"Зайсьці ў дзьверы"
"/quests/Feipsycho.qmm/jumps/60/text"	"Зайти в дверь"	"Quest Feipsycho.qmm: jumps.60.text. Preserve every <tag> exactly."	"Quest,Feipsycho"	"Зайсьці ў дзьверы"
"/quests/Feipsycho.qmm/jumps/61/text"	"Зайти в дверь"	"Quest Feipsycho.qmm: jumps.61.text. Preserve every <tag> exactly."	"Quest,Feipsycho"	"Зайсьці ў дзьверы"
"/quests/Feipsycho.qmm/jumps/62/text"	"Зайти в дверь"	"Quest Feipsycho.qmm: jumps.62.text. Preserve every <tag> exactly."	"Quest,Feipsycho"	"Зайсьці ў дзьверы"
"/quests/Feipsycho.qmm/jumps/63/text"	"Зайти в дверь"	"Quest Feipsycho.qmm: jumps.63.text. Preserve every <tag> exactly."	"Quest,Feipsycho"	"Зайсьці ў дзьверы"
"/quests/Feipsycho.qmm/jumps/64/text"	"Зайти в дверь"	"Quest Feipsycho.qmm: jumps.64.text. Preserve every <tag> exactly."	"Quest,Feipsycho"	"Зайсьці ў дзьверы"
"/quests/Feipsycho.qmm/jumps/65/text"	"Зайти в дверь"	"Quest Feipsycho.qmm: jumps.65.text. Preserve every <tag> exactly."	"Quest,Feipsycho"	"Зайсьці ў дзьверы"
"/quests/Feipsycho.qmm/jumps/66/text"	"Зайти в дверь"	"Quest Feipsycho.qmm: jumps.66.text. Preserve every <tag> exactly."	"Quest,Feipsycho"	"Зайсьці ў дзьверы"
"/quests/Feipsycho.qmm/jumps/67/text"	"Зайти в дверь"	"Quest Feipsycho.qmm: jumps.67.text. Preserve every <tag> exactly."	"Quest,Feipsycho"	"Зайсьці ў дзьверы"
"/quests/Feipsycho.qmm/jumps/68/text"	"Зайти в дверь"	"Quest Feipsycho.qmm: jumps.68.text. Preserve every <tag> exactly."	"Quest,Feipsycho"	"Зайсьці ў дзьверы"
"/quests/Feipsycho.qmm/jumps/69/text"	"Зайти в дверь"	"Quest Feipsycho.qmm: jumps.69.text. Preserve every <tag> exactly."	"Quest,Feipsycho"	"Зайсьці ў дзьверы"
"/quests/Feipsycho.qmm/jumps/70/text"	"Зайти в дверь"	"Quest Feipsycho.qmm: jumps.70.text. Preserve every <tag> exactly."	"Quest,Feipsycho"	"Зайсьці ў дзьверы"
"/quests/Feipsycho.qmm/jumps/71/text"	"Зайти в дверь"	"Quest Feipsycho.qmm: jumps.71.text. Preserve every <tag> exactly."	"Quest,Feipsycho"	"Зайсьці ў дзьверы"
"/quests/Feipsycho.qmm/jumps/72/text"	"Зайти в дверь"	"Quest Feipsycho.qmm: jumps.72.text. Preserve every <tag> exactly."	"Quest,Feipsycho"	"Зайсьці ў дзьверы"
"/quests/Feipsycho.qmm/jumps/73/text"	"Зайти в дверь"	"Quest Feipsycho.qmm: jumps.73.text. Preserve every <tag> exactly."	"Quest,Feipsycho"	"Зайсьці ў дзьверы"
"/quests/Feipsycho.qmm/jumps/74/text"	"Зайти в дверь"	"Quest Feipsycho.qmm: jumps.74.text. Preserve every <tag> exactly."	"Quest,Feipsycho"	"Зайсьці ў дзьверы"
"/quests/Feipsycho.qmm/jumps/75/text"	"Зайти в дверь"	"Quest Feipsycho.qmm: jumps.75.text. Preserve every <tag> exactly."	"Quest,Feipsycho"	"Зайсьці ў дзьверы"
"/quests/Feipsycho.qmm/jumps/76/text"	"Зайти в дверь"	"Quest Feipsycho.qmm: jumps.76.text. Preserve every <tag> exactly."	"Quest,Feipsycho"	"Зайсьці ў дзьверы"
"/quests/Feipsycho.qmm/jumps/77/text"	"Зайти в дверь"	"Quest Feipsycho.qmm: jumps.77.text. Preserve every <tag> exactly."	"Quest,Feipsycho"	"Зайсьці ў дзьверы"
"/quests/Feipsycho.qmm/jumps/78/text"	"Зайти в дверь"	"Quest Feipsycho.qmm: jumps.78.text. Preserve every <tag> exactly."	"Quest,Feipsycho"	"Зайсьці ў дзьверы"
"/quests/Feipsycho.qmm/jumps/79/text"	"Зайти в дверь"	"Quest Feipsycho.qmm: jumps.79.text. Preserve every <tag> exactly."	"Quest,Feipsycho"	"Зайсьці ў дзьверы"
"/quests/Feipsycho.qmm/jumps/80/text"	"Зайти в дверь"	"Quest Feipsycho.qmm: jumps.80.text. Preserve every <tag> exactly."	"Quest,Feipsycho"	"Зайсьці ў дзьверы"
"/quests/Feipsycho.qmm/jumps/81/text"	"Зайти в дверь"	"Quest Feipsycho.qmm: jumps.81.text. Preserve every <tag> exactly."	"Quest,Feipsycho"	"Зайсьці ў дзьверы"
"/quests/Feipsycho.qmm/jumps/82/text"	"Подойти к лифту"	"Quest Feipsycho.qmm: jumps.82.text. Preserve every <tag> exactly."	"Quest,Feipsycho"	"Падысьці да ліфта"
"/quests/Feipsycho.qmm/jumps/83/text"	"Отойти от лифта"	"Quest Feipsycho.qmm: jumps.83.text. Preserve every <tag> exactly."	"Quest,Feipsycho"	"Адысьці ад ліфта"
"/quests/Feipsycho.qmm/jumps/84/text"	"Выйти в коридор"	"Quest Feipsycho.qmm: jumps.84.text. Preserve every <tag> exactly."	"Quest,Feipsycho"	"Выйсьці ў калідор"
"/quests/Feipsycho.qmm/jumps/85/text"	"Выйти в коридор"	"Quest Feipsycho.qmm: jumps.85.text. Preserve every <tag> exactly."	"Quest,Feipsycho"	"Выйсьці ў калідор"
"/quests/Feipsycho.qmm/jumps/86/text"	"Выйти в коридор"	"Quest Feipsycho.qmm: jumps.86.text. Preserve every <tag> exactly."	"Quest,Feipsycho"	"Выйсьці ў калідор"
"/quests/Feipsycho.qmm/jumps/87/text"	"Выйти в коридор"	"Quest Feipsycho.qmm: jumps.87.text. Preserve every <tag> exactly."	"Quest,Feipsycho"	"Выйсьці ў калідор"
"/quests/Feipsycho.qmm/jumps/88/text"	"Выйти в коридор"	"Quest Feipsycho.qmm: jumps.88.text. Preserve every <tag> exactly."	"Quest,Feipsycho"	"Выйсьці ў калідор"
"/quests/Feipsycho.qmm/jumps/89/text"	"Выйти в коридор"	"Quest Feipsycho.qmm: jumps.89.text. Preserve every <tag> exactly."	"Quest,Feipsycho"	"Выйсьці ў калідор"
"/quests/Feipsycho.qmm/jumps/90/text"	"Выйти в коридор"	"Quest Feipsycho.qmm: jumps.90.text. Preserve every <tag> exactly."	"Quest,Feipsycho"	"Выйсьці ў калідор"
"/quests/Feipsycho.qmm/jumps/91/text"	"Выйти в коридор"	"Quest Feipsycho.qmm: jumps.91.text. Preserve every <tag> exactly."	"Quest,Feipsycho"	"Выйсьці ў калідор"
"/quests/Feipsycho.qmm/jumps/92/text"	"Выйти в коридор"	"Quest Feipsycho.qmm: jumps.92.text. Preserve every <tag> exactly."	"Quest,Feipsycho"	"Выйсьці ў калідор"
"/quests/Feipsycho.qmm/jumps/93/text"	"Выйти в коридор"	"Quest Feipsycho.qmm: jumps.93.text. Preserve every <tag> exactly."	"Quest,Feipsycho"	"Выйсьці ў калідор"
"/quests/Feipsycho.qmm/jumps/94/text"	"Выйти в коридор"	"Quest Feipsycho.qmm: jumps.94.text. Preserve every <tag> exactly."	"Quest,Feipsycho"	"Выйсьці ў калідор"
"/quests/Feipsycho.qmm/jumps/95/text"	"Как можно попасть в лифт? Как выбраться наверх?"	"Quest Feipsycho.qmm: jumps.95.text. Preserve every <tag> exactly."	"Quest,Feipsycho"	"Як можна патрапіць у ліфт? Як выбрацца ўгору?"
"/quests/Feipsycho.qmm/jumps/96/text"	"Как можно попасть в лифт? Как выбраться наверх?"	"Quest Feipsycho.qmm: jumps.96.text. Preserve every <tag> exactly."	"Quest,Feipsycho"	"Як можна патрапіць у ліфт? Як выбрацца ўгору?"
"/quests/Feipsycho.qmm/jumps/97/text"	"О досточтимый Артемий, как можно попасть в лифт? Как выбраться наверх?"	"Quest Feipsycho.qmm: jumps.97.text. Preserve every <tag> exactly."	"Quest,Feipsycho"	"О шаноўны Арцемій, як можна патрапіць у ліфт? Як выбрацца ўгору?"
"/quests/Feipsycho.qmm/jumps/98/text"	"Как можно попасть в лифт? Как выбраться наверх?"	"Quest Feipsycho.qmm: jumps.98.text. Preserve every <tag> exactly."	"Quest,Feipsycho"	"Як можна патрапіць у ліфт? Як выбрацца ўгору?"
"/quests/Feipsycho.qmm/jumps/99/text"	"Выйти в коридор"	"Quest Feipsycho.qmm: jumps.99.text. Preserve every <tag> exactly."	"Quest,Feipsycho"	"Выйсьці ў калідор"
"/quests/Feipsycho.qmm/jumps/100/text"	"Закрыть руками индикаторы движения лифта"	"Quest Feipsycho.qmm: jumps.100.text. Preserve every <tag> exactly."	"Quest,Feipsycho"	"Закрыць рукамі індыкатары руху ліфта"
"/quests/Feipsycho.qmm/jumps/101/text"	"Трижды постучать по дверям лифта"	"Quest Feipsycho.qmm: jumps.101.text. Preserve every <tag> exactly."	"Quest,Feipsycho"	"Тройчы пастукаць па дзьвярах ліфта"
"/quests/Feipsycho.qmm/jumps/102/text"	"Схватить руками косяки и потянуть вниз"	"Quest Feipsycho.qmm: jumps.102.text. Preserve every <tag> exactly."	"Quest,Feipsycho"	"Схапіць рукамі вушакі і пацягнуць уніз"
"/quests/Feipsycho.qmm/jumps/103/text"	"Схватить руками косяки и потянуть вверх"	"Quest Feipsycho.qmm: jumps.103.text. Preserve every <tag> exactly."	"Quest,Feipsycho"	"Схапіць рукамі вушакі і пацягнуць угору"
"/quests/Feipsycho.qmm/jumps/104/text"	"Постучать ногой в стену слева от лифта"	"Quest Feipsycho.qmm: jumps.104.text. Preserve every <tag> exactly."	"Quest,Feipsycho"	"Пастукаць нагой у сьцяну зьлева ад ліфта"
"/quests/Feipsycho.qmm/jumps/105/text"	"Постучать ногой в стену справа от лифта"	"Quest Feipsycho.qmm: jumps.105.text. Preserve every <tag> exactly."	"Quest,Feipsycho"	"Пастукаць нагой у сьцяну справа ад ліфта"
"/quests/Feipsycho.qmm/jumps/106/text"	"Сказать ""Сим-сим, откройся!"""	"Quest Feipsycho.qmm: jumps.106.text. Preserve every <tag> exactly."	"Quest,Feipsycho"	"Сказаць ""Сэзам, адчыніся!"""
"/quests/Feipsycho.qmm/jumps/107/text"	"Трижды хлопнуть в ладоши"	"Quest Feipsycho.qmm: jumps.107.text. Preserve every <tag> exactly."	"Quest,Feipsycho"	"Тройчы пляснуць у далоні"
"/quests/Feipsycho.qmm/jumps/108/text"	"Закрыть руками индикаторы движения лифта"	"Quest Feipsycho.qmm: jumps.108.text. Preserve every <tag> exactly."	"Quest,Feipsycho"	"Закрыць рукамі індыкатары руху ліфта"
"/quests/Feipsycho.qmm/jumps/109/text"	"Трижды постучать по дверям лифта"	"Quest Feipsycho.qmm: jumps.109.text. Preserve every <tag> exactly."	"Quest,Feipsycho"	"Тройчы пастукаць па дзьвярах ліфта"
"/quests/Feipsycho.qmm/jumps/110/text"	"Схватить руками косяки и потянуть вниз"	"Quest Feipsycho.qmm: jumps.110.text. Preserve every <tag> exactly."	"Quest,Feipsycho"	"Схапіць рукамі вушакі і пацягнуць уніз"
"/quests/Feipsycho.qmm/jumps/111/text"	"Схватить руками косяки и потянуть вверх"	"Quest Feipsycho.qmm: jumps.111.text. Preserve every <tag> exactly."	"Quest,Feipsycho"	"Схапіць рукамі вушакі і пацягнуць угору"
"/quests/Feipsycho.qmm/jumps/112/text"	"Постучать ногой в стену слева от лифта"	"Quest Feipsycho.qmm: jumps.112.text. Preserve every <tag> exactly."	"Quest,Feipsycho"	"Пастукаць нагой у сьцяну зьлева ад ліфта"
"/quests/Feipsycho.qmm/jumps/113/text"	"Постучать ногой в стену справа от лифта"	"Quest Feipsycho.qmm: jumps.113.text. Preserve every <tag> exactly."	"Quest,Feipsycho"	"Пастукаць нагой у сьцяну справа ад ліфта"
"/quests/Feipsycho.qmm/jumps/114/text"	"Сказать ""Сим-сим, откройся!"""	"Quest Feipsycho.qmm: jumps.114.text. Preserve every <tag> exactly."	"Quest,Feipsycho"	"Сказаць ""Сэзам, адчыніся!"""
"/quests/Feipsycho.qmm/jumps/115/text"	"Трижды хлопнуть в ладоши"	"Quest Feipsycho.qmm: jumps.115.text. Preserve every <tag> exactly."	"Quest,Feipsycho"	"Тройчы пляснуць у далоні"
"/quests/Feipsycho.qmm/jumps/126/text"	"Подняться на лифте"	"Quest Feipsycho.qmm: jumps.126.text. Preserve every <tag> exactly."	"Quest,Feipsycho"	"Падняцца на ліфце"
"/quests/Feipsycho.qmm/jumps/127/text"	"Подняться на лифте"	"Quest Feipsycho.qmm: jumps.127.text. Preserve every <tag> exactly."	"Quest,Feipsycho"	"Падняцца на ліфце"
"/quests/Feipsycho.qmm/jumps/128/text"	"Подняться на лифте"	"Quest Feipsycho.qmm: jumps.128.text. Preserve every <tag> exactly."	"Quest,Feipsycho"	"Падняцца на ліфце"
"/quests/Feipsycho.qmm/jumps/129/text"	"Подняться на лифте"	"Quest Feipsycho.qmm: jumps.129.text. Preserve every <tag> exactly."	"Quest,Feipsycho"	"Падняцца на ліфце"
"/quests/Feipsycho.qmm/jumps/130/text"	"Подняться на лифте"	"Quest Feipsycho.qmm: jumps.130.text. Preserve every <tag> exactly."	"Quest,Feipsycho"	"Падняцца на ліфце"
"/quests/Feipsycho.qmm/jumps/131/text"	"Подняться на лифте"	"Quest Feipsycho.qmm: jumps.131.text. Preserve every <tag> exactly."	"Quest,Feipsycho"	"Падняцца на ліфце"
"/quests/Feipsycho.qmm/jumps/132/text"	"Подняться на лифте"	"Quest Feipsycho.qmm: jumps.132.text. Preserve every <tag> exactly."	"Quest,Feipsycho"	"Падняцца на ліфце"
"/quests/Feipsycho.qmm/jumps/133/text"	"Подняться на лифте"	"Quest Feipsycho.qmm: jumps.133.text. Preserve every <tag> exactly."	"Quest,Feipsycho"	"Падняцца на ліфце"
"/quests/Feipsycho.qmm/jumps/134/text"	"Подойти к первой двери"	"Quest Feipsycho.qmm: jumps.134.text. Preserve every <tag> exactly."	"Quest,Feipsycho"	"Падысьці да першых дзьвярэй"
"/quests/Feipsycho.qmm/jumps/135/text"	"Подойти ко второй двери"	"Quest Feipsycho.qmm: jumps.135.text. Preserve every <tag> exactly."	"Quest,Feipsycho"	"Падысьці да другіх дзьвярэй"
"/quests/Feipsycho.qmm/jumps/136/text"	"Подойти к третьей двери"	"Quest Feipsycho.qmm: jumps.136.text. Preserve every <tag> exactly."	"Quest,Feipsycho"	"Падысьці да трэціх дзьвярэй"
"/quests/Feipsycho.qmm/jumps/137/text"	"Подойти к четвертой двери"	"Quest Feipsycho.qmm: jumps.137.text. Preserve every <tag> exactly."	"Quest,Feipsycho"	"Падысьці да чацьвёртых дзьвярэй"
"/quests/Feipsycho.qmm/jumps/138/text"	"Вырубить пакостного пеленга"	"Quest Feipsycho.qmm: jumps.138.text. Preserve every <tag> exactly."	"Quest,Feipsycho"	"Вырубіць паскуднага пеленга"
"/quests/Feipsycho.qmm/jumps/139/text"	"Вырубить слащавого пеленга"	"Quest Feipsycho.qmm: jumps.139.text. Preserve every <tag> exactly."	"Quest,Feipsycho"	"Вырубіць саладжавага пеленга"
"/quests/Feipsycho.qmm/jumps/140/text"	"Вырубить обоих пеленгов"	"Quest Feipsycho.qmm: jumps.140.text. Preserve every <tag> exactly."	"Quest,Feipsycho"	"Вырубіць абодвух пеленгаў"
"/quests/Feipsycho.qmm/jumps/141/text"	"Биореактор по тебе плачет, чучело!"	"Quest Feipsycho.qmm: jumps.141.text. Preserve every <tag> exactly."	"Quest,Feipsycho"	"Біярэактар па табе плача, пудзіла!"
"/quests/Feipsycho.qmm/jumps/142/text"	"Здравствуйте, любезный"	"Quest Feipsycho.qmm: jumps.142.text. Preserve every <tag> exactly."	"Quest,Feipsycho"	"Вітаю, ласкавы"
"/quests/Feipsycho.qmm/jumps/143/text"	"Глядать-видать не в тарелке сплю. Как сам буде?"	"Quest Feipsycho.qmm: jumps.143.text. Preserve every <tag> exactly."	"Quest,Feipsycho"	"Глядзець-бачыць не ў талерцы сплю. Як сам будзе?"
"/quests/Feipsycho.qmm/jumps/144/text"	"Король"	"Quest Feipsycho.qmm: jumps.144.text. Preserve every <tag> exactly."	"Quest,Feipsycho"	"Кароль"
"/quests/Feipsycho.qmm/jumps/145/text"	"Джокер"	"Quest Feipsycho.qmm: jumps.145.text. Preserve every <tag> exactly."	"Quest,Feipsycho"	"Джокер"
"/quests/Feipsycho.qmm/jumps/146/text"	"Четверка"	"Quest Feipsycho.qmm: jumps.146.text. Preserve every <tag> exactly."	"Quest,Feipsycho"	"Чацьвёрка"
"/quests/Feipsycho.qmm/jumps/147/text"	"Пятерка"	"Quest Feipsycho.qmm: jumps.147.text. Preserve every <tag> exactly."	"Quest,Feipsycho"	"Пяцёрка"
"/quests/Feipsycho.qmm/jumps/148/text"	"""Книга Гдабо-бана"""	"Quest Feipsycho.qmm: jumps.148.text. Preserve every <tag> exactly."	"Quest,Feipsycho"	"""Кніга Гдабо-бана"""
"/quests/Feipsycho.qmm/jumps/149/text"	"По имени главного героя"	"Quest Feipsycho.qmm: jumps.149.text. Preserve every <tag> exactly."	"Quest,Feipsycho"	"Па імені галоўнага героя"
"/quests/Feipsycho.qmm/jumps/150/text"	"""Заметки на стенах одиночной камеры"""	"Quest Feipsycho.qmm: jumps.150.text. Preserve every <tag> exactly."	"Quest,Feipsycho"	"""Нататкі на сьценах адзіночнай камэры"""
"/quests/Feipsycho.qmm/jumps/151/text"	"Зайти в дверь"	"Quest Feipsycho.qmm: jumps.151.text. Preserve every <tag> exactly."	"Quest,Feipsycho"	"Зайсьці ў дзьверы"
"/quests/Feipsycho.qmm/jumps/152/text"	"Зайти в дверь"	"Quest Feipsycho.qmm: jumps.152.text. Preserve every <tag> exactly."	"Quest,Feipsycho"	"Зайсьці ў дзьверы"
"/quests/Feipsycho.qmm/jumps/153/text"	"Зайти в дверь"	"Quest Feipsycho.qmm: jumps.153.text. Preserve every <tag> exactly."	"Quest,Feipsycho"	"Зайсьці ў дзьверы"
"/quests/Feipsycho.qmm/jumps/154/text"	"Зайти в дверь"	"Quest Feipsycho.qmm: jumps.154.text. Preserve every <tag> exactly."	"Quest,Feipsycho"	"Зайсьці ў дзьверы"
"/quests/Feipsycho.qmm/jumps/155/text"	"Зайти в дверь"	"Quest Feipsycho.qmm: jumps.155.text. Preserve every <tag> exactly."	"Quest,Feipsycho"	"Зайсьці ў дзьверы"
"/quests/Feipsycho.qmm/jumps/156/text"	"Зайти в дверь"	"Quest Feipsycho.qmm: jumps.156.text. Preserve every <tag> exactly."	"Quest,Feipsycho"	"Зайсьці ў дзьверы"
"/quests/Feipsycho.qmm/jumps/157/text"	"Зайти в дверь"	"Quest Feipsycho.qmm: jumps.157.text. Preserve every <tag> exactly."	"Quest,Feipsycho"	"Зайсьці ў дзьверы"
"/quests/Feipsycho.qmm/jumps/158/text"	"Зайти в дверь"	"Quest Feipsycho.qmm: jumps.158.text. Preserve every <tag> exactly."	"Quest,Feipsycho"	"Зайсьці ў дзьверы"
"/quests/Feipsycho.qmm/jumps/159/text"	"Зайти в дверь"	"Quest Feipsycho.qmm: jumps.159.text. Preserve every <tag> exactly."	"Quest,Feipsycho"	"Зайсьці ў дзьверы"
"/quests/Feipsycho.qmm/jumps/160/text"	"Зайти в дверь"	"Quest Feipsycho.qmm: jumps.160.text. Preserve every <tag> exactly."	"Quest,Feipsycho"	"Зайсьці ў дзьверы"
"/quests/Feipsycho.qmm/jumps/161/text"	"Зайти в дверь"	"Quest Feipsycho.qmm: jumps.161.text. Preserve every <tag> exactly."	"Quest,Feipsycho"	"Зайсьці ў дзьверы"
"/quests/Feipsycho.qmm/jumps/162/text"	"Зайти в дверь"	"Quest Feipsycho.qmm: jumps.162.text. Preserve every <tag> exactly."	"Quest,Feipsycho"	"Зайсьці ў дзьверы"
"/quests/Feipsycho.qmm/jumps/163/text"	"Зайти в дверь"	"Quest Feipsycho.qmm: jumps.163.text. Preserve every <tag> exactly."	"Quest,Feipsycho"	"Зайсьці ў дзьверы"
"/quests/Feipsycho.qmm/jumps/164/text"	"Зайти в дверь"	"Quest Feipsycho.qmm: jumps.164.text. Preserve every <tag> exactly."	"Quest,Feipsycho"	"Зайсьці ў дзьверы"
"/quests/Feipsycho.qmm/jumps/165/text"	"Зайти в дверь"	"Quest Feipsycho.qmm: jumps.165.text. Preserve every <tag> exactly."	"Quest,Feipsycho"	"Зайсьці ў дзьверы"
"/quests/Feipsycho.qmm/jumps/166/text"	"Зайти в дверь"	"Quest Feipsycho.qmm: jumps.166.text. Preserve every <tag> exactly."	"Quest,Feipsycho"	"Зайсьці ў дзьверы"
"/quests/Feipsycho.qmm/jumps/167/text"	"Выйти в коридор"	"Quest Feipsycho.qmm: jumps.167.text. Preserve every <tag> exactly."	"Quest,Feipsycho"	"Выйсьці ў калідор"
"/quests/Feipsycho.qmm/jumps/168/text"	"Выйти в коридор"	"Quest Feipsycho.qmm: jumps.168.text. Preserve every <tag> exactly."	"Quest,Feipsycho"	"Выйсьці ў калідор"
"/quests/Feipsycho.qmm/jumps/169/text"	"Выйти в коридор"	"Quest Feipsycho.qmm: jumps.169.text. Preserve every <tag> exactly."	"Quest,Feipsycho"	"Выйсьці ў калідор"
"/quests/Feipsycho.qmm/jumps/170/text"	"Выйти в коридор"	"Quest Feipsycho.qmm: jumps.170.text. Preserve every <tag> exactly."	"Quest,Feipsycho"	"Выйсьці ў калідор"
"/quests/Feipsycho.qmm/jumps/171/text"	"Выйти в коридор"	"Quest Feipsycho.qmm: jumps.171.text. Preserve every <tag> exactly."	"Quest,Feipsycho"	"Выйсьці ў калідор"
"/quests/Feipsycho.qmm/jumps/172/text"	"Выйти в коридор"	"Quest Feipsycho.qmm: jumps.172.text. Preserve every <tag> exactly."	"Quest,Feipsycho"	"Выйсьці ў калідор"
"/quests/Feipsycho.qmm/jumps/173/text"	"Выйти в коридор"	"Quest Feipsycho.qmm: jumps.173.text. Preserve every <tag> exactly."	"Quest,Feipsycho"	"Выйсьці ў калідор"
"/quests/Feipsycho.qmm/jumps/174/text"	"Выйти в коридор"	"Quest Feipsycho.qmm: jumps.174.text. Preserve every <tag> exactly."	"Quest,Feipsycho"	"Выйсьці ў калідор"
"/quests/Feipsycho.qmm/jumps/175/text"	"Как можно попасть в лифт? Как выбраться наверх?"	"Quest Feipsycho.qmm: jumps.175.text. Preserve every <tag> exactly."	"Quest,Feipsycho"	"Як можна патрапіць у ліфт? Як выбрацца ўгору?"
"/quests/Feipsycho.qmm/jumps/176/text"	"Как можно попасть в лифт? Как выбраться наверх?"	"Quest Feipsycho.qmm: jumps.176.text. Preserve every <tag> exactly."	"Quest,Feipsycho"	"Як можна патрапіць у ліфт? Як выбрацца ўгору?"
"/quests/Feipsycho.qmm/jumps/177/text"	"Как можно попасть в лифт? Как выбраться наверх?"	"Quest Feipsycho.qmm: jumps.177.text. Preserve every <tag> exactly."	"Quest,Feipsycho"	"Як можна патрапіць у ліфт? Як выбрацца ўгору?"
"/quests/Feipsycho.qmm/jumps/178/text"	"Как можно попасть в лифт? Как выбраться наверх?"	"Quest Feipsycho.qmm: jumps.178.text. Preserve every <tag> exactly."	"Quest,Feipsycho"	"Як можна патрапіць у ліфт? Як выбрацца ўгору?"
"/quests/Feipsycho.qmm/jumps/179/text"	"Трижды хлопнуть в ладоши"	"Quest Feipsycho.qmm: jumps.179.text. Preserve every <tag> exactly."	"Quest,Feipsycho"	"Тройчы пляснуць у далоні"
"/quests/Feipsycho.qmm/jumps/180/text"	"Постучать ногой в стену справа от лифта"	"Quest Feipsycho.qmm: jumps.180.text. Preserve every <tag> exactly."	"Quest,Feipsycho"	"Пастукаць нагой у сьцяну справа ад ліфта"
"/quests/Feipsycho.qmm/jumps/181/text"	"Схватить руками косяки и потянуть вверх"	"Quest Feipsycho.qmm: jumps.181.text. Preserve every <tag> exactly."	"Quest,Feipsycho"	"Схапіць рукамі вушакі і пацягнуць угору"
"/quests/Feipsycho.qmm/jumps/182/text"	"Трижды постучать по дверям лифта"	"Quest Feipsycho.qmm: jumps.182.text. Preserve every <tag> exactly."	"Quest,Feipsycho"	"Тройчы пастукаць па дзьвярах ліфта"
"/quests/Feipsycho.qmm/jumps/183/text"	"Закрыть руками индикаторы движения лифта"	"Quest Feipsycho.qmm: jumps.183.text. Preserve every <tag> exactly."	"Quest,Feipsycho"	"Закрыць рукамі індыкатары руху ліфта"
"/quests/Feipsycho.qmm/jumps/184/text"	"Схватить руками косяки и потянуть вниз"	"Quest Feipsycho.qmm: jumps.184.text. Preserve every <tag> exactly."	"Quest,Feipsycho"	"Схапіць рукамі вушакі і пацягнуць уніз"
"/quests/Feipsycho.qmm/jumps/185/text"	"Постучать ногой в стену слева от лифта"	"Quest Feipsycho.qmm: jumps.185.text. Preserve every <tag> exactly."	"Quest,Feipsycho"	"Пастукаць нагой у сьцяну зьлева ад ліфта"
"/quests/Feipsycho.qmm/jumps/186/text"	"Сказать ""Сим-сим, откройся!"""	"Quest Feipsycho.qmm: jumps.186.text. Preserve every <tag> exactly."	"Quest,Feipsycho"	"Сказаць ""Сэзам, адчыніся!"""
"/quests/Feipsycho.qmm/jumps/187/text"	"Трижды хлопнуть в ладоши"	"Quest Feipsycho.qmm: jumps.187.text. Preserve every <tag> exactly."	"Quest,Feipsycho"	"Тройчы пляснуць у далоні"
"/quests/Feipsycho.qmm/jumps/188/text"	"Постучать ногой в стену справа от лифта"	"Quest Feipsycho.qmm: jumps.188.text. Preserve every <tag> exactly."	"Quest,Feipsycho"	"Пастукаць нагой у сьцяну справа ад ліфта"
"/quests/Feipsycho.qmm/jumps/189/text"	"Схватить руками косяки и потянуть вверх"	"Quest Feipsycho.qmm: jumps.189.text. Preserve every <tag> exactly."	"Quest,Feipsycho"	"Схапіць рукамі вушакі і пацягнуць угору"
"/quests/Feipsycho.qmm/jumps/190/text"	"Сказать ""Сим-сим, откройся!"""	"Quest Feipsycho.qmm: jumps.190.text. Preserve every <tag> exactly."	"Quest,Feipsycho"	"Сказаць ""Сэзам, адчыніся!"""
"/quests/Feipsycho.qmm/jumps/191/text"	"Схватить руками косяки и потянуть вниз"	"Quest Feipsycho.qmm: jumps.191.text. Preserve every <tag> exactly."	"Quest,Feipsycho"	"Схапіць рукамі вушакі і пацягнуць уніз"
"/quests/Feipsycho.qmm/jumps/192/text"	"Закрыть руками индикаторы движения лифта"	"Quest Feipsycho.qmm: jumps.192.text. Preserve every <tag> exactly."	"Quest,Feipsycho"	"Закрыць рукамі індыкатары руху ліфта"
"/quests/Feipsycho.qmm/jumps/193/text"	"Трижды постучать по дверям лифта"	"Quest Feipsycho.qmm: jumps.193.text. Preserve every <tag> exactly."	"Quest,Feipsycho"	"Тройчы пастукаць па дзьвярах ліфта"
"/quests/Feipsycho.qmm/jumps/194/text"	"Постучать ногой в стену слева от лифта"	"Quest Feipsycho.qmm: jumps.194.text. Preserve every <tag> exactly."	"Quest,Feipsycho"	"Пастукаць нагой у сьцяну зьлева ад ліфта"
"/quests/Feipsycho.qmm/jumps/195/text"	"Подойти к лифту"	"Quest Feipsycho.qmm: jumps.195.text. Preserve every <tag> exactly."	"Quest,Feipsycho"	"Падысьці да ліфта"
"/quests/Feipsycho.qmm/jumps/196/text"	"Отойти от лифта"	"Quest Feipsycho.qmm: jumps.196.text. Preserve every <tag> exactly."	"Quest,Feipsycho"	"Адысьці ад ліфта"
"/quests/Feipsycho.qmm/jumps/197/text"	"Выйти в коридор"	"Quest Feipsycho.qmm: jumps.197.text. Preserve every <tag> exactly."	"Quest,Feipsycho"	"Выйсьці ў калідор"
"/quests/Feipsycho.qmm/jumps/198/text"	"Подняться на лифте"	"Quest Feipsycho.qmm: jumps.198.text. Preserve every <tag> exactly."	"Quest,Feipsycho"	"Падняцца на ліфце"
"/quests/Feipsycho.qmm/jumps/199/text"	"Подняться на лифте"	"Quest Feipsycho.qmm: jumps.199.text. Preserve every <tag> exactly."	"Quest,Feipsycho"	"Падняцца на ліфце"
"/quests/Feipsycho.qmm/jumps/200/text"	"Подняться на лифте"	"Quest Feipsycho.qmm: jumps.200.text. Preserve every <tag> exactly."	"Quest,Feipsycho"	"Падняцца на ліфце"
"/quests/Feipsycho.qmm/jumps/201/text"	"Подняться на лифте"	"Quest Feipsycho.qmm: jumps.201.text. Preserve every <tag> exactly."	"Quest,Feipsycho"	"Падняцца на ліфце"
"/quests/Feipsycho.qmm/jumps/202/text"	"Подняться на лифте"	"Quest Feipsycho.qmm: jumps.202.text. Preserve every <tag> exactly."	"Quest,Feipsycho"	"Падняцца на ліфце"
"/quests/Feipsycho.qmm/jumps/203/text"	"Подняться на лифте"	"Quest Feipsycho.qmm: jumps.203.text. Preserve every <tag> exactly."	"Quest,Feipsycho"	"Падняцца на ліфце"
"/quests/Feipsycho.qmm/jumps/204/text"	"Подняться на лифте"	"Quest Feipsycho.qmm: jumps.204.text. Preserve every <tag> exactly."	"Quest,Feipsycho"	"Падняцца на ліфце"
"/quests/Feipsycho.qmm/jumps/205/text"	"Подняться на лифте"	"Quest Feipsycho.qmm: jumps.205.text. Preserve every <tag> exactly."	"Quest,Feipsycho"	"Падняцца на ліфце"
"/quests/Feipsycho.qmm/jumps/207/text"	"М"	"Quest Feipsycho.qmm: jumps.207.text. Preserve every <tag> exactly."	"Quest,Feipsycho"	"М"
"/quests/Feipsycho.qmm/jumps/208/text"	"В"	"Quest Feipsycho.qmm: jumps.208.text. Preserve every <tag> exactly."	"Quest,Feipsycho"	"В"
"/quests/Feipsycho.qmm/jumps/209/text"	"Ж"	"Quest Feipsycho.qmm: jumps.209.text. Preserve every <tag> exactly."	"Quest,Feipsycho"	"Ж"
"/quests/Feipsycho.qmm/jumps/210/text"	"К"	"Quest Feipsycho.qmm: jumps.210.text. Preserve every <tag> exactly."	"Quest,Feipsycho"	"К"
"/quests/Feipsycho.qmm/jumps/211/text"	"Р"	"Quest Feipsycho.qmm: jumps.211.text. Preserve every <tag> exactly."	"Quest,Feipsycho"	"Р"
"/quests/Feipsycho.qmm/jumps/212/text"	"С"	"Quest Feipsycho.qmm: jumps.212.text. Preserve every <tag> exactly."	"Quest,Feipsycho"	"С"
"/quests/Feipsycho.qmm/jumps/213/text"	"Т"	"Quest Feipsycho.qmm: jumps.213.text. Preserve every <tag> exactly."	"Quest,Feipsycho"	"Т"
"/quests/Feipsycho.qmm/jumps/214/text"	"Ц"	"Quest Feipsycho.qmm: jumps.214.text. Preserve every <tag> exactly."	"Quest,Feipsycho"	"Ц"
"/quests/Feipsycho.qmm/jumps/215/text"	"Войти в первую дверь"	"Quest Feipsycho.qmm: jumps.215.text. Preserve every <tag> exactly."	"Quest,Feipsycho"	"Увайсьці ў першыя дзьверы"
"/quests/Feipsycho.qmm/jumps/216/text"	"Войти во вторую дверь"	"Quest Feipsycho.qmm: jumps.216.text. Preserve every <tag> exactly."	"Quest,Feipsycho"	"Увайсьці ў другія дзьверы"
"/quests/Feipsycho.qmm/jumps/217/text"	"Дракон"	"Quest Feipsycho.qmm: jumps.217.text. Preserve every <tag> exactly."	"Quest,Feipsycho"	"Цмок"
"/quests/Feipsycho.qmm/jumps/218/text"	"Сканер"	"Quest Feipsycho.qmm: jumps.218.text. Preserve every <tag> exactly."	"Quest,Feipsycho"	"Сканэр"
"/quests/Feipsycho.qmm/jumps/219/text"	"Бластер"	"Quest Feipsycho.qmm: jumps.219.text. Preserve every <tag> exactly."	"Quest,Feipsycho"	"Блястэр"
"/quests/Feipsycho.qmm/jumps/220/text"	"Выйти в коридор"	"Quest Feipsycho.qmm: jumps.220.text. Preserve every <tag> exactly."	"Quest,Feipsycho"	"Выйсьці ў калідор"
"/quests/Feipsycho.qmm/jumps/221/text"	"Выйти в коридор"	"Quest Feipsycho.qmm: jumps.221.text. Preserve every <tag> exactly."	"Quest,Feipsycho"	"Выйсьці ў калідор"
"/quests/Feipsycho.qmm/jumps/222/text"	"Выйти в коридор"	"Quest Feipsycho.qmm: jumps.222.text. Preserve every <tag> exactly."	"Quest,Feipsycho"	"Выйсьці ў калідор"
"/quests/Feipsycho.qmm/jumps/223/text"	"Выйти в коридор"	"Quest Feipsycho.qmm: jumps.223.text. Preserve every <tag> exactly."	"Quest,Feipsycho"	"Выйсьці ў калідор"
"/quests/Feipsycho.qmm/jumps/224/text"	"Выйти в коридор"	"Quest Feipsycho.qmm: jumps.224.text. Preserve every <tag> exactly."	"Quest,Feipsycho"	"Выйсьці ў калідор"
"/quests/Feipsycho.qmm/jumps/225/text"	"Вызвать левый лифт"	"Quest Feipsycho.qmm: jumps.225.text. Preserve every <tag> exactly."	"Quest,Feipsycho"	"Выклікаць левы ліфт"
"/quests/Feipsycho.qmm/jumps/226/text"	"Вызвать правый лифт"	"Quest Feipsycho.qmm: jumps.226.text. Preserve every <tag> exactly."	"Quest,Feipsycho"	"Выклікаць правы ліфт"
"/quests/Feipsycho.qmm/jumps/227/text"	"Вызвать левый лифт"	"Quest Feipsycho.qmm: jumps.227.text. Preserve every <tag> exactly."	"Quest,Feipsycho"	"Выклікаць левы ліфт"
"/quests/Feipsycho.qmm/jumps/228/text"	"Вызвать правый лифт"	"Quest Feipsycho.qmm: jumps.228.text. Preserve every <tag> exactly."	"Quest,Feipsycho"	"Выклікаць правы ліфт"
"/quests/Feipsycho.qmm/jumps/229/text"	"Ехать на лифте"	"Quest Feipsycho.qmm: jumps.229.text. Preserve every <tag> exactly."	"Quest,Feipsycho"	"Ехаць на ліфце"
"/quests/Feipsycho.qmm/jumps/230/text"	"Ехать на лифте"	"Quest Feipsycho.qmm: jumps.230.text. Preserve every <tag> exactly."	"Quest,Feipsycho"	"Ехаць на ліфце"
"/quests/Feipsycho.qmm/jumps/231/text"	"Фонарик"	"Quest Feipsycho.qmm: jumps.231.text. Preserve every <tag> exactly."	"Quest,Feipsycho"	"Ліхтарык"
"/quests/Feipsycho.qmm/jumps/232/text"	"Выйти в коридор"	"Quest Feipsycho.qmm: jumps.232.text. Preserve every <tag> exactly."	"Quest,Feipsycho"	"Выйсьці ў калідор"
"/quests/Feipsycho.qmm/jumps/233/text"	"Колба"	"Quest Feipsycho.qmm: jumps.233.text. Preserve every <tag> exactly."	"Quest,Feipsycho"	"Колба"
"/quests/Feipsycho.qmm/jumps/234/text"	"Выйти в коридор"	"Quest Feipsycho.qmm: jumps.234.text. Preserve every <tag> exactly."	"Quest,Feipsycho"	"Выйсьці ў калідор"
"/quests/Feipsycho.qmm/jumps/235/text"	"Рагобамская жаба"	"Quest Feipsycho.qmm: jumps.235.text. Preserve every <tag> exactly."	"Quest,Feipsycho"	"Рагабамская жаба"
"/quests/Feipsycho.qmm/jumps/236/text"	"Выйти в коридор"	"Quest Feipsycho.qmm: jumps.236.text. Preserve every <tag> exactly."	"Quest,Feipsycho"	"Выйсьці ў калідор"
"/quests/Feipsycho.qmm/jumps/237/text"	"Понимаете ли, в чем дело..."	"Quest Feipsycho.qmm: jumps.237.text. Preserve every <tag> exactly."	"Quest,Feipsycho"	"Разумееце, у чым справа..."
"/quests/Feipsycho.qmm/jumps/238/text"	"5"	"Quest Feipsycho.qmm: jumps.238.text. Preserve every <tag> exactly."	"Quest,Feipsycho"	"5"
"/quests/Feipsycho.qmm/jumps/239/text"	"1"	"Quest Feipsycho.qmm: jumps.239.text. Preserve every <tag> exactly."	"Quest,Feipsycho"	"1"
"/quests/Feipsycho.qmm/jumps/240/text"	"2"	"Quest Feipsycho.qmm: jumps.240.text. Preserve every <tag> exactly."	"Quest,Feipsycho"	"2"
"/quests/Feipsycho.qmm/jumps/241/text"	"3"	"Quest Feipsycho.qmm: jumps.241.text. Preserve every <tag> exactly."	"Quest,Feipsycho"	"3"
"/quests/Feipsycho.qmm/jumps/242/text"	"4"	"Quest Feipsycho.qmm: jumps.242.text. Preserve every <tag> exactly."	"Quest,Feipsycho"	"4"
"/quests/Feipsycho.qmm/jumps/243/text"	"6"	"Quest Feipsycho.qmm: jumps.243.text. Preserve every <tag> exactly."	"Quest,Feipsycho"	"6"
"/quests/Feipsycho.qmm/jumps/244/text"	"7"	"Quest Feipsycho.qmm: jumps.244.text. Preserve every <tag> exactly."	"Quest,Feipsycho"	"7"
"/quests/Feipsycho.qmm/jumps/245/text"	"8"	"Quest Feipsycho.qmm: jumps.245.text. Preserve every <tag> exactly."	"Quest,Feipsycho"	"8"
"/quests/Feipsycho.qmm/jumps/246/text"	"Осмотреть дверь"	"Quest Feipsycho.qmm: jumps.246.text. Preserve every <tag> exactly."	"Quest,Feipsycho"	"Агледзець дзьверы"
"/quests/Feipsycho.qmm/jumps/247/text"	"Спать"	"Quest Feipsycho.qmm: jumps.247.text. Preserve every <tag> exactly."	"Quest,Feipsycho"	"Спаць"
"/quests/Feipsycho.qmm/jumps/248/text"	"Снова заснуть"	"Quest Feipsycho.qmm: jumps.248.text. Preserve every <tag> exactly."	"Quest,Feipsycho"	"Зноў заснуць"
"/quests/Feipsycho.qmm/jumps/249/text"	"Осмотреть дверь"	"Quest Feipsycho.qmm: jumps.249.text. Preserve every <tag> exactly."	"Quest,Feipsycho"	"Агледзець дзьверы"
"/quests/Feipsycho.qmm/jumps/250/text"	"Выйти в коридор"	"Quest Feipsycho.qmm: jumps.250.text. Preserve every <tag> exactly."	"Quest,Feipsycho"	"Выйсьці ў калідор"
"/quests/Feipsycho.qmm/jumps/251/text"	"Выйти в коридор"	"Quest Feipsycho.qmm: jumps.251.text. Preserve every <tag> exactly."	"Quest,Feipsycho"	"Выйсьці ў калідор"
"/quests/Feipsycho.qmm/jumps/252/text"	"Выйти в коридор"	"Quest Feipsycho.qmm: jumps.252.text. Preserve every <tag> exactly."	"Quest,Feipsycho"	"Выйсьці ў калідор"
"/quests/Feipsycho.qmm/jumps/253/text"	"Не бывали вы, случаем, на планете <FromPlanet>?"	"Quest Feipsycho.qmm: jumps.253.text. Preserve every <tag> exactly."	"Quest,Feipsycho"	"Не бывалі вы, выпадкам, на плянэце <FromPlanet>?"
"/quests/Feipsycho.qmm/jumps/254/text"	"Выбираться через окно"	"Quest Feipsycho.qmm: jumps.254.text. Preserve every <tag> exactly."	"Quest,Feipsycho"	"Выбірацца праз акно"
"/quests/Feipsycho.qmm/jumps/255/text"	"Прыгнуть вниз"	"Quest Feipsycho.qmm: jumps.255.text. Preserve every <tag> exactly."	"Quest,Feipsycho"	"Прыгнуць уніз"
"/quests/Feipsycho.qmm/jumps/258/text"	"Бежать к выходу"	"Quest Feipsycho.qmm: jumps.258.text. Preserve every <tag> exactly."	"Quest,Feipsycho"	"Бегчы да выхаду"
"/quests/Feipsycho.qmm/jumps/259/text"	"Помочь пеленгу"	"Quest Feipsycho.qmm: jumps.259.text. Preserve every <tag> exactly."	"Quest,Feipsycho"	"Дапамагчы пеленгу"
"/quests/Feipsycho.qmm/jumps/260/text"	"Рвануть в проход"	"Quest Feipsycho.qmm: jumps.260.text. Preserve every <tag> exactly."	"Quest,Feipsycho"	"Рвануць у праход"
"/quests/Feipsycho.qmm/jumps/261/text"	"Рвануть в проход"	"Quest Feipsycho.qmm: jumps.261.text. Preserve every <tag> exactly."	"Quest,Feipsycho"	"Рвануць у праход"
"/quests/Feipsycho.qmm/jumps/262/text"	"Обмануть охранников и убежать"	"Quest Feipsycho.qmm: jumps.262.text. Preserve every <tag> exactly."	"Quest,Feipsycho"	"Ашукаць ахоўнікаў і ўцячы"
"/quests/Feipsycho.qmm/jumps/263/text"	"Обмануть охранников и убежать"	"Quest Feipsycho.qmm: jumps.263.text. Preserve every <tag> exactly."	"Quest,Feipsycho"	"Ашукаць ахоўнікаў і ўцячы"
"/quests/Feipsycho.qmm/jumps/264/text"	"Вылезти из окна на карниз"	"Quest Feipsycho.qmm: jumps.264.text. Preserve every <tag> exactly."	"Quest,Feipsycho"	"Вылезьці з акна на карніз"
"/quests/Feipsycho.qmm/jumps/265/text"	"Прыгнуть вниз"	"Quest Feipsycho.qmm: jumps.265.text. Preserve every <tag> exactly."	"Quest,Feipsycho"	"Прыгнуць уніз"
"/quests/Feipsycho.qmm/jumps/266/text"	"Поискать другие возможности для бегства"	"Quest Feipsycho.qmm: jumps.266.text. Preserve every <tag> exactly."	"Quest,Feipsycho"	"Пашукаць іншыя магчымасьці для ўцёкаў"
"/quests/Feipsycho.qmm/jumps/267/text"	"Не менять курс"	"Quest Feipsycho.qmm: jumps.267.text. Preserve every <tag> exactly."	"Quest,Feipsycho"	"Не мяняць курс"
"/quests/Feipsycho.qmm/jumps/268/text"	"Лететь вверх"	"Quest Feipsycho.qmm: jumps.268.text. Preserve every <tag> exactly."	"Quest,Feipsycho"	"Ляцець угору"
"/quests/Feipsycho.qmm/jumps/269/text"	"Лететь вниз"	"Quest Feipsycho.qmm: jumps.269.text. Preserve every <tag> exactly."	"Quest,Feipsycho"	"Ляцець уніз"
"/quests/Feipsycho.qmm/jumps/270/text"	"Лететь вверх"	"Quest Feipsycho.qmm: jumps.270.text. Preserve every <tag> exactly."	"Quest,Feipsycho"	"Ляцець угору"
"/quests/Feipsycho.qmm/jumps/271/text"	"Не менять курс"	"Quest Feipsycho.qmm: jumps.271.text. Preserve every <tag> exactly."	"Quest,Feipsycho"	"Не мяняць курс"
"/quests/Feipsycho.qmm/jumps/272/text"	"Лететь вверх"	"Quest Feipsycho.qmm: jumps.272.text. Preserve every <tag> exactly."	"Quest,Feipsycho"	"Ляцець угору"
"/quests/Feipsycho.qmm/jumps/273/text"	"Не менять курс"	"Quest Feipsycho.qmm: jumps.273.text. Preserve every <tag> exactly."	"Quest,Feipsycho"	"Не мяняць курс"
"/quests/Feipsycho.qmm/jumps/274/text"	"Лететь вниз"	"Quest Feipsycho.qmm: jumps.274.text. Preserve every <tag> exactly."	"Quest,Feipsycho"	"Ляцець уніз"
"/quests/Feipsycho.qmm/jumps/275/text"	"Направиться к своему кораблю"	"Quest Feipsycho.qmm: jumps.275.text. Preserve every <tag> exactly."	"Quest,Feipsycho"	"Накіравацца да свайго карабля"
"/quests/Feipsycho.qmm/jumps/276/text"	"Направиться к своему кораблю"	"Quest Feipsycho.qmm: jumps.276.text. Preserve every <tag> exactly."	"Quest,Feipsycho"	"Накіравацца да свайго карабля"
"/quests/Feipsycho.qmm/jumps/277/text"	"Направиться к своему кораблю"	"Quest Feipsycho.qmm: jumps.277.text. Preserve every <tag> exactly."	"Quest,Feipsycho"	"Накіравацца да свайго карабля"
"/quests/Feipsycho.qmm/jumps/278/text"	"Бежать к выходу, не обращая внимания на пеленга"	"Quest Feipsycho.qmm: jumps.278.text. Preserve every <tag> exactly."	"Quest,Feipsycho"	"Бегчы да выхаду, не зважаючы на пеленга"
"/quests/Feipsycho.qmm/jumps/279/text"	"Помочь пеленгу"	"Quest Feipsycho.qmm: jumps.279.text. Preserve every <tag> exactly."	"Quest,Feipsycho"	"Дапамагчы пеленгу"
"/quests/Feipsycho.qmm/jumps/280/text"	"Выйти в коридор"	"Quest Feipsycho.qmm: jumps.280.text. Preserve every <tag> exactly."	"Quest,Feipsycho"	"Выйсьці ў калідор"
"/quests/Feipsycho.qmm/jumps/281/text"	"Выйти в коридор"	"Quest Feipsycho.qmm: jumps.281.text. Preserve every <tag> exactly."	"Quest,Feipsycho"	"Выйсьці ў калідор"
"/quests/Feipsycho.qmm/jumps/282/text"	"Подумать и попробовать открыть дверь снова"	"Quest Feipsycho.qmm: jumps.282.text. Preserve every <tag> exactly."	"Quest,Feipsycho"	"Падумаць і паспрабаваць адчыніць дзьверы зноў"
"/quests/Feipsycho.qmm/jumps/283/text"	"Очнуться"	"Quest Feipsycho.qmm: jumps.283.text. Preserve every <tag> exactly."	"Quest,Feipsycho"	"Ачомацца"
"/quests/Feipsycho.qmm/jumps/284/text"	"Спать"	"Quest Feipsycho.qmm: jumps.284.text. Preserve every <tag> exactly."	"Quest,Feipsycho"	"Спаць"
