"identifier"	"source_phrase"	"context"	"labels"	"be"
"/quests/Gluki.qmm/parameters/0/name"	"Здравомыслие"	"Quest Gluki.qmm: parameters.0.name. Preserve every <tag> exactly."	"Quest,Gluki"	"Цьвярозы розум"
"/quests/Gluki.qmm/parameters/0/lines/0/content"	"Вы на грани сумасшествия"	"Quest Gluki.qmm: parameters.0.lines.0.content. Preserve every <tag> exactly."	"Quest,Gluki"	"Вы на мяжы вар'яцтва"
"/quests/Gluki.qmm/parameters/0/lines/1/content"	"Вы скоро свихнетесь"	"Quest Gluki.qmm: parameters.0.lines.1.content. Preserve every <tag> exactly."	"Quest,Gluki"	"Вы хутка звар'яцееце"
"/quests/Gluki.qmm/parameters/0/lines/2/content"	"Здравомыслие ниже среднего"	"Quest Gluki.qmm: parameters.0.lines.2.content. Preserve every <tag> exactly."	"Quest,Gluki"	"Цьвярозы розум ніжэй за сярэдні"
"/quests/Gluki.qmm/parameters/0/lines/3/content"	"Здравомыслие выше среднего"	"Quest Gluki.qmm: parameters.0.lines.3.content. Preserve every <tag> exactly."	"Quest,Gluki"	"Цьвярозы розум вышэй за сярэдні"
"/quests/Gluki.qmm/parameters/0/lines/4/content"	"Ясность мысли слегка затуманена"	"Quest Gluki.qmm: parameters.0.lines.4.content. Preserve every <tag> exactly."	"Quest,Gluki"	"Яснасьць думкі зьлёгку затуманена"
"/quests/Gluki.qmm/parameters/0/lines/5/content"	"Вы трезво мыслите"	"Quest Gluki.qmm: parameters.0.lines.5.content. Preserve every <tag> exactly."	"Quest,Gluki"	"Вы думаеце цьвяроза"
"/quests/Gluki.qmm/parameters/0/crit_text"	"Внезапно поднявшийся шум и появившаяся вскоре после этого стая бегущих гобзавров недвусмысленно дали вам понять, что здесь что-то не так. Беспокойство усилилось, когда громадные животные один за другим взмыли в воздух и полетели. В ужасе отвернувшись, вы столкнулись со своим старым другом - рейнджером <clr>Абуренци<clrEnd>. Эта встреча не навела бы на вас сильный ужас, если бы не тот факт, что <clr>Абуренци<clrEnd> погиб два месяца назад, когда вы оба пытались отстоять атакованную доминаторами систему. Отшатнувшись, вы не удержали равновесие и хлюпнулись во внезапно появившуюся на еще недавно сухом месте лужу. Теперь вам ничего не оставалось, кроме как рыдать в голос, хлюпая пузырями, наблюдая за улетающими вдаль гобзаврами. Рейнджер <clr>Абуренци<clrEnd>, кивнув вам, подпрыгнул и полетел вслед за стаей животных. 
- Наверное, на юг - мелькнула у вас одна из последних более-менее связных мыслей."	"Quest Gluki.qmm: parameters.0.crit_text. Preserve every <tag> exactly."	"Quest,Gluki"	"Нечакана ўзьняты шум і зграя, што неўзабаве зьявілася — беглі гобзаўры — недвухсэнсоўна далі вам зразумець, што тут нешта ня так. Непакой узмацніўся, калі вялізныя жывёлы адна за адной узьняліся ў паветра і паляцелі. У жаху адвярнуўшыся, вы сутыкнуліся са старым сябрам. Гэта быў рэйнджэр <clr>Абурэнцы<clrEnd>. Гэтая сустрэча не нагнала б на вас моцнага жаху, калі б ня тое, што <clr>Абурэнцы<clrEnd> загінуў два месяцы таму, калі вы абодва спрабавалі адстаяць сыстэму, якую атакавалі дамінатары. Адхіснуўшыся, вы не ўтрымалі раўнавагу і плюхнуліся ў лужыну, што нечакана зьявілася на яшчэ нядаўна сухім месцы. Цяпер вам нічога не заставалася, акрамя як галасіць у голас, булькаючы бурбалкамі, і глядзець, як гобзаўры адлятаюць удалечыню. Рэйнджэр <clr>Абурэнцы<clrEnd>, кіўнуўшы вам, падскочыў і паляцеў усьлед за зграяй жывёлаў. 
- Мабыць, на поўдзень — мільганула ў вас адна з апошніх больш-менш зьвязных думак."
"/quests/Gluki.qmm/parameters/1/name"	"Здоровье игрока"	"Quest Gluki.qmm: parameters.1.name. Preserve every <tag> exactly."	"Quest,Gluki"	"Здароўе гульца"
"/quests/Gluki.qmm/parameters/1/lines/0/content"	"Скоро вы умрете от кровопотери"	"Quest Gluki.qmm: parameters.1.lines.0.content. Preserve every <tag> exactly."	"Quest,Gluki"	"Хутка вы памраце ад страты крыві"
"/quests/Gluki.qmm/parameters/1/lines/1/content"	"Все тело ломит"	"Quest Gluki.qmm: parameters.1.lines.1.content. Preserve every <tag> exactly."	"Quest,Gluki"	"Усё цела ломіць"
"/quests/Gluki.qmm/parameters/1/lines/2/content"	"Здоровье оставляет желать лучшего"	"Quest Gluki.qmm: parameters.1.lines.2.content. Preserve every <tag> exactly."	"Quest,Gluki"	"Здароўе пакідае жадаць лепшага"
"/quests/Gluki.qmm/parameters/1/lines/3/content"	"Есть несколько серьезных ран"	"Quest Gluki.qmm: parameters.1.lines.3.content. Preserve every <tag> exactly."	"Quest,Gluki"	"Ёсьць некалькі сур'ёзных ранаў"
"/quests/Gluki.qmm/parameters/1/lines/4/content"	"На вас пара царапин"	"Quest Gluki.qmm: parameters.1.lines.4.content. Preserve every <tag> exactly."	"Quest,Gluki"	"На вас пара драпінаў"
"/quests/Gluki.qmm/parameters/1/lines/5/content"	"Вы обладаете отменным здоровьем"	"Quest Gluki.qmm: parameters.1.lines.5.content. Preserve every <tag> exactly."	"Quest,Gluki"	"Вы маеце адменнае здароўе"
"/quests/Gluki.qmm/parameters/1/crit_text"	"Даже очередная новая царапинка может стать решающей. Об этом вы всерьез никогда не задумывались. Зря? Возможно. На этой планете <ToPlanet> вы получили огромное количество самых разнообразных царапин: - от легких и незаметных, до глубоких и болезненных. Когда царапин становится слишком много, то для новых уже не остается места, а это чревато последствиями. К тому же из всех предыдущих вытекает кровь, без которой, как известно, жизнь не в радость. Да и вообще - это не жизнь. Так и у вас вытекло так много крови, что сознание помутнело, а силы оставили ваше тело. Так вы и осели на том месте, где только что стояли, не в силах пошевелиться, чтобы оказать себе помощь. А кого-нибудь еще, кто мог бы это сделать, на планете <ToPlanet> просто не было..."	"Quest Gluki.qmm: parameters.1.crit_text. Preserve every <tag> exactly."	"Quest,Gluki"	"Нават чарговая новая драпінка можа стаць вырашальнай. Пра гэта вы ўсур'ёз ніколі не задумваліся. Марна? Магчыма. На гэтай плянэце <ToPlanet> вы атрымалі вялізную колькасьць самых разнастайных драпін: — ад лёгкіх і непрыкметных да глыбокіх і балючых. Калі драпін становіцца занадта шмат, для новых ужо не застаецца месца, а гэта пагражае наступствамі. Да таго ж з усіх папярэдніх выцякае кроў, без якой, як вядома, жыцьцё ня ў радасьць. Ды й наогул — гэта не жыцьцё. Так і з вас выцекла столькі крыві, што сьвядомасьць памутнела, а сілы пакінулі ваша цела. Так вы і аселі на тым месцы, дзе толькі што стаялі, ня ў сілах паварушыцца, каб аказаць сабе дапамогу. А кагосьці яшчэ, хто мог бы гэта зрабіць, на плянэце <ToPlanet> проста ня было..."
"/quests/Gluki.qmm/parameters/2/name"	"Есть ли бластер"	"Quest Gluki.qmm: parameters.2.name. Preserve every <tag> exactly."	"Quest,Gluki"	"Ці ёсьць блястэр"
"/quests/Gluki.qmm/parameters/2/lines/1/content"	"Бластер"	"Quest Gluki.qmm: parameters.2.lines.1.content. Preserve every <tag> exactly."	"Quest,Gluki"	"Блястэр"
"/quests/Gluki.qmm/parameters/2/crit_text"	"Сообщение достижения критического значения параметром 3"	"Quest Gluki.qmm: parameters.2.crit_text. Preserve every <tag> exactly."	"Quest,Gluki"	"Паведамленьне пра дасягненьне крытычнага значэньня парамэтрам 3"
"/quests/Gluki.qmm/parameters/3/name"	"Заряд бластера"	"Quest Gluki.qmm: parameters.3.name. Preserve every <tag> exactly."	"Quest,Gluki"	"Зарад блястэра"
"/quests/Gluki.qmm/parameters/3/lines/0/content"	"Батарея разряжена"	"Quest Gluki.qmm: parameters.3.lines.0.content. Preserve every <tag> exactly."	"Quest,Gluki"	"Батарэя разраджаная"
"/quests/Gluki.qmm/parameters/3/lines/1/content"	"Заряда хватит на пару выстрелов"	"Quest Gluki.qmm: parameters.3.lines.1.content. Preserve every <tag> exactly."	"Quest,Gluki"	"Зараду хопіць на пару стрэлаў"
"/quests/Gluki.qmm/parameters/3/lines/2/content"	"Заряда меньше половины"	"Quest Gluki.qmm: parameters.3.lines.2.content. Preserve every <tag> exactly."	"Quest,Gluki"	"Зараду менш за палову"
"/quests/Gluki.qmm/parameters/3/lines/3/content"	"Батарея заряжена примерно наполовину"	"Quest Gluki.qmm: parameters.3.lines.3.content. Preserve every <tag> exactly."	"Quest,Gluki"	"Батарэя зараджаная прыкладна напалову"
"/quests/Gluki.qmm/parameters/3/lines/4/content"	"Заряда больше половины"	"Quest Gluki.qmm: parameters.3.lines.4.content. Preserve every <tag> exactly."	"Quest,Gluki"	"Зараду больш за палову"
"/quests/Gluki.qmm/parameters/3/lines/5/content"	"Из бластера еще можно пострелять"	"Quest Gluki.qmm: parameters.3.lines.5.content. Preserve every <tag> exactly."	"Quest,Gluki"	"З блястэра яшчэ можна пастраляць"
"/quests/Gluki.qmm/parameters/3/lines/6/content"	"Батарея полностью заряжена"	"Quest Gluki.qmm: parameters.3.lines.6.content. Preserve every <tag> exactly."	"Quest,Gluki"	"Батарэя цалкам зараджаная"
"/quests/Gluki.qmm/parameters/3/crit_text"	"Сообщение достижения критического значения параметром 4"	"Quest Gluki.qmm: parameters.3.crit_text. Preserve every <tag> exactly."	"Quest,Gluki"	"Паведамленьне пра дасягненьне крытычнага значэньня парамэтрам 4"
"/quests/Gluki.qmm/parameters/4/name"	"Кубик"	"Quest Gluki.qmm: parameters.4.name. Preserve every <tag> exactly."	"Quest,Gluki"	"Кубік"
"/quests/Gluki.qmm/parameters/4/lines/1/content"	"Блестящий кубик"	"Quest Gluki.qmm: parameters.4.lines.1.content. Preserve every <tag> exactly."	"Quest,Gluki"	"Бліскучы кубік"
"/quests/Gluki.qmm/parameters/4/crit_text"	"Сообщение достижения критического значения параметром 5"	"Quest Gluki.qmm: parameters.4.crit_text. Preserve every <tag> exactly."	"Quest,Gluki"	"Паведамленьне пра дасягненьне крытычнага значэньня парамэтрам 5"
"/quests/Gluki.qmm/parameters/5/name"	"Синяя птица"	"Quest Gluki.qmm: parameters.5.name. Preserve every <tag> exactly."	"Quest,Gluki"	"Сіняя птушка"
"/quests/Gluki.qmm/parameters/5/lines/1/content"	"Говорун спокойный"	"Quest Gluki.qmm: parameters.5.lines.1.content. Preserve every <tag> exactly."	"Quest,Gluki"	"Гаварун зьлёгку ўзбуджаны"
"/quests/Gluki.qmm/parameters/5/lines/2/content"	"Говорун слегка возбужден"	"Quest Gluki.qmm: parameters.5.lines.2.content. Preserve every <tag> exactly."	"Quest,Gluki"	"Гаварун незадаволены тым, што адбываецца"
"/quests/Gluki.qmm/parameters/5/lines/3/content"	"Говорун недоволен происходящим"	"Quest Gluki.qmm: parameters.5.lines.3.content. Preserve every <tag> exactly."	"Quest,Gluki"	"Гаварун незадаволены тым, што адбываецца"
"/quests/Gluki.qmm/parameters/5/crit_text"	"Сообщение достижения критического значения параметром 6"	"Quest Gluki.qmm: parameters.5.crit_text. Preserve every <tag> exactly."	"Quest,Gluki"	"Паведамленьне пра дасягненьне крытычнага значэньня парамэтрам 6"
"/quests/Gluki.qmm/parameters/6/name"	"Ключ от иссл. корпуса"	"Quest Gluki.qmm: parameters.6.name. Preserve every <tag> exactly."	"Quest,Gluki"	"Ключ ад дасьледчага корпуса"
"/quests/Gluki.qmm/parameters/6/lines/0/content"	"Нужен ключ от исследовательского корпуса"	"Quest Gluki.qmm: parameters.6.lines.0.content. Preserve every <tag> exactly."	"Quest,Gluki"	"Патрэбны ключ ад дасьледчага корпуса"
"/quests/Gluki.qmm/parameters/6/lines/1/content"	"Ключ от исследовательского корпуса"	"Quest Gluki.qmm: parameters.6.lines.1.content. Preserve every <tag> exactly."	"Quest,Gluki"	"Ключ ад дасьледчага корпуса"
"/quests/Gluki.qmm/parameters/6/lines/2/content"	"Параметр номер 7: <>"	"Quest Gluki.qmm: parameters.6.lines.2.content. Preserve every <tag> exactly."	"Quest,Gluki"	"Парамэтар нумар 7: <>"
"/quests/Gluki.qmm/parameters/6/lines/3/content"	"Параметр номер 7: <>"	"Quest Gluki.qmm: parameters.6.lines.3.content. Preserve every <tag> exactly."	"Quest,Gluki"	"Парамэтар нумар 7: <>"
"/quests/Gluki.qmm/parameters/6/lines/4/content"	"Параметр номер 7: <>"	"Quest Gluki.qmm: parameters.6.lines.4.content. Preserve every <tag> exactly."	"Quest,Gluki"	"Парамэтар нумар 7: <>"
"/quests/Gluki.qmm/parameters/6/lines/5/content"	"Параметр номер 7: <>"	"Quest Gluki.qmm: parameters.6.lines.5.content. Preserve every <tag> exactly."	"Quest,Gluki"	"Парамэтар нумар 7: <>"
"/quests/Gluki.qmm/parameters/6/lines/6/content"	"Параметр номер 7: <>"	"Quest Gluki.qmm: parameters.6.lines.6.content. Preserve every <tag> exactly."	"Quest,Gluki"	"Парамэтар нумар 7: <>"
"/quests/Gluki.qmm/parameters/6/lines/7/content"	"Параметр номер 7: <>"	"Quest Gluki.qmm: parameters.6.lines.7.content. Preserve every <tag> exactly."	"Quest,Gluki"	"Парамэтар нумар 7: <>"
"/quests/Gluki.qmm/parameters/6/lines/8/content"	"Параметр номер 7: <>"	"Quest Gluki.qmm: parameters.6.lines.8.content. Preserve every <tag> exactly."	"Quest,Gluki"	"Парамэтар нумар 7: <>"
"/quests/Gluki.qmm/parameters/6/lines/9/content"	"Параметр номер 7: <>"	"Quest Gluki.qmm: parameters.6.lines.9.content. Preserve every <tag> exactly."	"Quest,Gluki"	"Парамэтар нумар 7: <>"
"/quests/Gluki.qmm/parameters/6/crit_text"	"Сообщение достижения критического значения параметром 7"	"Quest Gluki.qmm: parameters.6.crit_text. Preserve every <tag> exactly."	"Quest,Gluki"	"Паведамленьне пра дасягненьне крытычнага значэньня парамэтрам 7"
"/quests/Gluki.qmm/parameters/7/name"	"Крепость двери на склад"	"Quest Gluki.qmm: parameters.7.name. Preserve every <tag> exactly."	"Quest,Gluki"	"Трываласьць дзьвярэй на склад"
"/quests/Gluki.qmm/parameters/7/lines/0/content"	"Параметр номер 8: <>"	"Quest Gluki.qmm: parameters.7.lines.0.content. Preserve every <tag> exactly."	"Quest,Gluki"	"Парамэтар нумар 8: <>"
"/quests/Gluki.qmm/parameters/7/crit_text"	"Сообщение достижения критического значения параметром 8"	"Quest Gluki.qmm: parameters.7.crit_text. Preserve every <tag> exactly."	"Quest,Gluki"	"Паведамленьне пра дасягненьне крытычнага значэньня парамэтрам 8"
"/quests/Gluki.qmm/parameters/8/name"	"Код от сейфа"	"Quest Gluki.qmm: parameters.8.name. Preserve every <tag> exactly."	"Quest,Gluki"	"Код ад сэйфа"
"/quests/Gluki.qmm/parameters/8/lines/0/content"	"Параметр номер 9: <>"	"Quest Gluki.qmm: parameters.8.lines.0.content. Preserve every <tag> exactly."	"Quest,Gluki"	"Парамэтар нумар 9: <>"
"/quests/Gluki.qmm/parameters/8/crit_text"	"Сообщение достижения критического значения параметром 9"	"Quest Gluki.qmm: parameters.8.crit_text. Preserve every <tag> exactly."	"Quest,Gluki"	"Паведамленьне пра дасягненьне крытычнага значэньня парамэтрам 9"
"/quests/Gluki.qmm/parameters/9/name"	"Завхоз"	"Quest Gluki.qmm: parameters.9.name. Preserve every <tag> exactly."	"Quest,Gluki"	"Загадчык"
"/quests/Gluki.qmm/parameters/9/lines/0/content"	"Параметр номер 10: <>"	"Quest Gluki.qmm: parameters.9.lines.0.content. Preserve every <tag> exactly."	"Quest,Gluki"	"Парамэтар нумар 10: <>"
"/quests/Gluki.qmm/parameters/9/crit_text"	"Сообщение достижения критического значения параметром 10"	"Quest Gluki.qmm: parameters.9.crit_text. Preserve every <tag> exactly."	"Quest,Gluki"	"Паведамленьне пра дасягненьне крытычнага значэньня парамэтрам 10"
"/quests/Gluki.qmm/parameters/10/name"	"Модель звездолета"	"Quest Gluki.qmm: parameters.10.name. Preserve every <tag> exactly."	"Quest,Gluki"	"Мадэль зорнага карабля"
"/quests/Gluki.qmm/parameters/10/lines/1/content"	"Модель звездолета"	"Quest Gluki.qmm: parameters.10.lines.1.content. Preserve every <tag> exactly."	"Quest,Gluki"	"Мадэль зорнага карабля"
"/quests/Gluki.qmm/parameters/10/crit_text"	"Сообщение достижения критического значения параметром 11"	"Quest Gluki.qmm: parameters.10.crit_text. Preserve every <tag> exactly."	"Quest,Gluki"	"Паведамленьне пра дасягненьне крытычнага значэньня парамэтрам 11"
"/quests/Gluki.qmm/parameters/11/name"	"Бумага на столе завхоза"	"Quest Gluki.qmm: parameters.11.name. Preserve every <tag> exactly."	"Quest,Gluki"	"Папера на стале загадчыка"
"/quests/Gluki.qmm/parameters/11/lines/0/content"	"Параметр номер 12: <>"	"Quest Gluki.qmm: parameters.11.lines.0.content. Preserve every <tag> exactly."	"Quest,Gluki"	"Парамэтар нумар 12: <>"
"/quests/Gluki.qmm/parameters/11/lines/1/content"	"Параметр номер 12: <>"	"Quest Gluki.qmm: parameters.11.lines.1.content. Preserve every <tag> exactly."	"Quest,Gluki"	"Парамэтар нумар 12: <>"
"/quests/Gluki.qmm/parameters/11/lines/2/content"	"Записка завхоза"	"Quest Gluki.qmm: parameters.11.lines.2.content. Preserve every <tag> exactly."	"Quest,Gluki"	"Запіска загадчыка"
"/quests/Gluki.qmm/parameters/11/lines/3/content"	"Параметр номер 12: <>"	"Quest Gluki.qmm: parameters.11.lines.3.content. Preserve every <tag> exactly."	"Quest,Gluki"	"Парамэтар нумар 12: <>"
"/quests/Gluki.qmm/parameters/11/lines/4/content"	"Параметр номер 12: <>"	"Quest Gluki.qmm: parameters.11.lines.4.content. Preserve every <tag> exactly."	"Quest,Gluki"	"Парамэтар нумар 12: <>"
"/quests/Gluki.qmm/parameters/11/lines/5/content"	"Параметр номер 12: <>"	"Quest Gluki.qmm: parameters.11.lines.5.content. Preserve every <tag> exactly."	"Quest,Gluki"	"Парамэтар нумар 12: <>"
"/quests/Gluki.qmm/parameters/11/lines/6/content"	"Параметр номер 12: <>"	"Quest Gluki.qmm: parameters.11.lines.6.content. Preserve every <tag> exactly."	"Quest,Gluki"	"Парамэтар нумар 12: <>"
"/quests/Gluki.qmm/parameters/11/lines/7/content"	"Параметр номер 12: <>"	"Quest Gluki.qmm: parameters.11.lines.7.content. Preserve every <tag> exactly."	"Quest,Gluki"	"Парамэтар нумар 12: <>"
"/quests/Gluki.qmm/parameters/11/lines/8/content"	"Параметр номер 12: <>"	"Quest Gluki.qmm: parameters.11.lines.8.content. Preserve every <tag> exactly."	"Quest,Gluki"	"Парамэтар нумар 12: <>"
"/quests/Gluki.qmm/parameters/11/lines/9/content"	"Параметр номер 12: <>"	"Quest Gluki.qmm: parameters.11.lines.9.content. Preserve every <tag> exactly."	"Quest,Gluki"	"Парамэтар нумар 12: <>"
"/quests/Gluki.qmm/parameters/11/crit_text"	"Сообщение достижения критического значения параметром 12"	"Quest Gluki.qmm: parameters.11.crit_text. Preserve every <tag> exactly."	"Quest,Gluki"	"Паведамленьне пра дасягненьне крытычнага значэньня парамэтрам 12"
"/quests/Gluki.qmm/parameters/12/name"	"Два ключа"	"Quest Gluki.qmm: parameters.12.name. Preserve every <tag> exactly."	"Quest,Gluki"	"Два ключы"
"/quests/Gluki.qmm/parameters/12/lines/0/content"	"Параметр номер 13: <>"	"Quest Gluki.qmm: parameters.12.lines.0.content. Preserve every <tag> exactly."	"Quest,Gluki"	"Парамэтар нумар 13: <>"
"/quests/Gluki.qmm/parameters/12/lines/1/content"	"Два одинаковых ключа"	"Quest Gluki.qmm: parameters.12.lines.1.content. Preserve every <tag> exactly."	"Quest,Gluki"	"Два аднолькавыя ключы"
"/quests/Gluki.qmm/parameters/12/crit_text"	"Сообщение достижения критического значения параметром 13"	"Quest Gluki.qmm: parameters.12.crit_text. Preserve every <tag> exactly."	"Quest,Gluki"	"Паведамленьне пра дасягненьне крытычнага значэньня парамэтрам 13"
"/quests/Gluki.qmm/parameters/13/name"	"Гаечный ключ"	"Quest Gluki.qmm: parameters.13.name. Preserve every <tag> exactly."	"Quest,Gluki"	"Гаечны ключ"
"/quests/Gluki.qmm/parameters/13/lines/0/content"	"Параметр номер 14: <>"	"Quest Gluki.qmm: parameters.13.lines.0.content. Preserve every <tag> exactly."	"Quest,Gluki"	"Парамэтар нумар 14: <>"
"/quests/Gluki.qmm/parameters/13/lines/1/content"	"Гаечный ключ"	"Quest Gluki.qmm: parameters.13.lines.1.content. Preserve every <tag> exactly."	"Quest,Gluki"	"Гаечны ключ"
"/quests/Gluki.qmm/parameters/13/crit_text"	"Сообщение достижения критического значения параметром 14"	"Quest Gluki.qmm: parameters.13.crit_text. Preserve every <tag> exactly."	"Quest,Gluki"	"Паведамленьне пра дасягненьне крытычнага значэньня парамэтрам 14"
"/quests/Gluki.qmm/parameters/14/name"	"Блок синхронизации"	"Quest Gluki.qmm: parameters.14.name. Preserve every <tag> exactly."	"Quest,Gluki"	"Блёк сынхранізацыі"
"/quests/Gluki.qmm/parameters/14/lines/0/content"	"Параметр номер 15: <>"	"Quest Gluki.qmm: parameters.14.lines.0.content. Preserve every <tag> exactly."	"Quest,Gluki"	"Парамэтар нумар 15: <>"
"/quests/Gluki.qmm/parameters/14/lines/1/content"	"Блок синхронизации"	"Quest Gluki.qmm: parameters.14.lines.1.content. Preserve every <tag> exactly."	"Quest,Gluki"	"Блёк сынхранізацыі"
"/quests/Gluki.qmm/parameters/14/lines/2/content"	"Блок синхронизации заменен"	"Quest Gluki.qmm: parameters.14.lines.2.content. Preserve every <tag> exactly."	"Quest,Gluki"	"Блёк сынхранізацыі заменены"
"/quests/Gluki.qmm/parameters/14/lines/3/content"	"Параметр номер 15: <>"	"Quest Gluki.qmm: parameters.14.lines.3.content. Preserve every <tag> exactly."	"Quest,Gluki"	"Парамэтар нумар 15: <>"
"/quests/Gluki.qmm/parameters/14/lines/4/content"	"Параметр номер 15: <>"	"Quest Gluki.qmm: parameters.14.lines.4.content. Preserve every <tag> exactly."	"Quest,Gluki"	"Парамэтар нумар 15: <>"
"/quests/Gluki.qmm/parameters/14/lines/5/content"	"Параметр номер 15: <>"	"Quest Gluki.qmm: parameters.14.lines.5.content. Preserve every <tag> exactly."	"Quest,Gluki"	"Парамэтар нумар 15: <>"
"/quests/Gluki.qmm/parameters/14/lines/6/content"	"Параметр номер 15: <>"	"Quest Gluki.qmm: parameters.14.lines.6.content. Preserve every <tag> exactly."	"Quest,Gluki"	"Парамэтар нумар 15: <>"
"/quests/Gluki.qmm/parameters/14/lines/7/content"	"Параметр номер 15: <>"	"Quest Gluki.qmm: parameters.14.lines.7.content. Preserve every <tag> exactly."	"Quest,Gluki"	"Парамэтар нумар 15: <>"
"/quests/Gluki.qmm/parameters/14/lines/8/content"	"Параметр номер 15: <>"	"Quest Gluki.qmm: parameters.14.lines.8.content. Preserve every <tag> exactly."	"Quest,Gluki"	"Парамэтар нумар 15: <>"
"/quests/Gluki.qmm/parameters/14/lines/9/content"	"Параметр номер 15: <>"	"Quest Gluki.qmm: parameters.14.lines.9.content. Preserve every <tag> exactly."	"Quest,Gluki"	"Парамэтар нумар 15: <>"
"/quests/Gluki.qmm/parameters/14/crit_text"	"Сообщение достижения критического значения параметром 15"	"Quest Gluki.qmm: parameters.14.crit_text. Preserve every <tag> exactly."	"Quest,Gluki"	"Паведамленьне пра дасягненьне крытычнага значэньня парамэтрам 15"
"/quests/Gluki.qmm/parameters/15/name"	"Попытки взломать сейф"	"Quest Gluki.qmm: parameters.15.name. Preserve every <tag> exactly."	"Quest,Gluki"	"Спробы ўзламаць сэйф"
"/quests/Gluki.qmm/parameters/15/lines/0/content"	"Параметр номер 16: <>"	"Quest Gluki.qmm: parameters.15.lines.0.content. Preserve every <tag> exactly."	"Quest,Gluki"	"Парамэтар нумар 16: <>"
"/quests/Gluki.qmm/parameters/15/crit_text"	"Сообщение достижения критического значения параметром 16"	"Quest Gluki.qmm: parameters.15.crit_text. Preserve every <tag> exactly."	"Quest,Gluki"	"Паведамленьне пра дасягненьне крытычнага значэньня парамэтрам 16"
"/quests/Gluki.qmm/parameters/16/name"	"Основное хранилище"	"Quest Gluki.qmm: parameters.16.name. Preserve every <tag> exactly."	"Quest,Gluki"	"Асноўнае сховішча"
"/quests/Gluki.qmm/parameters/16/lines/0/content"	"Теранольфов в основном хранилище: <>/19"	"Quest Gluki.qmm: parameters.16.lines.0.content. Preserve every <tag> exactly."	"Quest,Gluki"	"Тэранольфаў у асноўным сховішчы: <>/19"
"/quests/Gluki.qmm/parameters/16/crit_text"	"Сообщение достижения критического значения параметром 17"	"Quest Gluki.qmm: parameters.16.crit_text. Preserve every <tag> exactly."	"Quest,Gluki"	"Паведамленьне пра дасягненьне крытычнага значэньня парамэтрам 17"
"/quests/Gluki.qmm/parameters/17/name"	"1 банка"	"Quest Gluki.qmm: parameters.17.name. Preserve every <tag> exactly."	"Quest,Gluki"	"1 банка"
"/quests/Gluki.qmm/parameters/17/lines/0/content"	"Теранольфов в 1 банке: <>/3"	"Quest Gluki.qmm: parameters.17.lines.0.content. Preserve every <tag> exactly."	"Quest,Gluki"	"Тэранольфаў у 1 банцы: <>/3"
"/quests/Gluki.qmm/parameters/17/crit_text"	"Сообщение достижения критического значения параметром 18"	"Quest Gluki.qmm: parameters.17.crit_text. Preserve every <tag> exactly."	"Quest,Gluki"	"Паведамленьне пра дасягненьне крытычнага значэньня парамэтрам 18"
"/quests/Gluki.qmm/parameters/18/name"	"2 банка"	"Quest Gluki.qmm: parameters.18.name. Preserve every <tag> exactly."	"Quest,Gluki"	"2 банка"
"/quests/Gluki.qmm/parameters/18/lines/0/content"	"Теранольфов во 2 банке: <>/5"	"Quest Gluki.qmm: parameters.18.lines.0.content. Preserve every <tag> exactly."	"Quest,Gluki"	"Тэранольфаў у 2 банцы: <>/5"
"/quests/Gluki.qmm/parameters/18/crit_text"	"Сообщение достижения критического значения параметром 19"	"Quest Gluki.qmm: parameters.18.crit_text. Preserve every <tag> exactly."	"Quest,Gluki"	"Паведамленьне пра дасягненьне крытычнага значэньня парамэтрам 19"
"/quests/Gluki.qmm/parameters/19/name"	"3 банка"	"Quest Gluki.qmm: parameters.19.name. Preserve every <tag> exactly."	"Quest,Gluki"	"3 банка"
"/quests/Gluki.qmm/parameters/19/lines/0/content"	"Теранольфов в 3 банке: <>/11"	"Quest Gluki.qmm: parameters.19.lines.0.content. Preserve every <tag> exactly."	"Quest,Gluki"	"Тэранольфаў у 3 банцы: <>/11"
"/quests/Gluki.qmm/parameters/19/crit_text"	"Сообщение достижения критического значения параметром 20"	"Quest Gluki.qmm: parameters.19.crit_text. Preserve every <tag> exactly."	"Quest,Gluki"	"Паведамленьне пра дасягненьне крытычнага значэньня парамэтрам 20"
"/quests/Gluki.qmm/parameters/20/name"	"Качальщик энергии"	"Quest Gluki.qmm: parameters.20.name. Preserve every <tag> exactly."	"Quest,Gluki"	"Помпа энэргіі"
"/quests/Gluki.qmm/parameters/20/lines/0/content"	"Параметр номер 21: <>"	"Quest Gluki.qmm: parameters.20.lines.0.content. Preserve every <tag> exactly."	"Quest,Gluki"	"Парамэтар нумар 21: <>"
"/quests/Gluki.qmm/parameters/20/crit_text"	"Сообщение достижения критического значения параметром 21"	"Quest Gluki.qmm: parameters.20.crit_text. Preserve every <tag> exactly."	"Quest,Gluki"	"Паведамленьне пра дасягненьне крытычнага значэньня парамэтрам 21"
"/quests/Gluki.qmm/parameters/21/name"	"Психоатака"	"Quest Gluki.qmm: parameters.21.name. Preserve every <tag> exactly."	"Quest,Gluki"	"Псыхічная атака"
"/quests/Gluki.qmm/parameters/21/lines/0/content"	"Параметр номер 38: <>"	"Quest Gluki.qmm: parameters.21.lines.0.content. Preserve every <tag> exactly."	"Quest,Gluki"	"Парамэтар нумар 38: <>"
"/quests/Gluki.qmm/parameters/21/crit_text"	"Сообщение достижения критического значения параметром 38"	"Quest Gluki.qmm: parameters.21.crit_text. Preserve every <tag> exactly."	"Quest,Gluki"	"Паведамленьне пра дасягненьне крытычнага значэньня парамэтрам 38"
"/quests/Gluki.qmm/parameters/22/name"	"Опасно на улице"	"Quest Gluki.qmm: parameters.22.name. Preserve every <tag> exactly."	"Quest,Gluki"	"Небясьпечна на вуліцы"
"/quests/Gluki.qmm/parameters/22/lines/0/content"	"Параметр номер 23: <>"	"Quest Gluki.qmm: parameters.22.lines.0.content. Preserve every <tag> exactly."	"Quest,Gluki"	"Парамэтар нумар 23: <>"
"/quests/Gluki.qmm/parameters/22/crit_text"	"Сообщение достижения критического значения параметром 23"	"Quest Gluki.qmm: parameters.22.crit_text. Preserve every <tag> exactly."	"Quest,Gluki"	"Паведамленьне пра дасягненьне крытычнага значэньня парамэтрам 23"
"/quests/Gluki.qmm/parameters/23/name"	"Локализация игрока"	"Quest Gluki.qmm: parameters.23.name. Preserve every <tag> exactly."	"Quest,Gluki"	"Месцазнаходжаньне гульца"
"/quests/Gluki.qmm/parameters/23/lines/0/content"	"Параметр номер 24: <>"	"Quest Gluki.qmm: parameters.23.lines.0.content. Preserve every <tag> exactly."	"Quest,Gluki"	"Парамэтар нумар 24: <>"
"/quests/Gluki.qmm/parameters/23/crit_text"	"Сообщение достижения критического значения параметром 24"	"Quest Gluki.qmm: parameters.23.crit_text. Preserve every <tag> exactly."	"Quest,Gluki"	"Паведамленьне пра дасягненьне крытычнага значэньня парамэтрам 24"
"/quests/Gluki.qmm/parameters/24/name"	"Огнетушитель"	"Quest Gluki.qmm: parameters.24.name. Preserve every <tag> exactly."	"Quest,Gluki"	"Вогнетушыцель"
"/quests/Gluki.qmm/parameters/24/lines/0/content"	"Параметр номер 25: <>"	"Quest Gluki.qmm: parameters.24.lines.0.content. Preserve every <tag> exactly."	"Quest,Gluki"	"Парамэтар нумар 25: <>"
"/quests/Gluki.qmm/parameters/24/lines/1/content"	"Огнетушитель"	"Quest Gluki.qmm: parameters.24.lines.1.content. Preserve every <tag> exactly."	"Quest,Gluki"	"Вогнетушыцель"
"/quests/Gluki.qmm/parameters/24/crit_text"	"Сообщение достижения критического значения параметром 25"	"Quest Gluki.qmm: parameters.24.crit_text. Preserve every <tag> exactly."	"Quest,Gluki"	"Паведамленьне пра дасягненьне крытычнага значэньня парамэтрам 25"
"/quests/Gluki.qmm/parameters/25/name"	"Дрема на диване"	"Quest Gluki.qmm: parameters.25.name. Preserve every <tag> exactly."	"Quest,Gluki"	"Дрэма на канапе"
"/quests/Gluki.qmm/parameters/25/lines/0/content"	"Параметр номер 26: <>"	"Quest Gluki.qmm: parameters.25.lines.0.content. Preserve every <tag> exactly."	"Quest,Gluki"	"Парамэтар нумар 26: <>"
"/quests/Gluki.qmm/parameters/25/crit_text"	"Сообщение достижения критического значения параметром 26"	"Quest Gluki.qmm: parameters.25.crit_text. Preserve every <tag> exactly."	"Quest,Gluki"	"Паведамленьне пра дасягненьне крытычнага значэньня парамэтрам 26"
"/quests/Gluki.qmm/parameters/26/name"	"Корпус отдыха"	"Quest Gluki.qmm: parameters.26.name. Preserve every <tag> exactly."	"Quest,Gluki"	"Корпус адпачынку"
"/quests/Gluki.qmm/parameters/26/lines/0/content"	"Параметр номер 27: <>"	"Quest Gluki.qmm: parameters.26.lines.0.content. Preserve every <tag> exactly."	"Quest,Gluki"	"Парамэтар нумар 27: <>"
"/quests/Gluki.qmm/parameters/26/crit_text"	"Сообщение достижения критического значения параметром 27"	"Quest Gluki.qmm: parameters.26.crit_text. Preserve every <tag> exactly."	"Quest,Gluki"	"Паведамленьне пра дасягненьне крытычнага значэньня парамэтрам 27"
"/quests/Gluki.qmm/parameters/27/name"	"Базовый синтезатор"	"Quest Gluki.qmm: parameters.27.name. Preserve every <tag> exactly."	"Quest,Gluki"	"Базавы сынтэзатар"
"/quests/Gluki.qmm/parameters/27/lines/0/content"	"Параметр номер 28: <>"	"Quest Gluki.qmm: parameters.27.lines.0.content. Preserve every <tag> exactly."	"Quest,Gluki"	"Парамэтар нумар 28: <>"
"/quests/Gluki.qmm/parameters/27/crit_text"	"Сообщение достижения критического значения параметром 28"	"Quest Gluki.qmm: parameters.27.crit_text. Preserve every <tag> exactly."	"Quest,Gluki"	"Паведамленьне пра дасягненьне крытычнага значэньня парамэтрам 28"
"/quests/Gluki.qmm/parameters/28/name"	"Колба ""Т"""	"Quest Gluki.qmm: parameters.28.name. Preserve every <tag> exactly."	"Quest,Gluki"	"Колба ""Т"""
"/quests/Gluki.qmm/parameters/28/lines/1/content"	"1 колба ""Т"""	"Quest Gluki.qmm: parameters.28.lines.1.content. Preserve every <tag> exactly."	"Quest,Gluki"	"2 колбы ""Т"""
"/quests/Gluki.qmm/parameters/28/lines/2/content"	"2 колбы ""Т"""	"Quest Gluki.qmm: parameters.28.lines.2.content. Preserve every <tag> exactly."	"Quest,Gluki"	"3 колбы ""Т"""
"/quests/Gluki.qmm/parameters/28/lines/3/content"	"3 колбы ""Т"""	"Quest Gluki.qmm: parameters.28.lines.3.content. Preserve every <tag> exactly."	"Quest,Gluki"	"4 колбы ""Т"""
"/quests/Gluki.qmm/parameters/28/lines/4/content"	"4 колбы ""Т"""	"Quest Gluki.qmm: parameters.28.lines.4.content. Preserve every <tag> exactly."	"Quest,Gluki"	"5 колбаў ""Т"""
"/quests/Gluki.qmm/parameters/28/lines/5/content"	"5 колб ""Т"""	"Quest Gluki.qmm: parameters.28.lines.5.content. Preserve every <tag> exactly."	"Quest,Gluki"	"6 колбаў ""Т"""
"/quests/Gluki.qmm/parameters/28/lines/6/content"	"6 колб ""Т"""	"Quest Gluki.qmm: parameters.28.lines.6.content. Preserve every <tag> exactly."	"Quest,Gluki"	"7 колбаў ""Т"""
"/quests/Gluki.qmm/parameters/28/lines/7/content"	"7 колб ""Т"""	"Quest Gluki.qmm: parameters.28.lines.7.content. Preserve every <tag> exactly."	"Quest,Gluki"	"8 колбаў ""Т"""
"/quests/Gluki.qmm/parameters/28/lines/8/content"	"8 колб ""Т"""	"Quest Gluki.qmm: parameters.28.lines.8.content. Preserve every <tag> exactly."	"Quest,Gluki"	"9 колбаў ""Т"""
"/quests/Gluki.qmm/parameters/28/lines/9/content"	"9 колб ""Т"""	"Quest Gluki.qmm: parameters.28.lines.9.content. Preserve every <tag> exactly."	"Quest,Gluki"	"9 колбаў ""Т"""
"/quests/Gluki.qmm/parameters/28/crit_text"	"Сообщение достижения критического значения параметром 29"	"Quest Gluki.qmm: parameters.28.crit_text. Preserve every <tag> exactly."	"Quest,Gluki"	"Паведамленьне пра дасягненьне крытычнага значэньня парамэтрам 29"
"/quests/Gluki.qmm/parameters/29/name"	"Колба ""Х"""	"Quest Gluki.qmm: parameters.29.name. Preserve every <tag> exactly."	"Quest,Gluki"	"Колба ""Х"""
"/quests/Gluki.qmm/parameters/29/lines/1/content"	"1 колба ""Х"""	"Quest Gluki.qmm: parameters.29.lines.1.content. Preserve every <tag> exactly."	"Quest,Gluki"	"2 колбы ""Х"""
"/quests/Gluki.qmm/parameters/29/lines/2/content"	"2 колбы ""Х"""	"Quest Gluki.qmm: parameters.29.lines.2.content. Preserve every <tag> exactly."	"Quest,Gluki"	"3 колбы ""Х"""
"/quests/Gluki.qmm/parameters/29/lines/3/content"	"3 колбы ""Х"""	"Quest Gluki.qmm: parameters.29.lines.3.content. Preserve every <tag> exactly."	"Quest,Gluki"	"4 колбы ""Х"""
"/quests/Gluki.qmm/parameters/29/lines/4/content"	"4 колбы ""Х"""	"Quest Gluki.qmm: parameters.29.lines.4.content. Preserve every <tag> exactly."	"Quest,Gluki"	"5 колбаў ""Х"""
"/quests/Gluki.qmm/parameters/29/lines/5/content"	"5 колб ""Х"""	"Quest Gluki.qmm: parameters.29.lines.5.content. Preserve every <tag> exactly."	"Quest,Gluki"	"6 колбаў ""Х"""
"/quests/Gluki.qmm/parameters/29/lines/6/content"	"6 колб ""Х"""	"Quest Gluki.qmm: parameters.29.lines.6.content. Preserve every <tag> exactly."	"Quest,Gluki"	"7 колбаў ""Х"""
"/quests/Gluki.qmm/parameters/29/lines/7/content"	"7 колб ""Х"""	"Quest Gluki.qmm: parameters.29.lines.7.content. Preserve every <tag> exactly."	"Quest,Gluki"	"8 колбаў ""Х"""
"/quests/Gluki.qmm/parameters/29/lines/8/content"	"8 колб ""Х"""	"Quest Gluki.qmm: parameters.29.lines.8.content. Preserve every <tag> exactly."	"Quest,Gluki"	"9 колбаў ""Х"""
"/quests/Gluki.qmm/parameters/29/lines/9/content"	"9 колб ""Х"""	"Quest Gluki.qmm: parameters.29.lines.9.content. Preserve every <tag> exactly."	"Quest,Gluki"	"9 колбаў ""Х"""
"/quests/Gluki.qmm/parameters/29/crit_text"	"Сообщение достижения критического значения параметром 30"	"Quest Gluki.qmm: parameters.29.crit_text. Preserve every <tag> exactly."	"Quest,Gluki"	"Паведамленьне пра дасягненьне крытычнага значэньня парамэтрам 30"
"/quests/Gluki.qmm/parameters/30/name"	"Количество реагентов"	"Quest Gluki.qmm: parameters.30.name. Preserve every <tag> exactly."	"Quest,Gluki"	"Колькасьць рэагентаў"
"/quests/Gluki.qmm/parameters/30/lines/0/content"	"Задействовано реагентов: <>"	"Quest Gluki.qmm: parameters.30.lines.0.content. Preserve every <tag> exactly."	"Quest,Gluki"	"Задзейнічана рэагентаў: <>"
"/quests/Gluki.qmm/parameters/30/crit_text"	"Сообщение достижения критического значения параметром 31"	"Quest Gluki.qmm: parameters.30.crit_text. Preserve every <tag> exactly."	"Quest,Gluki"	"Паведамленьне пра дасягненьне крытычнага значэньня парамэтрам 31"
"/quests/Gluki.qmm/parameters/31/name"	"Формула"	"Quest Gluki.qmm: parameters.31.name. Preserve every <tag> exactly."	"Quest,Gluki"	"Формула"
"/quests/Gluki.qmm/parameters/31/lines/0/content"	"Деструкцирующий раствор"	"Quest Gluki.qmm: parameters.31.lines.0.content. Preserve every <tag> exactly."	"Quest,Gluki"	"Дэструкцыйны раствор"
"/quests/Gluki.qmm/parameters/31/lines/1/content"	"Нейтральный раствор"	"Quest Gluki.qmm: parameters.31.lines.1.content. Preserve every <tag> exactly."	"Quest,Gluki"	"Нэўтральны раствор"
"/quests/Gluki.qmm/parameters/31/lines/2/content"	"Регенерирующий раствор"	"Quest Gluki.qmm: parameters.31.lines.2.content. Preserve every <tag> exactly."	"Quest,Gluki"	"Рэгенэрацыйны раствор"
"/quests/Gluki.qmm/parameters/31/crit_text"	"Сообщение достижения критического значения параметром 32"	"Quest Gluki.qmm: parameters.31.crit_text. Preserve every <tag> exactly."	"Quest,Gluki"	"Паведамленьне пра дасягненьне крытычнага значэньня парамэтрам 32"
"/quests/Gluki.qmm/parameters/32/name"	"Количество итераций"	"Quest Gluki.qmm: parameters.32.name. Preserve every <tag> exactly."	"Quest,Gluki"	"Колькасьць паўтораў"
"/quests/Gluki.qmm/parameters/32/lines/0/content"	"Параметр номер 33: <>"	"Quest Gluki.qmm: parameters.32.lines.0.content. Preserve every <tag> exactly."	"Quest,Gluki"	"Парамэтар нумар 33: <>"
"/quests/Gluki.qmm/parameters/32/crit_text"	"Сообщение достижения критического значения параметром 33"	"Quest Gluki.qmm: parameters.32.crit_text. Preserve every <tag> exactly."	"Quest,Gluki"	"Паведамленьне пра дасягненьне крытычнага значэньня парамэтрам 33"
"/quests/Gluki.qmm/parameters/33/name"	"Медкабинет на складе"	"Quest Gluki.qmm: parameters.33.name. Preserve every <tag> exactly."	"Quest,Gluki"	"Лячэбны кабінэт на складзе"
"/quests/Gluki.qmm/parameters/33/lines/0/content"	"Параметр номер 34: <>"	"Quest Gluki.qmm: parameters.33.lines.0.content. Preserve every <tag> exactly."	"Quest,Gluki"	"Парамэтар нумар 34: <>"
"/quests/Gluki.qmm/parameters/33/crit_text"	"Сообщение достижения критического значения параметром 34"	"Quest Gluki.qmm: parameters.33.crit_text. Preserve every <tag> exactly."	"Quest,Gluki"	"Паведамленьне пра дасягненьне крытычнага значэньня парамэтрам 34"
"/quests/Gluki.qmm/parameters/34/name"	"Аптечка в мед.каб. на складе"	"Quest Gluki.qmm: parameters.34.name. Preserve every <tag> exactly."	"Quest,Gluki"	"Аптэчка ў лячэбным кабінэце на складзе"
"/quests/Gluki.qmm/parameters/34/lines/0/content"	"Параметр номер 35: <>"	"Quest Gluki.qmm: parameters.34.lines.0.content. Preserve every <tag> exactly."	"Quest,Gluki"	"Парамэтар нумар 35: <>"
"/quests/Gluki.qmm/parameters/34/crit_text"	"Сообщение достижения критического значения параметром 35"	"Quest Gluki.qmm: parameters.34.crit_text. Preserve every <tag> exactly."	"Quest,Gluki"	"Паведамленьне пра дасягненьне крытычнага значэньня парамэтрам 35"
"/quests/Gluki.qmm/parameters/35/name"	"Энергоотдел"	"Quest Gluki.qmm: parameters.35.name. Preserve every <tag> exactly."	"Quest,Gluki"	"Аддзел энэргіі"
"/quests/Gluki.qmm/parameters/35/lines/0/content"	"Параметр номер 36: <>"	"Quest Gluki.qmm: parameters.35.lines.0.content. Preserve every <tag> exactly."	"Quest,Gluki"	"Парамэтар нумар 36: <>"
"/quests/Gluki.qmm/parameters/35/crit_text"	"Сообщение достижения критического значения параметром 36"	"Quest Gluki.qmm: parameters.35.crit_text. Preserve every <tag> exactly."	"Quest,Gluki"	"Паведамленьне пра дасягненьне крытычнага значэньня парамэтрам 36"
"/quests/Gluki.qmm/parameters/36/name"	"Здоровье монстра"	"Quest Gluki.qmm: parameters.36.name. Preserve every <tag> exactly."	"Quest,Gluki"	"Здароўе монстра"
"/quests/Gluki.qmm/parameters/36/lines/0/content"	"Параметр номер 37: <>"	"Quest Gluki.qmm: parameters.36.lines.0.content. Preserve every <tag> exactly."	"Quest,Gluki"	"Парамэтар нумар 37: <>"
"/quests/Gluki.qmm/parameters/36/crit_text"	"Сообщение достижения критического значения параметром 37"	"Quest Gluki.qmm: parameters.36.crit_text. Preserve every <tag> exactly."	"Quest,Gluki"	"Паведамленьне пра дасягненьне крытычнага значэньня парамэтрам 37"
"/quests/Gluki.qmm/parameters/37/name"	"Отсчет до спасения"	"Quest Gluki.qmm: parameters.37.name. Preserve every <tag> exactly."	"Quest,Gluki"	"Адлік да выратаваньня"
"/quests/Gluki.qmm/parameters/37/lines/0/content"	"До прибытия спасателей: {<> div 60} ч. {<> mod 60} м."	"Quest Gluki.qmm: parameters.37.lines.0.content. Preserve every <tag> exactly."	"Quest,Gluki"	"Да прыбыцьця ратавальнікаў: {<> div 60} гадзін {<> mod 60} хвілін."
"/quests/Gluki.qmm/parameters/37/crit_text"	"Вы боролись с проклятой планетой <ToPlanet> изо всех сил, зная, что надо лишь немного продержаться, после чего вас обязательно спасут. К сожалению, время тянулось мучительно медленно, но другого пути у вас не было.
Очередной свистящий звук вы восприняли как угрозу, тело моментально сжалось пружиной. Но это были те спасатели, которых вы так ждали и которых по счастливой случайности успели вызвать.
- Рейнджер <Ranger>, - раздался усиленный громкоговорителем голос. - Мы вас засекли, оставайтесь на месте и ожидайте помощи.
Вы бессильно опустились на колени. Через несколько минут перед вами возникли две фигуры в защитных костюмах и, взяв под руки, куда-то поволокли. В этот момент вы позволили себе потерять сознание.
Очнулись вы в палате.
- <Ranger>? - окликнул вас сидящий в углу человек в белом халате. Вы подтвердили.
- У вас небольшое нервное истощение, а в целом - будете жить ничуть не хуже прежнего. Что произошло?
Вас прорвало. В красках и с упоением вы рассказали про задание правительства планеты <FromPlanet>, про провалившуюся экспедицию и проклятье планеты <ToPlanet>. Человек в халате внимательно слушал вас, не перебивая.
- Что ж, про ваше задание мы уже знаем, - сказал человек, когда вы закончили свой рассказ. - А вот то, что происходит на планете <ToPlanet> - это очень интересно. Это, определенно, открытие. Но, думаю, вам самим стоит рассказать про это галактике.
Вы кивнули. Потом, опомнившись, спросили, где вы.
- Это медблок спасательного звездолета, а находимся мы все еще на планете <ToPlanet>. Честно говоря, мы уже хотели улетать, как обнаружили ваш корабль, и решили подождать еще немного.
- Мой корабль цел? - радостно воскликнули вы.
- Еще как, - заверил вас человек. - И еще одна хорошая новость. Поскольку ваше здоровье в норме, то можете прямо сейчас забраться в свой корабль и лететь, куда пожелаете. Только не задерживайтесь на этой планете.
Вы заверили, что такого не случится, напяливая на себя комбинезон. А роясь в коробке с личными вещами, вы обнаружили еще один сюрприз в виде <clr>черного ящика<clrEnd>.
- Мы нашли это рядом с вами, - ответил на ваш беззвучный вопрос человек.
- Отлично, теперь надо всего лишь отвезти протоколизатор на планету <FromPlanet> и обменять его на <Money> <clr>cr<clrEnd> - думали вы, поднимаясь на свой корабль."	"Quest Gluki.qmm: parameters.37.crit_text. Preserve every <tag> exactly."	"Quest,Gluki"	"Вы змагаліся з праклятай плянэтай <ToPlanet> з усіх сілаў, ведаючы, што трэба толькі крыху пратрымацца, пасьля чаго вас абавязкова выратуюць. На жаль, час цягнуўся пакутліва марудна, але іншага шляху ў вас ня было.
Чарговы сьвіст вы ўспрынялі як пагрозу, цела імгненна сьціснулася спружынай. Але гэта былі тыя ратавальнікі, якіх вы так чакалі і якіх па шчасьлівым выпадку пасьпелі выклікаць.
- Рэйнджэр <Ranger>, — прагучаў голас, узмоцнены гучнагаварыцелем. — Мы вас засяклі, заставайцеся на месцы і чакайце дапамогі.
Вы бясьсільна апусьціліся на калені. Праз некалькі хвілінаў перад вамі паўсталі дзьве фігуры ў ахоўных касьцюмах і, узяўшы пад рукі, некуды павалаклі. У гэты момант вы дазволілі сабе згубіць прытомнасьць.
Ачуліся вы ў палаце.
- <Ranger>? — аклікнуў вас чалавек у белым халаце, які сядзеў у куце. Вы пацьвердзілі.
- У вас невялікае нэрвовае зьнясіленьне, а ў цэлым — будзеце жыць ані не горш за ранейшае. Што сталася?
Вас прарвала. У фарбах і з захапленьнем вы расказалі пра заданьне ўраду плянэты <FromPlanet>, пра праваленую экспэдыцыю і пракляцьце плянэты <ToPlanet>. Чалавек у халаце ўважліва слухаў вас, не перабіваючы.
- Што ж, пра ваша заданьне мы ўжо ведаем, — сказаў чалавек, калі вы скончылі свой аповед. — А вось тое, што адбываецца на плянэце <ToPlanet>, — гэта вельмі цікава. Гэта, безумоўна, адкрыцьцё. Але, думаю, вам самім варта расказаць пра гэта галяктыцы.
Вы кіўнулі. Потым, апрытомнеўшы, спыталі, дзе вы.
- Гэта мэдычны аддзел выратавальнага зорнага карабля, а знаходзімся мы ўсё яшчэ на плянэце <ToPlanet>. Шчыра кажучы, мы ўжо хацелі адлятаць, калі выявілі ваш карабель, і вырашылі пачакаць яшчэ крыху.
- Мой карабель цэлы? — радасна ўскрыкнулі вы.
- Яшчэ й як, — запэўніў вас чалавек. — І яшчэ адна добрая навіна. Паколькі ваша здароўе ў норме, можаце прама цяпер забрацца ў свой карабель і ляцець, куды захочаце. Толькі не затрымлівайцеся на гэтай плянэце.
Вы запэўнілі, што такога не станецца, нацягваючы на сябе камбінэзон. А поркаючыся ў скрынцы з асабістымі рэчамі, вы выявілі яшчэ адзін сюрпрыз у выглядзе <clr>чорнай скрыні<clrEnd>.
- Мы знайшлі гэта побач з вамі, — адказаў на ваша бязгучнае пытаньне чалавек.
- Выдатна, цяпер трэба ўсяго толькі адвезьці пратакалізатар на плянэту <FromPlanet> і абмяняць яго на <Money> <clr>cr<clrEnd>, — думалі вы, падымаючыся на свой карабель."
"/quests/Gluki.qmm/parameters/38/name"	"Комната с желтой молнией"	"Quest Gluki.qmm: parameters.38.name. Preserve every <tag> exactly."	"Quest,Gluki"	"Пакой з жоўтай маланкай"
"/quests/Gluki.qmm/parameters/38/lines/0/content"	"Параметр номер 39: <>"	"Quest Gluki.qmm: parameters.38.lines.0.content. Preserve every <tag> exactly."	"Quest,Gluki"	"Парамэтар нумар 39: <>"
"/quests/Gluki.qmm/parameters/38/crit_text"	"Сообщение достижения критического значения параметром 39"	"Quest Gluki.qmm: parameters.38.crit_text. Preserve every <tag> exactly."	"Quest,Gluki"	"Паведамленьне пра дасягненьне крытычнага значэньня парамэтрам 39"
"/quests/Gluki.qmm/parameters/39/name"	"Доп. инструкция"	"Quest Gluki.qmm: parameters.39.name. Preserve every <tag> exactly."	"Quest,Gluki"	"Дадатковая інструкцыя"
"/quests/Gluki.qmm/parameters/39/lines/0/content"	"Параметр номер 40: <>"	"Quest Gluki.qmm: parameters.39.lines.0.content. Preserve every <tag> exactly."	"Quest,Gluki"	"Парамэтар нумар 40: <>"
"/quests/Gluki.qmm/parameters/39/crit_text"	"Сообщение достижения критического значения параметром 40"	"Quest Gluki.qmm: parameters.39.crit_text. Preserve every <tag> exactly."	"Quest,Gluki"	"Паведамленьне пра дасягненьне крытычнага значэньня парамэтрам 40"
"/quests/Gluki.qmm/tostar"	"Эксипсус"	"Quest Gluki.qmm: tostar. Preserve every <tag> exactly."	"Quest,Gluki"	"Эксіпсус"
"/quests/Gluki.qmm/toplanet"	"Пандора"	"Quest Gluki.qmm: toplanet. Preserve every <tag> exactly."	"Quest,Gluki"	"Пандора"
"/quests/Gluki.qmm/fromplanet"	"Марс"	"Quest Gluki.qmm: fromplanet. Preserve every <tag> exactly."	"Quest,Gluki"	"Марс"
"/quests/Gluki.qmm/fromstar"	"Солнце"	"Quest Gluki.qmm: fromstar. Preserve every <tag> exactly."	"Quest,Gluki"	"Сонца"
"/quests/Gluki.qmm/ranger"	"Тестер"	"Quest Gluki.qmm: ranger. Preserve every <tag> exactly."	"Quest,Gluki"	"Тэстэр"
"/quests/Gluki.qmm/success_text"	"<Ranger>, вы живы! И даже не стали постоянным клиентом дома душевнобольных! Это очень хорошая новость! Мы уже все извелись, думая о том, что за вашу смерть придется выплачивать компенсацию всегалактическому агентству защиты рейнджерских прав. Но раз рейнджер <Ranger> цел и невредим, то вопрос о компенсации отпадает сам собой.
Что касается морального ущерба и гонорара за проделанную работу, то примите эти скромные <Money> <clr>cr<clrEnd> в знак нашей искренней признательности. Всего хорошего!"	"Quest Gluki.qmm: success_text. Preserve every <tag> exactly. English reference: <Ranger>, вы живы! И даже не стали постоянным клиентом дома душевнобольных! Это очень хорошая новость! Мы уже все извелись, думая о том, что за вашу смерть придется выплачивать компенсацию всегалактическому агенству защиты рейнджерских прав. Но раз рейнджер <Ranger> цел и невредим, то вопрос о компенсации отпадает сам собой.
Что касается морального ущерба и гонорара за проделанную работу, то примите эти скромные <Money> <clr>cr<clrEnd> в знак нашей искренней признательности. Всего хорошего!"	"Quest,Gluki"	"<Ranger>, вы жывы! І нават ня сталі пастаянным кліентам псыхіятрычнага дома! Гэта вельмі добрая навіна! Мы ўжо ўсе зьвяліся, думаючы пра тое, што за вашу сьмерць давядзецца выплачваць кампэнсацыю агенцтву абароны правоў рэйнджэраў усёй галяктыкі. Але раз рэйнджэр <Ranger> цэлы і здаровы, пытаньне пра кампэнсацыю адпадае само сабой.
Што датычыцца маральнай шкоды і ганарару за зробленую працу, прыміце гэтыя сьціплыя <Money> <clr>cr<clrEnd> на знак нашай шчырай удзячнасьці. Усяго добрага!"
"/quests/Gluki.qmm/task_text"	"Нет, <Ranger>, у нас нет для вас никакого задания... Что значит, хоть какое-нибудь? На новую пушку не хватает? Ну нет и все тут. И пушек нет. Если подумать, говорите? Ну, в принципе, есть одна не особо интересная работа, за которую вы вряд ли возьметесь. Это дело для наших рядовых сотрудников, а не для рейнджера, широко известного во всей галактике.
Что? Говорите, что соскучились по рутине? Ну вы прямо совсем не оставляете своему <clr>психическому здоровью<clrEnd> никаких шансов! Ладно, летите в систему <ToStar>, приземлитесь на планете <ToPlanet> и выясните, что случилось с пропавшей там экспедицией. 
А на восстановление нервных клеток мы вам выплатим компенсацию в виде <Money> <clr>cr<clrEnd>. Но из-за особенностей работы наших банков мы сможем это сделать, если вы вернетесь сюда с отчетом о проделанной работе до <Date>. Иначе - нервные клетки, как говорится, не восстановятся."	"Quest Gluki.qmm: task_text. Preserve every <tag> exactly."	"Quest,Gluki"	"Не, <Ranger>, у нас няма для вас ніякага заданьня... Што значыць, хоць якое-небудзь? На новую гармату не хапае? Ну няма і ўсё. І гарматаў няма. Калі падумаць, кажаце? Ну, у прынцыпе, ёсьць адна не надта цікавая праца, за якую вы наўрад ці возьмецеся. Гэта справа для нашых шараговых супрацоўнікаў, а не для таго, каго ўся галяктыка ведае як рэйнджэр.
Што? Кажаце, што сумавалі па руціне? Ну вы проста зусім не пакідаеце свайму <clr>псыхічнаму здароўю<clrEnd> ніякіх шанцаў! Добра, ляціце ў сыстэму <ToStar>, прызямліцеся на плянэце <ToPlanet> і высьветліце, што сталася з зьніклай там экспэдыцыяй. 
А на аднаўленьне нэрвовых вузаў мы вам выплацім кампэнсацыю ў выглядзе <Money> <clr>cr<clrEnd>. Але праз асаблівасьці працы нашых банкаў мы зможам гэта зрабіць, калі вы вернецеся сюды са справаздачай пра зробленую працу да <Date>. Інакш — нэрвовыя вузы, як кажуць, не адновяцца."
"/quests/Gluki.qmm/locations/0/texts/0/text"	"Еще на орбите планеты <ToPlanet> по известным координатам вы легко обнаружили лагерь экспедиции. Издали он был в полном порядке. Решив приземлиться несколько поодаль, вы без труда исполнили свое намерение. После того, как корабль мягко сел на грунт, вы запустили анализатор местности, а пока он работает, решили ознакомиться с краткой сводкой по планете.
Планета <ToPlanet> являлась <clr>не заселенной<clrEnd> никакими формами жизни. Атмосфера содержала кислород в достаточном для дыхания количестве, вода занимала пять шестых всей поверхности. Климатические условия тоже были в норме. Казалось бы, отличные условия для возникновения жизни. Однако, этого по каким-то причинам не произошло. Планета была открыта довольно давно беспилотными зондами, которые разведали большие запасы металлов в недрах <ToPlanet>. Кроме металлов были обнаружены и другие полезные ископаемые, правда, не в столь внушительных количествах. Странно, что до сих пор не была произведена колонизация. За пару сотен лет на планете с подобными условиями с нуля можно организовать серьезный технопарк.
Проверив уровень радиации, сезонные особенности и, убедившись, что ничего не выходит за пределы нормы, вы еще больше удивились.
Закончив с брифингом по планете, вы осмотрели отчет анализаторов. Большинство параметров было как из справочника, оставшиеся же имели незначительные расхождения, которыми можно было пренебречь.
Убедившись, что планета дружелюбна к гостям, вы решили выйти на поверхность в своей обычной форме. Но <clr>бластер<clrEnd> на всякий случай взяли."	"Quest Gluki.qmm: locations.0.texts.0.text. Preserve every <tag> exactly."	"Quest,Gluki"	""
"/quests/Gluki.qmm/locations/3/texts/0/text"	"Подумав, что несколько непредусмотрительно сразу заходить в странное место на загадочной планете, вы решили немного поиграть в разведчика. Или поработать шпионом. Вокруг забора не было острых скал или пропастей. Вполне можно пройтись немного туда и обратно."	"Quest Gluki.qmm: locations.3.texts.0.text. Preserve every <tag> exactly."	"Quest,Gluki"	""
"/quests/Gluki.qmm/locations/6/texts/0/text"	"В твердом решении найти кого-нибудь и узнать, что происходит, вы двинулись к входу в ближайшее здание, которым оказался склад. К вашему сожалению, он был заперт. Подергав несколько раз ручку, вы решили отказаться от идеи попасть внутрь. Поэтому, развернувшись, вы направились ко второму корпусу, который являлся административным.
На этот раз дверь поддалась с первого раза, и вашему взору предстал пустой коридор. Войдя в первую попавшуюся дверь, вы увидели фигуру гаальца, сидящего к вам спиной. Вы окликнули фигуру для привлечения внимания, но в ответ была только тишина. Осторожно подходя к гаальцу, вы изо всех сил гнали нехорошие мысли. К несчастью, они полностью подтвердились - гаалец был <clr>мертв<clrEnd>.
Дырок от бластера или следов борьбы на нем вы не заметили.
Так же осторожно, как и входили в кабинет, вы из него вышли, попутно достав из кармана предусмотрительно взятый бластер. В коридоре висела все та же мертвая тишина. И теперь вы уже думали, что мертвая - в прямом смысле этого слова. Наверняка на экспедицию напали пираты, думали вы. Возможно, они до сих пор здесь.
Войдя в еще одну дверь, вы уже без всякого удивления обнаружили <clr>труп фэянина<clrEnd>. И тоже без следов насильственной смерти. Беспорядка в кабинете не было."	"Quest Gluki.qmm: locations.6.texts.0.text. Preserve every <tag> exactly."	"Quest,Gluki"	""
"/quests/Gluki.qmm/locations/11/texts/0/text"	"- Это уже переходит всякие границы - справедливо возмутились вы. - Я подписывался на обычное, простое и рутинное задание, а тут начинается какое-то непонятное приключение. Пираты или чего <clr>похлеще<clrEnd>! Ну нет, искать где-то черный ящик, рискуя сыграть в него - это не для такого великого рейнджера, как <Ranger>!
Изрыгая возмущения, вы попутно прогревали двигатель. Увы, но и обещанной награды в виде <Money> <clr>cr<clrEnd> вы теперь тоже не получите."	"Quest Gluki.qmm: locations.11.texts.0.text. Preserve every <tag> exactly."	"Quest,Gluki"	""
"/quests/Gluki.qmm/locations/12/texts/0/text"	"Перед вами расположены четыре здания:

<clr>Административный корпус<clrEnd>,
<clr>Исследовательский корпус<clrEnd>,
<clr>Корпус отдыха<clrEnd>,
<clr>Склад<clrEnd>.

Ваша цель - злополучный <clr>черный ящик<clrEnd> с очень важными записями пропавшей экспедиции - находится в <clr>исследовательском корпусе<clrEnd>."	"Quest Gluki.qmm: locations.12.texts.0.text. Preserve every <tag> exactly."	"Quest,Gluki"	""
"/quests/Gluki.qmm/locations/13/texts/0/text"	"- Это уже переходит всякие границы - справедливо возмутились вы. - Я подписывался на обычное, простое и рутинное задание, а тут начинается какое-то непонятное приключение. Пираты или чего <clr>похлеще<clrEnd>! Ну нет, искать где-то черный ящик, рискуя сыграть в него - это не для такого великого рейнджера, как <Ranger>!
Изрыгая возмущения, вы попутно прогревали двигатель и даже не заметили, как сидевшая все это время у вас на плече <clr>синяя птица<clrEnd> куда-то пропала. Просто растворилась в воздухе. Но вы были слишком увлечены процессом взлета с планеты <ToPlanet>, нежели слежением за какой-то птицей. Увы, но и обещанной награды в виде <Money> <clr>cr<clrEnd> вы теперь тоже не получите."	"Quest Gluki.qmm: locations.13.texts.0.text. Preserve every <tag> exactly."	"Quest,Gluki"	""
"/quests/Gluki.qmm/locations/24/texts/0/text"	"Перед вами запертый сейф. Или вы перед ним. Необходимо ввести первую цифру."	"Quest Gluki.qmm: locations.24.texts.0.text. Preserve every <tag> exactly."	"Quest,Gluki"	""
"/quests/Gluki.qmm/locations/25/texts/0/text"	"Перед вами запертый сейф. Или вы перед ним. Необходимо ввести вторую цифру."	"Quest Gluki.qmm: locations.25.texts.0.text. Preserve every <tag> exactly."	"Quest,Gluki"	""
"/quests/Gluki.qmm/locations/26/texts/0/text"	"На дисплее теперь горело [p9]."	"Quest Gluki.qmm: locations.26.texts.0.text. Preserve every <tag> exactly."	"Quest,Gluki"	""
"/quests/Gluki.qmm/locations/28/texts/0/text"	"Перед вами запертый сейф. Или вы перед ним. Необходимо ввести первую цифру."	"Quest Gluki.qmm: locations.28.texts.0.text. Preserve every <tag> exactly."	"Quest,Gluki"	""
"/quests/Gluki.qmm/locations/29/texts/0/text"	"Перед вами запертый сейф. Или вы перед ним. Необходимо ввести вторую цифру."	"Quest Gluki.qmm: locations.29.texts.0.text. Preserve every <tag> exactly."	"Quest,Gluki"	""
"/quests/Gluki.qmm/locations/31/texts/0/text"	"Решив, что если на складе и есть что-то интересное, то оно обнаружится в кабинете завхоза, вы бодрым шагом отправились туда. Благо, схема эвакуации дала вам представление, куда следует идти. Немного поблуждав по лабиринтам коридоров, вы оказались перед кабинетом, на двери которого висела старомодная табличка ""Зав. Хоз."". Вот мы и у цели, подумали вы, толкая дверь. Справедливые ожидания того, что дверь может быть заперта, не подтвердились. А войдя внутрь, вы поняли причину дня открытых дверей. В дальнем углу кабинета сидел средних лет человек. Густая, но аккуратная борода придавала солидности, а не менее густые брови эту солидность несколько умаляла. На человеке был серый плащ из дешевой, но добротной материи.
Разумеется, человек был мертв. И уже несколько дней, вынесли вы вердикт. Дырок в туловище не было, но завхоз сидел несколько неестественно. Казалось, каждый мускул его тела был напряжен, словно готовился к прыжку. Видимо, перед самой смертью так оно и было. Однако, следов борьбы не замечалось. Никто ни на кого не прыгал."	"Quest Gluki.qmm: locations.31.texts.0.text. Preserve every <tag> exactly."	"Quest,Gluki"	""
"/quests/Gluki.qmm/locations/32/texts/0/text"	"Вы сделали шаг вперед. Потом еще два. Постояв с минуту и убедившись, что ничего не меняется, вы стали двигаться в глубь складского помещения, постепенно увеличивая количество шагов за один присест. Обнаружив открытую дверь, вы не преминули войти внутрь. За дверью вас встретили горы ящиков и каких-то деталей, разбросанных по кабинету в творческом беспорядке. Стоявший в углу стол не выделялся из обстановки: на нем не было свободного места от всего подряд. Бумаги, детали из металла, пластмасс и стекла громоздились тут и там. На краю вы обнаружили <clr>модель<clrEnd> военного <clr>звездолета<clrEnd>. Недалеко от него лежал пульт управления. Забавная игрушка, отметили вы, крутя бромированные бока модели в руках. Так вы и вышли из кабинета - держа игрушку в одной руке, а пульт от нее в другой."	"Quest Gluki.qmm: locations.32.texts.0.text. Preserve every <tag> exactly."	"Quest,Gluki"	""
"/quests/Gluki.qmm/locations/38/texts/0/text"	"На листе бумаги мелким, но аккуратным почерком было написано обращение к некому Йцували, видимо, члену экспедиции. Опустив формальные заголовки, вы прочитали следующее:
""...поскольку <clr>автоматический протоколизатор<clrEnd> опять барахлит, нужно <clr>заменить блок синхронизации<clrEnd>, который находится там же, где и эта чертова машина. Наши техники говорят, что это должно помочь. Блок синхронизации, естественно, в сейфе под замком, но <clr>код<clrEnd> ты знаешь. Его <clr>все знают<clrEnd>, черт побери!
Поскольку техники до сих пор не исправили ошибки <clr>отключения<clrEnd> защиты силового поля с помощью <clr>перекачки энергии<clrEnd>, то тебе придется включать его вручную. Для этого нужно повернуть два ключа в замках, расположенных достаточно далеко друг от друга. Не забудь о <clr>напарнике<clrEnd>. Ключи c метками у меня в столе, зайди за ними, как будешь готов.
И не забудь потом все вернуть на место, а то внезапная проверка урежет наше финансирование. Ты же не хочешь остаться без премии, верно?"".

Пошарив в ящиках стола, вы обнаружили отсек с ключами."	"Quest Gluki.qmm: locations.38.texts.0.text. Preserve every <tag> exactly."	"Quest,Gluki"	""
"/quests/Gluki.qmm/locations/55/texts/0/text"	"В основном хранилище [p17] теранольфов из 19 возможных.
В первой резервной банке [p18] теранольфов из 3 возможных.
Во второй резервной банке [p19] теранольфов из 5 возможных.
В третьей резервной банке [p20] теранольфов из 11 возможных."	"Quest Gluki.qmm: locations.55.texts.0.text. Preserve every <tag> exactly."	"Quest,Gluki"	""
"/quests/Gluki.qmm/locations/56/texts/0/text"	"Куда?"	"Quest Gluki.qmm: locations.56.texts.0.text. Preserve every <tag> exactly."	"Quest,Gluki"	""
"/quests/Gluki.qmm/locations/57/texts/0/text"	"Куда?"	"Quest Gluki.qmm: locations.57.texts.0.text. Preserve every <tag> exactly."	"Quest,Gluki"	""
"/quests/Gluki.qmm/locations/58/texts/0/text"	"Из какого конкретно?"	"Quest Gluki.qmm: locations.58.texts.0.text. Preserve every <tag> exactly."	"Quest,Gluki"	""
"/quests/Gluki.qmm/locations/59/texts/0/text"	"Куда?"	"Quest Gluki.qmm: locations.59.texts.0.text. Preserve every <tag> exactly."	"Quest,Gluki"	""
"/quests/Gluki.qmm/locations/60/texts/0/text"	"Куда?"	"Quest Gluki.qmm: locations.60.texts.0.text. Preserve every <tag> exactly."	"Quest,Gluki"	""
"/quests/Gluki.qmm/locations/69/texts/0/text"	"С мыслью о том, что ваше задание выполнено, вы аккуратно вытащили из паза автоматический протоколизатор в виде небольшой коробки оранжевого цвета. Он был довольно легким. Другим важным достоинством были компактные размеры. Размышления о <Money> <clr>cr<clrEnd> наглым образом прервало элементарное любопытство. Вам очень сильно захотело узнать, что произошло с экспедицией. Если на пленке оказалась запись нападения пиратов, то правительство <FromPlanet> вполне может нанять вас осуществить правосудие. За отдельную порцию кредиток, разумеется.
Положив самописец на стол, вы присоединили к нему интерком и дали команду на листание значимых событий. Некоторое время вы просматривали записи без всякого интереса, ожидая появление в кадре вооруженных пиратов. Но те все никак не появлялись. Однако, выяснилось кое-что другое интересное. Гораздо более интересное, нежели банальные космические пираты.

Через месяц после прибытия экспедиции у ее членов начались навязчивые видения. Приступы происходили совершенно хаотично, у абсолютно здоровых гуманоидов. О последнем замечании свидетельствовали заключения медицинской комиссии, вынесенные отдельно в сносках.
Еще через какое-то время членов экспедиции начал мучить беспричинный страх, который медленно, но верно сводил с ума. Так поначалу считали руководители экспедиции: гаалец Олтоан и фэянин Лискевиш. Через трое суток после появления записей об беспричинном страхе стояла запись о первом смертельном исходе. Жертвой был техник широкого профиля. Нашли его у себя в спальне, на лице застыла гримаса ужаса, но видимых повреждений тела не было.
Пропустив несколько страниц описания происходящего, вы впились взглядом с следующие строки:
""Все указывает на то, что <clr>на планете<clrEnd> <ToPlanet> <clr>становятся реальными любые страхи<clrEnd>. Наш медик-пеленг Цушкен часто высказывал опасения насчет того, что лабораторная посуда разобьется, и он сильно поранится. Эти страхи были ничем не обоснованы, поскольку вся посуда в лаборатории сделана из материала, в принципе не способного биться. Ее можно погнуть и скрутить, но не разбить. И вот два часа назад мы обнаружили бедного Цушкена всего в крови, а рядом лежала груда осколков. Такого просто не могло быть! Но это было, мы насилу откачали беднягу. Если принять гипотезу о том, что страхи других членов экспедиции материализовались и расправились с ними, то это объясняет застывший посмертный ужас. Впрочем, у нас нет никаких доказательств, только догадки. Тем не менее, было решено сворачивать экспедицию до выяснения"".
Датой записи стояло три дня до вашего прилета."	"Quest Gluki.qmm: locations.69.texts.0.text. Preserve every <tag> exactly. English reference: С мыслью о том, что ваше задание выполнено, вы аккуратно вытащили из паза автоматический протоколизатор в виде небольшой коробки оранжевого цвета. Он был довольно легким. Другим важным достоинством были компактные размеры. Размышления о <Money> <clr>cr<clrEnd> наглым образом прервало элементарное любопытство. Вам очень сильно захотело узнать, что произошло с экспедицией. Если на пленке оказалась запись нападения пиратов, то правительство <FromPlanet> вполне может нанять вас осуществить правосудие. За отдельную порцию кредиток, разумеется.
Положив самописец на стол, вы присоединили к нему интерком и дали команду на листание значимых событий. Некоторое время вы просматривали записи без всякого интереса, ожидая появление в кадре вооруженных пиратов. Но те все никак не появлялись. Однако, выяснилось кое-что другое интересное. Гораздо более интересное, нежели банальные космические пираты.

Через месяц после прибытия экспедиции у ее членов начались навязчивые видения. Приступы происходилисовершенно хаотично, у абсолютно здоровых гуманоидов. О последнем замечании свидетельствовали заключения медицинской комиссии, вынесенные отдельно в сносках.
Еще через какое-то время членов экспедиции начал мучить беспричинный страх, который медленно, но верно сводил с ума. Так поначалу считали руководители экспедиции: гаалец Олтоан и фэянин Лискевиш. Через трое суток после появления записей об беспричинном страхе стояла запись о первом смертельном исходе. Жертвой был техник широкого профиля. Нашли его у себя в спальне, на лице застыла гримаса ужаса, но видимых повреждений тела не было.
Пропустив несколько страниц описания происходящего, вы впились взглядом с следующие строки:
""Все указывает на то, что <clr>на планете<clrEnd> <ToPlanet> <clr>становятся реальными любые страхи<clrEnd>. Наш медик-пеленг Цушкен часто высказывал опасения насчет того, что лабораторная посуда разобьется, и он сильно поранится. Эти страхи были ничем не обоснованы, поскольку вся посуда в лаборатории сделана из материала, в принципе не способного биться. Ее можно погнуть, искрутить, но не разбить. И вот два часа назад мы обнаружили бедного Цушкена всего в крови, а рядом лежала груда осколков. Такого просто не могло быть! Но это было, мы насилу откачали беднягу. Если принять гипотезу о том, что страхи других членов экспедиции материализовались и расправились с ними, то это объясняет застывший посмертный ужас. Впрочем, у нас нет никаких доказательств, только догадки. Тем не менее, было решено сворачивать экспедицию до выяснения"".
Датой записи стояло три дня до вашего прилета."	"Quest,Gluki"	""
"/quests/Gluki.qmm/locations/72/texts/0/text"	"Перед вами расположены четыре здания:

<clr>Административный корпус<clrEnd>,
<clr>Исследовательский корпус<clrEnd>,
<clr>Корпус отдыха<clrEnd>,
<clr>Склад<clrEnd>.

До прибытия спасателей осталось {[p38] div 60} ч. и {[p38] mod 60} м."	"Quest Gluki.qmm: locations.72.texts.0.text. Preserve every <tag> exactly."	"Quest,Gluki"	""
"/quests/Gluki.qmm/locations/74/texts/0/text"	"В недлинном коридоре административного здания скрывались <clr>кабинет начальника экспедиции<clrEnd>, <clr>кабинет<clrEnd> его <clr>заместителя<clrEnd> и <clr>помещение<clrEnd> для старших научных <clr>сотрудников<clrEnd>. Кроме вас во всем корпусе не было ни одной живой души. По крайней мере, пока..."	"Quest Gluki.qmm: locations.74.texts.0.text. Preserve every <tag> exactly."	"Quest,Gluki"	""
"/quests/Gluki.qmm/locations/75/texts/0/text"	"Вы в исследовательском корпусе. Вокруг множество приспособлений для исследования всего на свете. К сожалению, большая часть установок неизвестна для вас, но в помещении стажеров была базовая модель синтезатора. Управление им было настолько примитивно, что даже такой неискушенный рейнджер как вы, мог что-нибудь синтезировать на нем."	"Quest Gluki.qmm: locations.75.texts.0.text. Preserve every <tag> exactly."	"Quest,Gluki"	""
"/quests/Gluki.qmm/locations/76/texts/0/text"	"Вы в корпусе отдыха. Отдыху и расслаблению здесь могут поспособствовать <clr>комната релаксации<clrEnd>, <clr>комната психологического спокойствия<clrEnd> и стоящая в холле установка с пестрой надписью ""<clr>Космический Хэчбол<clrEnd>""."	"Quest Gluki.qmm: locations.76.texts.0.text. Preserve every <tag> exactly."	"Quest,Gluki"	""
"/quests/Gluki.qmm/locations/77/texts/0/text"	"Вы в складском помещении. Две комнаты сильнее других привлекли ваше внимание - комната с нарисованным на двери <clr>красным крестом<clrEnd> и комната с <clr>желтой молнией<clrEnd>. Наверняка в первой можно найти что-то, что способно подлатать здоровье. Насчет содержания второй комнаты ваша фантазия не говорила ничего, кроме того, что там должно быть что-то связанное с энергией."	"Quest Gluki.qmm: locations.77.texts.0.text. Preserve every <tag> exactly."	"Quest,Gluki"	""
"/quests/Gluki.qmm/locations/77/texts/1/text"	"Вы в складском помещении. Две комнаты сильнее других привлекли ваше внимание - комната с нарисованным на двери <clr>красным крестом<clrEnd> и комната с <clr>желтой молнией<clrEnd>. Наверняка в первой можно найти что-то, что способно подлатать здоровье. Дверь во вторую комнату была наглухо запертой после недавнего инцидента."	"Quest Gluki.qmm: locations.77.texts.1.text. Preserve every <tag> exactly."	"Quest,Gluki"	""
"/quests/Gluki.qmm/locations/80/texts/0/text"	"В кабинете начальника экспедиции царил беспорядок. Заваленный бумагами стол отлично гармонировал с остальными элементами интерьера. Двери шкафа, например, не закрывались из-за чрезмерной загруженности. А в углу так вообще на полу была свалена целая гора вещей. Наверняка, неработающих."	"Quest Gluki.qmm: locations.80.texts.0.text. Preserve every <tag> exactly."	"Quest,Gluki"	""
"/quests/Gluki.qmm/locations/82/texts/0/text"	"Помещение для старших научных сотрудников представляло из себя большую комнату с двумя рядами столов, на которых были установлены терминалы. У одной стены располагалась мини-лаборатория."	"Quest Gluki.qmm: locations.82.texts.0.text. Preserve every <tag> exactly."	"Quest,Gluki"	""
"/quests/Gluki.qmm/locations/111/texts/0/text"	"Количества реагентов было достаточно для синтеза, поэтому вы нажали кнопку, заставив агрегат перемигиваться разноцветными огоньками и жужжать, словно малокский жук-копьеносец."	"Quest Gluki.qmm: locations.111.texts.0.text. Preserve every <tag> exactly."	"Quest,Gluki"	""
"/quests/Gluki.qmm/locations/115/texts/0/text"	"За дверью с изображенной желтой молнией скрывался энергоотдел. Странное дело, но дверь была открыта, и ничто не препятствовало войти внутрь. Чем вы и воспользовались.
Внутри находились стойки с рубильниками и жгутами проводов. Наверное, без знания дела все это лучше не трогать, подумали вы. Понаблюдав обстановку, вы обнаружили универсальное <clr>устройство для зарядки<clrEnd> батарей бластеров. Модели вашего бластера на наклейке зарядника не было, но, судя по разъему, совместимость должна была быть."	"Quest Gluki.qmm: locations.115.texts.0.text. Preserve every <tag> exactly."	"Quest,Gluki"	""
"/quests/Gluki.qmm/locations/115/texts/1/text"	"За дверью с изображенной желтой молнией скрывался уже знакомый энергоотдел. Дверь, как и раньше, была открыта, и ничто не препятствовало войти внутрь.
Внутри находились все те же стойки с рубильниками и жгутами проводов. Наверное, без знания дела все это лучше не трогать, вновь подумали вы. Осмотрев привычную обстановку, вы без труда обнаружили универсальное <clr>устройство для зарядки<clrEnd> батарей бластеров. Модели вашего бластера на наклейке зарядника не было, но, судя по разъему, совместимость должна была быть."	"Quest Gluki.qmm: locations.115.texts.1.text. Preserve every <tag> exactly."	"Quest,Gluki"	""
"/quests/Gluki.qmm/locations/116/texts/0/text"	"Кабинет изнутри представлял из себя склад с медицинскими принадлежностями. Кучи пузырьков, как полных, так и пустых, с непонятным содержимым валялись везде, где только можно. В углу располагался наполовину разобранный медицинский робот. Пошарив взглядом, вы обнаружили полевой <clr>набор медика<clrEnd>. К несчастью, он был довольно массивным, чтобы забрать с собой. Будь робот в углу исправен, на него можно было бы загрузить набор и заставить робота следовать за собой всюду. Эх, мечты... Кроме того, индикаторы показывали, что набором медика можно воспользоваться еще только <clr>один раз<clrEnd>, после чего рекомендуется отправить его в авторизованный сервис-мед-центр производителя для заправки."	"Quest Gluki.qmm: locations.116.texts.0.text. Preserve every <tag> exactly."	"Quest,Gluki"	""
"/quests/Gluki.qmm/locations/116/texts/1/text"	"Внутри все так же были разбросаны пузырьки, а полуразобранный медицинский робот все лежал в том виде, в котором он был и раньше. Полевой набор медика тоже был в наличии, правда, индикаторы говорили о том, что воспользоваться им удастся не раньше, чем авторизованный сервис-мед-центр производителя осуществит заправку."	"Quest Gluki.qmm: locations.116.texts.1.text. Preserve every <tag> exactly."	"Quest,Gluki"	""
"/quests/Gluki.qmm/locations/119/texts/0/text"	"Раз разъемы совпадают, то все остальное - дело техники, решили вы, пытаясь приладить свой бластер к зарядному устройству. Небольшое усилие, и вам это удалось. Индикаторы заморгали, свидетельствуя о перекачке энергии. Отлично, осталось подождать несколько минут... Ваше победное состояние прервал треск. С зарядного устройства на бластер и обратно скакали электрические искры. Вот черт... Одна из них, самая расторопная, упала на пол, попав на столь кстати валявшуюся тряпку. И, судя по тому, как вспыхнула тряпка, она была пропитана чем-то горючим.
Вы не успели и глазом моргнуть, как огонь перекинулся на груду досок, обещая сжечь весь кабинет, а заодно, возможно, и склад. Чертова совместимая несовместимость!"	"Quest Gluki.qmm: locations.119.texts.0.text. Preserve every <tag> exactly."	"Quest,Gluki"	""
"/quests/Gluki.qmm/locations/131/texts/0/text"	"Сделав несколько шагов, вы услышали легкий стон и крепкой чертыханье. Решив разузнать, в чем дело, вы пошли на звук. Источником являлся старый гаалец, прикованный цепью к здоровенному валуну.
- Эй, ты! - гаалец вас сразу заметил. - А ну помоги мне.
- Чем я могу помочь? - справившись с оцепенением, спросили вы.
- Видишь, меня злые бандиты приковали цепью. Освободи меня!
- Бандиты? Какие бандиты?
- Неважно. Но они скоро обещали вернуться. Сделай уже что-нибудь с этой цепью!
Какая странная ситуация, думали вы. Этого гаальца тут точно быть не должно. Как и бандитов, про которых он говорил. Наверняка, это все планета <ToPlanet>. Ну что за чертовщина. Может, ну его - глядишь - исчезнет сам, как и появился?"	"Quest Gluki.qmm: locations.131.texts.0.text. Preserve every <tag> exactly."	"Quest,Gluki"	""
"/quests/Gluki.qmm/locations/133/texts/0/text"	"Сделав несколько шагов, вы услышали плач. Не может быть, что здесь вообще происходит? Плач исходил из-за угла здания, и вы отправились на его источник. На всякий случай вы приготовились отразить внезапную атаку, но ее не последовало. За углом вы обнаружили ребенка-фэянина, который просто рыдал.
- Эй, что с тобой? - все же не приближаясь вплотную к маленькому фэянину спросили вы.
- Я... не могу... улететь с этой планеты...
- Да, я тоже, - согласились вы со своим новым собеседником.
- А ведь у меня все было! - внезапно воскликнул ребенок. - Осталось только раздобыть что-то, способное летать. Пусть даже какую-нибудь модель..."	"Quest Gluki.qmm: locations.133.texts.0.text. Preserve every <tag> exactly."	"Quest,Gluki"	""
"/quests/Gluki.qmm/locations/134/texts/0/text"	"Пройдя совсем немного, вы услышали крики о помощи. Судя по голосу, это был малок. Да, точно малок, подвели вы итог, когда добрались до источника крика. Малок был одет в старомодную форму космических войск Коалиции. А еще он был ранен и просил помощи."	"Quest Gluki.qmm: locations.134.texts.0.text. Preserve every <tag> exactly."	"Quest,Gluki"	""
"/quests/Gluki.qmm/jumps/0/text"	"Выйти наружу"	"Quest Gluki.qmm: jumps.0.text. Preserve every <tag> exactly."	"Quest,Gluki"	""
"/quests/Gluki.qmm/jumps/0/description"	"Спустившись с трапа, вы оказались на дне кратера, в который предусмотрительно посадили корабль. Осмотревшись вокруг и убедившись, что все в порядке, вы неспешно отправились в сторону экспедиционного лагеря. Уже на окраине обжитой территории, у самого забора, вы остановились. Что-то нехорошее, неподдающееся логическому объяснению вы чувствовали на этой планете. Локализовать источник непонятной тревоги вы не могли, но для вас не оставлял сомнений тот факт, что никто с ковровой дорожкой встречать вас не будет."	"Quest Gluki.qmm: jumps.0.description. Preserve every <tag> exactly."	"Quest,Gluki"	""
"/quests/Gluki.qmm/jumps/1/text"	"Зайти на территорию"	"Quest Gluki.qmm: jumps.1.text. Preserve every <tag> exactly."	"Quest,Gluki"	""
"/quests/Gluki.qmm/jumps/1/description"	"Сделав всего несколько шагов вы очутились в главном дворике экспедиционного лагеря, который представлял из себя <clr>административный корпус<clrEnd>, <clr>исследовательский корпус<clrEnd>, <clr>корпус отдыха<clrEnd> и <clr>склад<clrEnd>. Снаружи никого не было и, судя по тишине, никто не собирался появляться."	"Quest Gluki.qmm: jumps.1.description. Preserve every <tag> exactly."	"Quest,Gluki"	""
"/quests/Gluki.qmm/jumps/2/text"	"Побродить вокруг"	"Quest Gluki.qmm: jumps.2.text. Preserve every <tag> exactly."	"Quest,Gluki"	""
"/quests/Gluki.qmm/jumps/3/text"	"Идти налево"	"Quest Gluki.qmm: jumps.3.text. Preserve every <tag> exactly."	"Quest,Gluki"	""
"/quests/Gluki.qmm/jumps/4/text"	"Идти направо"	"Quest Gluki.qmm: jumps.4.text. Preserve every <tag> exactly."	"Quest,Gluki"	""
"/quests/Gluki.qmm/jumps/5/text"	"Идти прямо"	"Quest Gluki.qmm: jumps.5.text. Preserve every <tag> exactly."	"Quest,Gluki"	""
"/quests/Gluki.qmm/jumps/5/description"	"Налево, направо - мы пойдем прямо в лоб! - решили вы и стремительным шагом двинулись вперед. Сделав всего несколько шагов вы очутились в главном дворике экспедиционного лагеря, который представлял из себя <clr>административный корпус<clrEnd>, <clr>исследовательский корпус<clrEnd>, <clr>корпус отдыха<clrEnd> и <clr>склад<clrEnd>. Снаружи никого не было и, судя по тишине, никто не собирался появляться."	"Quest Gluki.qmm: jumps.5.description. Preserve every <tag> exactly."	"Quest,Gluki"	""
"/quests/Gluki.qmm/jumps/6/description"	"Сначала мы пойдем налево! - решили вы и начали осуществлять свое намерение. После того, как вы прошли пару десятков шагов, перед вашими глазами открылась свалка, которая недвусмысленно намекала, каким образом происходит процесс утилизации отходов в лагере. Свалка как свалка: один только хлам и ничего полезного для вас. Разочарованный, вы вернулись обратно."	"Quest Gluki.qmm: jumps.6.description. Preserve every <tag> exactly."	"Quest,Gluki"	""
"/quests/Gluki.qmm/jumps/7/description"	"Наше дело правое! - откуда-то вспомнилось вам, а ноги сами понесли в соответствующую сторону. Вдруг, вас там ждет какой-нибудь питомец экспедиции, да к тому же говорящий, мелькнула у вас мысль. Не успев толком осознать бредовую мысль, вы услышали хлопанье крыльев. Машинально пригнувшись, вы с опаской посмотрели по сторонам и увидели приближающуюся к вам <clr>синюю птицу<clrEnd>, что-то кричащую на общегалактическом языке.
- Говор-рун хор-роший! Говор-рун знает! - это говорила та самая птица, что прилетела неизвестно откуда. Вы убедились, что опасности она не представляет.
Поравнявшись с вами, Говорун сделал пару кругов и, сев вам на плечо, принялся чистить перья. Похоже, что это ручная птица, не иначе, как какой-то питомец членов экспедиции. Ведь сама <ToPlanet> полностью необитаема!
С этими мыслями и Говоруном - вы решили, что так зовут птицу - вы двинулись обратно."	"Quest Gluki.qmm: jumps.7.description. Preserve every <tag> exactly."	"Quest,Gluki"	""
"/quests/Gluki.qmm/jumps/8/description"	"Посмотрим-ка, что там слева, подумали вы и двинулись осуществлять сказанное. Вот бы найти что-нибудь эдакое. Сувенирчик какой-нибудь, мелькнула у вас мысль. И как только вы прошли еще несколько шагов, ваше внимание привлек маленький <clr>блестящий кубик<clrEnd>. Со всей осторожностью вы его рассмотрели издали, потом взяли в руки. Блестящий металл серебристого цвета. Судя по всему - цельный. Но, или металл очень легкий, или внутри есть полость, добраться до которой, открыв кубик, вы не смогли. На гранях угадывались плавные узоры. Вы решили, что подобная безделушка найдет достойное место на приборной панели вашего звездолета, спрятали находку в карман и двинулись обратно."	"Quest Gluki.qmm: jumps.8.description. Preserve every <tag> exactly. English reference: Посмотрим-ка, что там слева, подумали вы и двинулись осуществлять сказаное. Вот бы найти что-нибудь эдакое. Сувенирчик какой-нибудь, мелькнула у вас мысль. И как только вы прошли еще несколько шагов, ваше внимание привлек маленький <clr>блестящий кубик<clrEnd>. Со всей осторожностью вы его рассмотрели издали, потом взяли в руки. Блестящий металл серебристого цвета. Судя по всему - цельный. Но, или металл очень легкий, или внутри есть полость, добраться до которой, открыв кубик, вы не смогли. На гранях угадывались плавные узоры. Вы решили, что подобная безделушка найдет достойное место на приборной панели вашего звездолета, спрятали находку в карман и двинулись обратно."	"Quest,Gluki"	""
"/quests/Gluki.qmm/jumps/9/description"	"С левой стороны всегда должно быть что-то интересное, решили вы и зашагали в выбранном направлении. Первые несколько шагов ничего не происходило. Вторые - тоже. Вообще ничего не происходило до тех пор, пока у вас не проскользнула мысль, что сейчас откуда не возьмись появится местный зверек и бросится на вас. Не успели вы выбросить из головы откровенно сумасшедшую мысль, как прямо перед вами действительно оказался представитель фауны. С руку длиной, но мощными челюстями и горящими глазами.
- Ого... - прошептали вы.
Зверек бросился в атаку. Поднимая челюсть с земли, вы выхватили <clr>бластер<clrEnd> и сделали пару выстрелов. Неизвестно откуда взявшийся зверек взвизгнул и затих. Правда, перед своей смертью он успел слегка оцарапать вам руку.
Вы сделали несколько кругов вокруг трупа <clr>животного<clrEnd>, которого здесь <clr>не должно быть<clrEnd>. Так и не поняв, что это было, вы вернулись обратно ко входу в лагерь."	"Quest Gluki.qmm: jumps.9.description. Preserve every <tag> exactly."	"Quest,Gluki"	""
"/quests/Gluki.qmm/jumps/10/description"	"Сейчас как пойду направо. И ничего не найду, - подумалось вам. Пройдя сотню шагов по однообразному ландшафту и действительно ничего не найдя, вы решили вернуться ко входу в лагерь."	"Quest Gluki.qmm: jumps.10.description. Preserve every <tag> exactly."	"Quest,Gluki"	""
"/quests/Gluki.qmm/jumps/11/description"	"Вы решили немного осмотреться по правой стороне. Вдруг найдется что-нибудь интересное. Через пару десятков шагов это интересное действительно нашлось. Оно представляло из себя цветок на неестественно длинном и тонком стебле. Лепестки бирюзового цвета слабо покачивались.
- Вот это да, - оторопело прошептали вы.
Цветок рос на на голом камне, непонятно каким образом черпая из земли жизненные силы. Вы осторожно обошли свою находку и приблизили палец к лепестку. Цветок отреагировал немедленным схлопыванием лепестков, словно голодной челюстью. Вы отшатнулись и принялись усердно дуть на новую царапину на пальце. Цветок же тем временем буквально подпрыгнул и на корнях-ногах побежал в сторону от вас, с легкостью перепрыгивая небольшие камни. Через несколько секунд он уже скрылся из виду, оставив вас наедине с собой.
Уменьшив раскрытые от удивления глаза до привычного размера, вы принялись щипать себя. Когда же это занятие вам наскучило, пришлось признать, что вы не спите, а находитесь на задании планеты <FromPlanet>. Точно, задание, вспомнили вы. Мне же надо внутрь лагеря, а не бродить по его окрестностям. С этими мыслями вы вернулись ко входу."	"Quest Gluki.qmm: jumps.11.description. Preserve every <tag> exactly."	"Quest,Gluki"	""
"/quests/Gluki.qmm/jumps/12/text"	"Поискать персонал"	"Quest Gluki.qmm: jumps.12.text. Preserve every <tag> exactly."	"Quest,Gluki"	""
"/quests/Gluki.qmm/jumps/13/text"	"Подождать, пока что-нибудь произойдет"	"Quest Gluki.qmm: jumps.13.text. Preserve every <tag> exactly."	"Quest,Gluki"	""
"/quests/Gluki.qmm/jumps/14/description"	"Вы замерли на месте столбом, надеясь, что кто-нибудь из персонала выйдет во дворик с караваем хлеба и горстью соли. Впрочем, вариант без хлеба и соли вас бы тоже устроил. Но проходили минуты, а обстановка не менялась. Прислушавшись, вы не обнаружили ни одного источника звука. Ветра - и того не было. Вокруг царило полное безмолвие, лишь здания экспедиции сиротливо окружали вас."	"Quest Gluki.qmm: jumps.14.description. Preserve every <tag> exactly."	"Quest,Gluki"	""
"/quests/Gluki.qmm/jumps/15/text"	"Срочно на корабль с докладом!"	"Quest Gluki.qmm: jumps.15.text. Preserve every <tag> exactly."	"Quest,Gluki"	""
"/quests/Gluki.qmm/jumps/15/description"	"Меня просили выяснить, что случилось с экспедицией - я это сделал, - думали вы, быстро-быстро двигаясь к своему кораблю. Можно сказать, что мое задание выполнено.
Однако, представитель планеты <FromPlanet> так не считал.
- Это просто ужасно, - вымолвил он после того, как вы рассказали все что выяснили. - Это большая потеря как для планеты <FromPlanet>, так и для всей галактики.
Вы ожидающе молчали.
- <Ranger>, вы просто обязаны сделать все, что в ваших силах, чтобы уменьшить потери Коалиции. За то время, что экспедиция работала, накопился материал, который необходимо доставить к нам.
- Но это дополнительная работа, - возмутились вы.
- Как вам не стыдно, рейнджер! Многие светлые умы пали жертвой каких-то пиратов, а вы отказываете нам, да даже не нам, а всей галактике, в такой малости, как доставить наработки ученых?
- Ну... я... - стушевались вы.
- Идите, черный ящик со всеми записями должен быть где-то в исследовательском корпусе. Берете его, садитесь на корабль и летите к нам. А мы вам даем <Money> <clr>cr<clrEnd>.
Подумав, ваш собеседник добавил:
- Этот черный ящик размером с подушку и он цвета...
- Черного? - предположили вы.
- Почти. Оранжевого.
- А почему тогда ящик черный? - задали вы справедливый вопрос.
- Традиция, - нехотя отмахнулся представитель планеты <FromPlanet>.
На этом сеанс связи был завершен."	"Quest Gluki.qmm: jumps.15.description. Preserve every <tag> exactly."	"Quest,Gluki"	""
"/quests/Gluki.qmm/jumps/16/text"	"Внимательно осмотреть труп фэянина"	"Quest Gluki.qmm: jumps.16.text. Preserve every <tag> exactly."	"Quest,Gluki"	""
"/quests/Gluki.qmm/jumps/17/text"	"Походить по лагерю еще"	"Quest Gluki.qmm: jumps.17.text. Preserve every <tag> exactly."	"Quest,Gluki"	""
"/quests/Gluki.qmm/jumps/18/description"	"Решив, что торопиться в таком деле не следует, вы задались целью выяснить, от чего умер несчастный фэянин. Осмотрев кабинет, вы не нашли ничего, что говорило бы о нападении извне: все предметы стояли на своих местах, ничего не было разрушено. Документы, с которыми работал фэянин при жизни, остались в целости и сохранности.
На теле жертвы вы также не смогли найти ничего, что свидетельствовало бы о причине смерти: не было механических повреждений, следов воздействия высоких температур, характерных для плазменного оружия. Однако, при детальном осмотре вы смогли обнаружить кое-что, что не заметили раньше. И без того немаленькие глаза фэянина были выпучены так, словно их обладатель стремился выиграть приз в конкурсе самых выпученных в галактике глаз. Также были слегка изменены черты лица. Подумав, вы заключили, что на лице фэянина застыла маска <clr>ужаса<clrEnd>. Но кого или чего он так боялся? И это ли стало причиной смерти?"	"Quest Gluki.qmm: jumps.18.description. Preserve every <tag> exactly."	"Quest,Gluki"	""
"/quests/Gluki.qmm/jumps/19/description"	"Решив, что торопиться в таком деле не следует, вы задались целью выяснить, от чего умер несчастный фэянин. Осмотрев кабинет, вы не нашли ничего, что говорило бы о нападении извне: все предметы стояли на своих местах, ничего не было разрушено. Документы, с которыми работал фэянин при жизни, остались в целости и сохранности.
На теле жертвы вы также не смогли найти ничего, что свидетельствовало бы о причине смерти: не было механических повреждений, следов воздействия высоких температур, характерных для плазменного оружия. Однако при детальном осмотре вы смогли обнаружить кое-что, что не заметили раньше. И без того немаленькие глаза фэянина были выпучены так, словно их обладатель стремился выиграть приз в конкурсе самых выпученных в галактике глаз. Также были слегка изменены черты лица. Подумав, вы заключили, что на лице фэянина застыла маска <clr>ужаса<clrEnd>. Но кого или чего он так боялся? И это ли стало причиной смерти?
Сидевшая до этого смирно на вашем плече птица встрепенулась.
- Он сошел с ума от того, чего нет и быть не может! - продекларировала птица.
- Ты о чем?
- Он умер-р и все точно так же умер-рли! Этого нет, но оно пр-ришло! И пр-ридет снова!
Больше птица ничего не говорила."	"Quest Gluki.qmm: jumps.19.description. Preserve every <tag> exactly."	"Quest,Gluki"	""
"/quests/Gluki.qmm/jumps/20/description"	"Жажда поиска истины побудила вас не торопиться с докладом, а продолжить разведку. В том же административном корпусе вы обнаружили еще два трупа - на этот раз людей. Разумеется, без следов борьбы.
Исследовательский корпус оказался заперт, но дверь в корпус отдыха любезно распахнулась перед вами, и внутри вы нашли двух мертвых гаальцев. Похоже, что все жертвы умерли одной смертью. Но у вас пока не было достоверных данных, какой именно. Эта неопределенность слегка пугала вас, пуская мерзкий холодок в походы по спине, но каждый раз усилием воли вам удавалось его подавлять. В конце концов, вы - великий рейнджер <Ranger> - прославленный боец с доминаторами и спаситель галактики от захватчиков!"	"Quest Gluki.qmm: jumps.20.description. Preserve every <tag> exactly."	"Quest,Gluki"	""
"/quests/Gluki.qmm/jumps/21/text"	"Плюнуть на все и улететь с проклятой планеты"	"Quest Gluki.qmm: jumps.21.text. Preserve every <tag> exactly."	"Quest,Gluki"	""
"/quests/Gluki.qmm/jumps/22/text"	"Плюнуть на все и улететь с проклятой планеты"	"Quest Gluki.qmm: jumps.22.text. Preserve every <tag> exactly."	"Quest,Gluki"	""
"/quests/Gluki.qmm/jumps/23/text"	"Отправиться на поиски черного ящика"	"Quest Gluki.qmm: jumps.23.text. Preserve every <tag> exactly."	"Quest,Gluki"	""
"/quests/Gluki.qmm/jumps/23/description"	"Тяжело вздохнув, вы вышли из корабля. Надо всего лишь найти этот черный ящик, приволочь его на корабль и можно сматываться. А планета <FromPlanet> заплатит некругленькую, но приятную сумму <Money> <clr>cr<clrEnd>, что есть здорово. <clr>Ящик<clrEnd> с очень важными записями должен быть где-то в <clr>исследовательском корпусе<clrEnd>, напомнили себе вы. Тут же вспомнив пиратов, вы заодно вспомнили про своей <clr>бластер<clrEnd>, что придало вам уверенности.
С этими мыслями вы добрались до экспедиционного лагеря. Перед вами по-прежнему находились четыре здания:

<clr>Административный корпус<clrEnd>,
<clr>Исследовательский корпус<clrEnd>,
<clr>Корпус отдыха<clrEnd>,
<clr>Склад<clrEnd>.

Ваша цель - злополучный <clr>черный ящик<clrEnd> с очень важными записями пропавшей экспедиции находится в <clr>исследовательском корпусе<clrEnd>."	"Quest Gluki.qmm: jumps.23.description. Preserve every <tag> exactly."	"Quest,Gluki"	""
"/quests/Gluki.qmm/jumps/24/text"	"Идти в административный корпус"	"Quest Gluki.qmm: jumps.24.text. Preserve every <tag> exactly."	"Quest,Gluki"	""
"/quests/Gluki.qmm/jumps/24/description"	"Со всей возможной осторожностью вы вошли внутрь административного корпуса. Минутку поколебавшись, вы решили заглянуть в кабинет начальника экспедиции. Внутри было пусто. Сиротливо стоящий стол с какими-то бумагами навевал вечные мысли о вездесущей бюрократии. Приблизившись к столу, вы обнаружили на нем среди кучи бумаг один листок с загадочным числовым рядом:
<clr>123581321<clrEnd>. Рядом была приписка, сделанная от руки: ""не забыть <clr>следующее число<clrEnd>"".
Интересно, подумали вы. Наверняка, где-то здесь стоит сейф и следующее число из ряда будет кодом доступа. Поискав глазами, вы действительно обнаружили рядом сейф, неприветливо смотрящий на вас красным огоньком."	"Quest Gluki.qmm: jumps.24.description. Preserve every <tag> exactly."	"Quest,Gluki"	""
"/quests/Gluki.qmm/jumps/25/text"	"Идти в исследовательский корпус"	"Quest Gluki.qmm: jumps.25.text. Preserve every <tag> exactly."	"Quest,Gluki"	""
"/quests/Gluki.qmm/jumps/26/text"	"Идти в корпус отдыха"	"Quest Gluki.qmm: jumps.26.text. Preserve every <tag> exactly."	"Quest,Gluki"	""
"/quests/Gluki.qmm/jumps/27/text"	"Идти на склад"	"Quest Gluki.qmm: jumps.27.text. Preserve every <tag> exactly."	"Quest,Gluki"	""
"/quests/Gluki.qmm/jumps/27/description"	"Решительной походкой вы направились к складу. Закончив свое важное шествие вы оказались перед закрытой дверью. Хмыкнув и убедившись, что сезам не раскрывается, вы отошли на два шага назад и придирчиво осмотрели дверь. В том месте, где вы ожидали увидеть замок действительно было что-то фэянского производства."	"Quest Gluki.qmm: jumps.27.description. Preserve every <tag> exactly."	"Quest,Gluki"	""
"/quests/Gluki.qmm/jumps/28/description"	"Раз черный ящик в исследовательском корпусе, то надо туда и только туда, справедливо отметили вы. Однако, массивная дверь высказала свое решительное несогласие с вами. Похоже, что без <clr>ключа<clrEnd> внутрь попасть не удастся."	"Quest Gluki.qmm: jumps.28.description. Preserve every <tag> exactly."	"Quest,Gluki"	""
"/quests/Gluki.qmm/jumps/29/text"	"Идти на склад"	"Quest Gluki.qmm: jumps.29.text. Preserve every <tag> exactly."	"Quest,Gluki"	""
"/quests/Gluki.qmm/jumps/29/description"	"Решительной походкой вы направились к складу. Закончив свое важное шествие вы оказались перед закрытой дверью. Хмыкнув и убедившись, что сезам не раскрывается, вы отошли на два шага назад и придирчиво осмотрели дверь. В том месте, где вы ожидали увидеть замок действительно было что-то фэянского производства.
- Используй силу, <Ranger>, внезапно произнесла птица."	"Quest Gluki.qmm: jumps.29.description. Preserve every <tag> exactly."	"Quest,Gluki"	""
"/quests/Gluki.qmm/jumps/30/text"	"Расспросить птицу"	"Quest Gluki.qmm: jumps.30.text. Preserve every <tag> exactly."	"Quest,Gluki"	""
"/quests/Gluki.qmm/jumps/31/text"	"Со всех сил потянуть ручку"	"Quest Gluki.qmm: jumps.31.text. Preserve every <tag> exactly."	"Quest,Gluki"	""
"/quests/Gluki.qmm/jumps/32/text"	"Выстрелить по замку из бластера"	"Quest Gluki.qmm: jumps.32.text. Preserve every <tag> exactly."	"Quest,Gluki"	""
"/quests/Gluki.qmm/jumps/33/description"	"С криком ""открывайся, сезам такая-то"" вы изо всех начали тянуть ручку на себя. Поскольку ничего не изменялось, вы решили сменить стратегию и начали толкать дверь. Бесполезно. Похоже, придется придумать что-нибудь другое."	"Quest Gluki.qmm: jumps.33.description. Preserve every <tag> exactly."	"Quest,Gluki"	""
"/quests/Gluki.qmm/jumps/34/description"	"Вспомнив про свой бластер, вы решили сжечь замок и проникнуть внутрь. Вы выстрелили пару раз, с удовлетворением отметив, что <clr>замок плавится<clrEnd>. К несчастью, расплавленный металл попал вам на руку, наградив легким ожогом."	"Quest Gluki.qmm: jumps.34.description. Preserve every <tag> exactly."	"Quest,Gluki"	""
"/quests/Gluki.qmm/jumps/35/text"	"Открыть дверь и войти внутрь"	"Quest Gluki.qmm: jumps.35.text. Preserve every <tag> exactly."	"Quest,Gluki"	""
"/quests/Gluki.qmm/jumps/35/description"	"Оставив преграду в виде двери позади, вы осторожно вошли в складское помещение. Оно очень напоминало ангар, которым давно не пользовались. Небольшие окна, расположенные почти под самым потолком, который отличался высотой, не способствовали светлости помещения. Прямо у входа вы обнаружили какие-то коробки, покрытые пылью. Случайно дотронувшись до них, вы подняли столб пыли, от которого непроизвольно отшатнулись. Вообще, пыли было много. Несмотря на полумрак, вы ощущали ее всем своим нутром. Нашарив выключатель, вы заставили зажечься лампы, которые несколько разогнали сумрак, но не в той степени, в какой хотелось бы. Лучи света, исходящие от ламп, рисовали причудливые линии, в которой клубилась поднятая вами пыль. Любой сотрудник Галактической Ассоциации Складов, увидев такую картину, сразу схватился бы за сердце."	"Quest Gluki.qmm: jumps.35.description. Preserve every <tag> exactly."	"Quest,Gluki"	""
"/quests/Gluki.qmm/jumps/36/description"	"После очередного выстрела из бластера, остатки замка упали на пол, а с того места, где он еще минуту назад висел, стекали расплавленные ручейки. Вас угораздило немного об них обжечься, но самое главное - дверь теперь была готова пропустить вас внутрь!"	"Quest Gluki.qmm: jumps.36.description. Preserve every <tag> exactly."	"Quest,Gluki"	""
"/quests/Gluki.qmm/jumps/37/text"	"Использовать кубик"	"Quest Gluki.qmm: jumps.37.text. Preserve every <tag> exactly."	"Quest,Gluki"	""
"/quests/Gluki.qmm/jumps/38/description"	"Вы вспомнили про свою находку - маленький загадочный <clr>кубик<clrEnd>, вынули его из кармана и приложили к замку. Удивительно, но он отлично подошел! Похоже, что это ключ от такого высокотехнологичного фэянского запора!"	"Quest Gluki.qmm: jumps.38.description. Preserve every <tag> exactly."	"Quest,Gluki"	""
"/quests/Gluki.qmm/jumps/39/description"	"- Силу? А в чем сила, птица? - вопросили вы своего случайного спутника.
- Сила в кубиках, - загадочно ответила птица. - Вот есть у тебя <clr>кубик<clrEnd> - и ты сильный.
Вы хмыкнули.
- Но не всякий кубик дает силу, - продолжила птица и захлопала крыльями. Похоже, что этот разговор слегка <clr>взволновал<clrEnd> ее."	"Quest Gluki.qmm: jumps.39.description. Preserve every <tag> exactly."	"Quest,Gluki"	""
"/quests/Gluki.qmm/jumps/40/text"	"Вернуться"	"Quest Gluki.qmm: jumps.40.text. Preserve every <tag> exactly."	"Quest,Gluki"	""
"/quests/Gluki.qmm/jumps/41/text"	"Идти в исследовательский корпус"	"Quest Gluki.qmm: jumps.41.text. Preserve every <tag> exactly."	"Quest,Gluki"	""
"/quests/Gluki.qmm/jumps/41/description"	"Найденный в кабинете завхоза ключ с биркой ""Исс."" оказался, как вы и предполагали, ключом от исследовательского корпуса. Оказавшись внутри, вы прошлись по коридору и обнаружили на одной из дверей табличку, на которой большими буквами было написано ""Аппаратная"". Дверь оказалась незаперта, и вы без проблем вошли внутрь. В открывшемся вашему взору помещении действительно находились аппараты, на одном из которых была пометка ""Авт. прот"". Видимо, этот тот самый автоматический протоколизатор. Или <clr>черный ящик<clrEnd>, если говорить военно-рейнджерским языком. Аппарат представлял из себя прозрачный цилиндр, внутри которого на небольшой подставке стояла небольшая коробка оранжевого цвета. Вот эта коробочка вам и нужна, решили вы. А прозрачные стенки цилиндра являлись силовым полем, которое <clr>необходимо отключить<clrEnd>, чтобы извлечь сам черный ящик.
Терминал рядом с цилиндром приглашал вас воспользоваться им."	"Quest Gluki.qmm: jumps.41.description. Preserve every <tag> exactly. English reference: Найденный в кабинете завхоза ключ с биркой ""Исс."" оказался, как вы и предполагали, ключом от исследовательского корпуса. Оказавшись внутри, вы прошлись по коридору и обнаружили на одной из дверей табличку, на которой большими буквами было написано ""Аппаратная"". Дверь оказалась незаперта, и вы без проблем вошли внутрь. В открывшемся вашему взору помещении действительно находились аппараты, на одном из которых была пометка ""Авт. прот"". Видимо, этот тот самый автоматический протоколизатор. Или <clr>черный ящик<clrEnd>, если говорить военно-рейнджерским языком. Аппарат представлял из себя прозрачный цилиндр, внутри которого на небольшой подставке стоял небольшая коробка оранжевого цвета. Вот эта коробочка вам и нужна, решили вы. А прозрачные стенки цилиндра являлись силовым полем, которое <clr>необходимо отключить<clrEnd>, чтобы извлечь сам черный ящик.
Терминал рядом с цилиндром приглашал вас воспользоваться им."	"Quest,Gluki"	""
"/quests/Gluki.qmm/jumps/42/text"	"Идти на склад"	"Quest Gluki.qmm: jumps.42.text. Preserve every <tag> exactly."	"Quest,Gluki"	""
"/quests/Gluki.qmm/jumps/42/description"	"Решительной походкой вы направились к складу. Закончив свое важное шествие вы оказались перед закрытой дверью. Хмыкнув и убедившись, что сезам не раскрывается, вы отошли на два шага назад и придирчиво осмотрели дверь. В том месте, где вы ожидали увидеть замок действительно было что-то фэянского производства.
- Используй силу, <Ranger>, взволнованно произнесла птица. И, хлопнув пару раз крыльями, добавила что-то про <clr>кубик<clrEnd>."	"Quest Gluki.qmm: jumps.42.description. Preserve every <tag> exactly."	"Quest,Gluki"	""
"/quests/Gluki.qmm/jumps/43/description"	"Вы зашли в корпус отдыха. Внутри было несколько комнат, среди которых вы отметили <clr>комнату релаксации<clrEnd> и <clr>комнату психологического спокойствия<clrEnd>. Больше ничего интересного для себя вы не нашли и с некоторым разочарованием вышли наружу."	"Quest Gluki.qmm: jumps.43.description. Preserve every <tag> exactly."	"Quest,Gluki"	""
"/quests/Gluki.qmm/jumps/44/text"	"Вернуться во дворик"	"Quest Gluki.qmm: jumps.44.text. Preserve every <tag> exactly."	"Quest,Gluki"	""
"/quests/Gluki.qmm/jumps/44/description"	"Плюнув на <clr>административный корпус<clrEnd>, вы вышли наружу. Перед вами расположены четыре здания:

<clr>Административный корпус<clrEnd>,
<clr>Исследовательский корпус<clrEnd>,
<clr>Корпус отдыха<clrEnd>,
<clr>Склад<clrEnd>.

Ваша цель - злополучный <clr>черный ящик<clrEnd> с очень важными записями пропавшей экспедиции находится в <clr>исследовательском корпусе<clrEnd>."	"Quest Gluki.qmm: jumps.44.description. Preserve every <tag> exactly."	"Quest,Gluki"	""
"/quests/Gluki.qmm/jumps/45/text"	"Ввести код доступа"	"Quest Gluki.qmm: jumps.45.text. Preserve every <tag> exactly."	"Quest,Gluki"	""
"/quests/Gluki.qmm/jumps/46/text"	"Ввести 1"	"Quest Gluki.qmm: jumps.46.text. Preserve every <tag> exactly."	"Quest,Gluki"	""
"/quests/Gluki.qmm/jumps/47/text"	"Ввести 2"	"Quest Gluki.qmm: jumps.47.text. Preserve every <tag> exactly."	"Quest,Gluki"	""
"/quests/Gluki.qmm/jumps/48/text"	"Ввести 3"	"Quest Gluki.qmm: jumps.48.text. Preserve every <tag> exactly."	"Quest,Gluki"	""
"/quests/Gluki.qmm/jumps/49/text"	"Ввести 4"	"Quest Gluki.qmm: jumps.49.text. Preserve every <tag> exactly."	"Quest,Gluki"	""
"/quests/Gluki.qmm/jumps/50/text"	"Ввести 5"	"Quest Gluki.qmm: jumps.50.text. Preserve every <tag> exactly."	"Quest,Gluki"	""
"/quests/Gluki.qmm/jumps/51/text"	"Ввести 6"	"Quest Gluki.qmm: jumps.51.text. Preserve every <tag> exactly."	"Quest,Gluki"	""
"/quests/Gluki.qmm/jumps/52/text"	"Ввести 7"	"Quest Gluki.qmm: jumps.52.text. Preserve every <tag> exactly."	"Quest,Gluki"	""
"/quests/Gluki.qmm/jumps/53/text"	"Ввести 8"	"Quest Gluki.qmm: jumps.53.text. Preserve every <tag> exactly."	"Quest,Gluki"	""
"/quests/Gluki.qmm/jumps/54/text"	"Ввести 9"	"Quest Gluki.qmm: jumps.54.text. Preserve every <tag> exactly."	"Quest,Gluki"	""
"/quests/Gluki.qmm/jumps/55/text"	"Ввести 0"	"Quest Gluki.qmm: jumps.55.text. Preserve every <tag> exactly."	"Quest,Gluki"	""
"/quests/Gluki.qmm/jumps/56/text"	"Обнулить"	"Quest Gluki.qmm: jumps.56.text. Preserve every <tag> exactly."	"Quest,Gluki"	""
"/quests/Gluki.qmm/jumps/56/description"	"Решив, что вы вводите что-то не то, вы нажали на клавишу сброса и решили начать все сначала."	"Quest Gluki.qmm: jumps.56.description. Preserve every <tag> exactly."	"Quest,Gluki"	""
"/quests/Gluki.qmm/jumps/57/text"	"Ввести 0"	"Quest Gluki.qmm: jumps.57.text. Preserve every <tag> exactly."	"Quest,Gluki"	""
"/quests/Gluki.qmm/jumps/58/text"	"Ввести 1"	"Quest Gluki.qmm: jumps.58.text. Preserve every <tag> exactly."	"Quest,Gluki"	""
"/quests/Gluki.qmm/jumps/59/text"	"Ввести 2"	"Quest Gluki.qmm: jumps.59.text. Preserve every <tag> exactly."	"Quest,Gluki"	""
"/quests/Gluki.qmm/jumps/60/text"	"Ввести 3"	"Quest Gluki.qmm: jumps.60.text. Preserve every <tag> exactly."	"Quest,Gluki"	""
"/quests/Gluki.qmm/jumps/61/text"	"Ввести 4"	"Quest Gluki.qmm: jumps.61.text. Preserve every <tag> exactly."	"Quest,Gluki"	""
"/quests/Gluki.qmm/jumps/62/text"	"Ввести 5"	"Quest Gluki.qmm: jumps.62.text. Preserve every <tag> exactly."	"Quest,Gluki"	""
"/quests/Gluki.qmm/jumps/63/text"	"Ввести 6"	"Quest Gluki.qmm: jumps.63.text. Preserve every <tag> exactly."	"Quest,Gluki"	""
"/quests/Gluki.qmm/jumps/64/text"	"Ввести 7"	"Quest Gluki.qmm: jumps.64.text. Preserve every <tag> exactly."	"Quest,Gluki"	""
"/quests/Gluki.qmm/jumps/65/text"	"Ввести 8"	"Quest Gluki.qmm: jumps.65.text. Preserve every <tag> exactly."	"Quest,Gluki"	""
"/quests/Gluki.qmm/jumps/66/text"	"Ввести 9"	"Quest Gluki.qmm: jumps.66.text. Preserve every <tag> exactly."	"Quest,Gluki"	""
"/quests/Gluki.qmm/jumps/67/text"	"Обнулить"	"Quest Gluki.qmm: jumps.67.text. Preserve every <tag> exactly."	"Quest,Gluki"	""
"/quests/Gluki.qmm/jumps/67/description"	"Решив, что вы вводите что-то не то, вы нажали на клавишу сброса и решили начать все сначала."	"Quest Gluki.qmm: jumps.67.description. Preserve every <tag> exactly."	"Quest,Gluki"	""
"/quests/Gluki.qmm/jumps/68/text"	"Подтвердить ввод"	"Quest Gluki.qmm: jumps.68.text. Preserve every <tag> exactly."	"Quest,Gluki"	""
"/quests/Gluki.qmm/jumps/68/description"	"Вы нажали кнопку подтверждения и дверца открылась! Уставившись внутрь сейфа, вы обнаружили там несколько неинтересных бумаг и какой-то непонятный <clr>кубик<clrEnd> из блестящего металла серебристого цвета, судя по всему - цельный. Но или металл очень легкий, или внутри есть полость, добраться до которой, открыв кубик, вы не смогли. На гранях угадывались плавные узоры. Вы решили, что подобная безделушка найдет достойное место на приборной панели вашего звездолета, поэтому спрятали находку в карман."	"Quest Gluki.qmm: jumps.68.description. Preserve every <tag> exactly."	"Quest,Gluki"	""
"/quests/Gluki.qmm/jumps/69/text"	"Подтвердить ввод"	"Quest Gluki.qmm: jumps.69.text. Preserve every <tag> exactly."	"Quest,Gluki"	""
"/quests/Gluki.qmm/jumps/69/description"	"Вы нажали кнопку подтверждения и... зеленая лампочка не зажглась, а все так же недружелюбно продолжала гореть красная."	"Quest Gluki.qmm: jumps.69.description. Preserve every <tag> exactly."	"Quest,Gluki"	""
"/quests/Gluki.qmm/jumps/70/text"	"Подтвердить ввод"	"Quest Gluki.qmm: jumps.70.text. Preserve every <tag> exactly."	"Quest,Gluki"	""
"/quests/Gluki.qmm/jumps/70/description"	"Вы нажали кнопку подтверждения и дверца открылась! Уставившись внутрь сейфа, вы обнаружили там несколько неинтересных бумаг и какой-то непонятный <clr>кубик<clrEnd> из блестящего металла серебристого цвета. Удивившись, вы достали из кармана свой <clr>кубик<clrEnd>, который недавно нашли в окрестностях лагеря. Как две капли воды! Незачем мне два одинаковых кубика, подумали вы и решили не брать находку, несколько разочаровавшись результатами взлома сейфа."	"Quest Gluki.qmm: jumps.70.description. Preserve every <tag> exactly."	"Quest,Gluki"	""
"/quests/Gluki.qmm/jumps/71/text"	"Вернуться во дворик"	"Quest Gluki.qmm: jumps.71.text. Preserve every <tag> exactly."	"Quest,Gluki"	""
"/quests/Gluki.qmm/jumps/71/description"	"Закончив бродить по <clr>административному корпусу<clrEnd>, вы вышли наружу. Перед вами расположены четыре здания:

<clr>Административный корпус<clrEnd>,
<clr>Исследовательский корпус<clrEnd>,
<clr>Корпус отдыха<clrEnd>,
<clr>Склад<clrEnd>.

Ваша цель - злополучный <clr>черный ящик<clrEnd> с очень важными записями пропавшей экспедиции находится в <clr>исследовательском корпусе<clrEnd>."	"Quest Gluki.qmm: jumps.71.description. Preserve every <tag> exactly."	"Quest,Gluki"	""
"/quests/Gluki.qmm/jumps/72/text"	"Ввести 5-9"	"Quest Gluki.qmm: jumps.72.text. Preserve every <tag> exactly."	"Quest,Gluki"	""
"/quests/Gluki.qmm/jumps/73/text"	"Ввести 0-4"	"Quest Gluki.qmm: jumps.73.text. Preserve every <tag> exactly."	"Quest,Gluki"	""
"/quests/Gluki.qmm/jumps/74/text"	"Ввести 5-9"	"Quest Gluki.qmm: jumps.74.text. Preserve every <tag> exactly."	"Quest,Gluki"	""
"/quests/Gluki.qmm/jumps/75/text"	"Ввести 0-4"	"Quest Gluki.qmm: jumps.75.text. Preserve every <tag> exactly."	"Quest,Gluki"	""
"/quests/Gluki.qmm/jumps/76/text"	"Осмотреть стол еще раз"	"Quest Gluki.qmm: jumps.76.text. Preserve every <tag> exactly."	"Quest,Gluki"	""
"/quests/Gluki.qmm/jumps/77/description"	"Окинув стол взглядом, вы легко нашли среди кучи бумаг один листок с загадочным числовым рядом:
<clr>123581321<clrEnd>. Рядом была приписка, сделанная от руки: ""не забыть <clr>следующее число<clrEnd>""."	"Quest Gluki.qmm: jumps.77.description. Preserve every <tag> exactly."	"Quest,Gluki"	""
"/quests/Gluki.qmm/jumps/78/text"	"Побродить по складу"	"Quest Gluki.qmm: jumps.78.text. Preserve every <tag> exactly."	"Quest,Gluki"	""
"/quests/Gluki.qmm/jumps/79/text"	"Идти в кабинет завхоза"	"Quest Gluki.qmm: jumps.79.text. Preserve every <tag> exactly."	"Quest,Gluki"	""
"/quests/Gluki.qmm/jumps/80/text"	"Осмотреться"	"Quest Gluki.qmm: jumps.80.text. Preserve every <tag> exactly."	"Quest,Gluki"	""
"/quests/Gluki.qmm/jumps/81/description"	"Застыв на месте, вы решили насладиться клубами пыли, причудливо клубящимися в лучах света. Такая картина напоминала вам космос, где космическая пыль, точно так же двигаясь по замысловатым траекториям, образовывала в конечном итоге звездные системы и галактики. Но здесь ей суждено подчиниться гравитации планеты <ToPlanet> и осесть на пол толстым слоем.
Очнувшись от созерцания, вы наткнулись на план эвакуации, прилепленный к стене. Забавно вешать такую вещь прямо у выхода, отметили вы. Наверное, ответственный по противопожарной безопасности обладал очень своеобразным чувством юмора и творческим подходом к работе. Последнее предположение подтверждали стрелки, разбросанные на схеме в хаотичном порядке. Судя по всему, в случае пожара вам следовало бежать вперед, потом по правому коридору, потом сделать левый поворот на 270 градусов, после чего подняться по винтовой лестнице, пройти половину длины помещения по второму этажу, зайти в <clr>кабинет завхоза<clrEnd> с уведомлением о покидании помещения и, в случае положительного решения последнего, открыть окно в коридоре рядом с кабинетом завхоза и спуститься по пожарной лестнице. Хихикнув, вы представили себя выполняющим описанные действия."	"Quest Gluki.qmm: jumps.81.description. Preserve every <tag> exactly."	"Quest,Gluki"	""
"/quests/Gluki.qmm/jumps/82/text"	"Осмотреться"	"Quest Gluki.qmm: jumps.82.text. Preserve every <tag> exactly."	"Quest,Gluki"	""
"/quests/Gluki.qmm/jumps/83/text"	"Идти в кабинет завхоза"	"Quest Gluki.qmm: jumps.83.text. Preserve every <tag> exactly."	"Quest,Gluki"	""
"/quests/Gluki.qmm/jumps/84/description"	"Повертев головой, вы наткнулись на план эвакуации, прилепленный к стене. Стрелки были разбросаны на схеме в хаотичном порядке, что, вероятно, свидетельствовало о своеобразном чувстве юмора и творческом подходе к работе у ответственного за противопожарную безопасность. Судя по всему, в случае пожара вам следовало бежать вперед, потом сделать левый поворот на 270 градусов, после чего подняться по винтовой лестнице, пройти половину длины помещения по второму этажу, зайти в <clr>кабинет завхоза<clrEnd> с уведомлением о покидании помещения и, в случае положительного решения последнего, открыть окно в коридоре рядом с кабинетом завхоза и спуститься по пожарной лестнице. Хихикнув, вы представили себя выполняющим описанные действия."	"Quest Gluki.qmm: jumps.84.description. Preserve every <tag> exactly."	"Quest,Gluki"	""
"/quests/Gluki.qmm/jumps/85/text"	"Осмотреть труп"	"Quest Gluki.qmm: jumps.85.text. Preserve every <tag> exactly."	"Quest,Gluki"	""
"/quests/Gluki.qmm/jumps/86/text"	"Осмотреть кабинет"	"Quest Gluki.qmm: jumps.86.text. Preserve every <tag> exactly."	"Quest,Gluki"	""
"/quests/Gluki.qmm/jumps/87/text"	"Осмотреть стол"	"Quest Gluki.qmm: jumps.87.text. Preserve every <tag> exactly."	"Quest,Gluki"	""
"/quests/Gluki.qmm/jumps/88/description"	"Труп человека выглядел несколько противоречиво. С одной стороны, никаких следов насилия, а с другой - его поза и мимика наталкивала на мысль, что перед самой смертью человек чего-то очень <clr>сильно боялся<clrEnd>. Что-то или кто-то привело завхоза просто в ужас. Может, ему угрожали самыми нечеловечными пытками? В прямом смысле этого слова. Тем не менее, если угрозы и были, то в реальность они не воплотились. Это было бы сразу заметно.
Пошарив взглядом по телу внимательней, вы обнаружили старомодные, как и все на человеке, часы. Человеческого же производства. Механические, с нырковым подпитанием. Такие сняли с производства полтора века назад. Раритет! Прислушавшись, вы даже смогли услышать характерное тиканье. Слышать такие звуки вам довелось только раз: в гаальском историческом музее. Но, услыхав однажды, тиканье никогда ни с чем не спутаешь.
Обуреваемый любопытством, вы взглянули на дисплей. Вернее, не на дисплей, а туда, куда если смотреть, то можно определить время. Там были палки, взаимное расположение которых определенным образом кодировало время. Поднатужившись, вам удалось вспомнить правила раскодирования. Бросив взгляд на свои часы, вы обнаружили расхождение в сорок секунд. Безобразие! Вот за это их и сняли с производства."	"Quest Gluki.qmm: jumps.88.description. Preserve every <tag> exactly."	"Quest,Gluki"	""
"/quests/Gluki.qmm/jumps/89/description"	"Кабинет выглядел совершенно обыденно. Все на местах, бардак тщательным образом поддерживается в том виде, в котором задумывал хозяин. Это не тот беспорядок, который возникает после поисков грабителей каких-нибудь ценностей на скорую руку. Нет, это тот бардак, который культивируется изо дня в день в течение месяцев и даже лет. Самое удивительное, что найти нужную вещь организатору беспорядка обычно не составляет никакого труда. Зато посторонним отыскать что-то конкретное очень сложно."	"Quest Gluki.qmm: jumps.89.description. Preserve every <tag> exactly."	"Quest,Gluki"	""
"/quests/Gluki.qmm/jumps/90/text"	"Прочитать бумагу"	"Quest Gluki.qmm: jumps.90.text. Preserve every <tag> exactly."	"Quest,Gluki"	""
"/quests/Gluki.qmm/jumps/91/description"	"С тяжелым вздохом вы переместили свое внимание на стол, за которым при жизни работал завхоз. Посмотрели и уже были готовы отвести  взгляд, чтобы не перенапрягать зрение, как заметили наполовину исписанный лист бумаги, лежащий поверх общего беспорядка на столе. Видимо, его писал завхоз совсем незадолго до своей смерти."	"Quest Gluki.qmm: jumps.91.description. Preserve every <tag> exactly."	"Quest,Gluki"	""
"/quests/Gluki.qmm/jumps/92/text"	"Взять бумагу"	"Quest Gluki.qmm: jumps.92.text. Preserve every <tag> exactly."	"Quest,Gluki"	""
"/quests/Gluki.qmm/jumps/93/description"	"Поддавшись приступу клептомании вперемешку с долей здравого смысла, вы утянули только что прочитанный лист бумаги себе в карман."	"Quest Gluki.qmm: jumps.93.description. Preserve every <tag> exactly."	"Quest,Gluki"	""
"/quests/Gluki.qmm/jumps/94/text"	"Взять два одинаковых ключа"	"Quest Gluki.qmm: jumps.94.text. Preserve every <tag> exactly."	"Quest,Gluki"	""
"/quests/Gluki.qmm/jumps/95/text"	"Взять ключ с биркой ""Исс."""	"Quest Gluki.qmm: jumps.95.text. Preserve every <tag> exactly."	"Quest,Gluki"	""
"/quests/Gluki.qmm/jumps/96/text"	"Взять гаечный ключ"	"Quest Gluki.qmm: jumps.96.text. Preserve every <tag> exactly."	"Quest,Gluki"	""
"/quests/Gluki.qmm/jumps/97/text"	"Идти на выход"	"Quest Gluki.qmm: jumps.97.text. Preserve every <tag> exactly."	"Quest,Gluki"	""
"/quests/Gluki.qmm/jumps/97/description"	"Решив, что на складе вам делать больше нечего, вы отправились на выход и после некоторого плутания с радостью оказались на свежем воздухе.

Вашему взору по-прежнему открывались четыре здания:

<clr>Административный корпус<clrEnd>,
<clr>Исследовательский корпус<clrEnd>,
<clr>Корпус отдыха<clrEnd>,
<clr>Склад<clrEnd>.

Ваша цель - злополучный <clr>черный ящик<clrEnd> с очень важными записями пропавшей экспедиции находится в <clr>исследовательском корпусе<clrEnd>."	"Quest Gluki.qmm: jumps.97.description. Preserve every <tag> exactly."	"Quest,Gluki"	""
"/quests/Gluki.qmm/jumps/98/description"	"Подумав, что гаечный ключ в отсеке для ключей неспроста, вы решили захватить его с собой."	"Quest Gluki.qmm: jumps.98.description. Preserve every <tag> exactly."	"Quest,Gluki"	""
"/quests/Gluki.qmm/jumps/99/description"	"Найдя среди кучи ключей тот, на котором была бирка ""Исс."", вы решили, что это ключ от двери в <clr>исследовательский корпус<clrEnd>, поэтому незамедлительно присвоили его себе."	"Quest Gluki.qmm: jumps.99.description. Preserve every <tag> exactly."	"Quest,Gluki"	""
"/quests/Gluki.qmm/jumps/100/description"	"Отдельно лежали на одном колечке два совершенно одинаковых ключа. Похоже, что это те, которые вручную отключают силовое поле черного ящика... или как там оно у них называется. Взяв ключи, вы справедливо отметили, что, если вы будете действовать <clr>один<clrEnd>, эти ключи вам не помогут."	"Quest Gluki.qmm: jumps.100.description. Preserve every <tag> exactly."	"Quest,Gluki"	""
"/quests/Gluki.qmm/jumps/101/text"	"Использовать кубик"	"Quest Gluki.qmm: jumps.101.text. Preserve every <tag> exactly."	"Quest,Gluki"	""
"/quests/Gluki.qmm/jumps/102/description"	"Вы вспомнили про свою находку - маленький загадочный <clr>кубик<clrEnd>, вынули его из кармана и приложили к замку. Удивительно, но он отлично подошел! Похоже, что это ключ от такого высокотехнологичного фэянского запора!"	"Quest Gluki.qmm: jumps.102.description. Preserve every <tag> exactly."	"Quest,Gluki"	""
"/quests/Gluki.qmm/jumps/103/text"	"Попытаться отключить силовое поле через терминал"	"Quest Gluki.qmm: jumps.103.text. Preserve every <tag> exactly."	"Quest,Gluki"	""
"/quests/Gluki.qmm/jumps/104/text"	"Прочитать записку завхоза"	"Quest Gluki.qmm: jumps.104.text. Preserve every <tag> exactly."	"Quest,Gluki"	""
"/quests/Gluki.qmm/jumps/105/description"	"Достав из кармана предусмотрительно захваченную записку, вы уставились на мелкий почерк.

""...поскольку <clr>автоматический протоколизатор<clrEnd> опять барахлит, нужно <clr>заменить блок синхронизации<clrEnd>, который находится там же, где и эта чертова машина. Наши техники говорят, что это должно помочь. Блок синхронизации, естественно, в сейфе под замком, но <clr>код<clrEnd> ты знаешь. Его <clr>все знают<clrEnd>, черт побери!
Поскольку техники до сих пор не исправили ошибки <clr>отключения<clrEnd> защиты силового поля с помощью <clr>перекачки энергии<clrEnd>, то тебе придется включать его вручную. Для этого нужно повернуть два ключа в замках, расположенных достаточно далеко друг от друга. Не забудь о <clr>напарнике<clrEnd>. Ключи c метками у меня в столе, зайди за ними, как будешь готов.
И не забудь потом все потом вернуть на место, а то внезапная проверка урежет наше финансирование. Ты же не хочешь остаться без премии, верно?"""	"Quest Gluki.qmm: jumps.105.description. Preserve every <tag> exactly."	"Quest,Gluki"	""
"/quests/Gluki.qmm/jumps/106/text"	"Попытаться отключить силовое поле через терминал"	"Quest Gluki.qmm: jumps.106.text. Preserve every <tag> exactly."	"Quest,Gluki"	""
"/quests/Gluki.qmm/jumps/106/description"	"Заняв место за терминалом, вы дали команду на отключение силового поля. Терминал в ответ издал непонятный звук, и на его экране появился текст.

""Процесс отключения силового поля защиты запущен.
СТАТУС: прогрессирует =>>
.......................................... >
...........................................>
Для продолжения осуществите перекачку энергии из основного хранилища в резервные...
=>>""

Что еще за перекачка энергии? Пошарив в меню помощи, вы обнаружили следующую памятку:
""Для отключения силового поля энергия должна быть перемещена из основного хранилища в банки резервного. При этом емкость банок <clr>трех<clrEnd> резервных хранилищ составляет <clr>3<clrEnd>, <clr>5<clrEnd> и <clr>11<clrEnd> <clr>теранольфов<clrEnd> соответственно. Емкость основного хранилища равна <clr>19 теранольфов<clrEnd>. Из основного хранилища за раз можно перемещать только <clr>5 теранольфов<clrEnd> при условии, что в резервном для них есть место. Аналогично, при перемещении энергии из резервных хранилищ, но там можно перемещать по <clr>3 теранольфа<clrEnd>."""	"Quest Gluki.qmm: jumps.106.description. Preserve every <tag> exactly."	"Quest,Gluki"	""
"/quests/Gluki.qmm/jumps/107/description"	"Заняв место за терминалом, вы дали команду на отключение силового поля. Терминал в ответ изрыгнул проклятье о том, что подобная операция запрещена, с кодом ошибки, состоящим из множества непонятных символов. В конце сообщения терминал рекомендовал проверить <clr>блок синхронизации<clrEnd> и повторить попытку."	"Quest Gluki.qmm: jumps.107.description. Preserve every <tag> exactly."	"Quest,Gluki"	""
"/quests/Gluki.qmm/jumps/108/text"	"Искать блок синхронизации"	"Quest Gluki.qmm: jumps.108.text. Preserve every <tag> exactly."	"Quest,Gluki"	""
"/quests/Gluki.qmm/jumps/108/description"	"Вы вспомнили, что в своей записке завхоз говорил о необходимости замены <clr>блока синхронизации<clrEnd>. Похоже, вам придется это сделать. Завхоз еще говорил о сейфе... Повертев головой, вы обнаружили ящик с блоком кнопок, на которых были нарисованы цифры. Похоже, это он и есть, подумали вы, направляясь к ящику-сейфу."	"Quest Gluki.qmm: jumps.108.description. Preserve every <tag> exactly."	"Quest,Gluki"	""
"/quests/Gluki.qmm/jumps/109/text"	"Воспользоваться гаечным ключом"	"Quest Gluki.qmm: jumps.109.text. Preserve every <tag> exactly."	"Quest,Gluki"	""
"/quests/Gluki.qmm/jumps/110/text"	"Найти применение двум ключам"	"Quest Gluki.qmm: jumps.110.text. Preserve every <tag> exactly."	"Quest,Gluki"	""
"/quests/Gluki.qmm/jumps/110/description"	"Вы вспомнили найденные в кабинете два ключа и решили, что они здесь вам обязательно помогут. Осмотревшись по сторонам, вы действительно обнаружили справа и слева от терминала отверстия, в которые можно было вставить ключи. Попытка засунуть один из ключей в найденное отверстие увенчалась успехом, поэтому вы вставили второй ключ во второе отверстие. Однако, повернуть ключи вам не удалось. Вернее, ключ, так как два отверстия располагались слишком далеко друг от друга, чтобы вы могли <clr>одновременно поворачивать оба ключа<clrEnd>.
Вы вспомнили, что завхоз что-то говорил про <clr>напарника<clrEnd>, которого у вас не было."	"Quest Gluki.qmm: jumps.110.description. Preserve every <tag> exactly."	"Quest,Gluki"	""
"/quests/Gluki.qmm/jumps/111/description"	"Вы взяли гаечный ключ и замахнулись на окружающее черный ящик силовое поле. Мысль о том, что силовое поле может вернуть вам силу удара в десятикратном, а то и большем размере, заставила вас повернуться от цилиндра к терминалу. Вторая мысль о том, что уничтожение терминала не отключит силовое поле, а лишь сделает отключение невозможным, заставила опустить гаечный ключ. Нет, действовать так грубо не следует, решили вы."	"Quest Gluki.qmm: jumps.111.description. Preserve every <tag> exactly."	"Quest,Gluki"	""
"/quests/Gluki.qmm/jumps/112/text"	"Внимательно осмотреть сейф"	"Quest Gluki.qmm: jumps.112.text. Preserve every <tag> exactly."	"Quest,Gluki"	""
"/quests/Gluki.qmm/jumps/113/text"	"Приступить к взлому"	"Quest Gluki.qmm: jumps.113.text. Preserve every <tag> exactly."	"Quest,Gluki"	""
"/quests/Gluki.qmm/jumps/113/description"	"Вам представилась уникальная возможность ощутить себя мастером по вскрытию сейфов! Одного такого вы недавно видели по Галонету."	"Quest Gluki.qmm: jumps.113.description. Preserve every <tag> exactly. English reference: Вам представилась уникальная возможность ощутить себя мастером во вскрытию сефов! Одного такого вы недавно видели по Галонету."	"Quest,Gluki"	""
"/quests/Gluki.qmm/jumps/114/description"	"Сейф представлял из себя металлический ящик с (о, Махпелла!) механическим кодовым замком такой конструкции, которая не вела учет неверно введенных комбинаций. Похоже, у вас есть столько времени, сколько потребуется на угадывание кода. Интересно, сколько цифр задействовано в нем?"	"Quest Gluki.qmm: jumps.114.description. Preserve every <tag> exactly."	"Quest,Gluki"	""
"/quests/Gluki.qmm/jumps/115/text"	"Набрать несколько произвольных цифр"	"Quest Gluki.qmm: jumps.115.text. Preserve every <tag> exactly."	"Quest,Gluki"	""
"/quests/Gluki.qmm/jumps/116/text"	"Подергать ручку"	"Quest Gluki.qmm: jumps.116.text. Preserve every <tag> exactly."	"Quest,Gluki"	""
"/quests/Gluki.qmm/jumps/117/text"	"Сказать ""откройся"" на древнегаальском языке"	"Quest Gluki.qmm: jumps.117.text. Preserve every <tag> exactly."	"Quest,Gluki"	""
"/quests/Gluki.qmm/jumps/118/description"	"Ничего особого не случилось. Замок не поддался, и дверца оставалась закрытой."	"Quest Gluki.qmm: jumps.118.description. Preserve every <tag> exactly."	"Quest,Gluki"	""
"/quests/Gluki.qmm/jumps/119/text"	"Вынуть блок синхронизации"	"Quest Gluki.qmm: jumps.119.text. Preserve every <tag> exactly."	"Quest,Gluki"	""
"/quests/Gluki.qmm/jumps/119/description"	"Цокнув языком, вы вынули из сейфа деталь. Осталось установить <clr>блок<clrEnd> на место."	"Quest Gluki.qmm: jumps.119.description. Preserve every <tag> exactly."	"Quest,Gluki"	""
"/quests/Gluki.qmm/jumps/120/text"	"Легонько ударить по кнопкам"	"Quest Gluki.qmm: jumps.120.text. Preserve every <tag> exactly."	"Quest,Gluki"	""
"/quests/Gluki.qmm/jumps/121/text"	"Сильно ударить по кнопкам"	"Quest Gluki.qmm: jumps.121.text. Preserve every <tag> exactly."	"Quest,Gluki"	""
"/quests/Gluki.qmm/jumps/122/text"	"Ударить сейф гаечным ключом"	"Quest Gluki.qmm: jumps.122.text. Preserve every <tag> exactly."	"Quest,Gluki"	""
"/quests/Gluki.qmm/jumps/123/description"	"Вы уже начали выходить из себя и погружаться в отчаяние, что открыть эту коробку не получится, как внезапно дверца распахнулась, и на вас своими гипердиодными лампочками уставился агрегат, который, скорее всего, и был <clr>блок синхронизации<clrEnd>."	"Quest Gluki.qmm: jumps.123.description. Preserve every <tag> exactly."	"Quest,Gluki"	""
"/quests/Gluki.qmm/jumps/124/text"	"Выстрелить из бластера"	"Quest Gluki.qmm: jumps.124.text. Preserve every <tag> exactly."	"Quest,Gluki"	""
"/quests/Gluki.qmm/jumps/125/text"	"Заменить блок синхронизации"	"Quest Gluki.qmm: jumps.125.text. Preserve every <tag> exactly."	"Quest,Gluki"	""
"/quests/Gluki.qmm/jumps/126/description"	"Повертев в руках <clr>блок синхронизации<clrEnd>, вы начали прикидывать, куда его следует прикрутить, чтобы все заработало. Несколько раз приложив его к разным местам и не удовлетворившись результатами, вы подошли к терминалу. В меню ""обслуживание"" и подменю ""простейшие замены составных частей"" вы обнаружили запись об агрегате в своих руках. Сразу после того, как вы подтвердили желание, из стены напротив выехал маленький ящик. Выходило, что все гораздо проще, чем вы думали вначале. Осторожно поместив <clr>блок синхронизации<clrEnd> в углубление, вы нажали небольшую кнопку, и комнату огласил мерзкий звук ошибки. Чертыхнувшись, вы перевернули агрегат и снова нажали кнопку. На этот раз ошибок не было, и на заехавшем вглубь стены ящике загорелась маленькая зеленая лампочка."	"Quest Gluki.qmm: jumps.126.description. Preserve every <tag> exactly."	"Quest,Gluki"	""
"/quests/Gluki.qmm/jumps/127/description"	"Неудача! Замок не поддался, и дверца оставалась закрытой."	"Quest Gluki.qmm: jumps.127.description. Preserve every <tag> exactly."	"Quest,Gluki"	""
"/quests/Gluki.qmm/jumps/128/description"	"Окончив манипуляции, вы с разочарованием отметили, что они никак не повлияли на дверцу сейфа."	"Quest Gluki.qmm: jumps.128.description. Preserve every <tag> exactly."	"Quest,Gluki"	""
"/quests/Gluki.qmm/jumps/129/text"	"Перекачать энергию из основного хранилища"	"Quest Gluki.qmm: jumps.129.text. Preserve every <tag> exactly."	"Quest,Gluki"	""
"/quests/Gluki.qmm/jumps/130/text"	"Перекачать энергию из резервного хранилища"	"Quest Gluki.qmm: jumps.130.text. Preserve every <tag> exactly."	"Quest,Gluki"	""
"/quests/Gluki.qmm/jumps/131/text"	"Перекачать 3 теранольфа из 1 банки"	"Quest Gluki.qmm: jumps.131.text. Preserve every <tag> exactly."	"Quest,Gluki"	""
"/quests/Gluki.qmm/jumps/132/text"	"Перекачать 3 теранольфа из 2 банки"	"Quest Gluki.qmm: jumps.132.text. Preserve every <tag> exactly."	"Quest,Gluki"	""
"/quests/Gluki.qmm/jumps/133/text"	"Перекачать 3 теранольфа из 3 банки"	"Quest Gluki.qmm: jumps.133.text. Preserve every <tag> exactly."	"Quest,Gluki"	""
"/quests/Gluki.qmm/jumps/134/text"	"Во 2 банку"	"Quest Gluki.qmm: jumps.134.text. Preserve every <tag> exactly."	"Quest,Gluki"	""
"/quests/Gluki.qmm/jumps/135/text"	"В 3 банку"	"Quest Gluki.qmm: jumps.135.text. Preserve every <tag> exactly."	"Quest,Gluki"	""
"/quests/Gluki.qmm/jumps/136/text"	"Приступить к перекачке"	"Quest Gluki.qmm: jumps.136.text. Preserve every <tag> exactly."	"Quest,Gluki"	""
"/quests/Gluki.qmm/jumps/137/text"	"Подтвердить отключение"	"Quest Gluki.qmm: jumps.137.text. Preserve every <tag> exactly."	"Quest,Gluki"	""
"/quests/Gluki.qmm/jumps/137/description"	"Наконец-то вам удалось выполнить условие бездушной машины. После того, как вы подтвердили свое намерение отключить силовое поле, по терминалу побежали строки:

""Процесс перекачки энергии из основного хранилища в резервные...
СТАТУС: завершен.
.......................................... >
...........................................>
.......................................=>>
Процесс отключения силового поля защиты запущен.
СТАТУС: прогрессирует =>>
.......................................... >
...........................................>
.......................................=>>
СТАТУС: завершен.
...........................................>
Спасибо за использование средств системы. Хорошего дня!
..........................................>
=>>#""

Прозрачный цилиндр исчез мгновенно и без каких-либо звуков, обнажив черный ящик. Вы осторожно прикоснулись к нему, ощущая исходящее тепло."	"Quest Gluki.qmm: jumps.137.description. Preserve every <tag> exactly."	"Quest,Gluki"	""
"/quests/Gluki.qmm/jumps/143/text"	"Во 2 банку"	"Quest Gluki.qmm: jumps.143.text. Preserve every <tag> exactly."	"Quest,Gluki"	""
"/quests/Gluki.qmm/jumps/144/text"	"В 3 банку"	"Quest Gluki.qmm: jumps.144.text. Preserve every <tag> exactly."	"Quest,Gluki"	""
"/quests/Gluki.qmm/jumps/145/text"	"В 1 банку"	"Quest Gluki.qmm: jumps.145.text. Preserve every <tag> exactly."	"Quest,Gluki"	""
"/quests/Gluki.qmm/jumps/146/text"	"В 3 банку"	"Quest Gluki.qmm: jumps.146.text. Preserve every <tag> exactly."	"Quest,Gluki"	""
"/quests/Gluki.qmm/jumps/147/text"	"В 1 банку"	"Quest Gluki.qmm: jumps.147.text. Preserve every <tag> exactly."	"Quest,Gluki"	""
"/quests/Gluki.qmm/jumps/148/text"	"Во 2 банку"	"Quest Gluki.qmm: jumps.148.text. Preserve every <tag> exactly."	"Quest,Gluki"	""
"/quests/Gluki.qmm/jumps/149/text"	"Сделать что-нибудь другое"	"Quest Gluki.qmm: jumps.149.text. Preserve every <tag> exactly."	"Quest,Gluki"	""
"/quests/Gluki.qmm/jumps/150/text"	"Сделать что-нибудь другое"	"Quest Gluki.qmm: jumps.150.text. Preserve every <tag> exactly."	"Quest,Gluki"	""
"/quests/Gluki.qmm/jumps/151/text"	"В основное хранилище"	"Quest Gluki.qmm: jumps.151.text. Preserve every <tag> exactly."	"Quest,Gluki"	""
"/quests/Gluki.qmm/jumps/152/text"	"В основное хранилище"	"Quest Gluki.qmm: jumps.152.text. Preserve every <tag> exactly."	"Quest,Gluki"	""
"/quests/Gluki.qmm/jumps/153/text"	"В основное хранилище"	"Quest Gluki.qmm: jumps.153.text. Preserve every <tag> exactly."	"Quest,Gluki"	""
"/quests/Gluki.qmm/jumps/155/text"	"Попытаться добиться помощи птицы"	"Quest Gluki.qmm: jumps.155.text. Preserve every <tag> exactly."	"Quest,Gluki"	""
"/quests/Gluki.qmm/jumps/155/description"	"В размышлениях о том, что могло бы вам помочь, вы вспомнили про сидящую на плече <clr>синюю птицу<clrEnd>, непонятно каким образом ставшую вашим спутником. А что если... - мелькнуло у вас в голове.
- Эй, птица... - начали вы.
- Говор-рун! - поправила вас птица.
- Ты можешь помочь с ключами?
- Говор-рун может! Говор-рун хор-роший! - заверила вас птица.
Вы протянули один из ключей Говоруну, и тот ловко зажал его в лапе.
- Ну-ка, а теперь поверни, - предложили вы. В ответ птица изогну лапу, имитируя поворот. Пожалуй, это сработает, решили вы и стали ставить находящиеся в комнате ящики, чтобы усадить туда своего новоприобретенного напарника. Получился неплохой импровизированный насест.
- Ну-ка, поворачивай, - сделав все приготовления и отойдя к своему месту для ключа, сказали вы. Говорун начал изгибать лапу, но повернуть ключ в замке не удалось. Вы чертыхнулись, но сделали вторую попытку. Потом третью. На четвертой птица яростно захлопала крыльями, и вам с ней удалось одновременно повернуть ключи.

Прозрачный цилиндр исчез мгновенно и без каких-либо звуков, обнажив черный ящик. Вы осторожно прикоснулись к нему, ощущая исходящее тепло."	"Quest Gluki.qmm: jumps.155.description. Preserve every <tag> exactly."	"Quest,Gluki"	""
"/quests/Gluki.qmm/jumps/156/text"	"Отказаться от затеи"	"Quest Gluki.qmm: jumps.156.text. Preserve every <tag> exactly."	"Quest,Gluki"	""
"/quests/Gluki.qmm/jumps/156/description"	"Вы решили, что два ключа для вас бесполезны и решили найти другой путь заполучить черный ящик."	"Quest Gluki.qmm: jumps.156.description. Preserve every <tag> exactly."	"Quest,Gluki"	""
"/quests/Gluki.qmm/jumps/157/text"	"Попытаться добиться помощи птицы"	"Quest Gluki.qmm: jumps.157.text. Preserve every <tag> exactly."	"Quest,Gluki"	""
"/quests/Gluki.qmm/jumps/158/text"	"Попытаться отключить силовое поле через терминал"	"Quest Gluki.qmm: jumps.158.text. Preserve every <tag> exactly."	"Quest,Gluki"	""
"/quests/Gluki.qmm/jumps/158/description"	"Заняв место за терминалом, вы дали команду на отключение силового поля. Терминал в ответ издал непонятный звук, и на его экране появился текст.

""Процесс отключения силового поля защиты запущен.
СТАТУС: прогрессирует =>>
.......................................... >
...........................................>
Для продолжения осуществите перекачку энергии из основного хранилища в резервные...
=>>""

На всякий случай вы запросили в меню помощи памятку:
""Для отключения силового поля энергия должна быть перемещена из основного хранилища в банки резервного. При этом емкость банок <clr>трех<clrEnd> резервных хранилищ составляет <clr>3<clrEnd>, <clr>5<clrEnd> и <clr>11<clrEnd> <clr>теранольфов<clrEnd> соответственно. Емкость основного хранилища равна <clr>19 теранольфов<clrEnd>. Из основного хранилища за раз можно перемещать только <clr>5 теранольфов<clrEnd> при условии, что в резервном для них есть место. Аналогично при перемещении энергии из резервных хранилищ, но там можно перемещать по <clr>3 теранольфа<clrEnd>."""	"Quest Gluki.qmm: jumps.158.description. Preserve every <tag> exactly."	"Quest,Gluki"	""
"/quests/Gluki.qmm/jumps/159/description"	"В размышлениях о том, что могло бы вам помочь, вы вспомнили про сидящую на плече <clr>синюю птицу<clrEnd>, непонятно каким образом ставшую вашим спутником. А что если... - мелькнуло у вас в голове.
- Эй, птица... - начали вы.
- Говор-рун! - поправила вас птица.
- Ты можешь помочь с ключами?
- Говор-рун птица! Говор-рун может помогать, но не так, - в подтверждение своих слов птица пару раз хлопнула крыльями. Казалось, Говорун был <clr>слишком взволнован<clrEnd>, чтобы выполнять сколько-нибудь ответственные команды."	"Quest Gluki.qmm: jumps.159.description. Preserve every <tag> exactly."	"Quest,Gluki"	""
"/quests/Gluki.qmm/jumps/160/text"	"Взять черный ящик"	"Quest Gluki.qmm: jumps.160.text. Preserve every <tag> exactly."	"Quest,Gluki"	""
"/quests/Gluki.qmm/jumps/161/text"	"Запаниковать"	"Quest Gluki.qmm: jumps.161.text. Preserve every <tag> exactly."	"Quest,Gluki"	""
"/quests/Gluki.qmm/jumps/161/description"	"Узнав подобную информацию, вы поступили как кто-угодно, но только не великий рейнджер. Вы принялись хаотично бегать по комнате, истошно крича. В процессе бега вы пару раз зацепились за край стола, получив небольшую ссадину.
Прокричавшись, вы выхватили интерком и установили связь с корабельным компьютером. Тот привычным механическим голосом отрапортовал, что все в порядке. В этом пункте вы с ним не согласились и заставили оправить сигнал SOS.
- Сигнал SOS отправлен... Межгалактическая комиссия по чрезвычайным ситуациям сообщает о своем прибытии в течении <clr>24 часов<clrEnd>, - без эмоций доложила бездушная машина, даже не пытаясь спорить с вами.
Закрыв канал связи, вы смахнули проступивший на лбу пот и начали ругать себя за ребячество. Как можно было поддаться панике? - отчитывали вы самого себя, беря в охапку черный ящик и двигаясь к выходу. Ну вот же мой корабль, куда он денется? - заверяли вы себя. - Осталось только обойти этот холм... И вот этот... Хм, нет, надо было сначала повернуть налево. Проблуждав еще несколько минут, вы поняли, что ваш <clr>страх воплотился в жизнь<clrEnd> - свой <clr>корабль найти вы не могли<clrEnd>. Попытка связаться по интеркому полностью провалилась. Корабль, если он еще существовал в этой Вселенной, не отвечал."	"Quest Gluki.qmm: jumps.161.description. Preserve every <tag> exactly."	"Quest,Gluki"	""
"/quests/Gluki.qmm/jumps/162/text"	"Срочно на корабль!"	"Quest Gluki.qmm: jumps.162.text. Preserve every <tag> exactly."	"Quest,Gluki"	""
"/quests/Gluki.qmm/jumps/162/description"	"Осознав полученную информацию, вы приняли единственно верное в данной ситуации решение - взяли черный ящик в охапку и со всех ног ринулись к своему кораблю. Уже когда вы выбегали из исследовательского корпуса, перед вашими глазами промелькнула картина того, как вы мечетесь, не в силах найти свой корабль. Мгновенно выхватив интерком, вы установили связь с корабельным компьютером. Тот привычным механическим голосом отрапортовал, что все в порядке. В этом пункте вы с ним не согласились и заставили оправить сигнал SOS.
- Сигнал SOS отправлен... Межгалактическая комиссия по чрезвычайным ситуациям сообщает о своем прибытии в течении <clr>24 часов<clrEnd>, - без эмоций доложила бездушная машина, даже не пытаясь спорить с вами.
Закрыв канал связи, вы на ходу смахнули проступивший на лбу пот и начали ругать себя за ребячество. Ну вот же мой корабль, куда он денется? - заверяли вы себя. - Осталось только обойти этот холм... И вот этот... Хм, нет, надо было сначала повернуть налево. Проблуждав еще несколько минут, вы поняли, что ваш <clr>страх воплотился в жизнь<clrEnd> - свой <clr>корабль найти вы не могли<clrEnd>. Попытка связаться по интеркому полностью провалилась. Корабль, если он еще существовал в этой Вселенной, не отвечал."	"Quest Gluki.qmm: jumps.162.description. Preserve every <tag> exactly. English reference: Осознав полученную информацию, вы приняли единственно верное в данной ситуации решение - взяли черный ящик в охапку и со всех ног ринулись к своему кораблю. Уже когда вы выбегали из исследовательского корпуса, перед вашими глазами промелькнула картина того, как вы мечетесь, не в силах найти свой корабль. Мгновенно выхватив интерком, вы установили связь с корабельным компьютером. Тот привычным механическим голосом отрапорртовал, что все в порядке. В этом пункте вы с ним не согласились и заставили оправить сигнал SOS.
- Сигнал SOS отправлен... Межгалактическая комиссия по чрезвычайным ситуациям сообщает о своем прибытии в течении <clr>24 часов<clrEnd>, - без эмоций доложила бездушная машина, даже не пытаясь спорить с вами.
Закрыв канал связи, вы на ходу смахнули проступивший на лбу пот и начали ругать себя за ребячество. Ну вот же мой корабль, куда он денется? - заверяли вы себя. - Осталось только обойти этот холм... И вот этот... Хм, нет, надо было сначала повернуть налево. Проблуждав еще несколько минут, вы поняли, что ваш <clr>страх воплотился в жизнь<clrEnd> - свой <clr>корабль найти вы не могли<clrEnd>. Попытка связаться по интеркому полностью провалилась. Корабль, если он еще существовал в этой Вселенной, не отвечал."	"Quest,Gluki"	""
"/quests/Gluki.qmm/jumps/163/text"	"Продолжать поиски"	"Quest Gluki.qmm: jumps.163.text. Preserve every <tag> exactly."	"Quest,Gluki"	""
"/quests/Gluki.qmm/jumps/164/text"	"Вернуться в лагерь"	"Quest Gluki.qmm: jumps.164.text. Preserve every <tag> exactly."	"Quest,Gluki"	""
"/quests/Gluki.qmm/jumps/164/description"	"Решив, что самое безопасное место на всей планете <ToPlanet> - лагерь экспедиции, вы отправились туда. Благо, придется прождать совсем немного времени, пока не прибудут вызваные спасатели душ незадачливых рейнджеров.
Войдя в лагерь, вы по-прежнему наблюдали 4 корпуса:

<clr>Административный корпус<clrEnd>,
<clr>Исследовательский корпус<clrEnd>,
<clr>Корпус отдыха<clrEnd>,
<clr>Склад<clrEnd>.

До прибытия спасателей осталось {[p38] div 60} ч. и {[p38] mod 60} м."	"Quest Gluki.qmm: jumps.164.description. Preserve every <tag> exactly."	"Quest,Gluki"	""
"/quests/Gluki.qmm/jumps/165/description"	"Этого не может быть, он где-то тут, пытались уверить вы себя, бегая вокруг в поисках своего корабля. Через некоторое время перед вами выросла фигура какого-то <clr>зверька<clrEnd>, настроенного, судя по его оскаленной морде, весьма недружелюбно. Этого на самом деле нет, это всего лишь плод моего воображения, тихо произнесли вы заклинание. Однако, судя по тому, что зверек растворяться в воздухе и не думал, а лишь хищно облизнулся, он не был согласен с вашим заявлением и готовился к атаке."	"Quest Gluki.qmm: jumps.165.description. Preserve every <tag> exactly."	"Quest,Gluki"	""
"/quests/Gluki.qmm/jumps/166/text"	"Выстрелить из бластера"	"Quest Gluki.qmm: jumps.166.text. Preserve every <tag> exactly."	"Quest,Gluki"	""
"/quests/Gluki.qmm/jumps/166/description"	"Выхватив <clr>бластер<clrEnd>, вы сделали пару прицельных выстрелов. Один из них достиг цели, лишив зверька кошмара желания нападать и заодно жить в этом жестоком мире."	"Quest Gluki.qmm: jumps.166.description. Preserve every <tag> exactly."	"Quest,Gluki"	""
"/quests/Gluki.qmm/jumps/167/text"	"Спасаться бегством"	"Quest Gluki.qmm: jumps.167.text. Preserve every <tag> exactly."	"Quest,Gluki"	""
"/quests/Gluki.qmm/jumps/167/description"	"Развернувшись, вы со всех ног кинулись прочь. Зверек кошмара, ловко прыгнув, оказался в полуметре от вас. Еще чуть-чуть и он вас догонит! Резко нырнув в сторону, вы остановились и от души отвесили удар ногой в тушу кошмара. Пронзительная боль, словно от удара в бетонную стену, пошатнула ваши представления о нематериальности хищника. Запрыгав на одной ноге, вы приготовились к броску зверя. Но тому тоже досталось: жалобно заскулив, прихрамывая на все четыре лапы, зверек понесся прочь. Вы остались один на один с планетой <ToPlanet>."	"Quest Gluki.qmm: jumps.167.description. Preserve every <tag> exactly."	"Quest,Gluki"	""
"/quests/Gluki.qmm/jumps/168/description"	"Этого не может быть, он где-то тут, пытались уверить вы себя, бегая вокруг в поисках своего корабля. Но время шло, а корабль не находился. Нарезав несколько кругов, вы остановились, не добившись ничего."	"Quest Gluki.qmm: jumps.168.description. Preserve every <tag> exactly."	"Quest,Gluki"	""
"/quests/Gluki.qmm/jumps/169/text"	"Запустить гаечным ключом"	"Quest Gluki.qmm: jumps.169.text. Preserve every <tag> exactly."	"Quest,Gluki"	""
"/quests/Gluki.qmm/jumps/169/description"	"- Смотри, что у меня для тебя есть! - закричали вы, запуская в зверька кошмара <clr>гаечным ключом<clrEnd>. К сожалению, вы промахнулись, но хищник воспринял подачку за еду и яростно в нее вцепился. Про вас же он забыл. Воспользовавшись моментом, вы быстро удалились на безопасное расстояние."	"Quest Gluki.qmm: jumps.169.description. Preserve every <tag> exactly."	"Quest,Gluki"	""
"/quests/Gluki.qmm/jumps/170/text"	"Спасаться бегством"	"Quest Gluki.qmm: jumps.170.text. Preserve every <tag> exactly."	"Quest,Gluki"	""
"/quests/Gluki.qmm/jumps/170/description"	"Развернувшись, вы со всех ног кинулись прочь. Оказалось, что зверек кошмара оказался крайне неповоротливым, и вы с легкостью избежали более близкого с ним контакта."	"Quest Gluki.qmm: jumps.170.description. Preserve every <tag> exactly."	"Quest,Gluki"	""
"/quests/Gluki.qmm/jumps/171/text"	"В административный корпус"	"Quest Gluki.qmm: jumps.171.text. Preserve every <tag> exactly."	"Quest,Gluki"	""
"/quests/Gluki.qmm/jumps/171/description"	"Доставив свое туловище в административный корпус и закрыв за собой дверь, вы стали оценивать обстановку. Пройдясь по недлинному коридору, вы обнаружили <clr>кабинет начальника экспедиции<clrEnd>, <clr>кабинет<clrEnd> его <clr>заместителя<clrEnd> и <clr>помещение<clrEnd> для старших научных <clr>сотрудников<clrEnd>. Кроме вас во всем корпусе не было ни одной живой души. По крайней мере, пока..."	"Quest Gluki.qmm: jumps.171.description. Preserve every <tag> exactly."	"Quest,Gluki"	""
"/quests/Gluki.qmm/jumps/172/text"	"В исследовательский корпус"	"Quest Gluki.qmm: jumps.172.text. Preserve every <tag> exactly."	"Quest,Gluki"	""
"/quests/Gluki.qmm/jumps/172/description"	"Исследовательский корпус представлял из себя, как и было ясно из названия, помещение, оборудованное различными приспособлениями для исследования всего на свете. К сожалению, большая часть установок была для вас неизвестна, но в помещении стажеров вы обнаружили базовую модель синтезатора. Управление им было настолько примитивно, что даже такой неискушенный рейнджер, как вы, мог что-нибудь изготовить на нем."	"Quest Gluki.qmm: jumps.172.description. Preserve every <tag> exactly."	"Quest,Gluki"	""
"/quests/Gluki.qmm/jumps/173/text"	"В корпус отдыха"	"Quest Gluki.qmm: jumps.173.text. Preserve every <tag> exactly."	"Quest,Gluki"	""
"/quests/Gluki.qmm/jumps/173/description"	"Корпус отдыха представлял из себя небольшое помещение, напичканное всем тем, что может помочь отдохнуть и расслабиться. Отдыху и расслаблению способствовали <clr>комната релаксации<clrEnd>, <clr>комната психологического спокойствия<clrEnd> и стоящая в холле установка с пестрой надписью ""<clr>Космический Хэчбол<clrEnd>""."	"Quest Gluki.qmm: jumps.173.description. Preserve every <tag> exactly."	"Quest,Gluki"	""
"/quests/Gluki.qmm/jumps/174/text"	"На склад"	"Quest Gluki.qmm: jumps.174.text. Preserve every <tag> exactly."	"Quest,Gluki"	""
"/quests/Gluki.qmm/jumps/174/description"	"Склад представлял собой длинное помещение, в котором находилось множество разных вещей в самых разных комнатах, большинство из которых были закрыты. Ваше внимание привлекли две комнаты: на двери одной из них был нарисован <clr>красный крест<clrEnd>, а на двери второй - <clr>желтая молния<clrEnd>."	"Quest Gluki.qmm: jumps.174.description. Preserve every <tag> exactly."	"Quest,Gluki"	""
"/quests/Gluki.qmm/jumps/175/text"	"Побродить по коридору"	"Quest Gluki.qmm: jumps.175.text. Preserve every <tag> exactly."	"Quest,Gluki"	""
"/quests/Gluki.qmm/jumps/176/text"	"В кабинет начальника экспедиции"	"Quest Gluki.qmm: jumps.176.text. Preserve every <tag> exactly."	"Quest,Gluki"	""
"/quests/Gluki.qmm/jumps/177/text"	"В кабинет заместителя начальника экспедиции"	"Quest Gluki.qmm: jumps.177.text. Preserve every <tag> exactly."	"Quest,Gluki"	""
"/quests/Gluki.qmm/jumps/177/description"	"Внутри вас ждал фэянский стиль. Почти идеально выдержанный порядок - на стоящем в углу столе никакого хаотичного нагромождения предметов и документов, для всего свое место. Даже глазу не за что зацепиться. Но вам все же удалось это сделать: в углу стоял уютный диванчик."	"Quest Gluki.qmm: jumps.177.description. Preserve every <tag> exactly."	"Quest,Gluki"	""
"/quests/Gluki.qmm/jumps/178/text"	"В помещение для старших научных сотрудников"	"Quest Gluki.qmm: jumps.178.text. Preserve every <tag> exactly."	"Quest,Gluki"	""
"/quests/Gluki.qmm/jumps/179/text"	"Выйти наружу"	"Quest Gluki.qmm: jumps.179.text. Preserve every <tag> exactly."	"Quest,Gluki"	""
"/quests/Gluki.qmm/jumps/180/text"	"В административный корпус"	"Quest Gluki.qmm: jumps.180.text. Preserve every <tag> exactly."	"Quest,Gluki"	""
"/quests/Gluki.qmm/jumps/182/description"	"Спокойная обстановка не предвещала ничего плохого. Вы надеялись скоротать время без происшествия. Не судьба. Легкий ветерок и приглушенный шум возвестил начало какого-то события. Через минуту вы увидели и само событие: летящую стаю птиц. Целую стаю самых настоящих птиц на планете <ToPlanet>, где нет никаких форм жизни! Птицы самых разных расцветок летели низко, не забывая гадить на ходу, чем снижали ваш моральный дух. А от криков, казалось, вот-вот лопнут барабанные перепонки.
Внезапно одна из птиц спустилась почти до земли, явно заинтересовавшись вами.
- Оу... - прошептали вы. Перед глазами уже нарисовалась картина атаки птицы.
Сидевший до этого спокойно на вашем плече <clr>Говорун<clrEnd>, расправил крылья и зашипел. Но не на вас, а на своего сородича. Атакующая птица кувыркнулась в воздухе: она явно не ожидала такой встречи. Говорун три раза пронзительно крикнул, и птица решила отказаться от своей затеи. Взмыв в воздух, она слилась со стаей.
- Говор-рун хор-роший! - заверила вас синяя птица, сидящая на плече.
- Да уж... - только и сказали вы.
Говорун пару раз хлопнул крыльями, видимо, он был <clr>взволнован<clrEnd> произошедшим. А стая тем временем пролетела территорию экспедиции, и исчезла так же непонятно, как и появилась."	"Quest Gluki.qmm: jumps.182.description. Preserve every <tag> exactly."	"Quest,Gluki"	""
"/quests/Gluki.qmm/jumps/183/description"	"Спокойная обстановка не предвещала ничего плохого. Вы надеялись скоротать время без происшествия. Не вышло. Легкий ветерок и приглушенный шум возвестил начало какого-то события. Через минуту вы увидели и само событие: летящую стаю птиц. Целую стаю самых настоящих птиц на планете <ToPlanet>, где нет никаких форм жизни! 
Сидевший на вашем плече взволнованный <clr>Говорун<clrEnd> расправил крылья и взлетел. Словно подумав о чем-то, птица зависла в воздухе.
- Говор-рун хор-роший! - крикнула вам птица на прощание и начала набирать высоту. Вы видели, как он влетел в стаю и растворился в ней.
- Да, - согласились вы. - Хороший. Удачи тебе со своими, - запоздало сказали вы, наблюдая, как стая улетает."	"Quest Gluki.qmm: jumps.183.description. Preserve every <tag> exactly."	"Quest,Gluki"	""
"/quests/Gluki.qmm/jumps/184/description"	"Спокойная обстановка не предвещала ничего плохого. Вы надеялись скоротать время без происшествия. Не удалось. Легкий ветерок и приглушенный шум возвестил начало какого-то события. Через минуту вы увидели и само событие: летящую стаю птиц. Целую стаю самых настоящих птиц на планете <ToPlanet>, где нет никаких форм жизни! 
Сидевший на вашем плече <clr>Говорун<clrEnd>, расправил крылья и зашипел. Этого еще не хватало! Говорун попытался укусить вас, но вовремя сделанный взмах рукой вас спас. Птица не удержала равновесие и начала кувыркаться в воздухе. Восстановив ориентацию в пространстве, она спикировала, целясь в голову. Ловкий пируэт увел голову в сторону, подставив корпус.
- Кыш! А ну прочь! - крикнули вы, не очень надеясь на результативность таких криков.
Странно, но Говорун прекратил атаку.
- Говор-рун знает! - продекламировал он и стал набирать высоту. Через несколько секунд он уже смешался со стаей, а еще через минуту сама стая исчезла.
И чего он на меня так? - подумали вы. - Я же ему ничего плохого не сделал. Чем он оказался недоволен?"	"Quest Gluki.qmm: jumps.184.description. Preserve every <tag> exactly."	"Quest,Gluki"	""
"/quests/Gluki.qmm/jumps/185/description"	"Гуляя по улице и прикидывая, сколько еще времени осталось до прибытия помощи, вы задумались, какие на планете <ToPlanet> бывают погодные условия. Дождь, снег, град... Последняя мысль больше положенного продержалась у вас в голове. Поняли об этом вы тогда, когда об макушку ударилась маленькая льдинка. Размером не больше горошину, но ничего приятного в этом не было. Рядом с вами начали сыпаться <clr>все более крупные градины<clrEnd>. Пожалуй, <clr>не стоит задерживаться на улице<clrEnd>. Куски льда все ощутимее били по вам, оставляя синяки там, куда им довелось попасть."	"Quest Gluki.qmm: jumps.185.description. Preserve every <tag> exactly."	"Quest,Gluki"	""
"/quests/Gluki.qmm/jumps/186/description"	"Внезапно поднявшийся ветер нарушил спокойную прогулку. Рефлекторно выставив в защиту руку, вы прислушались. Вой ветра нарастал. Очередной порыв ветра вырвал какой-то камень с крыши одного из зданий и швырнул в вашу сторону. Вертящийся камень попал аккурат в руку. Больно. Но хорошо хоть, что в руку, а не в голову за ней. Надо <clr>срочно покинуть открытую территорию<clrEnd>, пронеслось у вас в голове, и вы начали прикидывать план отступления."	"Quest Gluki.qmm: jumps.186.description. Preserve every <tag> exactly."	"Quest,Gluki"	""
"/quests/Gluki.qmm/jumps/192/text"	"Побродить по улице"	"Quest Gluki.qmm: jumps.192.text. Preserve every <tag> exactly."	"Quest,Gluki"	""
"/quests/Gluki.qmm/jumps/193/description"	"Вы решили побыть на улице. Если прибудет помощь, то вам будет проще зафиксировать этот факт, находясь вне помещения. Разминая мышцы, вы бодро шагали по территории экспедиции. Ничего страшного не произошло, и вам удалось скоротать немного времени без происшествий."	"Quest Gluki.qmm: jumps.193.description. Preserve every <tag> exactly."	"Quest,Gluki"	""
"/quests/Gluki.qmm/jumps/194/text"	"Побродить по улице"	"Quest Gluki.qmm: jumps.194.text. Preserve every <tag> exactly."	"Quest,Gluki"	""
"/quests/Gluki.qmm/jumps/195/text"	"В исследовательский корпус"	"Quest Gluki.qmm: jumps.195.text. Preserve every <tag> exactly."	"Quest,Gluki"	""
"/quests/Gluki.qmm/jumps/196/text"	"В корпус отдыха"	"Quest Gluki.qmm: jumps.196.text. Preserve every <tag> exactly."	"Quest,Gluki"	""
"/quests/Gluki.qmm/jumps/197/text"	"На склад"	"Quest Gluki.qmm: jumps.197.text. Preserve every <tag> exactly."	"Quest,Gluki"	""
"/quests/Gluki.qmm/jumps/198/description"	"Незачем никуда идти, на улице можно свежим воздухом подышать! - решили вы и принялись дышать. Смотря на медленно текущее время, вы принялись ходить взад-вперед. Как утомительно ожидание! Только бы дождичек никакой не пошел... Вот о последнем вы подумали зря - почти в ту же секунду с неба одна за одной посыпались тяжелые капли. Поймав одни из капель языком, вы порадовались, что <clr>дождь<clrEnd> не <clr>кислотный<clrEnd>. И тут же пожалели - следующая упавшая на вас капля прожгла хваленый высокопрочный рейнджерский комбинезон насквозь и заодно сожгла немного плоти. Закричав от боли, вы поймали еще две не менее болезненные капли. Надо <clr>срочно<clrEnd> бежать <clr>в укрытие<clrEnd>, пока от великого рейнджера не остались лишь воспоминания!"	"Quest Gluki.qmm: jumps.198.description. Preserve every <tag> exactly."	"Quest,Gluki"	""
"/quests/Gluki.qmm/jumps/199/description"	"Решив более детально обследовать административный корпус, вы стали заглядывать во все уголки. Хоть коридор и был довольно коротким, непримечательных мест нашлось немало. В их числе были подсобные помещения для роботов-уборщиков, роботов-ремонтников и каких-то других видов роботов. Все они находились в своих нишах на подзарядке в ожидании работы, которой в данный момент не было. Мудро решив не беспокоить роботов, а лишь ограничиться созерцанием, вы затратили на это занятие немного времени, которого у вас в данный момент было чересчур много.
В одной неприметной нише вашему вниманию предстал уголок противопожарной безопасности с подробными схемами и инструкциями. Тут же лежал небольшой <clr>огнетушитель<clrEnd>, который вы не преминули взять себе. Вдруг пожар, а вы без огнетушителя?"	"Quest Gluki.qmm: jumps.199.description. Preserve every <tag> exactly."	"Quest,Gluki"	""
"/quests/Gluki.qmm/jumps/200/description"	"Решив более детально обследовать административный корпус, вы стали заглядывать во все уголки. Хоть коридор и был довольно коротким, непримечательных мест нашлось немало. В их числе были подсобные помещения для роботов-уборщиков, роботов-ремонтников и каких-то других видов роботов. Все они находились в своих нишах на подзарядке в ожидании работы, которой в данный момент не было. Мудро решив не беспокоить роботов, а лишь ограничиться созерцанием, вы затратили на это занятие немного времени, которого у вас в данный момент было чересчур много."	"Quest Gluki.qmm: jumps.200.description. Preserve every <tag> exactly."	"Quest,Gluki"	""
"/quests/Gluki.qmm/jumps/201/description"	"Бодрым шагом вы измерили коридор. Ничего нового. Проделали это во второй раз. На одиннадцатый это занятие вам стало наскучивать, и вы принялись размышлять, куда делся весь персонал. А вдруг они до сих пор тут в виде призраков? - проскочила крамольная мысль. Чертыхнувшись, вы вспомнили, что на планете <ToPlanet> даже откровенный бред легко становится реальностью. Неожиданно возникший леденящий ветерок сказал вам, что поздно себя одергивать. Теперь должны появиться и сами призраки.
Тихий заунывный вой за спиной заставил вас обернуться. Так и есть - полупрозрачная фигура с размытыми краями. Фигура медленно приближалась к вам, источая ауру ужаса и безысходности. Пятясь, вы изо всех сил старались сохранить остатки самообладания, уверяя себя, что ни на что, кроме видео и звуковых эффектов, призраки не способны. Уперевшись спиной в стену, вам не оставалось ничего, кроме как оцепенеть от страха.
Фигура почти вплотную приблизилась и уже была готова коснуться  до вас своим отростком, заменявшим руку. Леденящий холод усилился. Из последних сил вы сдерживали крик... Касание! Ваше предплечье обожгло холодом, и вы на мгновение потеряли сознание. Очнувшись, вы обнаружили себя в совершенном одиночестве. Если, конечно, не считать армии мурашек, марширующих по всему телу. Что ни говори, а призраки умеют <clr>сводить с ума<clrEnd>, хотя физического вреда не наносят."	"Quest Gluki.qmm: jumps.201.description. Preserve every <tag> exactly. English reference: Бодрым шагом вы измерили коридор. Ничего нового. Проделали это во второй раз. На одиннадцатый это занятие вам стало наскучивать, и вы принялись размышлять, куда делся весь персонал. А вдруг они до сих пор тут в виде призраках? - проскочила крамольная мысль. Чертыхнувшись, вы вспомнили, что на планете <ToPlanet> даже откровенный бред легко становится реальностью. Неожиданно возникший леденящий ветерок сказал вам, что поздно себя одергивать. Теперь должны появиться и сами призраки.
Тихий заунывный вой за спиной заставил вас обернуться. Так и есть - полупрозрачная фигура с размытыми краями. Фигура медленно приближалась к вам, источая ауру ужаса и безысходности. Пятясь, вы изо всех сил старались сохранить остатки самообладания, уверяя себя, что ни на что, кроме видео и звуковых эффектов, призраки не способны. Уперевшись спиной в стену, вам не оставалось ничего, кроме как оцепенеть от страха.
Фигура почти вплотную приблизилась и уже была готова коснуться  до вас своим отростком, заменявшим руку. Леденящий холод усилился. Из последних сил вы сдерживали крик... Касание! Ваше предплечье обожгло холодом, и вы на мгновение потеряли сознание. Очнувшись, вы обнаружили себя в совершенном одиночестве. Если, конечно, не считать армии мурашек, марширующих по всему телу. Что ни говори, а призраки умеют <clr>сводить с ума<clrEnd>, хотя физического вреда не наносят."	"Quest,Gluki"	""
"/quests/Gluki.qmm/jumps/202/text"	"Вздремнуть часок"	"Quest Gluki.qmm: jumps.202.text. Preserve every <tag> exactly."	"Quest,Gluki"	""
"/quests/Gluki.qmm/jumps/203/text"	"Порыться в столе"	"Quest Gluki.qmm: jumps.203.text. Preserve every <tag> exactly."	"Quest,Gluki"	""
"/quests/Gluki.qmm/jumps/204/text"	"Выйти из кабинета"	"Quest Gluki.qmm: jumps.204.text. Preserve every <tag> exactly."	"Quest,Gluki"	""
"/quests/Gluki.qmm/jumps/205/description"	"Вспомнив, как вы устали и о том, что вам все равно нечем заняться до прибытия спасателей, вы уронили себя на соблазнительный диванчик и заснули здоровым рейнджерским сном. Сновидений, увы, не было, зато по пробуждении вы чувствовали себя свежим и <clr>отдохнувшим<clrEnd> душой и телом."	"Quest Gluki.qmm: jumps.205.description. Preserve every <tag> exactly."	"Quest,Gluki"	""
"/quests/Gluki.qmm/jumps/206/description"	"Вам приснилось, что вы на планете <ToPlanet> по заказу планеты <FromPlanet> за смехотворную сумму в <Money> <clr>cr<clrEnd> расследуете какую-то мутную историю. В процессе расследования вам удалось узнать, что свойства планеты таковы, что там материализуются все самые потаенные страхи. Все, кто прибывал на <ToPlanet>, умирали от ужаса. Вернее, ужас становился реальностью.
Все поняв, вы почему-то никак не могли улететь с проклятой планеты. Вам почему-то позарез нужно было переночевать в одном заброшенном домике. Среди ночи вас разбудил подозрительный шум. Выйдя в парадную вы увидели Это. Ваш самый сильный страх. Страх из детства. У вас даже было имя этому страху - <clr>Ворчащий<clrEnd>. <clr>Ворчащий<clrEnd> был монстром, обладающим единственной целью - убивать. Двигался он медленно, но ничто не могло его остановить. Никакая дверь не была для него преградой.  <clr>Ворчащего<clrEnd> можно было лишь задержать, но не остановить.
В панике, вы вбежали на 2 этаж, захлопывая по пути двери, где таковые попадались. Вы понимали, дверь не остановит <clr>Ворчащего<clrEnd>, но это было лучше, чем ничего не делать. Лихорадочно прикидывая, куда бежать спасаться, вы заметили клубящийся у двери дымок. Вот так <clr>Ворчащий<clrEnd> преодолевает препятствия. Единственное окно было зарешечено и заперто на замок, а где ключ, вы не знали...
Проснувшись, вы огляделись по сторонам. Никаких монстров рядом не было. Были лишь дрожащие руки и бешено бьющееся сердце."	"Quest Gluki.qmm: jumps.206.description. Preserve every <tag> exactly."	"Quest,Gluki"	""
"/quests/Gluki.qmm/jumps/207/text"	"Вздремнуть часок"	"Quest Gluki.qmm: jumps.207.text. Preserve every <tag> exactly."	"Quest,Gluki"	""
"/quests/Gluki.qmm/jumps/208/description"	"Вы прилегли на диванчик и закрыли глаза, пытаясь уснуть. Не получилось. Через некоторое пришлось отказаться от идеи подремать."	"Quest Gluki.qmm: jumps.208.description. Preserve every <tag> exactly."	"Quest,Gluki"	""
"/quests/Gluki.qmm/jumps/209/description"	"Вспомнив, как вы устали и том, что вам все равно нечем заняться до прибытия спасателей, вы уронили себя на соблазнительный диванчик и заснули здоровым рейнджерским сном. Снились вам эпические бои с доминаторами, как вы в одиночку расправляетесь с целым флотом. Потом, в Центре Рейнджеров под бурные аплодисменты вам вручают медаль. Как же это все здорово! После пробуждения вам было несколько обидно, что всего этого на самом деле не происходило, зато вы чувствовали себя свежим и <clr>отдохнувшим<clrEnd> душой и телом."	"Quest Gluki.qmm: jumps.209.description. Preserve every <tag> exactly."	"Quest,Gluki"	""
"/quests/Gluki.qmm/jumps/210/description"	"Вспомнив, как вы устали и том, что вам все равно нечем заняться до прибытия спасателей, вы уронили себя на соблазнительный диванчик и заснули здоровым рейнджерским сном. Снилась вам церемония награждения на планете <FromPlanet>. Вы успешно выполнили поставленную задачу и помогли ученым разгадать преступление века. За все тяжбы кроме обещанных <Money> <clr>cr<clrEnd> вам вручали сертификат на <clr>1.000.000 cr<clrEnd> и памятную медаль. Это просто прекрасно! После пробуждения вам было несколько обидно, что всего этого на самом деле пока не происходило, зато вы чувствовали себя свежим и <clr>отдохнувшим<clrEnd> душой и телом."	"Quest Gluki.qmm: jumps.210.description. Preserve every <tag> exactly."	"Quest,Gluki"	""
"/quests/Gluki.qmm/jumps/211/description"	"Вас одолевали кошмары. Доминаторы теснили Коалицию по всем фронтам, число жертв исчислялось неприлично большой цифрой. Все больше погибших было среди ваших друзей и знакомых. Наконец, осталась всего одна звездная система, не принадлежавшая доминаторам. Уцелевшие лихорадочно разрабатывали военные планы, но мораль среди всех была очень низкой. Флота и пилотов почти не оставалось, планетарная оборона даже по самым смелым прогнозам смогла бы противостоять захватчикам максимум двое суток.
И вот сирена возвестила о начале вторжения. Доминаторы с легкостью преодолели дальние рубежи, практически не встретив сопротивления. На улицах наступила паника. Вы со всех ног мчались в ангар, чтобы вступить в последний - вы уже были уверены в этом - бой. Но все никак не могли найти свой корабль среди покореженных обломков.
Проснулись вы в холодном поту. Тяжело дыша, поняли, что это был всего лишь сон и ситуация не такая плачевная. Так недолго и до ручки дойти."	"Quest Gluki.qmm: jumps.211.description. Preserve every <tag> exactly."	"Quest,Gluki"	""
"/quests/Gluki.qmm/jumps/212/description"	"Вы уселись за стол заместителя. Удобное кресло напомнило вам о развитой эргономичности у фэян. Вы откинулись на спинку и помедитировали в таком положении с минуту. Восхитительные ощущения!
Но вот все ваши попытки проникнуть в ящики стола провалились: это были фактически небольшие сейфы. Недолго подергав ручки, вы решили отказаться от дальнейших попыток открыть их и стали дальше наслаждаться удобством кресла. Картину комфорта дополняло стоящий в углу уютный диванчик. Наверняка фэянин при первых признаках утомления любил на нем поваляться."	"Quest Gluki.qmm: jumps.212.description. Preserve every <tag> exactly."	"Quest,Gluki"	""
"/quests/Gluki.qmm/jumps/213/text"	"Выйти из кабинета"	"Quest Gluki.qmm: jumps.213.text. Preserve every <tag> exactly."	"Quest,Gluki"	""
"/quests/Gluki.qmm/jumps/214/text"	"Выйти наружу"	"Quest Gluki.qmm: jumps.214.text. Preserve every <tag> exactly."	"Quest,Gluki"	""
"/quests/Gluki.qmm/jumps/215/text"	"Порыться в горе хлама"	"Quest Gluki.qmm: jumps.215.text. Preserve every <tag> exactly."	"Quest,Gluki"	""
"/quests/Gluki.qmm/jumps/216/description"	"Вы подошли к покрытой пылью горе сваленных вещей и попытались определить, что из представленного там может оказаться для вас полезным.
Устаревшей модели мезонный галафон, похоже, был мертв. Об этом говорили треснутый в нескольких местах корпус и отсутствие задней крышки. Упаковка невскрытых, но уже давно устаревших наносхем. Датой производства была середина позапрошлого столетия. Куча каких-то кабелей, которая больше всего напоминала спутанную паутину.
Похоже, что всему этому место в музее. А лучше - на свалке. С небольшим огорчением, вы отошли от кучи."	"Quest Gluki.qmm: jumps.216.description. Preserve every <tag> exactly. English reference: Вы подошли с покрытой пылью горе сваленный вещей и попытались определить, что из представленного там может оказаться для вас полезным.
Устаревшей модели мезонный галафон, похоже, был мертв. Об этом говорили треснутый в нескольких местах корпус и отсутствие задней крышки. Упаковка невскрытых, но уже давно устаревших наносхем. Датой производства была середина позапрошлого столетия. Куча каких-то кабелей, которая больше всего напоминала спутанную паутину.
Похоже, что всему этому место в музее. А лучше - на свалке. С небольшим огорчением, вы отошли от кучи."	"Quest,Gluki"	""
"/quests/Gluki.qmm/jumps/217/text"	"Заглянуть в шкаф"	"Quest Gluki.qmm: jumps.217.text. Preserve every <tag> exactly."	"Quest,Gluki"	""
"/quests/Gluki.qmm/jumps/218/text"	"Сесть за стол"	"Quest Gluki.qmm: jumps.218.text. Preserve every <tag> exactly."	"Quest,Gluki"	""
"/quests/Gluki.qmm/jumps/218/description"	"Решив почувствовать себя начальником экспедиции, вы уселись на его место. Порывшись в беспорядке, вы обнаружили газету с анекдотами и игровой планшет. Отличные находки!"	"Quest Gluki.qmm: jumps.218.description. Preserve every <tag> exactly."	"Quest,Gluki"	""
"/quests/Gluki.qmm/jumps/219/text"	"Встать с кресла"	"Quest Gluki.qmm: jumps.219.text. Preserve every <tag> exactly."	"Quest,Gluki"	""
"/quests/Gluki.qmm/jumps/220/text"	"Поиграть на планшете"	"Quest Gluki.qmm: jumps.220.text. Preserve every <tag> exactly."	"Quest,Gluki"	""
"/quests/Gluki.qmm/jumps/221/description"	"Распахнув дверцы шкафа, которые были лишь прикрыты, вы пожалели о своем действии. То, что было впихнуто внутрь, почувствовав свободу, поспешило вывалиться наружу. Засунуто внутрь многое было давно: об этом свидетельствовала поднявшаяся в большом количестве пыль. Или, ее туда специально закачивали, чихая, подумали вы. Справившись с носом, вы окинули взглядом выпавшие вещи. Коробки с теперь уже битой посудой, несколько мотков кабеля, хитро сплетенных друг с другом и мешки с деталями непонятного назначения. Ничего из этого вам не было нужно."	"Quest Gluki.qmm: jumps.221.description. Preserve every <tag> exactly."	"Quest,Gluki"	""
"/quests/Gluki.qmm/jumps/222/text"	"Почитать анекдоты"	"Quest Gluki.qmm: jumps.222.text. Preserve every <tag> exactly."	"Quest,Gluki"	""
"/quests/Gluki.qmm/jumps/223/description"	"Взяв планшет в руки, вы запустили первую попавшуюся игру. Без труда разобравшись в управлении, вы погрузились в игровой процесс. За игрой время, как известно, летит незаметно, но вы его даром не теряли и установили новый рекорд! К сожалению, аккурат после завершения игры планшет запищал о недостатке энергии и потребовал подзарядки. Похоже, больше поиграть не получится."	"Quest Gluki.qmm: jumps.223.description. Preserve every <tag> exactly."	"Quest,Gluki"	""
"/quests/Gluki.qmm/jumps/224/description"	"Придвинув к себе газету, вы принялись читать. Хотя выпуск был далеко не самый свежий, многих шуток вы не знали. Немудрено - дело великого рейнджера воевать во имя спасения галактики, а не следить, о чем пишет развлекательная пресса.
Погрузившись в чтение, вы немного подняли себе настроение, попутно скоротав время. Отличное занятие!"	"Quest Gluki.qmm: jumps.224.description. Preserve every <tag> exactly."	"Quest,Gluki"	""
"/quests/Gluki.qmm/jumps/225/text"	"Подойти к столам и воспользоваться терминалом"	"Quest Gluki.qmm: jumps.225.text. Preserve every <tag> exactly."	"Quest,Gluki"	""
"/quests/Gluki.qmm/jumps/226/text"	"Подойти к мини-лаборатории"	"Quest Gluki.qmm: jumps.226.text. Preserve every <tag> exactly."	"Quest,Gluki"	""
"/quests/Gluki.qmm/jumps/226/description"	"Мини-лаборатория включала в себя тахионный микроскоп средней четкости и длинный стол с кучей колб, склянок и емкостей с различным содержимым. На склянках были указаны химические формулы веществ, часть которых вы знали. Но большая часть, увы, оставалась для вас загадкой."	"Quest Gluki.qmm: jumps.226.description. Preserve every <tag> exactly."	"Quest,Gluki"	""
"/quests/Gluki.qmm/jumps/227/description"	"Вы решили посмотреть, не удастся ли найти что-нибудь интересное в терминале. В основном там были записи о работе исследователей экспедиции, содержащие много узкоспециализированных слов и посему непонятных вам. Порыскав, вы обнаружили несколько записок личного характера, которые в соответствии с рейнджерским кодексом чести вы пропустили, не открывая.
Через некоторое время просмотра вас начало клонить в сон от скуки, поэтому вы завершили сессию."	"Quest Gluki.qmm: jumps.227.description. Preserve every <tag> exactly."	"Quest,Gluki"	""
"/quests/Gluki.qmm/jumps/228/text"	"Отойти"	"Quest Gluki.qmm: jumps.228.text. Preserve every <tag> exactly."	"Quest,Gluki"	""
"/quests/Gluki.qmm/jumps/229/text"	"Поглазеть в микроскоп"	"Quest Gluki.qmm: jumps.229.text. Preserve every <tag> exactly."	"Quest,Gluki"	""
"/quests/Gluki.qmm/jumps/230/text"	"Провести какую-нибудь реакцию"	"Quest Gluki.qmm: jumps.230.text. Preserve every <tag> exactly."	"Quest,Gluki"	""
"/quests/Gluki.qmm/jumps/231/description"	"Собрав в кулак все свои познания в химии, вы перемешали в колбе содержимое нескольких склянок и поставили последнюю на огонь. Пошедший едкий дым красноречиво заявил, что ваша химия плоха. Стремясь исправить положение, вы схватили колбу и кинули ее в стоящее рядом ведро с водой. Это нехитрое действие подтвердило, что ваши познания в химии даже не просто плохи, а очень плохи. Во-первых, колба очень сильно нагрелась, и вы получили ожог. А во-вторых, в воде реакция потекла еще быстрее, выделяя еще больше едкого дыма. Вы попытались выбежать из кабинета, но тело перестало слушаться. Похоже, что в дыме содержался паралитический газ. Со слезящимися глазами и широко раскрытым ртом вы лежали на полу, опасаясь, как бы не наступил конец великого рейнджера <Ranger>. Но нет, автоматически сработала вытяжка, воздух стал очищаться, и вы почувствовали, как контроль над телом потихоньку возвращается. Через несколько минут о неудачном опыте свидетельствовал только ваш сухой кашель и небольшой ожог на ладони."	"Quest Gluki.qmm: jumps.231.description. Preserve every <tag> exactly."	"Quest,Gluki"	""
"/quests/Gluki.qmm/jumps/232/description"	"Собрав в кулак все свои познания в химии, вы перемешали в колбе содержимое нескольких склянок и поставили последнюю на огонь. Через несколько секунд вы почувствовали очень приятный запах, который навевал умиротворение и покой. Присев на ближайший стул, вы погрузились в медитативное состояние. Все прекрасно, а все трудности существуют только для подтверждения прекрасности бытия, крутилась мысль у вас в голове. Доминаторы будут повержены, а у Коалиции появится много новых героев...
Лишь когда источник запаха иссяк, ваш разум смог очиститься, вы вновь получили возможность контролировать свое тело. Которое, кстати, как и разум, за прошедшее время слегка очистилось."	"Quest Gluki.qmm: jumps.232.description. Preserve every <tag> exactly."	"Quest,Gluki"	""
"/quests/Gluki.qmm/jumps/233/description"	"Пощелкав кнопками на пульте управления микроскопом, вы попали в историю исследований. На экранчике началась демонстрация материалов, которые исследовал персонал экспедиции. Довольно увлекательное зрелище, если не обращать внимание на обилие непонятных терминов в комментариях. Убив какое-то время на просмотр, вы поняли только то, что микромир очень красив и захватывающ. Ну, и на том спасибо."	"Quest Gluki.qmm: jumps.233.description. Preserve every <tag> exactly."	"Quest,Gluki"	""
"/quests/Gluki.qmm/jumps/234/text"	"Выйти наружу"	"Quest Gluki.qmm: jumps.234.text. Preserve every <tag> exactly."	"Quest,Gluki"	""
"/quests/Gluki.qmm/jumps/235/text"	"В комнату релаксации"	"Quest Gluki.qmm: jumps.235.text. Preserve every <tag> exactly."	"Quest,Gluki"	""
"/quests/Gluki.qmm/jumps/236/text"	"В комнату психологического спокойствия"	"Quest Gluki.qmm: jumps.236.text. Preserve every <tag> exactly."	"Quest,Gluki"	""
"/quests/Gluki.qmm/jumps/237/text"	"Сыграть в космический хэчбол"	"Quest Gluki.qmm: jumps.237.text. Preserve every <tag> exactly."	"Quest,Gluki"	""
"/quests/Gluki.qmm/jumps/238/description"	"Комната релаксации представляла собой просторное помещение, обставленное мягкой мебелью. В центре комнаты выехал из пола стол, и невесть откуда взявшиеся роботы-слуги навалили на него кучу снеди. Восхитительно! - воскликнули вы, беря в руку гроздь каких-то экзотических фруктов и плюхаясь на софу.
Через некоторое время поглощения галактических деликатесов вы почувствовали себя как заново родившимся. Пребывание в комнате релаксации явно пошло вам на пользу."	"Quest Gluki.qmm: jumps.238.description. Preserve every <tag> exactly."	"Quest,Gluki"	""
"/quests/Gluki.qmm/jumps/239/description"	"Комната психологического спокойствия оказалась просторным голографическим помещением. Разбросанные по всему помещению датчики подстраивали голографическую модель под ваши желания, организовывая видеоряд, который оказывал расслабляющее воздействие. Помимо картинок присутствовал и объемный звук, а синтезированные запахи полностью дополняли эффект присутствия. Технологии сто лет в обед, а какой эффект! Пробыв тут совсем немного времени, вы отметили, что все идет замечательно и точно так, как вам хотелось бы. В приподнятом расположении духа вы вышли из голографической модели в реальный мир."	"Quest Gluki.qmm: jumps.239.description. Preserve every <tag> exactly."	"Quest,Gluki"	""
"/quests/Gluki.qmm/jumps/240/description"	"Установка была игровым автоматом, сделанным под старину и в старинном же стиле. Но от этого игра была не менее увлекательной. Из-за того, что кроме вас, никто в хэчбол сыграть не мог, пришлось выставить режим одного игрока и устроить экзамен искусственному интеллекту, который удосужились сделать разработчики. К вашей радости, придирчиво устроенный вами экзамен искусственный интеллект выдержал. Его действия были словно действиями реальных игроков: не всегда логичны и четко выверены, но всегда доставляющие приятные впечатления. Иногда совершенно нелогичные действия приводили к сокрушительному триумфу. Нарвавшись на пару таких сценариев, вам захотелось разобрать аппарат, чтобы убедиться, что внутри нет ничего, кроме наносхем. Но, взяв себя в руки, вы отказывались от вандализма. Просто аппарат был очень хорош!
Сыграв игру, вы ничуть не пожалели потраченного времени. Тем более, что сейчас его у вас было чересчур много."	"Quest Gluki.qmm: jumps.240.description. Preserve every <tag> exactly."	"Quest,Gluki"	""
"/quests/Gluki.qmm/jumps/241/text"	"В комнату релаксации"	"Quest Gluki.qmm: jumps.241.text. Preserve every <tag> exactly."	"Quest,Gluki"	""
"/quests/Gluki.qmm/jumps/242/description"	"Вы хотели войти в комнату релаксации, но дверь не открылась. Вместо этого на дисплее загорелась надпись:
""Внимание! В последнее время было совершено слишком много попыток воспользоваться услугами данной системы. Оборудование поставлено на профилактику. Пожалуйста, обратитесь позднее"".
Похоже, что придется искать занятия где-нибудь еще."	"Quest Gluki.qmm: jumps.242.description. Preserve every <tag> exactly."	"Quest,Gluki"	""
"/quests/Gluki.qmm/jumps/243/text"	"В комнату психологического спокойствия"	"Quest Gluki.qmm: jumps.243.text. Preserve every <tag> exactly."	"Quest,Gluki"	""
"/quests/Gluki.qmm/jumps/244/text"	"Сыграть в космический хэчбол"	"Quest Gluki.qmm: jumps.244.text. Preserve every <tag> exactly."	"Quest,Gluki"	""
"/quests/Gluki.qmm/jumps/245/description"	"Вы хотели войти в комнату психологического спокойствия, но дверь не открылась. Вместо этого на дисплее загорелась надпись:
""Внимание! В последнее время было совершено слишком много попыток воспользоваться услугами данной системы. Оборудование поставлено на профилактику. Пожалуйста, обратитесь позднее"".
Похоже, что придется искать занятия где-нибудь еще."	"Quest Gluki.qmm: jumps.245.description. Preserve every <tag> exactly."	"Quest,Gluki"	""
"/quests/Gluki.qmm/jumps/246/description"	"Вы хотели воспользоваться установкой для игры в космический хэчбол, но на дисплее загорелась не та надпись, которую вы ожидали:
""Внимание! В последнее время было совершено слишком много попыток воспользоваться услугами данной системы. Оборудование поставлено на профилактику. Пожалуйста, обратитесь позднее"".
Похоже, что придется искать, чем заняться где-нибудь еще."	"Quest Gluki.qmm: jumps.246.description. Preserve every <tag> exactly."	"Quest,Gluki"	""
"/quests/Gluki.qmm/jumps/247/description"	"Бодро шагая, вы услышали внезапный вопль. Споткнувшись от неожиданности, вы неудачно приземлились на руку. Убедившись, что серьезных повреждений нет, вы вскочили на ноги, ожидая нападения. Но никого, кроме вас здесь не было. Ох уж эта мнительность!"	"Quest Gluki.qmm: jumps.247.description. Preserve every <tag> exactly."	"Quest,Gluki"	""
"/quests/Gluki.qmm/jumps/248/text"	"Выйти наружу"	"Quest Gluki.qmm: jumps.248.text. Preserve every <tag> exactly."	"Quest,Gluki"	""
"/quests/Gluki.qmm/jumps/249/text"	"Почитать инструкцию по эксплуатации"	"Quest Gluki.qmm: jumps.249.text. Preserve every <tag> exactly."	"Quest,Gluki"	""
"/quests/Gluki.qmm/jumps/250/text"	"Синтезировать что-нибудь"	"Quest Gluki.qmm: jumps.250.text. Preserve every <tag> exactly."	"Quest,Gluki"	""
"/quests/Gluki.qmm/jumps/250/description"	"В твердом намерении заняться синтезом, вы приступили"	"Quest Gluki.qmm: jumps.250.description. Preserve every <tag> exactly."	"Quest,Gluki"	""
"/quests/Gluki.qmm/jumps/251/description"	"Решив на всякий случай прочитать инструкцию, вы обнаружили следующее:

""Базовый синтезатор ТХ-8.0 позволяет синтезировать регенерирующие (Т) и деструкцирующие (Х) растворы. Конечные свойства раствора определяются количеством задействованных реагентов. Всего имеется 5 видов реагентов:
т - базовый регенерирующий реагент,
Т- усиленный регенерирующий реагент,
х - базовый деструкцирующий реагент,
Х - усиленный деструкцирующий реагент,
тх - безразличный реагент.

Всего в базовой комплектации возможна загрузка до 5 реагентов каждого вида в емкость для реагентов, а для успешного создания раствора в реагенной камере должно находиться 4 или 5 реагентов""."	"Quest Gluki.qmm: jumps.251.description. Preserve every <tag> exactly."	"Quest,Gluki"	""
"/quests/Gluki.qmm/jumps/252/text"	"Добавить т-реагент"	"Quest Gluki.qmm: jumps.252.text. Preserve every <tag> exactly."	"Quest,Gluki"	""
"/quests/Gluki.qmm/jumps/253/text"	"Добавить Т-реагент"	"Quest Gluki.qmm: jumps.253.text. Preserve every <tag> exactly."	"Quest,Gluki"	""
"/quests/Gluki.qmm/jumps/254/text"	"Добавить х-реагент"	"Quest Gluki.qmm: jumps.254.text. Preserve every <tag> exactly."	"Quest,Gluki"	""
"/quests/Gluki.qmm/jumps/255/text"	"Добавить Х-реагент"	"Quest Gluki.qmm: jumps.255.text. Preserve every <tag> exactly."	"Quest,Gluki"	""
"/quests/Gluki.qmm/jumps/256/text"	"Добавить тх-реагент"	"Quest Gluki.qmm: jumps.256.text. Preserve every <tag> exactly."	"Quest,Gluki"	""
"/quests/Gluki.qmm/jumps/257/text"	"Запустить синтезатор"	"Quest Gluki.qmm: jumps.257.text. Preserve every <tag> exactly."	"Quest,Gluki"	""
"/quests/Gluki.qmm/jumps/258/text"	"Отказаться от затеи"	"Quest Gluki.qmm: jumps.258.text. Preserve every <tag> exactly."	"Quest,Gluki"	""
"/quests/Gluki.qmm/jumps/258/description"	"Вы нажали кнопку сброса."	"Quest Gluki.qmm: jumps.258.description. Preserve every <tag> exactly."	"Quest,Gluki"	""
"/quests/Gluki.qmm/jumps/259/description"	"Решив, что в самый раз будет добавить <clr>т-реагент<clrEnd>, вы это и сделали, слегка усилив регенерирующие свойства раствора."	"Quest Gluki.qmm: jumps.259.description. Preserve every <tag> exactly."	"Quest,Gluki"	""
"/quests/Gluki.qmm/jumps/260/description"	"Решив, что нужно значительно усилить регенерирующие свойства раствора, вы добавили <clr>Т-реагент<clrEnd>."	"Quest Gluki.qmm: jumps.260.description. Preserve every <tag> exactly."	"Quest,Gluki"	""
"/quests/Gluki.qmm/jumps/261/description"	"Вы добавили <clr>х-реагент<clrEnd>, немного усилив деструкцирующие свойства раствора."	"Quest Gluki.qmm: jumps.261.description. Preserve every <tag> exactly."	"Quest,Gluki"	""
"/quests/Gluki.qmm/jumps/262/description"	"Вы добавили <clr>Х-реагент<clrEnd>, значительно усилив деструкцирующие свойства раствора."	"Quest Gluki.qmm: jumps.262.description. Preserve every <tag> exactly."	"Quest,Gluki"	""
"/quests/Gluki.qmm/jumps/263/description"	"Подумав, вы решили не изменять свойства раствора, добавив простой наполнитель в виде <clr>тх-реагента<clrEnd>."	"Quest Gluki.qmm: jumps.263.description. Preserve every <tag> exactly."	"Quest,Gluki"	""
"/quests/Gluki.qmm/jumps/264/text"	"Посмотреть, что получилось"	"Quest Gluki.qmm: jumps.264.text. Preserve every <tag> exactly."	"Quest,Gluki"	""
"/quests/Gluki.qmm/jumps/264/description"	"На экране синтезатора горела надпись ""Ошибка: раствор нейтрален, <clr>синтез не произведен<clrEnd>. Реагенная камера очищена. Попробуйте снова"". Вам нечего было брать у агрегата."	"Quest Gluki.qmm: jumps.264.description. Preserve every <tag> exactly."	"Quest,Gluki"	""
"/quests/Gluki.qmm/jumps/265/text"	"Посмотреть, что получилось"	"Quest Gluki.qmm: jumps.265.text. Preserve every <tag> exactly."	"Quest,Gluki"	""
"/quests/Gluki.qmm/jumps/265/description"	"На экране синтезатора горела надпись ""<clr>Деструкцирующий<clrEnd> раствор успешно синтезирован"". Результат синтеза тут же перекочевал вам в карман."	"Quest Gluki.qmm: jumps.265.description. Preserve every <tag> exactly."	"Quest,Gluki"	""
"/quests/Gluki.qmm/jumps/266/text"	"Посмотреть, что получилось"	"Quest Gluki.qmm: jumps.266.text. Preserve every <tag> exactly."	"Quest,Gluki"	""
"/quests/Gluki.qmm/jumps/266/description"	"На экране синтезатора горела надпись ""<clr>Регенерирующий<clrEnd> раствор успешно синтезирован"". Результат синтеза тут же перекочевал вам в карман."	"Quest Gluki.qmm: jumps.266.description. Preserve every <tag> exactly."	"Quest,Gluki"	""
"/quests/Gluki.qmm/jumps/267/text"	"Выйти наружу"	"Quest Gluki.qmm: jumps.267.text. Preserve every <tag> exactly."	"Quest,Gluki"	""
"/quests/Gluki.qmm/jumps/268/text"	"Идти в комнату с красным крестом"	"Quest Gluki.qmm: jumps.268.text. Preserve every <tag> exactly."	"Quest,Gluki"	""
"/quests/Gluki.qmm/jumps/268/description"	"Наверное, внутри должна быть аптечка или что-то в этом роде, подумали вы, толкая дверь с изображенным на ней красным крестом. Увы, дверь не открылась. Причиной этого был массивный висячий замок."	"Quest Gluki.qmm: jumps.268.description. Preserve every <tag> exactly."	"Quest,Gluki"	""
"/quests/Gluki.qmm/jumps/269/text"	"Идти в комнату с желтой молнией"	"Quest Gluki.qmm: jumps.269.text. Preserve every <tag> exactly."	"Quest,Gluki"	""
"/quests/Gluki.qmm/jumps/270/text"	"Выстрелить в замок из бластера"	"Quest Gluki.qmm: jumps.270.text. Preserve every <tag> exactly."	"Quest,Gluki"	""
"/quests/Gluki.qmm/jumps/271/text"	"Использовать гаечный ключ"	"Quest Gluki.qmm: jumps.271.text. Preserve every <tag> exactly."	"Quest,Gluki"	""
"/quests/Gluki.qmm/jumps/272/description"	"Как хорошо, когда есть отличный аргумент против висячих замков в виде вот этого бластера, подумали вы, прицелившись и спуская курок. Прямо в яблочко! Вернее, в замок, поправили вы себя, наблюдая, как расплавленный кусок металла падает на землю. Засмотревшись, вы пропустили момент, когда замок уже в агонии и попытке отомстить грохнулся прямо на вашу ногу. К счастью, у меня есть вторая, думали вы, прыгая на уцелевшей. Впрочем, первая тоже будет жить, вынесли вы вердикт, почувствовав, что боль от удара утихает."	"Quest Gluki.qmm: jumps.272.description. Preserve every <tag> exactly."	"Quest,Gluki"	""
"/quests/Gluki.qmm/jumps/273/description"	"Висячий замок - серьезное препятствие. Но только не для того, у кого есть <clr>гаечный ключ<clrEnd>, решили вы, принимаясь орудовать последним. Попытки что-нибудь отвинтить провалились. Тогда вы взяли свое орудие наперевес, словно молот, и просто попытались сбить непокорный замок. Дело ладилось. На каком-то ударе - вы уже сбились со счету и тяжело дышали - замок поддался и слетел с петель."	"Quest Gluki.qmm: jumps.273.description. Preserve every <tag> exactly."	"Quest,Gluki"	""
"/quests/Gluki.qmm/jumps/274/text"	"Войти внутрь"	"Quest Gluki.qmm: jumps.274.text. Preserve every <tag> exactly."	"Quest,Gluki"	""
"/quests/Gluki.qmm/jumps/275/text"	"Идти в комнату с красным крестом"	"Quest Gluki.qmm: jumps.275.text. Preserve every <tag> exactly."	"Quest,Gluki"	""
"/quests/Gluki.qmm/jumps/276/text"	"Воспользоваться набором медика"	"Quest Gluki.qmm: jumps.276.text. Preserve every <tag> exactly."	"Quest,Gluki"	""
"/quests/Gluki.qmm/jumps/277/description"	"Вы решили, что тянуть в вашей ситуации нечего. Почти мгновенно вы почувствовали прилив сил и уверенности в себе. Замечательные ощущения!"	"Quest Gluki.qmm: jumps.277.description. Preserve every <tag> exactly."	"Quest,Gluki"	""
"/quests/Gluki.qmm/jumps/278/text"	"Со всей силы подергать дверь"	"Quest Gluki.qmm: jumps.278.text. Preserve every <tag> exactly."	"Quest,Gluki"	""
"/quests/Gluki.qmm/jumps/279/description"	"Вы дернули дверь. Хмыкнув, дернули еще. Очевидно, что открыться ей мешал <clr>висячий замок<clrEnd>, и без какого-нибудь инструмента тут не обойтись. На всякий случай, вы подергали еще, убедившись, что первая пришедшая в голову мысль была верной."	"Quest Gluki.qmm: jumps.279.description. Preserve every <tag> exactly."	"Quest,Gluki"	""
"/quests/Gluki.qmm/jumps/280/text"	"Выйти из кабинета"	"Quest Gluki.qmm: jumps.280.text. Preserve every <tag> exactly."	"Quest,Gluki"	""
"/quests/Gluki.qmm/jumps/281/text"	"Вернуться"	"Quest Gluki.qmm: jumps.281.text. Preserve every <tag> exactly."	"Quest,Gluki"	""
"/quests/Gluki.qmm/jumps/282/text"	"Зарядить батарею"	"Quest Gluki.qmm: jumps.282.text. Preserve every <tag> exactly."	"Quest,Gluki"	""
"/quests/Gluki.qmm/jumps/283/text"	"Тушить пожар"	"Quest Gluki.qmm: jumps.283.text. Preserve every <tag> exactly."	"Quest,Gluki"	""
"/quests/Gluki.qmm/jumps/283/description"	"Лихорадочно шаря взглядом, вы обнаружили в углу комнаты <clr>огнетушитель<clrEnd>. Отлично, это то, что сейчас нужно! С его помощью вам без труда удалось потушить пожар. А за то время, пока вы боролись с огнем, батарея бластера полностью зарядилась. Замечательно!"	"Quest Gluki.qmm: jumps.283.description. Preserve every <tag> exactly."	"Quest,Gluki"	""
"/quests/Gluki.qmm/jumps/284/text"	"Бежать прочь"	"Quest Gluki.qmm: jumps.284.text. Preserve every <tag> exactly."	"Quest,Gluki"	""
"/quests/Gluki.qmm/jumps/284/description"	"Рывком схватив свой бластер и получив небольшой удар током, вы ринулись из кабинета. Едва перепрыгнув порог, вы услышали щелчки, словно срабатывали замки. Невесть откуда взявшийся рядом с дверью терминал сигнализировал о пожарной тревоге и герметизации помещения с очагом возгорания. Подергав ручку двери, вы убедились, что это чистая правда - дверь была наглухо закрыта."	"Quest Gluki.qmm: jumps.284.description. Preserve every <tag> exactly."	"Quest,Gluki"	""
"/quests/Gluki.qmm/jumps/285/text"	"Тушить пожар"	"Quest Gluki.qmm: jumps.285.text. Preserve every <tag> exactly."	"Quest,Gluki"	""
"/quests/Gluki.qmm/jumps/285/description"	"Вы лихорадочно шарили взглядом, пытаясь найти какой-нибудь <clr>огнетушитель<clrEnd> или что-нибудь, что могло бы помочь вам в борьбе с огнем. Огнетушитель обнаружить не удалось, зато на глаза попался кусок толстой материи, которой можно было бы накрыть огонь. Сказано - сделано. Сработало не хуже огнетушителя! А за то время, пока вы боролись с огнем, батарея бластера полностью зарядилась. Замечательно!"	"Quest Gluki.qmm: jumps.285.description. Preserve every <tag> exactly."	"Quest,Gluki"	""
"/quests/Gluki.qmm/jumps/286/text"	"Тушить пожар"	"Quest Gluki.qmm: jumps.286.text. Preserve every <tag> exactly."	"Quest,Gluki"	""
"/quests/Gluki.qmm/jumps/286/description"	"Как хорошо, что у вас с собой был <clr>огнетушитель<clrEnd>. С его помощью вам не составило труда потушить огонь. А за то время, пока вы боролись с огнем, батарея бластера полностью зарядилась. Замечательно!"	"Quest Gluki.qmm: jumps.286.description. Preserve every <tag> exactly."	"Quest,Gluki"	""
"/quests/Gluki.qmm/jumps/287/text"	"Выйти из комнаты"	"Quest Gluki.qmm: jumps.287.text. Preserve every <tag> exactly."	"Quest,Gluki"	""
"/quests/Gluki.qmm/jumps/287/description"	"Потушив пожар и вернув себе свой бластер, вы решили не задерживаться внутри этого кабинета. И не зря - едва переступив порог, вы услышали щелчки, словно срабатывали замки. Невесть откуда взявшийся рядом с дверью терминал сигнализировал о пожарной тревоге и герметизации помещения с очагом возгорания. Подергав ручку двери, вы убедились, что это чистая правда - дверь была наглухо закрыта."	"Quest Gluki.qmm: jumps.287.description. Preserve every <tag> exactly."	"Quest,Gluki"	""
"/quests/Gluki.qmm/jumps/288/text"	"Тушить пожар"	"Quest Gluki.qmm: jumps.288.text. Preserve every <tag> exactly."	"Quest,Gluki"	""
"/quests/Gluki.qmm/jumps/288/description"	"Вы лихорадочно шарили взглядом, пытаясь найти какой-нибудь огнетушитель или что-нибудь, что могло бы помочь вам в борьбе с огнем. К сожалению, ничего не находилось. Отчаявшись, вы рывком схватили свой бластер и, получив небольшой удар током, ринулись из кабинета. Едва перепрыгнув порог, вы услышали щелчки, словно срабатывали замки. Невесть откуда взявшийся рядом с дверью терминал сигнализировал о пожарной тревоге и герметизации помещения с очагом возгорания. Подергав ручку двери, вы убедились, что это чистая правда - дверь была наглухо закрыта."	"Quest Gluki.qmm: jumps.288.description. Preserve every <tag> exactly."	"Quest,Gluki"	""
"/quests/Gluki.qmm/jumps/289/text"	"Идти в комнату с желтой молнией"	"Quest Gluki.qmm: jumps.289.text. Preserve every <tag> exactly."	"Quest,Gluki"	""
"/quests/Gluki.qmm/jumps/290/description"	"Дверь оказалась наглухо заблокирована. Система защиты сработала четко, и вам теперь внутрь точно не получится попасть."	"Quest Gluki.qmm: jumps.290.description. Preserve every <tag> exactly."	"Quest,Gluki"	""
"/quests/Gluki.qmm/jumps/291/description"	"Сделав несколько шагов, вы почувствовали, что сзади кто-то есть. Этого не может быть, это все происки планеты <ToPlanet>, прошептали вы, медленно оборачиваясь. Закончив оборот, вы смогли увидеть воплощенный происк планеты. Он представлял из себя гуманоида в половину вашего роста. Несмотря на небольшой размер, гуманоид был плотного телосложения и по форме больше всего напоминал куб. Четыре нижних и трое верхних конечностей оканчивались острыми когтями. Жуткое зрелище."	"Quest Gluki.qmm: jumps.291.description. Preserve every <tag> exactly."	"Quest,Gluki"	""
"/quests/Gluki.qmm/jumps/292/text"	"Выстрелить из бластера"	"Quest Gluki.qmm: jumps.292.text. Preserve every <tag> exactly."	"Quest,Gluki"	""
"/quests/Gluki.qmm/jumps/293/text"	"Кинуть гаечный ключ"	"Quest Gluki.qmm: jumps.293.text. Preserve every <tag> exactly."	"Quest,Gluki"	""
"/quests/Gluki.qmm/jumps/294/text"	"Кинуть колбу ""Х"""	"Quest Gluki.qmm: jumps.294.text. Preserve every <tag> exactly."	"Quest,Gluki"	""
"/quests/Gluki.qmm/jumps/295/text"	"Кинуть колбу ""Т"""	"Quest Gluki.qmm: jumps.295.text. Preserve every <tag> exactly."	"Quest,Gluki"	""
"/quests/Gluki.qmm/jumps/296/text"	"Спасаться бегством"	"Quest Gluki.qmm: jumps.296.text. Preserve every <tag> exactly."	"Quest,Gluki"	""
"/quests/Gluki.qmm/jumps/297/description"	"Вы решили, что лучше всего оставить материализовавшийся кошмар наедине с собой и бросились наутек. К сожалению, споткнувшись на ровном месте, вы чуть было не сломали себе ногу, не говоря уже о том, что убежать никуда не удалось."	"Quest Gluki.qmm: jumps.297.description. Preserve every <tag> exactly."	"Quest,Gluki"	""
"/quests/Gluki.qmm/jumps/298/text"	"Спасаться бегством"	"Quest Gluki.qmm: jumps.298.text. Preserve every <tag> exactly."	"Quest,Gluki"	""
"/quests/Gluki.qmm/jumps/298/description"	"Наверное, монстр не сильно жаждал более тесного знакомства с вами, поэтому он даже не стал вас преследовать."	"Quest Gluki.qmm: jumps.298.description. Preserve every <tag> exactly."	"Quest,Gluki"	""
"/quests/Gluki.qmm/jumps/299/description"	"Вы сделали несколько выстрелов из бластера, часть из которых не достигла цели. Возможно, поэтому, существо не упало замертво, а разразилось криками и пару раз царапнуло вас своими острыми когтями."	"Quest Gluki.qmm: jumps.299.description. Preserve every <tag> exactly."	"Quest,Gluki"	""
"/quests/Gluki.qmm/jumps/300/text"	"Воспользоваться огнетушителем"	"Quest Gluki.qmm: jumps.300.text. Preserve every <tag> exactly."	"Quest,Gluki"	""
"/quests/Gluki.qmm/jumps/301/text"	"Продолжить движение"	"Quest Gluki.qmm: jumps.301.text. Preserve every <tag> exactly."	"Quest,Gluki"	""
"/quests/Gluki.qmm/jumps/302/description"	"Вы сделали несколько метких выстрелов из бластера, и чудовище упало замертво. Отличная стрельба!"	"Quest Gluki.qmm: jumps.302.description. Preserve every <tag> exactly."	"Quest,Gluki"	""
"/quests/Gluki.qmm/jumps/303/description"	"Вспомнив о синтезированных растворах, вы взяли колбу с меткой ""Т"" и бросили ее монстру. Тот поймал колбу пастью, с легкостью разломил ударопрочное стекло. Черт побери, это же <clr>регенерирующий<clrEnd> раствор, опомнились вы, не дождавшись того, чтобы монстр упал замертво. Наоборот, своим броском вы излечили его!
Но нет худа без добра. Видимо, монстру это и было нужно, иначе как объяснить тот факт, что он развернулся и бросился бежать от вас. Через минуту от вашей компании осталось только воспоминание."	"Quest Gluki.qmm: jumps.303.description. Preserve every <tag> exactly."	"Quest,Gluki"	""
"/quests/Gluki.qmm/jumps/304/description"	"Вспомнив о синтезированных растворах, вы взяли колбу с меткой ""Т"" и бросили ее монстру. Тот поймал колбу пастью, с легкостью разломил ударопрочное стекло. Черт побери, это же <clr>регенерирующий<clrEnd> раствор, опомнились вы, не дождавшись того, чтобы монстр упал замертво. Наоборот, своим броском вы излечили его!
Монстр явно готовился к атаке, щелкая пастью с острыми зубами."	"Quest Gluki.qmm: jumps.304.description. Preserve every <tag> exactly."	"Quest,Gluki"	""
"/quests/Gluki.qmm/jumps/305/description"	"Такой наглости чудовище не ожидало. Разочарованно рыкнув сквозь пену, монстр зигзагом затрусил прочь от вас. Хорошая вещь - огнетушитель! Помогает и от пожара, и от кошмара."	"Quest Gluki.qmm: jumps.305.description. Preserve every <tag> exactly."	"Quest,Gluki"	""
"/quests/Gluki.qmm/jumps/306/text"	"Спасаться бегством"	"Quest Gluki.qmm: jumps.306.text. Preserve every <tag> exactly."	"Quest,Gluki"	""
"/quests/Gluki.qmm/jumps/306/description"	"Вы бросились наутек, но и монстр оказался прытким. Двинув вас одной из своих верхних конечностей, монстр потерял равновесие и впечатался в столь кстати оказавшийся на его пути столб. Это дало вам время, необходимое для побега, и уже через несколько минут от вашей компании осталось только воспоминание и ноющая боль в районе плеча."	"Quest Gluki.qmm: jumps.306.description. Preserve every <tag> exactly."	"Quest,Gluki"	""
"/quests/Gluki.qmm/jumps/307/description"	"Сделав несколько шагов, вы услышали тихий писк. Обернувшись, вы увидели кого-то размером с крысу. Может, это и была крыса, но только какая-то странная: горящие угольки глаз и хвост, увенчанный шипами говорил, что перед вами как минимум боевая крыса из элитного спецподразделения. Наверняка на лапах очень-очень острые коготки, которые способны наделать немало неудобств."	"Quest Gluki.qmm: jumps.307.description. Preserve every <tag> exactly."	"Quest,Gluki"	""
"/quests/Gluki.qmm/jumps/308/description"	"Сделав несколько шагов, вы почувствовали, что за вами следят. Остановившись, вы постояли на месте, ожидая развязки. Ничего не происходило.
- Эй! Кто бы ты ни был - выходи! - крикнули вы, чтобы не продолжать просто стоять.
В ответ был хриплый крик, а через несколько секунд из-за угла здания появился обладатель крика. Это было двухметровое туловище с десятком конечностей-щупалец. Естественно, на каждом из них было по парочке острых когтей. Очень харизматичная фигура."	"Quest Gluki.qmm: jumps.308.description. Preserve every <tag> exactly."	"Quest,Gluki"	""
"/quests/Gluki.qmm/jumps/309/description"	"Сделав несколько шагов, вы услышали шорох позади. Давя нехорошие мысли, вы обернулись. В вашу строну медленно приближалось самое настоящее чудовище с семью глазами. Видимо, глаза были слегка подслеповаты, т.к. чудище приближалось к вам зигзагами, а сами глаза лихорадочно рыскали по сторонам."	"Quest Gluki.qmm: jumps.309.description. Preserve every <tag> exactly."	"Quest,Gluki"	""
"/quests/Gluki.qmm/jumps/310/description"	"Вы сделали несколько шагов и остановились от чувства опасности. Рейнджерская интуиция говорила, что рядом с вами затаился враг. Затаив дыхание, вы осмотрелись. Пусто. Неужели интуиция подвела? Сделав еще один шаг, вы с радостью отметили, что интуиция на высоте: из-за угла вынырнуло что-то... наполовину робот, наполовину гуманоид. С явно враждебными намерениями. Лучше бы интуиция подвела на этот раз! - чертыхнулись вы."	"Quest Gluki.qmm: jumps.310.description. Preserve every <tag> exactly."	"Quest,Gluki"	""
"/quests/Gluki.qmm/jumps/311/description"	"Вы шли, погруженный в свои мысли, когда что-то ударило вас по ноге. Мгновенно замерев по стойке ""смирно"", вы оценили обстановку. Ударил вас камешек, который кинул издали в вас коренной обитатель планеты <ToPlanet>. Если можно так называть воображаемые страхи посетителей этой планеты. Воображаемый страх тем временем рыкнул, поднял две из четырех верхних конечностей и стал медленно приближаться к вам. Вот черт."	"Quest Gluki.qmm: jumps.311.description. Preserve every <tag> exactly."	"Quest,Gluki"	""
"/quests/Gluki.qmm/jumps/312/description"	"Шагая, вы чуть не столкнулись лицом к лицу с каким-то монстром. Вернее, лицом к морде, но такие уточнения новообъявившемуся чудовищу были неинтересны. Зато его явно оскорбило ваше поведение, и он готовился вас проучить."	"Quest Gluki.qmm: jumps.312.description. Preserve every <tag> exactly."	"Quest,Gluki"	""
"/quests/Gluki.qmm/jumps/313/description"	"Зачем-то осторожно выглянув за угол, вы обнаружили там скучающего и ищущего себе занятие монстра. Монстр обладал двумя парами крыльев и длинным раздвоенным хвостом. Надо было идти другим путем, подумали вы, стараясь незаметно отойти на безопасное расстояние. Однако, монстру удалось вас заметить и он явно решил с вашей помощью развеять свою скуку."	"Quest Gluki.qmm: jumps.313.description. Preserve every <tag> exactly."	"Quest,Gluki"	""
"/quests/Gluki.qmm/jumps/314/description"	"Зачем-то вам нужно было взять с земли камень и запустить его в стену ближайшего здания. Камень со звоном отлетел в сторону и начал вертеться, постепенно увеличиваясь в размерах. Уже тогда вы заподозрили неладное, но, словно статуя, не могли сдвинуться с места. Раздувшись до метрового диаметра, камень прекратил это занятие. Зато он треснул и изверг наружу существо, напоминающего малокского крока-дина. Довольно кровожадная зверушка, надо заметить. Надо ли говорить, что существо, едва покинув каменное яйцо, направилось к вам?"	"Quest Gluki.qmm: jumps.314.description. Preserve every <tag> exactly. English reference: Зачем-то вам нужно было взять с земли камень и запустить его в стену ближайщего здания. Камень со звоном отлетел в сторону и начал вертеться, постепенно увеличиваясь в размерах. Уже тогда вы заподозрили неладное, но, словно статуя, не могли сдвинуться с места. Раздувшись до метрового диаметра, камень прекратил это занятие. Зато он треснул и изверг наружу существо, напоминающего малокского крока-дина. Довольно кровожадная зверушка, надо заметить. Надо ли говорить, что существо, едва покинув каменное яйцо, направилось к вам?"	"Quest,Gluki"	""
"/quests/Gluki.qmm/jumps/315/description"	"Шагая, вы почувствовали, что с землей что-то неладное. Вы сделали два стремительных броска в сторону. Весьма вовремя: в том месте, где вы только что находились, земля вспучилась, словно воздушный шарик. Сейчас оттуда что-нибудь вылезет, подумали вы и оказались правы. Когда над поверхностью оказалась голова с огромной пастью, усеянной острыми зубами, вы ничуть не удивились. Гигантский червяк, мало ли таких, - равнодушно пожали вы плечами. Но на этот раз вы ошиблись. Это был не червяк, хотя и очень похожее на него существо. По крайней мере, у червяков не бывает столько конечностей, сколько у вылезшего животного."	"Quest Gluki.qmm: jumps.315.description. Preserve every <tag> exactly."	"Quest,Gluki"	""
"/quests/Gluki.qmm/jumps/316/description"	"Вы сделали несколько шагов и заметили, что все вокруг темнеет. На всякий случая вы сделали два шага назад, но светлее не стало. Зато краски мира стали отдавать зеленоватыми оттенками. Проклятье, что происходит?"	"Quest Gluki.qmm: jumps.316.description. Preserve every <tag> exactly."	"Quest,Gluki"	""
"/quests/Gluki.qmm/jumps/317/description"	"Сделав несколько шагов, вы почувствовали, что что-то не так. Догадку подтвердил кусочек неба, отвалившийся от небосвода и упавший к вашим ногам. Присмотревшись, вы заметили, что кусочек неба был в форме древнегаальской буквы ""Ыо-то"". Поглазев по сторонам, вы стали замечать вокруг вас не привычный мир, а движущийся в замысловатом танце древнегаальский алфавит."	"Quest Gluki.qmm: jumps.317.description. Preserve every <tag> exactly."	"Quest,Gluki"	""
"/quests/Gluki.qmm/jumps/318/description"	"Вы сделали несколько шагов и отметили, что все вокруг стало гораздо более ярким, чем было только что. Неужели садится корабль, гм, оборудованный громадным мощным прожектором? Пошарив глазами по небу, ничего подобного вы не нашли. Однако заметили, что вообще все вокруг становится словно изображение галовизора с максимально установленной яркостью. Проклятая планета <ToPlanet> давала о себе знать!"	"Quest Gluki.qmm: jumps.318.description. Preserve every <tag> exactly."	"Quest,Gluki"	""
"/quests/Gluki.qmm/jumps/319/description"	"Буквально через пару шагов на вас оказались розовые очки. Хотя нет, очков не было, но мир вокруг вас стал розовым. Вы попробовали потереть глаза, но это не помогло. Может, это происки планеты <ToPlanet>?"	"Quest Gluki.qmm: jumps.319.description. Preserve every <tag> exactly."	"Quest,Gluki"	""
"/quests/Gluki.qmm/jumps/320/description"	"Вас внезапно окликнули.
- А ну руки вверх! - настойчиво кричал голос. Вы замерли.
- Кто здесь?
- Неважно, - ухмыльнулся голос. - Ты у меня на прицеле.
Вы пытались определить, откуда идет голос, но не могли этого сделать. Или голос находился повсюду, или он звучал только у вас в голове.
- Да? И что ты сделаешь, - вы решили идти напролом.
- А вот что! - злорадно заявил голос, превращаясь в дьявольское хохотание. Надо заметить, что хохот стал удаляться от вас. Или источник голоса хохотал все тише и тише.
Вы уже почти склонились к одной из версий, как сверху на вас высыпался град мелких камней вперемешку с песком. Отплевываясь и прочищая глаза, вы вылезли из только что образовавшейся кучи и отметили, что все вокруг изменилось. Не было зданий, не было неба. Одна лишь белая дымка у земли и бескрайнее молочное небо. Хм, что это такое вообще?"	"Quest Gluki.qmm: jumps.320.description. Preserve every <tag> exactly."	"Quest,Gluki"	""
"/quests/Gluki.qmm/jumps/321/description"	"Вы шли, никого не трогая и надеясь, что никто не будет трогать вас. Отчасти эти надежды оправдались. Вас действительно никто не трогал в прямом смысле этого слова. Однако земля под ногами сама-собой расчертилась идеальными квадратами. Не к добру это, подумали вы, припадая к земле ухом. Внизу ничего подозрительного не было, зато небо и вообще все вокруг теперь тоже стало в клетках. Что за чертовщина?"	"Quest Gluki.qmm: jumps.321.description. Preserve every <tag> exactly."	"Quest,Gluki"	""
"/quests/Gluki.qmm/jumps/322/description"	"Вы вдруг оказались в полнейшей темноте. Внезапная ночь? Возможно, хотя не похоже. Вдали, словно маяк, зажглась непонятная звездочка. Интересно, будет лучше идти к ней или наоборот? Поколебавшись, вы все же решили двигаться на свет. Путешествие к началу света было недолгим и закончилось около шара из чистого света, парящего в воздухе. Поколебавшись, вы коснулись его рукой. Ни тепла, ни холода. Просто свет. Зато вокруг вас разом зажглись еще тысячи, видимо, таких же источников света, слегка рассеяв тьму и обрисовав контуры этого мира. Как бы его сделать еще более реальным?.."	"Quest Gluki.qmm: jumps.322.description. Preserve every <tag> exactly."	"Quest,Gluki"	""
"/quests/Gluki.qmm/jumps/323/description"	"Внезапно мир вокруг стал сильно размытым. По земле забегали причудливые тени, а по спине - мерзкие мурашки. Вы поморгали, но наваждение не пропало. Что это еще такое?  Закрыв глаза и призвав на помощь всю имеющуюся у вас силу воли, вы представили себе нормальный мир. Точнее, тот мир, который вы считали нормальным. Хоть с некоторым трудом, но получилось. Открыв глаза, вы отметили, что размытости вокруг слегка убавилось, хотя она и не устранилась полностью. Ну, хоть что-то."	"Quest Gluki.qmm: jumps.323.description. Preserve every <tag> exactly."	"Quest,Gluki"	""
"/quests/Gluki.qmm/jumps/324/description"	"Внезапно воздух стал густой, словно кисель. Эй, я такого не заказывал! - взвизгнули вы непривычным для себя голосом. С трудом пошевелив рукой, вы попытались упасть. Как ни странно, но движение вниз было все таким же быстрым, не то, что движения в сторону. Встать удалось с третьей попытки. Вы напряглись, представляя, что ваше тело опутано сверхпрочными нитями и поднатужились, пытаясь их разорвать. Сначала ничего не получалось, но вот одни из нитей лопнула. Затем еще одна. И еще одна. Тяжело дыша, вы созерцали у своих ног обрывки нитей. Легкость движений вернулась, но мир вокруг выглядел не так, каким вы ожидали его видеть. Что-то в нем было по-другому: привычные цвета поменялись местами, яркость пульсировала. Еще раз поднатужившись, вы смогли слегка согнать наваждение. Ага, значит, с этим можно бороться!"	"Quest Gluki.qmm: jumps.324.description. Preserve every <tag> exactly."	"Quest,Gluki"	""
"/quests/Gluki.qmm/jumps/328/description"	"Вспомнив о синтезированных растворах, вы взяли колбу с меткой ""Х"" и бросили ее монстру. Тот поймал колбу пастью, с легкостью разломил ударопрочное стекло. Как хорошо, что внутри был <clr>деструкцирующий<clrEnd> раствор, подумали вы, наблюдая за тем, как монстр корчится от боли. Бросок колбы был подобен гранате, отбившей у чудовища желание сражаться с вами. Да что там сражаться - монстр, судя по затихающим звукам, оказался теперь неспособен даже просто жить. Чистая победа!"	"Quest Gluki.qmm: jumps.328.description. Preserve every <tag> exactly."	"Quest,Gluki"	""
"/quests/Gluki.qmm/jumps/329/description"	"Вспомнив о синтезированных растворах, вы взяли колбу с меткой ""Х"" и бросили ее монстру. Тот поймал колбу пастью, с легкостью разломил ударопрочное стекло. Как хорошо, что внутри был <clr>деструкцирующий<clrEnd> раствор, подумали вы, наблюдая за тем, как монстр корчится от боли. К несчастью, убойной силы раствора не хватило, и монстр потихоньку приходил в себя. С силой ударив своей конечностью, монстр выбил из земли несколько камней, которые попали прямиком вам между глаз. Не очень приятно."	"Quest Gluki.qmm: jumps.329.description. Preserve every <tag> exactly."	"Quest,Gluki"	""
"/quests/Gluki.qmm/jumps/330/description"	"Монстр сумел парировать ваш бросок ловко подставленной конечностью. <clr>Гаечный ключ<clrEnd> вернулся обратно, словно бумеранг, больно ударив вас по руке."	"Quest Gluki.qmm: jumps.330.description. Preserve every <tag> exactly."	"Quest,Gluki"	""
"/quests/Gluki.qmm/jumps/331/description"	"Размахнувшись, вы бросили <clr>гаечный ключ<clrEnd>, целясь в морду монстра. Вы попали, если считать попаданием тот факт, что ключ оказался в пасти у чудовища. Правда, перед этим монстр отбил бросок лапой и уже с земли поднял гаечный ключ. Ойкнув, вы приготовились к ответной атаке, но монстр, схватив добычу в виде брошенного ключа, решил ограничиться им. Сдавленно шипя сквозь плотно сжатые зубы, монстр убежал, оставив вас наедине с планетой <ToPlanet> и экспедиционным лагерем."	"Quest Gluki.qmm: jumps.331.description. Preserve every <tag> exactly."	"Quest,Gluki"	""
"/quests/Gluki.qmm/jumps/332/description"	"Монстр сумел парировать ваш бросок ловко подставленной конечностью. <clr>Гаечный ключ<clrEnd> отлетел в сторону, жалобно позвякивая. Атака монстра не заставила себя ждать. Его бросок оказался стремительным, но слегка неточным, поэтому вы отделались лишь легким испугом и несколькими царапинами в тех местах, куда дотянулись когти чудовища."	"Quest Gluki.qmm: jumps.332.description. Preserve every <tag> exactly."	"Quest,Gluki"	""
"/quests/Gluki.qmm/jumps/333/text"	"Броситься в рукопашную"	"Quest Gluki.qmm: jumps.333.text. Preserve every <tag> exactly."	"Quest,Gluki"	""
"/quests/Gluki.qmm/jumps/334/description"	"Выкрикивая боевой клич, вы бросились на чудовище. Тот ожидал нападения и, несмотря на полученные удары, смог провести контратаку, от которой у вас помутнело в голове. Силен, гад!"	"Quest Gluki.qmm: jumps.334.description. Preserve every <tag> exactly."	"Quest,Gluki"	""
"/quests/Gluki.qmm/jumps/335/description"	"С криком ""За Галактику! За Коалицию"", вы бросились на монстра в атаку, уповая на свою хваленую рейнджерскую подготовку. Несколько точных ударов и впрямь повалили монстра на землю, а вы, опустившись на колени и тяжело дыша, праздновали победу сил рейнджерского движения над потусторонними силами воображения отдельных представителей рейнджерского движение. Тьфу, неслабо все-таки монстр приложил вас по голове, ощупывая новую шишку, подумали вы."	"Quest Gluki.qmm: jumps.335.description. Preserve every <tag> exactly."	"Quest,Gluki"	""
"/quests/Gluki.qmm/jumps/336/description"	"Крикнув что-то непристойное, вы бросились на чудовище. Тот, полностью сбитый с толку вашим лексиконом, почти не сопротивлялся. Тупоголовый монстр, усмехнулись вы про себя."	"Quest Gluki.qmm: jumps.336.description. Preserve every <tag> exactly."	"Quest,Gluki"	""
"/quests/Gluki.qmm/jumps/337/text"	"Дать модель звездолета"	"Quest Gluki.qmm: jumps.337.text. Preserve every <tag> exactly."	"Quest,Gluki"	""
"/quests/Gluki.qmm/jumps/337/description"	"- Слушай, у меня как раз есть вот эта <clr>модель звездолета<clrEnd>, - сказали вы.
- Правда? - маленький фэянин приободрился. - А ты мне его дашь? Кажется, это то, что мне нужно.
- Ну конечно дам, - уверили вы своего собеседника. - Вот, держи. Мне он все равно ни к чему...
- Спасибо-спасибо-спасибо! - заликовал фэянин. - Осталось только вставить два микромодульных расширителя... Мне пора в лабораторию!
Маленький фэянин сорвался с места и побежал куда-то прочь.
- Эй, погоди! - закричали вы ему вслед. Но тот даже и не подумал останавливаться. Лишь еще раз крикнул вам слова благодарности.
Проклятье, чертыхнулись вы. Все самое интересное проходит мимо. Хотя при этом <clr>тратится немало времени<clrEnd>, которого хоть отбавляй. Тоже неплохо."	"Quest Gluki.qmm: jumps.337.description. Preserve every <tag> exactly."	"Quest,Gluki"	""
"/quests/Gluki.qmm/jumps/338/text"	"Соболезновать"	"Quest Gluki.qmm: jumps.338.text. Preserve every <tag> exactly."	"Quest,Gluki"	""
"/quests/Gluki.qmm/jumps/338/description"	"- Извини, малыш, но я ничем не могу помочь, - извинились вы.
- Да ладно, я и не надеялся, - фэянин мгновенно потерял к вам всякий интерес и снова принялся рыдать. Вам ничего не оставалось, кроме как неловко удалиться."	"Quest Gluki.qmm: jumps.338.description. Preserve every <tag> exactly."	"Quest,Gluki"	""
"/quests/Gluki.qmm/jumps/339/text"	"Помочь гаальцу"	"Quest Gluki.qmm: jumps.339.text. Preserve every <tag> exactly."	"Quest,Gluki"	""
"/quests/Gluki.qmm/jumps/339/description"	"- Да, сейчас я помогу... - вы пытались лихорадочно сообразить, как можно освободить гаальца. Ключ, отмычка, горелка... О, бластер! Вынув бластер, вы выстрелили несколько раз по цепи. Та, как вы и расчитывали, расплавилась, и гаалец перестал быть прикованным.
- А ты в теме, - уважительно сказал гаалец. - Кстати, хорошая пушка. У меня тут как раз для нее пара зарядов есть. Думаю, они тебе понадобятся больше, чем мне.
Гаалец вынул <clr>энергобатарею<clrEnd> из кармана. Вы, ошеломленный, молча ее взяли. Действительно, к вашему бластеру она подходила.
Закончив возиться с бластером, вы подняли голову, желая поблагодарить гаальца, но того уже и след простыл.
Ну и чертовщина..."	"Quest Gluki.qmm: jumps.339.description. Preserve every <tag> exactly."	"Quest,Gluki"	""
"/quests/Gluki.qmm/jumps/340/text"	"Отказать в помощи"	"Quest Gluki.qmm: jumps.340.text. Preserve every <tag> exactly."	"Quest,Gluki"	""
"/quests/Gluki.qmm/jumps/340/description"	"- Извини, но я ничем не могу помочь, - ответили вы прикованному гаальцу.
- Ну придумай что-нибудь! Они же вернутся и будут меня пытать!
Но вы уже развернулись и намеревались идти прочь. Вам в спину посыпались проклятья. Одно из них вы решили запомнить, довольно интересное сочетание получалось. Пусть хоть что-то полезное планета <ToPlanet> принесет своей чертовщиной."	"Quest Gluki.qmm: jumps.340.description. Preserve every <tag> exactly."	"Quest,Gluki"	""
"/quests/Gluki.qmm/jumps/341/text"	"Использовать колбу ""Т"""	"Quest Gluki.qmm: jumps.341.text. Preserve every <tag> exactly."	"Quest,Gluki"	""
"/quests/Gluki.qmm/jumps/341/description"	"Вы достали колбу с меткой ""Т"" и откупорили ее. Хм, а как ее использовать? Ладно, решили вы, и вылили все содержимое колбы на раны малока. Тот облегченно вздохнул. Похоже, зелье работало.
- Слушай, ты молодец. У меня как раз есть пара скляниц с противоположным раствором. Вот, держи, на них метка ""<clr>Х<clrEnd>"", а не ""Т"". Думаю, они тебе пригодятся больше, чем мне.
Вы приняли две колбы и зачем-то принялись смотреть их на просвет. Забавная ситуация. Повернувшись, чтобы поблагодарить малока за скляницы, вы обнаружили, что его больше нет. Еще недавно раненый почти насмерть, малок неведомым образом растворился в воздухе! Ох уж эта планета <ToPlanet>."	"Quest Gluki.qmm: jumps.341.description. Preserve every <tag> exactly."	"Quest,Gluki"	""
"/quests/Gluki.qmm/jumps/342/text"	"Использовать колбу ""Х"""	"Quest Gluki.qmm: jumps.342.text. Preserve every <tag> exactly."	"Quest,Gluki"	""
"/quests/Gluki.qmm/jumps/342/description"	"Вы достали колбу с меткой ""Х"" и откупорили ее. Подумав, что делать дальше, вы вылили все ее содержимое на раны малока. Тот вместо того, чтобы исцеленным вскочить на ноги, коротко крикнул и обмяк. Черт, это же не регенерирующий раствор, а <clr>деструкцирующий<clrEnd, запоздало чертыхнулись вы. Впрочем, наверняка этого малока здесь никогда и не было, это лишь происки планеты <ToPlanet>. Вы моргнули, ожидая, что тело малока растворится в воздухе, но оно даже и не думало куда-нибудь деваться."	"Quest Gluki.qmm: jumps.342.description. Preserve every <tag> exactly."	"Quest,Gluki"	""
"/quests/Gluki.qmm/jumps/343/text"	"Посочувствовать"	"Quest Gluki.qmm: jumps.343.text. Preserve every <tag> exactly."	"Quest,Gluki"	""
"/quests/Gluki.qmm/jumps/343/description"	"- Извини, дружище, но у меня аптечка осталась в другом костюме, - сказали вы, медленно отходя от малока.
- Но ты же вернешься за мной?
- Конечно, дружище, конечно...
Пожалуй, стоит поскорее смотаться, пока малок не превратился в какого-нибудь монстра."	"Quest Gluki.qmm: jumps.343.description. Preserve every <tag> exactly."	"Quest,Gluki"	""
"/quests/Gluki.qmm/jumps/344/description"	"Сделав несколько шагов, вы почувствовали, что рядом кто-то есть. Замерев у стены, вы прислушались, ожидая развязки. Ничего не происходило. Ну же, выходи, подначивали вы. Но все было тихо. Показалось, решили вы, смахивая проступивший на лбу холодный пот."	"Quest Gluki.qmm: jumps.344.description. Preserve every <tag> exactly."	"Quest,Gluki"	""
"/quests/Gluki.qmm/jumps/345/description"	"Почти дойдя до цели, вы заметили небольшую дверцу в подсобном помещении. Вам очень захотелось ее открыть, так сильно, что невозможно было противиться. Когда вы осуществили свое желание, в общем, ничего страшного не произошло. Только поднялась куча пыли, которая, как оказалось, серьезно мешает дышать. Но ничего, рейнджеры и не так платили за свое любопытство!"	"Quest Gluki.qmm: jumps.345.description. Preserve every <tag> exactly."	"Quest,Gluki"	""
"/quests/Gluki.qmm/jumps/346/description"	"Почти дойдя до цели, вы услышали какой-то гул, исходящий из земли. В раздумьях, что бы это могло быть, вы пытались определить источник. Гул все нарастал, казалось, источником является вся планета <ToPlanet>. Кто знает, возможно, так оно и было. Вы закрыли уши и зажмурились, надеясь, что это поможет избавиться от навязчивого шума. Как ни странно, это помогло. Через минуту все было как и раньше."	"Quest Gluki.qmm: jumps.346.description. Preserve every <tag> exactly."	"Quest,Gluki"	""
"/quests/Gluki.qmm/jumps/347/description"	"Сделав несколько шагов, вы услышали жужжание. Интересно, что бы это могло быть? - думали вы, идя на звук. Звук привел вас к небольшому оконцу в служебном помещении, больше всего походившем на погреб. Выдохнув, вы отворили окно. Тотчас же оттуда вылетел рой жужжащих созданий и... нет, они не стали вас атаковать. Они просто полетели прочь. Правда, одно из созданий подлетело к вам вплотную и продекларировало:
- Жжж-жжж-жжжжжжж! Жж-жжжж-ж! Жжжжж!
Брр, потрясли вы головой, заодно протирая глаза. Вдаль улетала туча насекомоподобных жужастиков, как вы их окрестили. А на вашей руке красовался укус, оставленный на память одним из этих замечательных созданий."	"Quest Gluki.qmm: jumps.347.description. Preserve every <tag> exactly."	"Quest,Gluki"	""
"/quests/Gluki.qmm/jumps/348/text"	"Стоять на месте"	"Quest Gluki.qmm: jumps.348.text. Preserve every <tag> exactly."	"Quest,Gluki"	""
"/quests/Gluki.qmm/jumps/349/text"	"Медленно пойти вперед"	"Quest Gluki.qmm: jumps.349.text. Preserve every <tag> exactly."	"Quest,Gluki"	""
"/quests/Gluki.qmm/jumps/350/text"	"Побежать вперед"	"Quest Gluki.qmm: jumps.350.text. Preserve every <tag> exactly."	"Quest,Gluki"	""
"/quests/Gluki.qmm/jumps/351/text"	"Медленно пойти вперед"	"Quest Gluki.qmm: jumps.351.text. Preserve every <tag> exactly."	"Quest,Gluki"	""
"/quests/Gluki.qmm/jumps/351/description"	"Вы сделали шаг вперед и ощутили, что мир такой, каким он и должен быть. Ура, вы вырвались из наваждения!"	"Quest Gluki.qmm: jumps.351.description. Preserve every <tag> exactly."	"Quest,Gluki"	""
"/quests/Gluki.qmm/jumps/352/text"	"Побежать вперед"	"Quest Gluki.qmm: jumps.352.text. Preserve every <tag> exactly."	"Quest,Gluki"	""
"/quests/Gluki.qmm/jumps/352/description"	"Сделав пару громадных прыжков, вы словно вывалились в другое измерением. Вернее, вывалились из него. В нормальный и привычный мир. Ура, небольшая, но убедительная победа за вами!"	"Quest Gluki.qmm: jumps.352.description. Preserve every <tag> exactly."	"Quest,Gluki"	""
"/quests/Gluki.qmm/jumps/353/text"	"Стоять на месте"	"Quest Gluki.qmm: jumps.353.text. Preserve every <tag> exactly."	"Quest,Gluki"	""
"/quests/Gluki.qmm/jumps/353/description"	"Сейчас это должно прекратиться, убеждали вы себя. Несмотря на то, что эту фразу вы твердили уже довольно долгое время, вы все еще верили в то, что это произойдет. И ваши ожидания оправдались - мир стал таким, каким вы привыкли его видеть. Ура!"	"Quest Gluki.qmm: jumps.353.description. Preserve every <tag> exactly."	"Quest,Gluki"	""
"/quests/Gluki.qmm/jumps/354/description"	"Вы решили, что лучшим решением будет оставаться на месте в ожидании, когда все прекратится. Нельзя сказать, что ничего прекращаться не собиралось, но вы явственно чувствовали, как ваша психика подвергается атакам, а мир становился реальным не слишком быстро."	"Quest Gluki.qmm: jumps.354.description. Preserve every <tag> exactly."	"Quest,Gluki"	""
"/quests/Gluki.qmm/jumps/355/description"	"Вы осторожно сделали шаг. Земля не провалилась, а небеса не разверзлись. И то хорошо. В приободренном настроении вы сделали еще пару шагов, чуть было не подвернув ногу на ровном месте. Краски мира потихоньку становились реальнее - это обнадеживало."	"Quest Gluki.qmm: jumps.355.description. Preserve every <tag> exactly. English reference: Вы острожно сделали шаг. Земля не провалилась, а небеса не разверзлись. И то хорошо. В приободренном настроении вы сделали еще пару шагов, чуть было не подвернув ногу на ровном месте. Краски мира потихоньку становились реальнее - это обнадеживало."	"Quest,Gluki"	""
"/quests/Gluki.qmm/jumps/356/description"	"Бежать-бежать! - пронеслось в голове, и вы принялись исполнять план побега. К сожалению, нереальность была везде. Вам пришлось бы сбежать с планеты <ToPlanet>, но без звездолета это было крайне затруднительным. Тем не менее, вы бежали, пока не уперлись в невидимую стену. Точнее, пока не врезались в нее. Что это еще такое? Пощупав руками предположительное место нахождения преграды, вы убедились, что там ничего нет. Ну и чертовщина... С другой стороны, нереальные краски мира потихоньку рассеивались, что не могло не радовать."	"Quest Gluki.qmm: jumps.356.description. Preserve every <tag> exactly."	"Quest,Gluki"	""
"/quests/Gluki.qmm/jumps/357/text"	"Сосредоточиться"	"Quest Gluki.qmm: jumps.357.text. Preserve every <tag> exactly."	"Quest,Gluki"	""
"/quests/Gluki.qmm/jumps/358/description"	"Вы сели в какую-то позу, название которой вы не помнили, но про которую любили говорить многие ксеноксиологи. Попытки отстраниться от мира получались не очень удачные - вам не давало покоя то, что вокруг вас происходит что-то непонятное. Это непонятное сильно давило на сознание, наверное, стремясь сделать его таким же несвязным. Тем не менее, после ряда упражнений краски мира стали <clr>более реальными<clrEnd>."	"Quest Gluki.qmm: jumps.358.description. Preserve every <tag> exactly."	"Quest,Gluki"	""
"/quests/Gluki.qmm/jumps/359/description"	"Вы сели в какую-то позу, название которой вы не помнили, но про которую любили говорить многие ксеноксиологи. Попытки отстраниться от мира получались довольно неплохие, но вам не давало покоя то, что вокруг вас происходит что-то непонятное. Это непонятное пыталось давить на ваше сознание, наверное, стремя сделать его таким же несвязным. Тем не менее, после ряда упражнений краски мира стали <clr>более реальными<clrEnd>."	"Quest Gluki.qmm: jumps.359.description. Preserve every <tag> exactly."	"Quest,Gluki"	""
"/quests/Gluki.qmm/jumps/360/text"	"Погрузиться в медитацию"	"Quest Gluki.qmm: jumps.360.text. Preserve every <tag> exactly."	"Quest,Gluki"	""
"/quests/Gluki.qmm/jumps/361/description"	"Вы вспомнили о рейнджерской спецподготовке и погрузились в медитативное состояние, прямо как на тренировке. Удивительно, но даже сквозь опущенные веки вы видели, как <clr>мир<clrEnd> вокруг <clr>становится<clrEnd> все более <clr>реальным<clrEnd>. Это все планета <ToPlanet>, рейнджер <Ranger> сильнее, повторяли вы заклинание. И оно, похоже, работало."	"Quest Gluki.qmm: jumps.361.description. Preserve every <tag> exactly."	"Quest,Gluki"	""
"/quests/Gluki.qmm/jumps/362/text"	"Использовать колбу ""Т"""	"Quest Gluki.qmm: jumps.362.text. Preserve every <tag> exactly."	"Quest,Gluki"	""
"/quests/Gluki.qmm/jumps/363/description"	"Вы открыли колбу с меткой ""Т"" и залпом выпили содержимое. Как вода. Но самочувствие улучшилось."	"Quest Gluki.qmm: jumps.363.description. Preserve every <tag> exactly."	"Quest,Gluki"	""
"/quests/Gluki.qmm/jumps/364/text"	"Использовать колбу ""Т"""	"Quest Gluki.qmm: jumps.364.text. Preserve every <tag> exactly."	"Quest,Gluki"	""
"/quests/Gluki.qmm/jumps/365/description"	"Вы открыли колбу с меткой ""Т"" и залпом выпили содержимое. Как вода. Но самочувствие улучшилось."	"Quest Gluki.qmm: jumps.365.description. Preserve every <tag> exactly."	"Quest,Gluki"	""
"/quests/Gluki.qmm/jumps/366/text"	"Использовать колбу ""Т"""	"Quest Gluki.qmm: jumps.366.text. Preserve every <tag> exactly."	"Quest,Gluki"	""
"/quests/Gluki.qmm/jumps/367/description"	"Вы открыли колбу с меткой ""Т"" и залпом выпили содержимое. Как вода. Но самочувствие улучшилось."	"Quest Gluki.qmm: jumps.367.description. Preserve every <tag> exactly."	"Quest,Gluki"	""
"/quests/Gluki.qmm/jumps/368/text"	"Использовать колбу ""Т"""	"Quest Gluki.qmm: jumps.368.text. Preserve every <tag> exactly."	"Quest,Gluki"	""
"/quests/Gluki.qmm/jumps/369/description"	"Вы открыли колбу с меткой ""Т"" и залпом выпили содержимое. Как вода. Но самочувствие улучшилось."	"Quest Gluki.qmm: jumps.369.description. Preserve every <tag> exactly."	"Quest,Gluki"	""
"/quests/Gluki.qmm/jumps/370/text"	"Использовать колбу ""Т"""	"Quest Gluki.qmm: jumps.370.text. Preserve every <tag> exactly."	"Quest,Gluki"	""
"/quests/Gluki.qmm/jumps/371/description"	"Вы открыли колбу с меткой ""Т"" и залпом выпили содержимое. Как вода. Но самочувствие улучшилось."	"Quest Gluki.qmm: jumps.371.description. Preserve every <tag> exactly."	"Quest,Gluki"	""
"/quests/Gluki.qmm/jumps/372/text"	"Выйти из комнаты"	"Quest Gluki.qmm: jumps.372.text. Preserve every <tag> exactly."	"Quest,Gluki"	""
"/quests/Gluki.qmm/jumps/372/description"	"Вы подумали, что неплохо бы подзарядить свой бластер, но, посмотрев на заряд батареи, решили, что делать это незачем. Зато сюда можно вернуться, когда подзарядка действительно понадобится. По крайней мере, вы на это надеялись, выходя из комнаты."	"Quest Gluki.qmm: jumps.372.description. Preserve every <tag> exactly."	"Quest,Gluki"	""
"/quests/Gluki.qmm/jumps/373/text"	"Почитать инструкцию по эксплуатации"	"Quest Gluki.qmm: jumps.373.text. Preserve every <tag> exactly."	"Quest,Gluki"	""
"/quests/Gluki.qmm/jumps/374/description"	"Решив на всякий случай прочитать инструкцию, вы обнаружили следующее:

""Базовый синтезатор ТХ-8.0 позволяет синтезировать регенерирующие (Т) и деструкцирующие (Х) растворы. Конечные свойства раствора определяются количеством задействованных реагентов. Всего имеется 5 видов реагентов:
т - базовый регенерирующий реагент,
Т- усиленный регенерирующий реагент,
х - базовый деструкцирующий реагент,
Х - усиленный деструкцирующий реагент,
тх - безразличный реагент.

Всего в базовой комплектации возможна загрузка до 5 реагентов каждого вида в емкость для реагентов, а для успешного создания раствора в реагенной камере должно находиться 4 или 5 реагентов""."	"Quest Gluki.qmm: jumps.374.description. Preserve every <tag> exactly."	"Quest,Gluki"	""
