"identifier"	"source_phrase"	"context"	"labels"	"be"
"/quests/Muzon.qmm/parameters/0/name"	"time"	"Quest Muzon.qmm: parameters.0.name. Preserve every <tag> exactly."	"Quest,Muzon"	"час"
"/quests/Muzon.qmm/parameters/0/lines/0/content"	"Утро"	"Quest Muzon.qmm: parameters.0.lines.0.content. Preserve every <tag> exactly. English reference: Morning"	"Quest,Muzon"	"Раніца"
"/quests/Muzon.qmm/parameters/0/lines/1/content"	"День"	"Quest Muzon.qmm: parameters.0.lines.1.content. Preserve every <tag> exactly. English reference: Day"	"Quest,Muzon"	"Дзень"
"/quests/Muzon.qmm/parameters/0/lines/2/content"	"Вечер"	"Quest Muzon.qmm: parameters.0.lines.2.content. Preserve every <tag> exactly. English reference: Evening"	"Quest,Muzon"	"Вечар"
"/quests/Muzon.qmm/parameters/0/lines/3/content"	"Ночь"	"Quest Muzon.qmm: parameters.0.lines.3.content. Preserve every <tag> exactly. English reference: Night"	"Quest,Muzon"	"Ноч"
"/quests/Muzon.qmm/parameters/0/lines/4/content"	"Ночь (хочется спать)"	"Quest Muzon.qmm: parameters.0.lines.4.content. Preserve every <tag> exactly. English reference: Night (you feel sleepy)"	"Quest,Muzon"	"Ноч (хочацца спаць)"
"/quests/Muzon.qmm/parameters/0/lines/5/content"	"Ночь (<clr>сильно хочется спать!!!<clrEnd>)"	"Quest Muzon.qmm: parameters.0.lines.5.content. Preserve every <tag> exactly. English reference: Night (<clr>you feel very sleepy!!!<clrEnd>)"	"Quest,Muzon"	"Ноч (<clr>моцна хочацца спаць!!!<clrEnd>)"
"/quests/Muzon.qmm/parameters/0/crit_text"	"Вы так устали, что свалились и уснули прямо там, где были. Охранники вас подобрали как бомжа и доставили в обезьянник, где вас зарезала местная братва..."	"Quest Muzon.qmm: parameters.0.crit_text. Preserve every <tag> exactly. English reference: You were so tired, that you fell asleep right where you were standing. The guards thought you were a tramp and delivered you to the police station, where the local hoodlums in you cell cut your throat..."	"Quest,Muzon"	"Вы так стаміліся, што зваліліся і заснулі прама там, дзе былі. Ахоўнікі падабралі вас як бяздомнага і даставілі ў ізалятар, дзе вас зарэзала мясцовая банда..."
"/quests/Muzon.qmm/parameters/1/name"	"Фест"	"Quest Muzon.qmm: parameters.1.name. Preserve every <tag> exactly. English reference: Fest"	"Quest,Muzon"	"Фэст"
"/quests/Muzon.qmm/parameters/1/lines/0/content"	"Концерт сегодня"	"Quest Muzon.qmm: parameters.1.lines.0.content. Preserve every <tag> exactly. English reference: The gig is today"	"Quest,Muzon"	"Канцэрт сёньня"
"/quests/Muzon.qmm/parameters/1/lines/1/content"	"До концерта остался <> день"	"Quest Muzon.qmm: parameters.1.lines.1.content. Preserve every <tag> exactly. English reference: <> days left till the gig"	"Quest,Muzon"	"Да канцэрту застаўся <> дзень"
"/quests/Muzon.qmm/parameters/1/lines/2/content"	"До концерта осталось <> дня"	"Quest Muzon.qmm: parameters.1.lines.2.content. Preserve every <tag> exactly. English reference: <> days left till the gig"	"Quest,Muzon"	"Да канцэрту засталося <> дні"
"/quests/Muzon.qmm/parameters/1/crit_text"	"Не знаю, где вы шлялись, но концерт уже прошел. Вы не оправдали возложенных на вас надежд и теперь с позором улетите отсюда."	"Quest Muzon.qmm: parameters.1.crit_text. Preserve every <tag> exactly."	"Quest,Muzon"	"Не ведаю, дзе вы бадзяліся, але канцэрт ужо прайшоў. Вы не апраўдалі ўскладзенага на вас даверу і цяпер са сорамам паляціце адсюль."
"/quests/Muzon.qmm/parameters/2/name"	"Бабло"	"Quest Muzon.qmm: parameters.2.name. Preserve every <tag> exactly. English reference: Money"	"Quest,Muzon"	"Грошы"
"/quests/Muzon.qmm/parameters/2/lines/0/content"	"Денег нет"	"Quest Muzon.qmm: parameters.2.lines.0.content. Preserve every <tag> exactly. English reference: No money"	"Quest,Muzon"	"Грошай няма"
"/quests/Muzon.qmm/parameters/2/lines/1/content"	"Деньги: <> рокнроллеров"	"Quest Muzon.qmm: parameters.2.lines.1.content. Preserve every <tag> exactly. English reference: Money: <> rockarollars"	"Quest,Muzon"	"Грошы: <> рокнролераў"
"/quests/Muzon.qmm/parameters/2/crit_text"	"Сообщение достижения критического значения параметром 1"	"Quest Muzon.qmm: parameters.2.crit_text. Preserve every <tag> exactly."	"Quest,Muzon"	"Паведамленьне пра дасягненьне крытычнага значэньня парамэтрам 1"
"/quests/Muzon.qmm/parameters/3/name"	"Настроение"	"Quest Muzon.qmm: parameters.3.name. Preserve every <tag> exactly. English reference: Mood"	"Quest,Muzon"	"Настрой"
"/quests/Muzon.qmm/parameters/3/lines/0/content"	"Настроение полный отстой"	"Quest Muzon.qmm: parameters.3.lines.0.content. Preserve every <tag> exactly. English reference: Your mood sucks big time"	"Quest,Muzon"	"Настрой зусім нікчэмны"
"/quests/Muzon.qmm/parameters/3/lines/1/content"	"Настроение отстойное"	"Quest Muzon.qmm: parameters.3.lines.1.content. Preserve every <tag> exactly. English reference: Your mood sucks"	"Quest,Muzon"	"Настрой нікчэмны"
"/quests/Muzon.qmm/parameters/3/lines/2/content"	"Настроение так себе"	"Quest Muzon.qmm: parameters.3.lines.2.content. Preserve every <tag> exactly. English reference: You are not in your best mood"	"Quest,Muzon"	"Настрой так сабе"
"/quests/Muzon.qmm/parameters/3/lines/3/content"	"Настроение хорошее"	"Quest Muzon.qmm: parameters.3.lines.3.content. Preserve every <tag> exactly. English reference: You are in a good mood"	"Quest,Muzon"	"Настрой добры"
"/quests/Muzon.qmm/parameters/3/lines/4/content"	"Настроение отличное"	"Quest Muzon.qmm: parameters.3.lines.4.content. Preserve every <tag> exactly. English reference: Your mood is killer"	"Quest,Muzon"	"Настрой выдатны"
"/quests/Muzon.qmm/parameters/3/crit_text"	"У вас совершенно не было настроения, для каких-либо действий. Оставшиеся дни вы просто провалялись в гостинице смотря стереовизор."	"Quest Muzon.qmm: parameters.3.crit_text. Preserve every <tag> exactly."	"Quest,Muzon"	"У вас зусім не было настрою на якія-небудзь дзеяньні. Астатнія дні вы проста праляжалі ў гатэлі, гледзячы стэрэавізар."
"/quests/Muzon.qmm/parameters/4/name"	"Пьяность"	"Quest Muzon.qmm: parameters.4.name. Preserve every <tag> exactly. English reference: Drunkenness"	"Quest,Muzon"	"П'янства"
"/quests/Muzon.qmm/parameters/4/lines/0/content"	"Вы трезвый"	"Quest Muzon.qmm: parameters.4.lines.0.content. Preserve every <tag> exactly. English reference: You're sober"	"Quest,Muzon"	"Вы цьвярозы"
"/quests/Muzon.qmm/parameters/4/lines/1/content"	"Вы слегка под мухой"	"Quest Muzon.qmm: parameters.4.lines.1.content. Preserve every <tag> exactly. English reference: You are a bit tipsy"	"Quest,Muzon"	"Вы крыху нападпітку"
"/quests/Muzon.qmm/parameters/4/lines/2/content"	"Вас козявит"	"Quest Muzon.qmm: parameters.4.lines.2.content. Preserve every <tag> exactly. English reference: You are a bit drunk"	"Quest,Muzon"	"Вас гойдае"
"/quests/Muzon.qmm/parameters/4/lines/3/content"	"Вы пьяный"	"Quest Muzon.qmm: parameters.4.lines.3.content. Preserve every <tag> exactly. English reference: You're drunk"	"Quest,Muzon"	"Вы п'яны"
"/quests/Muzon.qmm/parameters/4/lines/4/content"	"Вас круто штормит"	"Quest Muzon.qmm: parameters.4.lines.4.content. Preserve every <tag> exactly. English reference: You're hammered"	"Quest,Muzon"	"Вас моцна калыша"
"/quests/Muzon.qmm/parameters/4/lines/5/content"	"Вы потеряли сознание"	"Quest Muzon.qmm: parameters.4.lines.5.content. Preserve every <tag> exactly. English reference: You passed out"	"Quest,Muzon"	"Вы страцілі прытомнасьць"
"/quests/Muzon.qmm/parameters/4/crit_text"	"Вы напились и отправились на прогулку по городу. Может быть, если бы вы не орали во весь голос фразы типа: ""Все мутанты!"" и ""Виват анархия!"", то остались бы живы, и не были бы убиты местной шпаной."	"Quest Muzon.qmm: parameters.4.crit_text. Preserve every <tag> exactly. English reference: You got drunk and went for a walk about the city. Maybe, if you had not been screaming something like: ""Your problem is you!"" and ""I wanna be an Anarchist!"", you would have stayed alive, and the local rabbles wouldn't have slit your throat."	"Quest,Muzon"	"Вы напіліся і пайшлі прагуляцца па горадзе. Можа, калі б вы не крычалі на ўвесь голас фразы кшталту: ""Усе мутанты!"" і ""Віват анархія!"", то засталіся б жывыя, і вас не забіла б мясцовая шпана."
"/quests/Muzon.qmm/parameters/5/name"	"Тату дракона"	"Quest Muzon.qmm: parameters.5.name. Preserve every <tag> exactly. English reference: Dragon tattoo"	"Quest,Muzon"	"Тату цмока"
"/quests/Muzon.qmm/parameters/5/lines/1/content"	"На вас тату дракона"	"Quest Muzon.qmm: parameters.5.lines.1.content. Preserve every <tag> exactly. English reference: You have a dragon tat"	"Quest,Muzon"	"На вас тату цмока"
"/quests/Muzon.qmm/parameters/5/lines/2/content"	"На вас тату гитары"	"Quest Muzon.qmm: parameters.5.lines.2.content. Preserve every <tag> exactly. English reference: You have a guitar tat"	"Quest,Muzon"	"На вас тату гітары"
"/quests/Muzon.qmm/parameters/5/lines/3/content"	"На вас тату дракона и гитары"	"Quest Muzon.qmm: parameters.5.lines.3.content. Preserve every <tag> exactly. English reference: You have dragon and guitar tats"	"Quest,Muzon"	"На вас тату цмока і гітары"
"/quests/Muzon.qmm/parameters/5/crit_text"	"Вы так устали, что уснули прямо здесь. Наутро вас подобрала полиция и привела вас в участок, с просьбой покинуть планету <ToPlanet> всвязи с отклоненным от нормы поведением. Миссия была провалена."	"Quest Muzon.qmm: parameters.5.crit_text. Preserve every <tag> exactly."	"Quest,Muzon"	"Вы так стаміліся, што заснулі прама тут. Раніцай вас падабрала паліцыя і прывяла ў участак з просьбай пакінуць плянэту <ToPlanet> праз паводзіны, адхіленыя ад нормы. Місія была праваленая."
"/quests/Muzon.qmm/parameters/6/name"	"Пирсинг"	"Quest Muzon.qmm: parameters.6.name. Preserve every <tag> exactly. English reference: Piercing"	"Quest,Muzon"	"Пірсінг"
"/quests/Muzon.qmm/parameters/6/lines/1/content"	"У вас проколото ухо"	"Quest Muzon.qmm: parameters.6.lines.1.content. Preserve every <tag> exactly. English reference: You ear is pierced"	"Quest,Muzon"	"У вас прабітае вуха"
"/quests/Muzon.qmm/parameters/6/crit_text"	"Сообщение достижения критического значения параметром 4"	"Quest Muzon.qmm: parameters.6.crit_text. Preserve every <tag> exactly."	"Quest,Muzon"	"Паведамленьне пра дасягненьне крытычнага значэньня парамэтрам 4"
"/quests/Muzon.qmm/parameters/7/name"	"линия"	"Quest Muzon.qmm: parameters.7.name. Preserve every <tag> exactly. English reference: Line"	"Quest,Muzon"	"лінія"
"/quests/Muzon.qmm/parameters/7/crit_text"	"Сообщение достижения критического значения параметром 12"	"Quest Muzon.qmm: parameters.7.crit_text. Preserve every <tag> exactly."	"Quest,Muzon"	"Паведамленьне пра дасягненьне крытычнага значэньня парамэтрам 12"
"/quests/Muzon.qmm/parameters/8/name"	"Вокалист"	"Quest Muzon.qmm: parameters.8.name. Preserve every <tag> exactly. English reference: Singer"	"Quest,Muzon"	"Вакаліст"
"/quests/Muzon.qmm/parameters/8/lines/0/content"	"Вы отстойный вокалист"	"Quest Muzon.qmm: parameters.8.lines.0.content. Preserve every <tag> exactly. English reference: You suck as a singer"	"Quest,Muzon"	"Вы нікчэмны вакаліст"
"/quests/Muzon.qmm/parameters/8/lines/1/content"	"Вы средний вокалист"	"Quest Muzon.qmm: parameters.8.lines.1.content. Preserve every <tag> exactly. English reference: You are an average singer"	"Quest,Muzon"	"Вы сярэдні вакаліст"
"/quests/Muzon.qmm/parameters/8/lines/2/content"	"Вы хороший вокалист"	"Quest Muzon.qmm: parameters.8.lines.2.content. Preserve every <tag> exactly. English reference: You're a good singer"	"Quest,Muzon"	"Вы добры вакаліст"
"/quests/Muzon.qmm/parameters/8/lines/3/content"	"Вы отличный вокалист"	"Quest Muzon.qmm: parameters.8.lines.3.content. Preserve every <tag> exactly. English reference: You're a killer singer"	"Quest,Muzon"	"Вы выдатны вакаліст"
"/quests/Muzon.qmm/parameters/8/crit_text"	"Сообщение достижения критического значения параметром 7"	"Quest Muzon.qmm: parameters.8.crit_text. Preserve every <tag> exactly."	"Quest,Muzon"	"Паведамленьне пра дасягненьне крытычнага значэньня парамэтрам 7"
"/quests/Muzon.qmm/parameters/9/name"	"Гитарист"	"Quest Muzon.qmm: parameters.9.name. Preserve every <tag> exactly. English reference: Guitarist"	"Quest,Muzon"	"Гітарыст"
"/quests/Muzon.qmm/parameters/9/lines/0/content"	"Гитариста НЕТ"	"Quest Muzon.qmm: parameters.9.lines.0.content. Preserve every <tag> exactly. English reference: NO Guitarist"	"Quest,Muzon"	"Гітарыста НЯМА"
"/quests/Muzon.qmm/parameters/9/lines/1/content"	"Гитарист плохой"	"Quest Muzon.qmm: parameters.9.lines.1.content. Preserve every <tag> exactly. English reference: The guitarist sucks"	"Quest,Muzon"	"Гітарыст дрэнны"
"/quests/Muzon.qmm/parameters/9/lines/2/content"	"Гитарист средний"	"Quest Muzon.qmm: parameters.9.lines.2.content. Preserve every <tag> exactly. English reference: The guitarist is average"	"Quest,Muzon"	"Гітарыст сярэдні"
"/quests/Muzon.qmm/parameters/9/lines/3/content"	"Гитарист хороший"	"Quest Muzon.qmm: parameters.9.lines.3.content. Preserve every <tag> exactly. English reference: The guitarist is good"	"Quest,Muzon"	"Гітарыст добры"
"/quests/Muzon.qmm/parameters/9/lines/4/content"	"Гитарист отличный"	"Quest Muzon.qmm: parameters.9.lines.4.content. Preserve every <tag> exactly. English reference: The guitarist is killer"	"Quest,Muzon"	"Гітарыст выдатны"
"/quests/Muzon.qmm/parameters/9/crit_text"	"Сообщение достижения критического значения параметром 8"	"Quest Muzon.qmm: parameters.9.crit_text. Preserve every <tag> exactly."	"Quest,Muzon"	"Паведамленьне пра дасягненьне крытычнага значэньня парамэтрам 8"
"/quests/Muzon.qmm/parameters/10/name"	"Клавишник"	"Quest Muzon.qmm: parameters.10.name. Preserve every <tag> exactly. English reference: Keyboardist"	"Quest,Muzon"	"Клавішнік"
"/quests/Muzon.qmm/parameters/10/lines/0/content"	"Клавишника НЕТ"	"Quest Muzon.qmm: parameters.10.lines.0.content. Preserve every <tag> exactly. English reference: NO keyboardist"	"Quest,Muzon"	"Клавішніка НЯМА"
"/quests/Muzon.qmm/parameters/10/lines/1/content"	"Клавишник плохой"	"Quest Muzon.qmm: parameters.10.lines.1.content. Preserve every <tag> exactly. English reference: The keyboardist sucks"	"Quest,Muzon"	"Клавішнік дрэнны"
"/quests/Muzon.qmm/parameters/10/lines/2/content"	"Клавишник средний"	"Quest Muzon.qmm: parameters.10.lines.2.content. Preserve every <tag> exactly. English reference: The keyboardist is average"	"Quest,Muzon"	"Клавішнік сярэдні"
"/quests/Muzon.qmm/parameters/10/lines/3/content"	"Клавишник хороший"	"Quest Muzon.qmm: parameters.10.lines.3.content. Preserve every <tag> exactly. English reference: The keyboardist is good"	"Quest,Muzon"	"Клавішнік добры"
"/quests/Muzon.qmm/parameters/10/lines/4/content"	"Клавишник отличный"	"Quest Muzon.qmm: parameters.10.lines.4.content. Preserve every <tag> exactly. English reference: The keyboardist is killer"	"Quest,Muzon"	"Клавішнік выдатны"
"/quests/Muzon.qmm/parameters/10/crit_text"	"Сообщение достижения критического значения параметром 9"	"Quest Muzon.qmm: parameters.10.crit_text. Preserve every <tag> exactly."	"Quest,Muzon"	"Паведамленьне пра дасягненьне крытычнага значэньня парамэтрам 9"
"/quests/Muzon.qmm/parameters/11/name"	"Басист"	"Quest Muzon.qmm: parameters.11.name. Preserve every <tag> exactly. English reference: Bass-player"	"Quest,Muzon"	"Басіст"
"/quests/Muzon.qmm/parameters/11/lines/0/content"	"Бас-гитариста НЕТ"	"Quest Muzon.qmm: parameters.11.lines.0.content. Preserve every <tag> exactly. English reference: NO bass-player"	"Quest,Muzon"	"Бас-гітарыста НЯМА"
"/quests/Muzon.qmm/parameters/11/lines/1/content"	"Бас-гитарист плохой"	"Quest Muzon.qmm: parameters.11.lines.1.content. Preserve every <tag> exactly. English reference: The bass-player sucks"	"Quest,Muzon"	"Басіст дрэнны"
"/quests/Muzon.qmm/parameters/11/lines/2/content"	"Бас-гитарист средний"	"Quest Muzon.qmm: parameters.11.lines.2.content. Preserve every <tag> exactly. English reference: The bass-player is average"	"Quest,Muzon"	"Басіст сярэдні"
"/quests/Muzon.qmm/parameters/11/lines/3/content"	"Бас-гитарист хороший"	"Quest Muzon.qmm: parameters.11.lines.3.content. Preserve every <tag> exactly. English reference: The bass-player is good"	"Quest,Muzon"	"Басіст добры"
"/quests/Muzon.qmm/parameters/11/lines/4/content"	"Бас-гитарист отличный"	"Quest Muzon.qmm: parameters.11.lines.4.content. Preserve every <tag> exactly. English reference: The bass-player is killer"	"Quest,Muzon"	"Басіст выдатны"
"/quests/Muzon.qmm/parameters/11/crit_text"	"Сообщение достижения критического значения параметром 10"	"Quest Muzon.qmm: parameters.11.crit_text. Preserve every <tag> exactly."	"Quest,Muzon"	"Паведамленьне пра дасягненьне крытычнага значэньня парамэтрам 10"
"/quests/Muzon.qmm/parameters/12/name"	"Ударник"	"Quest Muzon.qmm: parameters.12.name. Preserve every <tag> exactly. English reference: Drummer"	"Quest,Muzon"	"Бубнач"
"/quests/Muzon.qmm/parameters/12/lines/0/content"	"Ударника НЕТ"	"Quest Muzon.qmm: parameters.12.lines.0.content. Preserve every <tag> exactly. English reference: NO drummer"	"Quest,Muzon"	"Бубнача НЯМА"
"/quests/Muzon.qmm/parameters/12/lines/1/content"	"Ударник плохой"	"Quest Muzon.qmm: parameters.12.lines.1.content. Preserve every <tag> exactly. English reference: The drummer sucks"	"Quest,Muzon"	"Бубнач дрэнны"
"/quests/Muzon.qmm/parameters/12/lines/2/content"	"Ударник средний"	"Quest Muzon.qmm: parameters.12.lines.2.content. Preserve every <tag> exactly. English reference: The drummer is average"	"Quest,Muzon"	"Бубнач сярэдні"
"/quests/Muzon.qmm/parameters/12/lines/3/content"	"Ударник хороший"	"Quest Muzon.qmm: parameters.12.lines.3.content. Preserve every <tag> exactly. English reference: The drummer is good"	"Quest,Muzon"	"Бубнач добры"
"/quests/Muzon.qmm/parameters/12/lines/4/content"	"Ударник отличный"	"Quest Muzon.qmm: parameters.12.lines.4.content. Preserve every <tag> exactly. English reference: The drummer is killer"	"Quest,Muzon"	"Бубнач выдатны"
"/quests/Muzon.qmm/parameters/12/crit_text"	"Сообщение достижения критического значения параметром 18"	"Quest Muzon.qmm: parameters.12.crit_text. Preserve every <tag> exactly."	"Quest,Muzon"	"Паведамленьне пра дасягненьне крытычнага значэньня парамэтрам 18"
"/quests/Muzon.qmm/parameters/13/name"	"Мастерство группы"	"Quest Muzon.qmm: parameters.13.name. Preserve every <tag> exactly. English reference: Band skill"	"Quest,Muzon"	"Майстэрства гурту"
"/quests/Muzon.qmm/parameters/13/lines/0/content"	"Звучание группы: плохое"	"Quest Muzon.qmm: parameters.13.lines.0.content. Preserve every <tag> exactly. English reference: Band sound: sucks"	"Quest,Muzon"	"Гук гурту: дрэнны"
"/quests/Muzon.qmm/parameters/13/lines/1/content"	"Звучание группы: среднее"	"Quest Muzon.qmm: parameters.13.lines.1.content. Preserve every <tag> exactly. English reference: Band sound: average"	"Quest,Muzon"	"Гук гурту: сярэдні"
"/quests/Muzon.qmm/parameters/13/lines/2/content"	"Звучание группы: хорошее"	"Quest Muzon.qmm: parameters.13.lines.2.content. Preserve every <tag> exactly. English reference: Band sound: good"	"Quest,Muzon"	"Гук гурту: добры"
"/quests/Muzon.qmm/parameters/13/lines/3/content"	"Звучание группы: отличное"	"Quest Muzon.qmm: parameters.13.lines.3.content. Preserve every <tag> exactly. English reference: Band sound: killer"	"Quest,Muzon"	"Гук гурту: выдатны"
"/quests/Muzon.qmm/parameters/13/lines/4/content"	"Звучание группы: супер"	"Quest Muzon.qmm: parameters.13.lines.4.content. Preserve every <tag> exactly. English reference: Band sound: super"	"Quest,Muzon"	"Гук гурту: найлепшы"
"/quests/Muzon.qmm/parameters/13/lines/5/content"	"Звучание группы: уникально!!!"	"Quest Muzon.qmm: parameters.13.lines.5.content. Preserve every <tag> exactly. English reference: Band sound: unique!!!"	"Quest,Muzon"	"Гук гурту: унікальны!!!"
"/quests/Muzon.qmm/parameters/13/crit_text"	"Сообщение достижения критического значения параметром 6"	"Quest Muzon.qmm: parameters.13.crit_text. Preserve every <tag> exactly."	"Quest,Muzon"	"Паведамленьне пра дасягненьне крытычнага значэньня парамэтрам 6"
"/quests/Muzon.qmm/parameters/14/name"	"репетиция в студии"	"Quest Muzon.qmm: parameters.14.name. Preserve every <tag> exactly. English reference: rehearsal in the studio"	"Quest,Muzon"	"рэпэтыцыя ў студыі"
"/quests/Muzon.qmm/parameters/14/lines/0/content"	"У ВАС ЕСТЬ:"	"Quest Muzon.qmm: parameters.14.lines.0.content. Preserve every <tag> exactly. English reference: You have:"	"Quest,Muzon"	"У ВАС ЁСЬЦЬ:"
"/quests/Muzon.qmm/parameters/14/crit_text"	"Сообщение достижения критического значения параметром 13"	"Quest Muzon.qmm: parameters.14.crit_text. Preserve every <tag> exactly."	"Quest,Muzon"	"Паведамленьне пра дасягненьне крытычнага значэньня парамэтрам 13"
"/quests/Muzon.qmm/parameters/15/name"	"Палки"	"Quest Muzon.qmm: parameters.15.name. Preserve every <tag> exactly. English reference: Sticks"	"Quest,Muzon"	"Палачкі"
"/quests/Muzon.qmm/parameters/15/lines/1/content"	"Барабанные палки"	"Quest Muzon.qmm: parameters.15.lines.1.content. Preserve every <tag> exactly. English reference: Drumsticks"	"Quest,Muzon"	"Барабанныя палачкі"
"/quests/Muzon.qmm/parameters/16/name"	"Струны"	"Quest Muzon.qmm: parameters.16.name. Preserve every <tag> exactly. English reference: Strings"	"Quest,Muzon"	"Струны"
"/quests/Muzon.qmm/parameters/16/lines/1/content"	"Гитарные струны"	"Quest Muzon.qmm: parameters.16.lines.1.content. Preserve every <tag> exactly. English reference: Guitar strings"	"Quest,Muzon"	"Гітарныя струны"
"/quests/Muzon.qmm/parameters/16/crit_text"	"Сообщение достижения критического значения параметром 14"	"Quest Muzon.qmm: parameters.16.crit_text. Preserve every <tag> exactly."	"Quest,Muzon"	"Паведамленьне пра дасягненьне крытычнага значэньня парамэтрам 14"
"/quests/Muzon.qmm/parameters/17/name"	"Книга в подарок"	"Quest Muzon.qmm: parameters.17.name. Preserve every <tag> exactly. English reference: Book as a present"	"Quest,Muzon"	"Кніга ў падарунак"
"/quests/Muzon.qmm/parameters/17/lines/1/content"	"Книга поэзии"	"Quest Muzon.qmm: parameters.17.lines.1.content. Preserve every <tag> exactly. English reference: Book of poems"	"Quest,Muzon"	"Кніга паэзіі"
"/quests/Muzon.qmm/parameters/17/crit_text"	"Сообщение достижения критического значения параметром 3"	"Quest Muzon.qmm: parameters.17.crit_text. Preserve every <tag> exactly."	"Quest,Muzon"	"Паведамленьне пра дасягненьне крытычнага значэньня парамэтрам 3"
"/quests/Muzon.qmm/parameters/18/name"	"Песенка для заказа"	"Quest Muzon.qmm: parameters.18.name. Preserve every <tag> exactly. English reference: A song order"	"Quest,Muzon"	"Песьня на заказ"
"/quests/Muzon.qmm/parameters/18/lines/1/content"	"Песня трехминутная"	"Quest Muzon.qmm: parameters.18.lines.1.content. Preserve every <tag> exactly. English reference: Three minute song"	"Quest,Muzon"	"Песьня на тры хвіліны"
"/quests/Muzon.qmm/parameters/18/lines/2/content"	"Песня пятиминутная"	"Quest Muzon.qmm: parameters.18.lines.2.content. Preserve every <tag> exactly. English reference: Five minute song"	"Quest,Muzon"	"Песьня на пяць хвілінаў"
"/quests/Muzon.qmm/parameters/18/lines/3/content"	"Песня шестиминутная"	"Quest Muzon.qmm: parameters.18.lines.3.content. Preserve every <tag> exactly. English reference: Six minute song"	"Quest,Muzon"	"Песьня на шэсьць хвілінаў"
"/quests/Muzon.qmm/parameters/18/lines/4/content"	"Песня семиминутная"	"Quest Muzon.qmm: parameters.18.lines.4.content. Preserve every <tag> exactly. English reference: Seven minute song"	"Quest,Muzon"	"Песьня на сем хвілінаў"
"/quests/Muzon.qmm/parameters/18/crit_text"	"Сообщение достижения критического значения параметром 11"	"Quest Muzon.qmm: parameters.18.crit_text. Preserve every <tag> exactly."	"Quest,Muzon"	"Паведамленьне пра дасягненьне крытычнага значэньня парамэтрам 11"
"/quests/Muzon.qmm/parameters/19/name"	"Заява на участие"	"Quest Muzon.qmm: parameters.19.name. Preserve every <tag> exactly. English reference: Participation request"	"Quest,Muzon"	"Заява на ўдзел"
"/quests/Muzon.qmm/parameters/19/crit_text"	"Сообщение достижения критического значения параметром 23"	"Quest Muzon.qmm: parameters.19.crit_text. Preserve every <tag> exactly."	"Quest,Muzon"	"Паведамленьне пра дасягненьне крытычнага значэньня парамэтрам 23"
"/quests/Muzon.qmm/parameters/20/name"	"Книжка ""вежливость"""	"Quest Muzon.qmm: parameters.20.name. Preserve every <tag> exactly. English reference: A book on ""Good Manners"""	"Quest,Muzon"	"Кніжка «ветлівасьць»"
"/quests/Muzon.qmm/parameters/20/lines/1/content"	"Вы знаете правила этикета"	"Quest Muzon.qmm: parameters.20.lines.1.content. Preserve every <tag> exactly. English reference: You know the rules of etiquette"	"Quest,Muzon"	"Вы ведаеце правілы этыкету"
"/quests/Muzon.qmm/parameters/20/crit_text"	"Сообщение достижения критического значения параметром 22"	"Quest Muzon.qmm: parameters.20.crit_text. Preserve every <tag> exactly."	"Quest,Muzon"	"Паведамленьне пра дасягненьне крытычнага значэньня парамэтрам 22"
"/quests/Muzon.qmm/parameters/21/name"	"Клавишник (узнал об нем)"	"Quest Muzon.qmm: parameters.21.name. Preserve every <tag> exactly. English reference: Keyboardist (you know about him)"	"Quest,Muzon"	"Клавішнік (даведаліся пра яго)"
"/quests/Muzon.qmm/parameters/21/lines/1/content"	"В бильярдной бывает клавишник"	"Quest Muzon.qmm: parameters.21.lines.1.content. Preserve every <tag> exactly. English reference: The keyboardist frequents the pool room"	"Quest,Muzon"	"У більярднай бывае клавішнік"
"/quests/Muzon.qmm/parameters/21/crit_text"	"Сообщение достижения критического значения параметром 2"	"Quest Muzon.qmm: parameters.21.crit_text. Preserve every <tag> exactly."	"Quest,Muzon"	"Паведамленьне пра дасягненьне крытычнага значэньня парамэтрам 2"
"/quests/Muzon.qmm/parameters/22/name"	"Барабанщик (если нанять)"	"Quest Muzon.qmm: parameters.22.name. Preserve every <tag> exactly."	"Quest,Muzon"	"Бубнач (калі наняць)"
"/quests/Muzon.qmm/parameters/22/crit_text"	"Сообщение достижения критического значения параметром 17"	"Quest Muzon.qmm: parameters.22.crit_text. Preserve every <tag> exactly."	"Quest,Muzon"	"Паведамленьне пра дасягненьне крытычнага значэньня парамэтрам 17"
"/quests/Muzon.qmm/parameters/23/name"	"Посетил бильярд"	"Quest Muzon.qmm: parameters.23.name. Preserve every <tag> exactly."	"Quest,Muzon"	"Наведаў більярд"
"/quests/Muzon.qmm/parameters/23/crit_text"	"Сообщение достижения критического значения параметром 26"	"Quest Muzon.qmm: parameters.23.crit_text. Preserve every <tag> exactly."	"Quest,Muzon"	"Паведамленьне пра дасягненьне крытычнага значэньня парамэтрам 26"
"/quests/Muzon.qmm/parameters/24/name"	"Бильярдное умение"	"Quest Muzon.qmm: parameters.24.name. Preserve every <tag> exactly. English reference: Pool skills"	"Quest,Muzon"	"Більярднае ўменьне"
"/quests/Muzon.qmm/parameters/24/lines/1/content"	"Вы знаете, как играть в бильярд"	"Quest Muzon.qmm: parameters.24.lines.1.content. Preserve every <tag> exactly. English reference: You know how to play pool"	"Quest,Muzon"	"Вы ведаеце, як гуляць у більярд"
"/quests/Muzon.qmm/parameters/24/crit_text"	"Сообщение достижения критического значения параметром 25"	"Quest Muzon.qmm: parameters.24.crit_text. Preserve every <tag> exactly."	"Quest,Muzon"	"Паведамленьне пра дасягненьне крытычнага значэньня парамэтрам 25"
"/quests/Muzon.qmm/parameters/25/name"	"Флаги"	"Quest Muzon.qmm: parameters.25.name. Preserve every <tag> exactly. English reference: Flags"	"Quest,Muzon"	"Сьцягі"
"/quests/Muzon.qmm/parameters/25/crit_text"	"Сообщение достижения критического значения параметром 27"	"Quest Muzon.qmm: parameters.25.crit_text. Preserve every <tag> exactly."	"Quest,Muzon"	"Паведамленьне пра дасягненьне крытычнага значэньня парамэтрам 27"
"/quests/Muzon.qmm/parameters/26/name"	"Рейтинг остальных груп"	"Quest Muzon.qmm: parameters.26.name. Preserve every <tag> exactly."	"Quest,Muzon"	"Рэйтынг астатніх гуртоў"
"/quests/Muzon.qmm/parameters/26/crit_text"	"Сообщение достижения критического значения параметром 39"	"Quest Muzon.qmm: parameters.26.crit_text. Preserve every <tag> exactly."	"Quest,Muzon"	"Паведамленьне пра дасягненьне крытычнага значэньня парамэтрам 39"
"/quests/Muzon.qmm/parameters/27/name"	"Знание о споении соперника в бильярде"	"Quest Muzon.qmm: parameters.27.name. Preserve every <tag> exactly."	"Quest,Muzon"	"Веды пра напойваньне саперніка ў більярдзе"
"/quests/Muzon.qmm/parameters/27/lines/1/content"	"Вы знаете как выиграть в бильярд"	"Quest Muzon.qmm: parameters.27.lines.1.content. Preserve every <tag> exactly."	"Quest,Muzon"	"Вы ведаеце, як выйграць у більярд"
"/quests/Muzon.qmm/parameters/27/lines/2/content"	"У вас есть бутылка коньяка"	"Quest Muzon.qmm: parameters.27.lines.2.content. Preserve every <tag> exactly."	"Quest,Muzon"	"У вас ёсьць бутэлька каньяку"
"/quests/Muzon.qmm/parameters/27/crit_text"	"Сообщение достижения критического значения параметром 28"	"Quest Muzon.qmm: parameters.27.crit_text. Preserve every <tag> exactly."	"Quest,Muzon"	"Паведамленьне пра дасягненьне крытычнага значэньня парамэтрам 28"
"/quests/Muzon.qmm/parameters/28/name"	"время на выступление"	"Quest Muzon.qmm: parameters.28.name. Preserve every <tag> exactly. English reference: Time on stage"	"Quest,Muzon"	"час на выступ"
"/quests/Muzon.qmm/parameters/28/lines/0/content"	"Осталось {[p29] div 60} мин. {[p29] mod 60} сек."	"Quest Muzon.qmm: parameters.28.lines.0.content. Preserve every <tag> exactly. English reference: {[p29] div 60} min. {[p29] mod 60} sec. left"	"Quest,Muzon"	"Засталося {[p29] div 60} мін. {[p29] mod 60} сэк."
"/quests/Muzon.qmm/parameters/28/crit_text"	"Сообщение достижения критического значения параметром 37"	"Quest Muzon.qmm: parameters.28.crit_text. Preserve every <tag> exactly."	"Quest,Muzon"	"Паведамленьне пра дасягненьне крытычнага значэньня парамэтрам 37"
"/quests/Muzon.qmm/parameters/29/name"	"книга для выступления"	"Quest Muzon.qmm: parameters.29.name. Preserve every <tag> exactly. English reference: performance book"	"Quest,Muzon"	"кніга для выступу"
"/quests/Muzon.qmm/parameters/29/crit_text"	"Сообщение достижения критического значения параметром 30"	"Quest Muzon.qmm: parameters.29.crit_text. Preserve every <tag> exactly."	"Quest,Muzon"	"Паведамленьне пра дасягненьне крытычнага значэньня парамэтрам 30"
"/quests/Muzon.qmm/parameters/30/name"	"разбитая гитара"	"Quest Muzon.qmm: parameters.30.name. Preserve every <tag> exactly."	"Quest,Muzon"	"разьбітая гітара"
"/quests/Muzon.qmm/parameters/30/crit_text"	"Сообщение достижения критического значения параметром 31"	"Quest Muzon.qmm: parameters.30.crit_text. Preserve every <tag> exactly."	"Quest,Muzon"	"Паведамленьне пра дасягненьне крытычнага значэньня парамэтрам 31"
"/quests/Muzon.qmm/parameters/31/name"	"р. с гитарой"	"Quest Muzon.qmm: parameters.31.name. Preserve every <tag> exactly. English reference: r. with guitar"	"Quest,Muzon"	"р. з гітарай"
"/quests/Muzon.qmm/parameters/31/crit_text"	"Сообщение достижения критического значения параметром 32"	"Quest Muzon.qmm: parameters.31.crit_text. Preserve every <tag> exactly."	"Quest,Muzon"	"Паведамленьне пра дасягненьне крытычнага значэньня парамэтрам 32"
"/quests/Muzon.qmm/parameters/32/name"	"р. с басом"	"Quest Muzon.qmm: parameters.32.name. Preserve every <tag> exactly. English reference: r. with bass"	"Quest,Muzon"	"р. з басам"
"/quests/Muzon.qmm/parameters/32/crit_text"	"Сообщение достижения критического значения параметром 33"	"Quest Muzon.qmm: parameters.32.crit_text. Preserve every <tag> exactly."	"Quest,Muzon"	"Паведамленьне пра дасягненьне крытычнага значэньня парамэтрам 33"
"/quests/Muzon.qmm/parameters/33/name"	"р. с клавой"	"Quest Muzon.qmm: parameters.33.name. Preserve every <tag> exactly. English reference: r. with keyboards"	"Quest,Muzon"	"р. з клявішамі"
"/quests/Muzon.qmm/parameters/33/crit_text"	"Сообщение достижения критического значения параметром 34"	"Quest Muzon.qmm: parameters.33.crit_text. Preserve every <tag> exactly."	"Quest,Muzon"	"Паведамленьне пра дасягненьне крытычнага значэньня парамэтрам 34"
"/quests/Muzon.qmm/parameters/34/name"	"р. с тамами"	"Quest Muzon.qmm: parameters.34.name. Preserve every <tag> exactly. English reference: r. with drums"	"Quest,Muzon"	"р. з тамамі"
"/quests/Muzon.qmm/parameters/34/crit_text"	"Сообщение достижения критического значения параметром 35"	"Quest Muzon.qmm: parameters.34.crit_text. Preserve every <tag> exactly."	"Quest,Muzon"	"Паведамленьне пра дасягненьне крытычнага значэньня парамэтрам 35"
"/quests/Muzon.qmm/parameters/35/name"	"р. с вокалом"	"Quest Muzon.qmm: parameters.35.name. Preserve every <tag> exactly. English reference: r. with vocals"	"Quest,Muzon"	"р. з вакалам"
"/quests/Muzon.qmm/parameters/35/crit_text"	"Сообщение достижения критического значения параметром 36"	"Quest Muzon.qmm: parameters.35.crit_text. Preserve every <tag> exactly."	"Quest,Muzon"	"Паведамленьне пра дасягненьне крытычнага значэньня парамэтрам 36"
"/quests/Muzon.qmm/parameters/36/name"	"репетиция действ."	"Quest Muzon.qmm: parameters.36.name. Preserve every <tag> exactly."	"Quest,Muzon"	"рэпэтыцыя дзеяньня"
"/quests/Muzon.qmm/parameters/36/crit_text"	"Сообщение достижения критического значения параметром 29"	"Quest Muzon.qmm: parameters.36.crit_text. Preserve every <tag> exactly."	"Quest,Muzon"	"Паведамленьне пра дасягненьне крытычнага значэньня парамэтрам 29"
"/quests/Muzon.qmm/parameters/37/name"	"р."	"Quest Muzon.qmm: parameters.37.name. Preserve every <tag> exactly."	"Quest,Muzon"	"р."
"/quests/Muzon.qmm/parameters/37/crit_text"	"Сообщение достижения критического значения параметром 38"	"Quest Muzon.qmm: parameters.37.crit_text. Preserve every <tag> exactly."	"Quest,Muzon"	"Паведамленьне пра дасягненьне крытычнага значэньня парамэтрам 38"
"/quests/Muzon.qmm/parameters/38/name"	"Выступление"	"Quest Muzon.qmm: parameters.38.name. Preserve every <tag> exactly. English reference: Performance"	"Quest,Muzon"	"Выступ"
"/quests/Muzon.qmm/parameters/38/lines/0/content"	"Оценка зрителей: <>"	"Quest Muzon.qmm: parameters.38.lines.0.content. Preserve every <tag> exactly. English reference: Audience appraisal: <>"	"Quest,Muzon"	"Адзнака гледачоў: <>"
"/quests/Muzon.qmm/parameters/38/crit_text"	"Сообщение достижения критического значения параметром 15"	"Quest Muzon.qmm: parameters.38.crit_text. Preserve every <tag> exactly."	"Quest,Muzon"	"Паведамленьне пра дасягненьне крытычнага значэньня парамэтрам 15"
"/quests/Muzon.qmm/parameters/39/name"	"Letallica"	"Quest Muzon.qmm: parameters.39.name. Preserve every <tag> exactly. English reference: Alumminica"	"Quest,Muzon"	"Letallica"
"/quests/Muzon.qmm/parameters/39/lines/0/content"	"Оценка группы Letallica: <>"	"Quest Muzon.qmm: parameters.39.lines.0.content. Preserve every <tag> exactly. English reference: Alumminica scores: <>"	"Quest,Muzon"	"Адзнака гурту Letallica: <>"
"/quests/Muzon.qmm/parameters/39/crit_text"	"Сообщение достижения критического значения параметром 40"	"Quest Muzon.qmm: parameters.39.crit_text. Preserve every <tag> exactly."	"Quest,Muzon"	"Паведамленьне пра дасягненьне крытычнага значэньня парамэтрам 40"
"/quests/Muzon.qmm/parameters/40/name"	"Pink Asteroid"	"Quest Muzon.qmm: parameters.40.name. Preserve every <tag> exactly."	"Quest,Muzon"	"Pink Asteroid"
"/quests/Muzon.qmm/parameters/40/lines/0/content"	"Оценка группы Pink Asteroid: <>"	"Quest Muzon.qmm: parameters.40.lines.0.content. Preserve every <tag> exactly. English reference: Pink Asteroid scores: <>"	"Quest,Muzon"	"Адзнака гурту Pink Asteroid: <>"
"/quests/Muzon.qmm/parameters/40/crit_text"	"Сообщение достижения критического значения параметром 41"	"Quest Muzon.qmm: parameters.40.crit_text. Preserve every <tag> exactly."	"Quest,Muzon"	"Паведамленьне пра дасягненьне крытычнага значэньня парамэтрам 41"
"/quests/Muzon.qmm/parameters/41/name"	"Blin 182"	"Quest Muzon.qmm: parameters.41.name. Preserve every <tag> exactly. English reference: Drink 182"	"Quest,Muzon"	"Blin 182"
"/quests/Muzon.qmm/parameters/41/lines/0/content"	"Оценка группы Blin 182: <>"	"Quest Muzon.qmm: parameters.41.lines.0.content. Preserve every <tag> exactly. English reference: Drink 182 scores: <>"	"Quest,Muzon"	"Адзнака гурту Blin 182: <>"
"/quests/Muzon.qmm/parameters/41/crit_text"	"Сообщение достижения критического значения параметром 42"	"Quest Muzon.qmm: parameters.41.crit_text. Preserve every <tag> exactly."	"Quest,Muzon"	"Паведамленьне пра дасягненьне крытычнага значэньня парамэтрам 42"
"/quests/Muzon.qmm/parameters/42/name"	"лотерея"	"Quest Muzon.qmm: parameters.42.name. Preserve every <tag> exactly."	"Quest,Muzon"	"лятарэя"
"/quests/Muzon.qmm/parameters/42/crit_text"	"Сообщение достижения критического значения параметром 43"	"Quest Muzon.qmm: parameters.42.crit_text. Preserve every <tag> exactly."	"Quest,Muzon"	"Паведамленьне пра дасягненьне крытычнага значэньня парамэтрам 43"
"/quests/Muzon.qmm/parameters/43/name"	"Параметр номер 44"	"Quest Muzon.qmm: parameters.43.name. Preserve every <tag> exactly."	"Quest,Muzon"	"Парамэтар нумар 44"
"/quests/Muzon.qmm/parameters/43/lines/0/content"	"Параметр номер 44: <>"	"Quest Muzon.qmm: parameters.43.lines.0.content. Preserve every <tag> exactly."	"Quest,Muzon"	"Парамэтар нумар 44: <>"
"/quests/Muzon.qmm/parameters/43/crit_text"	"Сообщение достижения критического значения параметром 44"	"Quest Muzon.qmm: parameters.43.crit_text. Preserve every <tag> exactly."	"Quest,Muzon"	"Паведамленьне пра дасягненьне крытычнага значэньня парамэтрам 44"
"/quests/Muzon.qmm/parameters/44/name"	"Музыка"	"Quest Muzon.qmm: parameters.44.name. Preserve every <tag> exactly. English reference: Music"	"Quest,Muzon"	"Музыка"
"/quests/Muzon.qmm/parameters/44/crit_text"	"Сообщение достижения критического значения параметром 45"	"Quest Muzon.qmm: parameters.44.crit_text. Preserve every <tag> exactly."	"Quest,Muzon"	"Паведамленьне пра дасягненьне крытычнага значэньня парамэтрам 45"
"/quests/Muzon.qmm/parameters/45/name"	"y"	"Quest Muzon.qmm: parameters.45.name. Preserve every <tag> exactly."	"Quest,Muzon"	"y"
"/quests/Muzon.qmm/parameters/45/crit_text"	"Сообщение достижения критического значения параметром 46"	"Quest Muzon.qmm: parameters.45.crit_text. Preserve every <tag> exactly."	"Quest,Muzon"	"Паведамленьне пра дасягненьне крытычнага значэньня парамэтрам 46"
"/quests/Muzon.qmm/parameters/46/name"	"Ящик"	"Quest Muzon.qmm: parameters.46.name. Preserve every <tag> exactly. English reference: Box"	"Quest,Muzon"	"Скрыня"
"/quests/Muzon.qmm/parameters/46/crit_text"	"Сообщение достижения критического значения параметром 47"	"Quest Muzon.qmm: parameters.46.crit_text. Preserve every <tag> exactly."	"Quest,Muzon"	"Паведамленьне пра дасягненьне крытычнага значэньня парамэтрам 47"
"/quests/Muzon.qmm/parameters/47/name"	"x"	"Quest Muzon.qmm: parameters.47.name. Preserve every <tag> exactly."	"Quest,Muzon"	"x"
"/quests/Muzon.qmm/parameters/47/crit_text"	"Сообщение достижения критического значения параметром 48"	"Quest Muzon.qmm: parameters.47.crit_text. Preserve every <tag> exactly."	"Quest,Muzon"	"Паведамленьне пра дасягненьне крытычнага значэньня парамэтрам 48"
"/quests/Muzon.qmm/tostar"	"MTV-попса"	"Quest Muzon.qmm: tostar. Preserve every <tag> exactly. English reference: MTV-pop"	"Quest,Muzon"	"MTV-поп"
"/quests/Muzon.qmm/toplanet"	"Рокенролл жив!"	"Quest Muzon.qmm: toplanet. Preserve every <tag> exactly. English reference: Rock on!"	"Quest,Muzon"	"Рокнрол жыве!"
"/quests/Muzon.qmm/fromplanet"	"Отстой"	"Quest Muzon.qmm: fromplanet. Preserve every <tag> exactly. English reference: Sucks"	"Quest,Muzon"	"Нікчэмнасьць"
"/quests/Muzon.qmm/fromstar"	"Отстойная"	"Quest Muzon.qmm: fromstar. Preserve every <tag> exactly. English reference: Sucks2"	"Quest,Muzon"	"Нікчэмная"
"/quests/Muzon.qmm/ranger"	"Вампир"	"Quest Muzon.qmm: ranger. Preserve every <tag> exactly. English reference: Vampire"	"Quest,Muzon"	"Вампір"
"/quests/Muzon.qmm/success_text"	"Ура-а-а, первое место! Рейнджер <Ranger>, да вы теперь самый крутой музыкант галактики! Это было просто лучшее шоу, которое я когда-либо видел. У нас вся планета смотрела прямую трансляцию и болела за вас, даже фан-клуб группы появился. Теперь вы всегда желанный гость на нашей планете, мы даже памятник вам возведем, если голограммы хватит. Получите ваше законное вознаграждение в <Money> cr, и до встречи, великий <Ranger>. Рок-н-ролл ЖИВ!!!"	"Quest Muzon.qmm: success_text. Preserve every <tag> exactly. English reference: Hoorah, we are the winners! Ranger <Ranger>, do you even understand that you've just become the most successful musician in this whole Galaxy! This was the best show I've ever seen. The entire planet here was watching the show on the stereovision, cheering for you, you even have a fan club now! From this moment on you will always be a welcome guest on our planet, we will even erect a monument to you, if we have enough hologram. Here's you promised fee of <Money> cr, and stay tuned, <Ranger> the Great. Rock on!!!"	"Quest,Muzon"	"Ура-а-а, першае месца! Рэйнджэр <Ranger>, ды вы цяпер самы круты музыкант галяктыкі! Гэта было проста найлепшае шоў, якое я калі-небудзь бачыў. У нас уся плянэта глядзела прамую трансьляцыю і балела за вас, нават клюб фанатаў зьявіўся. Цяпер вы заўсёды жаданы госьць на нашай плянэце, мы нават помнік вам узьвядзём, калі галяграмы хопіць. Атрымайце ваша законнае ўзнагароджаньне ў <Money> cr, і да сустрэчы, вялікі <Ranger>. Рокнрол ЖЫВЕ!!!"
"/quests/Muzon.qmm/task_text"	"В системе <ToStar>, на планете <ToPlanet> будет проходить ежегодный музыкальный фестиваль, который издавна считается самым элитным музыкальным фестивалем из ныне существующих в галактике. В этом году ему исполняется 300 лет, поэтому нам очень важно победить. Ведь победа в этом году занесет победителя в историю! 

К несчастью, группа, которую мы готовили для выступления, попала в тюрьму из-за нелепого инцидента с наркотическими препаратами. Нам надо срочно найти замену. Мы слышали, вы неплохо поете, а в молодости даже участвовали в гипер-рок-группе. Поэтому выбор пал на вас, рейнджер <Ranger>. По нашим подсчетам, на сбор группы у вас останется пара дней. Конечно, это немного, но на фестиваль приедет много музыкантов и, скорее всего, вы сможете с ними договориться. Мелкие детали задания мы отправим вам по почте. 

На задание мы вам выделяем <clr>1200<clrEnd> рокнроллеров, это местные деньги, которые вы получите в отеле. Также мы берем на себя все расходы за отель. Да, чуть не забыл, вы должны прибыть на планету <ToPlanet> не позднее <Date>. Удачи!"	"Quest Muzon.qmm: task_text. Preserve every <tag> exactly. English reference: The system of <ToStar> (planet <ToPlanet>) is going to host the annual music festival, which has been long considered the most prestigious festival in the entire Galaxy. This year they are celebrating their 300 anniversary, so it is very important for us that we win. This year's winner will be remembered forever in history! 

Unfortunately the band that we planned to put on the bill this year, got into jail because of a stupid drug-incident. We need to find a replacement and soon. We heard that you were a good singer, and back in your younger years were even playing some hyper-rock band. This is why we have chosen you, ranger <Ranger>. According to our estimates you have a couple of days left to complete the line-up for the band. Of course this is not enough time, but there will be a whole lot of musicians at the festival, and we expect that you will be able to sign them in. We will mail you some other details later. 

The mission budget is <clr>1200<clrEnd> rockarollars - that's the local currency - which you will receive in the hotel. We are also paying all of your accommodation expenses. Oh yes, and before I forgot, you must be on the planet of <ToPlanet> not later than <Date>. Good luck!"	"Quest,Muzon"	"У сыстэме <ToStar>, на плянэце <ToPlanet> пройдзе штогадовы музычны фэстываль, які здаўна лічыцца самым элітным музычным фэстывалем з тых, што цяпер ёсьць у галяктыцы. Сёлета яму споўніцца 300 гадоў, таму нам вельмі важна перамагчы. Бо перамога сёлета занясе пераможцу ў гісторыю! 

На няшчасьце, гурт, які мы рыхтавалі да выступу, трапіў у турму праз недарэчны інцыдэнт з наркотыкамі. Нам трэба тэрмінова знайсьці замену. Мы чулі, вы няблага сьпяваеце, а ў маладосьці нават гралі ў гіпэр-рок-гурце. Таму выбар упаў на вас, рэйнджэр <Ranger>. Па нашых падліках, на збор гурту ў вас застанецца пара дзён. Вядома, гэта няшмат, але на фэстываль прыедзе шмат музыкаў, і, хутчэй за ўсё, вы зможаце з імі дамовіцца. Дробныя падрабязнасьці заданьня мы дашлём вам поштай. 

На заданьне мы выдаём вам <clr>1200<clrEnd> рокнролераў, гэта мясцовыя грошы, якія вы атрымаеце ў гатэлі. Таксама мы бяром на сябе ўсе выдаткі за гатэль. Так, ледзь не забыўся, вы мусіце прыбыць на плянэту <ToPlanet> не пазьней за <Date>. Удачы!"
"/quests/Muzon.qmm/locations/0/texts/0/text"	"Вы приземлились на планету <ToPlanet> уже под вечер. Служба безопасности провела недолгую проверку, по ходу дела осведомившись о цели вашего прибытия и изъяв ваше оружие на время пребывания здесь. Выйдя из космопорта, вы отметили, что здесь довольно тепло, несмотря на северные ветра. Пара минут езды на аэротакси - и вы уже в красивом холле дорогого отеля. Клерк вручил вам обещанные <clr>1200<clrEnd> рокнроллеров и дал электронный ключ от номера, оплаченного правительством планеты <FromPlanet>.

Зайдя в номер, вы от усталости сразу плюхнулись на мягкую постель и уснули, пропустив вечерний ужин, что было вам несвойственно. Впереди был тяжелый день...

Незаметно наступило утро, и яркие лучи местного солнца осветили комнату."	"Quest Muzon.qmm: locations.0.texts.0.text. Preserve every <tag> exactly. English reference: When you landed on the planet of <ToPlanet> it was late in the evening already. The security check did not take long, they asked you about the purpose of your visit and took away your weapons for the time of your stay here. You left the spaceport and noticed it was rather warm here despite the northern winds. A couple of minutes in hover-taxi and you are already in a beautiful hall of an expensive hotel. The clerk at the desk gave you the promised <clr>1200<clrEnd> rockarollars and the smart-key from your room, paid by the <FromPlanet> government.

As soon as you entered the room, you crashed on the cushy bed and fell fast asleep, missing the supper, which was not in your habit. You were in for a hard long day...

Morning crept in and the bright rays of the local sun lit the room."	"Quest,Muzon"	"Вы прызямліліся на плянэту <ToPlanet> ужо пад вечар. Служба бясьпекі правяла нядоўгую праверку, па ходзе справы запытаўшыся пра мэту вашага прыбыцьця і забраўшы вашу зброю на час побыту тут. Выйшаўшы з касмапорту, вы адзначылі, што тут даволі цёпла, нягледзячы на паўночныя вятры. Пара хвілінаў язды на паветраным таксі — і вы ўжо ў прыгожай залі дарагога гатэлю. Клерк уручыў вам абяцаныя <clr>1200<clrEnd> рокнролераў і даў электронны ключ ад пакою, аплачанага ўрадам плянэты <FromPlanet>.

Зайшоўшы ў пакой, вы ад стомы адразу зваліліся на мяккую пасьцель і заснулі, прапусьціўшы вячэру, што было вам неўласьціва. Наперадзе быў цяжкі дзень...

Неўпрыкмет настала раніца, і яркія прамяні мясцовага сонца асьвятлілі пакой."
"/quests/Muzon.qmm/locations/1/texts/0/text"	"Вы находитесь в своем номере. Он отделан в традиционном человеческом стиле <clr>""Тяп-ляп и готово""<clrEnd>, очень модном сейчас. Огромное окно выходит на главную площадь. На столе лежит дряхлый гостиничный <clr>лаптоп<clrEnd>. Справа кровать, над ней висит стереовизор, показывающий хэчбол, клипы и рекламу про крутую пушку, которая пробивает любую защиту, и всего за <clr>4999.99<clrEnd> cr (а если позвонить прямо сейчас, то дадут совершенно бесплатно специальный лак, после которого пушка будет блестеть как медный таз)."	"Quest Muzon.qmm: locations.1.texts.0.text. Preserve every <tag> exactly. English reference: You are in your room, furnished in the traditional Human <clr>""quick-and-dirty""<clrEnd> manner, very fashionable these days. The huge window overlooks the main square. There is an outdated hotel <clr>laptop<clrEnd> on the bedside table. The bed is to the right, with a stereovision hovering above it showing a hatch-ball match, music videos and a commercial, advertising some new cool gun that can penetrate any armour and costs only <clr>4999.99<clrEnd> cr (and if you call straight away you will also get a free bottle of special varnish, which would make the gun shine like a copper basin)."	"Quest,Muzon"	"Вы знаходзіцеся ў сваім пакоі. Ён аздоблены ў традыцыйным людзкім стылі <clr>""Абы-як і гатова""<clrEnd>, вельмі модным цяпер. Вялізнае акно выходзіць на галоўную плошчу. На стале ляжыць струхлелы гатэльны <clr>ноўтбук<clrEnd>. Справа ложак, над ім вісіць стэрэавізар, які паказвае хэчбол, кліпы і рэкляму пра крутую гармату, якая прабівае любую абарону, і ўсяго за <clr>4999.99<clrEnd> cr (а калі патэлефанаваць прама цяпер, то дадуць зусім бясплатна адмысловую палітуру, пасьля якой гармата будзе блішчаць, як медны таз)."
"/quests/Muzon.qmm/locations/1/texts/1/text"	"Вы нехотя проснулись и отправились в ванную, после чего сытно перекусили, сидя на диване и смотря стереовизор."	"Quest Muzon.qmm: locations.1.texts.1.text. Preserve every <tag> exactly. English reference: Lazily you got out of bed, went to the shower, after which you had a stuffy breakfast sitting on the sofa and watching the stereovision."	"Quest,Muzon"	"Вы неахвотна прачнуліся і пайшлі ў ванную, пасьля чаго сытна перакусілі, седзячы на канапе і гледзячы стэрэавізар."
"/quests/Muzon.qmm/locations/1/texts/2/text"	"Вы так устали, что свалились и уснули прямо там, где были. Настроения вам это, конечно, не прибавило. Хорошо, что это произошло в гостиничном номере, а не на улице! 

Утром вы проснулись, умылись и кое-как привели себя в порядок."	"Quest Muzon.qmm: locations.1.texts.2.text. Preserve every <tag> exactly. English reference: You were so tired that you fell asleep right where you were standing. Most naturally this did not improve your mood much, but it least it was in a hotel, not outside! 

In the morning you woke up, washed your face and tried to pull yourself more or less together."	"Quest,Muzon"	"Вы так стаміліся, што зваліліся і заснулі прама там, дзе былі. Настрою вам гэта, вядома, не дадало. Добра, што гэта здарылася ў гатэльным пакоі, а не на вуліцы! 

Уранку вы прачнуліся, умыліся і абы-як прывялі сябе ў парадак."
"/quests/Muzon.qmm/locations/1/texts/3/text"	"Вы вернулись в отель. Пройдя по длинному коридору, вы очутились в своем небольшом, но уютном номере."	"Quest Muzon.qmm: locations.1.texts.3.text. Preserve every <tag> exactly. English reference: You went back to the hotel. Passing through a long corridor, you found yourself in a small but rather cosy room."	"Quest,Muzon"	"Вы вярнуліся ў гатэль. Прайшоўшы па доўгім калідоры, вы апынуліся ў сваім невялікім, але ўтульным пакоі."
"/quests/Muzon.qmm/locations/1/texts/4/text"	"Как приятно отдохнуть, зная, что все дела уже сделаны! Вот и вы с удовольствием провалялись остаток дня и ночи в своем номере, смотря стереовизор и ни о чем не думая. Такое времяпровождение самым благоприятным образом сказалось на вашем утреннем настроении!"	"Quest Muzon.qmm: locations.1.texts.4.text. Preserve every <tag> exactly. English reference: Boy is it nice to have some rest when you know all business has been taken care of! So you spent the rest of the day and night lying in your room, watching the stereovision and doing nothing. Such a pastime could not but boost your morning spirits!"	"Quest,Muzon"	"Як прыемна адпачыць, ведаючы, што ўсе справы ўжо зробленыя! Вось і вы з асалодай праваляліся рэшту дня і ночы ў сваім пакоі, гледзячы стэрэавізар і ні пра што не думаючы. Такое баўленьне часу найлепшым чынам адбілася на вашым ранішнім настроі!"
"/quests/Muzon.qmm/locations/1/texts/5/text"	"Вы провалялись в комнате до темноты. Ведь с наступлением ночи в городе начинается совсем другая жизнь!"	"Quest Muzon.qmm: locations.1.texts.5.text. Preserve every <tag> exactly. English reference: You lied in your room till it was dark. After all big city nights offer a completely different life!"	"Quest,Muzon"	"Вы праваляліся ў пакоі да цемры. Бо з надыходам ночы ў горадзе пачынаецца зусім іншае жыцьцё!"
"/quests/Muzon.qmm/locations/2/texts/0/text"	"Вы стоите на главной площади планеты <ToPlanet>. Как всегда, на площади довольно много народу, причем людей - больше всего. 

Позади находится <clr>отель<clrEnd>. Впереди - <clr>студия<clrEnd>, предоставляющая разные возможности музыкантам. Слева - обычный <clr>бар<clrEnd>, ничем не отличающийся от других баров на человеческих планетах. Около него расположился <clr>тату-салон<clrEnd>. Вдалеке можно увидеть небольшое здание <clr>рок-клуба<clrEnd>. Также вдоль площади проходит длинная <clr>улица<clrEnd>. Последним, на что вы обратили внимание, был огромный <clr>стадион<clrEnd> для хэчбола, на котором и будет проходить концерт. 

<clr>Ночью<clrEnd> работает только <clr>бильярдная<clrEnd> и <clr>бар<clrEnd>, который открыт круглосуточно."	"Quest Muzon.qmm: locations.2.texts.0.text. Preserve every <tag> exactly. English reference: You are standing in the main square of planet <ToPlanet>. As usual it is rather crowded in the square, with the absolute majority of folks being Humans. 

Behind you is the <clr>hotel<clrEnd>, and in front of you is the <clr>studio<clrEnd>, that offers all sorts of opportunities for the musicians. To your left is a regular <clr>pub<clrEnd>, not any different from any other pub on any other Human planet. Next to it there is a <clr>tattoo-parlour<clrEnd>. In the distance there is a small <clr>rock-club<clrEnd>. Across the street runs a long <clr>street<clrEnd>. The last thing that caught your attention was a huge hatch-ball <clr>stadium<clrEnd> where the concert will be held. 

<clr>At night<clrEnd> only the <clr>pool-room<clrEnd> and the <clr>pub<clrEnd>, are open since they work 24x7."	"Quest,Muzon"	"Вы стаіце на галоўнай плошчы плянэты <ToPlanet>. Як заўсёды, на плошчы даволі шмат народу, прычым людзей — больш за ўсё. 

Ззаду знаходзіцца <clr>гатэль<clrEnd>. Наперадзе — <clr>студыя<clrEnd>, якая дае музыкам розныя магчымасьці. Зьлева — звычайны <clr>бар<clrEnd>, нічым не адрозны ад іншых бараў на людзкіх плянэтах. Каля яго разьмясьціўся <clr>тату-салён<clrEnd>. Удалечыні можна ўбачыць невялікі будынак <clr>рок-клюбу<clrEnd>. Таксама ўздоўж плошчы праходзіць доўгая <clr>вуліца<clrEnd>. Апошнім, на што вы зьвярнулі ўвагу, быў вялізны <clr>стадыён<clrEnd> для хэчболу, на якім і будзе праходзіць канцэрт. 

<clr>Ноччу<clrEnd> працуе толькі <clr>більярдная<clrEnd> і <clr>бар<clrEnd>, які адчынены кругласутачна."
"/quests/Muzon.qmm/locations/3/texts/0/text"	"Днем в баре полно народу, некоторые смотрят хэчбол по стереовизору и орут разные кричалки, другие просто расслабляются, сидя на диванах и за столиками. Бармен живой человек, а не робот, как во многих дешевых барах. Вдали сидит какой-то гаалец - видимо, сильно пьяный. Просто поразительно, сколько пьяных гаальцев попадается вам на жизненном пути! Особенно если учесть, что эта раса вовсе не склонна к алкоголизму..."	"Quest Muzon.qmm: locations.3.texts.0.text. Preserve every <tag> exactly. English reference: During the daytime the pub is quite crowded, some people would watch hatch-ball cheering and chanting loudly, others would just relax, kicking back on the sofas and behind the tables. The bartender here is a real human being, not a robot, as often is the case in some of the cheaper bars. In the distance you see a Gaalian - apparently drunk. It's amazing how many drunken Gaalians one would see in a lifetime! Especially considering the fact that this race is not inclined to alcoholism..."	"Quest,Muzon"	"Удзень у бары поўна народу, некаторыя глядзяць хэчбол па стэрэавізары і крычаць розныя заклікі, іншыя проста расслабляюцца, седзячы на канапах і за столікамі. Бармэн — жывы чалавек, а не робат, як у шмат якіх танных барах. Удалечыні сядзіць нейкі гаалец, відаць, моцна п'яны. Проста дзіўна, колькі п'яных гаальцаў трапляецца вам на жыцьцёвым шляху! Асабліва калі ўлічыць, што гэтая раса зусім не схільная да алькагалізму..."
"/quests/Muzon.qmm/locations/3/texts/1/text"	"Днем в баре полно народу, некоторые смотрят хэчбол по стереовизору и орут разные кричалки, другие просто расслабляются, сидя на диванах и за столиками. Бармен живой человек, а не робот, как во многих дешевых барах."	"Quest Muzon.qmm: locations.3.texts.1.text. Preserve every <tag> exactly. English reference: During the daytime the pub is quite crowded, some people would watch hatch-ball cheering and chanting loudly, others would just relax, kicking back on the sofas and behind the tables. The bartender here is a real human being, not a robot, as often is the case in some of the cheaper bars."	"Quest,Muzon"	"Удзень у бары поўна народу, некаторыя глядзяць хэчбол па стэрэавізары і крычаць розныя заклікі, іншыя проста расслабляюцца, седзячы на канапах і за столікамі. Бармэн — жывы чалавек, а не робат, як у шмат якіх танных барах."
"/quests/Muzon.qmm/locations/4/texts/0/text"	"Вы стоите в большой студии. Здесь можно записать песню или провести репетицию. 

- Чего желаете? - осведомился пеленг за конторкой."	"Quest Muzon.qmm: locations.4.texts.0.text. Preserve every <tag> exactly. English reference: You are standing in the middle of a large studio. Here you can record a song or hold a rehearsal. 

- Can I help you? - asked a Peleng behind the counter."	"Quest,Muzon"	"Вы стаіце ў вялікай студыі. Тут можна запісаць песьню або правесьці рэпэтыцыю. 

- Чаго жадаеце? — запытаўся пеленг за стойкай."
"/quests/Muzon.qmm/locations/5/texts/0/text"	"Вы подошли к рок-клубу, но вас вдруг остановил охранник-малок с множеством сережек на лице.
- Чувак, здесь закрыто, сваливай отсюда, или ты что-то хотел?"	"Quest Muzon.qmm: locations.5.texts.0.text. Preserve every <tag> exactly. English reference: You walked over to the rock-club, when a Maloq bouncer with piercing all over his face blocked your way.
- Hey dude, the place is closed, get lost, or you wanted something?"	"Quest,Muzon"	"Вы падышлі да рок-клюбу, але вас раптам спыніў ахоўнік-малок з мноствам завушніц на твары.
- Хлопец, тут зачынена, звальвай адсюль, ці ты нешта хацеў?"
"/quests/Muzon.qmm/locations/6/texts/0/text"	"Вы подошли к бродячему музыканту, который играл на гитаре и что-то пел. Похоже, что эта работа ему по душе и приносит неплохую прибыль (судя по дорогой фирменной гитаре ""Hender"" фэянской сборки, с двадцатью семью струнами)."	"Quest Muzon.qmm: locations.6.texts.0.text. Preserve every <tag> exactly. English reference: You approached a travelling musician who was playing the guitar and singing. Looks like he is getting good money out of this (judging by his expensive custom-made Faeyan ""Hender Destructocaster"" guitar with 27 strings)."	"Quest,Muzon"	"Вы падышлі да вандроўнага музыкі, які граў на гітары і нешта сьпяваў. Здаецца, гэтая праца яму да спадобы і прыносіць добры прыбытак (калі меркаваць па дарагой фірмовай гітары ""Hender"" фэянскай зборкі, з 27 струнамі)."
"/quests/Muzon.qmm/locations/7/texts/0/text"	"Laptop <clr>Inter Dendium 5<clrEnd>

Сегодня <CurDate>

Дней до концерта: [p2]

Температура за окном: {[16..18]} градусов 

Последние новости: 
<clr>Скоро на планете<clrEnd> <ToPlanet> <clr>состоится ежегодный MUZZ-фестиваль. Место проведения: хэчбольный стадион им. Марадонги Непобедимого. Билеты в кассах и у распространителей. Убедительная просьба не рисовать билеты самим, подделка преследуется по закону.<clrEnd>

Операционная система <clr>Nondows 3.141592<clrEnd> любезно предоставлена корпорацией <clr>MacroHard<clrEnd>."	"Quest Muzon.qmm: locations.7.texts.0.text. Preserve every <tag> exactly. English reference: Laptop <clr>Inter Dendium 5<clrEnd>

Today is <CurDate>

Days before gig: [p2]

Temperature outside: {[16..18]} degrees

Latest news: 
<clr>Soon the planet of<clrEnd> <ToPlanet> <clr>is going to host the annual MUZZ-festival. The concert will be organised at the hatch-ball stadium named after Hackhum the Unconquerable. Tickets are available from the stadium and other distributors. Please, do not attempt to draw tickets yourself, ticket forgery is punishable by law..<clrEnd>

<clr>Nondows 3.141592<clrEnd> operation system courtesy of <clr>MacroHard<clrEnd> corporation."	"Quest,Muzon"	"Ноўтбук <clr>Inter Dendium 5<clrEnd>

Сёньня <CurDate>

Дзён да канцэрту: [p2]

Тэмпэратура за акном: {[16..18]} градусаў 

Апошнія навіны: 
<clr>Хутка на плянэце<clrEnd> <ToPlanet> <clr>адбудзецца штогадовы MUZZ-фэстываль. Месца правядзеньня: хэчбольны стадыён імя Марадонгі Непераможнага. Білеты ў касах і ў распаўсюднікаў. Умольны запыт не маляваць білеты самім, падробка прасьледуецца па законе.<clrEnd>

Апэрацыйная сыстэма <clr>Nondows 3.141592<clrEnd> ласкава дадзеная карпарацыяй <clr>MacroHard<clrEnd>."
"/quests/Muzon.qmm/locations/7/texts/1/text"	"Laptop <clr>Inter Dendium 5<clrEnd>

Сегодня <CurDate>

Дней до концерта: [p2]

Температура за окном: {[16..18]} градусов 

Последние новости: 
<clr>Пират Бин-Лааден снова наводит ужас в системе<clrEnd> <ToStar><clr>. Будьте предельно осторожны, пролетая там.<clrEnd>

Операционная система <clr>Nondows 3.141592<clrEnd> любезно предоставлена корпорацией <clr>MacroHard<clrEnd>."	"Quest Muzon.qmm: locations.7.texts.1.text. Preserve every <tag> exactly. English reference: Laptop <clr>Inter Dendium 5<clrEnd>

Today is <CurDate>

Days before gig: [p2]

Temperature outside: {[16..18]} degrees

Latest news: 
<clr>Pirate Bing is once again terrorising the system of <clrEnd> <ToStar><clr>. Please be extremely careful if you go there.<clrEnd>

<clr>Nondows 3.141592<clrEnd> operation system courtesy of <clr>MacroHard<clrEnd> corporation."	"Quest,Muzon"	"Ноўтбук <clr>Inter Dendium 5<clrEnd>

Сёньня <CurDate>

Дзён да канцэрту: [p2]

Тэмпэратура за акном: {[16..18]} градусаў 

Апошнія навіны: 
<clr>Пірат Бін-Лааден зноў наводзіць жах у сыстэме<clrEnd> <ToStar><clr>. Будзьце вельмі асьцярожныя, пралятаючы там.<clrEnd>

Апэрацыйная сыстэма <clr>Nondows 3.141592<clrEnd> ласкава дадзеная карпарацыяй <clr>MacroHard<clrEnd>."
"/quests/Muzon.qmm/locations/7/texts/2/text"	"Laptop <clr>Inter Dendium 5<clrEnd>

Сегодня <CurDate>

Дней до концерта: [p2]

Температура за окном: {[16..18]} градусов 

Последние новости: 
<clr>Новый фильм снял прославленный малокский режиссер Таррантир. Куча драк и море кровищи! Не пропустите премьеру в стереотеатрах!!!<clrEnd>

Операционная система <clr>Nondows 3.141592<clrEnd> любезно предоставлена корпорацией <clr>MacroHard<clrEnd>."	"Quest Muzon.qmm: locations.7.texts.2.text. Preserve every <tag> exactly. English reference: Laptop <clr>Inter Dendium 5<clrEnd>

Today is <CurDate>

Days before gig: [p2]

Temperature outside: {[16..18]} degrees

Latest news: 
<clr>A new action movie by the famous Maloq director Quinthor Terrortino. Lots of fights and rivers of blood! Coming to a stereo-theatre near you!!!<clrEnd>

<clr>Nondows 3.141592<clrEnd> operation system courtesy of <clr>MacroHard<clrEnd> corporation."	"Quest,Muzon"	"Ноўтбук <clr>Inter Dendium 5<clrEnd>

Сёньня <CurDate>

Дзён да канцэрту: [p2]

Тэмпэратура за акном: {[16..18]} градусаў 

Апошнія навіны: 
<clr>Новы фільм зьняў праслаўлены рэжысэр малокаў Тарранцір. Куча боек і мора крыві! Не прапусьціце прэм'еру ў кінатэатрах!!!<clrEnd>

Апэрацыйная сыстэма <clr>Nondows 3.141592<clrEnd> ласкава дадзеная карпарацыяй <clr>MacroHard<clrEnd>."
"/quests/Muzon.qmm/locations/7/texts/3/text"	"Laptop <clr>Inter Dendium 5<clrEnd>

Сегодня <CurDate>

Дней до концерта: [p2]

Температура за окном: {[16..18]} градусов 

Последние новости: 
<clr>На планете<clrEnd> <FromPlanet> <clr>политический кризис: на выборы президента пришло всего<clrEnd> {[10..12]}<clr>% электората! Если правительство не разберется с этим, парламент планеты <clrEnd><FromPlanet><clr> может поставить вопрос об отмене выборов как таковых.<clrEnd>

Операционная система <clr>Nondows 3.141592<clrEnd> любезно предоставлена корпорацией <clr>MacroHard<clrEnd>."	"Quest Muzon.qmm: locations.7.texts.3.text. Preserve every <tag> exactly. English reference: Laptop <clr>Inter Dendium 5<clrEnd>

Today is <CurDate>

Days before gig: [p2]

Temperature outside: {[16..18]} degrees  

Latest news: 
<clr>The planet of<clrEnd> <FromPlanet> <clr>is going through a political crisis: the presidential elections there were only attended by <clrEnd> {[10..12]}<clr>% of electorate! If the government does not resolve the situation any time soon, the parliament on<clrEnd><FromPlanet><clr> may cancel the elections altogether.<clrEnd>

<clr>Nondows 3.141592<clrEnd> operation system courtesy of <clr>MacroHard<clrEnd> corporation."	"Quest,Muzon"	"Ноўтбук <clr>Inter Dendium 5<clrEnd>

Сёньня <CurDate>

Дзён да канцэрту: [p2]

Тэмпэратура за акном: {[16..18]} градусаў 

Апошнія навіны: 
<clr>На плянэце<clrEnd> <FromPlanet> <clr>палітычны крызіс: на выбары прэзыдэнта прыйшло ўсяго<clrEnd> {[10..12]}<clr>% электарату! Калі ўрад не разьбярэцца з гэтым, парлямэнт плянэты <clrEnd><FromPlanet><clr> можа паставіць пытаньне пра скасаваньне выбараў як такіх.<clrEnd>

Апэрацыйная сыстэма <clr>Nondows 3.141592<clrEnd> ласкава дадзеная карпарацыяй <clr>MacroHard<clrEnd>."
"/quests/Muzon.qmm/locations/7/texts/4/text"	"Laptop <clr>Inter Dendium 5<clrEnd>

Сегодня <CurDate>

Дней до концерта: [p2]

Температура за окном: {[16..18]} градусов 

Последние новости: 
<clr>Внимание, геймеры! Опять перенесена дата выхода игры ""Дюк Хрюкем Форева"". Разработчики клятвенно заявляют, что идет бета-тестирование, и в следующем году игра выйдет в свет, так что нет повода для беспокойств.<clrEnd>

Операционная система <clr>Nondows 3.141592<clrEnd> любезно предоставлена корпорацией <clr>MacroHard<clrEnd>."	"Quest Muzon.qmm: locations.7.texts.4.text. Preserve every <tag> exactly. English reference: Laptop <clr>Inter Dendium 5<clrEnd>

Today is <CurDate>

Days before gig: [p2]

Temperature outside: {[16..18]} degrees  

Latest news: 
<clr>Attention gamers! The release date of the long-anticipated ""Duke Pukem Forever"" has been postponed once again. The developers swear that the beta-tests are ongoing, and that next year the game will surely appear in the stores, so there is no reason to worry.<clrEnd>

<clr>Nondows 3.141592<clrEnd> operation system courtesy of <clr>MacroHard<clrEnd> corporation."	"Quest,Muzon"	"Ноўтбук <clr>Inter Dendium 5<clrEnd>

Сёньня <CurDate>

Дзён да канцэрту: [p2]

Тэмпэратура за акном: {[16..18]} градусаў 

Апошнія навіны: 
<clr>Увага, гульцы! Зноў перанесеная дата выхаду гульні ""Дзюк Хрукам Фарэва"". Распрацоўнікі ўрачыста заяўляюць, што ідзе бэта-тэставаньне, і ў наступным годзе гульня выйдзе ў сьвет, так што няма падставаў для непакою.<clrEnd>

Апэрацыйная сыстэма <clr>Nondows 3.141592<clrEnd> ласкава дадзеная карпарацыяй <clr>MacroHard<clrEnd>."
"/quests/Muzon.qmm/locations/7/texts/5/text"	"Laptop <clr>Inter Dendium 5<clrEnd>

Сегодня <CurDate>

Дней до концерта: [p2]

Температура за окном: {[16..18]} градусов 

Последние новости: 
<clr>Вышел новый альбом с песнями фэянского тенора Игле Сяся в исполнении группы Smash&Crash. Спрашивайте во всех музыкальных киосках города!<clrEnd>

Операционная система <clr>Nondows 3.141592<clrEnd> любезно предоставлена корпорацией <clr>MacroHard<clrEnd>."	"Quest Muzon.qmm: locations.7.texts.5.text. Preserve every <tag> exactly. English reference: Laptop <clr>Inter Dendium 5<clrEnd>

Today is <CurDate>

Days before gig: [p2]

Temperature outside: {[16..18]} degrees  

Latest news: 
<clr>A new album of cover versions of the famous Faeyan tenor Eggg Lispius performed by Smash&Crash is out now. Available in all stores!<clrEnd>

<clr>Nondows 3.141592<clrEnd> operation system courtesy of <clr>MacroHard<clrEnd> corporation."	"Quest,Muzon"	"Ноўтбук <clr>Inter Dendium 5<clrEnd>

Сёньня <CurDate>

Дзён да канцэрту: [p2]

Тэмпэратура за акном: {[16..18]} градусаў 

Апошнія навіны: 
<clr>Выйшаў новы альбом зь песьнямі фэянскага тэнара Ігле Сяся ў выкананьні гурту Smash&Crash. Пытайцеся ва ўсіх музычных кіёсках горада!<clrEnd>

Апэрацыйная сыстэма <clr>Nondows 3.141592<clrEnd> ласкава дадзеная карпарацыяй <clr>MacroHard<clrEnd>."
"/quests/Muzon.qmm/locations/7/texts/6/text"	"Laptop <clr>Inter Dendium 5<clrEnd>

Сегодня <CurDate>

Дней до концерта: [p2]

Температура за окном: {[16..18]} градусов 

Последние новости: 
<clr> - Раздел пуст - <clrEnd>

Операционная система <clr>Nondows 3.141592<clrEnd> любезно предоставлена корпорацией <clr>MacroHard<clrEnd>."	"Quest Muzon.qmm: locations.7.texts.6.text. Preserve every <tag> exactly. English reference: Laptop <clr>Inter Dendium 5<clrEnd>

Today is <CurDate>

Days before gig: [p2]

Temperature outside: {[16..18]} degrees  

Latest news: 
<clr> - Section empty - <clrEnd>

<clr>Nondows 3.141592<clrEnd> operation system courtesy of <clr>MacroHard<clrEnd> corporation."	"Quest,Muzon"	"Ноўтбук <clr>Inter Dendium 5<clrEnd>

Сёньня <CurDate>

Дзён да канцэрту: [p2]

Тэмпэратура за акном: {[16..18]} градусаў 

Апошнія навіны: 
<clr> - Разьдзел парожні - <clrEnd>

Апэрацыйная сыстэма <clr>Nondows 3.141592<clrEnd> ласкава дадзеная карпарацыяй <clr>MacroHard<clrEnd>."
"/quests/Muzon.qmm/locations/7/texts/7/text"	"Laptop <clr>Inter Dendium 5<clrEnd>

Сегодня <CurDate>

Дней до концерта: [p2]

Температура за окном: {[16..18]} градусов 

Последние новости: 
<clr>Вторую победу в чемпионате одержала сборная планеты<clrEnd> <ToPlanet> <clr>по хэчболу, что позволило ей уйти с последнего места в турнирной таблице. По словам главного тренера, у нашей команды еще есть шанс избежать в этом сезоне вылета в низший дивизион, если, конечно, в оставшихся матчах нам так же повезет с судейством, как и на этот раз.<clrEnd>

Операционная система <clr>Nondows 3.141592<clrEnd> любезно предоставлена корпорацией <clr>MacroHard<clrEnd>."	"Quest Muzon.qmm: locations.7.texts.7.text. Preserve every <tag> exactly. English reference: Laptop <clr>Inter Dendium 5<clrEnd>

Today is <CurDate>

Days before gig: [p2]

Temperature outside: {[16..18]} degrees  

Latest news: 
<ToPlanet><clr>'s<clrEnd> <clr>hatch-ball team has won its second regular season game, witch allowed it to climb from the bottom of the tournament score table. According to the team's chief coach, we still have a chance of not falling down into the lowest division this year, that is, of course, if we get as lucky with the referees in all the remaining matches, as we were in this one.<clrEnd>

<clr>Nondows 3.141592<clrEnd> operation system courtesy of <clr>MacroHard<clrEnd> corporation."	"Quest,Muzon"	"Ноўтбук <clr>Inter Dendium 5<clrEnd>

Сёньня <CurDate>

Дзён да канцэрту: [p2]

Тэмпэратура за акном: {[16..18]} градусаў 

Апошнія навіны: 
<clr>Другую перамогу ў чэмпіянаце атрымала зборная плянэты<clrEnd> <ToPlanet> <clr>па хэчболе, што дазволіла ёй сысьці з апошняга месца ў турнірнай табліцы. Па словах галоўнага трэнэра, у нашай каманды яшчэ ёсьць шанец пазьбегнуць у гэтым сэзоне вылету ў ніжэйшы дывізіён, калі, вядома, у астатніх матчах нам гэтак жа пашанцуе з судзействам, як і гэтым разам.<clrEnd>

Апэрацыйная сыстэма <clr>Nondows 3.141592<clrEnd> ласкава дадзеная карпарацыяй <clr>MacroHard<clrEnd>."
"/quests/Muzon.qmm/locations/7/texts/8/text"	"Laptop <clr>Inter Dendium 5<clrEnd>

Сегодня <CurDate>

Дней до концерта: [p2]

Температура за окном: {[16..18]} градусов 

Последние новости: 
<clr>Сенсация! Нострадамус предсказывал появление доминаторов!!! Подробности на сайте<clrEnd> <ToPlanet><clr>.spama.net<clrEnd>

Операционная система <clr>Nondows 3.141592<clrEnd> любезно предоставлена корпорацией <clr>MacroHard<clrEnd>."	"Quest Muzon.qmm: locations.7.texts.8.text. Preserve every <tag> exactly. English reference: Laptop <clr>Inter Dendium 5<clrEnd>

Today is <CurDate>

Days before gig: [p2]

Temperature outside: {[16..18]} degrees

Latest news: 
<clr>Sensation! Nostradamus knew about the Dominators!!! Read all about it at<clrEnd> <ToPlanet><clr>.spam.no<clrEnd>

<clr>Nondows 3.141592<clrEnd> operation system courtesy of <clr>MacroHard<clrEnd> corporation."	"Quest,Muzon"	"Ноўтбук <clr>Inter Dendium 5<clrEnd>

Сёньня <CurDate>

Дзён да канцэрту: [p2]

Тэмпэратура за акном: {[16..18]} градусаў 

Апошнія навіны: 
<clr>Сэнсацыя! Настрадамус прадказваў зьяўленьне дамінатараў!!! Падрабязнасьці на сайце<clrEnd> <ToPlanet><clr>.spama.net<clrEnd>

Апэрацыйная сыстэма <clr>Nondows 3.141592<clrEnd> ласкава дадзеная карпарацыяй <clr>MacroHard<clrEnd>."
"/quests/Muzon.qmm/locations/7/texts/9/text"	"Laptop <clr>Inter Dendium 5<clrEnd>

Сегодня <CurDate>

Дней до концерта: [p2]

Температура за окном: {[16..18]} градусов 

Последние новости: 
<clr>В связи с возобновлением боевых действий в малокских системах, резко выросли цены на малокские табуретки. Недавно на аукционе в системе<clrEnd> <FromStar> <clr>походная табуретка принца Тардым ба'Баха была продана за<clrEnd> {[5000..15000]} <clr>cr.<clrEnd>

Операционная система <clr>Nondows 3.141592<clrEnd> любезно предоставлена корпорацией <clr>MacroHard<clrEnd>."	"Quest Muzon.qmm: locations.7.texts.9.text. Preserve every <tag> exactly. English reference: Laptop <clr>Inter Dendium 5<clrEnd>

Today is <CurDate>

Days before gig: [p2]

Temperature outside: {[16..18]} degrees  

Latest news: 
<clr>Due to the resuming of hostilities in the Maloq systems the prices for Maloq stools have been skyrocketing lately. At a recent auction in the system of <clrEnd> <FromStar> <clr> the field-stool of Prince Tardym Ka'Boom has been sold for as much as <clrEnd> {[5000..15000]} <clr>cr.<clrEnd>

<clr>Nondows 3.141592<clrEnd> operation system courtesy of <clr>MacroHard<clrEnd> corporation."	"Quest,Muzon"	"Ноўтбук <clr>Inter Dendium 5<clrEnd>

Сёньня <CurDate>

Дзён да канцэрту: [p2]

Тэмпэратура за акном: {[16..18]} градусаў 

Апошнія навіны: 
<clr>У сувязі з аднаўленьнем баявых дзеяньняў у сыстэмах малокаў рэзка вырасьлі цэны на табурэткі малокаў. Нядаўна на аўкцыёне ў сыстэме<clrEnd> <FromStar> <clr>паходная табурэтка прынца Тардым ба'Баха была прададзеная за<clrEnd> {[5000..15000]} <clr>cr.<clrEnd>

Апэрацыйная сыстэма <clr>Nondows 3.141592<clrEnd> ласкава дадзеная карпарацыяй <clr>MacroHard<clrEnd>."
"/quests/Muzon.qmm/locations/8/texts/0/text"	"Поиск завершен.

На данный момент ни одного свободного музыканта не найдено."	"Quest Muzon.qmm: locations.8.texts.0.text. Preserve every <tag> exactly. English reference: Search finished.

No musicians available at this time."	"Quest,Muzon"	"Пошук завершаны.

На гэты момант ніводнага вольнага музыкі не знойдзена."
"/quests/Muzon.qmm/locations/9/texts/0/text"	"- Мне не нравится, как ты выглядишь, у тебя нету даже ни одной <clr>татуировки<clrEnd>, - ответил гитарист, и больше не обращал на вас внимания."	"Quest Muzon.qmm: locations.9.texts.0.text. Preserve every <tag> exactly. English reference: - You don't look cool, you don't even have any <clr>tattoos<clrEnd>, - the guitarist said and did not pay any more attention to you."	"Quest,Muzon"	"- Мне не падабаецца, як ты выглядаеш, у цябе няма нават ніводнай <clr>татуіроўкі<clrEnd>, — адказаў гітарыст і больш не зьвяртаў на вас увагі."
"/quests/Muzon.qmm/locations/10/texts/0/text"	"Вы оказались в огромном зале. Вокруг играет музыка, дополняемая звуками ударяющихся шаров. Как жаль, что вы <clr>не умеете хорошо играть в бильярд<clrEnd>, а то бы составили кому-нибудь компанию. Но вы можете сделать традиционную ставку в <clr>50<clrEnd> рокнроллеров на исход какой-нибудь партии."	"Quest Muzon.qmm: locations.10.texts.0.text. Preserve every <tag> exactly. English reference: You found yourself in a large room. The music is playing accompanied by the sound of knocking billiard-balls. Too bad that you are <clr>a poor pool-player<clrEnd>, otherwise you could play with someone. Although you can still put a traditional stake of <clr>50<clrEnd> rockarollars on the outcome of one of the games."	"Quest,Muzon"	"Вы апынуліся ў вялізнай залі. Навокал грае музыка, дапоўненая гукамі шароў, што стукаюцца. Як шкада, што вы <clr>ня ўмееце добра граць у більярд<clrEnd>, а то б склалі каму-небудзь кампанію. Але вы можаце зрабіць традыцыйную стаўку ў <clr>50<clrEnd> рокнролераў на вынік якой-небудзь партыі."
"/quests/Muzon.qmm/locations/10/texts/1/text"	"Вы оказались в огромном зале. Вокруг играет музыка, дополняемая звуками ударяющихся шаров. Благодаря <clr>прочитанной книжке<clrEnd>, вы теперь кое-что смыслите в бильярде. Может, сделать традиционную ставку в <clr>50<clrEnd> рокнроллеров на исход какой-нибудь партии?"	"Quest Muzon.qmm: locations.10.texts.1.text. Preserve every <tag> exactly. English reference: You found yourself in a large room. The music is playing accompanied by the sound of knocking billiard-balls. Thanks to the <clr>book you read<clrEnd>, you now understand pool pretty well. Maybe you should put a traditional stake of <clr>50<clrEnd> rockarollars on the outcome of one of the games."	"Quest,Muzon"	"Вы апынуліся ў вялізнай залі. Навокал грае музыка, дапоўненая гукамі шароў, што стукаюцца. Дзякуючы <clr>прачытанай кніжцы<clrEnd>, вы цяпер нешта разумееце ў більярдзе. Можа, зрабіць традыцыйную стаўку ў <clr>50<clrEnd> рокнролераў на вынік якой-небудзь партыі?"
"/quests/Muzon.qmm/locations/11/texts/0/text"	"Можно, конечно, исполнить какую-нибудь старую песню из собственного репертуара. Но можно и заказать профессионалам песню покруче и подлиннее. Какую песню будем исполнять на концерте?"	"Quest Muzon.qmm: locations.11.texts.0.text. Preserve every <tag> exactly. English reference: Of course you could sing some old song from your old repertoire. But then again you could ask a professional to right a better and a longer one for you. So what are you going to play at the gig?"	"Quest,Muzon"	"Можна, вядома, выканаць якую-небудзь старую песьню з уласнага рэпэртуару. Але можна і замовіць у прафэсіяналаў песьню лепшую і даўжэйшую. Якую песьню будзем выконваць на канцэрце?"
"/quests/Muzon.qmm/locations/12/texts/0/text"	"Неожиданно вы почувствовали, что теряете сознание. Разве можно так долго сидеть за компьютером? Это же вредно для здоровья!"	"Quest Muzon.qmm: locations.12.texts.0.text. Preserve every <tag> exactly. English reference: Suddenly you felt you were losing consciousness. You really shouldn't be spending so much time at the computer, you know? It's unhealthy!"	"Quest,Muzon"	"Нечакана вы адчулі, што губляеце прытомнасьць. Хіба можна так доўга сядзець за кампутарам? Гэта ж шкодна для здароўя!"
"/quests/Muzon.qmm/locations/13/texts/0/text"	"Поиск завершен.

Найден <clr>1<clrEnd> музыкант:
Профессия: <clr>Ударник<clrEnd>
Мастерство: <clr>Плохое<clrEnd>
Подъемные: <clr>200<clrEnd> рокнроллеров"	"Quest Muzon.qmm: locations.13.texts.0.text. Preserve every <tag> exactly. English reference: Search complete.

Found <clr>1<clrEnd> musician:
Instrument: <clr>Drums<clrEnd>
Musicianship: <clr>poor<clrEnd>
Start-up fee: <clr>200<clrEnd> rockarollars"	"Quest,Muzon"	"Пошук завершаны.

Знойдзены <clr>1<clrEnd> музыка:
Прафэсія: <clr>Бубнач<clrEnd>
Майстэрства: <clr>Дрэннае<clrEnd>
Пад'ёмныя: <clr>200<clrEnd> рокнролераў"
"/quests/Muzon.qmm/locations/13/texts/1/text"	"Поиск завершен.

Найден <clr>1<clrEnd> музыкант:
Профессия: <clr>Ударник<clrEnd>
Мастерство: <clr>Среднее<clrEnd>
Подъемные: <clr>300<clrEnd> рокнроллеров"	"Quest Muzon.qmm: locations.13.texts.1.text. Preserve every <tag> exactly. English reference: Search complete.

Found <clr>1<clrEnd> musician:
Instrument: <clr>Drums<clrEnd>
Musicianship: <clr>average<clrEnd>
Start-up fee: <clr>300<clrEnd> rockarollars"	"Quest,Muzon"	"Пошук завершаны.

Знойдзены <clr>1<clrEnd> музыка:
Прафэсія: <clr>Бубнач<clrEnd>
Майстэрства: <clr>Сярэдняе<clrEnd>
Пад'ёмныя: <clr>300<clrEnd> рокнролераў"
"/quests/Muzon.qmm/locations/13/texts/2/text"	"Поиск завершен.

Найден <clr>1<clrEnd> музыкант:
Профессия: <clr>Ударник<clrEnd>
Мастерство: <clr>Хорошее<clrEnd>
Подъемные: <clr>400<clrEnd> рокнроллеров"	"Quest Muzon.qmm: locations.13.texts.2.text. Preserve every <tag> exactly. English reference: Search complete.

Found <clr>1<clrEnd> musician:
Instrument: <clr>Drums<clrEnd>
Musicianship: <clr>good<clrEnd>
Start-up fee: <clr>400<clrEnd> rockarollars"	"Quest,Muzon"	"Пошук завершаны.

Знойдзены <clr>1<clrEnd> музыка:
Прафэсія: <clr>Бубнач<clrEnd>
Майстэрства: <clr>Добрае<clrEnd>
Пад'ёмныя: <clr>400<clrEnd> рокнролераў"
"/quests/Muzon.qmm/locations/15/texts/0/text"	"- О, классные струны, да и татуировка прикольная, когда сделал? Ну, если хочешь, я пойду в твою группу, возьмешь меня?"	"Quest Muzon.qmm: locations.15.texts.0.text. Preserve every <tag> exactly. English reference: - Hey, cool strings, and I like your tat too, when did you make it? Well, if you are interested I could join your band, how's that?"	"Quest,Muzon"	"- О, клясныя струны, ды і татуіроўка файная, калі зрабіў? Ну, калі хочаш, я пайду ў твой гурт, возьмеш мяне?"
"/quests/Muzon.qmm/locations/15/texts/1/text"	"- Ну что, передумал? Возьмешь?"	"Quest Muzon.qmm: locations.15.texts.1.text. Preserve every <tag> exactly. English reference: - Did you give it a thought? Are you taking me in?"	"Quest,Muzon"	"- Ну што, перадумаў? Возьмеш?"
"/quests/Muzon.qmm/locations/15/texts/2/text"	"- Ну что, передумал? Возьмешь?"	"Quest Muzon.qmm: locations.15.texts.2.text. Preserve every <tag> exactly. English reference: - Did you give it a thought? Are you taking me in?"	"Quest,Muzon"	"- Ну што, перадумаў? Возьмеш?"
"/quests/Muzon.qmm/locations/15/texts/3/text"	"- Ну что, передумал? Возьмешь?"	"Quest Muzon.qmm: locations.15.texts.3.text. Preserve every <tag> exactly. English reference: - Did you give it a thought? Are you taking me in?"	"Quest,Muzon"	"- Ну што, перадумаў? Возьмеш?"
"/quests/Muzon.qmm/locations/15/texts/4/text"	"- Ну что, передумал? Возьмешь?"	"Quest Muzon.qmm: locations.15.texts.4.text. Preserve every <tag> exactly. English reference: - Did you give it a thought? Are you taking me in?"	"Quest,Muzon"	"- Ну што, перадумаў? Возьмеш?"
"/quests/Muzon.qmm/locations/15/texts/5/text"	"- Ну что, передумал? Возьмешь?"	"Quest Muzon.qmm: locations.15.texts.5.text. Preserve every <tag> exactly. English reference: - Did you give it a thought? Are you taking me in?"	"Quest,Muzon"	"- Ну што, перадумаў? Возьмеш?"
"/quests/Muzon.qmm/locations/15/texts/6/text"	"- Ну что, передумал? Возьмешь?"	"Quest Muzon.qmm: locations.15.texts.6.text. Preserve every <tag> exactly. English reference: - Did you give it a thought? Are you taking me in?"	"Quest,Muzon"	"- Ну што, перадумаў? Возьмеш?"
"/quests/Muzon.qmm/locations/15/texts/7/text"	"- Ну что, передумал? Возьмешь?"	"Quest Muzon.qmm: locations.15.texts.7.text. Preserve every <tag> exactly. English reference: - Did you give it a thought? Are you taking me in?"	"Quest,Muzon"	"- Ну што, перадумаў? Возьмеш?"
"/quests/Muzon.qmm/locations/15/texts/8/text"	"- Ну что, передумал? Возьмешь?"	"Quest Muzon.qmm: locations.15.texts.8.text. Preserve every <tag> exactly. English reference: - Did you give it a thought? Are you taking me in?"	"Quest,Muzon"	"- Ну што, перадумаў? Возьмеш?"
"/quests/Muzon.qmm/locations/15/texts/9/text"	"- Ну что, передумал? Возьмешь?"	"Quest Muzon.qmm: locations.15.texts.9.text. Preserve every <tag> exactly. English reference: - Did you give it a thought? Are you taking me in?"	"Quest,Muzon"	"- Ну што, перадумаў? Возьмеш?"
"/quests/Muzon.qmm/locations/20/texts/0/text"	"Стадион был переполнен. У каждого зрителя был в руках прибор для голосования, позволяющий ему выставить оценку каждой из выступающих групп. Все оценки затем усреднялись, и победителем объявлялась группа, набравшая максимум очков.

Рев зрителей, еле уловимый запах травки, пиво в буфете - как же вы все это любили во времена своей бурной молодости! Вы почувствовали легкую ностальгию...

К вам подошел один из организаторов и сказал, что вашей группе выпало выступать первыми.
Черт побери - это будет сложно, ведь в этом году выступают такие гранды как <clr>Letallica<clrEnd>, <clr>Pink Asteroid<clrEnd> и <clr>Blin 182<clrEnd>. Ну ничего, ""прорвемся"" ответят рейнджера!"	"Quest Muzon.qmm: locations.20.texts.0.text. Preserve every <tag> exactly. English reference: The stadium was crowded. Each spectator had a special voting device, which allowed them to give marks to each of the bands on stage. They than calculated a mean average of all the marks, and the band to receive the highest mark was named the winner.

The roar of the crowd, the hardly traceable smell of weed, a river of beers in the bar - man, did you just love all that back during the time of your misspent youth! You felt a slight nostalgia...

One of the promoters walked up to you and said that your band was to go first.
Damn - they are not making it easy, after all they got such famous bands here today as <clr>Alumminica<clrEnd>, <clr>Pink Asteroid<clrEnd> and <clr>Drink 182<clrEnd>. Oh well, ""let's shred them!"" - any ranger would say"	"Quest,Muzon"	"Стадыён быў перапоўнены. У кожнага гледача быў у руках прыбор для галасаваньня, які дазваляў яму выставіць адзнаку кожнаму з гуртоў, што выступаюць. Потым выводзілі сярэднюю адзнаку, і пераможцам абвяшчаўся гурт, які набраў максымум балаў.

Роў гледачоў, ледзь улоўны пах траўкі, піва ў буфэце — як жа вы ўсё гэта любілі ў часы сваёй бурнай маладосьці! Вы адчулі лёгкую настальгію...

Да вас падышоў адзін з арганізатараў і сказаў, што вашаму гурту выпала выступаць першым.
Хай яму чорт — гэта будзе складана, бо сёлета выступаюць такія гранды, як <clr>Letallica<clrEnd>, <clr>Pink Asteroid<clrEnd> і <clr>Blin 182<clrEnd>. Ну нічога, ""прарвёмся"", адкажа рэйнджэр!"
"/quests/Muzon.qmm/locations/21/texts/0/text"	"Вы стоите на сцене. Вокруг полно народу, каждый кричит что-то неразборчивое. Надо что-то предпринять."	"Quest Muzon.qmm: locations.21.texts.0.text. Preserve every <tag> exactly. English reference: You are on stage. There is a huge crowd around and everyone is shouting something incoherent. Got to do something about it."	"Quest,Muzon"	"Вы стаіце на сцэне. Навокал поўна народу, кожны крычыць нешта неразборлівае. Трэба нешта рабіць."
"/quests/Muzon.qmm/locations/30/texts/0/text"	"- А кого именно?"	"Quest Muzon.qmm: locations.30.texts.0.text. Preserve every <tag> exactly. English reference: - Who exactly?"	"Quest,Muzon"	"- А каго менавіта?"
"/quests/Muzon.qmm/locations/30/texts/1/text"	"- Он иногда в <clr>бар<clrEnd> захаживает, можешь там посмотреть, правда он со странностями, так что имей это в виду."	"Quest Muzon.qmm: locations.30.texts.1.text. Preserve every <tag> exactly. English reference: - Sometimes he'd drop by the <clr>pub<clrEnd> so you may want to go and check if he's there, but he sure is a freak, so I warned you."	"Quest,Muzon"	"- Ён часам у <clr>бар<clrEnd> заходзіць, можаш там паглядзець, праўда, ён са дзівацтвамі, так што май гэта на ўвазе."
"/quests/Muzon.qmm/locations/30/texts/2/text"	"- Не, гитариста здесь нет."	"Quest Muzon.qmm: locations.30.texts.2.text. Preserve every <tag> exactly. English reference: - No, the guitarist is not here."	"Quest,Muzon"	"- Не, гітарыста тут няма."
"/quests/Muzon.qmm/locations/30/texts/3/text"	"Они здесь вообще редко бывают, да и сейчас не исключение."	"Quest Muzon.qmm: locations.30.texts.3.text. Preserve every <tag> exactly. English reference: It's not that often that they are here, and this time is not the exception."	"Quest,Muzon"	"Яны тут наагул рэдка бываюць, ды і цяпер не выключэньне."
"/quests/Muzon.qmm/locations/30/texts/4/text"	"Знакомый малок-охранник поприветствовал вас:

- А, это ты! Все еще ищешь музыкантов в свою группу?"	"Quest Muzon.qmm: locations.30.texts.4.text. Preserve every <tag> exactly. English reference: The familiar Maloq-bouncer met you with a grin:

- Oh, you again! Still looking for musicians, are you?"	"Quest,Muzon"	"Знаёмы ахоўнік-малок павітаў вас:

- А, гэта ты! Усё яшчэ шукаеш музыкаў у свой гурт?"
"/quests/Muzon.qmm/locations/31/texts/0/text"	"Ночью в баре еще больше народу, чем днем, и выпивка дешевле. За барной стойкой сидит пьяный пеленг."	"Quest Muzon.qmm: locations.31.texts.0.text. Preserve every <tag> exactly. English reference: At night there's even more people at the pub, than during the daytime, and the booze is cheaper. A drunken Peleng is sitting at the bar-table."	"Quest,Muzon"	"Уначы ў бары яшчэ больш народу, чым удзень, і выпіўка таньнейшая. За стойкай бару сядзіць п'яны пеленг."
"/quests/Muzon.qmm/locations/31/texts/1/text"	"Ночью в баре еще больше народу, чем днем, и выпивка дешевле. На сцене какой-то человек играет на бас-гитаре. За барной стойкой сидит пьяный пеленг."	"Quest Muzon.qmm: locations.31.texts.1.text. Preserve every <tag> exactly. English reference: At night there's even more people at the pub, than during the daytime, and the booze is cheaper. There's a guy on stage playing a bass-guitar. A drunken Peleng is sitting at the bar-table."	"Quest,Muzon"	"Уначы ў бары яшчэ больш народу, чым удзень, і выпіўка таньнейшая. На сцэне нейкі чалавек грае на бас-гітары. За стойкай бару сядзіць п'яны пеленг."
"/quests/Muzon.qmm/locations/32/texts/0/text"	"Ночью бар обслуживает робот, что, впрочем, не мешает посетителям напиться, устроить драку, чего-нибудь сломать или типа того. Кстати, ночью пиво дешевле, всего <clr>30<clrEnd> рокнроллеров."	"Quest Muzon.qmm: locations.32.texts.0.text. Preserve every <tag> exactly. English reference: At night they have a robot bartender, which, however, does not prevent the patrons from getting drunk, starting a brawl break something and stuff. By the way, at night the beer is cheaper - just <clr>30<clrEnd> rockarollars."	"Quest,Muzon"	"Уначы бар абслугоўвае робат, што, зрэшты, не перашкаджае наведнікам напіцца, учыніць бойку, нешта зламаць ці нешта такое. Дарэчы, уначы піва таньнейшае, усяго <clr>30<clrEnd> рокнролераў."
"/quests/Muzon.qmm/locations/34/texts/0/text"	"В древнем языке исчезнувшей цивилизации гоши: 
чеза хрэн-та означает <clr>805<clrEnd>,
хрэн ти-да означает <clr>78<clrEnd>,
да ладна-та означает <clr>610<clrEnd>, 
ти пнял-да означает <clr>27<clrEnd>.

Что означает на языке гоши
<clr>ладна чеза-да пнял-та<clrEnd>?"	"Quest Muzon.qmm: locations.34.texts.0.text. Preserve every <tag> exactly. English reference: In the ancient language of Goshi civilisation: 
hoo di-hell izzat means <clr>805<clrEnd>,
gou-tuu hell means <clr>78<clrEnd>,
tuu-hell wizzat means <clr>610<clrEnd>, 
izzat sou means <clr>27<clrEnd>.

What does <clr>tuu-hell hoo di-gou izzat<clrEnd> means in Goshi then?"	"Quest,Muzon"	"У старажытнай мове зьніклай цывілізацыі гошы: 
чеза хрэн-та азначае <clr>805<clrEnd>,
хрэн ти-да азначае <clr>78<clrEnd>,
да ладна-та азначае <clr>610<clrEnd>, 
ти пнял-да азначае <clr>27<clrEnd>.

Што азначае на мове гошы
<clr>ладна чеза-да пнял-та<clrEnd>?"
"/quests/Muzon.qmm/locations/34/texts/1/text"	"В древнем языке исчезнувшей цивилизации гоши: 
чеза хрэн-та означает <clr>607<clrEnd>,
хрэн ти-да означает <clr>56<clrEnd>,
да ладна-та означает <clr>810<clrEnd>, 
ти пнял-да означает <clr>25<clrEnd>.

Что означает на языке гоши
<clr>ладна чеза-да пнял-та<clrEnd>?"	"Quest Muzon.qmm: locations.34.texts.1.text. Preserve every <tag> exactly. English reference: In the ancient language of Goshi civilisation: 
hoo di-hell izzat means <clr>607<clrEnd>,
gou-tuu hell means <clr>56<clrEnd>,
tuu-hell wizzat means <clr>810<clrEnd>, 
izzat sou means <clr>25<clrEnd>.

What does <clr>tuu-hell hoo di-gou izzat<clrEnd> means in Goshi then?"	"Quest,Muzon"	"У старажытнай мове зьніклай цывілізацыі гошы: 
чеза хрэн-та азначае <clr>607<clrEnd>,
хрэн ти-да азначае <clr>56<clrEnd>,
да ладна-та азначае <clr>810<clrEnd>, 
ти пнял-да азначае <clr>25<clrEnd>.

Што азначае на мове гошы
<clr>ладна чеза-да пнял-та<clrEnd>?"
"/quests/Muzon.qmm/locations/34/texts/2/text"	"В древнем языке исчезнувшей цивилизации гоши: 
чеза хрэн-та означает <clr>708<clrEnd>,
хрэн ти-да означает <clr>67<clrEnd>,
да ладна-та означает <clr>210<clrEnd>, 
ти пнял-да означает <clr>56<clrEnd>.

Что означает на языке гоши
<clr>ладна чеза-да пнял-та<clrEnd>?"	"Quest Muzon.qmm: locations.34.texts.2.text. Preserve every <tag> exactly. English reference: In the ancient language of Goshi civilisation: 
hoo di-hell izzat means <clr>708<clrEnd>,
gou-tuu hell means <clr>67<clrEnd>,
tuu-hell wizzat means <clr>210<clrEnd>, 
izzat sou means <clr>56<clrEnd>.

What does <clr>tuu-hell hoo di-gou izzat<clrEnd> means in Goshi then?"	"Quest,Muzon"	"У старажытнай мове зьніклай цывілізацыі гошы: 
чеза хрэн-та азначае <clr>708<clrEnd>,
хрэн ти-да азначае <clr>67<clrEnd>,
да ладна-та азначае <clr>210<clrEnd>, 
ти пнял-да азначае <clr>56<clrEnd>.

Што азначае на мове гошы
<clr>ладна чеза-да пнял-та<clrEnd>?"
"/quests/Muzon.qmm/locations/34/texts/3/text"	"В древнем языке исчезнувшей цивилизации гоши: 
чеза хрэн-та означает <clr>207<clrEnd>,
хрэн ти-да означает <clr>52<clrEnd>,
да ладна-та означает <clr>810<clrEnd>, 
ти пнял-да означает <clr>65<clrEnd>.

Что означает на языке гоши
<clr>ладна чеза-да пнял-та<clrEnd>?"	"Quest Muzon.qmm: locations.34.texts.3.text. Preserve every <tag> exactly. English reference: In the ancient language of Goshi civilisation: 
hoo di-hell izzat means <clr>207<clrEnd>,
gou-tuu hell means <clr>52<clrEnd>,
tuu-hell wizzat means <clr>810<clrEnd>, 
izzat sou means <clr>65<clrEnd>.

What does <clr>tuu-hell hoo di-gou izzat<clrEnd> means in Goshi then?"	"Quest,Muzon"	"У старажытнай мове зьніклай цывілізацыі гошы: 
чеза хрэн-та азначае <clr>207<clrEnd>,
хрэн ти-да азначае <clr>52<clrEnd>,
да ладна-та азначае <clr>810<clrEnd>, 
ти пнял-да азначае <clr>65<clrEnd>.

Што азначае на мове гошы
<clr>ладна чеза-да пнял-та<clrEnd>?"
"/quests/Muzon.qmm/locations/34/texts/4/text"	"В древнем языке исчезнувшей цивилизации гоши: 
чеза хрэн-та означает <clr>208<clrEnd>,
хрэн ти-да означает <clr>52<clrEnd>,
да ладна-та означает <clr>710<clrEnd>, 
ти пнял-да означает <clr>65<clrEnd>.

Что означает на языке гоши
<clr>ладна чеза-да пнял-та<clrEnd>?"	"Quest Muzon.qmm: locations.34.texts.4.text. Preserve every <tag> exactly. English reference: In the ancient language of Goshi civilisation: 
hoo di-hell izzat means <clr>208<clrEnd>,
gou-tuu hell means <clr>52<clrEnd>,
tuu-hell wizzat means <clr>710<clrEnd>, 
izzat sou means <clr>65<clrEnd>.

What does <clr>tuu-hell hoo di-gou izzat<clrEnd> means in Goshi then?"	"Quest,Muzon"	"У старажытнай мове зьніклай цывілізацыі гошы: 
чеза хрэн-та азначае <clr>208<clrEnd>,
хрэн ти-да азначае <clr>52<clrEnd>,
да ладна-та азначае <clr>710<clrEnd>, 
ти пнял-да азначае <clr>65<clrEnd>.

Што азначае на мове гошы
<clr>ладна чеза-да пнял-та<clrEnd>?"
"/quests/Muzon.qmm/locations/34/texts/5/text"	"В древнем языке исчезнувшей цивилизации гоши: 
чеза хрэн-та означает <clr>206<clrEnd>,
хрэн ти-да означает <clr>82<clrEnd>,
да ладна-та означает <clr>510<clrEnd>, 
ти пнял-да означает <clr>78<clrEnd>.

Что означает на языке гоши
<clr>ладна чеза-да пнял-та<clrEnd>?"	"Quest Muzon.qmm: locations.34.texts.5.text. Preserve every <tag> exactly. English reference: In the ancient language of Goshi civilisation: 
hoo di-hell izzat means <clr>206<clrEnd>,
gou-tuu hell means <clr>82<clrEnd>,
tuu-hell wizzat means <clr>510<clrEnd>, 
izzat sou means <clr>78<clrEnd>.

What does <clr>tuu-hell hoo di-gou izzat<clrEnd> means in Goshi then?"	"Quest,Muzon"	"У старажытнай мове зьніклай цывілізацыі гошы: 
чеза хрэн-та азначае <clr>206<clrEnd>,
хрэн ти-да азначае <clr>82<clrEnd>,
да ладна-та азначае <clr>510<clrEnd>, 
ти пнял-да азначае <clr>78<clrEnd>.

Што азначае на мове гошы
<clr>ладна чеза-да пнял-та<clrEnd>?"
"/quests/Muzon.qmm/locations/34/texts/6/text"	"В древнем языке исчезнувшей цивилизации гоши: 
чеза хрэн-та означает <clr>206<clrEnd>,
хрэн ти-да означает <clr>52<clrEnd>,
да ладна-та означает <clr>710<clrEnd>, 
ти пнял-да означает <clr>85<clrEnd>.

Что означает на языке гоши
<clr>ладна чеза-да пнял-та<clrEnd>?"	"Quest Muzon.qmm: locations.34.texts.6.text. Preserve every <tag> exactly. English reference: In the ancient language of Goshi civilisation: 
hoo di-hell izzat means <clr>206<clrEnd>,
gou-tuu hell means <clr>52<clrEnd>,
tuu-hell wizzat means <clr>710<clrEnd>, 
izzat sou means <clr>85<clrEnd>.

What does <clr>tuu-hell hoo di-gou izzat<clrEnd> means in Goshi then?"	"Quest,Muzon"	"У старажытнай мове зьніклай цывілізацыі гошы: 
чеза хрэн-та азначае <clr>206<clrEnd>,
хрэн ти-да азначае <clr>52<clrEnd>,
да ладна-та азначае <clr>710<clrEnd>, 
ти пнял-да азначае <clr>85<clrEnd>.

Што азначае на мове гошы
<clr>ладна чеза-да пнял-та<clrEnd>?"
"/quests/Muzon.qmm/locations/34/texts/7/text"	"В древнем языке исчезнувшей цивилизации гоши: 
чеза хрэн-та означает <clr>607<clrEnd>,
хрэн ти-да означает <clr>56<clrEnd>,
да ладна-та означает <clr>210<clrEnd>, 
ти пнял-да означает <clr>85<clrEnd>.

Что означает на языке гоши
<clr>ладна чеза-да пнял-та<clrEnd>?"	"Quest Muzon.qmm: locations.34.texts.7.text. Preserve every <tag> exactly. English reference: In the ancient language of Goshi civilisation: 
hoo di-hell izzat means <clr>607<clrEnd>,
gou-tuu hell means <clr>56<clrEnd>,
tuu-hell wizzat means <clr>210<clrEnd>, 
izzat sou means <clr>85<clrEnd>.

What does <clr>tuu-hell hoo di-gou izzat<clrEnd> means in Goshi then?"	"Quest,Muzon"	"У старажытнай мове зьніклай цывілізацыі гошы: 
чеза хрэн-та азначае <clr>607<clrEnd>,
хрэн ти-да азначае <clr>56<clrEnd>,
да ладна-та азначае <clr>210<clrEnd>, 
ти пнял-да азначае <clr>85<clrEnd>.

Што азначае на мове гошы
<clr>ладна чеза-да пнял-та<clrEnd>?"
"/quests/Muzon.qmm/locations/35/texts/0/text"	"Человек ловко играл на бас-гитаре, он переставлял пальцы с лада на лад так быстро, что у вас закружилась голова."	"Quest Muzon.qmm: locations.35.texts.0.text. Preserve every <tag> exactly. English reference: The guy was a bass-guitar god, his fingers were flying across the fret-board so fast that your head started spinning."	"Quest,Muzon"	"Чалавек спрытна граў на бас-гітары, ён перастаўляў пальцы з ладу на лад так хутка, што ў вас закружылася галава."
"/quests/Muzon.qmm/locations/40/texts/0/text"	"- А я и есть ударник, один из лучших в клубе. Но, к твоему сожалению, я отказываюсь идти к тебе в группу. У нас в рок-клубе существует понятие, что <clr>у настоящего рокера должно быть что-то проколото<clrEnd>. А ты, видно, не настоящий рокер, раз так."	"Quest Muzon.qmm: locations.40.texts.0.text. Preserve every <tag> exactly. English reference: - I am the drummer, one of the best in this club. But I got some bad news for you - I am not going to join your band. We have this rule in our rock-club that <clr>a real rocker should have piercing<clrEnd>. And you don't look like a true rocker to me, since you don't have any."	"Quest,Muzon"	"- А я і ёсьць бубнач, адзін з найлепшых у клюбе. Але, на твой жаль, я адмаўляюся ісьці да цябе ў гурт. У нас у рок-клюбе ёсьць паняцьце, што <clr>у сапраўднага рокера мусіць быць нешта праколатае<clrEnd>. А ты, відаць, не сапраўдны рокер, раз так."
"/quests/Muzon.qmm/locations/41/texts/0/text"	"Гаалец немного удивленно предположил, что вы угадали чисто случайно. Но, как и обещал, дал вам возможность выбрать награду: <clr>струны<clrEnd>, <clr>палки<clrEnd> или полезный <clr>совет<clrEnd>."	"Quest Muzon.qmm: locations.41.texts.0.text. Preserve every <tag> exactly. English reference: The Gaalian looked quite surprised and said something about a wild guess, but a promise is a promise, so he offered you to choose one of the following available prizes: <clr>a set of strings<clrEnd>, <clr>drumsticks<clrEnd> or useful <clr>advice<clrEnd>."	"Quest,Muzon"	"Гаалец трохі зьдзіўлена выказаў здагадку, што вы адгадалі чыста выпадкова. Але, як і абяцаў, даў вам магчымасьць абраць узнагароду: <clr>струны<clrEnd>, <clr>палачкі<clrEnd> або карысны <clr>парада<clrEnd>."
"/quests/Muzon.qmm/locations/42/texts/0/text"	"Гаалец сказал, что у него нет времени разговаривать со всякими туристами, но если вы отгадаете его загадку, то он наградит вас струнами, барабанными палками или полезным советом - на ваш выбор..."	"Quest Muzon.qmm: locations.42.texts.0.text. Preserve every <tag> exactly. English reference: The Gaalian said he had no time to waste on some tourist, but if you could guess his riddle he would give you a set of strings, drumsticks, or useful advice - whatever you choose yourself..."	"Quest,Muzon"	"Гаалец сказаў, што ў яго няма часу размаўляць з усялякімі турыстамі, але калі вы адгадаеце яго загадку, то ён узнагародзіць вас струнамі, барабаннымі палачкамі або карыснай парадай — на ваш выбар..."
"/quests/Muzon.qmm/locations/43/texts/0/text"	"В мрачном, оформленном в антиготическом стиле салоне делают недорогие татуировки и прокалывают все, что болтается."	"Quest Muzon.qmm: locations.43.texts.0.text. Preserve every <tag> exactly. English reference: In the grim tattoo-parlour decorated in anti-gothic fashion you could get a cheap tat and pierce anything that dangles."	"Quest,Muzon"	"У змрочным салёне, аформленым насуперак готыцы, робяць недарагія татуіроўкі і праколваюць усё, што боўтаецца."
"/quests/Muzon.qmm/locations/45/texts/0/text"	"Открыв каталог, вы выбираете татуировку. После длительного листания, останавливаетесь на красивой татуировке в виде трехгрифовой гитары и красивого разноцветного дракона - древнего обитателя человеческих планет."	"Quest Muzon.qmm: locations.45.texts.0.text. Preserve every <tag> exactly. English reference: You opened the catalogue and started browsing through the available tattoo-flashes. After some time you stopped on a beautiful tat depicting a three-neck guitar and a colourful dragon - an inhabitant of Human planets."	"Quest,Muzon"	"Адчыніўшы каталёг, вы выбіраеце татуіроўку. Пасьля доўгага гартаньня спыняецеся на прыгожай татуіроўцы ў выглядзе гітары з трыма грыфамі і прыгожага рознакаляровага цмока — старажытнага насельніка людзкіх плянэтаў."
"/quests/Muzon.qmm/locations/47/texts/0/text"	"Вы нашли клавишника, передали ему привет от Маарли и пригласили его к себе в группу... 

- В группу? Че-то не хочется. Хотя ладно, но только если в бильярд меня обыграешь."	"Quest Muzon.qmm: locations.47.texts.0.text. Preserve every <tag> exactly. English reference: You found the keyboardist, said him hello from Maarlie, and invited him to join your band... 

- Band? Nah, I don't feel like it. Then again, if you win a game of pool against me..."	"Quest,Muzon"	"Вы знайшлі клавішніка, перадалі яму прывітаньне ад Маарлі і запрасілі яго да сябе ў гурт... 

- У гурт? Нешта не хочацца. Хоць добра, але толькі калі ў більярд мяне абыграеш."
"/quests/Muzon.qmm/locations/48/texts/0/text"	"Стартовая страничка библиотеки вечно тормозит - слишком уж популярны у пользователей книги. Через некоторое время она все же загрузилась. Что желаете почитать? Стоимость одной книги <clr>50<clrEnd> рокнроллеров."	"Quest Muzon.qmm: locations.48.texts.0.text. Preserve every <tag> exactly. English reference: The start page of the library takes aeons to load - seems like the net-users are really into reading. Finally it loaded. So what will it be? The cost per one book is <clr>50<clrEnd> rockarollars."	"Quest,Muzon"	"Стартавая старонка бібліятэкі вечна тармозіць — занадта ўжо папулярныя ў карыстальнікаў кнігі. Праз нейкі час яна ўсё ж загрузілася. Што жадаеце пачытаць? Кошт адной кнігі <clr>50<clrEnd> рокнролераў."
"/quests/Muzon.qmm/locations/48/texts/1/text"	"Некоторые правила человеческого этикета, приведенные в книге, стали для вас откровением. Оказывается, нельзя говорить незнакомому человеку: ""Ты - скотина!"" Воспитанный человек всегда обращается к незнакомцу на ""вы"" и добавляет слово ""сэр"": ""Вы - скотина, сэр!"" И даже если данный человек вас окончательно достал, все равно не надо говорить ему: ""Заткни свою вонючую пасть!!!"" Намного вежливее будет сказать: ""Не откажите в любезности, милостивый государь, благороднейше соизволить заткнуть свою вонючую пасть!""

Прочитав книгу до конца, вы почувствовали, что стали гораздо культурнее, чем раньше.

Потратим еще <clr>50<clrEnd> рокнроллеров на чтение?"	"Quest Muzon.qmm: locations.48.texts.1.text. Preserve every <tag> exactly. English reference: Some of the rules of Human etiquette, mentioned in the book were a revelation to you. As it turned out you could never say to a stranger: ""Yo, scumbag!"" A well-mannered person would always pronounce all the words correctly and add ""sir"" as in: ""You are a scumbag, sir!"" And even if the person has completely gotten on your nerves, you still should not say: ""Shut your stinking trap!!!"" A polite way of saying this would be: ""Excuse me, sir, but would you be so kind as to shut your stinking trap, please?!""

When you finished the book you felt you had become a lot more cultured, than before

Spend another <clr>50<clrEnd> rockarollars for reading?"	"Quest,Muzon"	"Некаторыя правілы людзкога этыкету, прыведзеныя ў кнізе, сталі для вас адкрыцьцём. Аказваецца, нельга казаць незнаёмаму чалавеку: ""Ты — скаціна!"" Выхаваны чалавек заўсёды зьвяртаецца да незнаёмца на ""вы"" і дадае слова ""сэр"": ""Вы — скаціна, сэр!"" І нават калі гэты чалавек вас канчаткова дастаў, усё адно не трэба казаць яму: ""Заткні сваю смуродную пашчу!!!"" Нашмат больш ветліва будзе сказаць: ""Не адмоўце ў ласцы, міласьцівы гаспадар, шляхетна зволіць заткнуць сваю смуродную пашчу!""

Прачытаўшы кнігу да канца, вы адчулі, што сталі значна больш культурныя, чым раней.

Патрацім яшчэ <clr>50<clrEnd> рокнролераў на чытаньне?"
"/quests/Muzon.qmm/locations/48/texts/2/text"	"Вопреки вашим ожиданиям, вместо вожделенной эротики, книга оказалась каким-то скучнейшим романом о любви в допотопные времена, с кучей действующих лиц и многочисленными древними терминами, за объяснением которых приходилось лазить в пухлый глоссарий в конце книги. Такое чтение вам быстро надоело. Эх, только время и деньги зря потеряли!

Будете еще что-нибудь читать? Цена одной книги <clr>50<clrEnd> рокнроллеров."	"Quest Muzon.qmm: locations.48.texts.2.text. Preserve every <tag> exactly. English reference: In spite of your expectations, instead of the longed-for soft-core, the book turned out to be an ancient boring love story, with a godzillion of characters and multiple ancient terms, to understand the meaning of which you had to consult a thick glossary in the end of the book. Very soon you were tired of this reading. What a waste of time and money!

Anything else you wanted to read? The cost is <clr>50<clrEnd> rockarollars per book."	"Quest,Muzon"	"Насуперак таму, чаго вы чакалі, замест жаданай эротыкі кніга аказалася нейкім найнуднейшым раманам пра каханьне ў дапатопныя часы, з кучай дзейных асобаў і шматлікімі старажытнымі тэрмінамі, дзеля тлумачэньня якіх даводзілася лазіць у тоўсты глясарый у канцы кнігі. Такое чытаньне вам хутка надакучыла. Эх, толькі час і грошы марна згубілі!

Будзеце яшчэ нешта чытаць? Цана адной кнігі <clr>50<clrEnd> рокнролераў."
"/quests/Muzon.qmm/locations/48/texts/3/text"	"Книга известного пеленгского бильярдиста содержала массу ценных советов по игре в бильярд: ""Кий нужно держать всеми четырьмя руками"", ""Никогда не зажмуривайтесь перед ударом!"", ""Во время хода соперника расскажите ему анекдот посмешнее"", и т.д. Пожалуй, теперь вы кое-что понимаете в бильярдной игре!"	"Quest Muzon.qmm: locations.48.texts.3.text. Preserve every <tag> exactly. English reference: The book by a famous Peleng pool-player contained a load of valuable advice on the game: ""Hold the cue-stick with all your four hands"", ""Never close your eyes before the shot!"", ""When it is your opponent's turn tell them a funny joke"", etc. Well, after reading this you surely started understanding the game better!"	"Quest,Muzon"	"Кніга вядомага пеленгскага більярдыста зьмяшчала процьму каштоўных парадаў па гульні ў більярд: ""Кій трэба трымаць усімі чатырма рукамі"", ""Ніколі не заплюшчвайцеся перад ударам!"", ""Падчас ходу саперніка раскажыце яму вясёлы анэкдот"", і г.д. Бадай, цяпер вы нешта разумееце ў більярднай гульні!"
"/quests/Muzon.qmm/locations/48/texts/4/text"	"Вы открыли книгу на произвольной странице и прочли следующие лирические строки:

В поле, как болванчики,
Зреют одуванчики,
Не могу понять никак,
Почему не зреет мак?!

Но тут ваше поэтическое настроение было самым прозаическим образом испорчено появившейся на экране надписью:

<clr>""ПОЗДРАВЛЯЕМ!!! Вы стали 10000-м читателем этой замечательной книги! В качестве приза вам будет подарен печатный экземпляр!!!""<clrEnd>

И действительно, вскоре в ваш номер доставили большую книгу ""Современная лирика"" в красивой обложке, на которой был изображен человек с черепом в руке."	"Quest Muzon.qmm: locations.48.texts.4.text. Preserve every <tag> exactly. English reference: You opened the book on a random page and read the following:

In the field the daffodils,
Ripen as a bunch of thrills,
But I still can't understand,
Why the poppies don't ripen?!

However at this the poetic spell was broken with the most annoying pop-up banner:

<clr>""CONGRATULATIONS!!! You are the 10000th person reading this book! As a prize you will get a printed copy of it!!!""<clrEnd>

And indeed soon a large and nice-looking volume entitled ""Contemporary Poetry"" and that had a picture of a man holding a skull on the cover was delivered to your room."	"Quest,Muzon"	"Вы адчынілі кнігу на адвольнай старонцы і прачыталі наступныя лірычныя радкі:

У полі, быццам цацкі,
Сьпеюць дзьмухаўцы,
Ніяк ня магу зразумець,
Чаму ня сьпее мак?!

Але тут ваш паэтычны настрой быў самым празаічным чынам сапсаваны надпісам, што зьявіўся на экране:

<clr>""ВІНШУЕМ!!! Вы сталі дзесяцітысячным чытачом гэтай выдатнай кнігі! У якасьці прыза вам будзе падараваны друкаваны асобнік!!!""<clrEnd>

І сапраўды, неўзабаве ў ваш пакой даставілі вялікую кнігу ""Сучасная лірыка"" ў прыгожай вокладцы, на якой быў намаляваны чалавек з чэрапам у руцэ."
"/quests/Muzon.qmm/locations/48/texts/5/text"	"Вы прочитали сборник классических пеленгских нецензурных анекдотов. Настроение сразу повысилось!"	"Quest Muzon.qmm: locations.48.texts.5.text. Preserve every <tag> exactly. English reference: You read a collection of classic Peleng obscene jokes, which certainly improved your mood!"	"Quest,Muzon"	"Вы прачыталі зборнік клясычных пеленгскіх нецэнзурных анэкдотаў. Настрой адразу павысіўся!"
"/quests/Muzon.qmm/locations/50/texts/0/text"	"Вам пришлось подождать, пока репетиционный зал приведут в порядок после выступления предыдущей группы. Наконец вы заняли его. Одна репетиция стоит <clr>50<clrEnd> рокнроллеров."	"Quest Muzon.qmm: locations.50.texts.0.text. Preserve every <tag> exactly. English reference: You had to wait before they cleaned up the rehearsal room after the previous band. Finally you were ready to go. One rehearsal costs <clr>50<clrEnd> rockarollars."	"Quest,Muzon"	"Вам давялося пачакаць, пакуль рэпэтыцыйную залю прывядуць у парадак пасьля выступу папярэдняга гурту. Нарэшце вы занялі яе. Адна рэпэтыцыя каштуе <clr>50<clrEnd> рокнролераў."
"/quests/Muzon.qmm/locations/50/texts/1/text"	"""А теперь попробуем играть все вместе!"" - сказали вы и принялись петь песню. С каждым разом ваша группа звучала все лучше и лучше - музыканты явно подстраивались друг под друга!

Вы стоите в репетиционном зале. Одна репетиция стоит <clr>50<clrEnd> рокнроллеров."	"Quest Muzon.qmm: locations.50.texts.1.text. Preserve every <tag> exactly. English reference: ""Now let's try it altogether!"" - you said and started singing a song. With each and every time you played your band sounded better and better - your musicians were definitely getting the knack of it!

You are standing in the rehearsal room. One rehearsal costs <clr>50<clrEnd> rockarollars."	"Quest,Muzon"	"""А цяпер паспрабуем граць усе разам!"" — сказалі вы і ўзяліся сьпяваць песьню. З кожным разам ваш гурт гучаў усё лепей і лепей — музыкі яўна падладжваліся адзін пад аднаго!

Вы стаіце ў рэпэтыцыйнай залі. Адна рэпэтыцыя каштуе <clr>50<clrEnd> рокнролераў."
"/quests/Muzon.qmm/locations/50/texts/2/text"	"""Поработай над ритмом!"" - сказали вы ударнику. Тот принялся неистово лупить по барабанам и тарелкам. Через некоторое время вы отметили, что игра ударника стала гораздо лучше.

Вы стоите в репетиционном зале. Одна репетиция стоит <clr>50<clrEnd> рокнроллеров."	"Quest Muzon.qmm: locations.50.texts.2.text. Preserve every <tag> exactly. English reference: ""Work on the beat!"" - you told the drummer. He responded by totally whaling out at his drums and cymbals. Soon you noticed that the drummer was now sounding much better.

You are standing in the rehearsal room. One rehearsal costs <clr>50<clrEnd> rockarollars."	"Quest,Muzon"	"""Папрацуй над рытмам!"" — сказалі вы бубначу. Той узяўся шалёна лупцаваць па барабанах і талерках. Праз нейкі час вы адзначылі, што гульня бубнача стала значна лепшая.

Вы стаіце ў рэпэтыцыйнай залі. Адна рэпэтыцыя каштуе <clr>50<clrEnd> рокнролераў."
"/quests/Muzon.qmm/locations/50/texts/3/text"	"""Отрепетируй классный проигрыш!"" - сказали вы гитаристу. Он принялся исполнять крутые переборы и вскоре нашел мелодию, которая вам понравилась. Мастерство гитариста повысилось!

Вы стоите в репетиционном зале. Одна репетиция стоит <clr>50<clrEnd> рокнроллеров."	"Quest Muzon.qmm: locations.50.texts.3.text. Preserve every <tag> exactly. English reference: ""Hey that was good riff - practice it!"" - you told the guitarist. He started shredding his guitar until he finally came up with the riff that you all liked. He was definitely improving his skills!

You are standing in the rehearsal room. One rehearsal costs <clr>50<clrEnd> rockarollars."	"Quest,Muzon"	"""Адрэпэтуй клясны рыф!"" — сказалі вы гітарысту. Ён узяўся выконваць крутыя пераборы і неўзабаве знайшоў мэлёдыю, якая вам спадабалася. Майстэрства гітарыста павысілася!

Вы стаіце ў рэпэтыцыйнай залі. Адна рэпэтыцыя каштуе <clr>50<clrEnd> рокнролераў."
"/quests/Muzon.qmm/locations/50/texts/4/text"	"""Для песни нужен проигрыш на басах, - обратились вы к бас-гитаристу. - Подбери что-нибудь!"" Музыкант долго терзал ваш слух тяжелыми аккордами, но наконец вы нашли что-то подходящее. Мастерство бас-гитариста выросло!

Вы стоите в репетиционном зале. Одна репетиция стоит <clr>50<clrEnd> рокнроллеров."	"Quest Muzon.qmm: locations.50.texts.4.text. Preserve every <tag> exactly. English reference: ""I want a more distinct bass-line here, - you told the bass-player. - Try something!"" The guy spent some time torturing your ears with heavy booming sounds, but finally you found something that sounded good enough. He was definitely improving his skills!

You are standing in the rehearsal room. One rehearsal costs <clr>50<clrEnd> rockarollars."	"Quest,Muzon"	"""Для песьні патрэбная партыя на басах, — зьвярнуліся вы да бас-гітарыста. — Падбяры нешта!"" Музыка доўга мучыў ваш слых цяжкімі акордамі, але нарэшце вы знайшлі нешта прыдатнае. Майстэрства бас-гітарыста вырасла!

Вы стаіце ў рэпэтыцыйнай залі. Адна рэпэтыцыя каштуе <clr>50<clrEnd> рокнролераў."
"/quests/Muzon.qmm/locations/50/texts/5/text"	"""Ну-ка, сбацай что-нибудь, - попросили вы клавишника. - Мурку можешь?"" Клавишник тут же принялся лабать какой-то мотивчик. Вы отметили, что его игра вам нравится все больше и больше.

Вы стоите в репетиционном зале. Одна репетиция стоит <clr>50<clrEnd> рокнроллеров."	"Quest Muzon.qmm: locations.50.texts.5.text. Preserve every <tag> exactly. English reference: ""Hey, come on, just jam, dude, - you told the keyboardist. - How about ""Smoke On The Water""?"" The keyboardist started playing and you noticed that you liked him more and more.

You are standing in the rehearsal room. One rehearsal costs <clr>50<clrEnd> rockarollars."	"Quest,Muzon"	"""Ну-ка, сыграй нешта, — папрасілі вы клавішніка. — Мурку можаш?"" Клавішнік адразу ўзяўся граць нейкі матыў. Вы адзначылі, што яго гульня вам падабаецца ўсё больш і больш.

Вы стаіце ў рэпэтыцыйнай залі. Адна рэпэтыцыя каштуе <clr>50<clrEnd> рокнролераў."
"/quests/Muzon.qmm/locations/50/texts/6/text"	"""А теперь все замолчали! - крикнули вы музыкантом. - Я петь буду!""

Вы начали петь и почувствовали, что основательно забыли, как это делается! Но с каждым куплетом ваше умение восстанавливалось, и вот уже вы заметили, как ваша группа перестает затыкать уши, и даже прислушивается к словам. Ваше умение явно повышается!

Вы стоите в репетиционном зале. Одна репетиция стоит <clr>50<clrEnd> рокнроллеров."	"Quest Muzon.qmm: locations.50.texts.6.text. Preserve every <tag> exactly. English reference: ""And now silence everyone! - you shouted to the musicians. - I'm going to sing!""

You started singing and quickly understood you totally forgot how you do it! But with each and every verse your skills were improving, and soon you noticed that your musicians stopped plugging their ears, and even started singing along. You are definitely improving!

You are standing in the rehearsal room. One rehearsal costs <clr>50<clrEnd> rockarollars."	"Quest,Muzon"	"""А цяпер усе змоўклі! — крыкнулі вы музыкам. — Я сьпяваць буду!""

Вы пачалі сьпяваць і адчулі, што грунтоўна забылі, як гэта робіцца! Але з кожным куплетам вашае ўменьне вярталася, і вось ужо вы заўважылі, як ваш гурт перастае затыкаць вушы і нават прыслухоўваецца да словаў. Вашае ўменьне яўна павышаецца!

Вы стаіце ў рэпэтыцыйнай залі. Адна рэпэтыцыя каштуе <clr>50<clrEnd> рокнролераў."
"/quests/Muzon.qmm/locations/52/texts/0/text"	"Здравствуйте, рейнджер <Ranger>, в вашем почтовом ящике ""<clr>самый_крутой_рейнджер_<clrEnd><Ranger><clr>@драмблер.сом<clrEnd>"" есть сообщения в количестве [p47] штук."	"Quest Muzon.qmm: locations.52.texts.0.text. Preserve every <tag> exactly. English reference: Hello, Ranger <Ranger>, you have [p47]  messages in your mailbox ""<Ranger><clr>_the-magnificent_and_the_wonderful<clrEnd><clr>@hotmale.com<clrEnd>""."	"Quest,Muzon"	"Вітаю, рэйнджэр <Ranger>, у вашай паштовай скрыні ""<clr>самы_круты_рэйнджэр_<clrEnd><Ranger><clr>@драмблер.сом<clrEnd>"" ёсьць паведамленьні ў колькасьці [p47] штук."
"/quests/Muzon.qmm/locations/52/texts/1/text"	"От кого: <clr>Правительство планеты<clrEnd> <FromPlanet>
Тема: <clr>Задание<clrEnd>

Здравствуйте, <Ranger>. Рассказываем вам более подробно о вашем задании:
Вам необходимо набрать группу из <clr>4<clrEnd>-х музыкантов, вы в ней будете в роли <clr>вокалиста<clrEnd>. Вам нужен <clr>гитарист<clrEnd>, <clr>клавишник<clrEnd>, <clr>бас-гитарист<clrEnd> и <clr>ударник<clrEnd>. Когда вы найдете музыкантов, подайте <clr>заявку<clrEnd> и купите <clr>песню<clrEnd>, это можно сделать в студии. Желательно также <clr>порепетировать<clrEnd> там. Все остальное на ваше усмотрение, но не подведите нас, мы на вас возлагаем большие надежды.

С уважением, <clr>Правительство планеты<clrEnd> <FromPlanet>"	"Quest Muzon.qmm: locations.52.texts.1.text. Preserve every <tag> exactly. English reference: From: <FromPlanet> <clr>Govt<clrEnd>
Subject: <clr>Mission<clrEnd>

Hello, <Ranger>. Here're the details of your mission:
You have to form a band of <clr>4<clrEnd> musicians, plus you as a <clr>singer<clrEnd>. You will need <clr>a guitarist<clrEnd>, <clr>a keyboardist<clrEnd>, <clr>a bass player<clrEnd> and <clr>a drummer<clrEnd>. Once you complete the lineup, file a <clr>participation request<clrEnd> and buy a <clr>song<clrEnd>, this you can do in the studio. It is also advisable that you <clr>practice<clrEnd> there. The rest of it is up to you, but don't fail us, we have big hopes for you. 

Regards, <FromPlanet> <clr>Govt<clrEnd>"	"Quest,Muzon"	"Ад каго: <clr>Урад плянэты<clrEnd> <FromPlanet>
Тэма: <clr>Заданьне<clrEnd>

Вітаю, <Ranger>. Расказваем вам падрабязьней пра ваша заданьне:
Вам трэба набраць гурт з <clr>4<clrEnd> музыкаў, вы ў ім будзеце ў ролі <clr>вакаліста<clrEnd>. Вам патрэбны <clr>гітарыст<clrEnd>, <clr>клавішнік<clrEnd>, <clr>бас-гітарыст<clrEnd> і <clr>бубнач<clrEnd>. Калі знойдзеце музыкаў, падайце <clr>заяву<clrEnd> і купіце <clr>песьню<clrEnd>, гэта можна зрабіць у студыі. Пажадана таксама <clr>парэпэтаваць<clrEnd> там. Усё астатняе на ваш выбар, але не падвядзіце нас, мы на вас ускладаем вялікія надзеі.

З павагай, <clr>Урад плянэты<clrEnd> <FromPlanet>"
"/quests/Muzon.qmm/locations/52/texts/2/text"	"От кого: <clr>Научная база Фэяночка<clrEnd>
Тема: <clr>Статья ""Восходящие и нисходящие потоки воздуха""<clrEnd>

""Пока скорость течения остается на среднем уровне - ниже, чем в адиабатическом случае для сухого воздуха, и выше, чем в адиабатическом случае для воздуха, насыщенного водяными парами - мы легко можем представить себе, что изолированная воздушная масса, которая насыщается до абсолютной влажности при температуре, несколько превышающей температуру окружающего воздуха, окажется в состоянии начать восходящее движение, поскольку при постулированных условиях ее температура на любой достигнутой высоте будет выше, чем температура окружающего воздуха. 

Однако противоположный процесс - нисходящее течение - понять не так легко..."" 

Вы почему-то решили удалить это сообщение."	"Quest Muzon.qmm: locations.52.texts.2.text. Preserve every <tag> exactly. English reference: From: <clr>Faeyanette Scientific Base<clrEnd>
Subject: <clr>Article ""Ascending and descending air streams""<clrEnd>

""While the current velocity remains at the average level - that is lower, than for dry air, in adiabatic case, and higher, than for water vapour enriched air, in adiabatic case - we can easily imagine that an isolated air-mass, that reaches absolute humidity only at a temperature slightly higher than the temperature of ambient air, will be able to start ascending, since in postulated conditions its temperature at any height, will be higher than that of ambient air.

However the opposite process - that is downstreaming - is not that easy to understand..."" 

For some reason you decided to delete this message."	"Quest,Muzon"	"Ад каго: <clr>Навуковая база Фэяначка<clrEnd>
Тэма: <clr>Артыкул ""Узыходныя і сыходныя патокі паветра""<clrEnd>

""Пакуль хуткасьць цячэньня застаецца на сярэднім узроўні — ніжэй, чым у адыябатычным выпадку для сухога паветра, і вышэй, чым у адыябатычным выпадку для паветра, насычанага вадзяной парай, — мы лёгка можам уявіць сабе, што ізаляваная паветраная маса, якая насычаецца да абсалютнай вільготнасьці пры тэмпэратуры, крыху вышэйшай за тэмпэратуру навакольнага паветра, акажацца ў стане пачаць узыходны рух, бо пры пастуляваных умовах яе тэмпэратура на любой дасягнутай вышыні будзе вышэйшая, чым тэмпэратура навакольнага паветра. 

Аднак супрацьлеглы працэс — сыходнае цячэньне — зразумець не так лёгка..."" 

Вы чамусьці вырашылі выдаліць гэтае паведамленьне."
"/quests/Muzon.qmm/locations/52/texts/3/text"	"От кого: <clr>Секта ""Сыны Господа""<clrEnd>
Тема: <clr>Святое письмо<clrEnd>

""Получив это письмо, сделайте с него 33 миллиона копий и разошлите его 33 миллионам адресатов, и будет вам СЧАСТЬЕ! А если вы этого не сделаете, то будет вам НЕСЧАСТЬЕ. Один пользователь удалил это письмо, и его компьютер заразился вирусом. А другой пользователь разослал это письмо 33 миллионам адресатов, и больше никогда не получал от нас подобного спама...""

Вы решили удалить это письмо, правда, предварительно проверив лаптоп на вирусы..."	"Quest Muzon.qmm: locations.52.texts.3.text. Preserve every <tag> exactly. English reference: From: <clr>""God Sons"" Sect<clrEnd>
Subject: <clr>Holy Message<clrEnd>

""Once you get this letter copy it 33 million times and send it to 33 million addressees from your address book, and receive GOD'S BLESSING! And if you don't do it, you will be CURSED by the devil. A user once deleted this letter, and his computer was infected by a virus. And another user sent this letter to 33 million addressees and never received this spam from us again...""

You decided to delete the letter, preliminarily running a virus-scan..."	"Quest,Muzon"	"Ад каго: <clr>Сэкта ""Сыны Госпада""<clrEnd>
Тэма: <clr>Сьвяты ліст<clrEnd>

""Атрымаўшы гэты ліст, зрабіце з яго 33 мільёны копіяў і разашліце яго 33 мільёнам адрасатаў, і будзе вам ШЧАСЬЦЕ! А калі вы гэтага не зробіце, то будзе вам НЯШЧАСЬЦЕ. Адзін карыстальнік выдаліў гэты ліст, і яго кампутар заразіўся вірусам. А другі карыстальнік разаслаў гэты ліст 33 мільёнам адрасатаў і больш ніколі не атрымліваў ад нас падобнага ліста...""

Вы вырашылі выдаліць гэты ліст, праўда, спачатку праверыўшы ноўтбук на вірусы..."
"/quests/Muzon.qmm/locations/52/texts/4/text"	"От кого: <clr>Рейнджер Дохляга<clrEnd>
Тема: <clr>Кто хочет освободить систему от доминаторов?<clrEnd>

""Кто желает совместно освободить какую-нибудь систему, пишите мне на мыло. Обсудим детали. Чур, ноды друг у друга из-под носа не воровать!""

Вы стерли это сообщение - вам сейчас актуальнее набрать группу, а системы никуда не убегут."	"Quest Muzon.qmm: locations.52.texts.4.text. Preserve every <tag> exactly. English reference: From: <clr>Ranger Feebling<clrEnd>
Subject: <clr>Want to purge a system from Dominators?<clrEnd>

""Anyone who is interested in teaming up with me and purge some system from the Dominators, ping me! We can discuss the details. One thing - do not steal nodes from each other!""

You deleted the message - right now it is much more important for you to form that band, and the Dominators can wait."	"Quest,Muzon"	"Ад каго: <clr>Рэйнджэр Кволы<clrEnd>
Тэма: <clr>Хто хоча вызваліць сыстэму ад дамінатараў?<clrEnd>

""Хто жадае разам вызваліць якую-небудзь сыстэму, пішыце мне на пошту. Абмяркуем дэталі. Толькі нод адзін у аднаго з-пад носа не красьці!""

Вы сьцерлі гэтае паведамленьне — вам цяпер больш важна набраць гурт, а сыстэмы нікуды не ўцякуць."
"/quests/Muzon.qmm/locations/52/texts/5/text"	"От кого: <clr>Рейнджер Лаамер<clrEnd>
Тема: <clr>Достали уже эти ламеры!<clrEnd>

""Объясняю в последний раз: чтобы отформатировать диск, не потеряв имеющуюся на нем информацию, необходимо иметь не менее 51% диска свободным! Если это так, то надо сначала сбросить всю информацию на левую половину диска, и отформатировать ПРАВУЮ (не перепутайте!). Когда вылезет надпись ""Disk C: format complete 50%"", надо быстренько перекинуть всю инфу направо, и продолжить форматирование левой половины диска. В результате получим полностью отформатированный диск с сохраненной на нем информацией. Что тут непонятного?!""

Вы удалили это сообщение. Тоже мне, советчик нашелся, можно подумать, что вы сами не умеете диски форматировать!"	"Quest Muzon.qmm: locations.52.texts.5.text. Preserve every <tag> exactly. English reference: From: <clr>Ranger Laamer<clrEnd>
Subject: <clr>Tired of Lamers?<clrEnd>

""This is the last time I am explaining this: in order to format a hard disk drive and not lose the data stored thereon, you must have at least 51% of free disk space! If this is the case, first you have to transfer all of the information onto the side of the disk, and format the RIGHT side (do not mix it!). When you see the ""Disk C: format complete 50%"" in the dialogue window, then quickly transfer all of the information to the right, and continue formatting the left side of the disk. As a result we are going to get a completely formatted disk with intact data. What's so difficult about this?!""

You removed the message. Right, look at Mr. Adviser here, as if you did not know how to format a disk yourself!"	"Quest,Muzon"	"Ад каго: <clr>Рэйнджэр Лаамер<clrEnd>
Тэма: <clr>Дасталі ўжо гэтыя ламеры!<clrEnd>

""Тлумачу апошні раз: каб фарматаваць дыск, не згубіўшы наяўную на ім інфармацыю, неабходна мець ня менш за 51% дыска вольным! Калі гэта так, то трэба спачатку скінуць усю інфармацыю на левую палову дыска і фарматаваць ПРАВУЮ (не пераблытайце!). Калі вылезе надпіс ""Disk C: format complete 50%"", трэба хуценька перакінуць усю інфармацыю направа і працягнуць фарматаваньне левай паловы дыска. У выніку атрымаем дыск пасьля поўнага фарматаваньня з захаванай на ім інфармацыяй. Што тут незразумелага?!""

Вы выдалілі гэтае паведамленьне. Яшчэ дарадца знайшоўся, можна падумаць, што вы самі ня ўмееце дыскі фарматаваць!"
"/quests/Muzon.qmm/locations/54/texts/0/text"	"Поиск завершен.

Найден <clr>1<clrEnd> музыкант:
Профессия: <clr>Гитарист<clrEnd>
Мастерство: <clr>Плохое<clrEnd>
Подъемные: <clr>200<clrEnd> рокнроллеров"	"Quest Muzon.qmm: locations.54.texts.0.text. Preserve every <tag> exactly. English reference: Search complete.

Found <clr>1<clrEnd> musician:
Occupation: <clr>Guitarist<clrEnd>
Musicianship: <clr>poor<clrEnd>
Start-up fee: <clr>200<clrEnd> rockarollars"	"Quest,Muzon"	"Пошук завершаны.

Знойдзены <clr>1<clrEnd> музыка:
Прафэсія: <clr>Гітарыст<clrEnd>
Майстэрства: <clr>Дрэннае<clrEnd>
Пад'ёмныя: <clr>200<clrEnd> рокнролераў"
"/quests/Muzon.qmm/locations/54/texts/1/text"	"Поиск завершен.

Найден <clr>1<clrEnd> музыкант:
Профессия: <clr>Гитарист<clrEnd>
Мастерство: <clr>Среднее<clrEnd>
Подъемные: <clr>300<clrEnd> рокнроллеров"	"Quest Muzon.qmm: locations.54.texts.1.text. Preserve every <tag> exactly. English reference: Search complete.

Found <clr>1<clrEnd> musician:
Occupation: <clr>Guitarist<clrEnd>
Musicianship: <clr>average<clrEnd>
Start-up fee: <clr>300<clrEnd> rockarollars"	"Quest,Muzon"	"Пошук завершаны.

Знойдзены <clr>1<clrEnd> музыка:
Прафэсія: <clr>Гітарыст<clrEnd>
Майстэрства: <clr>Сярэдняе<clrEnd>
Пад'ёмныя: <clr>300<clrEnd> рокнролераў"
"/quests/Muzon.qmm/locations/54/texts/2/text"	"Поиск завершен.

Найден <clr>1<clrEnd> музыкант:
Профессия: <clr>Гитарист<clrEnd>
Мастерство: <clr>хорошее<clrEnd>
Подъемные: <clr>400<clrEnd> рокнроллеров"	"Quest Muzon.qmm: locations.54.texts.2.text. Preserve every <tag> exactly. English reference: Search complete.

Found <clr>1<clrEnd> musician:
Occupation: <clr>Guitarist<clrEnd>
Musicianship: <clr>good<clrEnd>
Start-up fee: <clr>400<clrEnd> rockarollars"	"Quest,Muzon"	"Пошук завершаны.

Знойдзены <clr>1<clrEnd> музыка:
Прафэсія: <clr>Гітарыст<clrEnd>
Майстэрства: <clr>Добрае<clrEnd>
Пад'ёмныя: <clr>400<clrEnd> рокнролераў"
"/quests/Muzon.qmm/locations/62/texts/0/text"	"О, классный у тебя пирсинг, таких гуманоидов я уважаю, с радостью пойду к тебе в группу, да только <clr>палок барабанных<clrEnd> у меня нет."	"Quest Muzon.qmm: locations.62.texts.0.text. Preserve every <tag> exactly. English reference: Hey, I like your piercing, dude, I have total respect for such humanoids and I will gladly join your band, but I don't have <clr>drumsticks<clrEnd>."	"Quest,Muzon"	"О, клясны ў цябе пірсінг, такіх гуманоідаў я паважаю, з радасьцю пайду да цябе ў гурт, ды толькі <clr>палачак барабанных<clrEnd> у мяне няма."
"/quests/Muzon.qmm/locations/63/texts/0/text"	"- Впервые вижу здесь культурное создание, - сказал бас-гитарист. - Я вижу у вас книгу ""Современная лирика"". Мне давно хотелось почитать ее в бумажном виде, но я нигде не мог ее достать. Если вы подарите ее мне, то я пойду к вам в группу."	"Quest Muzon.qmm: locations.63.texts.0.text. Preserve every <tag> exactly. English reference: - This is the first time I see somebody who is actually cultured in these parts, - the bass-player said - I see you have a book of ""Contemporary Poetry"". I have been longing to read a hard copy of it for a long time now, but I couldn't find it anywhere. If you could present it to me, I'd join your band."	"Quest,Muzon"	"- Упершыню бачу тут культурную істоту, — сказаў бас-гітарыст. — Я бачу ў вас кнігу ""Сучасная лірыка"". Мне даўно хацелася пачытаць яе ў папяровым выглядзе, але я нідзе не мог яе дастаць. Калі вы падаруеце яе мне, то я пайду да вас у гурт."
"/quests/Muzon.qmm/locations/64/texts/0/text"	"Вы решили поразить зрителей не хулиганством, а красивой музыкой. Наверное, стоит сделать что-нибудь, что вы выучили на репетиции."	"Quest Muzon.qmm: locations.64.texts.0.text. Preserve every <tag> exactly. English reference: Rather than to impress the audience with your hooliganism, you thought of playing a really beautiful song. Maybe you should use some of the stuff you practised at the rehearsal."	"Quest,Muzon"	"Вы вырашылі ўразіць гледачоў не хуліганствам, а прыгожай музыкай. Мусіць, варта зрабіць нешта, чаму вы навучыліся на рэпэтыцыі."
"/quests/Muzon.qmm/locations/64/texts/1/text"	"Каким музыкальным шедевром вы порадуете зрителей?"	"Quest Muzon.qmm: locations.64.texts.1.text. Preserve every <tag> exactly. English reference: What musical masterpiece you are going to deliver to the audience?"	"Quest,Muzon"	"Якім музычным шэдэўрам вы парадуеце гледачоў?"
"/quests/Muzon.qmm/locations/64/texts/2/text"	"Хорошая музыка в исполнении классных музыкантов - это именно то, что понравится зрителям!"	"Quest Muzon.qmm: locations.64.texts.2.text. Preserve every <tag> exactly. English reference: Good music played by professional musicians is something that the audience is going to like!"	"Quest,Muzon"	"Добрая музыка ў выкананьні клясных музыкаў — гэта менавіта тое, што спадабаецца гледачам!"
"/quests/Muzon.qmm/locations/64/texts/3/text"	"Что бы сыграть? Забацать соляк, или дать зрителям заценить качество звучания группы в целом?"	"Quest Muzon.qmm: locations.64.texts.3.text. Preserve every <tag> exactly. English reference: What should we do? Play a shredding solo or let the audience see what the band as whole can do?"	"Quest,Muzon"	"Што б сыграць? Урэзаць сола, ці даць гледачам ацаніць якасьць гучаньня гурту ў цэлым?"
"/quests/Muzon.qmm/locations/64/texts/4/text"	"Вы стоите на сцене перед ревущей толпой зрителей. Сейчас вы покажете им, что такое настоящая музыка!!!"	"Quest Muzon.qmm: locations.64.texts.4.text. Preserve every <tag> exactly. English reference: You are standing on the scene in front of roaring crowd. Let's show them what real music is about!!!"	"Quest,Muzon"	"Вы стаіце на сцэне перад натоўпам, што рыкае гледачоў. Зараз вы пакажаце ім, што такое сапраўдная музыка!!!"
"/quests/Muzon.qmm/locations/64/texts/5/text"	"Неужели зрители еще не поняли, кто лучше всех на этом концерте?! Так пусть же послушают ваш <clr>музон<clrEnd>!"	"Quest Muzon.qmm: locations.64.texts.5.text. Preserve every <tag> exactly. English reference: Haven't the audience yet understood who is the best at this show tonight?! Well let them listen to your <clr>muzak<clrEnd>!"	"Quest,Muzon"	"Няўжо гледачы яшчэ не зразумелі, хто найлепшы на гэтым канцэрце?! Дык няхай жа паслухаюць ваш <clr>музон<clrEnd>!"
"/quests/Muzon.qmm/locations/64/texts/6/text"	"Надо бы порадовать зрителей своим музыкальным мастерством. Как именно вы собираетесь это сделать?"	"Quest Muzon.qmm: locations.64.texts.6.text. Preserve every <tag> exactly. English reference: Looks like it's time you impressed the audience with your musical professionalism. How are you going to do it?"	"Quest,Muzon"	"Трэба б парадаваць гледачоў сваім музычным майстэрствам. Як менавіта вы зьбіраецеся гэта зрабіць?"
"/quests/Muzon.qmm/locations/65/texts/0/text"	"Вы решили сделать что-нибудь неординарное. Вот только что именно?"	"Quest Muzon.qmm: locations.65.texts.0.text. Preserve every <tag> exactly. English reference: You decided you should do something extraordinary but what exactly?"	"Quest,Muzon"	"Вы вырашылі зрабіць нешта неардынарнае. Вось толькі што менавіта?"
"/quests/Muzon.qmm/locations/65/texts/1/text"	"Сейчас вы покажете зрителям кое-что такое, чего они никогда еще не видели! Пусть они отпадут!!!"	"Quest Muzon.qmm: locations.65.texts.1.text. Preserve every <tag> exactly. English reference: And now you are going to show the crowd something they had never seen before! Let's awe them!!!"	"Quest,Muzon"	"Зараз вы пакажаце гледачам нешта такое, чаго яны яшчэ ніколі не бачылі! Няхай яны ападуць!!!"
"/quests/Muzon.qmm/locations/65/texts/2/text"	"Черт, вы, кажется, забыли слова очередного куплета! Что ж, придется выкручиваться..."	"Quest Muzon.qmm: locations.65.texts.2.text. Preserve every <tag> exactly. English reference: Oh, damn, you forgot the next verse! Well, let's try and work this out somehow..."	"Quest,Muzon"	"Чорт, вы, здаецца, забылі словы чарговага куплета! Што ж, давядзецца выкручвацца..."
"/quests/Muzon.qmm/locations/65/texts/3/text"	"Если бы зрители хотели послушать музыку, они включили бы один из десятка музыкальных каналов стереовизора и сидели бы дома. На концерте же зрители хотят развлекаться! Так что самое время дать им желаемое!"	"Quest Muzon.qmm: locations.65.texts.3.text. Preserve every <tag> exactly. English reference: If the audience wanted to listen to the music, they would have simply switched on one of the dozen music channels on the stereovision and stayed home. When they are coming to a gig they are expecting to be entertained! So, it's about time you gave them what they came for!"	"Quest,Muzon"	"Калі б гледачы хацелі паслухаць музыку, яны ўключылі б адзін з дзясятка музычных каналаў стэрэавізара і сядзелі б дома. На канцэрце ж гледачы хочуць бавіцца! Так што самы час даць ім жаданае!"
"/quests/Muzon.qmm/locations/65/texts/4/text"	"Зрители могут скучать на чьем угодно концерте, но только не на вашем! В этом они сейчас убедятся!"	"Quest Muzon.qmm: locations.65.texts.4.text. Preserve every <tag> exactly. English reference: The audience can feel bored at whoever else's gig, but not at yours! And no mistake!"	"Quest,Muzon"	"Гледачы могуць нудзіцца на чыім заўгодна канцэрце, але толькі не на вашым! У гэтым яны зараз упэўняцца!"
"/quests/Muzon.qmm/locations/65/texts/5/text"	"Не пора ли развеселить зрителей чем-нибудь необычным? Кажется, самое время!"	"Quest Muzon.qmm: locations.65.texts.5.text. Preserve every <tag> exactly. English reference: Isn't it time you entertained the audience with something? Looks like about time you did!"	"Quest,Muzon"	"Ці не пара разьвесяліць гледачоў нечым незвычайным? Здаецца, самы час!"
"/quests/Muzon.qmm/locations/65/texts/6/text"	"Кажется, настало время внести в ваше выступление живительную струю неординарности. А попросту говоря, пора похулиганить!"	"Quest Muzon.qmm: locations.65.texts.6.text. Preserve every <tag> exactly. English reference: Seems, like it's time your performance was mixed with something extraordinary. In other words - let's get naughty!"	"Quest,Muzon"	"Здаецца, настаў час унесьці ў ваш выступ жыватворны струмень неардынарнасьці. А папросту кажучы, пара нахуліганіць!"
"/quests/Muzon.qmm/locations/65/texts/7/text"	"""Если к хорошей музыке добавить пару-другую приколов, то хуже не будет"", - подумали вы. Чем бы развлечь зрителей?"	"Quest Muzon.qmm: locations.65.texts.7.text. Preserve every <tag> exactly. English reference: ""If you mix a couple of good gimmicks with good music, it's not going to be worse"", - you thought to yourself. What can you possibly do to entertain the audience?"	"Quest,Muzon"	"""Калі да добрай музыкі дадаць пару прыколаў, то горш не будзе"", — падумалі вы. Чым бы разьвесяліць гледачоў?"
"/quests/Muzon.qmm/locations/65/texts/8/text"	"Вы собрались хулиганить? Но где же <clr>музыкальные<clrEnd> фишки?! Это ведь все-таки концерт, а не стереошоу ""Кто тупее""! Чтобы понравиться зрителям, надо хоть время от времени разбавлять спецэффекты и хулиганские действия музыкальными номерами. Зрители своим посвистыванием недвусмысленно дали вам это понять.

Итак, как будем хулиганить на этот раз?"	"Quest Muzon.qmm: locations.65.texts.8.text. Preserve every <tag> exactly. English reference: You wanted to make a ""show""? But where are all the <clr>musical<clrEnd> gimmicks?! After all this is a live concert, not some stupid stereo-show ""Dumb & Dumber""! In order for the audience appreciate your performance, the special effects and the show have to be mixed with musical numbers. And the booing of the audience was an obvious proof of that.

So what are you going to do now?"	"Quest,Muzon"	"Вы сабраліся хуліганіць? Але дзе ж <clr>музычныя<clrEnd> фішкі?! Гэта ж усё-ткі канцэрт, а не стэрэа-шоў ""Хто тупей""! Каб спадабацца гледачам, трэба хоць час ад часу разбаўляць адмысловыя эфэкты і хуліганскія дзеяньні музычнымі нумарамі. Гледачы сваім пасьвістваньнем недвухсэнсоўна далі вам гэта зразумець.

Дык як будзем хуліганіць гэтым разам?"
"/quests/Muzon.qmm/locations/65/texts/9/text"	"Видя, что вместо музыки вы собрались попотчевать их очередной хулиганской выходкой, зрители откровенно вас освистали. 

- Где крутая <clr>музыка<clrEnd>?! Даешь гипер-рок!!! - слышались крики. 

Будем надеяться, что ваше хулиганство позабавит зрителей в достаточной мере, чтобы компенсировать падение рейтинга. Итак, чем будем веселить зрителей?"	"Quest Muzon.qmm: locations.65.texts.9.text. Preserve every <tag> exactly. English reference: Seeing that instead of playing music, you were about to show them another trick the crowed booed. 

- Where's the cool <clr>music<clrEnd>?! Hyper-rock forever!!! - you heard the shout. 

Let's hope that your hooliganism will entertain the audience enough to compensate for your dropping rating, So what are you going to do?"	"Quest,Muzon"	"Бачачы, што замест музыкі вы сабраліся пачаставаць іх чарговым хуліганскім выбрыкам, гледачы адкрыта вас асьвісталі. 

- Дзе крутая <clr>музыка<clrEnd>?! Даеш гіпэр-рок!!! — чуліся крыкі. 

Будзем спадзявацца, што ваша хуліганства павесяліць гледачоў дастаткова, каб кампэнсаваць падзеньне рэйтынгу. Дык чым будзем весяліць гледачоў?"
"/quests/Muzon.qmm/locations/71/texts/0/text"	"Вы закончили свое выступление. Теперь нужно дожидаться выступлений остальных групп. Что вы будете делать?"	"Quest Muzon.qmm: locations.71.texts.0.text. Preserve every <tag> exactly. English reference: You finished your act. Now you have to wait for the other bands to perform. What are you going to do?"	"Quest,Muzon"	"Вы скончылі свой выступ. Цяпер трэба дачакацца выступаў астатніх гуртоў. Што вы будзеце рабіць?"
"/quests/Muzon.qmm/locations/75/texts/0/text"	"На табло появились оценки:
<clr>Ваша группа<clrEnd>: [p39]
Группа Letallica: [p40]
Группа Pink Asteroid: [p41]
Группа Blin 182: [p42]
...

Оценки других групп были заметно ниже. Сомнений не оставалось: <clr>вы победили<clrEnd>!!!
Зал мгновенно наполнился овациями и криками поздравлений. Организаторы вручили вам кубок и грамоту. С размахом отметив победу в лучшем ресторане этой планеты, вы на следующее утро улетели отсюда."	"Quest Muzon.qmm: locations.75.texts.0.text. Preserve every <tag> exactly. English reference: Finally the scores appeared on the table:
<clr>Your band<clrEnd>: [p39]
Alumminica: [p40]
Pink Asteroid: [p41]
Drink 182: [p42]
...

The scores of other bands were considerably lower. There was no doubt about it: <clr>you won<clrEnd>!!!
The audience roared with cheers and chants. The promoters gave you a prize trophy and a certificate. Having celebrated your victory by throwing a huge bash at one of the best restaurants of this planet you left in the morning."	"Quest,Muzon"	"На табло зьявіліся адзнакі:
<clr>Ваш гурт<clrEnd>: [p39]
Гурт Letallica: [p40]
Гурт Pink Asteroid: [p41]
Гурт Blin 182: [p42]
...

Адзнакі іншых гуртоў былі прыкметна ніжэйшыя. Сумневу не засталося: <clr>вы перамаглі<clrEnd>!!!
Заля імгненна напоўнілася авацыямі і крыкамі віншаваньняў. Арганізатары ўручылі вам кубак і грамату. З размахам адзначыўшы перамогу ў найлепшым рэстаране гэтай плянэты, вы на наступную раніцу паляцелі адсюль."
"/quests/Muzon.qmm/locations/76/texts/0/text"	"На табло появились оценки:
<clr>Ваша группа<clrEnd>: [p39]
Группа Letallica: [p40]
Группа Pink Asteroid: [p41]
Группа Blin 182: [p42]
...

Оценки остальных групп были заметно ниже. Но для вас это было уже не важно: победителем объявлена группа <clr>Letallica<clrEnd>, а не ваша.

В расстроенных чувствах вы уехали в космопорт, даже ни с кем не попрощавшись."	"Quest Muzon.qmm: locations.76.texts.0.text. Preserve every <tag> exactly. English reference: Finally the scores appeared on the table:
<clr>Your band<clrEnd>: [p39]
Alumminica: [p40]
Pink Asteroid: [p41]
Drink 182: [p42]
...

The scores of other bands were considerably lower. But to you it did not matter: the winners were <clr>Alumminica<clrEnd>, not you.

Upset by the loss, you went to the spaceport, without even saying goodbye to anyone."	"Quest,Muzon"	"На табло зьявіліся адзнакі:
<clr>Ваш гурт<clrEnd>: [p39]
Гурт Letallica: [p40]
Гурт Pink Asteroid: [p41]
Гурт Blin 182: [p42]
...

Адзнакі астатніх гуртоў былі прыкметна ніжэйшыя. Але для вас гэта ўжо было няважна: пераможцам абвешчаны гурт <clr>Letallica<clrEnd>, а не ваш.

У засмучэньні вы паехалі ў касмапорт, нават ні з кім не разьвітаўшыся."
"/quests/Muzon.qmm/locations/76/texts/1/text"	"На табло появились оценки:
<clr>Ваша группа<clrEnd>: [p39]
Группа Letallica: [p40]
Группа Pink Asteroid: [p41]
Группа Blin 182: [p42]
...

Оценки остальных групп были заметно ниже. Но для вас это было уже не важно: победителем объявлена группа <clr>Pink Asteroid<clrEnd>, а не ваша.

В расстроенных чувствах вы уехали в космопорт, даже ни с кем не попрощавшись."	"Quest Muzon.qmm: locations.76.texts.1.text. Preserve every <tag> exactly. English reference: Finally the scores appeared on the table:
<clr>Your band<clrEnd>: [p39]
Alumminica: [p40]
Pink Asteroid: [p41]
Drink 182: [p42]
...

The scores of other bands were considerably lower. But to you it did not matter: the winners were <clr>Pink Asteroid<clrEnd>, not you.

Upset by the loss, you went to the spaceport, without even saying goodbye to anyone."	"Quest,Muzon"	"На табло зьявіліся адзнакі:
<clr>Ваш гурт<clrEnd>: [p39]
Гурт Letallica: [p40]
Гурт Pink Asteroid: [p41]
Гурт Blin 182: [p42]
...

Адзнакі астатніх гуртоў былі прыкметна ніжэйшыя. Але для вас гэта ўжо было няважна: пераможцам абвешчаны гурт <clr>Pink Asteroid<clrEnd>, а не ваш.

У засмучэньні вы паехалі ў касмапорт, нават ні з кім не разьвітаўшыся."
"/quests/Muzon.qmm/locations/76/texts/2/text"	"На табло появились оценки:
<clr>Ваша группа<clrEnd>: [p39]
Группа Letallica: [p40]
Группа Pink Asteroid: [p41]
Группа Blin 182: [p42]
...

Оценки остальных групп были заметно ниже. Но для вас это было уже не важно: победителем объявлена группа <clr>Blin 182<clrEnd>, а не ваша.

В расстроенных чувствах вы уехали в космопорт, даже ни с кем не попрощавшись."	"Quest Muzon.qmm: locations.76.texts.2.text. Preserve every <tag> exactly. English reference: Finally the scores appeared on the table:
<clr>Your band<clrEnd>: [p39]
Alumminica: [p40]
Pink Asteroid: [p41]
Drink 182: [p42]
...

The scores of other bands were considerably lower. But to you it did not matter: the winners were <clr>Drink 182<clrEnd>, not you.

Upset by the loss, you went to the spaceport, without even saying goodbye to anyone."	"Quest,Muzon"	"На табло зьявіліся адзнакі:
<clr>Ваш гурт<clrEnd>: [p39]
Гурт Letallica: [p40]
Гурт Pink Asteroid: [p41]
Гурт Blin 182: [p42]
...

Адзнакі астатніх гуртоў былі прыкметна ніжэйшыя. Але для вас гэта ўжо было няважна: пераможцам абвешчаны гурт <clr>Blin 182<clrEnd>, а не ваш.

У засмучэньні вы паехалі ў касмапорт, нават ні з кім не разьвітаўшыся."
"/quests/Muzon.qmm/locations/77/texts/0/text"	"Поиск завершен.

Найден <clr>1<clrEnd> музыкант:
Профессия: <clr>Клавишник<clrEnd>
Мастерство: <clr>Плохое<clrEnd>
Подъемные: <clr>200<clrEnd> рокнроллеров"	"Quest Muzon.qmm: locations.77.texts.0.text. Preserve every <tag> exactly. English reference: Search complete.

Found <clr>1<clrEnd> musician:
Occupation: <clr>Keyboardist<clrEnd>
Musicianship: <clr>poor<clrEnd>
Start-up fee: <clr>200<clrEnd> rockarollars"	"Quest,Muzon"	"Пошук завершаны.

Знойдзены <clr>1<clrEnd> музыка:
Прафэсія: <clr>Клавішнік<clrEnd>
Майстэрства: <clr>Дрэннае<clrEnd>
Пад'ёмныя: <clr>200<clrEnd> рокнролераў"
"/quests/Muzon.qmm/locations/77/texts/1/text"	"Поиск завершен.

Найден <clr>1<clrEnd> музыкант:
Профессия: <clr>Клавишник<clrEnd>
Мастерство: <clr>Среднее<clrEnd>
Подъемные: <clr>300<clrEnd> рокнроллеров"	"Quest Muzon.qmm: locations.77.texts.1.text. Preserve every <tag> exactly. English reference: Search complete.

Found <clr>1<clrEnd> musician:
Occupation: <clr>Keyboardist<clrEnd>
Musicianship: <clr>average<clrEnd>
Start-up fee: <clr>300<clrEnd> rockarollars"	"Quest,Muzon"	"Пошук завершаны.

Знойдзены <clr>1<clrEnd> музыка:
Прафэсія: <clr>Клавішнік<clrEnd>
Майстэрства: <clr>Сярэдняе<clrEnd>
Пад'ёмныя: <clr>300<clrEnd> рокнролераў"
"/quests/Muzon.qmm/locations/77/texts/2/text"	"Поиск завершен.

Найден <clr>1<clrEnd> музыкант:
Профессия: <clr>Клавишник<clrEnd>
Мастерство: <clr>Хорошее<clrEnd>
Подъемные: <clr>400<clrEnd> рокнроллеров"	"Quest Muzon.qmm: locations.77.texts.2.text. Preserve every <tag> exactly. English reference: Search complete.

Found <clr>1<clrEnd> musician:
Occupation: <clr>Keyboardist<clrEnd>
Musicianship: <clr>good<clrEnd>
Start-up fee: <clr>400<clrEnd> rockarollars"	"Quest,Muzon"	"Пошук завершаны.

Знойдзены <clr>1<clrEnd> музыка:
Прафэсія: <clr>Клавішнік<clrEnd>
Майстэрства: <clr>Добрае<clrEnd>
Пад'ёмныя: <clr>400<clrEnd> рокнролераў"
"/quests/Muzon.qmm/locations/78/texts/0/text"	"Поиск завершен.

Найден <clr>1<clrEnd> музыкант:
Профессия: <clr>Бас-гитарист<clrEnd>
Мастерство: <clr>Плохое<clrEnd>
Подъемные: <clr>200<clrEnd> рокнроллеров"	"Quest Muzon.qmm: locations.78.texts.0.text. Preserve every <tag> exactly. English reference: Search complete.

Found <clr>1<clrEnd> musician:
Occupation: <clr>Bass-player<clrEnd>
Musicianship: <clr>poor<clrEnd>
Start-up fee: <clr>200<clrEnd> rockarollars"	"Quest,Muzon"	"Пошук завершаны.

Знойдзены <clr>1<clrEnd> музыка:
Прафэсія: <clr>Бас-гітарыст<clrEnd>
Майстэрства: <clr>Дрэннае<clrEnd>
Пад'ёмныя: <clr>200<clrEnd> рокнролераў"
"/quests/Muzon.qmm/locations/78/texts/1/text"	"Поиск завершен.

Найден <clr>1<clrEnd> музыкант:
Профессия: <clr>Бас-гитарист<clrEnd>
Мастерство: <clr>Среднее<clrEnd>
Подъемные: <clr>300<clrEnd> рокнроллеров"	"Quest Muzon.qmm: locations.78.texts.1.text. Preserve every <tag> exactly. English reference: Search complete.

Found <clr>1<clrEnd> musician:
Occupation: <clr>Bass-player<clrEnd>
Musicianship: <clr>average<clrEnd>
Start-up fee: <clr>300<clrEnd> rockarollars"	"Quest,Muzon"	"Пошук завершаны.

Знойдзены <clr>1<clrEnd> музыка:
Прафэсія: <clr>Бас-гітарыст<clrEnd>
Майстэрства: <clr>Сярэдняе<clrEnd>
Пад'ёмныя: <clr>300<clrEnd> рокнролераў"
"/quests/Muzon.qmm/locations/78/texts/2/text"	"Поиск завершен.

Найден <clr>1<clrEnd> музыкант:
Профессия: <clr>Бас-гитарист<clrEnd>
Мастерство: <clr>Хорошее<clrEnd>
Подъемные: <clr>400<clrEnd> рокнроллеров"	"Quest Muzon.qmm: locations.78.texts.2.text. Preserve every <tag> exactly. English reference: Search complete.

Found <clr>1<clrEnd> musician:
Occupation: <clr>Bass-player<clrEnd>
Musicianship: <clr>good<clrEnd>
Start-up fee: <clr>400<clrEnd> rockarollars"	"Quest,Muzon"	"Пошук завершаны.

Знойдзены <clr>1<clrEnd> музыка:
Прафэсія: <clr>Бас-гітарыст<clrEnd>
Майстэрства: <clr>Добрае<clrEnd>
Пад'ёмныя: <clr>400<clrEnd> рокнролераў"
"/quests/Muzon.qmm/locations/80/texts/0/text"	"Вы так и не подали заявку на выступление в концерте. А значит, вы лишний на этом празднике музыки! Пришлось вам ни с чем вернуться в космопорт.

Вы <clr>провалили<clrEnd> свою миссию."	"Quest Muzon.qmm: locations.80.texts.0.text. Preserve every <tag> exactly. English reference: You forgot to check in at the fest. Which means you are not wanted at this celebration of music! You had no other choice but to go back to the spaceport.

You <clr>failed<clrEnd> your mission."	"Quest,Muzon"	"Вы так і не падалі заяву на выступ у канцэрце. А значыць, вы лішні на гэтым сьвяце музыкі! Давялося вам ні з чым вярнуцца ў касмапорт.

Вы <clr>правалілі<clrEnd> сваю місію."
"/quests/Muzon.qmm/locations/82/texts/0/text"	"- О, у тебя крутая татуировка, только вот у меня <clr>струны<clrEnd> износились. Если принесешь новые струны, я пойду к тебе в группу."	"Quest Muzon.qmm: locations.82.texts.0.text. Preserve every <tag> exactly. English reference: - Hey, cool tattoo, dude, only that the <clr>strings<clrEnd> on my guitar got all worn out. If you bring me a set of new strings I will join your band."	"Quest,Muzon"	"- О, у цябе крутая татуіроўка, толькі вось у мяне <clr>струны<clrEnd> зносіліся. Калі прынясеш новыя струны, я пайду да цябе ў гурт."
"/quests/Muzon.qmm/locations/83/texts/0/text"	"- О, у тебя <clr>ухо проколото<clrEnd>, тогда я могу пойти к тебе ударником, только у меня палок нету. Что, у тебя и <clr>палки<clrEnd> есть тоже?! Ну ты молодец! Так что, возьмешь меня?"	"Quest Muzon.qmm: locations.83.texts.0.text. Preserve every <tag> exactly. English reference: - Hey you have <clr>piercing in your ear <clrEnd>, then I can join you as a drummer, only that I don't have drumsticks. What, you have <clr>drumsticks<clrEnd> too?! Geez, man! So can I join your band?"	"Quest,Muzon"	"- О, у цябе <clr>вуха праколатае<clrEnd>, тады я магу пайсьці да цябе бубначом, толькі ў мяне палачак няма. Што, у цябе і <clr>палачкі<clrEnd> ёсьць таксама?! Ну ты малайчына! Дык што, возьмеш мяне?"
"/quests/Muzon.qmm/locations/83/texts/1/text"	"Ну что, передумал? Возьмешь?"	"Quest Muzon.qmm: locations.83.texts.1.text. Preserve every <tag> exactly. English reference: Did you give it a thought? Will you take me?"	"Quest,Muzon"	"Ну што, перадумаў? Возьмеш?"
"/quests/Muzon.qmm/locations/83/texts/2/text"	"Ну что, передумал? Возьмешь?"	"Quest Muzon.qmm: locations.83.texts.2.text. Preserve every <tag> exactly. English reference: Did you give it a thought? Will you take me?"	"Quest,Muzon"	"Ну што, перадумаў? Возьмеш?"
"/quests/Muzon.qmm/locations/83/texts/3/text"	"Ну что, передумал? Возьмешь?"	"Quest Muzon.qmm: locations.83.texts.3.text. Preserve every <tag> exactly. English reference: Did you give it a thought? Will you take me?"	"Quest,Muzon"	"Ну што, перадумаў? Возьмеш?"
"/quests/Muzon.qmm/locations/83/texts/4/text"	"Ну что, передумал? Возьмешь?"	"Quest Muzon.qmm: locations.83.texts.4.text. Preserve every <tag> exactly. English reference: Did you give it a thought? Will you take me?"	"Quest,Muzon"	"Ну што, перадумаў? Возьмеш?"
"/quests/Muzon.qmm/locations/83/texts/5/text"	"Ну что, передумал? Возьмешь?"	"Quest Muzon.qmm: locations.83.texts.5.text. Preserve every <tag> exactly. English reference: Did you give it a thought? Will you take me?"	"Quest,Muzon"	"Ну што, перадумаў? Возьмеш?"
"/quests/Muzon.qmm/locations/83/texts/6/text"	"Ну что, передумал? Возьмешь?"	"Quest Muzon.qmm: locations.83.texts.6.text. Preserve every <tag> exactly. English reference: Did you give it a thought? Will you take me?"	"Quest,Muzon"	"Ну што, перадумаў? Возьмеш?"
"/quests/Muzon.qmm/locations/83/texts/7/text"	"Ну что, передумал? Возьмешь?"	"Quest Muzon.qmm: locations.83.texts.7.text. Preserve every <tag> exactly. English reference: Did you give it a thought? Will you take me?"	"Quest,Muzon"	"Ну што, перадумаў? Возьмеш?"
"/quests/Muzon.qmm/locations/83/texts/8/text"	"Ну что, передумал? Возьмешь?"	"Quest Muzon.qmm: locations.83.texts.8.text. Preserve every <tag> exactly. English reference: Did you give it a thought? Will you take me?"	"Quest,Muzon"	"Ну што, перадумаў? Возьмеш?"
"/quests/Muzon.qmm/locations/83/texts/9/text"	"Ну что, передумал? Возьмешь?"	"Quest Muzon.qmm: locations.83.texts.9.text. Preserve every <tag> exactly. English reference: Did you give it a thought? Will you take me?"	"Quest,Muzon"	"Ну што, перадумаў? Возьмеш?"
"/quests/Muzon.qmm/locations/89/texts/0/text"	"Вам до смерти надоели все эти музыканты со своими капризами и неимоверными финансовыми запросами. Лучше повоевать с доминаторами, а планета <FromPlanet> пусть ищет себе других лидеров групп.

Вы <clr>провалили<clrEnd> свою миссию."	"Quest Muzon.qmm: locations.89.texts.0.text. Preserve every <tag> exactly. English reference: You were sick to death of all these wannabe rock stars with all their whims and exaggerated financial expectations. Better go and fight some Dominators, and let planet <FromPlanet> find it some other band-leader.

You <clr>failed <clrEnd> your mission."	"Quest,Muzon"	"Вам да сьмерці абрыдлі ўсе гэтыя музыкі са сваімі капрызамі і неімавернымі фінансавымі запытамі. Лепей паваяваць з дамінатарамі, а плянэта <FromPlanet> няхай шукае сабе іншых лідэраў гуртоў.

Вы <clr>правалілі<clrEnd> сваю місію."
"/quests/Muzon.qmm/locations/91/texts/0/text"	"Какой гипер-рок-концерт обходится без спецэффектов? Да никакой!!!"	"Quest Muzon.qmm: locations.91.texts.0.text. Preserve every <tag> exactly. English reference: What hyper-rock gig would it be without special effects? No way!!!"	"Quest,Muzon"	"Які гіпэр-рок-канцэрт абыходзіцца без адмысловых эфэктаў? Ды ніякі!!!"
"/quests/Muzon.qmm/locations/91/texts/1/text"	"Зрители хотят шоу? Они его получат! Даешь спецэффекты!!!"	"Quest Muzon.qmm: locations.91.texts.1.text. Preserve every <tag> exactly. English reference: The audience wants a show? Let's give it to them! Bring the FX on!!!"	"Quest,Muzon"	"Гледачы хочуць шоў? Яны яго атрымаюць! Даеш адмысловыя эфэкты!!!"
"/quests/Muzon.qmm/locations/91/texts/2/text"	"Что если добавить малость спецэффектов?"	"Quest Muzon.qmm: locations.91.texts.2.text. Preserve every <tag> exactly. English reference: What if we add some special FX?"	"Quest,Muzon"	"Што, калі дадаць трохі адмысловых эфэктаў?"
"/quests/Muzon.qmm/locations/91/texts/3/text"	"Немного взрывов еще никому не мешало!!!"	"Quest Muzon.qmm: locations.91.texts.3.text. Preserve every <tag> exactly. English reference: A little explosions never hurt anybody!!!"	"Quest,Muzon"	"Трохі выбухаў яшчэ нікому не перашкодзіла!!!"
"/quests/Muzon.qmm/locations/91/texts/4/text"	"Что-то скучно и темно в зале, добавим огня!!!"	"Quest Muzon.qmm: locations.91.texts.4.text. Preserve every <tag> exactly. English reference: It's kind of dark and dull in here - let's bring the fire!!!"	"Quest,Muzon"	"Нешта нудна і цёмна ў залі, падкінем агню!!!"
"/quests/Muzon.qmm/locations/91/texts/5/text"	"Кто ходит на концерты ради музыки?! Ну, кое-кто может и ходит, но ведь музыка без спецэффектов - это все равно, что книга без картинок! Пора устроить настоящее шоу!"	"Quest Muzon.qmm: locations.91.texts.5.text. Preserve every <tag> exactly. English reference: Who would possibly come to a gig to listen to the music?! Well, some people might, but music is nothing without special FX - it's like a book without pictures! Time for the real thing!"	"Quest,Muzon"	"Хто ходзіць на канцэрты дзеля музыкі?! Ну, нехта можа і ходзіць, але ж музыка без адмысловых эфэктаў — гэта ўсё адно, што кніга без малюнкаў! Пара ўладкаваць сапраўднае шоў!"
"/quests/Muzon.qmm/locations/91/texts/6/text"	"Знаменитые пеленгские фейерверки - каждый пятый срабатывает удачно! Авось, вам повезет, и спецэффекты не укокошат никого из зрителей."	"Quest Muzon.qmm: locations.91.texts.6.text. Preserve every <tag> exactly. English reference: The famous Peleng fireworks - each fifth of them actually works properly! Hope you get lucky and none of the fans get killed."	"Quest,Muzon"	"Знакамітыя пеленгскія феерверкі — кожны пяты спрацоўвае ўдала! Можа, вам пашанцуе, і адмысловыя эфэкты нікога з гледачоў не заб'юць."
"/quests/Muzon.qmm/locations/91/texts/7/text"	"Добавим спецэффектов!!! Зажигать, так зажигать!!!"	"Quest Muzon.qmm: locations.91.texts.7.text. Preserve every <tag> exactly. English reference: Let's add some special FX!!! Fire'em up!!!"	"Quest,Muzon"	"Падкінем адмысловых эфэктаў!!! Запальваць, дык запальваць!!!"
"/quests/Muzon.qmm/locations/91/texts/8/text"	"Не слишком ли вы увлеклись хулиганством да спецэффектами? Зрители соскучились по крутой <clr>музыке<clrEnd>! Это ведь все-таки концерт, а не полигон для испытаний малокской пиротехники... Чтобы понравиться зрителям, надо хоть время от времени разбавлять спецэффекты и хулиганские действия музыкальными номерами. Зрители своим посвистыванием недвусмысленно дали вам это понять.

Что ж, раз уж вы решили использовать спецэффект, то надо выбрать, какой именно."	"Quest Muzon.qmm: locations.91.texts.8.text. Preserve every <tag> exactly. English reference: Haven't you a bit overdone it with the show and special effects? The audience want to hear cool <clr>music<clrEnd>! After all this is a live concert not the proving ground for Maloq pyro... In order for the audience appreciate your performance, the special effects and the show have to be mixed with musical numbers. And the booing of the audience was an obvious proof of that.

But since you decided you wanted to try some special effect, you have to choose which one."	"Quest,Muzon"	"Ці не занадта вы захапіліся хуліганствам ды адмысловымі эфэктамі? Гледачы сумавалі па крутой <clr>музыцы<clrEnd>! Гэта ж усё-ткі канцэрт, а не палігон для выпрабаваньняў піратэхнікі малокаў... Каб спадабацца гледачам, трэба хоць час ад часу разбаўляць адмысловыя эфэкты і хуліганскія дзеяньні музычнымі нумарамі. Гледачы сваім пасьвістваньнем недвухсэнсоўна далі вам гэта зразумець.

Што ж, раз ужо вы вырашылі ўжыць адмысловы эфэкт, то трэба абраць, які менавіта."
"/quests/Muzon.qmm/locations/91/texts/9/text"	"Видя, что вместо музыки вы готовите им какой-то спецэффект, зрители пришли в бешенство:

- Задрал уже со своими шоу! Даешь крутую <clr>музыку<clrEnd>!!! Хотим гипер-рок!!! - слышались крики. 

Каким спецэффектом помучим зрителей?"	"Quest Muzon.qmm: locations.91.texts.9.text. Preserve every <tag> exactly. English reference: Seeing that instead of music you were going to deliver yet another special effect the crowd went mad:

- Take your show and shove it! Give us the <clr>music<clrEnd>!!! We want hyper-rock!!! - you heard them shout.

Alright so what special effect we are going to unleash on them now?"	"Quest,Muzon"	"Бачачы, што замест музыкі вы рыхтуеце ім нейкі адмысловы эфэкт, гледачы прыйшлі ў шал:

- Задраў ужо са сваімі шоў! Даеш крутую <clr>музыку<clrEnd>!!! Хочам гіпэр-рок!!! — чуліся крыкі. 

Якім адмысловым эфэктам памучым гледачоў?"
"/quests/Muzon.qmm/jumps/0/text"	"На главную площадь"	"Quest Muzon.qmm: jumps.0.text. Preserve every <tag> exactly. English reference: To the main square"	"Quest,Muzon"	"На галоўную плошчу"
"/quests/Muzon.qmm/jumps/1/text"	"В студию"	"Quest Muzon.qmm: jumps.1.text. Preserve every <tag> exactly. English reference: To the studio"	"Quest,Muzon"	"У студыю"
"/quests/Muzon.qmm/jumps/2/text"	"В рок-клуб"	"Quest Muzon.qmm: jumps.2.text. Preserve every <tag> exactly. English reference: To the rock-club"	"Quest,Muzon"	"У рок-клюб"
"/quests/Muzon.qmm/jumps/3/text"	"На длинную улицу"	"Quest Muzon.qmm: jumps.3.text. Preserve every <tag> exactly. English reference: To the long-street"	"Quest,Muzon"	"На доўгую вуліцу"
"/quests/Muzon.qmm/jumps/4/text"	"Включить лаптоп"	"Quest Muzon.qmm: jumps.4.text. Preserve every <tag> exactly. English reference: Turn on the laptop"	"Quest,Muzon"	"Уключыць ноўтбук"
"/quests/Muzon.qmm/jumps/6/text"	"Заказать песню"	"Quest Muzon.qmm: jumps.6.text. Preserve every <tag> exactly. English reference: Buy a song"	"Quest,Muzon"	"Замовіць песьню"
"/quests/Muzon.qmm/jumps/7/text"	"Поиск музыканта (5 рокнроллеров)"	"Quest Muzon.qmm: jumps.7.text. Preserve every <tag> exactly. English reference: Musician search (5 rockarollars)"	"Quest,Muzon"	"Пошук музыка (5 рокнролераў)"
"/quests/Muzon.qmm/jumps/8/text"	"Искать дальше (3 рокнроллера)"	"Quest Muzon.qmm: jumps.8.text. Preserve every <tag> exactly. English reference: Search more (3 rockarollars)"	"Quest,Muzon"	"Шукаць далей (3 рокнролеры)"
"/quests/Muzon.qmm/jumps/9/text"	"Отмена"	"Quest Muzon.qmm: jumps.9.text. Preserve every <tag> exactly. English reference: Cancel"	"Quest,Muzon"	"Скасаваць"
"/quests/Muzon.qmm/jumps/11/text"	"Отмена"	"Quest Muzon.qmm: jumps.11.text. Preserve every <tag> exactly. English reference: Cancel"	"Quest,Muzon"	"Скасаваць"
"/quests/Muzon.qmm/jumps/12/text"	"Искать дальше (3 рокнроллера)"	"Quest Muzon.qmm: jumps.12.text. Preserve every <tag> exactly. English reference: Search more (3 rockarollars)"	"Quest,Muzon"	"Шукаць далей (3 рокнролеры)"
"/quests/Muzon.qmm/jumps/13/text"	"Выключить лаптоп"	"Quest Muzon.qmm: jumps.13.text. Preserve every <tag> exactly. English reference: Turn off the laptop"	"Quest,Muzon"	"Выключыць ноўтбук"
"/quests/Muzon.qmm/jumps/14/text"	"Спать"	"Quest Muzon.qmm: jumps.14.text. Preserve every <tag> exactly. English reference: Sleep"	"Quest,Muzon"	"Спаць"
"/quests/Muzon.qmm/jumps/16/text"	"В отель"	"Quest Muzon.qmm: jumps.16.text. Preserve every <tag> exactly. English reference: To the hotel"	"Quest,Muzon"	"У гатэль"
"/quests/Muzon.qmm/jumps/17/text"	"Вернуться на площадь"	"Quest Muzon.qmm: jumps.17.text. Preserve every <tag> exactly. English reference: Back to the square"	"Quest,Muzon"	"Вярнуцца на плошчу"
"/quests/Muzon.qmm/jumps/18/text"	"Вернуться на площадь"	"Quest Muzon.qmm: jumps.18.text. Preserve every <tag> exactly. English reference: Back to the square"	"Quest,Muzon"	"Вярнуцца на плошчу"
"/quests/Muzon.qmm/jumps/19/text"	"Пригласить в группу"	"Quest Muzon.qmm: jumps.19.text. Preserve every <tag> exactly. English reference: Invite to join the band"	"Quest,Muzon"	"Запрасіць у гурт"
"/quests/Muzon.qmm/jumps/20/text"	"Возьму"	"Quest Muzon.qmm: jumps.20.text. Preserve every <tag> exactly. English reference: You're in"	"Quest,Muzon"	"Вазьму"
"/quests/Muzon.qmm/jumps/21/text"	"Вернуться на площадь"	"Quest Muzon.qmm: jumps.21.text. Preserve every <tag> exactly. English reference: Back to the square"	"Quest,Muzon"	"Вярнуцца на плошчу"
"/quests/Muzon.qmm/jumps/22/text"	"Сделать ставку (50 рокнроллеров)"	"Quest Muzon.qmm: jumps.22.text. Preserve every <tag> exactly. English reference: Put a stake (50 rockarollars)"	"Quest,Muzon"	"Зрабіць стаўку (50 рокнролераў)"
"/quests/Muzon.qmm/jumps/23/description"	"Увы, но вы не угадали с игроком, он <clr>проиграл<clrEnd>, а значит, и вы тоже."	"Quest Muzon.qmm: jumps.23.description. Preserve every <tag> exactly. English reference: Alas, your guess about that player was wrong and he <clr>lost<clrEnd>, and so did you."	"Quest,Muzon"	"На жаль, вы не ўгадалі з гульцом, ён <clr>прайграў<clrEnd>, а значыць, і вы таксама."
"/quests/Muzon.qmm/jumps/24/description"	"Поздравляем, вы вернули свою ставку и выиграли {50} рокнроллеров!!!"	"Quest Muzon.qmm: jumps.24.description. Preserve every <tag> exactly. English reference: Congratulations - you've returned your stake and won {50} rockarollars!!!"	"Quest,Muzon"	"Віншуем, вы вярнулі сваю стаўку і выйгралі {50} рокнролераў!!!"
"/quests/Muzon.qmm/jumps/25/text"	"Выпить (40 рокнроллеров)"	"Quest Muzon.qmm: jumps.25.text. Preserve every <tag> exactly. English reference: Have a drink (40 rockarollars)"	"Quest,Muzon"	"Выпіць (40 рокнролераў)"
"/quests/Muzon.qmm/jumps/26/text"	"За 50 рокнроллеров (5 минут)"	"Quest Muzon.qmm: jumps.26.text. Preserve every <tag> exactly. English reference: 50 rockarollars (5 minutes)"	"Quest,Muzon"	"За 50 рокнролераў (5 хвілінаў)"
"/quests/Muzon.qmm/jumps/27/text"	"Подать заявку"	"Quest Muzon.qmm: jumps.27.text. Preserve every <tag> exactly. English reference: Check in to the fest"	"Quest,Muzon"	"Падаць заяву"
"/quests/Muzon.qmm/jumps/28/description"	"Вы подали заявку на участие в концерте, и вас внесли в список. Теперь можно порепетировать!"	"Quest Muzon.qmm: jumps.28.description. Preserve every <tag> exactly. English reference: You checked in to participate in the concert and they put you on the bill. Now it's time to do some practising!"	"Quest,Muzon"	"Вы падалі заяву на ўдзел у канцэрце, і вас унесьлі ў сьпіс. Цяпер можна рэпэтаваць!"
"/quests/Muzon.qmm/jumps/29/text"	"Направить максифон в зал, чтоб пели зрители"	"Quest Muzon.qmm: jumps.29.text. Preserve every <tag> exactly. English reference: Direct the maxiphone to the audience, so that they sing it for you"	"Quest,Muzon"	"Скіраваць максіфон у залю, каб сьпявалі гледачы"
"/quests/Muzon.qmm/jumps/30/text"	"Придумать на ходу новые слова"	"Quest Muzon.qmm: jumps.30.text. Preserve every <tag> exactly. English reference: Come up with new words on the spot"	"Quest,Muzon"	"Прыдумаць на хаду новыя словы"
"/quests/Muzon.qmm/jumps/31/text"	"Сегодня концерт! Отправиться на стадион"	"Quest Muzon.qmm: jumps.31.text. Preserve every <tag> exactly. English reference: Today is the gig! Go to the stadium"	"Quest,Muzon"	"Сёньня канцэрт! Выправіцца на стадыён"
"/quests/Muzon.qmm/jumps/32/text"	"Петь лирично"	"Quest Muzon.qmm: jumps.32.text. Preserve every <tag> exactly. English reference: Sing romantically"	"Quest,Muzon"	"Сьпяваць лірычна"
"/quests/Muzon.qmm/jumps/33/text"	"Поливать зрителей пивом"	"Quest Muzon.qmm: jumps.33.text. Preserve every <tag> exactly. English reference: Pur some beer on the audience"	"Quest,Muzon"	"Паліваць гледачоў півам"
"/quests/Muzon.qmm/jumps/34/text"	"Спрыгнуть со сцены в толпу"	"Quest Muzon.qmm: jumps.34.text. Preserve every <tag> exactly. English reference: Dive off the stage"	"Quest,Muzon"	"Скокнуць са сцэны ў натоўп"
"/quests/Muzon.qmm/jumps/35/text"	"Разбить гитару об колонку"	"Quest Muzon.qmm: jumps.35.text. Preserve every <tag> exactly. English reference: Smash the guitar against the stage"	"Quest,Muzon"	"Разьбіць гітару аб калёнку"
"/quests/Muzon.qmm/jumps/36/text"	"Немного раздеться"	"Quest Muzon.qmm: jumps.36.text. Preserve every <tag> exactly. English reference: Undress"	"Quest,Muzon"	"Трохі распрануцца"
"/quests/Muzon.qmm/jumps/37/text"	"Бегать по сцене и орать"	"Quest Muzon.qmm: jumps.37.text. Preserve every <tag> exactly. English reference: Run about the stage and scream hysterically"	"Quest,Muzon"	"Бегаць па сцэне і крычаць"
"/quests/Muzon.qmm/jumps/38/description"	"Вы начали петь лирично, и ваша лирика взяла всех за душу, даже грозный малок-охранник пустил горючую слезу."	"Quest Muzon.qmm: jumps.38.description. Preserve every <tag> exactly. English reference: You started singing in a romantic manner, and got through to everyone in the hall, even the menacing Maloq security guard started crying."	"Quest,Muzon"	"Вы пачалі сьпяваць лірычна, і ваша лірыка ўзяла ўсіх за душу, нават грозны малок-ахоўнік пусьціў гаручую сьлязу."
"/quests/Muzon.qmm/jumps/39/description"	"Вы решили спеть следующий куплет лирично, но толпа продолжала орать и беситься, в итоге ваши старания оказались бесполезными."	"Quest Muzon.qmm: jumps.39.description. Preserve every <tag> exactly. English reference: You decided to sing the next verse in a more romantic way, but the crowd continued slamming and moshing, and your attempts were in vain."	"Quest,Muzon"	"Вы вырашылі сьпяваць наступны куплет лірычна, але натоўп працягваў крычаць і шалець, і вашыя стараньні аказаліся марнымі."
"/quests/Muzon.qmm/jumps/40/description"	"Вы решили поступить, как чувак из модной группы ""Пятьсот Чили Неферс"", который на каждом концерте скидывал с себя всю одежду во время выступления. Но если тот чувак раздевался полностью, то вы решили снять с себя совсем немного. Однако стоило вам сдернуть с себя майку, как ваши одногруппники, следуя вашему примеру, тоже принялись разоблачаться. Они так увлеклись этим делом, что разделись почти полностью. В итоге охрана побежала к ним, а они, удирая, свалились, так как со спустившимися штанами бежать было неудобно. Охранники их быстро настигли и заставили одеться. Зрителям понравилось!"	"Quest Muzon.qmm: jumps.40.description. Preserve every <tag> exactly. English reference: You decided to follow the example of the dude from this popular band called ""Rock Hard Chilly Peppers"", who would undress completely at each gig. But while this guy always went full monty, you decided to just take off a little clothes. However, the moment you peeled off your T-shirt, your bandmates decided to follow the example and started undressing too. They got so involved in the process that nearly went all the way. As a result the security guards rushed on stage and they all fell down, because running with your pants down is not that comfortable. The security guards quickly caught them and forced to dress back. The audience loved it!"	"Quest,Muzon"	"Вы вырашылі зрабіць, як хлопец з моднага гурту ""Пяцьсот Чылі Нэфэрс"", які на кожным канцэрце скідаў з сябе ўсю вопратку падчас выступу. Але калі той хлопец распранаўся цалкам, то вы вырашылі зьняць з сябе зусім трохі. Аднак варта вам было сьцягнуць з сябе майку, як вашыя таварышы па гурце, за вашым прыкладам, таксама пачалі распранацца. Яны так захапіліся гэтай справай, што распрануліся амаль цалкам. У выніку ахова пабегла да іх, а яны, уцякаючы, зваліліся, бо са спушчанымі штанамі бегчы было нязручна. Ахоўнікі хутка іх дагналі і прымусілі апрануцца. Гледачам спадабалася!"
"/quests/Muzon.qmm/jumps/41/description"	"Вы решили поступить, как чувак из модной группы ""Пятьсот Чили Неферс"", который на каждом концерте скидывал с себя всю одежду во время выступления. Вы сбросили с себя рубаху и продемонстрировали зрителям свои крутые <clr>тату<clrEnd>! Вас немедленно наградили овацией, и ваше настроение слегка поднялось."	"Quest Muzon.qmm: jumps.41.description. Preserve every <tag> exactly. English reference: You decided to follow the example of the dude from this popular band called ""Rock Hard Chilly Peppers"", who would undress completely at each gig. You threw off your shirt and showed off your cool <clr>tattoos<clrEnd> to the audience! Immediately they gave you an ovation and your mood improved a little."	"Quest,Muzon"	"Вы вырашылі зрабіць, як хлопец з моднага гурту ""Пяцьсот Чылі Нэфэрс"", які на кожным канцэрце скідаў з сябе ўсю вопратку падчас выступу. Вы скінулі з сябе кашулю і паказалі гледачам свае крутыя <clr>тату<clrEnd>! Вас адразу ўзнагародзілі авацыяй, і ваш настрой крыху падняўся."
"/quests/Muzon.qmm/jumps/42/description"	"Вы начали бешено носиться по сцене и орать, как ненормальный. Поначалу зрители были равнодушны, но когда кто-то из зала запустил в вас гнилой помидор, который попал вам прямо в голову, все попадали со смеху. Разозлившись, вы схватили остатки снаряда и запустили их назад в толпу, но не рассчитали траекторию и угодили в одного из организаторов концерта. Тот погрозил вам кулаком, а зрители принялись смеяться еще больше!"	"Quest Muzon.qmm: jumps.42.description. Preserve every <tag> exactly. English reference: You started running about the stage like crazy screaming your head off. At first the audience looked indifferent, but when somebody threw a rotten tomato at you, and caught you right on the head, everybody split their sides with laughter. Angered, you took what was left of the projectile and launched it back into the audience, but did not quite calculate the trajectory and hit one of the promoters. He grimly showed you a fist, and the audience started laughing even more!"	"Quest,Muzon"	"Вы пачалі шалёна насіцца па сцэне і крычаць, як няўцямны. Спачатку гледачы былі абыякавыя, але калі нехта з залі запусьціў у вас гнілы памідор, які трапіў вам проста ў галаву, усе пападалі з рогату. Раззлаваўшыся, вы схапілі рэшткі снарада і запусьцілі іх назад у натоўп, але не разьлічылі траекторыю і ўгадзілі ў аднаго з арганізатараў канцэрту. Той пагразіў вам кулаком, а гледачы пачалі сьмяяцца яшчэ мацней!"
"/quests/Muzon.qmm/jumps/43/description"	"Вы начали бешено носиться по сцене и орать, как ненормальный. Поначалу зрители были равнодушны, но когда вы поскользнулись и нечаянно свалили барабанную установку вместе с ударником, который потом падая задел бас-гитариста, который, разворачиваясь в падении, огрел клавишника гитарой по башке, публика разразилась смехом и аплодисментами! Вот только инструменты немного расстроились от этого переполоха, так что звучание группы теперь будет чуть хуже."	"Quest Muzon.qmm: jumps.43.description. Preserve every <tag> exactly. English reference: You started running about the stage like crazy screaming your head off. At first the audience looked indifferent, but when you slipped and accidentally tripped over the drum-kit, turning it over together with the drummer, who in turn hit the bass-player, who fell over and knocked the keyboardist on the head with his bass, the crowd burst out laughing and cheering! On the downside, after this incident the instruments went a little out of tune, so the band would now sound a bit worse."	"Quest,Muzon"	"Вы пачалі шалёна насіцца па сцэне і крычаць, як няўцямны. Спачатку гледачы былі абыякавыя, але калі вы пасьлізнуліся і незнарок звалілі ўдарную ўстаноўку разам з бубначом, які потым, падаючы, закрануў бас-гітарыста, а той, разгортваючыся ў падзеньні, трахнуў клавішніка гітарай па галаве, публіка выбухнула сьмехам і воплескамі! Вось толькі інструмэнты крыху разладзіліся ад гэтага перапалоху, так што гук гурту цяпер будзе крыху горшы."
"/quests/Muzon.qmm/jumps/44/description"	"Вы начали придумывать на ходу другой текст, и у вас это получилось действительно круто, вы вспомнили некоторые выражения из <clr>книги<clrEnd>, которую на днях прочитали в сети, и добавили их в песню. Зрители решили, что вы и в правду умный, и начали аплодировать вам!"	"Quest Muzon.qmm: jumps.44.description. Preserve every <tag> exactly. English reference: You started coming up with new lyrics, and did a good job at that remembering some cool lines from a <clr>book<clrEnd>, that you read online the other day. The audience thought that was pretty smart and started applauding!"	"Quest,Muzon"	"Вы пачалі прыдумляць на хаду іншы тэкст, і ў вас гэта выйшла сапраўды крута, вы ўзгадалі некаторыя выразы з <clr>кнігі<clrEnd>, якую нядаўна прачыталі ў сеціве, і дадалі іх у песьню. Гледачы вырашылі, што вы і праўда разумны, і пачалі пляскаць вам!"
"/quests/Muzon.qmm/jumps/45/description"	"Вы начали придумывать новые слова, чтобы хоть как-то разнообразить выступление, но, к сожалению, вам этого не удалось. Ваши слова были обделены выразительностью, а фразы получались корявыми. Наверное, надо было <clr>больше читать<clrEnd>. Зрителя начали посвистывать..."	"Quest Muzon.qmm: jumps.45.description. Preserve every <tag> exactly. English reference: You started coming up with new words in order to very the performance at least a little bit, but unfortunately you did not do such a good job with that. The words were not expressive enough, and the phrases sounded clumsy. Maybe you should have been doing <clr>more reading<clrEnd>. The audience started booing..."	"Quest,Muzon"	"Вы пачалі прыдумляць новыя словы, каб хоць неяк разнастаіць выступ, але, на жаль, вам гэта не ўдалося. Вашым словам бракавала выразнасьці, а фразы выходзілі каструбаватыя. Мусіць, трэба было <clr>больш чытаць<clrEnd>. Гледачы пачалі пасьвістваць..."
"/quests/Muzon.qmm/jumps/46/description"	"Вы направили максифон в зал, но зрители не захотели подпевать. В итоге образовалась тишина, и в этой тишине стал слышен кем-то рассказываемый анекдот. Он оказался на редкость смешным, и все захохотали!"	"Quest Muzon.qmm: jumps.46.description. Preserve every <tag> exactly. English reference: You directed the maxiphone into the audience but they did not want to sing along. As a result there was a dropout in the sound, and you even heard somebody crack a joke. The joke was very funny, and everybody started laughing!"	"Quest,Muzon"	"Вы скіравалі максіфон у залю, але гледачы не захацелі падпяваць. У выніку ўтварылася цішыня, і ў гэтай цішыні стала чуваць анэкдот, які нехта расказваў. Ён аказаўся на рэдкасьць сьмешны, і ўсе зарагаталі!"
"/quests/Muzon.qmm/jumps/47/description"	"Вы направили максифон в зал, и зрители начали что-то орать туда, было прикольно. Правда, когда дошла очередь до пеленгов, они начали орать туда всякую нецензурщину и немного сбавили рейтинг вам."	"Quest Muzon.qmm: jumps.47.description. Preserve every <tag> exactly. English reference: You directed the maxiphone into the audience, and they started shouting something, it was cool. Only that when the turn reached the Pelengs, they started screaming all kinds of obscenities, and it downed your rating a little bit."	"Quest,Muzon"	"Вы скіравалі максіфон у залю, і гледачы пачалі туды нешта крычаць, было файна. Праўда, калі чарга дайшла да пеленгаў, яны пачалі крычаць туды ўсякую непрыстойнасьць і крыху зьнізілі вам рэйтынг."
"/quests/Muzon.qmm/jumps/48/description"	"Вы схватили бутылку пива, чтобы кинуть ее зрителям, но тут вами овладело какое-то алчное чувство. Вы открыли ее и осушили до дна. Зрители были в бешенстве от такого издевательства. Пытаясь исправить положение, вы достали вторую бутылку, но это чувство опять перебороло вас. Вы отшвырнули оставшиеся бутылки вместе с этой идеей."	"Quest Muzon.qmm: jumps.48.description. Preserve every <tag> exactly. English reference: You grabbed a bottle of beer and were about to throw it to the audience, but suddenly you felt a strike of greediness. You corked open the bottle and killed it in one swing. The crowd was outraged by this act of mockery. Trying to save the day, you took another bottle, but greet got the better of you again. You gave up the idea and threw the remaining bottles backstage."	"Quest,Muzon"	"Вы схапілі бутэльку піва, каб кінуць яе гледачам, але тут вамі авалодала нейкае хцівае пачуцьцё. Вы адкаркавалі яе і асушылі да дна. Гледачы былі ў шаленстве ад такога зьдзеку. Спрабуючы паправіць становішча, вы дасталі другую бутэльку, але гэтае пачуцьцё зноў перамагло вас. Вы адкінулі астатнія бутэлькі разам з гэтай думкай."
"/quests/Muzon.qmm/jumps/49/description"	"Вы взяли пару бутылок с пивом и выкинули в зал, там за них произошла борьба, так как халявное пиво здесь редкость. В итоге пиво досталось сильному малоку и ловкому пеленгу, остальные же одарили вас злобным взглядом. Вы взяли последние бутылки, стоявшие на сцене, и кинули их другим зрителям. Теперь злобным взглядом вас одарили одногруппники - наверное, это было их пиво. Настроение ваших коллег ухудшилось, но зато зрители были рады."	"Quest Muzon.qmm: jumps.49.description. Preserve every <tag> exactly. English reference: You snatched a couple of beer bottles and hurled them into the crowd, initiating a fight - free beers are a rarity in these parts. As a result the tow persons to get the beer were a strong Maloq and a quick Peleng, the rest of the audience gave you an evil look. You took the remaining bottles and threw them to other members of the audience. Now the evil looks were directed at you from the stage where your band-members stood - apparently it was their beer. The mood of the band went down, but the audience was cheering."	"Quest,Muzon"	"Вы ўзялі пару бутэлек з півам і выкінулі ў залю, там за іх пачалася бойка, бо дармавое піва тут рэдкасьць. У выніку піва дасталася моцнаму малоку і спрытнаму пеленгу, астатнія ж адарылі вас злосным позіркам. Вы ўзялі апошнія бутэлькі, што стаялі на сцэне, і кінулі іх іншым гледачам. Цяпер злосным позіркам вас адарылі таварышы па гурце — мусіць, гэта было іхняе піва. Настрой вашых калег пагоршыўся, затое гледачы былі радыя."
"/quests/Muzon.qmm/jumps/50/description"	"Вы прыгнули в толпу, и она быстро понесла вас все дальше и дальше, но когда очередь дошла до фэян, они, не выдержав, уронили вас, да еще и обиделись за то, что вы их придавили, хотя остальные были довольны! Наконец вы вернулись на сцену."	"Quest Muzon.qmm: jumps.50.description. Preserve every <tag> exactly. English reference: You dived off the stage and into the crowd, and they started carrying you across the stadium, but when the turn reached the Faeyans, they failed it and dropped you. Besides they got pretty offended by the fact that you crashed onto them causing some bruises. But the rest of the crowd seemed quite content with the show! Finally you returned back on stage."	"Quest,Muzon"	"Вы скокнулі ў натоўп, і ён хутка панёс вас усё далей і далей, але калі чарга дайшла да фэянаў, яны, не вытрымаўшы, упусьцілі вас, ды яшчэ і пакрыўдзіліся, што вы іх прыціснулі, хоць астатнія былі задаволеныя! Нарэшце вы вярнуліся на сцэну."
"/quests/Muzon.qmm/jumps/51/description"	"Вы прыгнули в толпу, но она, не ожидавшая этого или решившая прикольнуться, разошлась. Со всего размаху вы ударились о покрытие. К счастью, за секунду до этого вы, как настоящий рейнджер, успели сгруппироваться, и потому почти не почувствовали боли. Зрители еще долго смеялись над вашим падением. А вот ваше настроение несколько испортилось."	"Quest Muzon.qmm: jumps.51.description. Preserve every <tag> exactly. English reference: You dived off the stage and into the crowd, but either they weren't expecting it or they simply decided to fool you, instead of catching you the audience parted. You fell flat on the ground with full force. Of course, being a true ranger, you managed to group just before you hit the ground and weren't hurt. But the audience was still laughing at you and your mood was slightly spoiled."	"Quest,Muzon"	"Вы скокнулі ў натоўп, але ён, не чакаючы гэтага або вырашыўшы пажартаваць, разышоўся. З усяго размаху вы ўдарыліся аб пакрыцьцё. На шчасьце, за сэкунду да гэтага вы, як сапраўдны рэйнджэр, пасьпелі згрупавацца, і таму амаль не адчулі болю. Гледачы яшчэ доўга сьмяяліся з вашага падзеньня. А вось ваш настрой крыху сапсаваўся."
"/quests/Muzon.qmm/jumps/52/description"	"Вы выхватили у гитариста гитару и подняли ее над головой. Зрители были в восторге, они кричали вам, чтобы вы ее разбили. ""Разбей, разбей!"" - слышалось со всех сторон. Вы побежали на другой конец сцены с диким криком обворованного мензола и со всей силы врезали гитарой по колонке. Гитара разлетелась в щепки, и зрители встретили это овацией! Вот только вашему гитаристу пришлось взять за кулисами первую же попавшуюся гитару (вдрызг расстроенную и с неполным комплектом струн), и он теперь не сможет играть на ней так же хорошо, как раньше."	"Quest Muzon.qmm: jumps.52.description. Preserve every <tag> exactly. English reference: You snatched the guitar from the guitar player and raised it over your head. The crowd was amazed, they cheered and demanded that you smashed the instrument. ""Smash it! Smash it!"" - the stadium chanted. You dragged the guitar across the stage and with a battle cry of a penchekryak in heat smashed the guitar against the floor. The instrument went in splinters, and the crowd gave you a standing ovation! But your guitar-player was forced to take some spare guitar from backstage, which was completely out of tune and with an incomplete set of strings, which could not but affect his playing."	"Quest,Muzon"	"Вы выхапілі ў гітарыста гітару і паднялі яе над галавой. Гледачы былі ў захапленьні, яны крычалі вам, каб вы яе разьбілі. ""Разьбі, разьбі!"" — чулася з усіх бакоў. Вы пабеглі на другі канец сцэны з дзікім крыкам абкрадзенага мэнзола і з усёй сілы трахнулі гітарай па калёнцы. Гітара разьляцелася ў трэскі, і гледачы сустрэлі гэта авацыяй! Вось толькі вашаму гітарысту давялося ўзяць за кулісамі першую гітару, што трапілася (зусім разладжаную і з няпоўным камплектам струн), і ён цяпер не зможа граць на ёй так сама добра, як раней."
"/quests/Muzon.qmm/jumps/53/description"	"Вы выхватили у гитариста гитару и подняли ее над головой. Зрители были в восторге, они кричали вам, чтобы вы ее разбили. ""Разбей, разбей!"" - слышалось со всех сторон. Вы побежали на другой конец сцены с диким криком обворованного мензола и со всей силы врезали гитарой по колонке. Однако удар оказался неудачным - вместо гитары сломалась колонка, что далеко не лучшим образом сказалось на звучании вашей группы. Гитарист тут же отобрал свой инструмент обратно. Впрочем, зрители, кажется, остались довольны вашей выходкой."	"Quest Muzon.qmm: jumps.53.description. Preserve every <tag> exactly. English reference: You snatched the guitar from the guitar player and raised it over your head. The crowd was amazed, they cheered and demanded that you smashed the instrument. ""Smash it! Smash it!"" - the stadium chanted. You dragged the guitar across the stage and with a battle cry of a penchekryak in heat swung the instrument over your head. And then it went all wrong, instead of smashing it against the stage you hit one of the PA-speakers, tumbling it over and damaging a couple of tweeters, which certainly affected the band's sound in the most unfavourable way. The guitarist instantly snatched his guitar back from you. Then again, the crowd seemed content with your trick."	"Quest,Muzon"	"Вы выхапілі ў гітарыста гітару і паднялі яе над галавой. Гледачы былі ў захапленьні, яны крычалі вам, каб вы яе разьбілі. ""Разьбі, разьбі!"" — чулася з усіх бакоў. Вы пабеглі на другі канец сцэны з дзікім крыкам абкрадзенага мэнзола і з усёй сілы трахнулі гітарай па калёнцы. Аднак удар аказаўся няўдалы — замест гітары зламалася калёнка, што зусім не найлепшым чынам адбілася на гуку вашага гурту. Гітарыст адразу адабраў свой інструмэнт назад. Зрэшты, гледачы, здаецца, засталіся задаволеныя вашым выбрыкам."
"/quests/Muzon.qmm/jumps/54/description"	"Бармен подал вам выпивку и отвернулся к другому покупателю. Да уж, живой человек, а ведет себя как робот...

Вы выпили стакан крепкого пива. Настроение немного улучшилось."	"Quest Muzon.qmm: jumps.54.description. Preserve every <tag> exactly. English reference: The bartender handed your drink to you and turned to the next customer. Right a living human being, and behaves like a robot... 

You drank a glass of strong beer, which slightly improved your mood."	"Quest,Muzon"	"Бармэн падаў вам выпіўку і адвярнуўся да іншага пакупніка. Ды ўжо, жывы чалавек, а трымаецца як робат...

Вы выпілі шклянку моцнага піва. Настрой крыху палепшыўся."
"/quests/Muzon.qmm/jumps/55/text"	"Да музыканта нанять хотел"	"Quest Muzon.qmm: jumps.55.text. Preserve every <tag> exactly. English reference: I wanted to hire me a musician"	"Quest,Muzon"	"Ды я хацеў наняць музыка"
"/quests/Muzon.qmm/jumps/56/text"	"В бар"	"Quest Muzon.qmm: jumps.56.text. Preserve every <tag> exactly. English reference: To the pub"	"Quest,Muzon"	"У бар"
"/quests/Muzon.qmm/jumps/57/text"	"Вернуться на площадь"	"Quest Muzon.qmm: jumps.57.text. Preserve every <tag> exactly. English reference: Back to the square"	"Quest,Muzon"	"Вярнуцца на плошчу"
"/quests/Muzon.qmm/jumps/58/text"	"К барной стойке"	"Quest Muzon.qmm: jumps.58.text. Preserve every <tag> exactly. English reference: To the bar table"	"Quest,Muzon"	"Да стойкі бару"
"/quests/Muzon.qmm/jumps/59/text"	"Выпить (30 рокнроллеров)"	"Quest Muzon.qmm: jumps.59.text. Preserve every <tag> exactly. English reference: Have a drink (30 rockarollars)"	"Quest,Muzon"	"Выпіць (30 рокнролераў)"
"/quests/Muzon.qmm/jumps/60/description"	"Вы выпили превосходный коктейль, теперь можно и за дело браться."	"Quest Muzon.qmm: jumps.60.description. Preserve every <tag> exactly. English reference: You drank an excellent cocktail - now you could start taking care of business."	"Quest,Muzon"	"Вы выпілі выдатны кактэйль, цяпер можна і за справу брацца."
"/quests/Muzon.qmm/jumps/61/text"	"Подойти к человеку"	"Quest Muzon.qmm: jumps.61.text. Preserve every <tag> exactly. English reference: Approach the man"	"Quest,Muzon"	"Падысьці да чалавека"
"/quests/Muzon.qmm/jumps/62/text"	"Отойти"	"Quest Muzon.qmm: jumps.62.text. Preserve every <tag> exactly. English reference: Go away"	"Quest,Muzon"	"Адысьці"
"/quests/Muzon.qmm/jumps/63/text"	"Пригласить бас-гитариста в группу"	"Quest Muzon.qmm: jumps.63.text. Preserve every <tag> exactly. English reference: Invite the bass-player to join the band"	"Quest,Muzon"	"Запрасіць бас-гітарыста ў гурт"
"/quests/Muzon.qmm/jumps/64/text"	"Подойти к человеку"	"Quest Muzon.qmm: jumps.64.text. Preserve every <tag> exactly. English reference: Approach the man"	"Quest,Muzon"	"Падысьці да чалавека"
"/quests/Muzon.qmm/jumps/65/description"	"Не успели вы подойти, как человек послал вас куда подальше, назвав некультурным и невежливым <clr>пьяницей<clrEnd>. ""Ишь ты, трезвенник тут нашелся"", - злобно подумали вы."	"Quest Muzon.qmm: jumps.65.description. Preserve every <tag> exactly. English reference: You hardly even approached the guy, when he sent you to hell calling you an uncultured and an impolite <clr>drunkard<clrEnd>. ""Right, look at the straight-guy here"", - you thought angrily."	"Quest,Muzon"	"Не пасьпелі вы падысьці, як чалавек паслаў вас куды далей, назваўшы некультурным і няветлівым <clr>п'яніцай<clrEnd>. ""Бач ты, цьвярозы знайшоўся"", — зласьліва падумалі вы."
"/quests/Muzon.qmm/jumps/66/text"	"Послушать музыку"	"Quest Muzon.qmm: jumps.66.text. Preserve every <tag> exactly. English reference: Listen to the music"	"Quest,Muzon"	"Паслухаць музыку"
"/quests/Muzon.qmm/jumps/67/description"	"Вы расслабились, слушая красивую музыку. Настроение немного улучшилось."	"Quest Muzon.qmm: jumps.67.description. Preserve every <tag> exactly. English reference: You relaxed listening to the beautiful music. Your mood has improved slightly."	"Quest,Muzon"	"Вы расслабіліся, слухаючы прыгожую музыку. Настрой крыху палепшыўся."
"/quests/Muzon.qmm/jumps/68/text"	"Ничего не хотел"	"Quest Muzon.qmm: jumps.68.text. Preserve every <tag> exactly. English reference: No, nothing"	"Quest,Muzon"	"Нічога не хацеў"
"/quests/Muzon.qmm/jumps/69/text"	"Гитариста искал"	"Quest Muzon.qmm: jumps.69.text. Preserve every <tag> exactly. English reference: I was looking for a guitar player"	"Quest,Muzon"	"Гітарыста шукаў"
"/quests/Muzon.qmm/jumps/70/text"	"Клавишника не хватает"	"Quest Muzon.qmm: jumps.70.text. Preserve every <tag> exactly. English reference: I'm short of keyboardist"	"Quest,Muzon"	"Клавішніка не хапае"
"/quests/Muzon.qmm/jumps/71/text"	"Думал, может, здесь бас-гитарист есть"	"Quest Muzon.qmm: jumps.71.text. Preserve every <tag> exactly. English reference: I thought maybe I could find a bass-player here"	"Quest,Muzon"	"Думаў, можа, тут ёсьць бас-гітарыст"
"/quests/Muzon.qmm/jumps/72/text"	"Ударник нужен"	"Quest Muzon.qmm: jumps.72.text. Preserve every <tag> exactly. English reference: I need a drummer"	"Quest,Muzon"	"Бубнач патрэбны"
"/quests/Muzon.qmm/jumps/73/text"	"Я, пожалуй, потопаю отсюда!"	"Quest Muzon.qmm: jumps.73.text. Preserve every <tag> exactly. English reference: I think I will take my leave now!"	"Quest,Muzon"	"Я, бадай, патупаю адсюль!"
"/quests/Muzon.qmm/jumps/75/text"	"Вернуться на площадь"	"Quest Muzon.qmm: jumps.75.text. Preserve every <tag> exactly. English reference: Back to the square"	"Quest,Muzon"	"Вярнуцца на плошчу"
"/quests/Muzon.qmm/jumps/76/text"	"Подойти к гаальцу"	"Quest Muzon.qmm: jumps.76.text. Preserve every <tag> exactly. English reference: Walk over to the Gaalian"	"Quest,Muzon"	"Падысьці да гаальца"
"/quests/Muzon.qmm/jumps/77/text"	"678"	"Quest Muzon.qmm: jumps.77.text. Preserve every <tag> exactly."	"Quest,Muzon"	"678"
"/quests/Muzon.qmm/jumps/78/text"	"Палки"	"Quest Muzon.qmm: jumps.78.text. Preserve every <tag> exactly. English reference: Sticks"	"Quest,Muzon"	"Палачкі"
"/quests/Muzon.qmm/jumps/78/description"	"- Держи. Настоящие малокские барабанные палки. Одни из самых крутых во всей галактике."	"Quest Muzon.qmm: jumps.78.description. Preserve every <tag> exactly. English reference: - Here, take it. Real Maloq drumsticks. One of the best in the Galaxy."	"Quest,Muzon"	"- Трымай. Сапраўдныя малокскія барабанныя палачкі. Адны з самых крутых ва ўсёй галяктыцы."
"/quests/Muzon.qmm/jumps/79/text"	"687"	"Quest Muzon.qmm: jumps.79.text. Preserve every <tag> exactly."	"Quest,Muzon"	"687"
"/quests/Muzon.qmm/jumps/80/text"	"872"	"Quest Muzon.qmm: jumps.80.text. Preserve every <tag> exactly."	"Quest,Muzon"	"872"
"/quests/Muzon.qmm/jumps/81/text"	"278"	"Quest Muzon.qmm: jumps.81.text. Preserve every <tag> exactly."	"Quest,Muzon"	"278"
"/quests/Muzon.qmm/jumps/82/text"	"В тату-салон"	"Quest Muzon.qmm: jumps.82.text. Preserve every <tag> exactly. English reference: To the tattoo-parlour"	"Quest,Muzon"	"У тату-салён"
"/quests/Muzon.qmm/jumps/83/text"	"Вернуться на площадь"	"Quest Muzon.qmm: jumps.83.text. Preserve every <tag> exactly. English reference: Back to the square"	"Quest,Muzon"	"Вярнуцца на плошчу"
"/quests/Muzon.qmm/jumps/84/text"	"Спросить, нет ли здесь музыканта"	"Quest Muzon.qmm: jumps.84.text. Preserve every <tag> exactly. English reference: Ask if they have a musician here"	"Quest,Muzon"	"Спытаць, ці няма тут музыка"
"/quests/Muzon.qmm/jumps/85/description"	"Один из мастеров ответил вам, что у него есть знакомый <clr>клавишник<clrEnd>, в бильярдной. Если захотите его нанять, то надо упомянуть, что вы от Маарли."	"Quest Muzon.qmm: jumps.85.description. Preserve every <tag> exactly. English reference: One of the tattoo-artists said that he knew a <clr>keyboardist<clrEnd>, who spent a lot of time in the poolroom. If you want to hire him you should mention you are from Maarlie."	"Quest,Muzon"	"Адзін з майстроў адказаў вам, што ў яго ёсьць знаёмы <clr>клавішнік<clrEnd>, у більярднай. Калі захочаце яго наняць, трэба згадаць, што вы ад Маарлі."
"/quests/Muzon.qmm/jumps/86/text"	"Сделать татуировку (от 20 рокнроллеров)"	"Quest Muzon.qmm: jumps.86.text. Preserve every <tag> exactly. English reference: Get a tattoo (starting from 20 rockarollars)"	"Quest,Muzon"	"Зрабіць татуіроўку (ад 20 рокнролераў)"
"/quests/Muzon.qmm/jumps/87/text"	"Выбрать дракона (20 рокнроллеров)"	"Quest Muzon.qmm: jumps.87.text. Preserve every <tag> exactly. English reference: Choose a dragon (20 rockarollars)"	"Quest,Muzon"	"Выбраць цмока (20 рокнролераў)"
"/quests/Muzon.qmm/jumps/87/description"	"Старый седой человек сделал вам красивую татуировку, на которой изображен древний зверь, живший когда-то на планете людей. Дракон выдыхает длинное синее пламя. Вам понравилось!"	"Quest Muzon.qmm: jumps.87.description. Preserve every <tag> exactly. English reference: An old grey-headed man made you a beautiful tattoo, depicting an ancient beast, which once used to live on Human planets. The Dragon was blowing a long blue flame. Looks cool!"	"Quest,Muzon"	"Стары сівенькі чалавек зрабіў вам прыгожую татуіроўку, на якой намаляваны старажытны зьвер, што калісьці жыў на плянэце людзей. Цмок выдыхае доўгае сіняе полымя. Вам спадабалася!"
"/quests/Muzon.qmm/jumps/88/text"	"Выбрать гитару (35 рокнроллеров)"	"Quest Muzon.qmm: jumps.88.text. Preserve every <tag> exactly. English reference: Choose a guitar (35 rockarollars)"	"Quest,Muzon"	"Выбраць гітару (35 рокнролераў)"
"/quests/Muzon.qmm/jumps/88/description"	"Старый седой человек сделал вам красивую татуировку в виде трехгрифовой двадцатиструнной гитары на фоне темного неба с двумя фиолетовыми осколками лун. Вы были просто счастливы!"	"Quest Muzon.qmm: jumps.88.description. Preserve every <tag> exactly. English reference: An old grey-headed man made you a beautiful tattoo, depicting a three-neck 20-string guitar against the background of dark sky with two violet pieces of the moons. You were completely happy!"	"Quest,Muzon"	"Стары сівенькі чалавек зрабіў вам прыгожую татуіроўку ў выглядзе гітары з трыма грыфамі і дваццацьцю струнамі на тле цёмнага неба з двума фіялетавымі аскепкамі месяцаў. Вы былі проста шчасьлівыя!"
"/quests/Muzon.qmm/jumps/89/text"	"Проколоть ухо (20 рокнроллеров)"	"Quest Muzon.qmm: jumps.89.text. Preserve every <tag> exactly. English reference: Pierce an ear (20 rockarollars)"	"Quest,Muzon"	"Прабіць вуха (20 рокнролераў)"
"/quests/Muzon.qmm/jumps/90/text"	"Искать клавишника"	"Quest Muzon.qmm: jumps.90.text. Preserve every <tag> exactly. English reference: Look for a keyboardist"	"Quest,Muzon"	"Шукаць клавішніка"
"/quests/Muzon.qmm/jumps/91/text"	"Играть"	"Quest Muzon.qmm: jumps.91.text. Preserve every <tag> exactly. English reference: Play"	"Quest,Muzon"	"Граць"
"/quests/Muzon.qmm/jumps/91/description"	"К сожалению, <clr>вы проиграли<clrEnd>, и клавишник ушел. Сегодня он больше в клуб не вернется."	"Quest Muzon.qmm: jumps.91.description. Preserve every <tag> exactly. English reference: Unfortunately, <clr> you lost <clrEnd>, and the keyboardist left. Today he is not coming back here."	"Quest,Muzon"	"На жаль, <clr>вы прайгралі<clrEnd>, і клавішнік сышоў. Сёньня ён больш у клюб не вернецца."
"/quests/Muzon.qmm/jumps/92/description"	"- Извините, но я не хочу к вам в группу, так как вы слишком <clr>невежливы<clrEnd>, и к тому же глупы, - категорично заявил бас-гитарист."	"Quest Muzon.qmm: jumps.92.description. Preserve every <tag> exactly. English reference: - I am sorry I don't want to join your band, because you are too <clr> impolite <clrEnd>, and too stupid at that, - the bass-player cut off."	"Quest,Muzon"	"- Выбачайце, але я не хачу да вас у гурт, бо вы занадта <clr>няветлівыя<clrEnd>, і да таго ж дурныя, — катэгарычна заявіў бас-гітарыст."
"/quests/Muzon.qmm/jumps/93/text"	"Библиотека"	"Quest Muzon.qmm: jumps.93.text. Preserve every <tag> exactly. English reference: Library"	"Quest,Muzon"	"Бібліятэка"
"/quests/Muzon.qmm/jumps/94/text"	"О. Хипарь, ""Вежливость среди людей - правила этикета"""	"Quest Muzon.qmm: jumps.94.text. Preserve every <tag> exactly. English reference: O. Hippie, ""Politeness in a Human Society - Rules of Etiquette"""	"Quest,Muzon"	"О. Хіпар, ""Ветлівасьць сярод людзей — правілы этыкету"""
"/quests/Muzon.qmm/jumps/95/text"	"Вежливо попросить бас-гитариста присоединиться к вам"	"Quest Muzon.qmm: jumps.95.text. Preserve every <tag> exactly. English reference: Politely ask the bass-guitarist to join you"	"Quest,Muzon"	"Ветліва папрасіць бас-гітарыста далучыцца да вас"
"/quests/Muzon.qmm/jumps/96/description"	"- Впервые вижу здесь культурное создание, но я не хочу к вам в группу. Я уважаю тех, кто любит <clr>поэзию<clrEnd>, - ответил бас-гитарист."	"Quest Muzon.qmm: jumps.96.description. Preserve every <tag> exactly. English reference: - This is actually the first time I see somebody cultured enough here, but I don't want to join your band. I respect only those, who love <clr>poetry<clrEnd>, - the bass-player answered."	"Quest,Muzon"	"- Упершыню бачу тут культурную істоту, але я не хачу да вас у гурт. Я паважаю тых, хто любіць <clr>паэзію<clrEnd>, — адказаў бас-гітарыст."
"/quests/Muzon.qmm/jumps/97/text"	"Репетировать"	"Quest Muzon.qmm: jumps.97.text. Preserve every <tag> exactly. English reference: Rehearse"	"Quest,Muzon"	"Рэпэтаваць"
"/quests/Muzon.qmm/jumps/98/text"	"Почтовый ящик"	"Quest Muzon.qmm: jumps.98.text. Preserve every <tag> exactly. English reference: Mailbox"	"Quest,Muzon"	"Паштовая скрыня"
"/quests/Muzon.qmm/jumps/99/text"	"Отойти от барной стойки"	"Quest Muzon.qmm: jumps.99.text. Preserve every <tag> exactly. English reference: Walk away from the bar-table"	"Quest,Muzon"	"Адысьці ад стойкі бару"
"/quests/Muzon.qmm/jumps/100/text"	"Хватит уже репетировать!"	"Quest Muzon.qmm: jumps.100.text. Preserve every <tag> exactly. English reference: Enough of practising!"	"Quest,Muzon"	"Хопіць ужо рэпэтаваць!"
"/quests/Muzon.qmm/jumps/101/text"	"Нехотя проснуться"	"Quest Muzon.qmm: jumps.101.text. Preserve every <tag> exactly. English reference: Lazily wake up"	"Quest,Muzon"	"Неахвотна прачнуцца"
"/quests/Muzon.qmm/jumps/102/text"	"Правительство планеты <FromPlanet>"	"Quest Muzon.qmm: jumps.102.text. Preserve every <tag> exactly. English reference: <FromPlanet> Govt"	"Quest,Muzon"	"Урад плянэты <FromPlanet>"
"/quests/Muzon.qmm/jumps/103/text"	"Святое письмо"	"Quest Muzon.qmm: jumps.103.text. Preserve every <tag> exactly. English reference: Holy Message"	"Quest,Muzon"	"Сьвяты ліст"
"/quests/Muzon.qmm/jumps/104/text"	"Забацать суперский соляк на гитаре"	"Quest Muzon.qmm: jumps.104.text. Preserve every <tag> exactly. English reference: Play a shredding guitar solo"	"Quest,Muzon"	"Урваць крутое сола на гітары"
"/quests/Muzon.qmm/jumps/105/description"	"Гитарист сыграл на редкость отстойно, все зрители без исключения освистали вас."	"Quest Muzon.qmm: jumps.105.description. Preserve every <tag> exactly. English reference: The guitar-player sucked, and the entire crowd was booing at you."	"Quest,Muzon"	"Гітарыст сыграў на рэдкасьць блага, усе гледачы без выключэньня асьвісталі вас."
"/quests/Muzon.qmm/jumps/106/text"	"Рейнджер Лаамер"	"Quest Muzon.qmm: jumps.106.text. Preserve every <tag> exactly. English reference: Ranger Laamer"	"Quest,Muzon"	"Рэйнджэр Лаамер"
"/quests/Muzon.qmm/jumps/107/text"	"Рейнджер Дохляга"	"Quest Muzon.qmm: jumps.107.text. Preserve every <tag> exactly. English reference: Ranger Feebling"	"Quest,Muzon"	"Рэйнджэр Кволы"
"/quests/Muzon.qmm/jumps/108/text"	"Еженедельная рассылка научных новостей"	"Quest Muzon.qmm: jumps.108.text. Preserve every <tag> exactly. English reference: Weekly Scientific Newsletter"	"Quest,Muzon"	"Штотыднёвая дасылка навуковых навінаў"
"/quests/Muzon.qmm/jumps/111/text"	"Отмена"	"Quest Muzon.qmm: jumps.111.text. Preserve every <tag> exactly. English reference: Cancel"	"Quest,Muzon"	"Скасаваць"
"/quests/Muzon.qmm/jumps/112/text"	"Искать дальше (3 рокнроллера)"	"Quest Muzon.qmm: jumps.112.text. Preserve every <tag> exactly. English reference: Search more (3 rockarollars)"	"Quest,Muzon"	"Шукаць далей (3 рокнролеры)"
"/quests/Muzon.qmm/jumps/113/text"	"Чваха Жуль ""Галактический бильярд - секреты выигрыша"""	"Quest Muzon.qmm: jumps.113.text. Preserve every <tag> exactly. English reference: Chvakha Cheet ""Galactic Pool - The Winner's Manual"""	"Quest,Muzon"	"Чваха Жуль ""Галяктычны більярд — сакрэты выйгрышу"""
"/quests/Muzon.qmm/jumps/114/text"	"В бильярд-клуб"	"Quest Muzon.qmm: jumps.114.text. Preserve every <tag> exactly. English reference: To the pool-room"	"Quest,Muzon"	"У більярд-клюб"
"/quests/Muzon.qmm/jumps/115/text"	"Вернуться на площадь"	"Quest Muzon.qmm: jumps.115.text. Preserve every <tag> exactly. English reference: Back to the square"	"Quest,Muzon"	"Вярнуцца на плошчу"
"/quests/Muzon.qmm/jumps/116/text"	"Поиск музыкальных инструментов (5 рокнроллеров)"	"Quest Muzon.qmm: jumps.116.text. Preserve every <tag> exactly. English reference: Search musical instruments (5 rockarollars)"	"Quest,Muzon"	"Пошук музычных інструмэнтаў (5 рокнролераў)"
"/quests/Muzon.qmm/jumps/117/description"	"Поиск завершен.

Найдены <clr>Барабанные палочки<clrEnd>
Состояние: <clr>Среднее<clrEnd>
Цена: <clr>50<clrEnd> cr"	"Quest Muzon.qmm: jumps.117.description. Preserve every <tag> exactly. English reference: Search complete.

Found <clr>drumsticks<clrEnd>
Condition: <clr>average<clrEnd>
Price: <clr>50<clrEnd> cr"	"Quest,Muzon"	"Пошук завершаны.

Знойдзены <clr>Барабанныя палачкі<clrEnd>
Стан: <clr>Сярэдні<clrEnd>
Цана: <clr>50<clrEnd> cr"
"/quests/Muzon.qmm/jumps/118/description"	"Поиск завершен.

Найдены <clr>Барабанные палочки<clrEnd>
Состояние: <clr>Отличное<clrEnd>
Цена: <clr>200<clrEnd> cr"	"Quest Muzon.qmm: jumps.118.description. Preserve every <tag> exactly. English reference: Search complete.

Found <clr>drumsticks<clrEnd>
Condition: <clr>Excellent<clrEnd>
Price: <clr>200<clrEnd> cr"	"Quest,Muzon"	"Пошук завершаны.

Знойдзены <clr>Барабанныя палачкі<clrEnd>
Стан: <clr>Выдатны<clrEnd>
Цана: <clr>200<clrEnd> cr"
"/quests/Muzon.qmm/jumps/119/description"	"Поиск завершен.

Найдены <clr>Струны<clrEnd>
Состояние: <clr>Хорошее<clrEnd>
Цена: <clr>200<clrEnd> cr"	"Quest Muzon.qmm: jumps.119.description. Preserve every <tag> exactly. English reference: Search complete.

Found <clr>Strings<clrEnd>
Condition: <clr>Good<clrEnd>
Price: <clr>200<clrEnd> cr"	"Quest,Muzon"	"Пошук завершаны.

Знойдзены <clr>Струны<clrEnd>
Стан: <clr>Добры<clrEnd>
Цана: <clr>200<clrEnd> cr"
"/quests/Muzon.qmm/jumps/120/description"	"Поиск завершен.

Найдены <clr>Струны<clrEnd>
Состояние: <clr>Удовлетворительное<clrEnd>
Цена: <clr>50<clrEnd> cr"	"Quest Muzon.qmm: jumps.120.description. Preserve every <tag> exactly. English reference: Search complete.

Found <clr>Strings<clrEnd>
Condition: <clr>Satisfactory<clrEnd>
Price: <clr>50<clrEnd> cr"	"Quest,Muzon"	"Пошук завершаны.

Знойдзены <clr>Струны<clrEnd>
Стан: <clr>Здавальняючы<clrEnd>
Цана: <clr>50<clrEnd> cr"
"/quests/Muzon.qmm/jumps/121/text"	"Купить"	"Quest Muzon.qmm: jumps.121.text. Preserve every <tag> exactly. English reference: Buy"	"Quest,Muzon"	"Купіць"
"/quests/Muzon.qmm/jumps/122/text"	"Отмена"	"Quest Muzon.qmm: jumps.122.text. Preserve every <tag> exactly. English reference: Cancel"	"Quest,Muzon"	"Скасаваць"
"/quests/Muzon.qmm/jumps/123/text"	"Искать дальше (3 рокнроллера)"	"Quest Muzon.qmm: jumps.123.text. Preserve every <tag> exactly. English reference: Search more (3 rockarollars)"	"Quest,Muzon"	"Шукаць далей (3 рокнролеры)"
"/quests/Muzon.qmm/jumps/124/text"	"Искать дальше (3 рокнроллера)"	"Quest Muzon.qmm: jumps.124.text. Preserve every <tag> exactly. English reference: Search more (3 rockarollars)"	"Quest,Muzon"	"Шукаць далей (3 рокнролеры)"
"/quests/Muzon.qmm/jumps/125/text"	"Искать дальше (3 рокнроллера)"	"Quest Muzon.qmm: jumps.125.text. Preserve every <tag> exactly. English reference: Search more (3 rockarollars)"	"Quest,Muzon"	"Шукаць далей (3 рокнролеры)"
"/quests/Muzon.qmm/jumps/126/text"	"Искать дальше (3 рокнроллера)"	"Quest Muzon.qmm: jumps.126.text. Preserve every <tag> exactly. English reference: Search more (3 rockarollars)"	"Quest,Muzon"	"Шукаць далей (3 рокнролеры)"
"/quests/Muzon.qmm/jumps/127/text"	"Отмена"	"Quest Muzon.qmm: jumps.127.text. Preserve every <tag> exactly. English reference: Cancel"	"Quest,Muzon"	"Скасаваць"
"/quests/Muzon.qmm/jumps/128/text"	"Отмена"	"Quest Muzon.qmm: jumps.128.text. Preserve every <tag> exactly. English reference: Cancel"	"Quest,Muzon"	"Скасаваць"
"/quests/Muzon.qmm/jumps/129/text"	"Отмена"	"Quest Muzon.qmm: jumps.129.text. Preserve every <tag> exactly. English reference: Cancel"	"Quest,Muzon"	"Скасаваць"
"/quests/Muzon.qmm/jumps/130/text"	"Купить"	"Quest Muzon.qmm: jumps.130.text. Preserve every <tag> exactly. English reference: Buy"	"Quest,Muzon"	"Купіць"
"/quests/Muzon.qmm/jumps/131/text"	"Купить"	"Quest Muzon.qmm: jumps.131.text. Preserve every <tag> exactly. English reference: Buy"	"Quest,Muzon"	"Купіць"
"/quests/Muzon.qmm/jumps/132/text"	"Купить"	"Quest Muzon.qmm: jumps.132.text. Preserve every <tag> exactly. English reference: Buy"	"Quest,Muzon"	"Купіць"
"/quests/Muzon.qmm/jumps/133/text"	"Струны"	"Quest Muzon.qmm: jumps.133.text. Preserve every <tag> exactly. English reference: Strings"	"Quest,Muzon"	"Струны"
"/quests/Muzon.qmm/jumps/133/description"	"- Вот. Настоящие фэянские жидкостеклянные струны. Супер качество."	"Quest Muzon.qmm: jumps.133.description. Preserve every <tag> exactly. English reference: - Here. Real Faeyan liquid-glass strings. Super quality."	"Quest,Muzon"	"- Вось. Сапраўдныя фэянскія струны з вадкага шкла. Найлепшая якасьць."
"/quests/Muzon.qmm/jumps/134/text"	"Поиск музыкальных инструментов (5 рокнроллеров)"	"Quest Muzon.qmm: jumps.134.text. Preserve every <tag> exactly. English reference: Search musical instruments (5 rockarollars)"	"Quest,Muzon"	"Пошук музычных інструмэнтаў (5 рокнролераў)"
"/quests/Muzon.qmm/jumps/135/description"	"Вы выпили по несколько кружек пива с пеленгом, и он рассказал, что в рок-клубе всегда полно музыкантов, но последнюю неделю он закрыт."	"Quest Muzon.qmm: jumps.135.description. Preserve every <tag> exactly. English reference: You had a couple of pints with the Peleng, and he told you that there was always a whole lot of musicians at the rock-club, but it had been a week now that it was closed."	"Quest,Muzon"	"Вы выпілі па некалькі куфляў піва з пеленгам, і ён расказаў, што ў рок-клюбе заўсёды поўна музыкаў, але апошні тыдзень ён зачынены."
"/quests/Muzon.qmm/jumps/136/text"	"Выпить с пеленгом, сидящим рядом (60 рокнроллеров)"	"Quest Muzon.qmm: jumps.136.text. Preserve every <tag> exactly. English reference: Drink with the Peleng who sits next to you (60 rockarollars)"	"Quest,Muzon"	"Выпіць з пеленгам, які сядзіць побач (60 рокнролераў)"
"/quests/Muzon.qmm/jumps/137/description"	"Вы выпили по несколько кружек пива с пеленгом, и он рассказал, что один раз выиграл партию в бильярд, когда напоил соперника."	"Quest Muzon.qmm: jumps.137.description. Preserve every <tag> exactly. English reference: You had a couple of pints with the Peleng and he told you that he once won a game of pool by getting his opponent drunk."	"Quest,Muzon"	"Вы выпілі па некалькі куфляў піва з пеленгам, і ён расказаў, што аднойчы выйграў партыю ў більярд, калі напаіў саперніка."
"/quests/Muzon.qmm/jumps/138/description"	"Вы просто поболтали за кружкой пива, обмениваясь интересными историями. Пеленг рассказал вам пару новых смешных анекдотов, что существенно подняло ваше настроение."	"Quest Muzon.qmm: jumps.138.description. Preserve every <tag> exactly. English reference: You had a chance over a pint, exchanging some interesting stories. The Peleng told you a couple of funny jokes that considerably improved your spirits."	"Quest,Muzon"	"Вы проста пабалбаталі за куфлем піва, абменьваючыся цікавымі гісторыямі. Пеленг расказаў вам пару новых сьмешных анэкдотаў, што прыкметна падняло ваш настрой."
"/quests/Muzon.qmm/jumps/139/text"	"Ударник нужен"	"Quest Muzon.qmm: jumps.139.text. Preserve every <tag> exactly. English reference: I need a drummer"	"Quest,Muzon"	"Бубнач патрэбны"
"/quests/Muzon.qmm/jumps/140/text"	"До встречи"	"Quest Muzon.qmm: jumps.140.text. Preserve every <tag> exactly. English reference: See you"	"Quest,Muzon"	"Да сустрэчы"
"/quests/Muzon.qmm/jumps/141/text"	"Вернуться на площадь"	"Quest Muzon.qmm: jumps.141.text. Preserve every <tag> exactly. English reference: Back to the square"	"Quest,Muzon"	"Вярнуцца на плошчу"
"/quests/Muzon.qmm/jumps/142/text"	"Сделать ставку (50 рокнроллеров)"	"Quest Muzon.qmm: jumps.142.text. Preserve every <tag> exactly. English reference: Put a stake (50 rockarollars)"	"Quest,Muzon"	"Зрабіць стаўку (50 рокнролераў)"
"/quests/Muzon.qmm/jumps/143/text"	"582"	"Quest Muzon.qmm: jumps.143.text. Preserve every <tag> exactly."	"Quest,Muzon"	"582"
"/quests/Muzon.qmm/jumps/144/text"	"765"	"Quest Muzon.qmm: jumps.144.text. Preserve every <tag> exactly."	"Quest,Muzon"	"765"
"/quests/Muzon.qmm/jumps/145/text"	"256"	"Quest Muzon.qmm: jumps.145.text. Preserve every <tag> exactly."	"Quest,Muzon"	"256"
"/quests/Muzon.qmm/jumps/146/text"	"867"	"Quest Muzon.qmm: jumps.146.text. Preserve every <tag> exactly."	"Quest,Muzon"	"867"
"/quests/Muzon.qmm/jumps/147/text"	"Э. Мутный, ""Страстная любовь маркизы де Маньяк"""	"Quest Muzon.qmm: jumps.147.text. Preserve every <tag> exactly. English reference: E. Grim, ""The Passionate Love of Marquise de Maniac """	"Quest,Muzon"	"Э. Мутны, ""Страснае каханьне маркізы дэ Маньяк"""
"/quests/Muzon.qmm/jumps/148/text"	"Сборник пеленгских нецензурных анекдотов"	"Quest Muzon.qmm: jumps.148.text. Preserve every <tag> exactly. English reference: A collection of Peleng obscene jokes"	"Quest,Muzon"	"Зборнік пеленгскіх нецэнзурных анэкдотаў"
"/quests/Muzon.qmm/jumps/149/text"	"""Современная лирика"", антология"	"Quest Muzon.qmm: jumps.149.text. Preserve every <tag> exactly. English reference: ""Contemporary Poetry"", the anthology"	"Quest,Muzon"	"""Сучасная лірыка"", анталёгія"
"/quests/Muzon.qmm/jumps/150/text"	"Подарить книгу бас-гитаристу"	"Quest Muzon.qmm: jumps.150.text. Preserve every <tag> exactly. English reference: Present the book to the bass-guitarist"	"Quest,Muzon"	"Падарыць кнігу бас-гітарысту"
"/quests/Muzon.qmm/jumps/150/description"	"- Спасибо за классную книгу, присоединюсь к вам мигом, - зарифмовал он.
- До встречи, - сказали вы."	"Quest Muzon.qmm: jumps.150.description. Preserve every <tag> exactly. English reference: - Thanks for the excellent book, you got me totally hooked, - he rhymed.
- See you, - you said."	"Quest,Muzon"	"- Дзякуй за клясную кнігу, далучуся да вас мігам, — зарыфмаваў ён.
- Да сустрэчы, — сказалі вы."
"/quests/Muzon.qmm/jumps/151/text"	"Вежливо попросить бас-гитариста присоединиться к вам"	"Quest Muzon.qmm: jumps.151.text. Preserve every <tag> exactly. English reference: Politely ask the bass-guitarist to join you"	"Quest,Muzon"	"Ветліва папрасіць бас-гітарыста далучыцца да вас"
"/quests/Muzon.qmm/jumps/152/text"	"Играть"	"Quest Muzon.qmm: jumps.152.text. Preserve every <tag> exactly. English reference: Play"	"Quest,Muzon"	"Граць"
"/quests/Muzon.qmm/jumps/152/description"	"Вспомнив <clr>книжку<clrEnd>, вы воспользовались парочкой финтов и с легкостью победили соперника. Теперь у вас в группе есть <clr>клавишник<clrEnd>!"	"Quest Muzon.qmm: jumps.152.description. Preserve every <tag> exactly. English reference: Remembering the <clr>book<clrEnd>, you remembered a couple of tricks and easily won against your competitor. Now your band has a <clr>keyboardist<clrEnd>!"	"Quest,Muzon"	"Згадаўшы <clr>кніжку<clrEnd>, вы скарысталіся парай фінтаў і з лёгкасьцю перамаглі саперніка. Цяпер у вас у гурце ёсьць <clr>клавішнік<clrEnd>!"
"/quests/Muzon.qmm/jumps/153/text"	"Повысить общее мастерство группы"	"Quest Muzon.qmm: jumps.153.text. Preserve every <tag> exactly. English reference: Work on the professionalism of the entire band"	"Quest,Muzon"	"Павысіць агульнае майстэрства гурту"
"/quests/Muzon.qmm/jumps/154/text"	"Музыкальные действия"	"Quest Muzon.qmm: jumps.154.text. Preserve every <tag> exactly. English reference: Music actions"	"Quest,Muzon"	"Музычныя дзеяньні"
"/quests/Muzon.qmm/jumps/155/text"	"Хулиганские действия"	"Quest Muzon.qmm: jumps.155.text. Preserve every <tag> exactly. English reference: Show"	"Quest,Muzon"	"Хуліганскія дзеяньні"
"/quests/Muzon.qmm/jumps/156/text"	"Исполнить крутую вокальную партию"	"Quest Muzon.qmm: jumps.156.text. Preserve every <tag> exactly. English reference: Perform a great vocal party"	"Quest,Muzon"	"Выканаць крутую вакальную партыю"
"/quests/Muzon.qmm/jumps/157/text"	"Замочить крутую фишку на клавишных"	"Quest Muzon.qmm: jumps.157.text. Preserve every <tag> exactly. English reference: Play a wicked keyboard solo"	"Quest,Muzon"	"Зайграць крутое сола на клявішах"
"/quests/Muzon.qmm/jumps/158/text"	"Играть по-панковски на ударных"	"Quest Muzon.qmm: jumps.158.text. Preserve every <tag> exactly. English reference: Play the drums the punk-rock way"	"Quest,Muzon"	"Граць на ўдарных, як панк"
"/quests/Muzon.qmm/jumps/159/text"	"Сыграть что-нибудь прикольное на басухе"	"Quest Muzon.qmm: jumps.159.text. Preserve every <tag> exactly. English reference: Play some cool bass-line"	"Quest,Muzon"	"Сыграць нешта файнае на басе"
"/quests/Muzon.qmm/jumps/160/description"	"Клавишник сыграл на редкость отстойно, все зрители без исключения освистали вас."	"Quest Muzon.qmm: jumps.160.description. Preserve every <tag> exactly. English reference: The keyboardist sucked, and the entire crowd booed."	"Quest,Muzon"	"Клавішнік сыграў на рэдкасьць блага, усе гледачы без выключэньня асьвісталі вас."
"/quests/Muzon.qmm/jumps/161/description"	"Вы подсказали вашему ударнику вспомнить репетицию, и тот заиграл чуть круче, всем понравилось."	"Quest Muzon.qmm: jumps.161.description. Preserve every <tag> exactly. English reference: You said to your drummer to remember how you played it at the rehearsal and he played a bit better, everybody liked it."	"Quest,Muzon"	"Вы падказалі вашаму бубначу ўзгадаць рэпэтыцыю, і той заграў крыху лепей, усім спадабалася."
"/quests/Muzon.qmm/jumps/162/description"	"Бас-гитарист сыграл очень хорошо, зрители долго аплодировали."	"Quest Muzon.qmm: jumps.162.description. Preserve every <tag> exactly. English reference: The bass-player did an excellent job and the crowded gave him a long applause."	"Quest,Muzon"	"Бас-гітарыст сыграў вельмі добра, гледачы доўга пляскалі."
"/quests/Muzon.qmm/jumps/163/description"	"Вы спели средне, некоторые из зрителей освистали вас, но кому-то понравилось."	"Quest Muzon.qmm: jumps.163.description. Preserve every <tag> exactly. English reference: You did an average job singing, some of the audience booed, some liked it."	"Quest,Muzon"	"Вы сьпявалі сярэдне, некаторыя з гледачоў асьвісталі вас, але камусьці спадабалася."
"/quests/Muzon.qmm/jumps/164/text"	"Повысить мастерство гитариста"	"Quest Muzon.qmm: jumps.164.text. Preserve every <tag> exactly. English reference: Work on the guitarist's skills"	"Quest,Muzon"	"Павысіць майстэрства гітарыста"
"/quests/Muzon.qmm/jumps/165/text"	"Повысить мастерство ударника"	"Quest Muzon.qmm: jumps.165.text. Preserve every <tag> exactly. English reference: Work on the drummer's skills"	"Quest,Muzon"	"Павысіць майстэрства бубнача"
"/quests/Muzon.qmm/jumps/166/text"	"Повысить мастерство бас-гитариста"	"Quest Muzon.qmm: jumps.166.text. Preserve every <tag> exactly. English reference: Work on the bass-player's skills"	"Quest,Muzon"	"Павысіць майстэрства бас-гітарыста"
"/quests/Muzon.qmm/jumps/167/text"	"Повысить мастерство клавишника"	"Quest Muzon.qmm: jumps.167.text. Preserve every <tag> exactly. English reference: Work on the keyboardist's skills"	"Quest,Muzon"	"Павысіць майстэрства клавішніка"
"/quests/Muzon.qmm/jumps/168/text"	"Повысить свое мастерство"	"Quest Muzon.qmm: jumps.168.text. Preserve every <tag> exactly. English reference: Work on your own skills"	"Quest,Muzon"	"Павысіць сваё майстэрства"
"/quests/Muzon.qmm/jumps/170/text"	"За 150 рокнроллеров (7 минут)"	"Quest Muzon.qmm: jumps.170.text. Preserve every <tag> exactly. English reference: 150 rockarollars (7 minutes)"	"Quest,Muzon"	"За 150 рокнролераў (7 хвілінаў)"
"/quests/Muzon.qmm/jumps/171/text"	"Пойти поговорить со зрителями"	"Quest Muzon.qmm: jumps.171.text. Preserve every <tag> exactly. English reference: Go and talk to the audience"	"Quest,Muzon"	"Пайсьці пагаварыць з гледачамі"
"/quests/Muzon.qmm/jumps/172/text"	"Сделать соперникам какую-нибудь бяку"	"Quest Muzon.qmm: jumps.172.text. Preserve every <tag> exactly. English reference: Do something wicked to the competitors"	"Quest,Muzon"	"Зрабіць сапернікам нейкую подласьць"
"/quests/Muzon.qmm/jumps/173/description"	"Вы спустились в зал к зрителям, поговорили с ними и дали им пару автографов, потом попили с ними пива. Ваш рейтинг немного вырос."	"Quest Muzon.qmm: jumps.173.description. Preserve every <tag> exactly. English reference: You went down into the crowd, talked to your fans, signed a couple of autographs, drank some beer with them. You rating ahs slightly improved."	"Quest,Muzon"	"Вы спусьціліся ў залю да гледачоў, пагаварылі з імі і далі ім пару аўтографаў, потым папілі з імі піва. Ваш рэйтынг крыху вырас."
"/quests/Muzon.qmm/jumps/174/description"	"Вы незаметно прокрались за кулисы и расковыряли ножом одну из колонок. Теперь она будет дребезжать при выступлении других участников, и можно смело надеяться, что им скинут с десяток баллов рейтинга. Хорошо, что вас не поймали за этим делом!"	"Quest Muzon.qmm: jumps.174.description. Preserve every <tag> exactly. English reference: You sneaked on the stage behind the curtains and cut one of the tweeters with a knife. Now it is going to rattle during the performance of other bands, and you can be sure, that they will lose at least 10 points in rating. Good that no one saw you do it!"	"Quest,Muzon"	"Вы неўзаметку пракраліся за кулісы і раскалупалі нажом адну з калёнак. Цяпер яна будзе бразгатаць падчас выступу іншых удзельнікаў, і можна сьмела спадзявацца, што ім скінуць з дзясятак балаў рэйтынгу. Добра, што вас не злавілі за гэтай справай!"
"/quests/Muzon.qmm/jumps/175/text"	"Закончить выступление"	"Quest Muzon.qmm: jumps.175.text. Preserve every <tag> exactly. English reference: Finish the gig"	"Quest,Muzon"	"Скончыць выступ"
"/quests/Muzon.qmm/jumps/176/description"	"Вы незаметно прокрались в гримерку соперников, чтобы расстроить им музыкальные инструменты, но вы были слишком пьяны, чтобы действовать бесшумно. Вы нечаянно уронили колонки, и на шум прибежали музыканты других групп, вместе с охранниками. Разозлившись, они хорошенько отмутузили вас, а потом вытащили на сцену и объявили всем зрителям, что вы хотели сделать. Ваш рейтинг сразу заметно упал."	"Quest Muzon.qmm: jumps.176.description. Preserve every <tag> exactly. English reference: You sneaked into your opponents' dressing room in order to put their instruments out of tune, but you were too drunk to keep it quiet. Accidentally you tumbled down several ampheads, and musicians from other bands rushed in with the security. Quite angered by what you did, they gave you a sound beating, then dragged you upon the stage and announced to the crowd what you attempted to do. Your rating dropped."	"Quest,Muzon"	"Вы неўзаметку пракраліся ў грымэрку сапернікаў, каб разладзіць ім музычныя інструмэнты, але вы былі занадта п'яныя, каб дзейнічаць бясшумна. Вы незнарок упусьцілі калёнкі, і на шум зьбегліся музыкі іншых гуртоў разам з ахоўнікамі. Раззлаваўшыся, яны добра вас адлупцавалі, а потым выцягнулі на сцэну і абвясьцілі ўсім гледачам, што вы хацелі зрабіць. Ваш рэйтынг адразу прыкметна ўпаў."
"/quests/Muzon.qmm/jumps/181/text"	"Отмена"	"Quest Muzon.qmm: jumps.181.text. Preserve every <tag> exactly. English reference: Cancel"	"Quest,Muzon"	"Скасаваць"
"/quests/Muzon.qmm/jumps/182/text"	"Отмена"	"Quest Muzon.qmm: jumps.182.text. Preserve every <tag> exactly. English reference: Cancel"	"Quest,Muzon"	"Скасаваць"
"/quests/Muzon.qmm/jumps/183/text"	"Искать дальше (3 рокнроллера)"	"Quest Muzon.qmm: jumps.183.text. Preserve every <tag> exactly. English reference: Search more (3 rockarollars)"	"Quest,Muzon"	"Шукаць далей (3 рокнролеры)"
"/quests/Muzon.qmm/jumps/184/text"	"Искать дальше (3 рокнроллера)"	"Quest Muzon.qmm: jumps.184.text. Preserve every <tag> exactly. English reference: Search more (3 rockarollars)"	"Quest,Muzon"	"Шукаць далей (3 рокнролеры)"
"/quests/Muzon.qmm/jumps/185/text"	"Нанять"	"Quest Muzon.qmm: jumps.185.text. Preserve every <tag> exactly. English reference: Hire"	"Quest,Muzon"	"Наняць"
"/quests/Muzon.qmm/jumps/186/text"	"Вернуться на площадь"	"Quest Muzon.qmm: jumps.186.text. Preserve every <tag> exactly. English reference: Back to the square"	"Quest,Muzon"	"Вярнуцца на плошчу"
"/quests/Muzon.qmm/jumps/187/description"	"Вы сели в кресло, в котором делали эти самые прокалывания, закрыли глаза и приготовились...

- Эй, мужик, ну ты долго еще здесь сидеть будешь? - послышался голос фэянина, который собирался проколоть вам ухо. - Или тебе еще пару дырок сделать?

Вместо ответа вы быстро вскочили и вышли из этой жуткой комнаты. Ощупав на выходе свое ухо, вы почувствовали там большую металлическую серьгу. Так боялись и ничего не почувствовали. Хоть было и не больно, вы решили больше там не появляться."	"Quest Muzon.qmm: jumps.187.description. Preserve every <tag> exactly. English reference: You sat down in the piercing chair, closed your eyes and prepared yourself...

- Hey, dude, are you going to spend the entire day sitting here? - said the Faeyan who was to pierce your ear - or you want a couple of more holes?

Instead of answering you quickly ran out of the horrible room. At the exit you touched your ear and found a large metal earring in it. Right, you feared this so much, and did not feel a thing. But although it did not hurt, you decided you did not want to go there again."	"Quest,Muzon"	"Вы селі ў крэсла, у якім рабілі гэтыя самыя праколваньні, заплюшчылі вочы і прыгатаваліся...

- Гэй, мужык, ну ты доўга яшчэ тут сядзець будзеш? — пачуўся голас фэяніна, які зьбіраўся прабіць вам вуха. — Ці табе яшчэ пару дзірак зрабіць?

Замест адказу вы хутка ўскочылі і выйшлі з гэтага жахлівага пакоя. Абмацаўшы на выхадзе сваё вуха, вы адчулі там вялікую мэталёвую завушніцу. Так баяліся і нічога не адчулі. Хоць і не было балюча, вы вырашылі больш туды не зьяўляцца."
"/quests/Muzon.qmm/jumps/188/text"	"В тату-салон"	"Quest Muzon.qmm: jumps.188.text. Preserve every <tag> exactly. English reference: To the tattoo-parlour"	"Quest,Muzon"	"У тату-салён"
"/quests/Muzon.qmm/jumps/189/text"	"В тату-салон"	"Quest Muzon.qmm: jumps.189.text. Preserve every <tag> exactly. English reference: To the tattoo-parlour"	"Quest,Muzon"	"У тату-салён"
"/quests/Muzon.qmm/jumps/190/text"	"Загадывай"	"Quest Muzon.qmm: jumps.190.text. Preserve every <tag> exactly. English reference: Go ahead"	"Quest,Muzon"	"Загадвай"
"/quests/Muzon.qmm/jumps/191/description"	"Бас-гитарист сыграл средне, некоторые из зрителей освистали вас."	"Quest Muzon.qmm: jumps.191.description. Preserve every <tag> exactly. English reference: The bass-player did an average job and some of the audience booed."	"Quest,Muzon"	"Бас-гітарыст сыграў сярэдне, некаторыя з гледачоў асьвісталі вас."
"/quests/Muzon.qmm/jumps/192/description"	"Бас-гитарист сыграл просто уникально, зрители были в легком шоке."	"Quest Muzon.qmm: jumps.192.description. Preserve every <tag> exactly. English reference: The bass-player did a unique job, the audience was in a slight shock."	"Quest,Muzon"	"Бас-гітарыст сыграў проста ўнікальна, гледачы былі ў лёгкім шоку."
"/quests/Muzon.qmm/jumps/193/description"	"Бас-гитарист сыграл на редкость отстойно, все зрители без исключения освистали вас."	"Quest Muzon.qmm: jumps.193.description. Preserve every <tag> exactly. English reference: The bass-played sucked and the entire hall booed."	"Quest,Muzon"	"Бас-гітарыст сыграў на рэдкасьць блага, усе гледачы без выключэньня асьвісталі вас."
"/quests/Muzon.qmm/jumps/194/description"	"Вы спели очень хорошо, зрители остались довольны."	"Quest Muzon.qmm: jumps.194.description. Preserve every <tag> exactly. English reference: You sang very well, and the audience was pleased."	"Quest,Muzon"	"Вы сьпявалі вельмі добра, гледачы засталіся задаволеныя."
"/quests/Muzon.qmm/jumps/195/description"	"Вы спели просто уникально, зрители были совершенно потрясены!"	"Quest Muzon.qmm: jumps.195.description. Preserve every <tag> exactly. English reference: You did a unique job singing, the fans were deeply impressed!"	"Quest,Muzon"	"Вы сьпявалі проста ўнікальна, гледачы былі зусім уражаныя!"
"/quests/Muzon.qmm/jumps/196/description"	"Вы спели на редкость отстойно, все зрители без исключения освистали вас."	"Quest Muzon.qmm: jumps.196.description. Preserve every <tag> exactly. English reference: Your singing sucked and the entire hall booed."	"Quest,Muzon"	"Вы сьпявалі на рэдкасьць блага, усе гледачы без выключэньня асьвісталі вас."
"/quests/Muzon.qmm/jumps/197/description"	"Ударник сыграл очень хорошо, зрители долго аплодировали."	"Quest Muzon.qmm: jumps.197.description. Preserve every <tag> exactly. English reference: The drummer played very well, the audience gave him a long applause."	"Quest,Muzon"	"Бубнач сыграў вельмі добра, гледачы доўга пляскалі."
"/quests/Muzon.qmm/jumps/198/description"	"Ударник сыграл на редкость отстойно и абсолютно не в тему, все зрители без исключения освистали вас."	"Quest Muzon.qmm: jumps.198.description. Preserve every <tag> exactly. English reference: The drummer sucked big time and was out of rhythm, so the entire hall booed."	"Quest,Muzon"	"Бубнач сыграў на рэдкасьць блага і зусім не ў тэму, усе гледачы без выключэньня асьвісталі вас."
"/quests/Muzon.qmm/jumps/199/description"	"Ударник сыграл просто уникально, зрители были в легком шоке от его мастерства."	"Quest Muzon.qmm: jumps.199.description. Preserve every <tag> exactly. English reference: The drummer did a unique job playing, and the crowd was shocked by his skill."	"Quest,Muzon"	"Бубнач сыграў проста ўнікальна, гледачы былі ў лёгкім шоку ад яго майстэрства."
"/quests/Muzon.qmm/jumps/200/description"	"Клавишник сыграл средне, некоторые из зрителей освистали вас, но большинство осталось довольно."	"Quest Muzon.qmm: jumps.200.description. Preserve every <tag> exactly. English reference: The keyboardist did an average job, some of the crowd booed, but the majority seemed to like you anyway."	"Quest,Muzon"	"Клавішнік сыграў сярэдне, некаторыя з гледачоў асьвісталі вас, але большасьць засталася задаволеная."
"/quests/Muzon.qmm/jumps/201/description"	"Клавишник сыграл очень хорошо, зрители были рады."	"Quest Muzon.qmm: jumps.201.description. Preserve every <tag> exactly. English reference: The keyboardist played very well, and the audience seemed pleased."	"Quest,Muzon"	"Клавішнік сыграў вельмі добра, гледачы былі радыя."
"/quests/Muzon.qmm/jumps/202/description"	"Клавишник сыграл просто уникально, зрители были в ауте."	"Quest Muzon.qmm: jumps.202.description. Preserve every <tag> exactly. English reference: The keyboardist did a unique job playing, the audience was in awe of him."	"Quest,Muzon"	"Клавішнік сыграў проста ўнікальна, гледачы былі ў захапленьні."
"/quests/Muzon.qmm/jumps/203/description"	"Гитарист сыграл просто уникально, зрители были в восторге."	"Quest Muzon.qmm: jumps.203.description. Preserve every <tag> exactly. English reference: The guitarist did a unique job, the audience was in awe."	"Quest,Muzon"	"Гітарыст сыграў проста ўнікальна, гледачы былі ў захапленьні."
"/quests/Muzon.qmm/jumps/204/description"	"Гитарист сыграл средне, некоторые из зрителей освистали вас, но некоторым понравилось."	"Quest Muzon.qmm: jumps.204.description. Preserve every <tag> exactly. English reference: The guitarist did an average job, some of the audience booed, but some liked him."	"Quest,Muzon"	"Гітарыст сыграў сярэдне, некаторыя з гледачоў асьвісталі вас, але некаторым спадабалася."
"/quests/Muzon.qmm/jumps/205/description"	"Гитарист сыграл очень хорошо, народу понравилось."	"Quest Muzon.qmm: jumps.205.description. Preserve every <tag> exactly. English reference: The guitarist played very well, the crowd liked him."	"Quest,Muzon"	"Гітарыст сыграў вельмі добра, народу спадабалася."
"/quests/Muzon.qmm/jumps/206/text"	"Выйти на сцену"	"Quest Muzon.qmm: jumps.206.text. Preserve every <tag> exactly. English reference: Go on stage"	"Quest,Muzon"	"Выйсьці на сцэну"
"/quests/Muzon.qmm/jumps/207/text"	"За 100 рокнроллеров (6 минут)"	"Quest Muzon.qmm: jumps.207.text. Preserve every <tag> exactly. English reference: 100 rockarollars (6 minutes)"	"Quest,Muzon"	"За 100 рокнролераў (6 хвілінаў)"
"/quests/Muzon.qmm/jumps/208/text"	"Свою (3 минуты, зато бесплатно)"	"Quest Muzon.qmm: jumps.208.text. Preserve every <tag> exactly. English reference: Your own (3 minutes, but it's free)"	"Quest,Muzon"	"Сваю (3 хвіліны, затое бясплатна)"
"/quests/Muzon.qmm/jumps/213/text"	"Вы не подали заявку на участие в концерте! Придется покинуть планету"	"Quest Muzon.qmm: jumps.213.text. Preserve every <tag> exactly. English reference: You did not check in on the festival bill! Now you will have to leave the planet"	"Quest,Muzon"	"Вы не падалі заяву на ўдзел у канцэрце! Давядзецца пакінуць плянэту"
"/quests/Muzon.qmm/jumps/214/text"	"Играть на сцене"	"Quest Muzon.qmm: jumps.214.text. Preserve every <tag> exactly. English reference: Play on stage"	"Quest,Muzon"	"Граць на сцэне"
"/quests/Muzon.qmm/jumps/215/description"	"Вы встретили заведующего баром и попросили выделить вашей группе время на выступление. Поначалу он не соглашался, и уступил только тогда, когда услышал, что концерт будет бесплатный. Ведь отдавать деньги не придется, а повысить репутацию бара можно довольно сильно.

Вы вылезли на сцену под негодующие крики толпы. Вы им явно не нравились. Тем не менее, вы начали играть, да еще так прибавили громкость, что половина народу сразу убежала. Остальная же половина начала постепенно выкрикивать довольно ободряющие фразы. К концу песни недовольных уже не осталось, а после того как песня закончилась, еще минут пять маленький барный зал пел припев. Уходя со сцены совсем, вы поклялись вернуться еще и не упустили шанс сагитировать их, чтобы на концерте они проголосовали за вас. <clr>Мастерство группы немного повысилось.<clrEnd>

К сожалению, заведующий был недоволен, даже взбешен. Народ в баре переломал все столы, стулья и прочую мебель. На вопрос, можно ли будет еще сыграть, он ответил что-то отрицательное на древнем человеческом языке, который сейчас неведом почти никому."	"Quest Muzon.qmm: jumps.215.description. Preserve every <tag> exactly. English reference: You met the bar-owner and asked him if your band could play that night. At first he would not agree, and only after said you were going to play for free, did he condescend. He did not have to share and still could seriously increase the reputation of his bar. 

You climbed on stage hearing the crowd boo. They definitely did not like you. Nonetheless you started playing, but you cranked up the volume so much, that half of the hall left immediately. However the half that stayed soon started getting into it and cheered. By the end of the song, everybody was giving you a thumbs up, and after the song was over, the barroom continued singing the chorus for another good five minutes. When you were leaving the stage, you swore to come back and used the opportunity to urge them to support you tomorrow. <clr>The band's overall skill has also improved after that short gig.<clrEnd>

But, as luck would have it, the bar owner was not pleased, to say the least - in fact he was in proper fury. The crowd in the barroom broke all the table, chairs and all the other furniture. When you asked him if you could play again, he answered something negative in an ancient Human language that now had been completely forgotten."	"Quest,Muzon"	"Вы сустрэлі загадчыка бару і папрасілі вылучыць вашаму гурту час на выступ. Спачатку ён не згаджаўся і саступіў толькі тады, калі пачуў, што канцэрт будзе бясплатны. Бо аддаваць грошы не давядзецца, а павысіць рэпутацыю бару можна даволі моцна.

Вы вылезьлі на сцэну пад абураныя крыкі натоўпу. Вы ім яўна не падабаліся. Тым ня менш вы пачалі граць, ды яшчэ так дадалі гучнасьці, што палова народу адразу ўцякла. Астатняя ж палова пачала паступова выкрыкваць даволі падбадзёрлівыя фразы. Да канца песьні незадаволеных ужо не засталося, а пасьля таго як песьня скончылася, яшчэ хвілінаў пяць маленькая заля бару сьпявала прыпеў. Сыходзячы са сцэны зусім, вы пакляліся вярнуцца яшчэ і не ўпусьцілі шанец заклікаць іх, каб на канцэрце яны прагаласавалі за вас. <clr>Майстэрства гурту крыху павысілася.<clrEnd>

На жаль, загадчык быў незадаволены, нават узьюшаны. Народ у бары паламаў усе сталы, крэслы і іншую мэблю. На пытаньне, ці можна будзе яшчэ сыграць, ён адказаў нешта адмоўнае на старажытнай людзкой мове, якая цяпер невядомая амаль нікому."
"/quests/Muzon.qmm/jumps/216/text"	"Сделать ставку (50 рокнроллеров)"	"Quest Muzon.qmm: jumps.216.text. Preserve every <tag> exactly. English reference: Put a stake (50 rockarollars)"	"Quest,Muzon"	"Зрабіць стаўку (50 рокнролераў)"
"/quests/Muzon.qmm/jumps/217/text"	"Поиск музыканта (5 рокнроллеров)"	"Quest Muzon.qmm: jumps.217.text. Preserve every <tag> exactly. English reference: Musician search (5 rockarollars)"	"Quest,Muzon"	"Пошук музыка (5 рокнролераў)"
"/quests/Muzon.qmm/jumps/218/text"	"Поиск музыканта (5 рокнроллеров)"	"Quest Muzon.qmm: jumps.218.text. Preserve every <tag> exactly. English reference: Musician search (5 rockarollars)"	"Quest,Muzon"	"Пошук музыка (5 рокнролераў)"
"/quests/Muzon.qmm/jumps/219/text"	"Поиск музыканта (5 рокнроллеров)"	"Quest Muzon.qmm: jumps.219.text. Preserve every <tag> exactly. English reference: Musician search (5 rockarollars)"	"Quest,Muzon"	"Пошук музыка (5 рокнролераў)"
"/quests/Muzon.qmm/jumps/220/text"	"Совет"	"Quest Muzon.qmm: jumps.220.text. Preserve every <tag> exactly. English reference: Advice"	"Quest,Muzon"	"Парада"
"/quests/Muzon.qmm/jumps/220/description"	"- Когда будешь репетировать, повышай мастерство <clr>каждого<clrEnd> отдельного участника, для того, чтобы он мог круче сыграть свою партию, и <clr>общее<clrEnd> мастерство для более удачного выступления. Также советую не заказывать дешевые песни, так как они довольно короткие - не успеешь показать свою крутизну. А на концерте старайся не увлекаться хулиганскими действиями и спецэффектами, ведь основные баллы в рейтинг приносит все-таки музыка!"	"Quest Muzon.qmm: jumps.220.description. Preserve every <tag> exactly. English reference: - When you and the band practice, work on the skills of <clr>each<clrEnd> band-member in particular, so that they play their individual parts better, as well as on the band's <clr>overall<clrEnd> technique so that you sound better on stage. Also, I do not recommend buying cheap songs, because they are usually quite short and you wouldn't have the time to show how cool you are. And, when performing, remember it's not about the show and the special effects, it's the music that really counts!"	"Quest,Muzon"	"- Калі будзеце рэпэтаваць, павышайце майстэрства <clr>кожнага<clrEnd> асобнага ўдзельніка, каб ён мог лепей сыграць сваю партыю, і <clr>агульнае<clrEnd> майстэрства дзеля больш удалага выступу. Таксама раю не замаўляць танныя песьні, бо яны даволі кароткія — не пасьпееце паказаць сваю крутасьць. А на канцэрце імкніцеся не захапляцца хуліганскімі дзеяньнямі і адмысловымі эфэктамі, бо асноўныя балы ў рэйтынг прыносіць усё ж музыка!"
"/quests/Muzon.qmm/jumps/221/text"	"В бар"	"Quest Muzon.qmm: jumps.221.text. Preserve every <tag> exactly. English reference: To the pub"	"Quest,Muzon"	"У бар"
"/quests/Muzon.qmm/jumps/222/text"	"В студию"	"Quest Muzon.qmm: jumps.222.text. Preserve every <tag> exactly. English reference: To the studio"	"Quest,Muzon"	"У студыю"
"/quests/Muzon.qmm/jumps/223/text"	"В студию"	"Quest Muzon.qmm: jumps.223.text. Preserve every <tag> exactly. English reference: To the studio"	"Quest,Muzon"	"У студыю"
"/quests/Muzon.qmm/jumps/224/text"	"Сделать ставку (50 рокнроллеров)"	"Quest Muzon.qmm: jumps.224.text. Preserve every <tag> exactly. English reference: Put a stake (50 rockarollars)"	"Quest,Muzon"	"Зрабіць стаўку (50 рокнролераў)"
"/quests/Muzon.qmm/jumps/225/text"	"Пригласить в группу"	"Quest Muzon.qmm: jumps.225.text. Preserve every <tag> exactly. English reference: Invite to join the band"	"Quest,Muzon"	"Запрасіць у гурт"
"/quests/Muzon.qmm/jumps/226/text"	"Пригласить в группу"	"Quest Muzon.qmm: jumps.226.text. Preserve every <tag> exactly. English reference: Invite to join the band"	"Quest,Muzon"	"Запрасіць у гурт"
"/quests/Muzon.qmm/jumps/227/text"	"Пригласить в группу"	"Quest Muzon.qmm: jumps.227.text. Preserve every <tag> exactly. English reference: Invite to join the band"	"Quest,Muzon"	"Запрасіць у гурт"
"/quests/Muzon.qmm/jumps/228/text"	"Напоить его (100 рокнроллеров)"	"Quest Muzon.qmm: jumps.228.text. Preserve every <tag> exactly. English reference: Get him drunk (100 rockarollars)"	"Quest,Muzon"	"Напаіць яго (100 рокнролераў)"
"/quests/Muzon.qmm/jumps/228/description"	"Вы предложили сначала выпить, а после сыграть. Вы правильно рассчитали, что музыкант не откажется от халявной выпивки. После обильных возлияний вы пошли к бильярдному столу. Соперник был уже настолько пьяный, что не мог даже попасть по шару. С таким раскладом вы легко его обыграли."	"Quest Muzon.qmm: jumps.228.description. Preserve every <tag> exactly. English reference: You offered to have a drink first, and then play. You guessed right, no musician would ever refuse a free pint. After drinking quite a lot you went to the pool table. Your opponent by that time was so drunk he couldn't even hit the cue-ball. You won the game easily."	"Quest,Muzon"	"Вы прапанавалі спачатку выпіць, а пасьля сыграць. Вы правільна разьлічылі, што музыка не адмовіцца ад дармавой выпіўкі. Пасьля шчодрай выпіўкі вы пайшлі да більярднага стала. Сапернік быў ужо настолькі п'яны, што не мог нават патрапіць па шары. З такім раскладам вы лёгка яго абыгралі."
"/quests/Muzon.qmm/jumps/229/text"	"Не возьму"	"Quest Muzon.qmm: jumps.229.text. Preserve every <tag> exactly. English reference: No I am not taking you"	"Quest,Muzon"	"Не вазьму"
"/quests/Muzon.qmm/jumps/230/text"	"Конечно"	"Quest Muzon.qmm: jumps.230.text. Preserve every <tag> exactly. English reference: Sure"	"Quest,Muzon"	"Вядома"
"/quests/Muzon.qmm/jumps/231/text"	"Ударник нужен"	"Quest Muzon.qmm: jumps.231.text. Preserve every <tag> exactly. English reference: I need a drummer"	"Quest,Muzon"	"Бубнач патрэбны"
"/quests/Muzon.qmm/jumps/232/text"	"Ни за что"	"Quest Muzon.qmm: jumps.232.text. Preserve every <tag> exactly. English reference: No way"	"Quest,Muzon"	"Нізашто"
"/quests/Muzon.qmm/jumps/233/text"	"Назад"	"Quest Muzon.qmm: jumps.233.text. Preserve every <tag> exactly. English reference: Back"	"Quest,Muzon"	"Назад"
"/quests/Muzon.qmm/jumps/234/text"	"Назад"	"Quest Muzon.qmm: jumps.234.text. Preserve every <tag> exactly. English reference: Back"	"Quest,Muzon"	"Назад"
"/quests/Muzon.qmm/jumps/235/text"	"Далее"	"Quest Muzon.qmm: jumps.235.text. Preserve every <tag> exactly. English reference: Next"	"Quest,Muzon"	"Далей"
"/quests/Muzon.qmm/jumps/237/text"	"Далее"	"Quest Muzon.qmm: jumps.237.text. Preserve every <tag> exactly. English reference: Next"	"Quest,Muzon"	"Далей"
"/quests/Muzon.qmm/jumps/239/text"	"Нанять"	"Quest Muzon.qmm: jumps.239.text. Preserve every <tag> exactly. English reference: Hire"	"Quest,Muzon"	"Наняць"
"/quests/Muzon.qmm/jumps/240/text"	"Нанять"	"Quest Muzon.qmm: jumps.240.text. Preserve every <tag> exactly. English reference: Hire"	"Quest,Muzon"	"Наняць"
"/quests/Muzon.qmm/jumps/241/text"	"Нанять"	"Quest Muzon.qmm: jumps.241.text. Preserve every <tag> exactly. English reference: Hire"	"Quest,Muzon"	"Наняць"
"/quests/Muzon.qmm/jumps/242/text"	"Закажем песню позже"	"Quest Muzon.qmm: jumps.242.text. Preserve every <tag> exactly. English reference: Buy a song later"	"Quest,Muzon"	"Замовім песьню пазьней"
"/quests/Muzon.qmm/jumps/243/text"	"Далее"	"Quest Muzon.qmm: jumps.243.text. Preserve every <tag> exactly. English reference: Next"	"Quest,Muzon"	"Далей"
"/quests/Muzon.qmm/jumps/244/text"	"Все готово! Можно спокойно отдохнуть перед выступлением"	"Quest Muzon.qmm: jumps.244.text. Preserve every <tag> exactly. English reference: Everything's ready! Now you can have some good rest before the gig"	"Quest,Muzon"	"Усё гатова! Можна спакойна адпачыць перад выступам"
"/quests/Muzon.qmm/jumps/245/text"	"Просто играть и петь"	"Quest Muzon.qmm: jumps.245.text. Preserve every <tag> exactly. English reference: Just sing and play"	"Quest,Muzon"	"Проста граць і сьпяваць"
"/quests/Muzon.qmm/jumps/246/description"	"""Дадим зрителям передышку, - подумали вы. - Пусть оценят мастерство и слаженность звучания нашей группы в целом!"""	"Quest Muzon.qmm: jumps.246.description. Preserve every <tag> exactly. English reference: ""Let's give the crowd a break, - you thought to yourself. - Let them see how well we play and sound as a band!"""	"Quest,Muzon"	"""Дамо гледачам перадышку, — падумалі вы. — Няхай ацэняць майстэрства і зладжанасьць гуку нашага гурту ў цэлым!"""
"/quests/Muzon.qmm/jumps/247/text"	"Пить пиво сразу из двух бутылок"	"Quest Muzon.qmm: jumps.247.text. Preserve every <tag> exactly. English reference: Drink from two bottles at a time"	"Quest,Muzon"	"Піць піва адразу з двух бутэлек"
"/quests/Muzon.qmm/jumps/248/text"	"Сегодня концерт! Отправиться на стадион, выпив предварительно бутылочку пива для поднятия настроения"	"Quest Muzon.qmm: jumps.248.text. Preserve every <tag> exactly. English reference: Today is the gig day! Go to the stadium having a bottle of warm-up beer"	"Quest,Muzon"	"Сёньня канцэрт! Выправіцца на стадыён, выпіўшы папярэдне бутэлечку піва дзеля настрою"
"/quests/Muzon.qmm/jumps/249/text"	"Ждать результатов"	"Quest Muzon.qmm: jumps.249.text. Preserve every <tag> exactly. English reference: Wait for the results"	"Quest,Muzon"	"Чакаць вынікаў"
"/quests/Muzon.qmm/jumps/250/description"	"Вы спели довольно отстойно и не в музыку, и зрители освистали вас. Надо было больше репетировать!"	"Quest Muzon.qmm: jumps.250.description. Preserve every <tag> exactly. English reference: You did a lousy job singing and you missed half of the notes, and the crowd booed. You should have practised more!"	"Quest,Muzon"	"Вы сьпявалі даволі блага і не ў музыку, і гледачы асьвісталі вас. Трэба было больш рэпэтаваць!"
"/quests/Muzon.qmm/jumps/251/description"	"Вы вспомнили прочитанные в книге стихи про маки и одуванчики, и тут же вставили их в текст. Получилось круто, зрители остались довольны."	"Quest Muzon.qmm: jumps.251.description. Preserve every <tag> exactly. English reference: Instantly you remembered these lines you read in the book about daffodils and poppies, and inserted them into the lyrics. It sounded great, and crowd cheered."	"Quest,Muzon"	"Вы ўзгадалі прачытаныя ў кнізе вершы пра макі і дзьмухаўцы і адразу ўставілі іх у тэкст. Выйшла крута, гледачы засталіся задаволеныя."
"/quests/Muzon.qmm/jumps/252/description"	"Вы начали придумывать новые слова, чтобы хоть как-то разнообразить выступление, и это получалось у вас очень здорово! Все-таки <clr>чтение книг<clrEnd> хорошо развивает эрудицию! Зрителям понравился ваш импровиз."	"Quest Muzon.qmm: jumps.252.description. Preserve every <tag> exactly. English reference: You started to come up with new words, to somehow vary the performance, and did a great job doing it! After all <clr>reading books<clrEnd> helped develop your erudition! The audience liked your impromptu."	"Quest,Muzon"	"Вы пачалі прыдумляць новыя словы, каб хоць неяк разнастаіць выступ, і гэта выходзіла ў вас вельмі файна! Усё ж <clr>чытаньне кніг<clrEnd> добра разьвівае эрудыцыю! Гледачам спадабаўся ваша імправізацыя."
"/quests/Muzon.qmm/jumps/253/description"	"Вы вспомнили фокус, которому вас обучил один знакомый рейнджер: взяли пару бутылок с пивом, засунули их одновременно себе в рот и перегнулись назад, чтобы пиво из двух бутылок текло вам в глотку. Однако из-за нетрезвого состояния, вы не очень хорошо стояли на ногах, и в результате пиво попало вам не в то горло. Вы захлебнулись и долго еще корчились на полу сцены, кашляя. Зрителей это позабавило, но зато голос вы себе сорвали, да и настроение испортили."	"Quest Muzon.qmm: jumps.253.description. Preserve every <tag> exactly. English reference: You remembered this trick, that a ranger you knew showed you once: took a couple of beer bottles, stuck them in your mouth and bent backwards so that the beer would pour down your throat. However since you weren't exactly sober, and weren't standing on your feet too steadily, the beer went down the wrong way. You choked and collapsed on stage coughing. The audience thought it was funny, but you lost your voice and spoiled your moods."	"Quest,Muzon"	"Вы ўзгадалі фокус, якому вас навучыў адзін знаёмы рэйнджэр: узялі пару бутэлек з півам, запхнулі іх адначасна сабе ў рот і перагнуліся назад, каб піва з двух бутэлек цякло вам у горла. Аднак праз нецьвярозы стан вы ня вельмі добра стаялі на нагах, і ў выніку піва трапіла вам не ў тое горла. Вы захліпнуліся і доўга яшчэ курчыліся на падлозе сцэны, кашляючы. Гледачоў гэта пацешыла, затое голас вы сабе сарвалі, ды і настрой сапсавалі."
"/quests/Muzon.qmm/jumps/254/description"	"Вы вспомнили фокус, которому вас обучил один знакомый рейнджер: взяли пару бутылок с пивом, засунули их одновременно себе в рот и перегнулись назад, чтобы пиво из двух бутылок текло вам в глотку. Через полминуты обе бутылки были пусты, и вы швырнули их прямо в зрительный зал. Зрители были поражены вашей крутизной и долго вам аплодировали. Вот только пиво оказалось крепленым, да и холодным к тому же, так что ваш голос немного сел."	"Quest Muzon.qmm: jumps.254.description. Preserve every <tag> exactly. English reference: You remembered this trick, that a ranger you knew showed you once: took a couple of beer bottles, stuck them in your mouth and bent backwards so that the beer would pour down your throat. Half a minute later both bottles were empty already and you threw them right into the hall. The crowd was amazed by your coolness and gave you a long applause. But, the beer turned out to be extra-strong and cold, which couldn't but affect your vocal cords."	"Quest,Muzon"	"Вы ўзгадалі фокус, якому вас навучыў адзін знаёмы рэйнджэр: узялі пару бутэлек з півам, запхнулі іх адначасна сабе ў рот і перагнуліся назад, каб піва з двух бутэлек цякло вам у горла. Праз паўхвіліны абедзьве бутэлькі былі пустыя, і вы шпурнулі іх проста ў глядзельную залю. Гледачы былі ўражаныя вашай крутасьцю і доўга вам пляскалі. Вось толькі піва аказалася мацаваным, ды яшчэ і халодным, так што ваш голас крыху сеў."
"/quests/Muzon.qmm/jumps/255/description"	"Вы решили поступить как чувак из модной группы ""Пятьсот Чили Неферс"", который на каждом концерте скидывал с себя всю одежду во время выступления. Но, видать, охрана концерта не любила этого чувака и не одобряла такие поступки. Грозные малоки быстро налетели на вас, пару раз пнули и заставили одеться. Зрители были не в восторге и кричали вам всякие обидные слова."	"Quest Muzon.qmm: jumps.255.description. Preserve every <tag> exactly. English reference: You decided to follow the example of the dude from this popular band called ""Rock Hard Chilly Peppers"", who would undress completely at each gig. However, apparently, the gig security did not like this dude and did not approve of such tricks. The menacing Maloqs quickly ran up to you, kicked you a couple of times and forced you to dress. The audience was not very pleased with this and shouted obscenities at you."	"Quest,Muzon"	"Вы вырашылі зрабіць, як хлопец з моднага гурту ""Пяцьсот Чылі Нэфэрс"", які на кожным канцэрце скідаў з сябе ўсю вопратку падчас выступу. Але, відаць, ахова канцэрту не любіла гэтага хлопца і не ўхваляла такія ўчынкі. Грозныя малокі хутка наляцелі на вас, пару разоў штурхнулі і прымусілі апрануцца. Гледачы былі не ў захапленьні і крычалі вам усякія крыўдныя словы."
"/quests/Muzon.qmm/jumps/256/text"	"Да ну тебя!"	"Quest Muzon.qmm: jumps.256.text. Preserve every <tag> exactly. English reference: To hell with you!"	"Quest,Muzon"	"Ды ну цябе!"
"/quests/Muzon.qmm/jumps/257/description"	"Гаалец со спокойным видом сказал, что вы ошиблись, как и все. Потом он погрузился в свои мысли."	"Quest Muzon.qmm: jumps.257.description. Preserve every <tag> exactly. English reference: Calmly the Gaalian told you that you were mistaken, just like everyone else had been. Then he sank back into thought."	"Quest,Muzon"	"Гаалец са спакойным выглядам сказаў, што вы памыліліся, як і ўсе. Потым ён паглыбіўся ў свае думкі."
"/quests/Muzon.qmm/jumps/259/text"	"В рок-клуб"	"Quest Muzon.qmm: jumps.259.text. Preserve every <tag> exactly. English reference: To the rock-club"	"Quest,Muzon"	"У рок-клюб"
"/quests/Muzon.qmm/jumps/260/text"	"Сделать ставку (50 рокнроллеров)"	"Quest Muzon.qmm: jumps.260.text. Preserve every <tag> exactly. English reference: Put a stake (50 rockarollars)"	"Quest,Muzon"	"Зрабіць стаўку (50 рокнролераў)"
"/quests/Muzon.qmm/jumps/261/description"	"Поздравляем, вы вернули свою ставку и выиграли {50} рокнроллеров!!! Похоже, правильно говорят, что <clr>пьяным<clrEnd> везет!"	"Quest Muzon.qmm: jumps.261.description. Preserve every <tag> exactly. English reference: Congratulations, you returned your stake and won {50} rockarollars!!! Looks like it's true what they say about <clr>drunks<clrEnd> being lucky!"	"Quest,Muzon"	"Віншуем, вы вярнулі сваю стаўку і выйгралі {50} рокнролераў!!! Здаецца, правільна кажуць, што <clr>п'яным<clrEnd> шанцуе!"
"/quests/Muzon.qmm/jumps/262/description"	"Поздравляем, вы вернули свою ставку и выиграли {50} рокнроллеров!!! Вот что значит вовремя прочитать <clr>книжку про бильярд<clrEnd>."	"Quest Muzon.qmm: jumps.262.description. Preserve every <tag> exactly. English reference: Congratulations, you returned your stake and won {50} rockarollars!!! That's what reading a <clr>book about pool<clrEnd> can do."	"Quest,Muzon"	"Віншуем, вы вярнулі сваю стаўку і выйгралі {50} рокнролераў!!! Вось што значыць своечасова прачытаць <clr>кніжку пра більярд<clrEnd>."
"/quests/Muzon.qmm/jumps/263/text"	"Искать клавишника"	"Quest Muzon.qmm: jumps.263.text. Preserve every <tag> exactly. English reference: Look for a keyboardist"	"Quest,Muzon"	"Шукаць клавішніка"
"/quests/Muzon.qmm/jumps/264/text"	"Играть"	"Quest Muzon.qmm: jumps.264.text. Preserve every <tag> exactly. English reference: Play"	"Quest,Muzon"	"Граць"
"/quests/Muzon.qmm/jumps/264/description"	"У вас сегодня было <clr>отличное настроение<clrEnd> и твердая рука. После упорной борьбы вы обыграли соперника. Теперь у вас в группе есть <clr>клавишник<clrEnd>!"	"Quest Muzon.qmm: jumps.264.description. Preserve every <tag> exactly. English reference: Today you were in <clr>excellent mood<clrEnd> and you hand was steady. After a long struggle you won against your opponent. Now you had a <clr>keyboardist<clrEnd>!"	"Quest,Muzon"	"У вас сёньня быў <clr>выдатны настрой<clrEnd> і цьвёрдая рука. Пасьля ўпартай барацьбы вы абыгралі саперніка. Цяпер у вас у гурце ёсьць <clr>клавішнік<clrEnd>!"
"/quests/Muzon.qmm/jumps/266/description"	"Вы спустились в зал к зрителям поговорить с ними и дать пару автографов. Однако ваше <clr>настроение<clrEnd> было плохим, и зрители это почувствовали. Ваши грубые ответы на их вопросы стоили вам нескольких единиц рейтинга."	"Quest Muzon.qmm: jumps.266.description. Preserve every <tag> exactly. English reference: You went down to the crowd to talk to your fans and give them a couple of autographs. However your  <clr>mood<clrEnd> was so bad, that the audience felt it. Your rude answers to their questions cost you several rating points."	"Quest,Muzon"	"Вы спусьціліся ў залю да гледачоў пагаварыць з імі і даць пару аўтографаў. Аднак ваш <clr>настрой<clrEnd> быў дрэнны, і гледачы гэта адчулі. Вашыя грубыя адказы на іхныя пытаньні каштавалі вам некалькіх адзінак рэйтынгу."
"/quests/Muzon.qmm/jumps/267/description"	"Вы спустились в зал к зрителям поговорить с ними и дать пару автографов. Однако вы были настолько <clr>пьяны<clrEnd>, что не смогли толком вывести даже собственную подпись на майках поклонниц. Это не очень понравилось зрителям."	"Quest Muzon.qmm: jumps.267.description. Preserve every <tag> exactly. English reference: You went down to the crowd to talk to your fans and give them a couple of autographs. However you were so <clr>drunk<clrEnd>, that you couldn't even put a proper signature on the T-shirts of your female fans. The audience did not quite like it."	"Quest,Muzon"	"Вы спусьціліся ў залю да гледачоў пагаварыць з імі і даць пару аўтографаў. Аднак вы былі настолькі <clr>п'яныя<clrEnd>, што не змаглі толкам вывесьці нават уласны подпіс на майках прыхільніц. Гэта не вельмі спадабалася гледачам."
"/quests/Muzon.qmm/jumps/268/text"	"Плюнуть на все и уехать отсюда"	"Quest Muzon.qmm: jumps.268.text. Preserve every <tag> exactly. English reference: Send it all to hell and leave"	"Quest,Muzon"	"Плюнуць на ўсё і зьехаць адсюль"
"/quests/Muzon.qmm/jumps/270/text"	"Дождаться ночи"	"Quest Muzon.qmm: jumps.270.text. Preserve every <tag> exactly. English reference: Wait for the night"	"Quest,Muzon"	"Дачакацца ночы"
"/quests/Muzon.qmm/jumps/271/text"	"Отказаться"	"Quest Muzon.qmm: jumps.271.text. Preserve every <tag> exactly. English reference: Refuse"	"Quest,Muzon"	"Адмовіцца"
"/quests/Muzon.qmm/jumps/271/description"	"- Жаль, - сказал бас-гитарист. - Впрочем, если передумаете, то подходите."	"Quest Muzon.qmm: jumps.271.description. Preserve every <tag> exactly. English reference: - Too bad, - said the bass-player. - But if you reconsider, come back."	"Quest,Muzon"	"- Шкада, — сказаў бас-гітарыст. — Зрэшты, калі перадумаеце, падыходзьце."
"/quests/Muzon.qmm/jumps/272/description"	"Не зря вы репетировали свои умения, ваша лирика взяла всех за душу, да так, что половина зала прослезилась и загрустила..."	"Quest Muzon.qmm: jumps.272.description. Preserve every <tag> exactly. English reference: Looks like your rehearsals did you a world of good, your poetic skills got through to the audience, half of the crowd started crying and went sad..."	"Quest,Muzon"	"Нездарма вы рэпэтавалі свае ўменьні, ваша лірыка ўзяла ўсіх за душу, ды так, што палова залі прасьлязілася і засумавала..."
"/quests/Muzon.qmm/jumps/273/description"	"Вы начали петь что-то поэтичное в максифон, но вас постоянно сносило на какую-то пошлятину. Ни о какой лирике и не могло быть и речи. Наверное, не надо было так <clr>напиваться<clrEnd>. Зрители остались весьма недовольны."	"Quest Muzon.qmm: jumps.273.description. Preserve every <tag> exactly. English reference: You started singing something poetic into the maxiphone but you would constantly fall into obscenities. Nothing poetic at all. Maybe you should not have gotten so <clr>drunk<clrEnd>. The audience was very displeased."	"Quest,Muzon"	"Вы пачалі сьпяваць нешта паэтычнае ў максіфон, але вас увесь час зносіла на нейкую пошласьць. Ні пра якую лірыку і гаворкі не магло быць. Мусіць, не трэба было так <clr>напівацца<clrEnd>. Гледачы засталіся вельмі незадаволеныя."
"/quests/Muzon.qmm/jumps/274/text"	"Спецэффекты"	"Quest Muzon.qmm: jumps.274.text. Preserve every <tag> exactly. English reference: Special effects"	"Quest,Muzon"	"Адмысловыя эфэкты"
"/quests/Muzon.qmm/jumps/275/text"	"Фейерверк вдоль сцены"	"Quest Muzon.qmm: jumps.275.text. Preserve every <tag> exactly. English reference: Fireworks along the scene"	"Quest,Muzon"	"Феерверк уздоўж сцэны"
"/quests/Muzon.qmm/jumps/276/text"	"Сменяющийся бэкграунд"	"Quest Muzon.qmm: jumps.276.text. Preserve every <tag> exactly. English reference: Alternating background"	"Quest,Muzon"	"Зьменнае тло"
"/quests/Muzon.qmm/jumps/277/text"	"Искусственный дождь"	"Quest Muzon.qmm: jumps.277.text. Preserve every <tag> exactly. English reference: Artificial rain"	"Quest,Muzon"	"Штучны дождж"
"/quests/Muzon.qmm/jumps/278/text"	"Лазерное шоу"	"Quest Muzon.qmm: jumps.278.text. Preserve every <tag> exactly. English reference: Laser show"	"Quest,Muzon"	"Лазэрнае шоў"
"/quests/Muzon.qmm/jumps/279/text"	"Поднебесный салют"	"Quest Muzon.qmm: jumps.279.text. Preserve every <tag> exactly. English reference: Sky Fireworks"	"Quest,Muzon"	"Паднябесны салют"
"/quests/Muzon.qmm/jumps/280/text"	"Голографические изображения"	"Quest Muzon.qmm: jumps.280.text. Preserve every <tag> exactly. English reference: Holograms"	"Quest,Muzon"	"Галяграфічныя выявы"
"/quests/Muzon.qmm/jumps/281/text"	"Световые эффекты"	"Quest Muzon.qmm: jumps.281.text. Preserve every <tag> exactly. English reference: Light FX"	"Quest,Muzon"	"Сьветлавыя эфэкты"
"/quests/Muzon.qmm/jumps/282/description"	"Вы заказали <clr>фейерверк<clrEnd> вдоль сцены. Получилось, что ваша группа играет как бы в кольце огня. Эффект был что надо, зрители были в восторге от увиденного! Яркие искры струились по всей сцене, прибавляя вам заветные баллы к рейтингу."	"Quest Muzon.qmm: jumps.282.description. Preserve every <tag> exactly. English reference: You ordered <clr>fireworks<clrEnd> around the scene. It looked as if the band was playing in a ring of fire. The effect looked real cool and the crowd stood in amazement! Bright sparks were streaming all over the scene, boosting you rating up."	"Quest,Muzon"	"Вы замовілі <clr>феерверк<clrEnd> уздоўж сцэны. Выйшла, што ваш гурт грае нібы ў колцы агню. Эфэкт быў што трэба, гледачы былі ў захапленьні ад убачанага! Яркія іскры струменілі па ўсёй сцэне, дадаючы вам запаветныя балы да рэйтынгу."
"/quests/Muzon.qmm/jumps/283/description"	"Вы заказали <clr>сменяющийся бэкграунд<clrEnd>, чтобы немного оживить сцену! Позади вас стали появляться крутые картинки: разнообразные музыкальные инструменты, крутые аэротачки и прочее. Ваш рейтинг несколько вырос!"	"Quest Muzon.qmm: jumps.283.description. Preserve every <tag> exactly. English reference: You ordered an <clr> alternating background<clrEnd>, in order to brighten things up on stage a little. All kinds of cool picture started appearing on the backdrop: different musical instruments, fancy hover mobiles and Dominators. Your rating increased a little!"	"Quest,Muzon"	"Вы замовілі <clr>зьменнае тло<clrEnd>, каб крыху ажывіць сцэну! За вамі сталі зьяўляцца крутыя малюнкі: разнастайныя музычныя інструмэнты, крутыя лятальныя машыны і іншае. Ваш рэйтынг крыху вырас!"
"/quests/Muzon.qmm/jumps/284/description"	"Вы заказали <clr>искусственный дождь<clrEnd>, один из самых сложных и дорогостоящих эффектов. Наверное, именно поэтому он и не удался. Множество зарядов взлетело в небо, и под вашу крутую музыку взорвалось! Но вместо дождя, который должен был обрушиться на стадион, небо осветилось десятком ярких вспышек, буквально ослепивших зрителей. Разумеется, им это не понравилось. Черт, и ведь не объяснишь никак, что во всем виноват дурак-пиротехник, перепутавший заряды..."	"Quest Muzon.qmm: jumps.284.description. Preserve every <tag> exactly. English reference: You ordered <clr>artificial rain<clrEnd>, one of the most complex and expensive effects. Maybe this was the reason why it failed. A multitude of charges rocketed into the sky, and exploded to the sound of your music! However instead of the supposed rain, the audience was blinded by a dozen of bright flashes. Most naturally the sensation was not that pleasing to the crowd. Too bad you cannot explain it to them, that the only person to blame for this was the stupid pyro-technician who took the wrong charges..."	"Quest,Muzon"	"Вы замовілі <clr>штучны дождж<clrEnd>, адзін з самых складаных і дарагіх эфэктаў. Мусіць, менавіта таму ён і не ўдаўся. Мноства зарадаў узьляцела ў неба і пад вашу крутую музыку выбухнула! Але замест дажджу, які мусіў абрынуцца на стадыён, неба асьвятлілася дзясяткам яркіх успышак, што літаральна асьляпілі гледачоў. Вядома, ім гэта не спадабалася. Чорт, і ж не патлумачыш ніяк, што ва ўсім вінаваты дурань-піратэхнік, які пераблытаў зарады..."
"/quests/Muzon.qmm/jumps/285/description"	"Вы решили, что пора уже и <clr>лазерное шоу<clrEnd> начать, на радость зрителям! Увы, но на зрителей игра лазеров практически никакого эффекта не произвела. Похоже, этот старый прием окончательно вышел из моды..."	"Quest Muzon.qmm: jumps.285.description. Preserve every <tag> exactly. English reference: You thought that it was about time to start the <clr>laser show<clrEnd> to cheer up the audience! But alas, it almost had no effect on the audience. Looks like this old effect was already all out of fashion..."	"Quest,Muzon"	"Вы вырашылі, што пара ўжо і <clr>лазэрнае шоў<clrEnd> пачаць, на радасьць гледачам! На жаль, на гледачоў гульня лазэраў практычна ніякага эфэкту не зрабіла. Здаецца, гэты стары прыём канчаткова выйшаў з моды..."
"/quests/Muzon.qmm/jumps/286/description"	"<clr>Поднебесный салют<clrEnd> долго готовился и очень быстро прошел. Всего десяток-другой секунд длилось это буйство красок, когда небо превратилось в красочную игру цвета. Но за эти секунды ваш рейтинг поднялся совсем неплохо!"	"Quest Muzon.qmm: jumps.286.description. Preserve every <tag> exactly. English reference: The <clr>Sky Fireworks<clrEnd> took years to prepare and was over all too soon. The rave of colours that turned the sky into an amazing play of lights lasted only for some 20 seconds, but even that was enough to seriously increase your rating!"	"Quest,Muzon"	"<clr>Паднябесны салют<clrEnd> доўга рыхтаваўся і вельмі хутка прайшоў. Усяго дзясятак-другі сэкундаў доўжылася гэтае буянства фарбаў, калі неба ператварылася ў маляўнічую гульню колеру. Але за гэтыя сэкунды ваш рэйтынг падняўся зусім няблага!"
"/quests/Muzon.qmm/jumps/287/description"	"Да, пора бы и <clr>голографические эффекты<clrEnd> добавить! Вы заказали огромного монстра, и через несколько секунд он появился над стадионом! К сожалению, тупые малокские охранники не поняли, что к чему, и открыли по нему стрельбу. Начальнику охраны потребовалось секунд 30, чтобы их успокоить. Однако зрители остались довольны."	"Quest Muzon.qmm: jumps.287.description. Preserve every <tag> exactly. English reference: Alright, time for some <clr> holographic effects<clrEnd>! You ordered a huge monster that appeared over the stadium is several seconds! Unfortunately the dumb Maloq security guards did not figure this one out and started shooting at the hologram. It took about 30 seconds for the chief of security to calm them down. However the audience was still pleased."	"Quest,Muzon"	"Так, пара б і <clr>галяграфічныя эфэкты<clrEnd> дадаць! Вы замовілі вялізнага монстра, і праз некалькі сэкундаў ён зьявіўся над стадыёнам! На жаль, тупыя малокскія ахоўнікі не зразумелі, што да чаго, і адкрылі па ім стральбу. Начальніку аховы спатрэбілася сэкундаў 30, каб іх супакоіць. Аднак гледачы засталіся задаволеныя."
"/quests/Muzon.qmm/jumps/288/description"	"Только вы заказали <clr>световые эффекты<clrEnd>, как сразу вырубился свет. В зале пошел свист... Но тут через несколько секунд по всему стадиону начали светить гипер-прожекторы! Разноцветные и красивые, они привели в неистовство и зрителей, и вас, и даже тех, кто не был на концерте, а сидел у себя дома и видел это в окно или стоя на балконе! Разноцветные краски летали по всему городу! Рейтинг круто повысился!"	"Quest Muzon.qmm: jumps.288.description. Preserve every <tag> exactly. English reference: The moment you ordered the <clr>light effects<clrEnd>, the light went out. The audience booed, but in mere second the stadium lit up with hyper-searchlights! The beautiful colourful lights entranced the audience, yourself, and even those who were not present at the gig, and watched the show through the window or from their balconies. The whole city lit with colours! You rating skyrocketed!"	"Quest,Muzon"	"Толькі вы замовілі <clr>сьветлавыя эфэкты<clrEnd>, як адразу згасла сьвятло. У залі пайшоў сьвіст... Але тут праз некалькі сэкундаў па ўсім стадыёне пачалі сьвяціць гіпэр-пражэктары! Рознакаляровыя і прыгожыя, яны давялі да шаленства і гледачоў, і вас, і нават тых, хто не быў на канцэрце, а сядзеў у сябе дома і бачыў гэта ў акно або стоячы на бальконе! Рознакаляровыя фарбы ляталі па ўсім горадзе! Рэйтынг крута павысіўся!"
"/quests/Muzon.qmm/jumps/289/text"	"Дать интервью"	"Quest Muzon.qmm: jumps.289.text. Preserve every <tag> exactly. English reference: Do an interview"	"Quest,Muzon"	"Даць інтэрвію"
"/quests/Muzon.qmm/jumps/290/description"	"У вас было плохое настроение, интервью вы дали какое-то грубое, не поблагодарили даже зрителей за поддержку. Но благодаря выпитому пиву, вы отпустили пару нескромных шуточек, которые понравились части зрителей, так что ваш рейтинг упал не так сильно, как мог бы. Корреспондент не долго с вами беседовал и, как только образовалась пауза, убежал от вас."	"Quest Muzon.qmm: jumps.290.description. Preserve every <tag> exactly. English reference: Your mood was bad, so the interview turned out to be a bit on the rude side, and you did not even thank the audience for their support. However, much thanks to the beers you had drunk, you cracked up a couple of dubious jokes which pleased a certain part of the audience, so your rating did not drop as much as it could have. The reporter did not want to spend too much time with you and took off as soon as there was a pause in your conversation."	"Quest,Muzon"	"У вас быў дрэнны настрой, інтэрвію вы далі нейкае грубае, не падзякавалі нават гледачам за падтрымку. Але дзякуючы выпітаму піву вы адпусьцілі пару нясьціплых жартаў, якія спадабаліся частцы гледачоў, так што ваш рэйтынг упаў не так моцна, як мог бы. Карэспандэнт не доўга з вамі гутарыў і, як толькі ўтварылася паўза, уцёк ад вас."
"/quests/Muzon.qmm/jumps/291/description"	"Вы были в отличном настроении и немного навеселе. Это позволило вам с легкостью дать крутое и веселое интервью, транслировавшееся по стереовизору в прямом эфире. Заодно, пользуясь случаем, передали приветы знакомым рейнджерам, пообещав намылить им репу, если они еще хоть раз сопрут ошметки доминаторов из-под вашего носа. Также вы поблагодарили зрителей за поддержку и обещали им победить всех доминаторов к следующему концерту. Зрители долго смеялись от ваших шуток, что благоприятно сказалось на вашем рейтинге."	"Quest Muzon.qmm: jumps.291.description. Preserve every <tag> exactly. English reference: Your spirits were high, and besides you already were a little tipsy. These two factors combined ensured that your interview - that was aired live on stereovision - went easy and was nice and funny. You finished off by saying hello to all the rangers you knew, and promising to break their necks, if they would again steal Dominator remains from under your nose. You also thanked the audience for the support and promised to rid the Galaxy of Dominator presence by the time of the next concert. The audience laughed at your jokes which could not but improve your rating."	"Quest,Muzon"	"Вы былі ў выдатным настроі і крыху нападпітку. Гэта дало вам з лёгкасьцю даць крутое і вясёлае інтэрвію, якое трансьлявалася па стэрэавізары ў прамым эфіры. Заадно, карыстаючыся выпадкам, перадалі прывітаньні знаёмым зь ліку рэйнджэраў, паабяцаўшы намнуць ім каршэнь, калі яны яшчэ хоць раз сьцягнуць рэшткі дамінатараў з-пад вашага носа. Таксама вы падзякавалі гледачам за падтрымку і паабяцалі ім перамагчы ўсіх дамінатараў да наступнага канцэрту. Гледачы доўга сьмяяліся з вашых жартаў, што спрыяльна адбілася на вашым рэйтынгу."
"/quests/Muzon.qmm/jumps/292/description"	"Вы подошли к корреспонденту и сказали: ""Ну давай, гад, бери интервью!"" Он, не ожидавший такого, выронил микрофон и убежал. Вы подобрали микрофон и пьяным голосом обматерили всех на чем свет стоит. Ваш рейтинг сильно упал! Не стоило вам так <clr>напиваться<clrEnd>..."	"Quest Muzon.qmm: jumps.292.description. Preserve every <tag> exactly. English reference: You went over to the reporter and said: ""Alright, creep, I want an interview!"" Not expecting this, he got scared, dropped the mike and ran off. You picked up the microphone and started cursing at everyone in a drunken voice. You rating dropped considerably! You shouldn't have gotten that <clr>drunk<clrEnd>..."	"Quest,Muzon"	"Вы падышлі да карэспандэнта і сказалі: ""Ну давай, гадзе, бяры інтэрвію!"" Ён, не чакаючы такога, выпусьціў мікрафон і ўцёк. Вы падабралі мікрафон і п'яным голасам аблаялі ўсіх на чым сьвет стаіць. Ваш рэйтынг моцна ўпаў! Ня варта вам было так <clr>напівацца<clrEnd>..."
"/quests/Muzon.qmm/jumps/293/description"	"Вы дали хорошее интервью, передали приветы знакомым рейнджерам и маме, поблагодарили зрителей, и в подарок им спели куплет из песни. Так как вокалист вы суперский, ваш рейтинг неплохо поднялся!"	"Quest Muzon.qmm: jumps.293.description. Preserve every <tag> exactly. English reference: You made a good interview, sent your regards to all the rangers you knew and Ma, thanked the audience and sang a verse from your song as a token of gratitude. And since you were one heck of a singer, your rating certainly improved much!"	"Quest,Muzon"	"Вы далі добрае інтэрвію, перадалі прывітаньні знаёмым зь ліку рэйнджэраў і маме, падзякавалі гледачам і ў падарунак ім прасьпявалі куплет з песьні. Паколькі вакаліст вы найлепшы, ваш рэйтынг няблага падняўся!"
"/quests/Muzon.qmm/jumps/294/description"	"К сожалению, вы не угадали с игроком - он проиграл, а значит, и вы тоже. Если бы вы больше <clr>читали<clrEnd>, то, возможно, лучше сделали бы выбор, на кого ставить ваши деньги."	"Quest Muzon.qmm: jumps.294.description. Preserve every <tag> exactly. English reference: Unfortunately your forecast about this player was wrong and he lost the game, and so did you. Had you been <clr>reading<clrEnd> a bit more, maybe you would have made a better choice, about who you stake on."	"Quest,Muzon"	"На жаль, вы не ўгадалі з гульцом — ён прайграў, а значыць, і вы таксама. Калі б вы больш <clr>чыталі<clrEnd>, то, магчыма, лепей зрабілі б выбар, на каго ставіць вашыя грошы."
"/quests/Muzon.qmm/jumps/295/text"	"Хулиганские действия"	"Quest Muzon.qmm: jumps.295.text. Preserve every <tag> exactly. English reference: Show"	"Quest,Muzon"	"Хуліганскія дзеяньні"
"/quests/Muzon.qmm/jumps/296/text"	"Хулиганские действия"	"Quest Muzon.qmm: jumps.296.text. Preserve every <tag> exactly. English reference: Show"	"Quest,Muzon"	"Хуліганскія дзеяньні"
"/quests/Muzon.qmm/jumps/298/text"	"Спецэффекты"	"Quest Muzon.qmm: jumps.298.text. Preserve every <tag> exactly. English reference: Special effects"	"Quest,Muzon"	"Адмысловыя эфэкты"
"/quests/Muzon.qmm/jumps/299/text"	"Спецэффекты"	"Quest Muzon.qmm: jumps.299.text. Preserve every <tag> exactly. English reference: Special effects"	"Quest,Muzon"	"Адмысловыя эфэкты"
"/quests/Muzon.qmm/jumps/301/description"	"Да, пора бы и <clr>голографические эффекты<clrEnd> добавить! Вы заказали огромного монстра, и через несколько секунд он появился над стадионом! Он летал, пыхал огнем, в общем, что только не делал! Зрители ревели от восторга, и ваш рейтинг повысился!"	"Quest Muzon.qmm: jumps.301.description. Preserve every <tag> exactly. English reference: Alright, time for some <clr> holographic effects<clrEnd>! You ordered a huge monster that appeared over the stadium is several seconds! The monster flew all over the place, spat fire, and did all kinds of weird thing! The crowd roared in amazement and your rating skyrocketed!"	"Quest,Muzon"	"Так, пара б і <clr>галяграфічныя эфэкты<clrEnd> дадаць! Вы замовілі вялізнага монстра, і праз некалькі сэкундаў ён зьявіўся над стадыёнам! Ён лятаў, пыхаў агнём, словам, чаго толькі не рабіў! Гледачы раўлі ад захапленьня, і ваш рэйтынг павысіўся!"
"/quests/Muzon.qmm/jumps/302/description"	"Да, пора бы и <clr>голографические эффекты<clrEnd> добавить! Вы заказали огромного монстра, который должен был появиться над стадионом. К сожалению, вы были слишком <clr>пьяны<clrEnd> и не смогли справиться с аппаратурой, так что монстр появился очень высоко в небе. Его мало кто смог разглядеть, так что практически никакого эффекта на зрителей он не произвел."	"Quest Muzon.qmm: jumps.302.description. Preserve every <tag> exactly. English reference: Alright, time for some <clr> holographic effects<clrEnd>! You ordered a huge monster that was to appear over the stadium. But unfortunately you were too <clr>drunk<clrEnd> to operate the equipment and the monster was way too high in the sky. Very few people managed to see it and it almost had no effect on the audience."	"Quest,Muzon"	"Так, пара б і <clr>галяграфічныя эфэкты<clrEnd> дадаць! Вы замовілі вялізнага монстра, які мусіў зьявіцца над стадыёнам. На жаль, вы былі занадта <clr>п'яныя<clrEnd> і не змаглі даць рады апаратуры, так што монстар зьявіўся вельмі высока ў небе. Яго мала хто змог разгледзець, так што практычна ніякага эфэкту на гледачоў ён не зрабіў."
"/quests/Muzon.qmm/jumps/303/description"	"<clr>Поднебесный салют<clrEnd> должен был стать настоящим украшением вашего выступления! К сожалению, организаторы концерта поскупились на дорогие гаальские фейерверки, а купили бракованные пеленгские. Многие ракеты просто не сработали. Поэтому салют получился слабеньким, ваш рейтинг вырос совсем не так, как вы ожидали."	"Quest Muzon.qmm: jumps.303.description. Preserve every <tag> exactly. English reference: The <clr>Sky Fireworks<clrEnd> were supposed to become the climax of your performance! However the promoters decided to save up on this effect, and instead of buying the expensive Gaalian fireworks, bought the defected Peleng ones. Many of the rockets simply did not work. As a result the fireworks were not that impressive, and you rating did not grow as much as you'd expected."	"Quest,Muzon"	"<clr>Паднябесны салют<clrEnd> мусіў стаць сапраўдным упрыгожаньнем вашага выступу! На жаль, арганізатары канцэрту паскупіліся на дарагія гаальскія феерверкі, а купілі бракаваныя пеленгскія. Многія ракеты проста не спрацавалі. Таму салют атрымаўся слабаваты, ваш рэйтынг вырас зусім не так, як вы чакалі."
"/quests/Muzon.qmm/jumps/304/description"	"Только вы заказали <clr>световые эффекты<clrEnd>, как сразу вырубился свет. Зрители затаили дыхание, но... Ничего не произошло! Гипер-прожекторы, которые должны были включиться и разукрасить стадион разноцветными и красивыми огнями, почему-то не включились. В зале пошел свист..."	"Quest Muzon.qmm: jumps.304.description. Preserve every <tag> exactly. English reference: The moment you ordered the <clr>light effects<clrEnd>, the light went out. The audience grasped for air, but... Nothing happened! The hyper-searchlights that were supposed to turn on and colour the stadium in beautiful lights, for some reason would not work. The audience started booing..."	"Quest,Muzon"	"Толькі вы замовілі <clr>сьветлавыя эфэкты<clrEnd>, як адразу згасла сьвятло. Гледачы затаілі дыханьне, але... Нічога не адбылося! Гіпэр-пражэктары, якія мусілі ўключыцца і размаляваць стадыён рознакаляровымі і прыгожымі агнямі, чамусьці не ўключыліся. У залі пайшоў сьвіст..."
"/quests/Muzon.qmm/jumps/305/description"	"Только вы заказали <clr>световые эффекты<clrEnd>, как по всему стадиону начали светить гипер-прожекторы! Разноцветные и красивые, они привели бы в неистовство и зрителей, и вас... Если бы идиот-светомеханик не забыл вырубить свет!!! А так весь эффект был смазан, хотя зрителям все же понравилось."	"Quest Muzon.qmm: jumps.305.description. Preserve every <tag> exactly. English reference: The moment you ordered the <clr>light effects<clrEnd>, the whole stadium lit up with hyper-searchlights! Colourful and beautiful they would have left the audience and you gaping in awe... Had this idiot of a light technician not forgotten to put the lights out!!! This way the entire effect was blurred although the audience did like it after all."	"Quest,Muzon"	"Толькі вы замовілі <clr>сьветлавыя эфэкты<clrEnd>, як па ўсім стадыёне пачалі сьвяціць гіпэр-пражэктары! Рознакаляровыя і прыгожыя, яны давялі б да шаленства і гледачоў, і вас... Калі б ідыёт-сьвятлатэхнік не забыўся выключыць сьвятло!!! А так увесь эфэкт быў змазаны, хоць гледачам усё ж спадабалася."
"/quests/Muzon.qmm/jumps/306/description"	"Вы решили, что пора уже и <clr>лазерное шоу<clrEnd> начать, на радость зрителям! Старый, проверенный временем эффект оправдал все ваши ожидания. Красные лазерные лучи начали разбегаться по стадиону, как будто миллион снайперов засело на крыше! Все без исключения были рады, даже вы!"	"Quest Muzon.qmm: jumps.306.description. Preserve every <tag> exactly. English reference: You thought that it was about time to start the <clr>laser show<clrEnd> to cheer up the audience! The old time-tested effect has totally lived up to your expectations. Red laser beams started running across the stadiums as if there was a million marksmen with IR-sights on the roof! Everyone was overjoyed, you inclusive!"	"Quest,Muzon"	"Вы вырашылі, што пара ўжо і <clr>лазэрнае шоў<clrEnd> пачаць, на радасьць гледачам! Стары, правераны часам эфэкт апраўдаў усе вашыя чаканьні. Чырвоныя лазэрныя прамяні пачалі разьбягацца па стадыёне, быццам мільён снайпэраў засеў на даху! Усе без выключэньня былі радыя, нават вы!"
"/quests/Muzon.qmm/jumps/307/description"	"Вы заказали <clr>фейерверк<clrEnd> вдоль сцены. Получилось, что ваша группа играет как бы в кольце огня! Эффект был что надо, зрители были в трансе от увиденного! Яркие искры струились по всей сцене, прибавляя вам заветные баллы к рейтингу. Жаль только, что одна из искр бракованного малокского фейерверка попала в руку вашего <clr>бас-гитариста<clrEnd> и сильно его обожгла. Он больше не сможет показывать хорошую игру сегодня."	"Quest Muzon.qmm: jumps.307.description. Preserve every <tag> exactly. English reference: You ordered <clr>fireworks<clrEnd> around the scene. It looked as if the band was playing in a ring of fire. The effect looked real cool and the crowd was entranced! Bright sparks were streaming all over the scene, boosting you rating up. Too bad though, the spark of from the bad Maloq firework caught your <clr>bass-player<clrEnd> on the arm and burnt him badly. He will not be able to demonstrate good musicianship tonight."	"Quest,Muzon"	"Вы замовілі <clr>феерверк<clrEnd> уздоўж сцэны. Выйшла, што ваш гурт грае нібы ў колцы агню! Эфэкт быў што трэба, гледачы былі ў трансе ад убачанага! Яркія іскры струменілі па ўсёй сцэне, дадаючы вам запаветныя балы да рэйтынгу. Шкада толькі, што адна з іскраў бракаванага малокскага феерверка трапіла ў руку вашага <clr>бас-гітарыста<clrEnd> і моцна яго абпаліла. Ён больш не зможа паказваць добрую гульню сёньня."
"/quests/Muzon.qmm/jumps/308/description"	"Вы заказали <clr>фейерверк<clrEnd> вдоль сцены. Получилось, что ваша группа играет как бы в кольце огня. Эффект был что надо, зрители были в шоке от увиденного! Вот только по пьяни вы слегка не рассчитали периметр сцены, так что огонь перекинулся на одну из колонок! Пожар, разумеется, тут же был потушен, но вот звучание группы теперь будет гораздо хуже, чем раньше."	"Quest Muzon.qmm: jumps.308.description. Preserve every <tag> exactly. English reference: You ordered <clr>fireworks<clrEnd> around the scene. It looked as if the band was playing in a ring of fire. The effect looked real cool and the crowd was shocked! But, drunk as you were, you had your calcs wrong, and one of the PA speakers caught fire! Of course they put the fire out immediately, but the sound of the band would be much worse than in the beginning."	"Quest,Muzon"	"Вы замовілі <clr>феерверк<clrEnd> уздоўж сцэны. Выйшла, што ваш гурт грае нібы ў колцы агню. Эфэкт быў што трэба, гледачы былі ў шоку ад убачанага! Вось толькі па п'янцы вы крыху не разьлічылі пэрымэтар сцэны, так што агонь перакінуўся на адну з калёнак! Пажар, вядома, адразу быў патушаны, але вось гук гурту цяпер будзе значна горшы, чым раней."
"/quests/Muzon.qmm/jumps/309/description"	"Вы заказали <clr>фейерверк<clrEnd> вдоль сцены. Получилось, что ваша группа играет как бы в кольце огня. Эффект был что надо, зрители были потрясены! К сожалению, ударник сидел слишком близко к линии огня, так что ударная установка вдруг загорелась! Пришлось срочно выбрасывать со сцены горящий барабан. Зрители встретили это овацией, решив, что так и было задумано. Однако <clr>ударник<clrEnd> был далеко не рад случившемуся: сегодня он больше не сможет показать хорошую игру."	"Quest Muzon.qmm: jumps.309.description. Preserve every <tag> exactly. English reference: You ordered <clr>fireworks<clrEnd> around the scene. It looked as if the band was playing in a ring of fire. The effect looked real cool and the crowd was impressed! Unfortunately the drummer was sitting too close to the line of fire and suddenly his drum-kit caught fire! You had to quickly drop the burning drum off the stage. The audience roared thinking this was part of the show. However the <clr>drummer<clrEnd> himself was not that happy about the incident, with one drum missing he wouldn't be able play that well tonight."	"Quest,Muzon"	"Вы замовілі <clr>феерверк<clrEnd> уздоўж сцэны. Выйшла, што ваш гурт грае нібы ў колцы агню. Эфэкт быў што трэба, гледачы былі ўражаныя! На жаль, бубнач сядзеў занадта блізка да лініі агню, так што ўдарная ўстаноўка раптам загарэлася! Давялося тэрмінова выкідаць са сцэны палаючы барабан. Гледачы сустрэлі гэта авацыяй, вырашыўшы, што так і было задумана. Аднак <clr>бубнач<clrEnd> быў далёка не рады таму, што сталася: сёньня ён больш не зможа паказаць добрую гульню."
"/quests/Muzon.qmm/jumps/310/description"	"Вы заказали <clr>сменяющийся бэкграунд<clrEnd>, чтобы немного оживить сцену. Сзади вас стали появляться крутые картинки: разнообразные музыкальные инструменты, крутые аэротачки и доминаторы. Но зрители почему-то не оценили этого эффекта."	"Quest Muzon.qmm: jumps.310.description. Preserve every <tag> exactly. English reference: You ordered an <clr> alternating background<clrEnd>, in order to brighten things up on stage a little. All kinds of cool picture started appearing on the backdrop: different musical instruments, fancy hover mobiles and Dominators. However the audience did not appreciate this effect."	"Quest,Muzon"	"Вы замовілі <clr>зьменнае тло<clrEnd>, каб крыху ажывіць сцэну. Ззаду вас сталі зьяўляцца крутыя малюнкі: разнастайныя музычныя інструмэнты, крутыя лятальныя машыны і дамінатары. Але гледачы чамусьці не ацанілі гэтага эфэкту."
"/quests/Muzon.qmm/jumps/311/description"	"Вы заказали <clr>искусственный дождь<clrEnd>, один из самых сложных и дорогостоящих эффектов. Множество зарядов взлетело в небо и под вашу крутую музыку взорвалось! И тут весь стадион накрыл дождь, точь в точь как настоящий! Притом он еще переливался красками и светился в ночном небе! Зрители были довольны, такое бывает не каждый день!"	"Quest Muzon.qmm: jumps.311.description. Preserve every <tag> exactly. English reference: You ordered <clr>artificial rain<clrEnd>, one of the most complex and expensive effects. A multitude of charges shot into the air and blasted accompanied by your music! And then the whole stadium was covered by rain - exactly like a real one! But that wan was gleaming in different colours and shined in the night sky! The audience liked it, it was not something you saw everyday!"	"Quest,Muzon"	"Вы замовілі <clr>штучны дождж<clrEnd>, адзін з самых складаных і дарагіх эфэктаў. Мноства зарадаў узьляцела ў неба і пад вашу крутую музыку выбухнула! І тут увесь стадыён накрыў дождж, дакладна як сапраўдны! Прытым ён яшчэ пераліваўся фарбамі і сьвяціўся ў начным небе! Гледачы былі задаволеныя, такое бывае не кожны дзень!"
"/quests/Muzon.qmm/jumps/312/description"	"Вы незаметно прокрались за кулисы, чтобы расковырять ножом одну из колонок. Тогда бы она стала дребезжать при выступлении других участников, и это стоило бы им с десяток баллов рейтинга. Однако когда вы достали нож, вдруг послышались приближающиеся шаги. Вы едва-едва успели юркнуть за кулисы, как к колонке, возле которой вы стояли, вышел покурить солист группы Letallica. Черт побери, вас чуть было не застукали! Вы решили больше так не рисковать."	"Quest Muzon.qmm: jumps.312.description. Preserve every <tag> exactly. English reference: You sneaked on stage behind the curtains with plans to cut a whole in one of the tweeters, so that it would rattle during the performance of remaining acts, which would certainly take about 10 rating points from them. However as soon as you took your knife out, you heard somebody's steps. You hardly had the time to leap behind the curtain, when the Alumminica singer went right to the speaker you were fumbling with to have a smoke. Damn you nearly got busted! You decided not to risk like that again."	"Quest,Muzon"	"Вы неўзаметку пракраліся за кулісы, каб раскалупаць нажом адну з калёнак. Тады б яна стала бразгатаць падчас выступу іншых удзельнікаў, і гэта каштавала б ім з дзясятак балаў рэйтынгу. Аднак калі вы дасталі нож, раптам пачуліся крокі, што набліжаліся. Вы ледзьве пасьпелі шмыгнуць за кулісы, як да калёнкі, каля якой вы стаялі, выйшаў пакурыць саліст гурту Letallica. Чорт вазьмі, вас ледзь не застукалі! Вы вырашылі больш так не рызыкаваць."
"/quests/Muzon.qmm/jumps/313/description"	"Вы были не в самом лучшем <clr>настроении<clrEnd>, да и недостаточно <clr>пьяны<clrEnd> к тому же. Поэтому интервью получилось скучным, и зрителям оно не понравилось."	"Quest Muzon.qmm: jumps.313.description. Preserve every <tag> exactly. English reference: You were not in your best <clr>mood<clrEnd>, and not <clr>drunk<clrEnd> enough either. Which is why the interview was rather boring and the audience did not like it."	"Quest,Muzon"	"Вы былі не ў самым лепшым <clr>настроі<clrEnd>, ды і недастаткова <clr>п'яныя<clrEnd> да таго ж. Таму інтэрвію атрымалася нуднае, і гледачам яно не спадабалася."
"/quests/Muzon.qmm/jumps/314/description"	"Вы дали неплохое интервью, передали приветы всем, кому надо, поблагодарили зрителей и пообещали приехать на следующий концерт с новым альбомом. Все как обычно, в общем. Рейтинг немного вырос."	"Quest Muzon.qmm: jumps.314.description. Preserve every <tag> exactly. English reference: You did a good interview, said hello to everyone you were supposed to, thanked the audience and promised to come back again next year with a new album. The usual thing, you know. Your rating has somewhat increased."	"Quest,Muzon"	"Вы далі годнае інтэрвію, перадалі прывітаньні ўсім, каму трэба, падзякавалі гледачам і паабяцалі прыехаць на наступны канцэрт з новым альбомам. Усё як звычайна, словам. Рэйтынг крыху вырас."
"/quests/Muzon.qmm/jumps/315/text"	"Играть"	"Quest Muzon.qmm: jumps.315.text. Preserve every <tag> exactly. English reference: Play"	"Quest,Muzon"	"Граць"
"/quests/Muzon.qmm/jumps/315/description"	"Никакое знание теории не поможет вам играть в бильярд, если вы сильно <clr>пьяны<clrEnd>! Вы не смогли обыграть соперника. Довольный клавишник ушел домой. Сегодня он больше в клуб не вернется."	"Quest Muzon.qmm: jumps.315.description. Preserve every <tag> exactly. English reference: No theoretic knowledge would ever help you win a pool game if you are <clr>drunk<clrEnd>! You did not manage to win that game. The happy keyboardist went home. He will not be back here again today."	"Quest,Muzon"	"Ніякае веданьне тэорыі не дапаможа вам гуляць у більярд, калі вы моцна <clr>п'яныя<clrEnd>! Вы не змаглі абыграць саперніка. Задаволены клавішнік сышоў дахаты. Сёньня ён больш у клюб не вернецца."
"/quests/Muzon.qmm/jumps/316/text"	"Передумать"	"Quest Muzon.qmm: jumps.316.text. Preserve every <tag> exactly. English reference: Reconsider"	"Quest,Muzon"	"Перадумаць"
"/quests/Muzon.qmm/jumps/317/text"	"Искать клавишника"	"Quest Muzon.qmm: jumps.317.text. Preserve every <tag> exactly. English reference: Look for a keyboardist"	"Quest,Muzon"	"Шукаць клавішніка"
