"identifier"	"source_phrase"	"context"	"labels"	"be"
"/quests/Photorobot.qmm/parameters/0/name"	"Телосложение"	"Quest Photorobot.qmm: parameters.0.name. Preserve every <tag> exactly."	"Quest,Photorobot"	"Целасклад"
"/quests/Photorobot.qmm/parameters/0/lines/0/content"	"Не известно"	"Quest Photorobot.qmm: parameters.0.lines.0.content. Preserve every <tag> exactly."	"Quest,Photorobot"	"Невядома"
"/quests/Photorobot.qmm/parameters/0/lines/1/content"	"Обычный"	"Quest Photorobot.qmm: parameters.0.lines.1.content. Preserve every <tag> exactly."	"Quest,Photorobot"	"Звычайны"
"/quests/Photorobot.qmm/parameters/0/lines/2/content"	"Худой"	"Quest Photorobot.qmm: parameters.0.lines.2.content. Preserve every <tag> exactly."	"Quest,Photorobot"	"Худы"
"/quests/Photorobot.qmm/parameters/0/lines/3/content"	"Толстый"	"Quest Photorobot.qmm: parameters.0.lines.3.content. Preserve every <tag> exactly."	"Quest,Photorobot"	"Тоўсты"
"/quests/Photorobot.qmm/parameters/0/crit_text"	"Сообщение достижения критического значения параметром 15"	"Quest Photorobot.qmm: parameters.0.crit_text. Preserve every <tag> exactly."	"Quest,Photorobot"	"Паведамленьне пра дасягненьне крытычнага значэньня парамэтрам 15"
"/quests/Photorobot.qmm/parameters/1/name"	"Форма лица"	"Quest Photorobot.qmm: parameters.1.name. Preserve every <tag> exactly."	"Quest,Photorobot"	"Форма твару"
"/quests/Photorobot.qmm/parameters/1/lines/0/content"	"Не известно"	"Quest Photorobot.qmm: parameters.1.lines.0.content. Preserve every <tag> exactly."	"Quest,Photorobot"	"Невядома"
"/quests/Photorobot.qmm/parameters/1/lines/1/content"	"Овальное"	"Quest Photorobot.qmm: parameters.1.lines.1.content. Preserve every <tag> exactly."	"Quest,Photorobot"	"Авальнае"
"/quests/Photorobot.qmm/parameters/1/lines/2/content"	"Треугольное"	"Quest Photorobot.qmm: parameters.1.lines.2.content. Preserve every <tag> exactly."	"Quest,Photorobot"	"Трохвугольнае"
"/quests/Photorobot.qmm/parameters/1/lines/3/content"	"Квадратное"	"Quest Photorobot.qmm: parameters.1.lines.3.content. Preserve every <tag> exactly."	"Quest,Photorobot"	"Квадратнае"
"/quests/Photorobot.qmm/parameters/1/lines/4/content"	"Круглое"	"Quest Photorobot.qmm: parameters.1.lines.4.content. Preserve every <tag> exactly."	"Quest,Photorobot"	"Круглае"
"/quests/Photorobot.qmm/parameters/1/crit_text"	"Сообщение достижения критического значения параметром 3"	"Quest Photorobot.qmm: parameters.1.crit_text. Preserve every <tag> exactly."	"Quest,Photorobot"	"Паведамленьне пра дасягненьне крытычнага значэньня парамэтрам 3"
"/quests/Photorobot.qmm/parameters/2/name"	"Прическа"	"Quest Photorobot.qmm: parameters.2.name. Preserve every <tag> exactly."	"Quest,Photorobot"	"Прычоска"
"/quests/Photorobot.qmm/parameters/2/lines/0/content"	"Не известно"	"Quest Photorobot.qmm: parameters.2.lines.0.content. Preserve every <tag> exactly."	"Quest,Photorobot"	"Невядома"
"/quests/Photorobot.qmm/parameters/2/lines/1/content"	"Лысый"	"Quest Photorobot.qmm: parameters.2.lines.1.content. Preserve every <tag> exactly."	"Quest,Photorobot"	"Лысы"
"/quests/Photorobot.qmm/parameters/2/lines/2/content"	"Коса"	"Quest Photorobot.qmm: parameters.2.lines.2.content. Preserve every <tag> exactly."	"Quest,Photorobot"	"Каса"
"/quests/Photorobot.qmm/parameters/2/lines/3/content"	"Дреды"	"Quest Photorobot.qmm: parameters.2.lines.3.content. Preserve every <tag> exactly."	"Quest,Photorobot"	"Дрэды"
"/quests/Photorobot.qmm/parameters/2/lines/4/content"	"Ирокез"	"Quest Photorobot.qmm: parameters.2.lines.4.content. Preserve every <tag> exactly."	"Quest,Photorobot"	"Іракез"
"/quests/Photorobot.qmm/parameters/2/crit_text"	"Сообщение достижения критического значения параметром 4"	"Quest Photorobot.qmm: parameters.2.crit_text. Preserve every <tag> exactly."	"Quest,Photorobot"	"Паведамленьне пра дасягненьне крытычнага значэньня парамэтрам 4"
"/quests/Photorobot.qmm/parameters/3/name"	"Усы, борода"	"Quest Photorobot.qmm: parameters.3.name. Preserve every <tag> exactly."	"Quest,Photorobot"	"Вусы, барада"
"/quests/Photorobot.qmm/parameters/3/lines/0/content"	"Не известно"	"Quest Photorobot.qmm: parameters.3.lines.0.content. Preserve every <tag> exactly."	"Quest,Photorobot"	"Невядома"
"/quests/Photorobot.qmm/parameters/3/lines/1/content"	"Отсутствуют"	"Quest Photorobot.qmm: parameters.3.lines.1.content. Preserve every <tag> exactly."	"Quest,Photorobot"	"Адсутнічаюць"
"/quests/Photorobot.qmm/parameters/3/lines/2/content"	"Длинные усы"	"Quest Photorobot.qmm: parameters.3.lines.2.content. Preserve every <tag> exactly."	"Quest,Photorobot"	"Доўгія вусы"
"/quests/Photorobot.qmm/parameters/3/lines/3/content"	"Щетина"	"Quest Photorobot.qmm: parameters.3.lines.3.content. Preserve every <tag> exactly."	"Quest,Photorobot"	"Шчаціньне"
"/quests/Photorobot.qmm/parameters/3/lines/4/content"	"Козлиная бородка"	"Quest Photorobot.qmm: parameters.3.lines.4.content. Preserve every <tag> exactly."	"Quest,Photorobot"	"Казіная бародка"
"/quests/Photorobot.qmm/parameters/3/lines/5/content"	"Длинная борода"	"Quest Photorobot.qmm: parameters.3.lines.5.content. Preserve every <tag> exactly."	"Quest,Photorobot"	"Доўгая барада"
"/quests/Photorobot.qmm/parameters/3/crit_text"	"Сообщение достижения критического значения параметром 16"	"Quest Photorobot.qmm: parameters.3.crit_text. Preserve every <tag> exactly."	"Quest,Photorobot"	"Паведамленьне пра дасягненьне крытычнага значэньня парамэтрам 16"
"/quests/Photorobot.qmm/parameters/4/name"	"Глаза"	"Quest Photorobot.qmm: parameters.4.name. Preserve every <tag> exactly."	"Quest,Photorobot"	"Вочы"
"/quests/Photorobot.qmm/parameters/4/lines/0/content"	"Не известно"	"Quest Photorobot.qmm: parameters.4.lines.0.content. Preserve every <tag> exactly."	"Quest,Photorobot"	"Невядома"
"/quests/Photorobot.qmm/parameters/4/lines/1/content"	"Очки"	"Quest Photorobot.qmm: parameters.4.lines.1.content. Preserve every <tag> exactly."	"Quest,Photorobot"	"Акуляры"
"/quests/Photorobot.qmm/parameters/4/lines/2/content"	"Узкоглазый"	"Quest Photorobot.qmm: parameters.4.lines.2.content. Preserve every <tag> exactly."	"Quest,Photorobot"	"Вузкавокі"
"/quests/Photorobot.qmm/parameters/4/lines/3/content"	"Без левого глаза"	"Quest Photorobot.qmm: parameters.4.lines.3.content. Preserve every <tag> exactly."	"Quest,Photorobot"	"Без левага вока"
"/quests/Photorobot.qmm/parameters/4/lines/4/content"	"Без правого глаза"	"Quest Photorobot.qmm: parameters.4.lines.4.content. Preserve every <tag> exactly."	"Quest,Photorobot"	"Без правага вока"
"/quests/Photorobot.qmm/parameters/4/lines/5/content"	"Косоглазый"	"Quest Photorobot.qmm: parameters.4.lines.5.content. Preserve every <tag> exactly."	"Quest,Photorobot"	"Касавокі"
"/quests/Photorobot.qmm/parameters/4/lines/6/content"	"Нормальные глаза"	"Quest Photorobot.qmm: parameters.4.lines.6.content. Preserve every <tag> exactly."	"Quest,Photorobot"	"Звычайныя вочы"
"/quests/Photorobot.qmm/parameters/4/crit_text"	"Сообщение достижения критического значения параметром 5"	"Quest Photorobot.qmm: parameters.4.crit_text. Preserve every <tag> exactly."	"Quest,Photorobot"	"Паведамленьне пра дасягненьне крытычнага значэньня парамэтрам 5"
"/quests/Photorobot.qmm/parameters/5/name"	"Нос"	"Quest Photorobot.qmm: parameters.5.name. Preserve every <tag> exactly."	"Quest,Photorobot"	"Нос"
"/quests/Photorobot.qmm/parameters/5/lines/0/content"	"Не известно"	"Quest Photorobot.qmm: parameters.5.lines.0.content. Preserve every <tag> exactly."	"Quest,Photorobot"	"Невядома"
"/quests/Photorobot.qmm/parameters/5/lines/1/content"	"Перебитый/Пластырь"	"Quest Photorobot.qmm: parameters.5.lines.1.content. Preserve every <tag> exactly."	"Quest,Photorobot"	"Перабіты/Плястар"
"/quests/Photorobot.qmm/parameters/5/lines/2/content"	"Нормальный"	"Quest Photorobot.qmm: parameters.5.lines.2.content. Preserve every <tag> exactly."	"Quest,Photorobot"	"Нармальны"
"/quests/Photorobot.qmm/parameters/5/lines/3/content"	"Большой"	"Quest Photorobot.qmm: parameters.5.lines.3.content. Preserve every <tag> exactly."	"Quest,Photorobot"	"Вялікі"
"/quests/Photorobot.qmm/parameters/5/crit_text"	"Сообщение достижения критического значения параметром 6"	"Quest Photorobot.qmm: parameters.5.crit_text. Preserve every <tag> exactly."	"Quest,Photorobot"	"Паведамленьне пра дасягненьне крытычнага значэньня парамэтрам 6"
"/quests/Photorobot.qmm/parameters/6/name"	"Голос"	"Quest Photorobot.qmm: parameters.6.name. Preserve every <tag> exactly."	"Quest,Photorobot"	"Голас"
"/quests/Photorobot.qmm/parameters/6/lines/0/content"	"Не известно"	"Quest Photorobot.qmm: parameters.6.lines.0.content. Preserve every <tag> exactly."	"Quest,Photorobot"	"Невядома"
"/quests/Photorobot.qmm/parameters/6/lines/1/content"	"Обычный"	"Quest Photorobot.qmm: parameters.6.lines.1.content. Preserve every <tag> exactly."	"Quest,Photorobot"	"Звычайны"
"/quests/Photorobot.qmm/parameters/6/lines/2/content"	"Писклявый"	"Quest Photorobot.qmm: parameters.6.lines.2.content. Preserve every <tag> exactly."	"Quest,Photorobot"	"Пісклявы"
"/quests/Photorobot.qmm/parameters/6/lines/3/content"	"Грубый"	"Quest Photorobot.qmm: parameters.6.lines.3.content. Preserve every <tag> exactly."	"Quest,Photorobot"	"Грубы"
"/quests/Photorobot.qmm/parameters/6/lines/4/content"	"Картавый"	"Quest Photorobot.qmm: parameters.6.lines.4.content. Preserve every <tag> exactly."	"Quest,Photorobot"	"Картавы"
"/quests/Photorobot.qmm/parameters/6/lines/5/content"	"Шепелявый"	"Quest Photorobot.qmm: parameters.6.lines.5.content. Preserve every <tag> exactly."	"Quest,Photorobot"	"Шапялявы"
"/quests/Photorobot.qmm/parameters/6/crit_text"	"Сообщение достижения критического значения параметром 10"	"Quest Photorobot.qmm: parameters.6.crit_text. Preserve every <tag> exactly."	"Quest,Photorobot"	"Паведамленьне пра дасягненьне крытычнага значэньня парамэтрам 10"
"/quests/Photorobot.qmm/parameters/7/name"	"Особое"	"Quest Photorobot.qmm: parameters.7.name. Preserve every <tag> exactly."	"Quest,Photorobot"	"Асаблівае"
"/quests/Photorobot.qmm/parameters/7/lines/0/content"	"Не известно"	"Quest Photorobot.qmm: parameters.7.lines.0.content. Preserve every <tag> exactly."	"Quest,Photorobot"	"Невядома"
"/quests/Photorobot.qmm/parameters/7/lines/1/content"	"Шрам на лице"	"Quest Photorobot.qmm: parameters.7.lines.1.content. Preserve every <tag> exactly."	"Quest,Photorobot"	"Шрам на твары"
"/quests/Photorobot.qmm/parameters/7/lines/2/content"	"Без пальца"	"Quest Photorobot.qmm: parameters.7.lines.2.content. Preserve every <tag> exactly."	"Quest,Photorobot"	"Без пальца"
"/quests/Photorobot.qmm/parameters/7/lines/3/content"	"Вася"	"Quest Photorobot.qmm: parameters.7.lines.3.content. Preserve every <tag> exactly."	"Quest,Photorobot"	"Вася"
"/quests/Photorobot.qmm/parameters/7/lines/4/content"	"Зина"	"Quest Photorobot.qmm: parameters.7.lines.4.content. Preserve every <tag> exactly."	"Quest,Photorobot"	"Зіна"
"/quests/Photorobot.qmm/parameters/7/crit_text"	"Сообщение достижения критического значения параметром 12"	"Quest Photorobot.qmm: parameters.7.crit_text. Preserve every <tag> exactly."	"Quest,Photorobot"	"Паведамленьне пра дасягненьне крытычнага значэньня парамэтрам 12"
"/quests/Photorobot.qmm/parameters/8/name"	"Отключено"	"Quest Photorobot.qmm: parameters.8.name. Preserve every <tag> exactly."	"Quest,Photorobot"	"Адключана"
"/quests/Photorobot.qmm/parameters/8/lines/0/content"	"Quest made by russian maniac"	"Quest Photorobot.qmm: parameters.8.lines.0.content. Preserve every <tag> exactly."	"Quest,Photorobot"	"Заданьне зрабіў расейскі маньяк"
"/quests/Photorobot.qmm/parameters/8/lines/1/content"	"- - -"	"Quest Photorobot.qmm: parameters.8.lines.1.content. Preserve every <tag> exactly."	"Quest,Photorobot"	"- - -"
"/quests/Photorobot.qmm/parameters/8/lines/2/content"	"- - -"	"Quest Photorobot.qmm: parameters.8.lines.2.content. Preserve every <tag> exactly."	"Quest,Photorobot"	"- - -"
"/quests/Photorobot.qmm/parameters/8/lines/3/content"	"- - -"	"Quest Photorobot.qmm: parameters.8.lines.3.content. Preserve every <tag> exactly."	"Quest,Photorobot"	"- - -"
"/quests/Photorobot.qmm/parameters/8/crit_text"	"Сообщение достижения критического значения параметром 11"	"Quest Photorobot.qmm: parameters.8.crit_text. Preserve every <tag> exactly."	"Quest,Photorobot"	"Паведамленьне пра дасягненьне крытычнага значэньня парамэтрам 11"
"/quests/Photorobot.qmm/parameters/9/name"	"Внешность вора"	"Quest Photorobot.qmm: parameters.9.name. Preserve every <tag> exactly."	"Quest,Photorobot"	"Выгляд злодзея"
"/quests/Photorobot.qmm/parameters/9/lines/0/content"	"<>: {[p10] div 100000000}"	"Quest Photorobot.qmm: parameters.9.lines.0.content. Preserve every <tag> exactly."	"Quest,Photorobot"	"<>: {[p10] div 100000000}"
"/quests/Photorobot.qmm/parameters/9/crit_text"	"Сообщение достижения критического значения параметром 2"	"Quest Photorobot.qmm: parameters.9.crit_text. Preserve every <tag> exactly."	"Quest,Photorobot"	"Паведамленьне пра дасягненьне крытычнага значэньня парамэтрам 2"
"/quests/Photorobot.qmm/parameters/10/name"	"Процент совпадения"	"Quest Photorobot.qmm: parameters.10.name. Preserve every <tag> exactly."	"Quest,Photorobot"	"Адсотак супадзеньня"
"/quests/Photorobot.qmm/parameters/10/lines/0/content"	"Похож на <>%"	"Quest Photorobot.qmm: parameters.10.lines.0.content. Preserve every <tag> exactly."	"Quest,Photorobot"	"Падобны на <>%"
"/quests/Photorobot.qmm/parameters/10/crit_text"	"Сообщение достижения критического значения параметром 20"	"Quest Photorobot.qmm: parameters.10.crit_text. Preserve every <tag> exactly."	"Quest,Photorobot"	"Паведамленьне пра дасягненьне крытычнага значэньня парамэтрам 20"
"/quests/Photorobot.qmm/parameters/11/name"	"Тип вора"	"Quest Photorobot.qmm: parameters.11.name. Preserve every <tag> exactly."	"Quest,Photorobot"	"Тып злодзея"
"/quests/Photorobot.qmm/parameters/11/lines/0/content"	"Киллер (Нормальный, овальное, лысый, выбрит, очки, перебитый, обычный, - - -, шрам)"	"Quest Photorobot.qmm: parameters.11.lines.0.content. Preserve every <tag> exactly."	"Quest,Photorobot"	"Кілер (Нармальны, авальнае, лысы, паголены, акуляры, перабіты, звычайны, - - -, шрам)"
"/quests/Photorobot.qmm/parameters/11/lines/1/content"	"Китаец (худой, треугольное, коса, длинные усы, узкие глаза, нормальный, писклявый, - - -, без пальца)"	"Quest Photorobot.qmm: parameters.11.lines.1.content. Preserve every <tag> exactly."	"Quest,Photorobot"	"Кітаец (худы, трохвугольнае, каса, доўгія вусы, вузкія вочы, нармальны, пісклявы, - - -, без пальца)"
"/quests/Photorobot.qmm/parameters/11/lines/2/content"	"Мега-рокер (Толстый, квадратное, дреды, щетина, без левого глаза, большой, грубый, - - -, Вася)"	"Quest Photorobot.qmm: parameters.11.lines.2.content. Preserve every <tag> exactly."	"Quest,Photorobot"	"Мэга-рокер (Тоўсты, квадратнае, дрэды, шчаціньне, без левага вока, вялікі, грубы, - - -, Вася)"
"/quests/Photorobot.qmm/parameters/11/crit_text"	"Сообщение достижения критического значения параметром 1"	"Quest Photorobot.qmm: parameters.11.crit_text. Preserve every <tag> exactly."	"Quest,Photorobot"	"Паведамленьне пра дасягненьне крытычнага значэньня парамэтрам 1"
"/quests/Photorobot.qmm/parameters/12/name"	"Деньги"	"Quest Photorobot.qmm: parameters.12.name. Preserve every <tag> exactly."	"Quest,Photorobot"	"Грошы"
"/quests/Photorobot.qmm/parameters/12/lines/0/content"	"Ваши вещи:<br>Деньги: <> cr"	"Quest Photorobot.qmm: parameters.12.lines.0.content. Preserve every <tag> exactly."	"Quest,Photorobot"	"Вашыя рэчы:<br>Грошы: <> cr"
"/quests/Photorobot.qmm/parameters/12/crit_text"	"Сообщение достижения критического значения параметром 13"	"Quest Photorobot.qmm: parameters.12.crit_text. Preserve every <tag> exactly."	"Quest,Photorobot"	"Паведамленьне пра дасягненьне крытычнага значэньня парамэтрам 13"
"/quests/Photorobot.qmm/parameters/13/name"	"Украденные деньги"	"Quest Photorobot.qmm: parameters.13.name. Preserve every <tag> exactly."	"Quest,Photorobot"	"Скрадзеныя грошы"
"/quests/Photorobot.qmm/parameters/13/lines/0/content"	"У нас украли: <> cr."	"Quest Photorobot.qmm: parameters.13.lines.0.content. Preserve every <tag> exactly."	"Quest,Photorobot"	"У нас скралі: <> cr."
"/quests/Photorobot.qmm/parameters/13/crit_text"	"Сообщение достижения критического значения параметром 14"	"Quest Photorobot.qmm: parameters.13.crit_text. Preserve every <tag> exactly."	"Quest,Photorobot"	"Паведамленьне пра дасягненьне крытычнага значэньня парамэтрам 14"
"/quests/Photorobot.qmm/parameters/14/name"	"Брови"	"Quest Photorobot.qmm: parameters.14.name. Preserve every <tag> exactly."	"Quest,Photorobot"	"Бровы"
"/quests/Photorobot.qmm/parameters/14/lines/0/content"	"Не известно"	"Quest Photorobot.qmm: parameters.14.lines.0.content. Preserve every <tag> exactly."	"Quest,Photorobot"	"Невядома"
"/quests/Photorobot.qmm/parameters/14/lines/1/content"	"Переходят в волосы =)"	"Quest Photorobot.qmm: parameters.14.lines.1.content. Preserve every <tag> exactly."	"Quest,Photorobot"	"Пераходзяць у валасы =)"
"/quests/Photorobot.qmm/parameters/14/lines/2/content"	"Сросшиеся"	"Quest Photorobot.qmm: parameters.14.lines.2.content. Preserve every <tag> exactly."	"Quest,Photorobot"	"Зрослыя"
"/quests/Photorobot.qmm/parameters/14/lines/3/content"	"Параметр номер 7: <>"	"Quest Photorobot.qmm: parameters.14.lines.3.content. Preserve every <tag> exactly."	"Quest,Photorobot"	"Парамэтар нумар 7: <>"
"/quests/Photorobot.qmm/parameters/14/lines/4/content"	"Параметр номер 7: <>"	"Quest Photorobot.qmm: parameters.14.lines.4.content. Preserve every <tag> exactly."	"Quest,Photorobot"	"Парамэтар нумар 7: <>"
"/quests/Photorobot.qmm/parameters/14/lines/5/content"	"Параметр номер 7: <>"	"Quest Photorobot.qmm: parameters.14.lines.5.content. Preserve every <tag> exactly."	"Quest,Photorobot"	"Парамэтар нумар 7: <>"
"/quests/Photorobot.qmm/parameters/14/lines/6/content"	"Параметр номер 7: <>"	"Quest Photorobot.qmm: parameters.14.lines.6.content. Preserve every <tag> exactly."	"Quest,Photorobot"	"Парамэтар нумар 7: <>"
"/quests/Photorobot.qmm/parameters/14/lines/7/content"	"Параметр номер 7: <>"	"Quest Photorobot.qmm: parameters.14.lines.7.content. Preserve every <tag> exactly."	"Quest,Photorobot"	"Парамэтар нумар 7: <>"
"/quests/Photorobot.qmm/parameters/14/lines/8/content"	"Параметр номер 7: <>"	"Quest Photorobot.qmm: parameters.14.lines.8.content. Preserve every <tag> exactly."	"Quest,Photorobot"	"Парамэтар нумар 7: <>"
"/quests/Photorobot.qmm/parameters/14/lines/9/content"	"Параметр номер 7: <>"	"Quest Photorobot.qmm: parameters.14.lines.9.content. Preserve every <tag> exactly."	"Quest,Photorobot"	"Парамэтар нумар 7: <>"
"/quests/Photorobot.qmm/parameters/14/crit_text"	"Сообщение достижения критического значения параметром 9"	"Quest Photorobot.qmm: parameters.14.crit_text. Preserve every <tag> exactly."	"Quest,Photorobot"	"Паведамленьне пра дасягненьне крытычнага значэньня парамэтрам 9"
"/quests/Photorobot.qmm/parameters/15/name"	"bool: Украли деньги?/Кейс"	"Quest Photorobot.qmm: parameters.15.name. Preserve every <tag> exactly."	"Quest,Photorobot"	"bool: Скралі грошы?/Кэйс"
"/quests/Photorobot.qmm/parameters/15/lines/1/content"	"Кейс"	"Quest Photorobot.qmm: parameters.15.lines.1.content. Preserve every <tag> exactly."	"Quest,Photorobot"	"Кэйс"
"/quests/Photorobot.qmm/parameters/15/crit_text"	"Сообщение достижения критического значения параметром 19"	"Quest Photorobot.qmm: parameters.15.crit_text. Preserve every <tag> exactly."	"Quest,Photorobot"	"Паведамленьне пра дасягненьне крытычнага значэньня парамэтрам 19"
"/quests/Photorobot.qmm/parameters/16/name"	"Просто Переменная"	"Quest Photorobot.qmm: parameters.16.name. Preserve every <tag> exactly."	"Quest,Photorobot"	"Проста зьменная"
"/quests/Photorobot.qmm/parameters/16/lines/0/content"	"Параметр номер 18: <>"	"Quest Photorobot.qmm: parameters.16.lines.0.content. Preserve every <tag> exactly."	"Quest,Photorobot"	"Парамэтар нумар 18: <>"
"/quests/Photorobot.qmm/parameters/16/crit_text"	"Сообщение достижения критического значения параметром 18"	"Quest Photorobot.qmm: parameters.16.crit_text. Preserve every <tag> exactly."	"Quest,Photorobot"	"Паведамленьне пра дасягненьне крытычнага значэньня парамэтрам 18"
"/quests/Photorobot.qmm/parameters/17/name"	"Уши"	"Quest Photorobot.qmm: parameters.17.name. Preserve every <tag> exactly."	"Quest,Photorobot"	"Вушы"
"/quests/Photorobot.qmm/parameters/17/lines/0/content"	"Не известно"	"Quest Photorobot.qmm: parameters.17.lines.0.content. Preserve every <tag> exactly."	"Quest,Photorobot"	"Невядома"
"/quests/Photorobot.qmm/parameters/17/lines/1/content"	"Параметр номер 9: <>"	"Quest Photorobot.qmm: parameters.17.lines.1.content. Preserve every <tag> exactly."	"Quest,Photorobot"	"Парамэтар нумар 9: <>"
"/quests/Photorobot.qmm/parameters/17/lines/2/content"	"Параметр номер 9: <>"	"Quest Photorobot.qmm: parameters.17.lines.2.content. Preserve every <tag> exactly."	"Quest,Photorobot"	"Парамэтар нумар 9: <>"
"/quests/Photorobot.qmm/parameters/17/lines/3/content"	"Параметр номер 9: <>"	"Quest Photorobot.qmm: parameters.17.lines.3.content. Preserve every <tag> exactly."	"Quest,Photorobot"	"Парамэтар нумар 9: <>"
"/quests/Photorobot.qmm/parameters/17/lines/4/content"	"Параметр номер 9: <>"	"Quest Photorobot.qmm: parameters.17.lines.4.content. Preserve every <tag> exactly."	"Quest,Photorobot"	"Парамэтар нумар 9: <>"
"/quests/Photorobot.qmm/parameters/17/lines/5/content"	"Параметр номер 9: <>"	"Quest Photorobot.qmm: parameters.17.lines.5.content. Preserve every <tag> exactly."	"Quest,Photorobot"	"Парамэтар нумар 9: <>"
"/quests/Photorobot.qmm/parameters/17/lines/6/content"	"Параметр номер 9: <>"	"Quest Photorobot.qmm: parameters.17.lines.6.content. Preserve every <tag> exactly."	"Quest,Photorobot"	"Парамэтар нумар 9: <>"
"/quests/Photorobot.qmm/parameters/17/lines/7/content"	"Параметр номер 9: <>"	"Quest Photorobot.qmm: parameters.17.lines.7.content. Preserve every <tag> exactly."	"Quest,Photorobot"	"Парамэтар нумар 9: <>"
"/quests/Photorobot.qmm/parameters/17/lines/8/content"	"Параметр номер 9: <>"	"Quest Photorobot.qmm: parameters.17.lines.8.content. Preserve every <tag> exactly."	"Quest,Photorobot"	"Парамэтар нумар 9: <>"
"/quests/Photorobot.qmm/parameters/17/lines/9/content"	"Параметр номер 9: <>"	"Quest Photorobot.qmm: parameters.17.lines.9.content. Preserve every <tag> exactly."	"Quest,Photorobot"	"Парамэтар нумар 9: <>"
"/quests/Photorobot.qmm/parameters/17/crit_text"	"Сообщение достижения критического значения параметром 8"	"Quest Photorobot.qmm: parameters.17.crit_text. Preserve every <tag> exactly."	"Quest,Photorobot"	"Паведамленьне пра дасягненьне крытычнага значэньня парамэтрам 8"
"/quests/Photorobot.qmm/parameters/18/name"	"Предыдущее значение"	"Quest Photorobot.qmm: parameters.18.name. Preserve every <tag> exactly."	"Quest,Photorobot"	"Папярэдняе значэньне"
"/quests/Photorobot.qmm/parameters/18/lines/0/content"	"Параметр номер 21: <>"	"Quest Photorobot.qmm: parameters.18.lines.0.content. Preserve every <tag> exactly."	"Quest,Photorobot"	"Парамэтар нумар 21: <>"
"/quests/Photorobot.qmm/parameters/18/crit_text"	"Сообщение достижения критического значения параметром 21"	"Quest Photorobot.qmm: parameters.18.crit_text. Preserve every <tag> exactly."	"Quest,Photorobot"	"Паведамленьне пра дасягненьне крытычнага значэньня парамэтрам 21"
"/quests/Photorobot.qmm/parameters/19/name"	"Губы"	"Quest Photorobot.qmm: parameters.19.name. Preserve every <tag> exactly."	"Quest,Photorobot"	"Вусны"
"/quests/Photorobot.qmm/parameters/19/lines/0/content"	"Не известно"	"Quest Photorobot.qmm: parameters.19.lines.0.content. Preserve every <tag> exactly."	"Quest,Photorobot"	"Невядома"
"/quests/Photorobot.qmm/parameters/19/lines/1/content"	"Параметр номер 8: <>"	"Quest Photorobot.qmm: parameters.19.lines.1.content. Preserve every <tag> exactly."	"Quest,Photorobot"	"Парамэтар нумар 8: <>"
"/quests/Photorobot.qmm/parameters/19/lines/2/content"	"Параметр номер 8: <>"	"Quest Photorobot.qmm: parameters.19.lines.2.content. Preserve every <tag> exactly."	"Quest,Photorobot"	"Парамэтар нумар 8: <>"
"/quests/Photorobot.qmm/parameters/19/lines/3/content"	"Параметр номер 8: <>"	"Quest Photorobot.qmm: parameters.19.lines.3.content. Preserve every <tag> exactly."	"Quest,Photorobot"	"Парамэтар нумар 8: <>"
"/quests/Photorobot.qmm/parameters/19/lines/4/content"	"Параметр номер 8: <>"	"Quest Photorobot.qmm: parameters.19.lines.4.content. Preserve every <tag> exactly."	"Quest,Photorobot"	"Парамэтар нумар 8: <>"
"/quests/Photorobot.qmm/parameters/19/lines/5/content"	"Параметр номер 8: <>"	"Quest Photorobot.qmm: parameters.19.lines.5.content. Preserve every <tag> exactly."	"Quest,Photorobot"	"Парамэтар нумар 8: <>"
"/quests/Photorobot.qmm/parameters/19/lines/6/content"	"Параметр номер 8: <>"	"Quest Photorobot.qmm: parameters.19.lines.6.content. Preserve every <tag> exactly."	"Quest,Photorobot"	"Парамэтар нумар 8: <>"
"/quests/Photorobot.qmm/parameters/19/lines/7/content"	"Параметр номер 8: <>"	"Quest Photorobot.qmm: parameters.19.lines.7.content. Preserve every <tag> exactly."	"Quest,Photorobot"	"Парамэтар нумар 8: <>"
"/quests/Photorobot.qmm/parameters/19/lines/8/content"	"Параметр номер 8: <>"	"Quest Photorobot.qmm: parameters.19.lines.8.content. Preserve every <tag> exactly."	"Quest,Photorobot"	"Парамэтар нумар 8: <>"
"/quests/Photorobot.qmm/parameters/19/lines/9/content"	"Параметр номер 8: <>"	"Quest Photorobot.qmm: parameters.19.lines.9.content. Preserve every <tag> exactly."	"Quest,Photorobot"	"Парамэтар нумар 8: <>"
"/quests/Photorobot.qmm/parameters/19/crit_text"	"Сообщение достижения критического значения параметром 7"	"Quest Photorobot.qmm: parameters.19.crit_text. Preserve every <tag> exactly."	"Quest,Photorobot"	"Паведамленьне пра дасягненьне крытычнага значэньня парамэтрам 7"
"/quests/Photorobot.qmm/parameters/20/name"	"Внешность вора - 2"	"Quest Photorobot.qmm: parameters.20.name. Preserve every <tag> exactly."	"Quest,Photorobot"	"Выгляд злодзея — 2"
"/quests/Photorobot.qmm/parameters/20/lines/0/content"	"Параметр номер 17: <>"	"Quest Photorobot.qmm: parameters.20.lines.0.content. Preserve every <tag> exactly."	"Quest,Photorobot"	"Парамэтар нумар 17: <>"
"/quests/Photorobot.qmm/parameters/20/crit_text"	"Сообщение достижения критического значения параметром 17"	"Quest Photorobot.qmm: parameters.20.crit_text. Preserve every <tag> exactly."	"Quest,Photorobot"	"Паведамленьне пра дасягненьне крытычнага значэньня парамэтрам 17"
"/quests/Photorobot.qmm/parameters/21/name"	"Текст"	"Quest Photorobot.qmm: parameters.21.name. Preserve every <tag> exactly."	"Quest,Photorobot"	"Тэкст"
"/quests/Photorobot.qmm/parameters/21/lines/0/content"	"Параметр номер 22: <>"	"Quest Photorobot.qmm: parameters.21.lines.0.content. Preserve every <tag> exactly."	"Quest,Photorobot"	"Парамэтар нумар 22: <>"
"/quests/Photorobot.qmm/parameters/21/crit_text"	"Сообщение достижения критического значения параметром 22"	"Quest Photorobot.qmm: parameters.21.crit_text. Preserve every <tag> exactly."	"Quest,Photorobot"	"Паведамленьне пра дасягненьне крытычнага значэньня парамэтрам 22"
"/quests/Photorobot.qmm/parameters/22/name"	"Параметр номер 23"	"Quest Photorobot.qmm: parameters.22.name. Preserve every <tag> exactly."	"Quest,Photorobot"	"Парамэтар нумар 23"
"/quests/Photorobot.qmm/parameters/22/lines/0/content"	"Параметр номер 23: <>"	"Quest Photorobot.qmm: parameters.22.lines.0.content. Preserve every <tag> exactly."	"Quest,Photorobot"	"Парамэтар нумар 23: <>"
"/quests/Photorobot.qmm/parameters/22/crit_text"	"Сообщение достижения критического значения параметром 23"	"Quest Photorobot.qmm: parameters.22.crit_text. Preserve every <tag> exactly."	"Quest,Photorobot"	"Паведамленьне пра дасягненьне крытычнага значэньня парамэтрам 23"
"/quests/Photorobot.qmm/parameters/23/name"	"Уважение фэянина"	"Quest Photorobot.qmm: parameters.23.name. Preserve every <tag> exactly."	"Quest,Photorobot"	"Павага фэяніна"
"/quests/Photorobot.qmm/parameters/23/lines/0/content"	"<br>Эйса-Ган ненавидит вас"	"Quest Photorobot.qmm: parameters.23.lines.0.content. Preserve every <tag> exactly."	"Quest,Photorobot"	"<br>Эйса-Ган ненавідзіць вас"
"/quests/Photorobot.qmm/parameters/23/lines/1/content"	"<br>Эйса-Ган недолюбливает вас"	"Quest Photorobot.qmm: parameters.23.lines.1.content. Preserve every <tag> exactly."	"Quest,Photorobot"	"<br>Эйса-Ган недалюблівае вас"
"/quests/Photorobot.qmm/parameters/23/lines/2/content"	"<br>Эйса-Ган нейтрально относится к вам"	"Quest Photorobot.qmm: parameters.23.lines.2.content. Preserve every <tag> exactly."	"Quest,Photorobot"	"<br>Эйса-Ган ставіцца да вас нэўтральна"
"/quests/Photorobot.qmm/parameters/23/lines/3/content"	"<br>Эйса-Ган симпатизирует вам"	"Quest Photorobot.qmm: parameters.23.lines.3.content. Preserve every <tag> exactly."	"Quest,Photorobot"	"<br>Эйса-Ган прыязны да вас"
"/quests/Photorobot.qmm/parameters/23/lines/4/content"	"<br>Эйса-Ган уважает вас"	"Quest Photorobot.qmm: parameters.23.lines.4.content. Preserve every <tag> exactly."	"Quest,Photorobot"	"<br>Эйса-Ган паважае вас"
"/quests/Photorobot.qmm/parameters/23/crit_text"	"Сообщение достижения критического значения параметром 24"	"Quest Photorobot.qmm: parameters.23.crit_text. Preserve every <tag> exactly."	"Quest,Photorobot"	"Паведамленьне пра дасягненьне крытычнага значэньня парамэтрам 24"
"/quests/Photorobot.qmm/success_text"	"Отличная работа, <Ranger>!

Контракт заключен, и производство ксетвоизлучателей будет организовано со дня на день. А процент с прибыли от их продажи вы получаете прямо сейчас - как я уже сообщал вам, он составляет <Money> cr. Тратьте их с умом - например, в нашем магазине оборудования."	"Quest Photorobot.qmm: success_text. Preserve every <tag> exactly."	"Quest,Photorobot"	""
"/quests/Photorobot.qmm/task_text"	"Секретное задание, говорите? Сейчас посмотрим...

Ага! Да, есть одно задание как раз для людей вроде вас. На планете <ToPlanet> в системе <ToStar> процветает корпорация ""Эсэн и Ко""; она занимается исследованиями в области высоких технологий, и достигла в этом больших успехов. В частности, ученые корпорации сумели создать новый вид оружия - ""Ксетвоизлучатель"". Так вот, <Date> ""Эсэн и Ко"" проводит тендер между планетами на получение патента на производство ксетвоизлучателей. Вашей задачей является выиграть его для нас. В награду вы получите процент от этой сделки - <Money> cr. Несомненно, это немного опасно, но игра стоит свеч, <Ranger>."	"Quest Photorobot.qmm: task_text. Preserve every <tag> exactly."	"Quest,Photorobot"	""
"/quests/Photorobot.qmm/locations/6/texts/0/text"	"Проснулись вы только на следующий день - усталость, раны и снотворное давали о себе знать. Вы лежали на кровати и смотрели в потолок, гадая, смогли бы вы доплюнуть до него, и вы даже попробовали осуществить свой план, когда в палату вошел врач.
- Что, очнулись, <Ranger>? Это хорошо. Хочу сообщить вам радостную новость - осмотр показал, что вас уже можно выписывать. Забирайте свою одежду и идите искать приключения дальше.
Вы поинтересовались, приходил ли к вам кто-нибудь, пока вы спали.
- Да, те двое, что приходили вчера, сегодня утром вновь заявились. Узнав, что вас сегодня выписывают, они оставили контактный адрес и уехали.
Забрав свою одежду, вы вышли из больницы и отправились по указанному адресу.
- <Ranger>! Не ожидали вас увидеть так скоро, - радостно встретил вас детектив Бэнкс. - Присаживайтесь, я расскажу вам все новости."	"Quest Photorobot.qmm: locations.6.texts.0.text. Preserve every <tag> exactly."	"Quest,Photorobot"	""
"/quests/Photorobot.qmm/locations/10/texts/0/text"	"Бэнкс загадочно улыбнулся, и словно по волшебству в его руках появился тот самый кейс, что украли у вас.
- Вуаля! Получите, распишитесь. Ваш фоторобот оказался достаточно точен, так что мы сумели поймать преступника в ту же ночь в космопорте. Этот поганец хотел скрыться с планеты! К счастью, мы успели вовремя.
Вы слушали собеседника краем уха, потому как детали вас не особенно интересовали. Главное, кейс снова у вас! Вы забрали его и попрощались с детективами. Теперь <Money> cr уже почти у вас в кармане - осталось только вернуться на планету <FromPlanet> с этим треклятым кейсом..."	"Quest Photorobot.qmm: locations.10.texts.0.text. Preserve every <tag> exactly."	"Quest,Photorobot"	""
"/quests/Photorobot.qmm/locations/11/texts/0/text"	"Лицо Бэнкса сразу изменилось.
- Плохие новости, <Ranger>. По вашему фотороботу мы не смогли достаточно быстро обнаружить преступника, и он успел скрыться с этой планеты. Мы узнали об этом, проверив записи камер слежения в космопорте - вчера ночью мужчина садился в свой корабль именно с вашим кейсом. Так что, увы, вы провалили свое задание...
В расстроенных чувствах вы попрощались с детективами. Теперь вознаграждение в <Money> cr вам уже не видать, а значит, сотрясение мозга было получено зазря."	"Quest Photorobot.qmm: locations.11.texts.0.text. Preserve every <tag> exactly."	"Quest,Photorobot"	""
"/quests/Photorobot.qmm/locations/12/texts/0/text"	"Бэнкс загадочно улыбнулся, и словно по волшебству в его руках появился тот самый кейс, что украли у вас.
- Вуаля! Получите, распишитесь. Ваш фоторобот оказался достаточно точен, так что мы сумели поймать преступника в ту же ночь в космопорте. Этот поганец хотел скрыться с планеты! Но, к сожалению, у меня есть для вас и плохая новость, - Бэнкс тяжело вздохнул. - При задержании преступник оказал сопротивление, и нам пришлось применить силу. Одна из пуль попала в кейс и повредила документы. Так вот, возмещать ущерб придется вам. Правительство планеты <FromPlanet> уже сняло с вашего счета соответствующую сумму.
Не сильно огорчившись из-за потерянных денег, вы забрали кейс и попрощались с детективами. Главное, что <Money> cr уже почти у вас в кармане - осталось только вернуться на планету  <FromPlanet> с этим треклятым кейсом..."	"Quest Photorobot.qmm: locations.12.texts.0.text. Preserve every <tag> exactly."	"Quest,Photorobot"	""
"/quests/Photorobot.qmm/locations/13/texts/0/text"	"В трубке раздался щелчок, после чего заиграла тихая музыка. Через несколько секунд ее прервал голос, явно принадлежавший фэянину:
- Генеральный директор ""Эсэн и Ко"" Эйса-Ган слушает.
Вы объяснили фэянину, что планета <FromPlanet> послала вас для заключения контракта по поводу нового изобретения компании. Фэянин на том конце провода явно не был настроен к вам добродушно:
- А, опять вы... Хорошо. Через час в ресторане ""Ани Айона"". Только прошу вас - не опаздывайте.
Вы хотели ему ответить, но в трубке вместо фэянина уже звучали короткие гудки. Вы положили трубку и вышли из кабинки коммуникатора, случайно сбив какого-то парня дверью. Он что-то пробурчал себе под нос и пошел в сторону выхода."	"Quest Photorobot.qmm: locations.13.texts.0.text. Preserve every <tag> exactly."	"Quest,Photorobot"	""
"/quests/Photorobot.qmm/locations/15/texts/0/text"	"Следуя указаниям заказчика, после посадки вы немедленно прошли к коммуникаторам и позвонили по данному вам номеру. На том конце трубки вам ответил приятный женский голос:
- Здравствуйте, вас приветствует корпорация ""Эсэн и Ко"". Если вы хотите устроиться к нам на работу, нажмите ""{1}"". Если вы из налоговой инспекции - нажмите ""{2}"". Если вы хотите получить патент на производство ""Ксетвоизлучателей"", наберите ""{140190}""."	"Quest Photorobot.qmm: locations.15.texts.0.text. Preserve every <tag> exactly."	"Quest,Photorobot"	""
"/quests/Photorobot.qmm/locations/15/texts/1/text"	"- Компания ""Эсэн и Ко"" приносит свои извинения, но в данный момент нам не требуются новые сотрудники. Спасибо.
В трубке раздался щелчок, после чего тот же женский голос вновь повторил:
- Если вы хотите устроиться к нам на работу, нажмите ""{1}"". Если вы из налоговой инспекции - нажмите ""{2}"". Если вы хотите получить патент на производство ""Ксетвоизлучателей"", наберите ""{140190}""."	"Quest Photorobot.qmm: locations.15.texts.1.text. Preserve every <tag> exactly."	"Quest,Photorobot"	""
"/quests/Photorobot.qmm/locations/15/texts/2/text"	"- Извините, но компания ""Эсэн и Ко"" временно недоступна. Перезвоните позже.
В трубке раздались короткие гудки. Вы отключили соединение и вновь позвонили по указанному номеру. Тот же женский голос ответил вам:
- Здравствуйте, вас приветствует корпорация ""Эсэн и Ко"". Если вы хотите устроиться к нам на работу, нажмите ""{1}"". Если вы из налоговой инспекции - нажмите ""{2}"". Если вы хотите получить патент на производство ""Ксетвоизлучателей"", наберите ""{140190}""."	"Quest Photorobot.qmm: locations.15.texts.2.text. Preserve every <tag> exactly."	"Quest,Photorobot"	""
"/quests/Photorobot.qmm/locations/16/texts/0/text"	"Вы покинули космопорт и отправились ловить такси. К счастью, долго ждать не пришлось, и уже спустя минуту вы сидели в салоне гравикара. Через зеркало заднего вида вы заметили, что водитель был довольно хмур; не дожидаясь его вопроса, вы сообщили название ресторана, в котором вам назначили встречу. Такси сдвинулось с места и медленно поехало по дороге. Решив немного занять себя, вы стали смотреть в окна. Прошло более сорока минут, когда гравикар внезапно остановился; не оборачиваясь водитель сообщил вам ""приятную"" новость:
-  Не повезло тебе, гравицапа сдохла. В смысле, с двигателем что-то не в порядке. Придется тебе добираться самостоятельно.
Проклиная это такси, вы выбрались наружу."	"Quest Photorobot.qmm: locations.16.texts.0.text. Preserve every <tag> exactly."	"Quest,Photorobot"	""
"/quests/Photorobot.qmm/locations/16/texts/1/text"	"Вы покинули космопорт и отправились ловить такси. К счастью, долго ждать не пришлось, и уже спустя минуту вы сидели в салоне гравикара. Через зеркало заднего вида вы заметили, что водитель был довольно хмур; не дожидаясь его вопроса, вы сообщили название ресторана, в котором вам назначили встречу. Такси сдвинулось с места и медленно поехало по дороге. Решив немного занять себя, вы стали смотреть в окна. Прошло более сорока минут, когда гравикар внезапно остановился; не оборачиваясь водитель писклявым голосом сообщил вам ""приятную"" новость:
-  Не повезло тебе, гравицапа сдохла. В смысле, с двигателем что-то не в порядке. Придется тебе добираться самостоятельно.
Проклиная это такси, вы выбрались наружу."	"Quest Photorobot.qmm: locations.16.texts.1.text. Preserve every <tag> exactly."	"Quest,Photorobot"	""
"/quests/Photorobot.qmm/locations/16/texts/2/text"	"Вы покинули космопорт и отправились ловить такси. К счастью, долго ждать не пришлось, и уже спустя минуту вы сидели в салоне гравикара. Через зеркало заднего вида вы заметили, что водитель был довольно хмур; не дожидаясь его вопроса, вы сообщили название ресторана, в котором вам назначили встречу. Такси сдвинулось с места и медленно поехало по дороге. Решив немного занять себя, вы стали смотреть в окна. Прошло более сорока минут, когда гравикар внезапно остановился; не оборачиваясь водитель прокуренным голосом сообщил вам ""приятную"" новость:
-  Не повезло тебе, гравицапа сдохла. В смысле, с двигателем что-то не в порядке. Придется тебе добираться самостоятельно.
Проклиная это такси, вы выбрались наружу."	"Quest Photorobot.qmm: locations.16.texts.2.text. Preserve every <tag> exactly."	"Quest,Photorobot"	""
"/quests/Photorobot.qmm/locations/17/texts/0/text"	"Вы подошли к одному из прохожих и спросили, как добраться до ресторана ""Ани Айона"".
- Вот вас занесло! Это же в другой части города - прямо рядом с космопортом. Сейчас я покажу вам, как туда добраться...
Вы направились в указанном фэянином направлении и примерно через час наконец добрались до ресторана. Прямо на входе вы столкнулись с фэянином; он почтительно извинился, и вы узнали в его голосе того самого Эйса-Гана, с которым должны были встретиться. Вы представились, и его лицо мгновенно изменилось.
- <Ranger>? Вы опоздали на тридцать две минуты, а ведь я вас просил! Извините, но я не хочу вести дела таким образом...
- Я бы никогда не посмел опоздать на столь важную встречу, но... - начали оправдываться вы."	"Quest Photorobot.qmm: locations.17.texts.0.text. Preserve every <tag> exactly."	"Quest,Photorobot"	""
"/quests/Photorobot.qmm/locations/18/texts/0/text"	"Решив не тратить времени на расспросы, вы побежали в первую попавшуюся сторону, надеясь по указателям найти нужное место. К сожалению, эта задумка оказалась плохой - даже спустя два часа вы все еще бродили по городу. Эйса-Ган уже явно успел покинуть ресторан, так что вам не оставалось ничего другого, кроме как покинуть эту планету. <clr>Миссия провалена.<clrEnd>"	"Quest Photorobot.qmm: locations.18.texts.0.text. Preserve every <tag> exactly."	"Quest,Photorobot"	""
"/quests/Photorobot.qmm/locations/24/texts/0/text"	"Произнеся это, вы впервые увидели багрового фэянина.
- Что? ЧТО?! Продать пеленгам?! Да как вы... Охрана, выкиньте этого негодяя отсюда!
Вы попытались объяснить, что это была всего лишь неудачная шутка, но крупные охранники-малоки не слушали вас и выполнили приказание Эйса-Гана. Теперь вы точно не получите ни права на производство ксетвоизлучателей, ни <Money> cr..."	"Quest Photorobot.qmm: locations.24.texts.0.text. Preserve every <tag> exactly."	"Quest,Photorobot"	""
"/quests/Photorobot.qmm/locations/25/texts/0/text"	"Фэянин несколько опешил, но успокоился и сказал:
- Ну что я могу сказать... Это ваше право, <Ranger>. Раз так, прощайте, я не буду вас больше задерживать.
Вы вскочили со своего места и не попрощавшись выбежали из ресторана. Вы бежали изо всех сил, пока не достигли космопорта. Только там вы остановились и успокоились. За вами никто не следил, и, похоже, ничто не угрожало вашей жизни. Вы вздохнули. Ну и что с того, что миссия провалена, что <Money> cr никогда не станут вашими - зато ваша бесценная жизнь в безопасности."	"Quest Photorobot.qmm: locations.25.texts.0.text. Preserve every <tag> exactly."	"Quest,Photorobot"	""
"/quests/Photorobot.qmm/locations/26/texts/0/text"	"Прошла пара минут, и вы было уже заскучали, как вдруг к вам подсел мужчина с надвинутой на глаза шляпой.
- <Ranger>, послушай меня... Тебе не следует заключать этот контракт, ясно? Твоя жизнь будет подороже каких-то там <Money> cr...
Вы не успели еще ничего сказать, как незнакомец встал из-за стола и быстро вышел из ресторана. Немного ошалев от произошедшего, вы без движения сидели за своим столом, пока Эйса-Ган не вернулся.
- <Ranger>, что с вами? У вас вид какой-то... Смотрите, может, вы передумали насчет контракта?"	"Quest Photorobot.qmm: locations.26.texts.0.text. Preserve every <tag> exactly."	"Quest,Photorobot"	""
"/quests/Photorobot.qmm/locations/27/texts/0/text"	"- Хорошо. Тогда перейдем к делу, - фэянин закашлялся. - Я не буду тянуть, <Ranger>, и скажу вам прямо: контракта вы не получите. Понимаете, обстоятельства...
Дальнейших слов Эйса-Гана вы уже не слышали. Миссия провалена, и разговор с этим фэянином теряет всякий смысл."	"Quest Photorobot.qmm: locations.27.texts.0.text. Preserve every <tag> exactly."	"Quest,Photorobot"	""
"/quests/Photorobot.qmm/locations/28/texts/0/text"	"- Хорошо. Тогда перейдем к делу, - фэянин закашлялся. - Я не буду тянуть, <Ranger>, и скажу вам прямо: после недолгих раздумий я все же решил подписать с вами контракт...
Если бы не случай с незнакомцем, вы бы сейчас прыгали от радости, но события явно развивались не в вашу пользу. Вы взяли из рук фэянина какие-то бумаги и оставили на них свою подпись.
- Отлично. В этом кейсе все необходимые документы, чертежи, схемы... Можете пользоваться. Я уже сообщил вашим заказчикам об успешной сделке. А теперь прощайте. Удачи вам, <Ranger>.
Эйса-Ган поклонился вам и удалился из зала."	"Quest Photorobot.qmm: locations.28.texts.0.text. Preserve every <tag> exactly."	"Quest,Photorobot"	""
"/quests/Photorobot.qmm/locations/29/texts/0/text"	"Бережно прижимая кейс к себе, вы покинули ресторан. На улице уже было темно, и вы пошли к дороге в надежде поймать такси. Вдруг вы подумали, что незнакомец из ресторана может притвориться таксистом и безнаказанно поймать вас в машине. Испугавшись собственных мыслей, вы пошли вдоль дороги в сторону космопорта, благо до него было недалеко.
Вы прошли с десяток метров, когда услышали за спиной чьи-то шаги. ""Это он, тот незнакомый тип"", - безошибочно определили вы. Проблема заключалась в том, что вам не было известно, чем он вооружен, и нет ли у него сообщников. Может быть, вас уже окружают? 
Делать, нужно что-то делать... Сделав вид, будто вы не слышали шагов, вы подпустили преследователя совсем близко к себе, и в последнюю секунду внезапно развернулись. Напротив вас стоял мужчина в черной маске.
- Зря ты меня не послушал, <Ranger>...
Не успели вы среагировать, как мощный удар слева отправил вас в полет на асфальт, а пинок правой ногой разлучил вас с сознанием..."	"Quest Photorobot.qmm: locations.29.texts.0.text. Preserve every <tag> exactly."	"Quest,Photorobot"	""
"/quests/Photorobot.qmm/locations/30/texts/0/text"	"- <Ranger>...
Голос, появившийся из ниоткуда, слышался все отчетливей.
- <Ranger>... Очнитесь...
Вы медленно открыли глаза и увидели нависшее над вами лицо фэянина.
- Слава Далани, вы очнулись!
Осмотревшись вы поняли, что находитесь в какой-то палате - по крайней мере, белый халат фэянина и множество сложных медицинских устройств указывали на это. Вы попытались встать, но скорчились от ужасной боли в голове.
- <Ranger>, нет, даже не пытайтесь вставать! Вы пережили сотрясение мозга, и теперь вам нужен покой.
- Где я? - еле ворочая языком спросили вы.
- Вы в клинике ""Святой Арени"". Вас доставили сюда вчера, всего в крови... Мы едва смогли спасти вас. Но - хватит разговоров. Вам нельзя тратить свои силы. Сейчас вы выпьете это, - врач протянул вам какую-то микстуру, - и вам сразу же станет лучше.
Вы открыли рот, и фэянин осторожно влил в него лекарство. Глаза начали медленно закрываться, и вскоре вы уснули.
Проснулись вы от деликатных толчков в бок.
- <Ranger>, к вам посетители. Я хотел их остановить, но...
Вы оглядели комнату, и увидели двух мужчин, стоявших позади доктора."	"Quest Photorobot.qmm: locations.30.texts.0.text. Preserve every <tag> exactly."	"Quest,Photorobot"	""
"/quests/Photorobot.qmm/locations/31/texts/0/text"	"- Мы - частные детективы, <Ranger>, - ответил более пожилой мужчина, второй же тем временем вежливо просил доктора выйти из палаты. Наконец, когда вы остались наедине, мужчина продолжил:
- Меня зовут Джером Бэнкс, а это, - он указал на своего молодого спутника, - мой помощник, Эндрю Нотиксов. Как вы, наверное, уже догадались, мы из местного посольства планеты <FromPlanet>. Узнав, что успешно проведя сделку, вы до сих пор не покинули планету, мы несколько обеспокоились и отправились вас искать. Может быть, вы объясните нам, как вы оказались в больнице?
Вы рассказали детективам все подробности того дня, и особенно про незнакомца в ресторане и нападение на улице.
- Что? Напали? И украли кейс? Черт, это наверняка были те гады из ""Авалон Инк.""! - Бэнкс вздохнул. - Понимаете, <Ranger>, эта корпорация тоже очень хотела получить права на производство ксетвоизлучателей. Выслушав вас, я вижу всю эту историю так: кто-то из компании ""Авалон Инк."" <clr>подслушал ваш разговор по коммуникатору<clrEnd>. После этого он <clr>под видом таксиста вывез вас подальше<clrEnd> от места встречи в надежде так сорвать переговоры. Узнав же, что вы все же пообщались с Эйса-Ганом, <clr>преступник решил вас запугать<clrEnd>. Так как результата это не дало, он попросту <clr>украл у вас документы<clrEnd>.
- И что теперь делать? - с трудом прохрипели вы. Бэнкс в ответ только вздохнул.
- Делать? Хм... Я думаю, нужно составить фоторобот преступника. Постарайтесь вспомнить все о его внешности, и скажите нам, хорошо? - получив утвердительный ответ, детектив продолжил. - Ну что же, тогда не будем терять времени. Первое и самое важное - <clr>телосложение<clrEnd> преступника. Какое оно было?"	"Quest Photorobot.qmm: locations.31.texts.0.text. Preserve every <tag> exactly."	"Quest,Photorobot"	""
"/quests/Photorobot.qmm/locations/32/texts/0/text"	"Услышав ваш ответ, детектив нахмурился.
- Это плохо, <Ranger>, очень плохо. Если бы мы знали его фигуру, это бы очень сильно помогло нам в его поимке. Ну что же, тогда перейдем к следующему пункту. Какое у него было <clr>лицо<clrEnd>? Я имею в виду, по форме, естественно."	"Quest Photorobot.qmm: locations.32.texts.0.text. Preserve every <tag> exactly."	"Quest,Photorobot"	"Пачуўшы ваш адказ, дэтэктыў нахмурыўся.
— Гэта дрэнна, <Ranger>, вельмі дрэнна. Калі б мы ведалі ягоны целасклад, гэта вельмі моцна дапамагло б нам яго злавіць. Ну што ж, тады пяройдзем да наступнага пункту. Які ў яго быў <clr>твар<clrEnd>? Я маю на ўвазе форму, натуральна."
"/quests/Photorobot.qmm/locations/32/texts/1/text"	"Услышав ваш ответ, детектив нахмурился.
- Это плохо, что ничего особенного. Вот был бы он толстым или худощавым - мы бы его в два счета вычислили. А так... Ладно, не будем забегать вперед, а лучше перейдем к следующему пункту. Какое у него было <clr>лицо<clrEnd>? Я имею в виду, по форме, естественно."	"Quest Photorobot.qmm: locations.32.texts.1.text. Preserve every <tag> exactly."	"Quest,Photorobot"	"Пачуўшы ваш адказ, дэтэктыў нахмурыўся.
— Гэта дрэнна, што нічога асаблівага. Вось быў бы ён тоўстым або худым — мы б яго ў два рахункі вылічылі. А так... Добра, ня будзем забягаць наперад, а лепей пяройдзем да наступнага пункту. Які ў яго быў <clr>твар<clrEnd>? Я маю на ўвазе форму, натуральна."
"/quests/Photorobot.qmm/locations/32/texts/2/text"	"Услышав ваш ответ, детектив нахмурился.
- Худой, говорите? Ох неспроста это, неспроста... Ну ладно, не будем забегать вперед, а лучше перейдем к следующему пункту. Какое у него было <clr>лицо<clrEnd>? Я имею в виду, по форме, естественно."	"Quest Photorobot.qmm: locations.32.texts.2.text. Preserve every <tag> exactly."	"Quest,Photorobot"	"Пачуўшы ваш адказ, дэтэктыў нахмурыўся.
— Худы, кажаце? Ох, нездарма гэта, нездарма... Ну добра, ня будзем забягаць наперад, а лепей пяройдзем да наступнага пункту. Які ў яго быў <clr>твар<clrEnd>? Я маю на ўвазе форму, натуральна."
"/quests/Photorobot.qmm/locations/32/texts/3/text"	"Детективы радостно отреагировали на ваш ответ.
- Отлично, <Ranger>, это нам очень поможет! Людей, а тем более толстых, не часто встретишь на фэянской планете. Теперь перейдем к следующему пункту. Какое у него было <clr>лицо<clrEnd>? Я имею в виду, по форме, естественно."	"Quest Photorobot.qmm: locations.32.texts.3.text. Preserve every <tag> exactly."	"Quest,Photorobot"	"Дэтэктывы радасна адрэагавалі на ваш адказ.
— Выдатна, <Ranger>, гэта нам вельмі дапаможа! Людзей, а тым больш тоўстых, не часта сустрэнеш на фэянскай плянэце. Цяпер пяройдзем да наступнага пункту. Які ў яго быў <clr>твар<clrEnd>? Я маю на ўвазе форму, натуральна."
"/quests/Photorobot.qmm/locations/33/texts/0/text"	"Ваши слова очень расстроили детектива Бэнкса.
- Что, совсем-совсем не помните? Ну может, хоть что-нибудь? Жаль, <Ranger>, очень жаль. Эта информация очень помогла бы нам. Что же, может быть, вы хотя бы его <clr>прическу<clrEnd> вспомните?"	"Quest Photorobot.qmm: locations.33.texts.0.text. Preserve every <tag> exactly."	"Quest,Photorobot"	"Вашыя словы вельмі засмуцілі дэтэктыва Бэнкса.
— Што, зусім-зусім ня помніце? Ну можа, хоць што-небудзь? Шкада, <Ranger>, вельмі шкада. Гэтая інфармацыя вельмі дапамагла б нам. Што ж, можа, вы прынамсі ягоную <clr>прычоску<clrEnd> ўспомніце?"
"/quests/Photorobot.qmm/locations/33/texts/1/text"	"При ваших словах Бэнкс одобрительно кивнул.
- Отлично, кое-что уже начинает вырисовываться. Если вы еще вспомните и его <clr>прическу<clrEnd>, будет совсем хорошо."	"Quest Photorobot.qmm: locations.33.texts.1.text. Preserve every <tag> exactly."	"Quest,Photorobot"	"Пры вашых словах Бэнкс ухвальна кіўнуў.
— Выдатна, нешта ўжо пачынае вымалёўвацца. Калі вы яшчэ ўспомніце і ягоную <clr>прычоску<clrEnd>, будзе зусім добра."
"/quests/Photorobot.qmm/locations/33/texts/2/text"	"При ваших словах Бэнкс одобрительно кивнул.
- Отлично, кое-что уже начинает вырисовываться. Если вы еще вспомните и его <clr>прическу<clrEnd>, будет совсем хорошо."	"Quest Photorobot.qmm: locations.33.texts.2.text. Preserve every <tag> exactly."	"Quest,Photorobot"	"Пры вашых словах Бэнкс ухвальна кіўнуў.
— Выдатна, нешта ўжо пачынае вымалёўвацца. Калі вы яшчэ ўспомніце і ягоную <clr>прычоску<clrEnd>, будзе зусім добра."
"/quests/Photorobot.qmm/locations/33/texts/3/text"	"При ваших словах Бэнкс одобрительно кивнул.
- Отлично, кое-что уже начинает вырисовываться. Если вы еще вспомните и его <clr>прическу<clrEnd>, будет совсем хорошо."	"Quest Photorobot.qmm: locations.33.texts.3.text. Preserve every <tag> exactly."	"Quest,Photorobot"	"Пры вашых словах Бэнкс ухвальна кіўнуў.
— Выдатна, нешта ўжо пачынае вымалёўвацца. Калі вы яшчэ ўспомніце і ягоную <clr>прычоску<clrEnd>, будзе зусім добра."
"/quests/Photorobot.qmm/locations/33/texts/4/text"	"Бэнкс удивленно посмотрел на вас.
- Я не ослышался - ""Колобок на палочке""? С чего это вдруг?
- Видимо, <Ranger> имеет в виду, что у преступника была круглая голова на тоненькой шее, напоминающей палочку. Это такая аллегория, - пояснил Эндрю Нотиксов своему начальнику.
- Ну так бы и сказали, <Ranger>. Ну ладно, круглое, так круглое. Что же, кое-что уже начинает вырисовываться. Если вы еще вспомните и его <clr>прическу<clrEnd>, будет совсем хорошо."	"Quest Photorobot.qmm: locations.33.texts.4.text. Preserve every <tag> exactly."	"Quest,Photorobot"	"Бэнкс зьдзіўлена паглядзеў на вас.
— Ці мне не пачулася — ""Калабок на палачцы""? З чаго гэта раптам?
— Відаць, <Ranger> мае на ўвазе, што ў злачынца была круглая галава на танюсенькай шыі, якая нагадвае палачку. Гэта такая алегорыя, — патлумачыў Эндру Ноціксаў свайму начальніку.
— Ну дык бы і сказалі, <Ranger>. Ну добра, круглае, дык круглае. Што ж, нешта ўжо пачынае вымалёўвацца. Калі вы яшчэ ўспомніце і ягоную <clr>прычоску<clrEnd>, будзе зусім добра."
"/quests/Photorobot.qmm/locations/34/texts/0/text"	"- Не обратили внимания? Очень, очень плохо, <Ranger>! Ну да ладно, - детектив махнул рукой. - Все равно он мог быть в парике. Ну что же, может быть, вы смогли рассмотреть какие-нибудь другие волосы? Да нет, не под мышками. Я имею в виду волосы на лице - что-нибудь похожее на <clr>усы<clrEnd> или <clr>бороду<clrEnd> было у преступника?"	"Quest Photorobot.qmm: locations.34.texts.0.text. Preserve every <tag> exactly."	"Quest,Photorobot"	"— Не зьвярнулі ўвагі? Вельмі, вельмі дрэнна, <Ranger>! Ну ды добра, — дэтэктыў махнуў рукой. — Усё адно ён мог быць у парыку. Ну што ж, можа, вы змаглі разгледзець нейкія іншыя валасы? Ды не, не пад пахамі. Я маю на ўвазе валасы на твары — што-небудзь падобнае на <clr>вусы<clrEnd> або <clr>бараду<clrEnd> было ў злачынца?"
"/quests/Photorobot.qmm/locations/34/texts/1/text"	"- А может быть, он просто оказался позади сопел вашего корабля, когда вы взлетали, после чего захотел отомстить за утерянные волосы... - предположил младший детектив.
- Эндрю, твою Махпеллу, твое дело писать, а не говорить! - после этой воспитательной лекции Бэнкс вновь повернулся к вам. - Не обращайте на него внимания, с ним это иногда бывает... Итак, на чем мы остановились? Ну да, на волосах. Да нет, не под мышками. Я имею в виду волосы на лице - что-нибудь похожее на <clr>усы<clrEnd> или <clr>бороду<clrEnd> было у преступника?"	"Quest Photorobot.qmm: locations.34.texts.1.text. Preserve every <tag> exactly."	"Quest,Photorobot"	"— А можа, ён проста апынуўся ззаду соплаў вашага карабля, калі вы ўзьляталі, пасьля чаго захацеў адпомсьціць за страчаныя валасы... — выказаў здагадку малодшы дэтэктыў.
— Эндру, тваю Махпэлу, твая справа пісаць, а не гаварыць! — пасьля гэтай выхаваўчай лекцыі Бэнкс зноў павярнуўся да вас. — Не зьвяртайце на яго ўвагі, з ім гэта часам бывае... Такім чынам, на чым мы спыніліся? Ну так, на валасах. Ды не, не пад пахамі. Я маю на ўвазе валасы на твары — што-небудзь падобнае на <clr>вусы<clrEnd> або <clr>бараду<clrEnd> было ў злачынца?"
"/quests/Photorobot.qmm/locations/34/texts/2/text"	"- А может, это все-таки была женщина, а, <Ranger>? А вам просто стыдно признаться, что вас словно маленького мальчика избила большая тетя, - Бэнкс захохотал. - Ну ладно, ладно, <Ranger>, не обижайтесь - я же шучу. Ну что же, про прическу мы узнали. А может быть, у него были еще какие-нибудь волосы на лице? Ну, <clr>усы<clrEnd> там, или <clr>борода<clrEnd>, к примеру?"	"Quest Photorobot.qmm: locations.34.texts.2.text. Preserve every <tag> exactly."	"Quest,Photorobot"	"— А можа, гэта ўсё ж была жанчына, а, <Ranger>? А вам проста сорамна прызнацца, што вас, быццам маленькага хлопчыка, пабіла вялікая цётка, — Бэнкс зарагатаў. — Ну добра, добра, <Ranger>, не крыўдуйце — я ж жартую. Ну што ж, пра прычоску мы даведаліся. А можа, у яго былі яшчэ нейкія валасы на твары? Ну, <clr>вусы<clrEnd> там, або <clr>барада<clrEnd>, напрыклад?"
"/quests/Photorobot.qmm/locations/34/texts/3/text"	"При ваших словах Нотиксов оживился.
- Боб Пацифист, знаменитый игрок в ""Цитадели"" носит такую прическу. Может, это был он?
- Нет, это точно был не он - его же не просто так ""Пацифистом"" прозвали. Так что это был кто-то другой... - Бэнкс, замолчал, после чего вновь обратился к вам. - Ну что же, про прическу мы узнали. А может быть, у него были еще какие-нибудь волосы на лице? Ну, <clr>усы<clrEnd> там, или <clr>борода<clrEnd>, к примеру?"	"Quest Photorobot.qmm: locations.34.texts.3.text. Preserve every <tag> exactly."	"Quest,Photorobot"	"Пры вашых словах Ноціксаў ажывіўся.
— Боб Пацыфіст, знакаміты гулец у ""Цытадэль"", носіць такую прычоску. Можа, гэта быў ён?
— Не, гэта дакладна быў не ён — яго ж не проста так ""Пацыфістам"" празвалі. Так што гэта быў хтосьці іншы... — Бэнкс замоўк, пасьля чаго зноў зьвярнуўся да вас. — Ну што ж, пра прычоску мы даведаліся. А можа, у яго былі яшчэ нейкія валасы на твары? Ну, <clr>вусы<clrEnd> там, або <clr>барада<clrEnd>, напрыклад?"
"/quests/Photorobot.qmm/locations/34/texts/4/text"	"- Ирокез, говорите? Очень, очень интересно! Поверьте, на Земле-то редко встретишь коренных индейцев, а уж на фэянской планете... - детектив Бэнкс был в восторге. - Ну что же, про прическу мы узнали. А может быть, у него были еще какие-нибудь волосы на лице? Ну, <clr>усы<clrEnd> там, или <clr>борода<clrEnd>, к примеру?"	"Quest Photorobot.qmm: locations.34.texts.4.text. Preserve every <tag> exactly."	"Quest,Photorobot"	"— Іракез, кажаце? Вельмі, вельмі цікава! Паверце, на Зямлі рэдка сустрэнеш карэнных індзейцаў, а ўжо на фэянскай плянэце... — дэтэктыў Бэнкс быў у захапленьні. — Ну што ж, пра прычоску мы даведаліся. А можа, у яго былі яшчэ нейкія валасы на твары? Ну, <clr>вусы<clrEnd> там, або <clr>барада<clrEnd>, напрыклад?"
"/quests/Photorobot.qmm/locations/35/texts/0/text"	"- Что не экстрасенс - это плохо, конечно, но вы могли это заметить и до нападения... Ну да ладно, что у нас дальше? А, ну да. Одна из самых главных черт лица, по которой находится около 20% преступников - это <clr>глаза<clrEnd>. Скажите, <Ranger>, какие они были у вашего грабителя?"	"Quest Photorobot.qmm: locations.35.texts.0.text. Preserve every <tag> exactly."	"Quest,Photorobot"	"— Што не экстрасэнс — гэта дрэнна, вядома, але вы маглі гэта заўважыць і да нападу... Ну ды добра, Што ў нас далей? А, ну так. Адна з самых галоўных рысаў твару, па якой знаходзяць каля 20% злачынцаў, — гэта <clr>вочы<clrEnd>. Скажыце, <Ranger>, якія яны былі ў вашага рабаўніка?"
"/quests/Photorobot.qmm/locations/35/texts/1/text"	"- <Ranger>, а вы-то себя в этом году вели хорошо? Может, вместо доминаторов мирные транспорты сбивали, а? Если да, тогда понятно, почему к вам вместо Деда Мороза пришел этот грабитель. Нет? - Бэнкс улыбнулся. - Ну тогда ладно. Значит, он был гладко выбрит, насколько я вас понимаю? Эндрю, запиши. Теперь далее... Что у нас дальше? А, ну да. Одна из самых главных черт лица, по которой находится около 20% преступников - это <clr>глаза<clrEnd>. Скажите, <Ranger>, какие они были у вашего грабителя?"	"Quest Photorobot.qmm: locations.35.texts.1.text. Preserve every <tag> exactly."	"Quest,Photorobot"	"— <Ranger>, а вы сябе сёлета добра паводзілі? Можа, замест дамінатараў мірныя транспарты зьбівалі, а? Калі так, тады зразумела, чаму да вас замест Дзеда Мароза прыйшоў гэты рабаўнік. Не? — Бэнкс усьміхнуўся. — Ну тады добра. Значыць, ён быў гладка паголены, наколькі я вас разумею? Эндру, запішы. Цяпер далей... Што ў нас далей? А, ну так. Адна з самых галоўных рысаў твару, па якой знаходзяць каля 20% злачынцаў, — гэта <clr>вочы<clrEnd>. Скажыце, <Ranger>, якія яны былі ў вашага рабаўніка?"
"/quests/Photorobot.qmm/locations/35/texts/2/text"	"- Слушайте, а может, вы обознались, и это был все-таки пеленг, а не человек? Нет? Жаль, очень жаль, - посокрушался следователь. - Это бы очень упростило задачу. Ну да ладно. Что у нас дальше? А, ну да. Одна из самых главных черт лица, по которой находится около 20% преступников - это <clr>глаза<clrEnd>. Скажите, <Ranger>, какие они были у вашего грабителя?"	"Quest Photorobot.qmm: locations.35.texts.2.text. Preserve every <tag> exactly."	"Quest,Photorobot"	"— Слухайце, а можа, вы памыліліся, і гэта быў усё ж пеленг, а не чалавек? Не? Шкада, вельмі шкада, — пашкадаваў сьледчы. — Гэта б вельмі спрасьціла задачу. Ну ды добра. Што ў нас далей? А, ну так. Адна з самых галоўных рысаў твару, па якой знаходзяць каля 20% злачынцаў, — гэта <clr>вочы<clrEnd>. Скажыце, <Ranger>, якія яны былі ў вашага рабаўніка?"
"/quests/Photorobot.qmm/locations/35/texts/3/text"	"- Ну почему же неделю? Лично мне и одного дня, проведенного с баночкой ""Махпеллы Дарк"", хватает... Вернее, с ящиком баночек ""Махпеллы Дарк""... - Бэнкс мечтательно вздохнул. - Так, что у нас дальше? Тьфу ты, сбился. А, ну да. Одна из самых главных черт лица, по которой находится около 20% преступников - это <clr>глаза<clrEnd>. Скажите, <Ranger>, какие они были у вашего грабителя?"	"Quest Photorobot.qmm: locations.35.texts.3.text. Preserve every <tag> exactly."	"Quest,Photorobot"	"— Ну чаму ж тыдзень? Асабіста мне і аднаго дня, праведзенага з бляшанкай ""Махпэлы Дарк"", хопіць... Дакладней, з скрыняй бляшанак ""Махпэлы Дарк""... — Бэнкс летуценна ўздыхнуў. — Так, што ў нас далей? Тфу ты, зьбіўся. А, ну так. Адна з самых галоўных рысаў твару, па якой знаходзяць каля 20% злачынцаў, — гэта <clr>вочы<clrEnd>. Скажыце, <Ranger>, якія яны былі ў вашага рабаўніка?"
"/quests/Photorobot.qmm/locations/35/texts/4/text"	"- Козел, говорите? Эндрю, слушай, может, это кто-то из нашего начальства в грабители пошел, а? - детектив подмигнул своему помощнику. - Они у нас там все еще те козлы. Ладно, что у нас дальше? А, ну да. Одна из самых главных черт лица, по которой находится около 20% преступников - это <clr>глаза<clrEnd>. Скажите, <Ranger>, какие они были у вашего грабителя?"	"Quest Photorobot.qmm: locations.35.texts.4.text. Preserve every <tag> exactly."	"Quest,Photorobot"	"— Казёл, кажаце? Эндру, слухай, можа, гэта хтосьці з нашага начальства ў рабаўнікі пайшоў, а? — дэтэктыў падміргнуў свайму памочніку. — Яны ў нас там усё яшчэ тыя казлы. Добра, Што ў нас далей? А, ну так. Адна з самых галоўных рысаў твару, па якой знаходзяць каля 20% злачынцаў, — гэта <clr>вочы<clrEnd>. Скажыце, <Ranger>, якія яны былі ў вашага рабаўніка?"
"/quests/Photorobot.qmm/locations/35/texts/5/text"	"- А вы что, <Ranger>, плохо себя вели в этом году? Наверное, мирные транспорты грабили, да? А ведь Дед Мороз, он такой, все знает, и всем по заслугам подарки раздает... - Бэнкс усмехнулся. -  Ладно, пошутили и хватит. Что у нас дальше? А, ну да. Одна из самых главных черт лица, по которой находится около 20% преступников - это <clr>глаза<clrEnd>. Скажите, <Ranger>, какие они были у вашего грабителя?"	"Quest Photorobot.qmm: locations.35.texts.5.text. Preserve every <tag> exactly."	"Quest,Photorobot"	"— А вы што, <Ranger>, дрэнна сябе паводзілі сёлета? Мусіць, мірныя транспарты рабавалі, так? А Дзед Мароз, ён такі, усё ведае і ўсім па заслугах падарункі раздае... — Бэнкс усьміхнуўся. — Добра, пажартавалі і хопіць. Што ў нас далей? А, ну так. Адна з самых галоўных рысаў твару, па якой знаходзяць каля 20% злачынцаў, — гэта <clr>вочы<clrEnd>. Скажыце, <Ranger>, якія яны былі ў вашага рабаўніка?"
"/quests/Photorobot.qmm/locations/36/texts/0/text"	"- Хм, простите, <Ranger>. Конечно, я понимаю вас, но и вы нас поймите. Вы должны сообщить нам как можно больше деталей внешности преступника, ведь иначе он может ускользнуть из наших рук вместе с вашими вещами, а это уже не в ваших интересах. Конечно, жаль, что вы ничего не помните о его глазах, но, возможно, вы сможете описать его <clr>нос<clrEnd>?"	"Quest Photorobot.qmm: locations.36.texts.0.text. Preserve every <tag> exactly."	"Quest,Photorobot"	"— Гм, прабачце, <Ranger>. Вядома, я разумею вас, але і вы нас зразумейце. Вы мусіце паведаміць нам як мага болей дэталяў вонкавасьці злачынцы, бо інакш ён можа высьлізнуць з нашых рук разам з вашымі рэчамі, а гэта ўжо не ў вашых інтарэсах. Вядома, шкада, што вы нічога не памятаеце пра ягоныя вочы, але, магчыма, вы зможаце апісаць ягоны <clr>нос<clrEnd>?"
"/quests/Photorobot.qmm/locations/36/texts/1/text"	"- Стиляга, значит, да? Что же, мы этого модника быстро найдем! В это время года, когда звезда <ToStar> почти всегда закрыта тучами, почти никто не ходит в очках, - следователь хитро заулыбался. - Ладно, что дальше? А, ну конечно! Как выглядело то, на чем собственно держались очки? Естественно, я имею в виду <clr>нос<clrEnd>."	"Quest Photorobot.qmm: locations.36.texts.1.text. Preserve every <tag> exactly."	"Quest,Photorobot"	"— Стыляга, значыць, так? Што ж, мы гэтага франта хутка знойдзем! У гэтую пару году, калі зорка <ToStar> амаль заўсёды закрытая хмарамі, амаль ніхто не ходзіць у акулярах, — сьледчы хітра ўсьміхнуўся. — Добра, што далей? А, ну вядома! Як выглядала тое, на чым, уласна, трымаліся акуляры? Натуральна, я маю на ўвазе <clr>нос<clrEnd>."
"/quests/Photorobot.qmm/locations/36/texts/2/text"	"- Ох уж эти китайцы с корейцами! Вот такая нация - везде пролезут! Один мой знакомый купил себе недавно на гаальской планете радар для корабля, вроде бы хороший, качественный. Ан нет - сломался через месяц! Относит в гарантийный ремонт, а ему знаете, что отвечают? Что это китайская подделка! Присмотрелся - и правда, на дне радара-то написано: ""Made in China by Peleng Yzuken"". Представляете, <Ranger>?
Вы понимающе согласились со следователем и осторожно напомнили, что вы вообще-то даете показания.
- Ах, ну да, конечно! Я думаю, мы можем перейти к следующему пункту. <Ranger>, опишите, пожалуйста, <clr>нос<clrEnd> преступника."	"Quest Photorobot.qmm: locations.36.texts.2.text. Preserve every <tag> exactly."	"Quest,Photorobot"	"— Ох ужо гэтыя кітайцы з карэйцамі! Вось такая нацыя — усюды пралезуць! Адзін мой знаёмы купіў сабе нядаўна на гаальскай плянэце радар для карабля, быццам добры, якасны. Ан не — зламаўся праз месяц! Адносіць у гарантыйны рамонт, а яму ведаеце, што адказваюць? Што гэта кітайская падробка! Прыгледзеўся — і праўда, на дне радара напісана: ""Made in China by Peleng Yzuken"". Уяўляеце, <Ranger>?
Вы з разуменьнем пагадзіліся са сьледчым і асьцярожна нагадалі, што вы ўвогуле даяцё паказаньні.
— Ах, ну так, вядома! Я думаю, мы можам перайсьці да наступнага пункту. <Ranger>, апішыце, калі ласка, <clr>нос<clrEnd> злачынцы."
"/quests/Photorobot.qmm/locations/36/texts/3/text"	"Радости детектива не было предела.
- Действительно? Это просто отлично! Ведь данный факт сужает круг подозреваемых в десятки раз!
- Сэр, - заговорил стоявший в углу Эндрю Нотиксов, - вообще-то, по последним данным статистики, на этой планете одноглазых больше, чем двуглазых. 
- Экология! Эти фэяшки вечно проводят над собой разные эксперименты, а нам потом расхлебывать, - развел руками Бэнкс. - Ну да ладно, мы отвлеклись от дела. Я думаю, мы можем перейти к следующему пункту. <Ranger>, опишите, пожалуйста, <clr>нос<clrEnd> преступника."	"Quest Photorobot.qmm: locations.36.texts.3.text. Preserve every <tag> exactly."	"Quest,Photorobot"	"Радасьці дэтэктыва не было межаў.
— Сапраўды? Гэта проста выдатна! Бо гэты факт звужае кола падазроных у дзясяткі разоў!
— Сэр, — загаварыў Эндру Ноціксаў, які стаяў у куце, — увогуле, паводле апошніх даных статыстыкі, на гэтай плянэце аднавокіх больш, чым двухвокіх. 
— Экалёгія! Гэтыя фэяшкі вечна ставяць над сабой розныя экспэрымэнты, а нам потым расхлёбваць, — разьвёў рукамі Бэнкс. — Ну ды добра, мы адцягнуліся ад справы. Я думаю, мы можам перайсьці да наступнага пункту. <Ranger>, апішыце, калі ласка, <clr>нос<clrEnd> злачынцы."
"/quests/Photorobot.qmm/locations/36/texts/4/text"	"Радости детектива не было предела.
- Действительно? Это просто отлично! Ведь данный факт сужает круг подозреваемых в десятки раз!
- Сэр, - заговорил стоявший в углу Эндрю Нотиксов, - вообще-то, по последним данным статистики, на этой планете одноглазых больше, чем двуглазых. 
- Экология! Эти фэяшки вечно проводят над собой разные эксперименты, а нам потом расхлебывать, - развел руками Бэнкс. - Ну да ладно, мы отвлеклись от дела. Я думаю, мы можем перейти к следующему пункту. <Ranger>, опишите, пожалуйста, <clr>нос<clrEnd> преступника."	"Quest Photorobot.qmm: locations.36.texts.4.text. Preserve every <tag> exactly."	"Quest,Photorobot"	"Радасьці дэтэктыва не было межаў.
— Сапраўды? Гэта проста выдатна! Бо гэты факт звужае кола падазроных у дзясяткі разоў!
— Сэр, — загаварыў Эндру Ноціксаў, які стаяў у куце, — увогуле, паводле апошніх даных статыстыкі, на гэтай плянэце аднавокіх больш, чым двухвокіх. 
— Экалёгія! Гэтыя фэяшкі вечна ставяць над сабой розныя экспэрымэнты, а нам потым расхлёбваць, — разьвёў рукамі Бэнкс. — Ну ды добра, мы адцягнуліся ад справы. Я думаю, мы можам перайсьці да наступнага пункту. <Ranger>, апішыце, калі ласка, <clr>нос<clrEnd> злачынцы."
"/quests/Photorobot.qmm/locations/36/texts/5/text"	"- В разные стороны, говорите? Видимо, вам попался настоящий профессионал: одним глазом следил за вами, а другим - за возможной опасностью со стороны, - Бэнкс нахмурился. - Ну ничего, если мы составим точный фоторобот, от нас не уйдет даже профессионал. Кстати, о фотороботе: одна из его важнейших частей - это <clr>нос<clrEnd>. Что вы можете сказать об этой черте преступника?"	"Quest Photorobot.qmm: locations.36.texts.5.text. Preserve every <tag> exactly."	"Quest,Photorobot"	"— У розныя бакі, кажаце? Відаць, вам трапіўся сапраўдны прафэсіянал: адным вокам сачыў за вамі, а другім — за магчымай небясьпекай збоку, — Бэнкс нахмурыўся. — Ну нічога, калі мы складзём дакладны фотаробат, ад нас не ўцячэ нават прафэсіянал. Дарэчы, пра фотаробат: адна з найважнейшых ягоных частак — гэта <clr>нос<clrEnd>. Што вы можаце сказаць пра гэтую рысу злачынцы?"
"/quests/Photorobot.qmm/locations/37/texts/0/text"	"- Не обратили, так не обратили, черт с ним, с этим носом, - Бэнкс развел руками. - Но, возможно, вы что-нибудь вспомните о его <clr>голосе<clrEnd>?"	"Quest Photorobot.qmm: locations.37.texts.0.text. Preserve every <tag> exactly."	"Quest,Photorobot"	"— Не зьвярнулі, дык не зьвярнулі, чорт з ім, з гэтым носам, — Бэнкс разьвёў рукамі. — Але, магчыма, вы нешта ўспомніце пра ягоны <clr>голас<clrEnd>?"
"/quests/Photorobot.qmm/locations/37/texts/1/text"	"- Сломал, говорите? - Бэнкс покачал головой, - Ну не знаю, не знаю... Возможно, это был отвлекающий маневр. Но - не будем зацикливаться на этом. Скажите, вы что-либо помните о его <clr>голосе<clrEnd>?"	"Quest Photorobot.qmm: locations.37.texts.1.text. Preserve every <tag> exactly."	"Quest,Photorobot"	"— Зламаў, кажаце? — Бэнкс пахістаў галавой, — Ну не ведаю, не ведаю... Магчыма, гэта быў манэўр, каб адцягнуць увагу. Але — ня будзем на гэтым спыняцца. Скажыце, вы хоць што-небудзь памятаеце пра ягоны <clr>голас<clrEnd>?"
"/quests/Photorobot.qmm/locations/37/texts/2/text"	"- Точно как у вас, говорите? Что же, так и запишем: ""Опухший красный нос, похожий на гибрид морковки и картофеля""... Да не смотрите на меня так, <Ranger>, не смотрите! - следователь засмеялся. - Я же шучу! Обычный, так обычный. Тогда перейдем к следующему пункту нашей программы. Какой у преступника был <clr>голос<clrEnd>?"	"Quest Photorobot.qmm: locations.37.texts.2.text. Preserve every <tag> exactly."	"Quest,Photorobot"	"— Дакладна як у вас, кажаце? Што ж, так і запішам: ""Апухлы чырвоны нос, падобны на гібрыд морквы і бульбы""... Ды не глядзіце на мяне так, <Ranger>, не глядзіце! — сьледчы засьмяяўся. — Я ж жартую! Звычайны, дык звычайны. Тады пяройдзем да наступнага пункту нашай праграмы. Які ў злачынца быў <clr>голас<clrEnd>?"
"/quests/Photorobot.qmm/locations/37/texts/3/text"	"- Знаете, мне кажется, я знаю, кто преступник.
Бэнкс и вы одновременно посмотрели на Эндрю.
- Мне кажется, что это была моя теща. Определенно. Все приметы, по крайней мере, совпадают.
- Эндрю, твою Махпеллу! Хватит шутить! Я понимаю, что твоя теща еще тот монстр, но по твоим описаниям, она чуть ли не хуже Годзиллы и Махпеллы вместе взятых. Ладно, перейдем к делу. Значит, нос у него был большой, да? Так... Теперь следующее. Какой у преступника был <clr>голос<clrEnd>?"	"Quest Photorobot.qmm: locations.37.texts.3.text. Preserve every <tag> exactly."	"Quest,Photorobot"	"— Ведаеце, мне здаецца, я ведаю, хто злачынец.
Бэнкс і вы адначасна паглядзелі на Эндру.
— Мне здаецца, што гэта была мая цешча. Вызначана. Усе прыкметы, прынамсі, супадаюць.
— Эндру, тваю Махпэлу! Годзе жартаваць! Я разумею, што твая цешча яшчэ той монстар, але па тваіх апісаньнях яна ледзь не горшая за Гадзілу і Махпэлу разам узятых. Добра, пяройдзем да справы. Значыць, нос у яго быў вялікі, так? Так... Цяпер наступнае. Які ў злачынца быў <clr>голас<clrEnd>?"
"/quests/Photorobot.qmm/locations/38/texts/0/text"	"- И плохо, <Ranger>, что не обратили внимания, очень плохо! Ведь по голосу находятся сотни преступников... Ну да ладно, - детектив подмигнул вам, - найдем и без голоса! Особенно, если у него были какие-нибудь <clr>особые приметы<clrEnd>..."	"Quest Photorobot.qmm: locations.38.texts.0.text. Preserve every <tag> exactly."	"Quest,Photorobot"	"— І дрэнна, <Ranger>, што не зьвярнулі ўвагі, вельмі дрэнна! Бо па голасе знаходзяць сотні злачынцаў... Ну ды добра, — дэтэктыў падміргнуў вам, — знойдзем і без голасу! Асабліва калі ў яго былі нейкія <clr>асаблівыя прыкметы<clrEnd>..."
"/quests/Photorobot.qmm/locations/38/texts/1/text"	"- Говорил полушепотом? Похоже, мы столкнулись с настоящим профессионалом своего дела. Обычно у них нет никаких особых примет - обычный рост, обычное телосложение, незапоминающееся лицо... Правда, иногда и они прокалываются - на <clr>разных мелочах<clrEnd>. Может быть, вы заметили какую-нибудь примету подобного рода?"	"Quest Photorobot.qmm: locations.38.texts.1.text. Preserve every <tag> exactly."	"Quest,Photorobot"	"— Гаварыў паўшэптам? Падобна, мы сутыкнуліся з сапраўдным прафэсіяналам сваёй справы. Звычайна ў іх няма ніякіх асаблівых прыкметаў — звычайны рост, звычайны целасклад, не запамінальны твар... Праўда, часам і яны праколваюцца — на <clr>розных дробязях<clrEnd>. Можа, вы заўважылі якую-небудзь прыкмету падобнага кшталту?"
"/quests/Photorobot.qmm/locations/38/texts/2/text"	"- Акцент? Да еще и писклявый? Да нам просто повезло, <Ranger>! - забыв о вашем состоянии, Бэнкс с силой хлопнул вас по плечу. Увидев, как вы скорчились от боли, он начал извиняться:
- <Ranger>, простите ради Бога, я не хотел! Да, сильно он вас потрепал. Наверняка опытный, гад, быть может, даже сидел в тюрьме... Кстати, бывших заключенных можно легко узнать по таким приметам, как специфические <clr>татуировки, метки<clrEnd>... У вашего преступника было что-нибудь похожее?"	"Quest Photorobot.qmm: locations.38.texts.2.text. Preserve every <tag> exactly."	"Quest,Photorobot"	"— Акцэнт? Ды яшчэ і пісклявы? Ды нам проста пашанцавала, <Ranger>! — забыўшыся пра ваш стан, Бэнкс з сілай ляпнуў вас па плячы. Убачыўшы, як вы скурчыліся ад болю, ён пачаў прасіць прабачэньня:
— <Ranger>, прабачце дзеля Бога, я не хацеў! Так, моцна ён вас патрапаў. Напэўна дасьведчаны, гад, можа, нават сядзеў у турме... Дарэчы, былых зьняволеных можна лёгка пазнаць па такіх прыкметах, як спэцыфічныя <clr>татуіроўкі, меткі<clrEnd>... У вашага злачынцы было нешта падобнае?"
"/quests/Photorobot.qmm/locations/38/texts/3/text"	"- Вот что значит, <Ranger>, не слушать в детстве маму и курить с пяти лет сигареты. А может, вы рассмотрели марку сигарет, которые он курит? Нет? Ну да ладно, - детектив подмигнул вам, - найдем и без сигарет! Особенно, если у него были какие-нибудь <clr>особые приметы<clrEnd>..."	"Quest Photorobot.qmm: locations.38.texts.3.text. Preserve every <tag> exactly."	"Quest,Photorobot"	"— Вось што значыць, <Ranger>, не слухаць у дзяцінстве маму і курыць з пяці гадоў цыгарэты. А можа, вы разгледзелі марку цыгарэт, якія ён паліць? Не? Ну ды добра, — дэтэктыў падміргнуў вам, — знойдзем і без цыгарэт! Асабліва калі ў яго былі нейкія <clr>асаблівыя прыкметы<clrEnd>..."
"/quests/Photorobot.qmm/locations/38/texts/4/text"	"- Шутите опять, <Ranger>! - Бэнкс доброжелательно улыбнулся. - Вам нужно было не в рейнджеры, а в петросяны идти. Не знаете, кто это такие? У нас на планете петросянами называют тех юмористов, от шуток которых смеются только умалишенные. Вот-вот, вам туда же надо. Возможно, это ваше призвание! Ладно, мы что-то отвлеклись... Лучше расскажите нам, <Ranger>, были ли у преступника <clr>особые приметы<clrEnd>..."	"Quest Photorobot.qmm: locations.38.texts.4.text. Preserve every <tag> exactly."	"Quest,Photorobot"	"— Зноў жартуеце, <Ranger>! — Бэнкс прыязна ўсьміхнуўся. — Вам трэба было не ў рэйнджэры, а ў пэтрасяны ісьці. Ня ведаеце, хто гэта такія? У нас на плянэце пэтрасянамі называюць тых гумарыстаў, з жартаў якіх сьмяюцца толькі вар'яты. Вось-вось, вам туды ж трэба. Магчыма, гэта ваша пакліканьне! Добра, мы нешта адцягнуліся... Лепей раскажыце нам, <Ranger>, ці былі ў злачынца <clr>асаблівыя прыкметы<clrEnd>..."
"/quests/Photorobot.qmm/locations/38/texts/5/text"	"- Шепелявый, говорите? Да еще и присвистывал? Дырочкой в правом боку, наверное... Хм. Что-то я отвлекся, - Бэнкс потряс головой. - Ладно, проехали. Эндрю, записал? Хорошо. А вы, <Ranger>, лучше расскажите нам, были ли у преступника <clr>особые приметы<clrEnd>..."	"Quest Photorobot.qmm: locations.38.texts.5.text. Preserve every <tag> exactly."	"Quest,Photorobot"	"— Шапялявы, кажаце? Ды яшчэ і пасьвістваў? Дзіркай у правым баку, мусіць... Гм. Нешта я адцягнуўся, — Бэнкс патрос галавой. — Добра, праехалі. Эндру, запісаў? Добра. А вы, <Ranger>, лепей раскажыце нам, ці былі ў злачынца <clr>асаблівыя прыкметы<clrEnd>..."
"/quests/Photorobot.qmm/locations/39/texts/0/text"	"- Ну почему же сразу голым? - возмутился детектив. - Пятна, <Ranger>, они ведь не только на той точке бывают, на которой вы во время космических перелетов сидите.
Детектив замолчал и задумался. 
- Ну что же, - сказал Бэнкс через пару минут, - вы сообщили нам достаточно сведений, чтобы обнаружить нападавшего. Уже сегодня по вашему описанию компьютер составит фоторобот преступника, который будет выслан местной полиции. Если ваше описание достаточно точное, мы скоро найдем этого типа. Ну а теперь нам пора идти. Как только мы что-нибудь разузнаем, мы немедленно сообщим вам. До встречи, <Ranger>.
Детективы встали со своих мест и направились к выходу. Вы остались в одиночестве и, за неимением другого занятия, уснули."	"Quest Photorobot.qmm: locations.39.texts.0.text. Preserve every <tag> exactly."	"Quest,Photorobot"	"— Ну чаму ж адразу голым? — абурыўся дэтэктыў. — Плямы, <Ranger>, яны ж бываюць ня толькі на той кропцы, на якой вы падчас касьмічных палётаў сядзіце.
Дэтэктыў замоўк і задумаўся. 
— Ну што ж, — сказаў Бэнкс праз пару хвілінаў, — вы паведамілі нам дастаткова зьвестак, каб выявіць нападальніка. Ужо сёньня па вашым апісаньні кампутар складзе фотаробат злачынцы, які будзе высланы мясцовай паліцыі. Калі ваша апісаньне дастаткова дакладнае, мы хутка знойдзем гэтага тыпа. Ну а цяпер нам пара ісьці. Як толькі мы што-небудзь выведаем, мы неадкладна паведамім вам. Да сустрэчы, <Ranger>.
Дэтэктывы ўсталі са сваіх месцаў і накіраваліся да выхаду. Вы засталіся ў адзіноце і, ня маючы іншага занятку, заснулі."
"/quests/Photorobot.qmm/locations/39/texts/1/text"	"Вы попытались пошутить, но детективы не оценили вашего юмора.
- Не смешно, <Ranger>. Вам бы шутить поменьше - может быть, сейчас в больнице бы не лежали...
Детектив замолчал и задумался. 
- Ну что же, - сказал Бэнкс через пару минут, - вы сообщили нам достаточно сведений, чтобы обнаружить нападавшего. Уже сегодня по вашему описанию компьютер составит фоторобот преступника, который будет выслан местной полиции. Если ваше описание достаточно точное, мы скоро найдем этого типа. Ну а теперь нам пора идти. Как только мы что-нибудь разузнаем, мы немедленно сообщим вам. До встречи, <Ranger>.
Детективы встали со своих мест и направились к выходу. Вы остались в одиночестве и, за неимением другого занятия, уснули."	"Quest Photorobot.qmm: locations.39.texts.1.text. Preserve every <tag> exactly."	"Quest,Photorobot"	"Вы паспрабавалі пажартаваць, але дэтэктывы не ацанілі вашага гумару.
— Ня сьмешна, <Ranger>. Вам бы жартаваць меней — можа, цяпер у бальніцы б не ляжалі...
Дэтэктыў замоўк і задумаўся. 
— Ну што ж, — сказаў Бэнкс праз пару хвілінаў, — вы паведамілі нам дастаткова зьвестак, каб выявіць нападальніка. Ужо сёньня па вашым апісаньні кампутар складзе фотаробат злачынцы, які будзе высланы мясцовай паліцыі. Калі ваша апісаньне дастаткова дакладнае, мы хутка знойдзем гэтага тыпа. Ну а цяпер нам пара ісьці. Як толькі мы што-небудзь выведаем, мы неадкладна паведамім вам. Да сустрэчы, <Ranger>.
Дэтэктывы ўсталі са сваіх месцаў і накіраваліся да выхаду. Вы засталіся ў адзіноце і, ня маючы іншага занятку, заснулі."
"/quests/Photorobot.qmm/locations/39/texts/2/text"	"- Четыре пальца? А как вы смогли увидеть, что у него на ноге нет одного пальца?
- Сэр, видимо, <Ranger> имеет в виду отсутствие пальца на одной из рук, - начал было объяснять Нотиксов, но был немедленно прерван старшим детективом.
- Эндрю, не встревай! Я и так все отлично понял.
Детектив замолчал и задумался. 
- Ну что же, - сказал Бэнкс через пару минут, - вы сообщили нам достаточно сведений, чтобы обнаружить нападавшего. Уже сегодня по вашему описанию компьютер составит фоторобот преступника, который будет выслан местной полиции. Если ваше описание достаточно точное, мы скоро найдем этого типа. Ну а теперь нам пора идти. Как только мы что-нибудь разузнаем, мы немедленно сообщим вам. До встречи, <Ranger>.
Детективы встали со своих мест и направились к выходу. Вы остались в одиночестве и, за неимением другого занятия, уснули."	"Quest Photorobot.qmm: locations.39.texts.2.text. Preserve every <tag> exactly."	"Quest,Photorobot"	"— Чатыры пальцы? А як вы змаглі ўбачыць, што ў яго на назе няма аднаго пальца?
— Сэр, відаць, <Ranger> мае на ўвазе адсутнасьць пальца на адной з рук, — пачаў быў тлумачыць Ноціксаў, але быў неадкладна перапынены старэйшым дэтэктывам.
— Эндру, не ўмешвайся! Я і так усё выдатна зразумеў.
Дэтэктыў замоўк і задумаўся. 
— Ну што ж, — сказаў Бэнкс праз пару хвілінаў, — вы паведамілі нам дастаткова зьвестак, каб выявіць нападальніка. Ужо сёньня па вашым апісаньні кампутар складзе фотаробат злачынцы, які будзе высланы мясцовай паліцыі. Калі ваша апісаньне дастаткова дакладнае, мы хутка знойдзем гэтага тыпа. Ну а цяпер нам пара ісьці. Як толькі мы што-небудзь выведаем, мы неадкладна паведамім вам. Да сустрэчы, <Ranger>.
Дэтэктывы ўсталі са сваіх месцаў і накіраваліся да выхаду. Вы засталіся ў адзіноце і, ня маючы іншага занятку, заснулі."
"/quests/Photorobot.qmm/locations/39/texts/3/text"	"- Вася, говорите? Если это его имя, мы значительно сократим круг поиска. На этой планете людей не так уж и много, а Вась и подавно. Сейчас ведь пошла мода детей называть в честь доминаторов да клисан. Представляете вы, по улицам ходят всякие Нондусы Эквенторовичи и Махпеллы Рачехановны. Кошмар!
Детектив замолчал и задумался. 
- Ну что же, - сказал Бэнкс через пару минут, - вы сообщили нам достаточно сведений, чтобы обнаружить нападавшего. Уже сегодня по вашему описанию компьютер составит фоторобот преступника, который будет выслан местной полиции. Если ваше описание достаточно точное, мы скоро найдем этого типа. Ну а теперь нам пора идти. Как только мы что-нибудь разузнаем, мы немедленно сообщим вам. До встречи, <Ranger>.
Детективы встали со своих мест и направились к выходу. Вы остались в одиночестве и, за неимением другого занятия, уснули."	"Quest Photorobot.qmm: locations.39.texts.3.text. Preserve every <tag> exactly."	"Quest,Photorobot"	"— Вася, кажаце? Калі гэта ягонае імя, мы значна скароцім кола пошуку. На гэтай плянэце людзей не так ужо і шмат, а Васяў і пагатоў. Цяпер жа пайшла мода зваць дзяцей у гонар дамінатараў ды клісанаў. Уяўляеце, па вуліцах ходзяць усялякія Нондусы Эквэнтаровічы і Махпэлы Рачэханаўны. Кашмар!
Дэтэктыў замоўк і задумаўся. 
— Ну што ж, — сказаў Бэнкс праз пару хвілінаў, — вы паведамілі нам дастаткова зьвестак, каб выявіць нападальніка. Ужо сёньня па вашым апісаньні кампутар складзе фотаробат злачынцы, які будзе высланы мясцовай паліцыі. Калі ваша апісаньне дастаткова дакладнае, мы хутка знойдзем гэтага тыпа. Ну а цяпер нам пара ісьці. Як толькі мы што-небудзь выведаем, мы неадкладна паведамім вам. Да сустрэчы, <Ranger>.
Дэтэктывы ўсталі са сваіх месцаў і накіраваліся да выхаду. Вы засталіся ў адзіноце і, ня маючы іншага занятку, заснулі."
"/quests/Photorobot.qmm/locations/39/texts/4/text"	"- Зина?! Ха! Он не запутает следствие, как бы ни пытался. Я его уже раскусил: он наколол это имя с целью заставить нас искать себя среди Зин, но мы этого делать не будем. Мы будем искать среди не-Зин!
Детектив замолчал и задумался. 
- Ну что же, - сказал Бэнкс через пару минут, - вы сообщили нам достаточно сведений, чтобы обнаружить нападавшего. Уже сегодня по вашему описанию компьютер составит фоторобот преступника, который будет выслан местной полиции. Если ваше описание достаточно точное, мы скоро найдем этого типа. Ну а теперь нам пора идти. Как только мы что-нибудь разузнаем, мы немедленно сообщим вам. До встречи, <Ranger>.
Детективы встали со своих мест и направились к выходу. Вы остались в одиночестве и, за неимением другого занятия, уснули."	"Quest Photorobot.qmm: locations.39.texts.4.text. Preserve every <tag> exactly."	"Quest,Photorobot"	"— Зіна?! Ха! Ён не заблытае сьледзтва, як бы ні спрабаваў. Я яго ўжо раскусіў: ён накалоў гэтае імя, каб прымусіць нас шукаць сябе сярод Зін, але мы гэтага рабіць ня будзем. Мы будзем шукаць сярод не-Зін!
Дэтэктыў замоўк і задумаўся. 
— Ну што ж, — сказаў Бэнкс праз пару хвілінаў, — вы паведамілі нам дастаткова зьвестак, каб выявіць нападальніка. Ужо сёньня па вашым апісаньні кампутар складзе фотаробат злачынцы, які будзе высланы мясцовай паліцыі. Калі ваша апісаньне дастаткова дакладнае, мы хутка знойдзем гэтага тыпа. Ну а цяпер нам пара ісьці. Як толькі мы што-небудзь выведаем, мы неадкладна паведамім вам. Да сустрэчы, <Ranger>.
Дэтэктывы ўсталі са сваіх месцаў і накіраваліся да выхаду. Вы засталіся ў адзіноце і, ня маючы іншага занятку, заснулі."
"/quests/Photorobot.qmm/locations/40/texts/0/text"	"По поводу премии: сделать так: если у игрока меньше 10000, то он премии или убытков не получает, а если 10000 есть, то он может либо потерять все и провалить квест, выполнить квест и потерять 5000 (p11<50), получить 5000 (p11>=50), получить 10000, если показатель узнавания 90 и выше

Первоначально:
+2000     100%
ничего    >85%
-2000      >50%
провал   <50%"	"Quest Photorobot.qmm: locations.40.texts.0.text. Preserve every <tag> exactly."	"Quest,Photorobot"	""
"/quests/Photorobot.qmm/locations/41/texts/0/text"	"Бэнкс загадочно улыбнулся, и словно по волшебству в его руках появился тот самый кейс, что украли у вас.
- Вуаля! Получите, распишитесь. Ваш фоторобот оказался настолько точен, что мы сумели поймать негодяя буквально через пару часов. Кстати, это еще не все хорошие новости на сегодня, - Бэнкс загадочно подмигнул вам. - Благодаря его поимке мы смогли выйти и на его заказчиков. Конечно же, это были люди из ""Авалон Инк."" Теперь мы их затаскаем по судам... А вам, <Ranger>, за то, что помогли нам с ними разобраться, прилагается небольшая премия. Проверьте на досуге свой счет в банке, - сказав это, Бэнкс засмеялся.
Вы забрали кейс и попрощались с детективами. Теперь <Money> cr уже почти у вас в кармане - осталось только вернуться на планету <FromPlanet> с этим треклятым кейсом..."	"Quest Photorobot.qmm: locations.41.texts.0.text. Preserve every <tag> exactly."	"Quest,Photorobot"	""
"/quests/Photorobot.qmm/jumps/0/text"	"Нажать ""1"""	"Quest Photorobot.qmm: jumps.0.text. Preserve every <tag> exactly."	"Quest,Photorobot"	"Націснуць ""1"""
"/quests/Photorobot.qmm/jumps/1/text"	"Проснуться"	"Quest Photorobot.qmm: jumps.1.text. Preserve every <tag> exactly."	"Quest,Photorobot"	"Прачнуцца"
"/quests/Photorobot.qmm/jumps/26/text"	"Не томите - вы поймали его?"	"Quest Photorobot.qmm: jumps.26.text. Preserve every <tag> exactly."	"Quest,Photorobot"	"Не таміце — вы злавілі яго?"
"/quests/Photorobot.qmm/jumps/27/text"	"Не томите - вы поймали его?"	"Quest Photorobot.qmm: jumps.27.text. Preserve every <tag> exactly."	"Quest,Photorobot"	"Не таміце — вы злавілі яго?"
"/quests/Photorobot.qmm/jumps/28/text"	"Нажать ""2"""	"Quest Photorobot.qmm: jumps.28.text. Preserve every <tag> exactly."	"Quest,Photorobot"	"Націснуць ""2"""
"/quests/Photorobot.qmm/jumps/29/text"	"Набрать ""140190"""	"Quest Photorobot.qmm: jumps.29.text. Preserve every <tag> exactly."	"Quest,Photorobot"	"Набраць ""140190"""
"/quests/Photorobot.qmm/jumps/32/text"	"Отправиться к стоянке такси"	"Quest Photorobot.qmm: jumps.32.text. Preserve every <tag> exactly."	"Quest,Photorobot"	"Пайсьці да стаянкі таксі"
"/quests/Photorobot.qmm/jumps/33/text"	"Идти куда глаза глядят"	"Quest Photorobot.qmm: jumps.33.text. Preserve every <tag> exactly."	"Quest,Photorobot"	"Ісьці куды вочы глядзяць"
"/quests/Photorobot.qmm/jumps/34/text"	"Спросить дорогу у прохожих"	"Quest Photorobot.qmm: jumps.34.text. Preserve every <tag> exactly."	"Quest,Photorobot"	"Спытаць дарогу ў пешаходаў"
"/quests/Photorobot.qmm/jumps/35/text"	"...проклятый таксист увез меня в другую часть города"	"Quest Photorobot.qmm: jumps.35.text. Preserve every <tag> exactly."	"Quest,Photorobot"	"...пракляты таксіст завёз мяне ў іншую частку горада"
"/quests/Photorobot.qmm/jumps/35/description"	"- Очень странно, <Ranger>, - фэянин покачал головой. - Обычно таксисты у нас работают хорошо. Вы точно сказали правду? Ну ладно, раз так, пройдемте внутрь. Дела прежде всего.
Вы зашли в ресторан и сели за столик; официант принес вам меню.
- Выбирайте сами, <Ranger>, я полагаюсь на ваш вкус. 
Вы открыли меню, и ваши глаза медленно поползли вверх.
- Не пугайтесь, <Ranger>, платить вы не будете, этот ресторан принадлежит нашей корпорации.
Вы облегченно вздохнули (идея заплатить за одно блюдо 150 000 cr явно не улыбалась вам) и продолжили изучать меню. Фэянин явно проверяет ваш вкус, так что нужно соблюдать осторожность в выборе блюда. Что же вы закажете в качестве первого?"	"Quest Photorobot.qmm: jumps.35.description. Preserve every <tag> exactly."	"Quest,Photorobot"	"— Вельмі дзіўна, <Ranger>, — фэянін пахістаў галавой. — Звычайна таксісты ў нас працуюць добра. Вы сапраўды сказалі праўду? Ну добра, калі так, увойдзем. Справы перш за ўсё.
Вы зайшлі ў рэстаран і селі за столік; афіцыянт прынёс вам мэню.
- Выбірайце самі, <Ranger>, я давяраю вашаму густу. 
Вы адкрылі мэню, і вашыя вочы паволі папаўзьлі ўверх.
- Ня палохайцеся, <Ranger>, плаціць вы ня будзеце, гэты рэстаран належыць нашай карпарацыі.
Вы з палёгкай уздыхнулі (думка заплаціць за адну страву 150 000 cr вам яўна не ўсьміхалася) і працягнулі вывучаць мэню. Фэянін яўна правярае ваш густ, таму ў выбары стравы трэба быць асьцярожным. Што ж вы замовіце ў якасьці першага?"
"/quests/Photorobot.qmm/jumps/36/text"	"...я просто забыл о времени, когда осматривал космопорт - столько в нем интересных технических решений!"	"Quest Photorobot.qmm: jumps.36.text. Preserve every <tag> exactly."	"Quest,Photorobot"	"...я проста забыў пра час, калі аглядаў касмапорт — столькі ў ім цікавых тэхнічных рашэньняў!"
"/quests/Photorobot.qmm/jumps/36/description"	"- Правда, <Ranger>? Действительно, космопорт нашей планеты оборудован самой новой техникой. Кстати, технику эту создала наша корпорация... - фэянин улыбнулся. - Ну что ж, раз так, пройдемте внутрь. Дела прежде всего.
Вы зашли в ресторан и сели за столик; официант принес вам меню.
- Выбирайте сами, <Ranger>, я полагаюсь на ваш вкус. 
Вы открыли меню, и ваши глаза медленно поползли вверх.
- Не пугайтесь, <Ranger>, платить вы не будете, этот ресторан принадлежит нашей корпорации.
Вы облегченно вздохнули (идея заплатить за одно блюдо 150 000 cr явно не улыбалась вам) и продолжили изучать меню. Фэянин явно проверяет ваш вкус, так что нужно соблюдать осторожность в выборе блюда. Что же вы закажете в качестве первого?"	"Quest Photorobot.qmm: jumps.36.description. Preserve every <tag> exactly."	"Quest,Photorobot"	"— Праўда, <Ranger>? Сапраўды, касмапорт нашай плянэты абсталяваны найноўшай тэхнікай. Дарэчы, тэхніку гэтую стварыла наша карпарацыя... — фэянін усьміхнуўся. — Ну што ж, калі так, увойдзем. Справы перш за ўсё.
Вы зайшлі ў рэстаран і селі за столік; афіцыянт прынёс вам мэню.
- Выбірайце самі, <Ranger>, я давяраю вашаму густу. 
Вы адкрылі мэню, і вашыя вочы паволі папаўзьлі ўверх.
- Ня палохайцеся, <Ranger>, плаціць вы ня будзеце, гэты рэстаран належыць нашай карпарацыі.
Вы з палёгкай уздыхнулі (думка заплаціць за адну страву 150 000 cr вам яўна не ўсьміхалася) і працягнулі вывучаць мэню. Фэянін яўна правярае ваш густ, таму ў выбары стравы трэба быць асьцярожным. Што ж вы замовіце ў якасьці першага?"
"/quests/Photorobot.qmm/jumps/37/text"	"...я помогал старушке перейти через дорогу"	"Quest Photorobot.qmm: jumps.37.text. Preserve every <tag> exactly."	"Quest,Photorobot"	"...я дапамагаў бабульцы перайсьці цераз дарогу"
"/quests/Photorobot.qmm/jumps/37/description"	"- Какие еще старушки, <Ranger>?! Не мелите чушь!
Вы начали оправдываться, будто вы просто пошутили, но фэянин был неумолим. К счастью, спустя несколько минут вы все-таки смогли уговорить его выслушать вас. 
Вы зашли в ресторан и сели за столик; официант принес вам меню.
- Выбирайте сами, <Ranger>, я полагаюсь на ваш вкус. 
Вы открыли меню, и ваши глаза медленно поползли вверх.
- Не пугайтесь, <Ranger>, платить вы не будете, этот ресторан принадлежит нашей корпорации.
Вы облегченно вздохнули (идея заплатить за одно блюдо 150 000 cr явно не улыбалась вам) и продолжили изучать меню. Фэянин явно проверяет ваш вкус, так что нужно соблюдать осторожность в выборе блюда. Что же вы закажете в качестве первого?"	"Quest Photorobot.qmm: jumps.37.description. Preserve every <tag> exactly."	"Quest,Photorobot"	"— Якія яшчэ бабулькі, <Ranger>?! Не мяліце лухту!
Вы пачалі апраўдвацца, быццам вы проста пажартавалі, але фэянін быў няўмольны. На шчасьце, праз некалькі хвілінаў вы ўсё ж змаглі ўгаварыць яго выслухаць вас. 
Вы зайшлі ў рэстаран і селі за столік; афіцыянт прынёс вам мэню.
- Выбірайце самі, <Ranger>, я давяраю вашаму густу. 
Вы адкрылі мэню, і вашыя вочы паволі папаўзьлі ўверх.
- Ня палохайцеся, <Ranger>, плаціць вы ня будзеце, гэты рэстаран належыць нашай карпарацыі.
Вы з палёгкай уздыхнулі (думка заплаціць за адну страву 150 000 cr вам яўна не ўсьміхалася) і працягнулі вывучаць мэню. Фэянін яўна правярае ваш густ, таму ў выбары стравы трэба быць асьцярожным. Што ж вы замовіце ў якасьці першага?"
"/quests/Photorobot.qmm/jumps/38/text"	"...по дороге я встретил своего знакомого рейнджера, и он затащил меня в местный бар"	"Quest Photorobot.qmm: jumps.38.text. Preserve every <tag> exactly."	"Quest,Photorobot"	"...па дарозе я сустрэў свайго знаёмага рэйнджэра, і ён зацягнуў мяне ў мясцовы бар"
"/quests/Photorobot.qmm/jumps/38/description"	"- Даже так, <Ranger>?! Тогда мне вообще не о чем с вами разговаривать!
Вы начали оправдываться, будто вы просто пошутили, но фэянин был неумолим. К счастью, спустя несколько минут вы все-таки смогли уговорить его выслушать вас. 
Вы зашли в ресторан и сели за столик; официант принес вам меню.
- Выбирайте сами, <Ranger>, я полагаюсь на ваш вкус. 
Вы открыли меню, и ваши глаза медленно поползли вверх.
- Не пугайтесь, <Ranger>, платить вы не будете, этот ресторан принадлежит нашей корпорации.
Вы облегченно вздохнули (идея заплатить за одно блюдо 150 000 cr явно не улыбалась вам) и продолжили изучать меню. Фэянин явно проверяет ваш вкус, так что нужно соблюдать осторожность в выборе блюда. Что же вы закажете в качестве первого?"	"Quest Photorobot.qmm: jumps.38.description. Preserve every <tag> exactly."	"Quest,Photorobot"	"— Нават так, <Ranger>?! Тады мне ўвогуле няма пра што з вамі гаварыць!
Вы пачалі апраўдвацца, быццам вы проста пажартавалі, але фэянін быў няўмольны. На шчасьце, праз некалькі хвілінаў вы ўсё ж змаглі ўгаварыць яго выслухаць вас. 
Вы зайшлі ў рэстаран і селі за столік; афіцыянт прынёс вам мэню.
- Выбірайце самі, <Ranger>, я давяраю вашаму густу. 
Вы адкрылі мэню, і вашыя вочы паволі папаўзьлі ўверх.
- Ня палохайцеся, <Ranger>, плаціць вы ня будзеце, гэты рэстаран належыць нашай карпарацыі.
Вы з палёгкай уздыхнулі (думка заплаціць за адну страву 150 000 cr вам яўна не ўсьміхалася) і працягнулі вывучаць мэню. Фэянін яўна правярае ваш густ, таму ў выбары стравы трэба быць асьцярожным. Што ж вы замовіце ў якасьці першага?"
"/quests/Photorobot.qmm/jumps/39/text"	"Гобзавр в яблоках"	"Quest Photorobot.qmm: jumps.39.text. Preserve every <tag> exactly."	"Quest,Photorobot"	"Гобзаўр у яблыках"
"/quests/Photorobot.qmm/jumps/39/description"	"Вы сделали заказ, и официант убежал на кухню. Вернулся он уже со своими друзьями, которые помогали ему нести громадную тушу гобзавра, во рту которого аппетитно торчало яблоко. Едва не упав на пол, блюдо все же оказалось на вашем столе.
- Какая гадость! <Ranger>, вы что, не знали, что все фэяне - вегетарианцы? Официант, быстрее уберите этот ужас с нашего стола!
Эйса-Ган явно раздражен. Нужно срочно реабилитироваться. Вы взяли у официанта меню и начали выбирать, какой заказать десерт."	"Quest Photorobot.qmm: jumps.39.description. Preserve every <tag> exactly."	"Quest,Photorobot"	"Вы зрабілі замову, і афіцыянт пабег на кухню. Вярнуўся ён ужо са сваімі сябрамі, якія дапамагалі яму несьці вялізную тушу гобзаўра, у роце якога апэтытна тырчаў яблык. Ледзь не ўпаўшы на падлогу, страва ўсё ж апынулася на вашым стале.
— Якая брыдота! <Ranger>, вы што, ня ведалі, што ўсе фэяне — вегетарыянцы? Афіцыянт, хутчэй прыбярыце гэты жах з нашага стала!
Эйса-Ган яўна раздражнёны. Трэба тэрмінова рэабілітавацца. Вы ўзялі ў афіцыянта мэню і пачалі выбіраць, які замовіць дэсэрт."
"/quests/Photorobot.qmm/jumps/40/text"	"Колбасбургер"	"Quest Photorobot.qmm: jumps.40.text. Preserve every <tag> exactly."	"Quest,Photorobot"	"Каўбасбургер"
"/quests/Photorobot.qmm/jumps/40/description"	"Вы сделали заказ, и через несколько минут официант вернулся с двумя огромными колбасбургерами - любимой пищей людей.
- Что это? Ах да, бургер... Я однажды уже пробовал его, когда заключал на одной человеческой планете контракт на пару миллиардов кредитов...
Наконец вы приступили к еде. В целом Эйса-Ган остался доволен, но было видно, что он ждал чего-то другого. Когда вы покончили с бургерами, официант вновь подошел к вашему столику и протянул меню. Теперь вам предстояло выбрать, какой заказать десерт."	"Quest Photorobot.qmm: jumps.40.description. Preserve every <tag> exactly."	"Quest,Photorobot"	"Вы зрабілі замову, і праз некалькі хвілінаў афіцыянт вярнуўся з двума вялізнымі каўбасбургерамі — улюбёнай ежай людзей.
— Што гэта? Ах так, бургер... Я аднойчы ўжо спрабаваў яго, калі заключаў на адной чалавечай плянэце кантракт на пару мільярдаў крэдытаў...
Нарэшце вы ўзяліся за ежу. У цэлым Эйса-Ган застаўся задаволены, але было відаць, што ён чакаў чагосьці іншага. Калі вы пакончылі з бургерамі, афіцыянт зноў падышоў да вашага століка і працягнуў мэню. Цяпер вам належала выбраць, які замовіць дэсэрт."
"/quests/Photorobot.qmm/jumps/41/text"	"Болотные пауки в сахаре"	"Quest Photorobot.qmm: jumps.41.text. Preserve every <tag> exactly."	"Quest,Photorobot"	"Балотныя павукі ў цукры"
"/quests/Photorobot.qmm/jumps/41/description"	"- Отличный выбор, сэр! - сказал официант и скрылся с ваших глаз. Вернулся он через несколько минут с большой чашкой, внутри которой по кучам сахара бегали маленькие красные паучки.
- О! Да это пауки-убийцы с Рахиша! А разве их едят? - фэянин осторожно наткнул на вилку одного из пауков и со смаком зажевал. - Хм... Чем-то напоминает мне экструдер, но явно проигрывает ему по...
Вдруг лицо фэянина покраснело и скривилось в ужасной гримасе. Испугавшись, что пауки убили его, вы спрыгнули со своего места и уже через мгновение вливали ему в рот воду. К счастью, это помогло, и Эйса-Ган остался жив, но вечер явно был испорчен. Вы поспешно извинились перед фэянином, сказав, что не знали, что эти пауки опасны для фэянского организма, но он явно продолжает сердиться на вас. Официант унес десерт и вернулся с меню напитков. Может быть, что-нибудь горячительное спасет встречу? Осталось только выбрать, что произведет на фэянина наибольшее впечатление."	"Quest Photorobot.qmm: jumps.41.description. Preserve every <tag> exactly."	"Quest,Photorobot"	"— Выдатны выбар, сэр! — сказаў афіцыянт і зьнік з вашых вачэй. Вярнуўся ён праз некалькі хвілінаў з вялікай чашай, унутры якой па кучах цукру бегалі маленькія чырвоныя павучкі.
— О! Ды гэта павукі-забойцы з Рахіша! А хіба іх ядуць? — фэянін асьцярожна наткнуў на відэлец аднаго з павукоў і са смакам зажаваў. — Гм... Чымсьці нагадвае мне экструдар, але яўна саступае яму па...
Раптам твар фэяніна пачырванеў і скрывіўся ў жахлівай грымасе. Спалохаўшыся, што павукі забілі яго, вы саскочылі са свайго месца і ўжо праз імгненьне ўлівалі яму ў рот ваду. На шчасьце, гэта дапамагло, і Эйса-Ган застаўся жывы, але вечар яўна быў сапсаваны. Вы пасьпешліва папрасілі прабачэньня ў фэяніна, сказаўшы, што ня ведалі, што гэтыя павукі небясьпечныя для фэянскага арганізму, але ён яўна працягвае злаваць на вас. Афіцыянт забраў дэсэрт і вярнуўся з мэню напояў. Можа, нешта хмельнае выратуе сустрэчу? Засталося толькі выбраць, што зробіць на фэяніна найбольшае ўражаньне."
"/quests/Photorobot.qmm/jumps/42/text"	"Гламигида по Пхедокски"	"Quest Photorobot.qmm: jumps.42.text. Preserve every <tag> exactly."	"Quest,Photorobot"	"Гламігіда па Пхэдокску"
"/quests/Photorobot.qmm/jumps/42/description"	"Вы сделали заказ, и через несколько минут официант вернулся с вашим блюдом. Оно представляло собой большую зажаренную лягушку, чем-то смахивающую на пеленга.
- Какая гадость! <Ranger>, и как вы собирались есть это? Официант, быстрее уберите этот ужас с нашего стола!
Эйса-Ган явно раздражен. Нужно срочно реабилитироваться. Вы взяли у официанта меню и начали выбирать, какой заказать десерт."	"Quest Photorobot.qmm: jumps.42.description. Preserve every <tag> exactly."	"Quest,Photorobot"	"Вы зрабілі замову, і праз некалькі хвілінаў афіцыянт вярнуўся з вашай стравай. Яна ўяўляла сабой вялікую смажаную жабу, чымсьці падобную на пеленга.
— Якая брыдота! <Ranger>, і як вы зьбіраліся гэта есьці? Афіцыянт, хутчэй прыбярыце гэты жах з нашага стала!
Эйса-Ган яўна раздражнёны. Трэба тэрмінова рэабілітавацца. Вы ўзялі ў афіцыянта мэню і пачалі выбіраць, які замовіць дэсэрт."
"/quests/Photorobot.qmm/jumps/43/text"	"Сладкая Иике-Баана"	"Quest Photorobot.qmm: jumps.43.text. Preserve every <tag> exactly."	"Quest,Photorobot"	"Салодкая Ііке-Баана"
"/quests/Photorobot.qmm/jumps/43/description"	"- Отличный выбор, сэр! - сказал официант и скрылся с ваших глаз. Вернулся он через несколько минут с подносом, на котором была выстроена потрясающе красивая икебана из цветков всех цветов радуги.
- Ого! Эти гаальцы знают толк в эстетике... Осталось только узнать, на что это похоже на вкус...
Эйса-Ган отломил один из цветков и съел. Одобрительно закивав, он пристроился к чашке поудобнее, и вскоре, не без вашей помощи, конечно, опустошил ее. Официант унес пустую посуду и вернулся с меню напитков. Осталось только выбрать, что произведет на фэянина наибольшее впечатление."	"Quest Photorobot.qmm: jumps.43.description. Preserve every <tag> exactly."	"Quest,Photorobot"	"— Выдатны выбар, сэр! — сказаў афіцыянт і зьнік з вашых вачэй. Вярнуўся ён праз некалькі хвілінаў з падносам, на якім была выбудаваная надзвычай прыгожая ікебана з кветак усіх колераў вясёлкі.
— Ого! Гэтыя гаальцы ведаюць толк у эстэтыцы... Засталося толькі даведацца, на што гэта падобнае на густ...
Эйса-Ган адламаў адну з кветак і зьеў. Ухвальна заківаўшы, ён уладкаваўся ля чашы зручней, і неўзабаве, не без вашай дапамогі, вядома, апустошыў яе. Афіцыянт забраў парожні посуд і вярнуўся з мэню напояў. Засталося толькі выбраць, што зробіць на фэяніна найбольшае ўражаньне."
"/quests/Photorobot.qmm/jumps/44/text"	"Лапки сварокока в шоколаде"	"Quest Photorobot.qmm: jumps.44.text. Preserve every <tag> exactly."	"Quest,Photorobot"	"Лапкі сваракока ў шакалядзе"
"/quests/Photorobot.qmm/jumps/44/description"	"- Отличный выбор, сэр! - сказал официант и скрылся с ваших глаз. Вернулся он через несколько минут с подносом, на котором лежала пара лап какого-то крупного животного. Непередаваемый аромат паленой шерсти, свежей крови и шоколада сразу же подействовал на Эйса-Гана.
- Что за?!.. Оставьте эту гадость для малоков! Уберите, уберите это от меня подальше!
Вы поспешно извинились перед фэянином, сказав, что просто хотели познакомить его с малокской кухней, но он был неумолим. Официант унес десерт и вернулся с меню напитков. Осталось только выбрать, что произведет на фэянина наибольшее впечатление."	"Quest Photorobot.qmm: jumps.44.description. Preserve every <tag> exactly."	"Quest,Photorobot"	"— Выдатны выбар, сэр! — сказаў афіцыянт і зьнік з вашых вачэй. Вярнуўся ён праз некалькі хвілінаў з падносам, на якім ляжала пара лап нейкай буйной жывёліны. Неперадавальны водар паленай поўсьці, сьвежай крыві і шакаляду адразу падзейнічаў на Эйса-Гана.
— Што за?!.. Пакіньце гэтую брыдоту для малокаў! Прыбярыце, прыбярыце гэта ад мяне далей!
Вы пасьпешліва папрасілі прабачэньня ў фэяніна, сказаўшы, што проста хацелі пазнаёміць яго з малокскай кухняй, але ён быў няўмольны. Афіцыянт забраў дэсэрт і вярнуўся з мэню напояў. Засталося толькі выбраць, што зробіць на фэяніна найбольшае ўражаньне."
"/quests/Photorobot.qmm/jumps/45/text"	"Мороженое ""Дэтэ М"""	"Quest Photorobot.qmm: jumps.45.text. Preserve every <tag> exactly."	"Quest,Photorobot"	"Марозіва ""Дэтэ М"""
"/quests/Photorobot.qmm/jumps/45/description"	"- Отличный выбор, сэр! - сказал официант и скрылся с ваших глаз. Вернулся он через несколько минут с огромной чашкой мороженого, выполненного в форме космической базы.
- Ого! Это человеческое изобретение и правда... Несколько впечатляет, хех... Вот только как это есть?
Однако, несмотря на слова фэянина, чаша мороженого довольно быстро опустела - Эйса-Гану явно понравился десерт. Официант унес пустую посуду и вернулся с меню напитков. Осталось только выбрать, что произведет на фэянина наибольшее впечатление."	"Quest Photorobot.qmm: jumps.45.description. Preserve every <tag> exactly."	"Quest,Photorobot"	"— Выдатны выбар, сэр! — сказаў афіцыянт і зьнік з вашых вачэй. Вярнуўся ён праз некалькі хвілінаў з вялізнай чашай марозіва, зробленага ў форме касьмічнай базы.
— Ого! Гэтае чалавечае вынаходзтва і праўда... Крыху ўражвае, хэх... Вось толькі як гэта есьці?
Аднак, нягледзячы на словы фэяніна, чаша марозіва даволі хутка апусьцела — Эйса-Гану дэсэрт яўна спадабаўся. Афіцыянт забраў парожні посуд і вярнуўся з мэню напояў. Засталося толькі выбраць, што зробіць на фэяніна найбольшае ўражаньне."
"/quests/Photorobot.qmm/jumps/46/text"	"Оннарайк в зелени"	"Quest Photorobot.qmm: jumps.46.text. Preserve every <tag> exactly."	"Quest,Photorobot"	"Оннарайк у зеляніне"
"/quests/Photorobot.qmm/jumps/46/description"	"Вы сделали заказ, и через несколько минут официант вернулся с вашим блюдом. Оно представляло собой большой фрукт, напоминавший огромный синий ананас, обложенный со всех сторон разными зелеными растениями.
- Да это же оннарайк! Отличный выбор, <Ranger>. Поверьте мне, это очень вкусно, и не менее дорого - в Галактике есть только одна ферма, а которой выращивают оннарайки. Думаю, не нужно объяснять, что она принадлежит нашей корпорации?
Фрукт действительно оказался очень вкусным, и вскоре от него ничего не осталось. Официант вновь подошел к вашему столику и протянул меню. Теперь вам предстояло выбрать, какой заказать десерт."	"Quest Photorobot.qmm: jumps.46.description. Preserve every <tag> exactly."	"Quest,Photorobot"	"Вы зрабілі замову, і праз некалькі хвілінаў афіцыянт вярнуўся з вашай стравай. Яна ўяўляла сабой вялікі фрукт, што нагадваў вялізны сіні ананас, абкладзены з усіх бакоў рознымі зялёнымі расьлінамі.
— Ды гэта ж оннарайк! Выдатны выбар, <Ranger>. Паверце мне, гэта вельмі смачна, і не менш дорага — у Галяктыцы ёсьць толькі адна фэрма, на якой вырошчваюць оннарайкі. Думаю, не трэба тлумачыць, што яна належыць нашай карпарацыі?
Фрукт сапраўды аказаўся вельмі смачным, і неўзабаве ад яго нічога не засталося. Афіцыянт зноў падышоў да вашага століка і працягнуў мэню. Цяпер вам належала выбраць, які замовіць дэсэрт."
"/quests/Photorobot.qmm/jumps/47/text"	"Счуу-Ка под цубой"	"Quest Photorobot.qmm: jumps.47.text. Preserve every <tag> exactly."	"Quest,Photorobot"	"Счуў-Ка пад цубай"
"/quests/Photorobot.qmm/jumps/47/description"	"Вы сделали заказ, и через несколько минут официант вернулся с вашим блюдом. Оно представляло собой большую рыбу с пятью глазами, покрытую какой-то белой субстанцией.
- Это классическое гаальское блюдо, - объяснил официант. - Оно приготавливается на планете Гаалдок, после чего доставляется к нам.
Фэянин заинтересованно выслушал лекцию о гаальской кухне, после чего приступил к еде. В целом Эйса-Ган остался доволен, но было видно, что он ждал чего-то другого. Когда вы покончили с рыбой, официант вновь подошел к вашему столику и протянул меню. Теперь вам предстояло выбрать, какой заказать десерт."	"Quest Photorobot.qmm: jumps.47.description. Preserve every <tag> exactly."	"Quest,Photorobot"	"Вы зрабілі замову, і праз некалькі хвілінаў афіцыянт вярнуўся з вашай стравай. Яна ўяўляла сабой вялікую рыбу з пяцьцю вачыма, пакрытую нейкай белай масай.
— Гэта клясычная гаальская страва, — патлумачыў афіцыянт. — Яе рыхтуюць на плянэце Гаалдок, пасьля чаго дастаўляюць да нас.
Фэянін зацікаўлена выслухаў лекцыю пра гаальскую кухню, пасьля чаго ўзяўся за ежу. У цэлым Эйса-Ган застаўся задаволены, але было відаць, што ён чакаў чагосьці іншага. Калі вы пакончылі з рыбай, афіцыянт зноў падышоў да вашага століка і працягнуў мэню. Цяпер вам належала выбраць, які замовіць дэсэрт."
"/quests/Photorobot.qmm/jumps/48/text"	"Экструдер на палочке"	"Quest Photorobot.qmm: jumps.48.text. Preserve every <tag> exactly."	"Quest,Photorobot"	"Экструдар на палачцы"
"/quests/Photorobot.qmm/jumps/48/description"	"- Отличный выбор, сэр! - сказал официант и скрылся с ваших глаз. Вернулся он через несколько минут с небольшим подносом, на котором лежали странные устройства, прикрепленные к стальным палочкам.
- <Ranger>, вы меня удивляете! Я и не знал, что люди, как и фэяне, любят экструдеры. Кстати, впервые их производить начала именно наша корпорация...
Эйса-Ган взял одно устройство, положил себе в рот. Его лицо сразу же расплылось в улыбке - десерт ему явно пришелся по вкусу. Решив тоже попробовать экструдер, вы засунули его себе в рот и почувствовали необыкновенный вкус, похожий одновременно на все сладости, что вы когда-либо ели.
- Экструдер воздействует на нервные окончания вашего языка, возбуждая в вашем мозгу воспоминания о всем самом вкусном, - объяснил вам принцип действия этого поразительного устройства фэянин.
Наконец заряд в экструдерах кончился, и официант унес их, а затем вернулся с меню напитков. Осталось только выбрать, что окажет на фэянина наибольшее впечатление."	"Quest Photorobot.qmm: jumps.48.description. Preserve every <tag> exactly."	"Quest,Photorobot"	"— Выдатны выбар, сэр! — сказаў афіцыянт і зьнік з вашых вачэй. Вярнуўся ён праз некалькі хвілінаў з невялікім падносам, на якім ляжалі дзіўныя прылады, прымацаваныя да сталёвых палачак.
— <Ranger>, вы мяне зьдзіўляеце! Я і ня ведаў, што людзі, як і фэяне, любяць экструдары. Дарэчы, упершыню іх вырабляць пачала менавіта наша карпарацыя...
Эйса-Ган узяў адну прыладу і паклаў сабе ў рот. Ягоны твар адразу расплыўся ва ўсьмешцы — дэсэрт яму яўна прыйшоўся да спадобы. Вырашыўшы таксама паспрабаваць экструдар, вы засунулі яго сабе ў рот і адчулі незвычайны смак, падобны адначасна на ўсе прысмакі, якія вы калі-небудзь елі.
— Экструдар узьдзейнічае на нэрвовыя канчаткі вашага языка, узбуджаючы ў вашым мозгу успаміны пра ўсё самае смачнае, — патлумачыў вам прынцып дзеяньня гэтай дзівоснай прылады фэянін.
Нарэшце зарад у экстрударах скончыўся, і афіцыянт забраў іх, а потым вярнуўся з мэню напояў. Засталося толькі выбраць, што зробіць на фэяніна найбольшае ўражаньне."
"/quests/Photorobot.qmm/jumps/49/text"	"Пиво ""Махпелла Лайт"""	"Quest Photorobot.qmm: jumps.49.text. Preserve every <tag> exactly."	"Quest,Photorobot"	"Піва ""Махпэла Лайт"""
"/quests/Photorobot.qmm/jumps/49/description"	"Приняв заказ, официант забрал меню и покинул вас. Через несколько минут он принес вам две алюминиевые банки пива.
- <Ranger>, вы что, жертва рекламы? Разве вы не знаете, что пиво вредит организму, и в особенности - фэянскому?
Говоря это, он осторожно открыл банку и немного отпил.
- Но вот то, что оно очень вкусно, вы точно знаете! - фэянин засмеялся. - Ну что, <Ranger>... Как говорите вы, люди, дела не делаются на голодный желудок. Теперь, после ужина, я думаю, можно начать наши дела. Итак, - Эйса-Ган посмотрел на вас строгим взглядом, - ваша планета хочет получить патент на производство ксетвоизлучателей. Мы тщательно изучили ваши возможности, и пришли к выводу, что планета <FromPlanet> вполне нам подходит. Но, - фэянин покачал пальцем, - мне бы хотелось узнать от вас еще пару нюансов. Скажите, <Ranger>, почему ваша планета так хочет получить этот патент?"	"Quest Photorobot.qmm: jumps.49.description. Preserve every <tag> exactly."	"Quest,Photorobot"	"Прыняўшы замову, афіцыянт забраў мэню і пакінуў вас. Праз некалькі хвілінаў ён прынёс вам дзьве алюмініевыя бляшанкі піва.
— <Ranger>, вы што, ахвяра рэклямы? Няўжо вы ня ведаеце, што піва шкодзіць арганізму, а асабліва — фэянскаму?
Кажучы гэта, ён асьцярожна адкрыў бляшанку і крыху адпіў.
— Але тое, што яно вельмі смачнае, вы дакладна ведаеце! — фэянін засьмяяўся. — Ну што, <Ranger>... Як кажаце вы, людзі, справы не робяцца на галодны страўнік. Цяпер, пасьля вячэры, я думаю, можна пачаць нашыя справы. Такім чынам, — Эйса-Ган паглядзеў на вас строгім поглядам, — ваша плянэта хоча атрымаць патэнт на вытворчасьць ксетвавыпраменьвальнікаў. Мы старанна вывучылі вашыя магчымасьці і прыйшлі да высновы, што плянэта <FromPlanet> цалкам нам падыходзіць. Але, — фэянін паківаў пальцам, — мне хацелася б даведацца ад вас яшчэ пра пару нюансаў. Скажыце, <Ranger>, чаму ваша плянэта так хоча атрымаць гэты патэнт?"
"/quests/Photorobot.qmm/jumps/50/text"	"Кровь пенчекряка"	"Quest Photorobot.qmm: jumps.50.text. Preserve every <tag> exactly."	"Quest,Photorobot"	"Кроў пэнчэкряка"
"/quests/Photorobot.qmm/jumps/50/description"	"Приняв заказ, официант забрал меню и покинул вас. Через несколько минут он принес вам два крупных бокала, наполненных ярко-алой кровью. Эйса-Гану этот напиток явно не понравился.
- Кровь? Как вы можете! Это же негуманно - убивать беззащитных зверей ради утоления своей жажды! Немедленно верните эту кровь туда, откуда вы ее достали. А мне лучше принесите чистой воды.
Спустя несколько минут вода стояла перед фэянином. Отпив немного, он сказал:
- Ну что, <Ranger>... Как говорите вы, люди, дела не делаются на голодный желудок. Теперь, после ужина, я думаю, можно начать наши дела. Итак, - Эйса-Ган посмотрел на вас строгим взглядом, - ваша планета хочет получить патент на производство ксетвоизлучателей. Мы тщательно изучили ваши возможности, и пришли к выводу, что планета <FromPlanet> вполне нам подходит. Но, - фэянин покачал пальцем, - мне бы хотелось узнать от вас еще пару нюансов. Скажите, <Ranger>, почему ваша планета так хочет получить этот патент?"	"Quest Photorobot.qmm: jumps.50.description. Preserve every <tag> exactly."	"Quest,Photorobot"	"Прыняўшы замову, афіцыянт забраў мэню і пакінуў вас. Праз некалькі хвілінаў ён прынёс вам два вялікія келіхі, напоўненыя ярка-чырвонай крывёй. Эйса-Гану гэты напой яўна не спадабаўся.
— Кроў? Як вы можаце! Гэта ж не гуманна — забіваць безабаронных зьвяроў дзеля сваёй смагі! Неадкладна вярніце гэтую кроў туды, адкуль вы яе дасталі. А мне лепей прынясіце чыстай вады.
Праз некалькі хвілінаў вада стаяла перад фэянінам. Адпіўшы крыху, ён сказаў:
— Ну што, <Ranger>... Як кажаце вы, людзі, справы не робяцца на галодны страўнік. Цяпер, пасьля вячэры, я думаю, можна пачаць нашыя справы. Такім чынам, — Эйса-Ган паглядзеў на вас строгім поглядам, — ваша плянэта хоча атрымаць патэнт на вытворчасьць ксетвавыпраменьвальнікаў. Мы старанна вывучылі вашыя магчымасьці і прыйшлі да высновы, што плянэта <FromPlanet> цалкам нам падыходзіць. Але, — фэянін паківаў пальцам, — мне хацелася б даведацца ад вас яшчэ пра пару нюансаў. Скажыце, <Ranger>, чаму ваша плянэта так хоча атрымаць гэты патэнт?"
"/quests/Photorobot.qmm/jumps/51/text"	"Шраканская слизь"	"Quest Photorobot.qmm: jumps.51.text. Preserve every <tag> exactly."	"Quest,Photorobot"	"Шраканская слізь"
"/quests/Photorobot.qmm/jumps/51/description"	"Приняв заказ, официант забрал меню и покинул вас. Через несколько минут он принес вам две кружки странной формы, наполненных желто-зеленой слизью. Эйса-Гану этот напиток явно не понравился.
- Это еще что такое? Вы этой гадости в болоте набрали? Или у вас на кухне канализацию прорвало? Унесите это, а мне лучше принесите чистой воды.
Спустя несколько минут вода стояла перед фэянином. Отпив немного, он сказал:
- Ну что, <Ranger>... Как говорите вы, люди, дела не делаются на голодный желудок. Теперь, после ужина, я думаю, можно начать наши дела. Итак, - Эйса-Ган посмотрел на вас строгим взглядом, - ваша планета хочет получить патент на производство ксетвоизлучателей. Мы тщательно изучили ваши возможности, и пришли к выводу, что планета <FromPlanet> вполне нам подходит. Но, - фэянин покачал пальцем, - мне бы хотелось узнать от вас еще пару нюансов. Скажите, <Ranger>, почему ваша планета так хочет получить этот патент?"	"Quest Photorobot.qmm: jumps.51.description. Preserve every <tag> exactly."	"Quest,Photorobot"	"Прыняўшы замову, афіцыянт забраў мэню і пакінуў вас. Праз некалькі хвілінаў ён прынёс вам два куфлі дзіўнай формы, напоўненыя жоўта-зялёнай сьлізьзю. Эйса-Гану гэты напой яўна не спадабаўся.
— Гэта яшчэ што такое? Вы гэтай брыдоты ў балоце набралі? Ці ў вас на кухні каналізацыю прарвала? Вынесіце гэта, а мне лепей прынясіце чыстай вады.
Праз некалькі хвілінаў вада стаяла перад фэянінам. Адпіўшы крыху, ён сказаў:
— Ну што, <Ranger>... Як кажаце вы, людзі, справы не робяцца на галодны страўнік. Цяпер, пасьля вячэры, я думаю, можна пачаць нашыя справы. Такім чынам, — Эйса-Ган паглядзеў на вас строгім поглядам, — ваша плянэта хоча атрымаць патэнт на вытворчасьць ксетвавыпраменьвальнікаў. Мы старанна вывучылі вашыя магчымасьці і прыйшлі да высновы, што плянэта <FromPlanet> цалкам нам падыходзіць. Але, — фэянін паківаў пальцам, — мне хацелася б даведацца ад вас яшчэ пра пару нюансаў. Скажыце, <Ranger>, чаму ваша плянэта так хоча атрымаць гэты патэнт?"
"/quests/Photorobot.qmm/jumps/52/text"	"Раствор неон-пропана"	"Quest Photorobot.qmm: jumps.52.text. Preserve every <tag> exactly."	"Quest,Photorobot"	"Раствор нэон-прапану"
"/quests/Photorobot.qmm/jumps/52/description"	"Приняв заказ, официант забрал меню и покинул вас. Через несколько минут он принес вам две металлических кружки, над которыми клубился сиреневый дым. При виде этого напитка Эйса-Ган мгновенно оживился.
- <Ranger>, отличный выбор! Обогащенный неон-пропан содержит все наноэлементы, необходимые для жизни гермафродитам.
Фэянин поднял бокал и отпил немного.
- Никогда не пил ничего вкуснее! Даже гаальский ""Янвелб"" по сравнению с этим - ничто, - фэянин засмеялся. - Ну что, <Ranger>, как говорите вы, люди, дела не делаются на голодный желудок. Теперь, после ужина, я думаю, можно начать наши дела. Итак, - Эйса-Ган посмотрел на вас строгим взглядом, - ваша планета хочет получить патент на производство ксетвоизлучателей. Мы тщательно изучили ваши возможности, и пришли к выводу, что планета <FromPlanet> вполне нам подходит. Но, - фэянин покачал пальцем, - мне бы хотелось узнать от вас еще пару нюансов. Скажите, <Ranger>, почему ваша планета так хочет получить этот патент?"	"Quest Photorobot.qmm: jumps.52.description. Preserve every <tag> exactly."	"Quest,Photorobot"	"Прыняўшы замову, афіцыянт забраў мэню і пакінуў вас. Праз некалькі хвілінаў ён прынёс вам два мэталічныя куфлі, над якімі клубіўся бэзавы дым. Убачыўшы гэты напой, Эйса-Ган імгненна ажывіўся.
— <Ranger>, выдатны выбар! Узбагачаны нэон-прапан утрымлівае ўсе нанаэлемэнты, патрэбныя для жыцьця гермафрадытам.
Фэянін падняў келіх і крыху адпіў.
— Ніколі не піў нічога смачнейшага! Нават гаальскі ""Янвэлб"" у параўнаньні з гэтым — нішто, — фэянін засьмяяўся. — Ну што, <Ranger>, як кажаце вы, людзі, справы не робяцца на галодны страўнік. Цяпер, пасьля вячэры, я думаю, можна пачаць нашыя справы. Такім чынам, — Эйса-Ган паглядзеў на вас строгім поглядам, — ваша плянэта хоча атрымаць патэнт на вытворчасьць ксетвавыпраменьвальнікаў. Мы старанна вывучылі вашыя магчымасьці і прыйшлі да высновы, што плянэта <FromPlanet> цалкам нам падыходзіць. Але, — фэянін паківаў пальцам, — мне хацелася б даведацца ад вас яшчэ пра пару нюансаў. Скажыце, <Ranger>, чаму ваша плянэта так хоча атрымаць гэты патэнт?"
"/quests/Photorobot.qmm/jumps/53/text"	"Вода из реки Страан-Ная"	"Quest Photorobot.qmm: jumps.53.text. Preserve every <tag> exactly."	"Quest,Photorobot"	"Вада з ракі Страан-Ная"
"/quests/Photorobot.qmm/jumps/53/description"	"Приняв заказ, официант забрал меню и покинул вас. Через несколько минут он принес вам два узких бокала, наполненных кристально чистой водой.
- <Ranger>, вы тоже любите экологически чистые напитки? Похвально...
Эйса-Ган поднял бокал и отпил немного.
- Очень вкусно! Конечно, не настолько, как неон-пропан... - фэянин засмеялся. - Ну что, <Ranger>, как говорите вы, люди, дела не делаются на голодный желудок. Теперь, после ужина, я думаю, можно начать наши дела. Итак, - Эйса-Ган посмотрел на вас строгим взглядом, - ваша планета хочет получить патент на производство ксетвоизлучателей. Мы тщательно изучили ваши возможности, и пришли к выводу, что планета <FromPlanet> вполне нам подходит. Но, - фэянин покачал пальцем, - мне бы хотелось узнать от вас еще пару нюансов. Скажите, <Ranger>, почему ваша планета так хочет получить этот патент?"	"Quest Photorobot.qmm: jumps.53.description. Preserve every <tag> exactly."	"Quest,Photorobot"	"Прыняўшы замову, афіцыянт забраў мэню і пакінуў вас. Праз некалькі хвілінаў ён прынёс вам два вузкія келіхі, напоўненыя крыштальна чыстай вадой.
— <Ranger>, вы таксама любіце прыродна чыстыя напоі? Пахвальна...
Эйса-Ган падняў келіх і крыху адпіў.
— Вельмі смачна! Вядома, не настолькі, як нэон-прапан... — фэянін засьмяяўся. — Ну што, <Ranger>, як кажаце вы, людзі, справы не робяцца на галодны страўнік. Цяпер, пасьля вячэры, я думаю, можна пачаць нашыя справы. Такім чынам, — Эйса-Ган паглядзеў на вас строгім поглядам, — ваша плянэта хоча атрымаць патэнт на вытворчасьць ксетвавыпраменьвальнікаў. Мы старанна вывучылі вашыя магчымасьці і прыйшлі да высновы, што плянэта <FromPlanet> цалкам нам падыходзіць. Але, — фэянін паківаў пальцам, — мне хацелася б даведацца ад вас яшчэ пра пару нюансаў. Скажыце, <Ranger>, чаму ваша плянэта так хоча атрымаць гэты патэнт?"
"/quests/Photorobot.qmm/jumps/54/text"	"Новое вооружение поможет нам разобраться с врагами"	"Quest Photorobot.qmm: jumps.54.text. Preserve every <tag> exactly."	"Quest,Photorobot"	"Новае ўзбраеньне дапаможа нам разабрацца з ворагамі"
"/quests/Photorobot.qmm/jumps/54/description"	"- Конечно, - фэянин покачал головой. - Оружие создается для того, чтобы из него убивали. Хотя первоначально мы разрабатывали ксетвоизлучатели в мирных целях... Ну что же, я узнал все, что хотел. Подождите меня здесь, <Ranger>, я скоро вернусь и сообщу вам свое решение.
С этими словами Эйса-Ган встал со своего места и вышел из главного зала."	"Quest Photorobot.qmm: jumps.54.description. Preserve every <tag> exactly."	"Quest,Photorobot"	"— Вядома, — фэянін пахістаў галавой. — Зброя ствараецца дзеля таго, каб зь яе забівалі. Хаця першапачаткова мы распрацоўвалі ксетвавыпраменьвальнікі ў мірных мэтах... Ну што ж, я даведаўся ўсё, што хацеў. Пачакайце мяне тут, <Ranger>, я хутка вярнуся і паведамлю вам сваё рашэньне.
З гэтымі словамі Эйса-Ган устаў са свайго месца і выйшаў з галоўнай залі."
"/quests/Photorobot.qmm/jumps/55/text"	"По нашему мнению, ксетвоизлучатели - единственный путь к всемирной гармонии"	"Quest Photorobot.qmm: jumps.55.text. Preserve every <tag> exactly."	"Quest,Photorobot"	"На нашу думку, ксетвавыпраменьвальнікі — адзіны шлях да сусьветнай гармоніі"
"/quests/Photorobot.qmm/jumps/55/description"	"- Гармония? Какая еще гармония с помощью оружия? - фэянин покачал головой. - По-моему, вы слишком много общались с гаальцами, <Ranger>. Ну что же, я узнал все, что хотел. Подождите меня здесь, я скоро вернусь и сообщу вам свое решение.
С этими словами Эйса-Ган встал со своего места и вышел из главного зала."	"Quest Photorobot.qmm: jumps.55.description. Preserve every <tag> exactly."	"Quest,Photorobot"	"— Гармонія? Якая яшчэ гармонія з дапамогай зброі? — фэянін пахістаў галавой. — На мой погляд, вы занадта шмат мелі зносіны з гаальцамі, <Ranger>. Ну што ж, я даведаўся ўсё, што хацеў. Пачакайце мяне тут, я хутка вярнуся і паведамлю вам сваё рашэньне.
З гэтымі словамі Эйса-Ган устаў са свайго месца і выйшаў з галоўнай залі."
"/quests/Photorobot.qmm/jumps/56/text"	"Наша планета хорошо заработает на продаже ксетвоизлучателей"	"Quest Photorobot.qmm: jumps.56.text. Preserve every <tag> exactly."	"Quest,Photorobot"	"Наша плянэта добра заробіць на продажы ксетвавыпраменьвальнікаў"
"/quests/Photorobot.qmm/jumps/56/description"	"- Эх, люди, люди... Вы думаете только о том, как бы набить свои карманы деньгами, - фэянин покачал головой. - Но я не смею вас упрекать. Мы ведь тоже продаем схемы ксетвоизлучателей не от хорошей жизни... Ну что же, я узнал все, что хотел. Подождите меня здесь, <Ranger>, я скоро вернусь и сообщу вам свое решение.
С этими словами Эйса-Ган встал со своего места и вышел из главного зала."	"Quest Photorobot.qmm: jumps.56.description. Preserve every <tag> exactly."	"Quest,Photorobot"	"— Эх, людзі, людзі... Вы думаеце толькі пра тое, як бы набіць свае кішэні грашыма, — фэянін пахістаў галавой. — Але я не сьмею вас дакараць. Мы ж таксама прадаём схемы ксетвавыпраменьвальнікаў не ад добрага жыцьця... Ну што ж, я даведаўся ўсё, што хацеў. Пачакайце мяне тут, <Ranger>, я хутка вярнуся і паведамлю вам сваё рашэньне.
З гэтымі словамі Эйса-Ган устаў са свайго месца і выйшаў з галоўнай залі."
"/quests/Photorobot.qmm/jumps/57/text"	"Знание строения ксетвоизлучателей серьезно продвинет нас в изучении строения доминаторов"	"Quest Photorobot.qmm: jumps.57.text. Preserve every <tag> exactly."	"Quest,Photorobot"	"Веданьне будовы ксетвавыпраменьвальнікаў істотна прасуне нас у вывучэньні будовы дамінатараў"
"/quests/Photorobot.qmm/jumps/57/description"	"- Вот именно! - фэянин закивал головой. - Я всегда говорил, что ксетвоизлучатели и доминаторы построены схожими способами, так что дальнейшие исследования в этой области... Но стоп, я отвлекся. Я узнал все, что хотел. Подождите меня здесь, <Ranger>, я скоро вернусь и сообщу вам свое решение.
С этими словами Эйса-Ган встал со своего места и вышел из главного зала."	"Quest Photorobot.qmm: jumps.57.description. Preserve every <tag> exactly."	"Quest,Photorobot"	"— Вось менавіта! — фэянін заківаў галавой. — Я заўсёды казаў, што ксетвавыпраменьвальнікі і дамінатары пабудаваныя падобнымі спосабамі, так што далейшыя дасьледаваньні ў гэтай галіне... Але стоп, я адцягнуўся. Я даведаўся ўсё, што хацеў. Пачакайце мяне тут, <Ranger>, я хутка вярнуся і паведамлю вам сваё рашэньне.
З гэтымі словамі Эйса-Ган устаў са свайго месца і выйшаў з галоўнай залі."
"/quests/Photorobot.qmm/jumps/58/text"	"Идея такая: получив патент, мы продадим все секретные чертежи пеленгам и заработаем кучу денег"	"Quest Photorobot.qmm: jumps.58.text. Preserve every <tag> exactly."	"Quest,Photorobot"	"Ідэя такая: атрымаўшы патэнт, мы прададзім усе сакрэтныя чарцяжы пеленгам і заробім кучу грошай"
"/quests/Photorobot.qmm/jumps/59/text"	"Знаете, вы правы. Никаких контрактов, я передумал"	"Quest Photorobot.qmm: jumps.59.text. Preserve every <tag> exactly."	"Quest,Photorobot"	"Ведаеце, вы маеце рацыю. Ніякіх кантрактаў, я перадумаў"
"/quests/Photorobot.qmm/jumps/60/text"	"Смотреть вокруг"	"Quest Photorobot.qmm: jumps.60.text. Preserve every <tag> exactly."	"Quest,Photorobot"	"Глядзець вакол"
"/quests/Photorobot.qmm/jumps/61/text"	"Нет, все в порядке"	"Quest Photorobot.qmm: jumps.61.text. Preserve every <tag> exactly."	"Quest,Photorobot"	"Не, усё ў парадку"
"/quests/Photorobot.qmm/jumps/62/text"	"Нет, все в порядке"	"Quest Photorobot.qmm: jumps.62.text. Preserve every <tag> exactly."	"Quest,Photorobot"	"Не, усё ў парадку"
"/quests/Photorobot.qmm/jumps/63/text"	"Покинуть ресторан"	"Quest Photorobot.qmm: jumps.63.text. Preserve every <tag> exactly."	"Quest,Photorobot"	"Пакінуць рэстаран"
"/quests/Photorobot.qmm/jumps/66/text"	"Не томите - вы поймали его?"	"Quest Photorobot.qmm: jumps.66.text. Preserve every <tag> exactly."	"Quest,Photorobot"	"Не таміце — вы злавілі яго?"
"/quests/Photorobot.qmm/jumps/67/text"	"Не томите - вы поймали его?"	"Quest Photorobot.qmm: jumps.67.text. Preserve every <tag> exactly."	"Quest,Photorobot"	"Не таміце — вы злавілі яго?"
"/quests/Photorobot.qmm/jumps/68/text"	"Очнуться"	"Quest Photorobot.qmm: jumps.68.text. Preserve every <tag> exactly."	"Quest,Photorobot"	"Апрытомнець"
"/quests/Photorobot.qmm/jumps/69/text"	"Кто вы?"	"Quest Photorobot.qmm: jumps.69.text. Preserve every <tag> exactly."	"Quest,Photorobot"	"Хто вы?"
"/quests/Photorobot.qmm/jumps/70/text"	"Я не запомнил его фигуры"	"Quest Photorobot.qmm: jumps.70.text. Preserve every <tag> exactly."	"Quest,Photorobot"	"Я не запомніў ягонай фігуры"
"/quests/Photorobot.qmm/jumps/71/text"	"Преступник был довольно крупный в области живота"	"Quest Photorobot.qmm: jumps.71.text. Preserve every <tag> exactly."	"Quest,Photorobot"	"Злачынец быў даволі буйны ў вобласьці жывата"
"/quests/Photorobot.qmm/jumps/72/text"	"Ничего особенного в фигуре не было - среднее телосложение, кажется, так говорят?"	"Quest Photorobot.qmm: jumps.72.text. Preserve every <tag> exactly."	"Quest,Photorobot"	"Нічога асаблівага ў фігуры не было — сярэдні целасклад, здаецца, так кажуць?"
"/quests/Photorobot.qmm/jumps/73/text"	"Вроде бы он был несколько худощав"	"Quest Photorobot.qmm: jumps.73.text. Preserve every <tag> exactly."	"Quest,Photorobot"	"Здаецца, ён быў крыху хударлявы"
"/quests/Photorobot.qmm/jumps/74/text"	"Я ничего не могу сказать об этом"	"Quest Photorobot.qmm: jumps.74.text. Preserve every <tag> exactly."	"Quest,Photorobot"	"Я нічога не магу сказаць пра гэта"
"/quests/Photorobot.qmm/jumps/75/text"	"У него было обычное овальное лицо"	"Quest Photorobot.qmm: jumps.75.text. Preserve every <tag> exactly."	"Quest,Photorobot"	"У яго быў звычайны авальны твар"
"/quests/Photorobot.qmm/jumps/76/text"	"Даже в маске его лицо выглядело треугольным"	"Quest Photorobot.qmm: jumps.76.text. Preserve every <tag> exactly."	"Quest,Photorobot"	"Нават у масцы ягоны твар выглядаў трохвугольным"
"/quests/Photorobot.qmm/jumps/77/text"	"Его безмозглая башка была квадратной"	"Quest Photorobot.qmm: jumps.77.text. Preserve every <tag> exactly."	"Quest,Photorobot"	"Ягоная дурная галава была квадратная"
"/quests/Photorobot.qmm/jumps/78/text"	"Я бы назвал преступника ""Колобок на палочке"""	"Quest Photorobot.qmm: jumps.78.text. Preserve every <tag> exactly."	"Quest,Photorobot"	"Я б назваў злачынца ""Калабок на палачцы"""
"/quests/Photorobot.qmm/jumps/79/text"	"Извините, Джером, но я не заметил его прически"	"Quest Photorobot.qmm: jumps.79.text. Preserve every <tag> exactly."	"Quest,Photorobot"	"Прабачце, Джэром, але я не заўважыў ягонай прычоскі"
"/quests/Photorobot.qmm/jumps/80/text"	"Вспоминать, в общем-то, нечего - он был лысый"	"Quest Photorobot.qmm: jumps.80.text. Preserve every <tag> exactly."	"Quest,Photorobot"	"Успамінаць, уласна, няма чаго — ён быў лысы"
"/quests/Photorobot.qmm/jumps/81/text"	"Если бы не такая сильная рука, я мог бы поклясться, что преступник - женщина. Иначе почему бы у него сзади была такая длинная коса?"	"Quest Photorobot.qmm: jumps.81.text. Preserve every <tag> exactly."	"Quest,Photorobot"	"Калі б не такая моцная рука, я мог бы паклясьціся, што злачынец — жанчына. Інакш навошта б у яго ззаду была такая доўгая каса?"
"/quests/Photorobot.qmm/jumps/82/text"	"Его волосы были закручены в множество маленьких косичек"	"Quest Photorobot.qmm: jumps.82.text. Preserve every <tag> exactly."	"Quest,Photorobot"	"Ягоныя валасы былі закручаныя ў мноства маленькіх косак"
"/quests/Photorobot.qmm/jumps/83/text"	"У него была довольно запоминающаяся прическа - так называемый ""Ирокез"""	"Quest Photorobot.qmm: jumps.83.text. Preserve every <tag> exactly."	"Quest,Photorobot"	"У яго была даволі памятная прычоска — так званы ""Іракез"""
"/quests/Photorobot.qmm/jumps/84/text"	"У бедняги был шрам через все лицо. Наверное, порезался, когда брился"	"Quest Photorobot.qmm: jumps.84.text. Preserve every <tag> exactly."	"Quest,Photorobot"	"У бедалага быў шрам праз увесь твар. Мусіць, парэзаўся, калі галіўся"
"/quests/Photorobot.qmm/jumps/85/text"	"Когда он подсел ко мне в ресторане, я успел заметить, что у него было четыре пальца"	"Quest Photorobot.qmm: jumps.85.text. Preserve every <tag> exactly."	"Quest,Photorobot"	"Калі ён падсеў да мяне ў рэстаране, я пасьпеў заўважыць, што ў яго было чатыры пальцы"
"/quests/Photorobot.qmm/jumps/86/text"	"Когда он бил меня кулаком по лицу, я успел заметить, что у него на пальцах было вытатуировано имя ""Вася"""	"Quest Photorobot.qmm: jumps.86.text. Preserve every <tag> exactly."	"Quest,Photorobot"	"Калі ён біў мяне кулаком па твары, я пасьпеў заўважыць, што ў яго на пальцах было вытатуяванае імя ""Вася"""
"/quests/Photorobot.qmm/jumps/87/text"	"Я не экстрасенс, чтобы увидеть его лицо под маской"	"Quest Photorobot.qmm: jumps.87.text. Preserve every <tag> exactly."	"Quest,Photorobot"	"Я не экстрасэнс, каб убачыць ягоны твар пад маскай"
"/quests/Photorobot.qmm/jumps/88/text"	"Извините, но я был занят не цветом глаз преступника, а размером его кулака"	"Quest Photorobot.qmm: jumps.88.text. Preserve every <tag> exactly."	"Quest,Photorobot"	"Прабачце, але я быў заняты не колерам вачэй злачынца, а памерам ягонага кулака"
"/quests/Photorobot.qmm/jumps/89/text"	"Я был слишком напуган его угрозами, чтобы обращать внимание на какие-то там носы"	"Quest Photorobot.qmm: jumps.89.text. Preserve every <tag> exactly."	"Quest,Photorobot"	"Я быў занадта напалоханы ягонымі пагрозамі, каб зважаць на нейкія там насы"
"/quests/Photorobot.qmm/jumps/90/text"	"Голос? А что с голосом? Э-э, не знаю... Я как-то не обратил на него внимания"	"Quest Photorobot.qmm: jumps.90.text. Preserve every <tag> exactly."	"Quest,Photorobot"	"Голас? А што з голасам? Э-э, ня ведаю... Я неяк не зьвярнуў на яго ўвагі"
"/quests/Photorobot.qmm/jumps/91/text"	"Преступник страшно шепелявил и посвистывал, как будто говорил не человек, а пеленг с выбитыми зубами"	"Quest Photorobot.qmm: jumps.91.text. Preserve every <tag> exactly."	"Quest,Photorobot"	"Злачынец страшэнна шапялявіў і пасьвістваў, быццам гаварыў не чалавек, а пеленг з выбітымі зубамі"
"/quests/Photorobot.qmm/jumps/92/text"	"Голос? Ногмальный голос, как у всех ногмальных людей. Ни кагтавый, ни какой-то стганный, а обыкновенный"	"Quest Photorobot.qmm: jumps.92.text. Preserve every <tag> exactly."	"Quest,Photorobot"	"Голас? Нагмальны голас, як ва ўсіх нагмальных людзей. Ні кагтавы, ні які-небудзь дзіўны, а звычайны"
"/quests/Photorobot.qmm/jumps/93/text"	"Он говорил спокойным, тихим голосом, стараясь не привлекать к себе внимания окружающих"	"Quest Photorobot.qmm: jumps.93.text. Preserve every <tag> exactly."	"Quest,Photorobot"	"Ён гаварыў спакойным, ціхім голасам, стараючыся не прыцягваць да сябе ўвагі навакольных"
"/quests/Photorobot.qmm/jumps/94/text"	"У него был заметен немного писклявый акцент"	"Quest Photorobot.qmm: jumps.94.text. Preserve every <tag> exactly."	"Quest,Photorobot"	"У яго быў прыкметны крыху пісклявы акцэнт"
"/quests/Photorobot.qmm/jumps/95/text"	"У преступника был низкий прокуренный голос"	"Quest Photorobot.qmm: jumps.95.text. Preserve every <tag> exactly."	"Quest,Photorobot"	"У злачынца быў нізкі пракураны голас"
"/quests/Photorobot.qmm/jumps/96/text"	"Этот парень носил стильные черные очки а-ля ""Рачехан"""	"Quest Photorobot.qmm: jumps.96.text. Preserve every <tag> exactly."	"Quest,Photorobot"	"Гэты хлопец насіў стыльныя чорныя акуляры а-ля ""Рачэхан"""
"/quests/Photorobot.qmm/jumps/97/text"	"У него были такие же узкие глаза, как у героев фильма ""Пенчекряки в матросках"""	"Quest Photorobot.qmm: jumps.97.text. Preserve every <tag> exactly."	"Quest,Photorobot"	"У яго былі такія ж вузкія вочы, як у герояў фільму ""Пэнчэкрякі ў матросках"""
"/quests/Photorobot.qmm/jumps/98/text"	"Я точно не помню, но кажется, вместо левого глаза у него была повязка"	"Quest Photorobot.qmm: jumps.98.text. Preserve every <tag> exactly."	"Quest,Photorobot"	"Я дакладна не памятаю, але здаецца, замест левага вока ў яго была павязка"
"/quests/Photorobot.qmm/jumps/99/text"	"В своей маске он был похож на циклопа - правого глаза у него не было"	"Quest Photorobot.qmm: jumps.99.text. Preserve every <tag> exactly."	"Quest,Photorobot"	"У сваёй масцы ён быў падобны да цыклёпа — правага вока ў яго не было"
"/quests/Photorobot.qmm/jumps/100/text"	"Странно, но его глаза смотрели в разные стороны"	"Quest Photorobot.qmm: jumps.100.text. Preserve every <tag> exactly."	"Quest,Photorobot"	"Дзіўна, але ягоныя вочы глядзелі ў розныя бакі"
"/quests/Photorobot.qmm/jumps/101/text"	"У него была козлиная бородка. Да и сам он козел"	"Quest Photorobot.qmm: jumps.101.text. Preserve every <tag> exactly."	"Quest,Photorobot"	"У яго была казіная бародка. Ды і сам ён казёл"
"/quests/Photorobot.qmm/jumps/102/text"	"Преступник носил длинную бороду, как у Деда Мороза"	"Quest Photorobot.qmm: jumps.102.text. Preserve every <tag> exactly."	"Quest,Photorobot"	"Злачынец насіў доўгую бараду, як у Дзеда Мароза"
"/quests/Photorobot.qmm/jumps/103/text"	"Видимо, преступник не просыхал неделю, иначе почему бы у него была такая щетина?"	"Quest Photorobot.qmm: jumps.103.text. Preserve every <tag> exactly."	"Quest,Photorobot"	"Відаць, злачынец не прасыхаў тыдзень, інакш чаму б у яго было такое шчаціньне?"
"/quests/Photorobot.qmm/jumps/104/text"	"Вы когда-нибудь видели пеленгов? Вот у грабителя были точь-в-точь такие же усы, как у них. Только из волос, а не из кожи, естественно"	"Quest Photorobot.qmm: jumps.104.text. Preserve every <tag> exactly."	"Quest,Photorobot"	"Вы калі-небудзь бачылі пеленгаў? Вось у рабаўніка былі дакладна такія самыя вусы, як у іх. Толькі з валасоў, а не са скуры, вядома"
"/quests/Photorobot.qmm/jumps/105/text"	"Какая еще борода? Он же вам не Дед Мороз!"	"Quest Photorobot.qmm: jumps.105.text. Preserve every <tag> exactly."	"Quest,Photorobot"	"Якая яшчэ барада? Ён жа вам не Дзед Мароз!"
"/quests/Photorobot.qmm/jumps/106/text"	"Конечно! У него было большое родимое пятно на левой пятке. Бэнкс, вы идиот? Какие еще пятна? Я же его голым не осматривал!"	"Quest Photorobot.qmm: jumps.106.text. Preserve every <tag> exactly."	"Quest,Photorobot"	"Вядома! У яго была вялікая радзімая пляма на левай пятцы. Бэнкс, вы ідыёт? Якія яшчэ плямы? Я ж яго голым не аглядаў!"
"/quests/Photorobot.qmm/jumps/107/text"	"Знаете, а ведь мне еще повезло! Этот парень, похоже, немного ""со странностями"", я мог и не отделаться так легко! Почему? А вы не находите странным, что у него на запястье было вытатуировано имя ""Зина""?"	"Quest Photorobot.qmm: jumps.107.text. Preserve every <tag> exactly."	"Quest,Photorobot"	"Ведаеце, а мне яшчэ пашанцавала! Гэты хлопец, здаецца, крыху са дзівацтвамі, я мог і не адкараскацца так лёгка! Чаму? А вы не знаходзіце дзіўным, што ў яго на запясьці было вытатуяванае імя ""Зіна""?"
"/quests/Photorobot.qmm/jumps/108/text"	"Что можно сказать о его носе? Нос как нос, обычный, такой вот, как у меня"	"Quest Photorobot.qmm: jumps.108.text. Preserve every <tag> exactly."	"Quest,Photorobot"	"Што можна сказаць пра ягоны нос? Нос як нос, звычайны, вось такі, як у мяне"
"/quests/Photorobot.qmm/jumps/109/text"	"Мне кажется, что у него был большой нос"	"Quest Photorobot.qmm: jumps.109.text. Preserve every <tag> exactly."	"Quest,Photorobot"	"Мне здаецца, што ў яго быў вялікі нос"
"/quests/Photorobot.qmm/jumps/110/text"	"Нос преступника был заклеен пластырем - видимо, сломал где-то"	"Quest Photorobot.qmm: jumps.110.text. Preserve every <tag> exactly."	"Quest,Photorobot"	"Нос злачынца быў заклеены плястарам — відаць, зламаў дзесьці"
"/quests/Photorobot.qmm/jumps/111/text"	"Не томите - вы поймали его?"	"Quest Photorobot.qmm: jumps.111.text. Preserve every <tag> exactly."	"Quest,Photorobot"	"Не таміце — вы злавілі яго?"
"/quests/Photorobot.qmm/jumps/112/text"	"Отправиться к стоянке такси"	"Quest Photorobot.qmm: jumps.112.text. Preserve every <tag> exactly."	"Quest,Photorobot"	"Пайсьці да стаянкі таксі"
"/quests/Photorobot.qmm/jumps/113/text"	"Отправиться к стоянке такси"	"Quest Photorobot.qmm: jumps.113.text. Preserve every <tag> exactly."	"Quest,Photorobot"	"Пайсьці да стаянкі таксі"
"/quests/Photorobot.qmm/jumps/114/text"	"Смотреть вокруг"	"Quest Photorobot.qmm: jumps.114.text. Preserve every <tag> exactly."	"Quest,Photorobot"	"Глядзець вакол"
"/quests/Photorobot.qmm/jumps/115/text"	"Смотреть вокруг"	"Quest Photorobot.qmm: jumps.115.text. Preserve every <tag> exactly."	"Quest,Photorobot"	"Глядзець вакол"
"/quests/Photorobot.qmm/jumps/116/text"	"Покинуть ресторан"	"Quest Photorobot.qmm: jumps.116.text. Preserve every <tag> exactly."	"Quest,Photorobot"	"Пакінуць рэстаран"
"/quests/Photorobot.qmm/jumps/117/text"	"Покинуть ресторан"	"Quest Photorobot.qmm: jumps.117.text. Preserve every <tag> exactly."	"Quest,Photorobot"	"Пакінуць рэстаран"
"/quests/Photorobot.qmm/jumps/118/text"	"Не томите - вы поймали его?"	"Quest Photorobot.qmm: jumps.118.text. Preserve every <tag> exactly."	"Quest,Photorobot"	"Не таміце — вы злавілі яго?"
