"identifier"	"source_phrase"	"context"	"labels"	"be"
"/quests/Ski.qmm/parameters/0/name"	"Популярность"	"Quest Ski.qmm: parameters.0.name. Preserve every <tag> exactly. English reference: Popularity"	"Quest,Ski"	""
"/quests/Ski.qmm/parameters/0/lines/0/content"	"Курорт ненавидят"	"Quest Ski.qmm: parameters.0.lines.0.content. Preserve every <tag> exactly. English reference: They hate the resort"	"Quest,Ski"	""
"/quests/Ski.qmm/parameters/0/lines/1/content"	"Популярность курорта <> %"	"Quest Ski.qmm: parameters.0.lines.1.content. Preserve every <tag> exactly. English reference: Popularity of the resort <> %"	"Quest,Ski"	""
"/quests/Ski.qmm/parameters/0/lines/2/content"	"Курорт обожают"	"Quest Ski.qmm: parameters.0.lines.2.content. Preserve every <tag> exactly. English reference: They adore the resort"	"Quest,Ski"	""
"/quests/Ski.qmm/parameters/0/crit_text"	"Согласно данным социологических опросов, ваш курорт признан худшим на планете <ToPlanet>. Многочисленные жалобы ваших разочарованных клиентов вынудили правительство отобрать у вас лицензию. Вы с позором провалили свою миссию!"	"Quest Ski.qmm: parameters.0.crit_text. Preserve every <tag> exactly. English reference: According to the interview data, your resort is declared to be the worst one on <ToPlanet>. Multiple complaints from your disappointed clients forced our government to disqualify you from managing the resort. You failed your mission completely!"	"Quest,Ski"	""
"/quests/Ski.qmm/parameters/1/name"	"Деньги"	"Quest Ski.qmm: parameters.1.name. Preserve every <tag> exactly. English reference: Money"	"Quest,Ski"	""
"/quests/Ski.qmm/parameters/1/lines/0/content"	"Денег нет!!!"	"Quest Ski.qmm: parameters.1.lines.0.content. Preserve every <tag> exactly. English reference: No money!!!"	"Quest,Ski"	""
"/quests/Ski.qmm/parameters/1/lines/1/content"	"Денег на счету: <><clr>.000<clrEnd> cr"	"Quest Ski.qmm: parameters.1.lines.1.content. Preserve every <tag> exactly. English reference: Money on the account: <><clr>.000<clrEnd> cr"	"Quest,Ski"	""
"/quests/Ski.qmm/parameters/1/crit_text"	"<clr>Вы растратили все деньги!<clrEnd> Ваш <clr>заместитель<clrEnd> не упустил своего шанса, сразу же отправив на планету <FromPlanet> рапорт о разорении курорта. Ответ пришел незамедлительно - рейнджер <Ranger> уволен!

Вы провалили вашу миссию."	"Quest Ski.qmm: parameters.1.crit_text. Preserve every <tag> exactly. English reference: <clr>You mopped up all the money!<clrEnd> Your <clr>deputy<clrEnd> didn't lose his chance and immediately sent a report about the downfall of the resort to <FromPlanet>. It didn't take long to receive the answer - ranger <Ranger> is fired!

You failed your mission."	"Quest,Ski"	""
"/quests/Ski.qmm/parameters/2/name"	"Реклама"	"Quest Ski.qmm: parameters.2.name. Preserve every <tag> exactly. English reference: Advertising"	"Quest,Ski"	""
"/quests/Ski.qmm/parameters/2/lines/0/content"	"Расходы на рекламу: <clr>0<clrEnd> cr"	"Quest Ski.qmm: parameters.2.lines.0.content. Preserve every <tag> exactly. English reference: Advertising expenses: <clr>0<clrEnd> cr"	"Quest,Ski"	""
"/quests/Ski.qmm/parameters/2/lines/1/content"	"Расходы на рекламу: {[p3]*10}<clr>.000<clrEnd> cr"	"Quest Ski.qmm: parameters.2.lines.1.content. Preserve every <tag> exactly. English reference: Advertising expenses: {[p3]*10}<clr>.000<clrEnd> cr"	"Quest,Ski"	""
"/quests/Ski.qmm/parameters/2/crit_text"	"Сообщение достижения критического значения параметром 20"	"Quest Ski.qmm: parameters.2.crit_text. Preserve every <tag> exactly."	"Quest,Ski"	""
"/quests/Ski.qmm/parameters/3/name"	"Гостиницы"	"Quest Ski.qmm: parameters.3.name. Preserve every <tag> exactly. English reference: Hotels"	"Quest,Ski"	""
"/quests/Ski.qmm/parameters/3/lines/0/content"	"Гостиниц: <> ({60*[p4]} мест)"	"Quest Ski.qmm: parameters.3.lines.0.content. Preserve every <tag> exactly. English reference: Hotels: <> ({60*[p4]} beds)"	"Quest,Ski"	""
"/quests/Ski.qmm/parameters/3/crit_text"	"Сообщение достижения критического значения параметром 13"	"Quest Ski.qmm: parameters.3.crit_text. Preserve every <tag> exactly."	"Quest,Ski"	""
"/quests/Ski.qmm/parameters/4/name"	"Рестораны"	"Quest Ski.qmm: parameters.4.name. Preserve every <tag> exactly. English reference: Restaurants"	"Quest,Ski"	""
"/quests/Ski.qmm/parameters/4/lines/0/content"	"Ресторанов: <> ({45*[p5]} мест)"	"Quest Ski.qmm: parameters.4.lines.0.content. Preserve every <tag> exactly. English reference: Restaurants: <> ({45*[p5]} seats)"	"Quest,Ski"	""
"/quests/Ski.qmm/parameters/4/crit_text"	"Сообщение достижения критического значения параметром 14"	"Quest Ski.qmm: parameters.4.crit_text. Preserve every <tag> exactly."	"Quest,Ski"	""
"/quests/Ski.qmm/parameters/5/name"	"Уехало новичков"	"Quest Ski.qmm: parameters.5.name. Preserve every <tag> exactly. English reference: Beginners left"	"Quest,Ski"	""
"/quests/Ski.qmm/parameters/5/lines/0/content"	"ВСЕГО ПОСЕТИТЕЛЕЙ: {[p7]+[p8]}"	"Quest Ski.qmm: parameters.5.lines.0.content. Preserve every <tag> exactly. English reference: TOTAL NUMBER OF VISITORS: {[p7]+[p8]}"	"Quest,Ski"	""
"/quests/Ski.qmm/parameters/5/crit_text"	"Сообщение достижения критического значения параметром 2"	"Quest Ski.qmm: parameters.5.crit_text. Preserve every <tag> exactly."	"Quest,Ski"	""
"/quests/Ski.qmm/parameters/6/name"	"Новички"	"Quest Ski.qmm: parameters.6.name. Preserve every <tag> exactly. English reference: Beginners"	"Quest,Ski"	""
"/quests/Ski.qmm/parameters/6/lines/0/content"	"Новичков: <>"	"Quest Ski.qmm: parameters.6.lines.0.content. Preserve every <tag> exactly. English reference: Beginners: <>"	"Quest,Ski"	""
"/quests/Ski.qmm/parameters/6/crit_text"	"Сообщение достижения критического значения параметром 3"	"Quest Ski.qmm: parameters.6.crit_text. Preserve every <tag> exactly."	"Quest,Ski"	""
"/quests/Ski.qmm/parameters/7/name"	"Профессионалы"	"Quest Ski.qmm: parameters.7.name. Preserve every <tag> exactly. English reference: Pros"	"Quest,Ski"	""
"/quests/Ski.qmm/parameters/7/lines/0/content"	"Профессионалов: <>"	"Quest Ski.qmm: parameters.7.lines.0.content. Preserve every <tag> exactly. English reference: Pros: <>"	"Quest,Ski"	""
"/quests/Ski.qmm/parameters/7/crit_text"	"Сообщение достижения критического значения параметром 4"	"Quest Ski.qmm: parameters.7.crit_text. Preserve every <tag> exactly."	"Quest,Ski"	""
"/quests/Ski.qmm/parameters/8/name"	"Приехало новичков"	"Quest Ski.qmm: parameters.8.name. Preserve every <tag> exactly. English reference: Beginners arrived"	"Quest,Ski"	""
"/quests/Ski.qmm/parameters/8/lines/0/content"	"ПОДЪЕМНИКИ ({[p10]*30+50*[p11]} мест)"	"Quest Ski.qmm: parameters.8.lines.0.content. Preserve every <tag> exactly. English reference: SKI LIFTS ({[p10]*30+50*[p11]} seats)"	"Quest,Ski"	""
"/quests/Ski.qmm/parameters/8/crit_text"	"Сообщение достижения критического значения параметром 1"	"Quest Ski.qmm: parameters.8.crit_text. Preserve every <tag> exactly."	"Quest,Ski"	""
"/quests/Ski.qmm/parameters/9/name"	"Кресельные"	"Quest Ski.qmm: parameters.9.name. Preserve every <tag> exactly. English reference: With chairs"	"Quest,Ski"	""
"/quests/Ski.qmm/parameters/9/lines/0/content"	"Кресельных: <>"	"Quest Ski.qmm: parameters.9.lines.0.content. Preserve every <tag> exactly. English reference: With chairs: <>"	"Quest,Ski"	""
"/quests/Ski.qmm/parameters/9/crit_text"	"Сообщение достижения критического значения параметром 5"	"Quest Ski.qmm: parameters.9.crit_text. Preserve every <tag> exactly."	"Quest,Ski"	""
"/quests/Ski.qmm/parameters/10/name"	"Кабиночные"	"Quest Ski.qmm: parameters.10.name. Preserve every <tag> exactly. English reference: With cabins"	"Quest,Ski"	""
"/quests/Ski.qmm/parameters/10/lines/0/content"	"Кабиночных: <> <br>---"	"Quest Ski.qmm: parameters.10.lines.0.content. Preserve every <tag> exactly. English reference: With cabins: <> <br>---"	"Quest,Ski"	""
"/quests/Ski.qmm/parameters/10/crit_text"	"Сообщение достижения критического значения параметром 6"	"Quest Ski.qmm: parameters.10.crit_text. Preserve every <tag> exactly."	"Quest,Ski"	""
"/quests/Ski.qmm/parameters/11/name"	"Зеленые"	"Quest Ski.qmm: parameters.11.name. Preserve every <tag> exactly. English reference: Green"	"Quest,Ski"	""
"/quests/Ski.qmm/parameters/11/lines/0/content"	"Трасс для новичков: <>"	"Quest Ski.qmm: parameters.11.lines.0.content. Preserve every <tag> exactly. English reference: Tracks for beginners: <>"	"Quest,Ski"	""
"/quests/Ski.qmm/parameters/11/crit_text"	"Сообщение достижения критического значения параметром 9"	"Quest Ski.qmm: parameters.11.crit_text. Preserve every <tag> exactly."	"Quest,Ski"	""
"/quests/Ski.qmm/parameters/12/name"	"Красные"	"Quest Ski.qmm: parameters.12.name. Preserve every <tag> exactly. English reference: Red"	"Quest,Ski"	""
"/quests/Ski.qmm/parameters/12/lines/0/content"	"Обычных трасс: <>"	"Quest Ski.qmm: parameters.12.lines.0.content. Preserve every <tag> exactly. English reference: Average tracks: <>"	"Quest,Ski"	""
"/quests/Ski.qmm/parameters/12/crit_text"	"Сообщение достижения критического значения параметром 10"	"Quest Ski.qmm: parameters.12.crit_text. Preserve every <tag> exactly."	"Quest,Ski"	""
"/quests/Ski.qmm/parameters/13/name"	"Черные"	"Quest Ski.qmm: parameters.13.name. Preserve every <tag> exactly. English reference: Black"	"Quest,Ski"	""
"/quests/Ski.qmm/parameters/13/lines/0/content"	"Трасс для профессионалов: <>"	"Quest Ski.qmm: parameters.13.lines.0.content. Preserve every <tag> exactly. English reference: Tracks for pros: <>"	"Quest,Ski"	""
"/quests/Ski.qmm/parameters/13/crit_text"	"Сообщение достижения критического значения параметром 11"	"Quest Ski.qmm: parameters.13.crit_text. Preserve every <tag> exactly."	"Quest,Ski"	""
"/quests/Ski.qmm/parameters/14/name"	"Деньги2"	"Quest Ski.qmm: parameters.14.name. Preserve every <tag> exactly. English reference: Money2"	"Quest,Ski"	""
"/quests/Ski.qmm/parameters/14/lines/0/content"	"ТРАССЫ  ОБСЛУЖИВАЮТ:<br>Новичков: {[p12]*20+10*[p13]};<br>Профессионалов: {10*[p13]+[p14]*20}"	"Quest Ski.qmm: parameters.14.lines.0.content. Preserve every <tag> exactly. English reference: Tracks receive:<br>beginners: {[p12]*20+10*[p13]};<br>pros: {10*[p13]+[p14]*20}"	"Quest,Ski"	""
"/quests/Ski.qmm/parameters/15/name"	"Y"	"Quest Ski.qmm: parameters.15.name. Preserve every <tag> exactly."	"Quest,Ski"	""
"/quests/Ski.qmm/parameters/15/crit_text"	"Сообщение достижения критического значения параметром 15"	"Quest Ski.qmm: parameters.15.crit_text. Preserve every <tag> exactly."	"Quest,Ski"	""
"/quests/Ski.qmm/parameters/16/name"	"Вечерние новички"	"Quest Ski.qmm: parameters.16.name. Preserve every <tag> exactly. English reference: Evening beginners"	"Quest,Ski"	""
"/quests/Ski.qmm/parameters/16/crit_text"	"Сообщение достижения критического значения параметром 17"	"Quest Ski.qmm: parameters.16.crit_text. Preserve every <tag> exactly."	"Quest,Ski"	""
"/quests/Ski.qmm/parameters/17/name"	"Вечерние профи"	"Quest Ski.qmm: parameters.17.name. Preserve every <tag> exactly. English reference: Evening pros"	"Quest,Ski"	""
"/quests/Ski.qmm/parameters/17/crit_text"	"Сообщение достижения критического значения параметром 21"	"Quest Ski.qmm: parameters.17.crit_text. Preserve every <tag> exactly."	"Quest,Ski"	""
"/quests/Ski.qmm/parameters/18/name"	"Уехало профи"	"Quest Ski.qmm: parameters.18.name. Preserve every <tag> exactly. English reference: Pros left"	"Quest,Ski"	""
"/quests/Ski.qmm/parameters/18/crit_text"	"Сообщение достижения критического значения параметром 18"	"Quest Ski.qmm: parameters.18.crit_text. Preserve every <tag> exactly."	"Quest,Ski"	""
"/quests/Ski.qmm/parameters/19/name"	"Приехало профи"	"Quest Ski.qmm: parameters.19.name. Preserve every <tag> exactly. English reference: Pros arrived"	"Quest,Ski"	""
"/quests/Ski.qmm/parameters/19/crit_text"	"Сообщение достижения критического значения параметром 19"	"Quest Ski.qmm: parameters.19.crit_text. Preserve every <tag> exactly."	"Quest,Ski"	""
"/quests/Ski.qmm/parameters/20/name"	"Деньги игрока"	"Quest Ski.qmm: parameters.20.name. Preserve every <tag> exactly. English reference: Player's money"	"Quest,Ski"	""
"/quests/Ski.qmm/parameters/20/crit_text"	"Сообщение достижения критического значения параметром 16"	"Quest Ski.qmm: parameters.20.crit_text. Preserve every <tag> exactly."	"Quest,Ski"	""
"/quests/Ski.qmm/parameters/21/name"	"X"	"Quest Ski.qmm: parameters.21.name. Preserve every <tag> exactly."	"Quest,Ski"	""
"/quests/Ski.qmm/parameters/21/crit_text"	"Сообщение достижения критического значения параметром 12"	"Quest Ski.qmm: parameters.21.crit_text. Preserve every <tag> exactly."	"Quest,Ski"	""
"/quests/Ski.qmm/parameters/22/name"	"Дни"	"Quest Ski.qmm: parameters.22.name. Preserve every <tag> exactly. English reference: Days"	"Quest,Ski"	""
"/quests/Ski.qmm/parameters/23/name"	"Постройки"	"Quest Ski.qmm: parameters.23.name. Preserve every <tag> exactly. English reference: Constructions"	"Quest,Ski"	""
"/quests/Ski.qmm/parameters/23/crit_text"	"Сообщение достижения критического значения параметром 23"	"Quest Ski.qmm: parameters.23.crit_text. Preserve every <tag> exactly."	"Quest,Ski"	""
"/quests/Ski.qmm/tostar"	"Преисподняя"	"Quest Ski.qmm: tostar. Preserve every <tag> exactly. English reference: Hell"	"Quest,Ski"	""
"/quests/Ski.qmm/toplanet"	"Ад кромешный"	"Quest Ski.qmm: toplanet. Preserve every <tag> exactly. English reference: Pandemonium"	"Quest,Ski"	""
"/quests/Ski.qmm/fromplanet"	"Рай"	"Quest Ski.qmm: fromplanet. Preserve every <tag> exactly. English reference: Heaven"	"Quest,Ski"	""
"/quests/Ski.qmm/fromstar"	"Небесное царство"	"Quest Ski.qmm: fromstar. Preserve every <tag> exactly. English reference: Overworld"	"Quest,Ski"	""
"/quests/Ski.qmm/ranger"	"Любитель пургена"	"Quest Ski.qmm: ranger. Preserve every <tag> exactly. English reference: Strong laxative addict"	"Quest,Ski"	""
"/quests/Ski.qmm/success_text"	"Мы довольны тем, как вы выполнили задание. Наш новый управляющий в восторге от вас и вашего стиля руководства! Вы, <Ranger>, вполне заслужили эту награду в <Money> cr!"	"Quest Ski.qmm: success_text. Preserve every <tag> exactly. English reference: We are contented with the results of your work. Our new manager is enthused over you and your management style! You, <Ranger>, fully deserved this award in the amount of <Money> credits!"	"Quest,Ski"	""
"/quests/Ski.qmm/task_text"	"Правительство нашей планеты хочет открыть филиал нашей суперуспешной сети горнолыжных курортов на планете <ToPlanet> системы <ToStar>. Мы запланировали открытие курорта на <Date>, но, к сожалению, местный управляющий оставляет желать лучшего. Вас, <Ranger>, как прославленного торговца, мы просим дать ему наглядный урок управления курортом. Если вы сможете не более чем за 20 дней увеличить начальный капитал до некоторой суммы, то вы получите вознаграждение в размере <Money> cr. Все детали вы узнаете на месте."	"Quest Ski.qmm: task_text. Preserve every <tag> exactly. English reference: Our planet's government wants to open a branch of our super successful mountain-ski resorts system on the <ToPlanet> planet in the <ToStar> system. We scheduled the official opening of the resort on <Date> but unfortunately, the local manager leaves much to be desired. You are a famous trader, <Ranger>, so we request you to hold a master class on resort management for him. If you manage to increase the initial capital up to a certain amount within 20 days, you'll get the award in the amount of <Money> credits. They will explain all the details to you right on the spot."	"Quest,Ski"	""
"/quests/Ski.qmm/locations/0/texts/0/text"	"Вы приказали менеджеру по строительству срочно возвести <clr>ресторан<clrEnd>. Через несколько минут вы выглянули в окно и заметили, как на площадку въехало несколько машин. Рабочие стали быстро разгружать блоки и монтировать здание, а еще через несколько часов ресторан был готов, и в него зашли первые посетители, довольно причмокивая языком."	"Quest Ski.qmm: locations.0.texts.0.text. Preserve every <tag> exactly. English reference: You gave orders to the construction manager to have <clr>a restaurant<clrEnd> constructed urgently. In a few minutes you looked out of the window and saw several trucks driving onto the site. The workers began taking sections out of them and assembling the building, and within a few hours the restaurant constructed and accepted the first clients who entered it smacking with pleasure."	"Quest,Ski"	""
"/quests/Ski.qmm/locations/1/texts/0/text"	"Вы сказали малоку, что вам нужна новая <clr>трасса для профессионалов<clrEnd>. Малок отдал распоряжение, и вскоре на горные склоны выехало несколько трассоукладчиков. Через несколько часов от вершины подъемника до самого низа тянулась великолепная трасса с крутыми спусками и резкими поворотами, а расположение к вам туристов немного возросло."	"Quest Ski.qmm: locations.1.texts.0.text. Preserve every <tag> exactly. English reference: You told the Maloq that you needed a new <clr>track for pros <clrEnd> to be laid. The Maloq gave appropriate orders, and soon several tracklayers appeared on the hillsides. Within a few hours an excellent track with sharp slopes and quick turns was stretching from the top of the ski lift to the very bottom. The tourists began looking on you with a little bit more favour."	"Quest,Ski"	""
"/quests/Ski.qmm/locations/2/texts/0/text"	"Вы сказали малоку, что вам нужна новая <clr>трасса для новичков<clrEnd>. Малок отдал распоряжение, и вскоре на горные склоны выехало несколько трассоукладчиков. Через несколько часов от вершины подъемника до самого низа тянулась великолепная пологая трасса."	"Quest Ski.qmm: locations.2.texts.0.text. Preserve every <tag> exactly. English reference: You told the Maloq that you needed a new <clr>track for beginners <clrEnd> to be laid. The Maloq gave appropriate orders, and soon several tracklayers appeared on the hillsides. Within a few hours an excellent soft track was stretching from the top of the ski lift to the very bottom."	"Quest,Ski"	""
"/quests/Ski.qmm/locations/3/texts/0/text"	"Вы позвали малока и сообщили ему о своем решении построить <clr>гостиницу<clrEnd>. Малок обещал построить ее к вечеру. Вы выглянули в окно и заметили, как на площадку въехало несколько машин. Рабочие стали быстро разгружать блоки и монтировать здание. Через несколько часов гостиница была готова."	"Quest Ski.qmm: locations.3.texts.0.text. Preserve every <tag> exactly. English reference: You invited the Maloq and told him about your decision to have <clr>a hotel<clrEnd> constructed. He promised to finish the work by night. You looked out of the window and saw several trucks driving onto the site. The workers began taking sections out of them and assembling the building. Within a few hours the hotel was built."	"Quest,Ski"	""
"/quests/Ski.qmm/locations/4/texts/0/text"	"Вы сказали малоку, что вам нужна новая <clr>обычная трасса<clrEnd>. Малок отдал распоряжение, и вскоре на горные склоны выехало несколько трассоукладчиков. Через несколько часов от вершины подъемника до самого низа тянулась великолепная трасса с небольшим количеством поворотов, а расположение к вам туристов немного возросло."	"Quest Ski.qmm: locations.4.texts.0.text. Preserve every <tag> exactly. English reference: You told the Maloq that you needed a new <clr>average track <clrEnd> to be laid. The Maloq gave appropriate orders, and soon several tracklayers appeared on the hillsides. Within a few hours an excellent soft track with a few turns was stretching from the top of the ski lift to the very bottom. The tourists began looking on you with a little bit more favour."	"Quest,Ski"	""
"/quests/Ski.qmm/locations/5/texts/0/text"	"Вы позвали малока и сказали, что вам необходимо срочно построить <clr>кресельный подъемник<clrEnd>. Малок сказал, что все будет сделано. Вскоре на площадку въехало несколько машин. Рабочие стали быстро разгружать детали и монтировать из них подъемник. Через несколько часов он был готов, и к нему тут же потянулись все новые и новые туристы. Их отношение к вам немного улучшилось."	"Quest Ski.qmm: locations.5.texts.0.text. Preserve every <tag> exactly. English reference: Your invited the Maloq and told him that you needed <clr> a ski lift with chairs <clrEnd> to be constructed urgently. The Maloq promised you to take care of that. Soon several trucks drove onto the site. The workers began taking sections out of them and assembling the lift. Within a few hours the work was finished, and more and more tourists started using the lift. Their opinion of you became a little bit better."	"Quest,Ski"	""
"/quests/Ski.qmm/locations/6/texts/0/text"	"Вы позвали малока и сказали, что вам необходимо срочно построить <clr>кабиночный подъемник<clrEnd>. Малок сказал, что все будет готово через несколько часов. Вы выглянули в окно и заметили, как на площадку въехали машины. Рабочие стали быстро разгружать детали и монтировать из них подъемник. Через несколько часов он был готов, и к нему тут же потянулись все новые и новые туристы. Их отношение к вам немного улучшилось."	"Quest Ski.qmm: locations.6.texts.0.text. Preserve every <tag> exactly. English reference: You invited the Maloq and said that you needed <clr> a ski lift with cabins <clrEnd> to be constructed urgently. The Maloq told you that everything would be done in several hours. You looked out of the window and saw several trucks driving onto the site. The workers started taking the sections out of them and assembling the lift. Within a few hours it was finished and more and more tourists began using it. Their opinion of you became a little bit better."	"Quest,Ski"	""
"/quests/Ski.qmm/locations/7/texts/0/text"	"Вы сказали малоку, что вам нужна новая <clr>трасса для новичков<clrEnd>. Малок отдал распоряжение, и вскоре на горные склоны выехало несколько трассоукладчиков. Через несколько часов от вершины подъемника до самого низа тянулась великолепная пологая трасса, а расположение к вам туристов немного возросло."	"Quest Ski.qmm: locations.7.texts.0.text. Preserve every <tag> exactly. English reference: You told the Maloq that you needed a new <clr>track for beginners <clrEnd> to be laid. The Maloq gave appropriate orders, and soon several tracklayers appeared on the hillsides. Within a few hours an excellent soft track was stretching from the top of the ski lift to the very bottom, and the tourists' opinion of you became a little bit better."	"Quest,Ski"	""
"/quests/Ski.qmm/locations/8/texts/0/text"	"Вы сказали малоку, что вам нужна новая <clr>трасса для профессионалов<clrEnd>. Малок отдал распоряжение, и вскоре на горные склоны выехало несколько трассоукладчиков. Через несколько часов от вершины подъемника до самого низа тянулась великолепная трасса с крутыми спусками и резкими поворотами."	"Quest Ski.qmm: locations.8.texts.0.text. Preserve every <tag> exactly. English reference: You told the Maloq that you needed a new <clr>track for pros <clrEnd> to be laid. The Maloq gave appropriate orders, and soon several tracklayers appeared on the hillsides. Within a few hours an excellent track with sharp slopes and quick turns was stretching from the top of the ski lift to the very bottom."	"Quest,Ski"	""
"/quests/Ski.qmm/locations/9/texts/0/text"	"Вы сказали малоку, что вам нужна новая <clr> обычная трасса<clrEnd>. Малок отдал распоряжение, и вскоре на горные склоны выехало несколько трассоукладчиков. Через несколько часов от вершины подъемника до самого низа тянулась великолепная трасса с небольшим количеством поворотов."	"Quest Ski.qmm: locations.9.texts.0.text. Preserve every <tag> exactly. English reference: You told the Maloq that you needed a new <clr> average track <clrEnd> to be laid. The Maloq gave appropriate orders, and soon several tracklayers appeared on the hillsides. Within a few hours an excellent track with a few turns was stretching from the top of the ski lift to the very bottom."	"Quest,Ski"	""
"/quests/Ski.qmm/locations/10/texts/0/text"	"Вы позвали малока и сказали, что вам необходимо срочно построить <clr>кресельный подъемник<clrEnd>. Малок сказал, что все будет сделано. Вскоре на площадку въехало несколько машин. Рабочие стали быстро разгружать детали и монтировать из них подъемник. Через несколько часов он был готов, и к нему тут же потянулись все новые и новые туристы."	"Quest Ski.qmm: locations.10.texts.0.text. Preserve every <tag> exactly. English reference: You invited the Maloq and said that you needed <clr>a ski lift with chairs <clrEnd> to be constructed urgently. The Maloq promised you to take care of that. Soon several trucks drove onto the site. The workers started taking the sections out of them and assembling the lift quickly. Within a few hours it was finished and more and more tourists began using it."	"Quest,Ski"	""
"/quests/Ski.qmm/locations/11/texts/0/text"	"Вы позвали малока и сказали, что вам необходимо срочно построить <clr>кабиночный подъемник<clrEnd>. Малок сказал, что все будет готово через несколько часов. Вы выглянули в окно и заметили, как на площадку въехали машины. Рабочие стали быстро разгружать детали и монтировать из них подъемник. Через несколько часов он был готов, и к нему тут же потянулись все новые и новые туристы."	"Quest Ski.qmm: locations.11.texts.0.text. Preserve every <tag> exactly. English reference: You invited the Maloq and said that you needed <clr> a ski lift with cabins <clrEnd> to be constructed urgently. The Maloq said the work would be done in several hours. You looked out of the window and noticed trucks driving onto the site. The workers started taking the sections out of them and assembling the lift quickly. Within a few hours it was finished and more and more tourists began using it."	"Quest,Ski"	""
"/quests/Ski.qmm/locations/13/texts/0/text"	"Вы приказали менеджеру по строительству срочно возвести <clr>ресторан<clrEnd>. Через несколько минут вы выглянули в окно и заметили, как на площадку въехало несколько машин. Рабочие стали быстро разгружать блоки и монтировать здание, а еще через несколько часов ресторан был готов."	"Quest Ski.qmm: locations.13.texts.0.text. Preserve every <tag> exactly. English reference: You gave orders to the construction manager to have <clr>a restaurant<clrEnd> built urgently. In a few minutes you looked out of the window and noticed several trucks driving onto the site. The workers started taking sections out of them and assembling the building quickly, and within several more hours the restaurant was constructed."	"Quest,Ski"	""
"/quests/Ski.qmm/locations/14/texts/0/text"	"В космопорте вас встретил гаалец, исполнявший обязанности генерального менеджера лыжного курорта; теперь, пока генеральным менеджером будете вы, он станет вашим <clr>заместителем<clrEnd>. По дороге в горы он объяснил, что к текущему моменту построен <clr>один подъемник, одна трасса для новичков, одна гостиница и один ресторан<clrEnd>.  Оставшийся после этого на счету капитал равняется <clr>100.000<clrEnd> cr, а ваша цель - набрать <clr>1.000.000<clrEnd> cr.

Место, куда вы приехали, оказалось довольно живописным. Небольшая гостиница и ресторанчик, к которым почти вплотную спускаются горные склоны. Приглядевшись получше, вы заметили небольшой кресельный подъемник и пологую трассу. Рядом с гостиницей располагался небольшой домик, предназначенный для администрации и персонала. Здесь и был ваш офис - как раз рядом со спальней. 

- Сегодня строить уже ничего нельзя, но вы можете поговорить со специалистами или просто отдохнуть, - сказал гаалец."	"Quest Ski.qmm: locations.14.texts.0.text. Preserve every <tag> exactly. English reference: The acting general manager of the mountain-ski resort, a Gaalian, met you in the spaceport; from now on while you take the position of the general manager, he will be your <clr> deputy <clrEnd>. On your way to the mountains, he explained that up to the minute <clr>one ski lift, one track for beginners, one hotel and one restaurant <clrEnd> were constructed. The remaining on the account capital is <clr>100.000<clrEnd> cr, and your goal is to increase it up to <clr>1.000.000<clrEnd> cr.

The place where you arrived turned out to be rather picturesque. There was a small hotel and a bistro almost adjoining the hillsides. You looked more attentively and also noticed a small ski lift with chairs and a soft track. There was a tiny administration and personnel building near the hotel. This is where your office is - right near the bedroom.

- Well, the time convenient for construction is already over for today but you could talk to the experts or just have a rest, - the Gaalian said."	"Quest,Ski"	""
"/quests/Ski.qmm/locations/15/texts/0/text"	"С кем вы хотите поговорить?"	"Quest Ski.qmm: locations.15.texts.0.text. Preserve every <tag> exactly. English reference: Who do you want to talk to?"	"Quest,Ski"	""
"/quests/Ski.qmm/locations/15/texts/1/text"	"Малок - <clr>менеджер по строительству<clrEnd> - быстро доложил обстановку:

- В день можно возводить до <clr>двух<clrEnd> сооружений. Такую скорость постройки обеспечивает блоковая технология, позволяющая компоновать объекты из уже готовых частей. Мы можем строить следующие сооружения:
1) <clr>Гостиница<clrEnd> - стоит <clr>110.000<clrEnd> cr, вмещает <clr>60<clrEnd> персон. 
2) <clr>Ресторан<clrEnd> - стоит <clr>80.000<clrEnd> cr, питает <clr>45<clrEnd> персон. 
3) <clr>Трасса для новичков<clrEnd> - стоит <clr>30.000<clrEnd> cr, обслуживает <clr>20<clrEnd> новичков. 
4) <clr>Трасса для профессионалов<clrEnd> - стоит <clr>60.000<clrEnd> cr, обслуживает <clr>20<clrEnd> профи. 
5) <clr>Обычная трасса<clrEnd> - стоит <clr>45.000<clrEnd> cr, обслуживает <clr>10<clrEnd> новичков и <clr>10<clrEnd> профессионалов. 
6) <clr>Подъемник кресельный<clrEnd> - стоит <clr>80.000<clrEnd> cr, вмещает <clr>30<clrEnd> персон. 
7)<clr> Подъемник кабиночный<clrEnd> - стоит <clr>110.000<clrEnd> cr, вмещает <clr>50<clrEnd> персон."	"Quest Ski.qmm: locations.15.texts.1.text. Preserve every <tag> exactly. English reference: A Maloq - <clr>the construction manager<clrEnd> - made a brief report on the situation:

- We can construct up to <clr>two<clrEnd> buildings per day. Such speed can be gained due to the section technology that allows assembling structures out of separate sections. We can assemble the following structures:
1) <clr>Hotel<clrEnd> - costs <clr>110.000<clrEnd> cr, accommodates <clr>60<clrEnd> people. 
2) <clr>Restaurant<clrEnd> - costs <clr>80.000<clrEnd> cr, feeds <clr>45<clrEnd> people. 
3) <clr>Track for beginners<clrEnd> - costs <clr>30.000<clrEnd> cr, receives <clr>20<clrEnd> beginners. 
4) <clr>Track for pros<clrEnd> - costs <clr>60.000<clrEnd> cr, receives <clr>20<clrEnd> pros. 
5) <clr>Average track<clrEnd> - costs <clr>45.000<clrEnd> cr, receives <clr>10<clrEnd> beginners and <clr>10<clrEnd> pros. 
6) <clr>A ski lift with chairs<clrEnd> - costs <clr>80.000<clrEnd> cr, holds <clr>30<clrEnd> people. 
7)<clr> A ski lift with cabins<clrEnd> - costs <clr>110.000<clrEnd> cr, holds <clr>50<clrEnd> people."	"Quest,Ski"	""
"/quests/Ski.qmm/locations/15/texts/2/text"	"Ваш <clr>заместитель<clrEnd> гаалец с удовольствием поделился с вами своим опытом:

- <clr>Гостиницы<clrEnd> нужны, чтобы вы смогли поселить больше народу, а значит получать больше денег. В одной гостинице может жить <clr>60<clrEnd> туристов.  Каждый <clr>ресторан<clrEnd> удовлетворяет потребность <clr>45<clrEnd> туристов в еде. <clr>Кресельный подъемник<clrEnd> способен поднять на гору <clr>30<clrEnd> лыжников, а <clr>кабиночный - 50<clrEnd>. Каждая трасса вмещает до <clr>20<clrEnd> клиентов. Трассы для новичков и для профессионалов обслуживают по <clr>20<clrEnd> новичков и профи соответственно, а обычной трассой пользуются по <clr>10<clrEnd> лыжников из каждой категории. 

Теперь о деньгах. <clr>На содержание трасс<clrEnd> в день тратится по <clr>10.000<clrEnd> cr за каждую легкую трассу, по <clr>15.000<clrEnd> cr за обычную и по <clr>20.000<clrEnd> cr за тяжелую. Каждый <clr>новичок<clrEnd> платит нам <clr>2.000<clrEnd> cr в день, а <clr>профессионал<clrEnd> - <clr>6.000<clrEnd> cr. Затраты <clr>на рекламу<clrEnd> вы определяете самостоятельно."	"Quest Ski.qmm: locations.15.texts.2.text. Preserve every <tag> exactly. English reference: Your <clr>deputy<clrEnd> Gaalian gladly shared his experience with you:

- You need <clr>hotels<clrEnd> to invite more people and earn more money. One hotel can accommodate <clr>60<clrEnd> tourists.  Every <clr>restaurant<clrEnd> can feed <clr>45<clrEnd> tourists. <clr>A ski lift with chairs<clrEnd> brings <clr>30<clrEnd> skiers up to top of the hill, and <clr> a ski lift with cabins holds 50 people<clrEnd>. Every track receives up to <clr>20<clrEnd> clients. Tracks for beginners and pros receive <clr>20<clrEnd> beginners and pros each, and <clr>10<clrEnd> skiers from each category can use an average track. 

Now about the money. <clr>Track maintenance expenses <clrEnd> include <clr>10.000<clrEnd> cr for each soft track, <clr>15.000<clrEnd> cr for an average track and <clr>20.000<clrEnd> cr for a difficult track per day. Every <clr>beginner<clrEnd> pays us <clr>2.000<clrEnd> cr per day, and every <clr> professional <clrEnd> - <clr>6.000<clrEnd> cr. <clr>Advertising <clrEnd> expenses you define yourself."	"Quest,Ski"	""
"/quests/Ski.qmm/locations/15/texts/3/text"	"Фэянин-<clr>бухгалтер<clrEnd> подготовил вам баланс:
<fix>
--------------------------------------------------
<format=left,29></format>ДЕБЕТ       КРЕДИТ
<format=left,27>Баланс на <CurDate>:</format> {[p15]}<clr>.000<clrEnd> cr.
<format=left,27>Туристы:</format> {[p7]*2+[p8]*6}<clr>.000 <clrEnd>cr.
<format=left,40>Содержание трасс:</format>{[p12]*10+[p13]*15+[p14]*20}<clr>.000<clrEnd> cr.
<format=left,40>Реклама:</format>{10*[p3]}<clr>.000<clrEnd> cr.
<format=left,40>Строительство:</format>{[p16]}<clr>.000<clrEnd> cr.
---------------------------------------------------
Баланс на завтра: {[p15]+[p7]*2+[p8]*6-[p12]*10-[p13]*15-[p14]*20-[p16]-10*[p3]}<clr>.000<clrEnd> cr
</fix>"	"Quest Ski.qmm: locations.15.texts.3.text. Preserve every <tag> exactly. English reference: The Faeyan <clr>accountant <clrEnd> prepared the balance for you:
<fix>
--------------------------------------------------
<format=left,29></format>DEBIT      CREDIT
<format=left,27>Balance as of <CurDate>:</format> {[p15]}<clr>.000<clrEnd> cr.
<format=left,27>Tourists:</format> {[p7]*2+[p8]*6}<clr>.000 <clrEnd>cr.
<format=left,40>Track maintenance:</format>{[p12]*10+[p13]*15+[p14]*20}<clr>.000<clrEnd> cr.
<format=left,40>Advertising:</format>{10*[p3]}<clr>.000<clrEnd> cr.
<format=left,40>Construction:</format>{[p16]}<clr>.000<clrEnd> cr.
---------------------------------------------------
Balance as of tomorrow: {[p15]+[p7]*2+[p8]*6-[p12]*10-[p13]*15-[p14]*20-[p16]-10*[p3]}<clr>.000<clrEnd> cr
</fix>"	"Quest,Ski"	""
"/quests/Ski.qmm/locations/15/texts/4/text"	"Фэянин-<clr>бухгалтер<clrEnd> подготовил вам баланс:

<fix>
--------------------------------------------------
<format=left,29></format>ДЕБЕТ       КРЕДИТ
<format=left,27>Баланс на <CurDate>:</format> {[p15]}<clr>.000<clrEnd> cr.
<format=left,27>Туристы:</format> {[p7]*2+[p8]*6}<clr>.000 <clrEnd>cr.
<format=left,40>Содержание трасс:</format>{[p12]*10+[p13]*15+[p14]*20}<clr>.000<clrEnd> cr.
<format=left,40>Реклама:</format>{10*[p3]}<clr>.000<clrEnd> cr.
<format=left,40>Строительство:</format><clr>0<clrEnd> cr.
---------------------------------------------------
Баланс на завтра: {[p15]+[p7]*2+[p8]*6-[p12]*10-[p13]*15-[p14]*20-[p16]-10*[p3]}<clr>.000<clrEnd> cr
</fix>"	"Quest Ski.qmm: locations.15.texts.4.text. Preserve every <tag> exactly. English reference: The Faeyan <clr>accountant<clrEnd> prepared the balance for you:

<fix>
--------------------------------------------------
<format=left,29></format>DEBIT        CREDIT
<format=left,27>Balance as of <CurDate>:</format> {[p15]}<clr>.000<clrEnd> cr.
<format=left,27>Tourists:</format> {[p7]*2+[p8]*6}<clr>.000 <clrEnd>cr.
<format=left,40>Track maintenance:</format>{[p12]*10+[p13]*15+[p14]*20}<clr>.000<clrEnd> cr.
<format=left,40>Advertising:</format>{10*[p3]}<clr>.000<clrEnd> cr.
<format=left,40>Construction:</format><clr>0<clrEnd> cr.
---------------------------------------------------
Balance as of tomorrow: {[p15]+[p7]*2+[p8]*6-[p12]*10-[p13]*15-[p14]*20-[p16]-10*[p3]}<clr>.000<clrEnd> cr
</fix>"	"Quest,Ski"	""
"/quests/Ski.qmm/locations/15/texts/5/text"	"Фэянин-<clr>бухгалтер<clrEnd> подготовил вам баланс:

<fix>
--------------------------------------------------
<format=left,29></format>ДЕБЕТ       КРЕДИТ
<format=left,27>Баланс на <CurDate>:</format> {[p15]}<clr>.000<clrEnd> cr.
<format=left,27>Туристы:</format> {[p7]*2+[p8]*6}<clr>.000 <clrEnd>cr.
<format=left,40>Содержание трасс:</format>{[p12]*10+[p13]*15+[p14]*20}<clr>.000<clrEnd> cr.
<format=left,40>Реклама:</format><clr>0<clrEnd> cr.
<format=left,40>Строительство:</format>{[p16]}<clr>.000<clrEnd> cr.
---------------------------------------------------
Баланс на завтра: {[p15]+[p7]*2+[p8]*6-[p12]*10-[p13]*15-[p14]*20-[p16]-10*[p3]}<clr>.000<clrEnd> cr
</fix>"	"Quest Ski.qmm: locations.15.texts.5.text. Preserve every <tag> exactly. English reference: The Faeyan <clr>accountant <clrEnd> prepared the balance for you:

<fix>
--------------------------------------------------
<format=left,29></format>DEBIT        CREDIT
<format=left,27>Balance as of <CurDate>:</format> {[p15]}<clr>.000<clrEnd> cr.
<format=left,27>Tourists:</format> {[p7]*2+[p8]*6}<clr>.000 <clrEnd>cr.
<format=left,40>Track maintenance:</format>{[p12]*10+[p13]*15+[p14]*20}<clr>.000<clrEnd> cr.
<format=left,40>Advertising:</format><clr>0<clrEnd> cr.
<format=left,40>Construction:</format>{[p16]}<clr>.000<clrEnd> cr.
---------------------------------------------------
Balance as of tomorrow: {[p15]+[p7]*2+[p8]*6-[p12]*10-[p13]*15-[p14]*20-[p16]-10*[p3]}<clr>.000<clrEnd> cr
</fix>"	"Quest,Ski"	""
"/quests/Ski.qmm/locations/15/texts/6/text"	"Фэянин-<clr>бухгалтер<clrEnd> подготовил вам баланс:

<fix>
--------------------------------------------------
<format=left,29></format>ДЕБЕТ       КРЕДИТ
<format=left,27>Баланс на <CurDate>:</format> {[p15]}<clr>.000<clrEnd> cr.
<format=left,27>Туристы:</format> {[p7]*2+[p8]*6}<clr>.000 <clrEnd>cr.
<format=left,40>Содержание трасс:</format>{[p12]*10+[p13]*15+[p14]*20}<clr>.000<clrEnd> cr.
<format=left,40>Реклама:</format><clr>0<clrEnd> cr.
<format=left,40>Строительство:</format><clr>0<clrEnd> cr.
---------------------------------------------------
Баланс на завтра: {[p15]+[p7]*2+[p8]*6-[p12]*10-[p13]*15-[p14]*20-[p16]-10*[p3]}<clr>.000<clrEnd> cr
</fix>"	"Quest Ski.qmm: locations.15.texts.6.text. Preserve every <tag> exactly. English reference: The Faeyan <clr>accountant <clrEnd> prepared the balance for you:

<fix>
--------------------------------------------------
<format=left,29></format>DEBIT        CREDIT
<format=left,27>Balance as of <CurDate>:</format> {[p15]}<clr>.000<clrEnd> cr.
<format=left,27>Tourists:</format> {[p7]*2+[p8]*6}<clr>.000 <clrEnd>cr.
<format=left,40>Track maintenance:</format>{[p12]*10+[p13]*15+[p14]*20}<clr>.000<clrEnd> cr.
<format=left,40>Advertising:</format><clr>0<clrEnd> cr.
<format=left,40>Construction:</format><clr>0<clrEnd> cr.
---------------------------------------------------
Balance as of tomorrow: {[p15]+[p7]*2+[p8]*6-[p12]*10-[p13]*15-[p14]*20-[p16]-10*[p3]}<clr>.000<clrEnd> cr
</fix>"	"Quest,Ski"	""
"/quests/Ski.qmm/locations/16/texts/0/text"	"Что будем строить? 

1) Гостиница - <clr>110.000<clrEnd> cr
2) Ресторан - <clr>80.000<clrEnd> cr
3) Трасса для новичков - <clr>30.000<clrEnd> cr
4) Трасса для профессионалов - <clr>60.000<clrEnd> cr
5) Обычная трасса - <clr>45.000<clrEnd> cr
6) Подъемник кресельный - <clr>80.000<clrEnd> cr
7) Подъемник кабиночный - <clr>110.000<clrEnd> cr"	"Quest Ski.qmm: locations.16.texts.0.text. Preserve every <tag> exactly. English reference: What are you going to build? 

1) Hotel - <clr>110.000<clrEnd> cr
2) Restaurant - <clr>80.000<clrEnd> cr
3) Track for beginners - <clr>30.000<clrEnd> cr
4) Track for pros - <clr>60.000<clrEnd> cr
5) Average track - <clr>45.000<clrEnd> cr
6) A ski lift with chairs - <clr>80.000<clrEnd> cr
7) A ski lift with cabins - <clr>110.000<clrEnd> cr"	"Quest,Ski"	""
"/quests/Ski.qmm/locations/17/texts/0/text"	"Вы культурно провели остаток дня в местном баре, благо для вас там все бесплатно. Лишь поздно вечером вы добрели до постели и заснули как убитый. 

Проснувшись утром с легким похмельем, вы привели себя в порядок и отправились в офис, чтобы ознакомиться с текущим положением дел."	"Quest Ski.qmm: locations.17.texts.0.text. Preserve every <tag> exactly. English reference: Being a civilised individual, you spent the rest of the evening in the local bar, thanks to free of charge services. It was very late already when you pottered to your bed and fell asleep like a dog. 

When you woke up in the morning feeling slightly crapulent, you fixed yourself up and went to the office to get acquainted with the current situation."	"Quest,Ski"	""
"/quests/Ski.qmm/locations/17/texts/1/text"	"А почему бы вам, собственно, не воспользоваться услугами собственного курорта? Выбрав самую легкую трассу, вы надели лыжи и поднялись на вершину горы. Однако, с горы на лыжах ехать - это вам не звездолетом управлять! На первом же повороте вы вылетели с трассы и проделали остаток пути вниз по склону на собственной спине. Это отбило у вас охоту к экстремальным развлечениям до самого вечера. 

На следующее утро вы отправились в офис с ломотой во всем теле. И что, интересно, заставляет туристов приезжать к вам на курорт, да еще и платить за это бешеные деньги?"	"Quest Ski.qmm: locations.17.texts.1.text. Preserve every <tag> exactly. English reference: So, why don't you command the services of your own resort? After choosing the softest track, you put on the skies and rose to the top of the hill. However, mountain skiing is not equal to driving a spaceship! You fell of the track after the first turn and slid the rest of the way down the hill on your back. This incident discouraged you from any extreme entertainment till the evening.

Next morning you went to the office with all your body aching. What makes tourists come to your resort and pay tons of money for that, you wonder?"	"Quest,Ski"	""
"/quests/Ski.qmm/locations/17/texts/2/text"	"Вы отправились к себе в спальню и весь остаток дня смотрели стереовизор. Ну надо же - в секторе Перец поднялись цены на малокские табуретки! Эх, какие деньги можно было бы сделать, если бы вы не застряли на этой чертовой планетке!

В расстроенных чувствах вы легли спать. Впрочем, утром вы уже сидели за своим рабочим столом и утешали себя тем, что <Money> cr, обещанные вам правительством планеты <FromPlanet>, - тоже неплохая сумма."	"Quest Ski.qmm: locations.17.texts.2.text. Preserve every <tag> exactly. English reference: You went to your bedroom and spent the rest of the evening watching stereoTV. There - they raised the Maloq stool market in the Pepper sector! Heh, what a bargain it could have been if you hadn't been marooned on this damn piece of planet!

You went to bed completely upset. However, in the morning you sat at your desk in the office trying to console yourself with the thought that <Money> cr promised by the <FromPlanet> government are good money too."	"Quest,Ski"	""
"/quests/Ski.qmm/locations/17/texts/3/text"	"Весь остаток дня вы смотрели, как туристы съезжают на лыжах с горы. Все-таки вы делаете большое, полезное дело! Ободренные этой нехитрой мыслью, вы легли спать, а наутро отправились в офис с желанием превратить свой курорт в лучшее место во Вселенной!"	"Quest Ski.qmm: locations.17.texts.3.text. Preserve every <tag> exactly. English reference: The rest of the day you watched the tourists sliding downhill on their skies. Whatever might happen, your business is great and rewarding! Reassured by such a simple thought, you went to bed and in the morning ran to the office with a strong desire to make your resort the best place in the Galaxy!"	"Quest,Ski"	""
"/quests/Ski.qmm/locations/17/texts/4/text"	"Сегодня вы решили сыграть в карты с собственным заместителем, и после нескольких часов проиграли ему <clr>1.000<clrEnd> cr. Да, не зря говорят - с гаальцами и пеленгами в карты лучше не играть! Делать нечего - пришлось выписать заместителю премию на указанную сумму. Не будете же вы платить ему проигрыш из собственного кармана?!

Понятно, что утром, когда вы вернулись в свой офис, настроение у вас было препаршивейшее."	"Quest Ski.qmm: locations.17.texts.4.text. Preserve every <tag> exactly. English reference: Today you decided to play cards with your deputy and within several hours lost <clr>1.000<clrEnd> cr. Well, they are right warning that one should better avoid playing cards with Gaalians or Pelengs! Anyway, you had nothing else to do but to sign papers for his bonus in the amount of the lost money. It would be absolutely unwise to pay him from your own pocket!

No wonder that your mood was far from being good when you came to the office in the morning."	"Quest,Ski"	""
"/quests/Ski.qmm/locations/17/texts/5/text"	"Вы попросили своего заместителя прокатить вас по окрестностям на своем аэрокаре. Надо отметить, что с высоты птичьего полета ваш курорт выглядит еще красивее, чем внизу. Ну разве можно не любить такое славное местечко?!

Благодаря этим хорошим впечатлениям, вы наутро принялись за работу с удвоенной энергией!"	"Quest Ski.qmm: locations.17.texts.5.text. Preserve every <tag> exactly. English reference: You asked your deputy to give you a ride around the neighbourhood on his aerocar. One should mention that your resort looks even more beautiful from the bird's-eye view. Is it possible at all to dislike such a nice place?!

Due to these good impressions, in the morning you got to work with increased enthusiasm!"	"Quest,Ski"	""
"/quests/Ski.qmm/locations/17/texts/6/text"	"Весь остаток дня вы изнывали от скуки. И чего только эти тупые туристы находят в такой дыре как ваш курорт?! Все-таки настоящему космическому волку никогда не понять этих планетных жителей...

Наконец вы завалились спать и проспали до полудня. И правильно - нечего космическому рейнджеру вставать ни свет ни заря ради каких-то никчемных туристов! В офисе вас уже давно ждал отчет за минувшие сутки."	"Quest Ski.qmm: locations.17.texts.6.text. Preserve every <tag> exactly. English reference: The rest of the day you were yawning your life away. What fun do these dull tourists find in such a poky hole of a place as your resort?! Indeed, a true space ace will never understand these planet inhabitants...

You hit the hay at last and slept till the midday. And that was right - a space ranger doesn't have to wake up in the small hours for absolutely useless tourists! The report as of the previous day had already been waiting for you in the office for a long time."	"Quest,Ski"	""
"/quests/Ski.qmm/locations/17/texts/7/text"	"Вы весь день лазили по планетной компьютерной сети. Надо же, а на соседнем курорте с профессионалов дерут по 7 тысяч в день! Правда и популярность тамошнего курорта значительно ниже чем у вас. Жаль, что вы не имеете право менять жестко установленные планетой <FromPlanet> цены на путевки...

Утром, наспех позавтракав, вы пошли в свой офис разбираться с делами вашего курорта."	"Quest Ski.qmm: locations.17.texts.7.text. Preserve every <tag> exactly. English reference: You spent the whole day searching in the planet web net. There, they soak professionals at the neighbouring resort charging 7 thousands per day! Though their popularity is much lower than yours. It's a pity you don't have the right to change the hard and fast tour prices specified by the <FromPlanet> planet...

You grabbed your breakfast in the morning and went to the office to solve your resort's problems."	"Quest,Ski"	""
"/quests/Ski.qmm/locations/17/texts/8/text"	"Сегодня вы неожиданно для себя разговорились с менеджером по строительству. И что же - оказалось, что в молодости малок тоже был рейнджером! Но однажды ему дали задание построить малокский форпост на незаселенной планете, и это занятие ему так понравилось, что он переквалифицировался в строители.

Вы весь вечер обменивались воспоминаниями о рейнджерской жизни и остались вполне довольны как друг другом, так и проведенным временем. Утром вы взялись за управление курортом с новыми силами."	"Quest Ski.qmm: locations.17.texts.8.text. Preserve every <tag> exactly. English reference: Today you found yourself falling into talk with your construction manager. And it turned out that he used to be a ranger in his youth too! But once he got a mission to construct a Maloq outpost on an uninhibited planet. He liked this kind of work so much that decided to change his profession and become a constructor.

You spent all evening exchanging your reminiscences about the life of a ranger and parted completely satisfied with each other and the time spent together. In the morning you acted with renewed energy."	"Quest,Ski"	""
"/quests/Ski.qmm/locations/17/texts/9/text"	"Не успели вы спуститься в бар для заслуженного отдыха, как вас перехватил какой-то шустрый пеленг, оказавшийся местным журналистом. Весь вечер вам пришлось давать ему интервью и поить его пивом за счет отеля. Но зато пеленг, по всей видимости, остался доволен вами и написал хорошую статью, так как, вернувшись утром в офис, вы узнали, что <clr>популярность курорта немного возросла<clrEnd>."	"Quest Ski.qmm: locations.17.texts.9.text. Preserve every <tag> exactly. English reference: No sooner had you come down to the bar for the deserved rest than some nimble Peleng who turned out to be a local journalist waylaid you. You had to spend all evening being interviewed and buying him beer on the house. But then the Peleng seemed to be pleased and wrote a nice article because when you came to the office in the morning, you found out that <clr>the resort's popularity increased a little bit <clrEnd>."	"Quest,Ski"	""
"/quests/Ski.qmm/locations/18/texts/0/text"	"Сегодня <CurDate>, [p23]-й день вашего руководства курортом. Осталось дней: {20-[p23]}.

Вы сидите в своем офисе. Перед вами на столе лежит отчет за прошедшие сутки:

Новички - <clr>было<clrEnd>: [p17], <clr>уехало<clrEnd>: [p6], <clr>приехало<clrEnd>: [p9], <clr>сейчас<clrEnd>: [p7]. 
Профессионалы - <clr>было<clrEnd>: [p18], <clr>уехало<clrEnd>: [p19], <clr>приехало<clrEnd>: [p20], <clr>сейчас<clrEnd>: [p8].

Получено денег 
<clr>от новичков<clrEnd>: {([p17]*2)}<clr>.000<clrEnd> cr
<clr>от профессионалов<clrEnd>: {([p18]*6)}<clr>.000<clrEnd> cr
Потрачено денег
<clr>на содержание трасс<clrEnd>: {[p12]*10+[p13]*15+[p14]*20}<clr>.000<clrEnd> cr
<clr>на рекламу<clrEnd>: <clr>0<clrEnd> cr
Денег на счету: [p2]<clr>.000<clrEnd> cr"	"Quest Ski.qmm: locations.18.texts.0.text. Preserve every <tag> exactly. English reference: Today is <CurDate>, day [p23] of your resort management. Days left: {20-[p23]}.

You're in your office with the report as of yesterday in front of your eyes:

Beginners - <clr>initial number<clrEnd>: [p17], <clr>left<clrEnd>: [p6], <clr>arrived<clrEnd>: [p9], <clr>now<clrEnd>: [p7]. 
Pros - <clr>initial number<clrEnd>: [p18], <clr>left<clrEnd>: [p19], <clr>arrived<clrEnd>: [p20], <clr>now<clrEnd>: [p8].

Money received:
<clr>from beginners<clrEnd>: {([p17]*2)}<clr>.000<clrEnd> cr
<clr>from pros<clrEnd>: {([p18]*6)}<clr>.000<clrEnd> cr
Money spent on:
<clr>track maintenance<clrEnd>: {[p12]*10+[p13]*15+[p14]*20}<clr>.000<clrEnd> cr
<clr>advertising<clrEnd>: <clr>0<clrEnd> cr
Money on the account: [p2]<clr>.000<clrEnd> cr"	"Quest,Ski"	""
"/quests/Ski.qmm/locations/18/texts/1/text"	"Сегодня <CurDate>, [p23]-й день вашего руководства курортом. Осталось дней: {20-[p23]}.

Вы сидите в своем офисе. Перед вами на столе лежит отчет за прошедшие сутки:

Новички - <clr>было<clrEnd>: [p17], <clr>уехало<clrEnd>: [p6], <clr>приехало<clrEnd>: [p9], <clr>сейчас<clrEnd>: [p7]. 
Профессионалы - <clr>было<clrEnd>: [p18], <clr>уехало<clrEnd>: [p19], <clr>приехало<clrEnd>: [p20], <clr>сейчас<clrEnd>: [p8].

Получено денег 
<clr>от новичков<clrEnd>: {([p17]*2)}<clr>.000<clrEnd> cr
<clr>от профессионалов<clrEnd>: {([p18]*6)}<clr>.000<clrEnd> cr
Потрачено денег
<clr>на содержание трасс<clrEnd>: {[p12]*10+[p13]*15+[p14]*20}<clr>.000<clrEnd> cr
<clr>на рекламу<clrEnd>: {[p3]*10}<clr>.000<clrEnd> cr
Денег на счету: [p2]<clr>.000<clrEnd> cr"	"Quest Ski.qmm: locations.18.texts.1.text. Preserve every <tag> exactly. English reference: Today is <CurDate>, day [p23] of your resort management. Days left: {20-[p23]}.

You're in your office with the report as of yesterday in front of your eyes:

Beginners - <clr>initial number<clrEnd>: [p17], <clr>left<clrEnd>: [p6], <clr>arrived<clrEnd>: [p9], <clr>now<clrEnd>: [p7]. 
Pros - <clr>initial number<clrEnd>: [p18], <clr>left<clrEnd>: [p19], <clr>arrived<clrEnd>: [p20], <clr>now<clrEnd>: [p8].

Money received:
<clr>from beginners<clrEnd>: {([p17]*2)}<clr>.000<clrEnd> cr
<clr>from pros<clrEnd>: {([p18]*6)}<clr>.000<clrEnd> cr
Money spent on:
<clr>track maintenance<clrEnd>: {[p12]*10+[p13]*15+[p14]*20}<clr>.000<clrEnd> cr
<clr>advertising<clrEnd>: {[p3]*10}<clr>.000<clrEnd> cr
Money on the account: [p2]<clr>.000<clrEnd> cr"	"Quest,Ski"	""
"/quests/Ski.qmm/locations/18/texts/2/text"	"Сегодня <CurDate>, [p23]-й день вашего руководства курортом. Осталось дней: {20-[p23]}.

Вы сидите в своем офисе. Перед вами на столе лежит отчет за прошедшие сутки:

Новички - <clr>было<clrEnd>: [p17], <clr>уехало<clrEnd>: [p6], <clr>приехало<clrEnd>: [p9], <clr>сейчас<clrEnd>: [p7]. 
Профессионалы - <clr>было<clrEnd>: [p18], <clr>уехало<clrEnd>: [p19], <clr>приехало<clrEnd>: [p20], <clr>сейчас<clrEnd>: [p8].

Получено денег 
<clr>от новичков<clrEnd>: {([p17]*2)}<clr>.000<clrEnd> cr
<clr>от профессионалов<clrEnd>: <clr>0<clrEnd> cr
Потрачено денег
<clr>на содержание трасс<clrEnd>: {[p12]*10+[p13]*15+[p14]*20}<clr>.000<clrEnd> cr
<clr>на рекламу<clrEnd>: <clr>0<clrEnd> cr
Денег на счету: [p2]<clr>.000<clrEnd> cr"	"Quest Ski.qmm: locations.18.texts.2.text. Preserve every <tag> exactly. English reference: Today is <CurDate>, day [p23] of your resort management. Days left: {20-[p23]}.

You're in your office with the report as of yesterday in front of your eyes:

Beginners - <clr>initial number<clrEnd>: [p17], <clr>left<clrEnd>: [p6], <clr>arrived<clrEnd>: [p9], <clr>now<clrEnd>: [p7]. 
Pros - <clr>initial number<clrEnd>: [p18], <clr>left<clrEnd>: [p19], <clr>arrived<clrEnd>: [p20], <clr>now<clrEnd>: [p8].

Money received:
<clr>from beginners<clrEnd>: {([p17]*2)}<clr>.000<clrEnd> cr
<clr>from pros<clrEnd>: <clr>0<clrEnd> cr
Money spent on:
<clr>track maintenance<clrEnd>: {[p12]*10+[p13]*15+[p14]*20}<clr>.000<clrEnd> cr
<clr>advertising<clrEnd>: <clr>0<clrEnd> cr
Money on the account: [p2]<clr>.000<clrEnd> cr"	"Quest,Ski"	""
"/quests/Ski.qmm/locations/18/texts/3/text"	"Сегодня <CurDate>, [p23]-й день вашего руководства курортом. Осталось дней: {20-[p23]}.

Вы сидите в своем офисе. Перед вами на столе лежит отчет за прошедшие сутки:

Новички - <clr>было<clrEnd>: [p17], <clr>уехало<clrEnd>: [p6], <clr>приехало<clrEnd>: [p9], <clr>сейчас<clrEnd>: [p7]. 
Профессионалы - <clr>было<clrEnd>: [p18], <clr>уехало<clrEnd>: [p19], <clr>приехало<clrEnd>: [p20], <clr>сейчас<clrEnd>: [p8].

Получено денег 
<clr>от новичков<clrEnd>: {([p17]*2)}<clr>.000<clrEnd> cr
<clr>от профессионалов<clrEnd>: <clr>0<clrEnd> cr
Потрачено денег
<clr>на содержание трасс<clrEnd>: {[p12]*10+[p13]*15+[p14]*20}<clr>.000<clrEnd> cr
<clr>на рекламу<clrEnd>: {[p3]*10}<clr>.000<clrEnd> cr
Денег на счету: [p2]<clr>.000<clrEnd> cr"	"Quest Ski.qmm: locations.18.texts.3.text. Preserve every <tag> exactly. English reference: Today is  <CurDate>, day [p23] of your resort management. Days left: {20-[p23]}.

You're in your office with the report as of yesterday in front of your eyes:

Beginners - <clr>initial number<clrEnd>: [p17], <clr>left<clrEnd>: [p6], <clr>arrived<clrEnd>: [p9], <clr>now<clrEnd>: [p7]. 
Pros - <clr>initial number<clrEnd>: [p18], <clr>left<clrEnd>: [p19], <clr>arrived<clrEnd>: [p20], <clr>now<clrEnd>: [p8].

Money received:
<clr>from beginners<clrEnd>: {([p17]*2)}<clr>.000<clrEnd> cr
<clr>from pros<clrEnd>: <clr>0<clrEnd> cr
Money spent on:
<clr>track maintenance<clrEnd>: {[p12]*10+[p13]*15+[p14]*20}<clr>.000<clrEnd> cr
<clr>advertising<clrEnd>: {[p3]*10}<clr>.000<clrEnd> cr
Money on the account: [p2]<clr>.000<clrEnd> cr"	"Quest,Ski"	""
"/quests/Ski.qmm/locations/18/texts/4/text"	"Сегодня <CurDate>, [p23]-й день вашего руководства курортом. Осталось дней: {20-[p23]}.

Вы сидите в своем офисе. Перед вами на столе лежит отчет за прошедшие сутки:

Новички - <clr>было<clrEnd>: [p17], <clr>уехало<clrEnd>: [p6], <clr>приехало<clrEnd>: [p9], <clr>сейчас<clrEnd>: [p7]. 
Профессионалы - <clr>было<clrEnd>: [p18], <clr>уехало<clrEnd>: [p19], <clr>приехало<clrEnd>: [p20], <clr>сейчас<clrEnd>: [p8].

Получено денег 
<clr>от новичков<clrEnd>: <clr>0<clrEnd> cr
<clr>от профессионалов<clrEnd>: {([p18]*6)}<clr>.000<clrEnd> cr
Потрачено денег
<clr>на содержание трасс<clrEnd>: {[p12]*10+[p13]*15+[p14]*20}<clr>.000<clrEnd> cr
<clr>на рекламу<clrEnd>: <clr>0<clrEnd> cr
Денег на счету: [p2]<clr>.000<clrEnd> cr"	"Quest Ski.qmm: locations.18.texts.4.text. Preserve every <tag> exactly. English reference: Today is  <CurDate>, day [p23] of your resort management. Days left: {20-[p23]}.

You're in your office with the report as of yesterday in front of your eyes:

Beginners - <clr>initial number<clrEnd>: [p17], <clr>left<clrEnd>: [p6], <clr>arrived<clrEnd>: [p9], <clr>now<clrEnd>: [p7]. 
Pros - <clr>initial number<clrEnd>: [p18], <clr>left<clrEnd>: [p19], <clr>arrived<clrEnd>: [p20], <clr>now<clrEnd>: [p8].

Money received:
<clr>from beginners<clrEnd>: <clr>0<clrEnd> cr
<clr>from pros<clrEnd>: {([p18]*6)}<clr>.000<clrEnd> cr
Money spent on:
<clr>track maintenance<clrEnd>: {[p12]*10+[p13]*15+[p14]*20}<clr>.000<clrEnd> cr
<clr>advertising<clrEnd>: <clr>0<clrEnd> cr
Money on the account: [p2]<clr>.000<clrEnd> cr"	"Quest,Ski"	""
"/quests/Ski.qmm/locations/18/texts/5/text"	"Сегодня <CurDate>, [p23]-й день вашего руководства курортом. Осталось дней: {20-[p23]}.

Вы сидите в своем офисе. Перед вами на столе лежит отчет за прошедшие сутки:

Новички - <clr>было<clrEnd>: [p17], <clr>уехало<clrEnd>: [p6], <clr>приехало<clrEnd>: [p9], <clr>сейчас<clrEnd>: [p7]. 
Профессионалы - <clr>было<clrEnd>: [p18], <clr>уехало<clrEnd>: [p19], <clr>приехало<clrEnd>: [p20], <clr>сейчас<clrEnd>: [p8].

Получено денег 
<clr>от новичков<clrEnd>: <clr>0<clrEnd> cr
<clr>от профессионалов<clrEnd>: {([p18]*6)}<clr>.000<clrEnd> cr
Потрачено денег
<clr>на содержание трасс<clrEnd>: {[p12]*10+[p13]*15+[p14]*20}<clr>.000<clrEnd> cr
<clr>на рекламу<clrEnd>: {[p3]*10}<clr>.000<clrEnd> cr
Денег на счету: [p2]<clr>.000<clrEnd> cr"	"Quest Ski.qmm: locations.18.texts.5.text. Preserve every <tag> exactly. English reference: Today is  <CurDate>, day [p23] of your resort management. Days left: {20-[p23]}.

You're in your office with the report as of yesterday in front of your eyes:

Beginners - <clr>initial number<clrEnd>: [p17], <clr>left<clrEnd>: [p6], <clr>arrived<clrEnd>: [p9], <clr>now<clrEnd>: [p7]. 
Pros - <clr>initial number<clrEnd>: [p18], <clr>left<clrEnd>: [p19], <clr>arrived<clrEnd>: [p20], <clr>now<clrEnd>: [p8].

Money received:
<clr>from beginners<clrEnd>: <clr>0<clrEnd> cr
<clr>from pros<clrEnd>: {([p18]*6)}<clr>.000<clrEnd> cr
Money spent on:
<clr>track maintenance<clrEnd>: {[p12]*10+[p13]*15+[p14]*20}<clr>.000<clrEnd> cr
<clr>advertising<clrEnd>: {[p3]*10}<clr>.000<clrEnd> cr
Money on the account: [p2]<clr>.000<clrEnd> cr"	"Quest,Ski"	""
"/quests/Ski.qmm/locations/18/texts/6/text"	"Сегодня <CurDate>, [p23]-й день вашего руководства курортом. Осталось дней: {20-[p23]}.

Вы сидите в своем офисе. Перед вами на столе лежит отчет за прошедшие сутки:

Новички - <clr>было<clrEnd>: [p17], <clr>уехало<clrEnd>: [p6], <clr>приехало<clrEnd>: [p9], <clr>сейчас<clrEnd>: [p7]. 
Профессионалы - <clr>было<clrEnd>: [p18], <clr>уехало<clrEnd>: [p19], <clr>приехало<clrEnd>: [p20], <clr>сейчас<clrEnd>: [p8].

Получено денег 
<clr>от новичков<clrEnd>: <clr>0<clrEnd> cr
<clr>от профессионалов<clrEnd>: <clr>0<clrEnd> cr
Потрачено денег
<clr>на содержание трасс<clrEnd>: {[p12]*10+[p13]*15+[p14]*20}<clr>.000<clrEnd> cr
<clr>на рекламу<clrEnd>: <clr>0<clrEnd> cr
Денег на счету: [p2]<clr>.000<clrEnd> cr"	"Quest Ski.qmm: locations.18.texts.6.text. Preserve every <tag> exactly. English reference: Today is  <CurDate>, day [p23] of your resort management. Days left: {20-[p23]}.

You're in your office with the report as of yesterday in front of your eyes:

Beginners - <clr>initial number<clrEnd>: [p17], <clr>left<clrEnd>: [p6], <clr>arrived<clrEnd>: [p9], <clr>now<clrEnd>: [p7]. 
Pros - <clr>initial number<clrEnd>: [p18], <clr>left<clrEnd>: [p19], <clr>arrived<clrEnd>: [p20], <clr>now<clrEnd>: [p8].

Money received:
<clr>from beginners<clrEnd>: <clr>0<clrEnd> cr
<clr>from pros<clrEnd>: <clr>0<clrEnd> cr
Money spent on:
<clr>track maintenance<clrEnd>: {[p12]*10+[p13]*15+[p14]*20}<clr>.000<clrEnd> cr
<clr>advertising<clrEnd>: <clr>0<clrEnd> cr
Money on the account: [p2]<clr>.000<clrEnd> cr"	"Quest,Ski"	""
"/quests/Ski.qmm/locations/18/texts/7/text"	"Сегодня <CurDate>, [p23]-й день вашего руководства курортом. Осталось дней: {20-[p23]}.

Вы сидите в своем офисе. Перед вами на столе лежит отчет за прошедшие сутки:

Новички - <clr>было<clrEnd>: [p17], <clr>уехало<clrEnd>: [p6], <clr>приехало<clrEnd>: [p9], <clr>сейчас<clrEnd>: [p7]. 
Профессионалы - <clr>было<clrEnd>: [p18], <clr>уехало<clrEnd>: [p19], <clr>приехало<clrEnd>: [p20], <clr>сейчас<clrEnd>: [p8].

Получено денег 
<clr>от новичков<clrEnd>: <clr>0<clrEnd> cr
<clr>от профессионалов<clrEnd>: <clr>0<clrEnd> cr
Потрачено денег
<clr>на содержание трасс<clrEnd>: {[p12]*10+[p13]*15+[p14]*20}<clr>.000<clrEnd> cr
<clr>на рекламу<clrEnd>: {[p3]*10}<clr>.000<clrEnd> cr
Денег на счету: [p2]<clr>.000<clrEnd> cr"	"Quest Ski.qmm: locations.18.texts.7.text. Preserve every <tag> exactly. English reference: Today is  <CurDate>, day [p23] of your resort management. Days left: {20-[p23]}.

You're in your office with the report as of yesterday in front of your eyes:

Beginners - <clr>initial number<clrEnd>: [p17], <clr>left<clrEnd>: [p6], <clr>arrived<clrEnd>: [p9], <clr>now<clrEnd>: [p7]. 
Pros - <clr>initial number<clrEnd>: [p18], <clr>left<clrEnd>: [p19], <clr>arrived<clrEnd>: [p20], <clr>now<clrEnd>: [p8].

Money received:
<clr>from beginners<clrEnd>: <clr>0<clrEnd> cr
<clr>from pros<clrEnd>: <clr>0<clrEnd> cr
Money spent on:
<clr>track maintenance<clrEnd>: {[p12]*10+[p13]*15+[p14]*20}<clr>.000<clrEnd> cr
<clr>advertising<clrEnd>: {[p3]*10}<clr>.000<clrEnd> cr
Money on the account: [p2]<clr>.000<clrEnd> cr"	"Quest,Ski"	""
"/quests/Ski.qmm/locations/20/texts/0/text"	"<clr>Рекламой<clrEnd> курорта занимался веселый молодой человек. Его доклад звучал так:

- <clr>Популярность<clrEnd> курорта в настоящее время равна [p1]%. От популярности зависит приток клиентов; кроме того, <clr>если популярность упадет до 0, курорт могут закрыть<clrEnd>! 

Строительство любого объекта увеличивает популярность на <clr>2-5<clrEnd>%, а если этот объект востребован - то на <clr>5-10<clrEnd>%. Каждый <clr>недовольный новичок, уехавший с курорта<clrEnd>, уменьшает популярность на <clr>1<clrEnd>%, а профессионал - на <clr>2<clrEnd>%. Недовольны клиенты бывают <clr>нехваткой ресторанов, подъемников или трасс нужной сложности<clrEnd>. Однако имейте в виду, что не все уезжающие клиенты бывают недовольны.

Кроме того, популярность курорта падает на <clr>5-10<clrEnd>% в день сама по себе. Поэтому курорту необходима реклама. Каждые потраченные на рекламу <clr>10.000<clrEnd> cr в день увеличивают популярность курорта на <clr>2-5<clrEnd>%. К сожалению, законы планеты <ToPlanet> запрещают тратить на рекламу более <clr>50.000<clrEnd> cr в день.

Текущие расходы на рекламу равны [p3]<clr>0.000<clrEnd> cr в день."	"Quest Ski.qmm: locations.20.texts.0.text. Preserve every <tag> exactly. English reference: A merry young man was responsible for the resort <clr>advertising<clrEnd>. His report was the following:

- At the present time the resort's <clr>popularity<clrEnd> is equal to [p1]%. The influx of tourists depends on it; besides, <clr>if the popularity percentage falls down to 0, they can close the doors<clrEnd>! 

Any new structure adds <clr>2-5<clrEnd>% to the popularity, and if this structure is used by the tourists, it adds <clr>5-10<clrEnd>% to the popularity. Each <clr>disappointed beginner who left the resort <clrEnd>, takes <clr>1<clrEnd>% from the popularity, and each pro takes <clr>2<clrEnd>%. The clients can be annoyed by <clr>the lack of restaurants, ski lifts or needed tracks <clrEnd>. Though mind that not all leaving clients are disappointed.

Besides, the resort's popularity loses <clr>5-10<clrEnd>% per day just for no reason. This is why it needs advertising. Every <clr>10.000<clrEnd> cr. spent on advertising per day, add <clr>2-5<clrEnd>% to the resort's popularity. Unfortunately, <ToPlanet>, regulations won't let us spend more then <clr>50.000<clrEnd> cr per day on advertising.

The current advertising expenses are equal to [p3]<clr>0.000<clrEnd> cr per day."	"Quest,Ski"	""
"/quests/Ski.qmm/locations/20/texts/1/text"	"- Будет сделано! - сказал менеджер по рекламе. - Текущие расходы на рекламу равны [p3]<clr>0.000<clrEnd> cr в день."	"Quest Ski.qmm: locations.20.texts.1.text. Preserve every <tag> exactly. English reference: - Can do! - the advertising manager said. - The current advertising expenses are equal to [p3]<clr>0.000<clrEnd> cr per day."	"Quest,Ski"	""
"/quests/Ski.qmm/locations/20/texts/2/text"	"<clr>Рекламой<clrEnd> курорта занимался веселый молодой человек. Его доклад звучал так:

- <clr>Популярность<clrEnd> курорта в настоящее время равна [p1]%. От популярности зависит приток клиентов; кроме того, <clr>если популярность упадет до 0, курорт могут закрыть<clrEnd>! 

Строительство любого объекта увеличивает популярность на <clr>2-5<clrEnd>%, а если этот объект востребован - то на <clr>5-10<clrEnd>%. Каждый <clr>недовольный новичок, уехавший с курорта<clrEnd>, уменьшает популярность на <clr>1<clrEnd>%, а профессионал - на <clr>2<clrEnd>%. Недовольны клиенты бывают <clr>нехваткой ресторанов, подъемников или трасс нужной сложности<clrEnd>. Однако имейте в виду, что не все уезжающие клиенты бывают недовольны.

Кроме того, популярность курорта падает на <clr>5-10<clrEnd>% в день сама по себе. Поэтому курорту необходима реклама. Каждые потраченные на рекламу <clr>10.000<clrEnd> cr в день увеличивают популярность курорта на <clr>3-5<clrEnd>%. К сожалению, законы планеты <ToPlanet> запрещают тратить на рекламу более <clr>50.000<clrEnd> cr в день.

Текущие расходы на рекламу равны <clr>0<clrEnd> cr в день."	"Quest Ski.qmm: locations.20.texts.2.text. Preserve every <tag> exactly. English reference: A merry young man was responsible for the resort <clr>advertising<clrEnd>. His report was the following:

- At the present time the resort's <clr>popularity<clrEnd> is equal to [p1]%. The influx of tourists depends on it; besides, <clr>if the popularity percentage falls down to 0, they can close the doors<clrEnd>!

Any new structure adds <clr>2-5<clrEnd>% to the popularity, and if this structure is used by the tourists, it adds <clr>5-10<clrEnd>% to the popularity. Each <clr>disappointed beginner who left the resort <clrEnd>, takes <clr>1<clrEnd>% from the popularity, and each pro takes <clr>2<clrEnd>%. The clients can be annoyed by <clr>the lack of restaurants, ski lifts or needed tracks <clrEnd>. Though mind that not all leaving clients are disappointed.

Besides, the resort's popularity loses <clr>5-10<clrEnd>% per day just for no reason. This is why it needs advertising. Every <clr>10.000<clrEnd> cr. spent on advertising per day, add <clr>3-5<clrEnd>% to the resort's popularity. Unfortunately, <ToPlanet>, regulations won't let us spend more then <clr>50.000<clrEnd> cr per day on advertising.

The current advertising expenses are equal to <clr>0<clrEnd> cr per day."	"Quest,Ski"	""
"/quests/Ski.qmm/locations/20/texts/3/text"	"- Будет сделано! - сказал менеджер по рекламе. - Текущие расходы на рекламу равны <clr>0<clrEnd> cr в день."	"Quest Ski.qmm: locations.20.texts.3.text. Preserve every <tag> exactly. English reference: - Can do! - the advertising manager said. - The current advertising expenses are equal to <clr>0<clrEnd> cr per day."	"Quest,Ski"	""
"/quests/Ski.qmm/locations/22/texts/0/text"	"<clr>Экономистом<clrEnd> был необъятных размеров человек, который быстро и по-деловому доложил обстановку:

- В настоящее время на базе отдыхает туристов: {[p7]+[p8]}  (новичков: [p7];  профессионалов: [p8]).
Гостиницы заполнены на {5*([p7]+[p8])/[p4]/3} %.
Рестораны обслуживают {45*[p5]} персон.
Подъемников достаточно для {30*[p10]+50*[p11]} клиентов.
Трассы вмещают {20*[p12]+10*[p13]} новичков и {20*[p14]+10*[p13]} профессионалов."	"Quest Ski.qmm: locations.22.texts.0.text. Preserve every <tag> exactly. English reference: <clr>The economist<clrEnd> turned out to be a man of immense format whose report was brief and to the point:

- At present the following number of tourists are spending their vacations at the resort: {[p7]+[p8]}  (beginners: [p7]; pros: [p8]).
 The hotels are {5*([p7]+[p8])/[p4]/3} % full.
The restaurants serve {45*[p5]} people.
The number of ski lifts is enough to hold {30*[p10]+50*[p11]} clients.
The tracks receive {20*[p12]+10*[p13]} beginners and {20*[p14]+10*[p13]} pros."	"Quest,Ski"	""
"/quests/Ski.qmm/locations/22/texts/1/text"	"<clr>Экономистом<clrEnd> был необъятных размеров человек, который быстро и по-деловому доложил обстановку:

- В настоящее время на базе отдыхает туристов: {[p7]+[p8]}  (новичков: [p7];  профессионалов: [p8]).
Гостиницы заполнены на {5*([p7]+[p8])/[p4]/3} %.
Рестораны обслуживают {45*[p5]} персон. <clr>Ресторанов не хватает!<clrEnd>
Подъемников достаточно для {30*[p10]+50*[p11]} клиентов.
Трассы вмещают {20*[p12]+10*[p13]} новичков и {20*[p14]+10*[p13]} профессионалов."	"Quest Ski.qmm: locations.22.texts.1.text. Preserve every <tag> exactly. English reference: <clr>The economist<clrEnd> turned out to be a man of immense format whose report was brief and to the point:

- At present the following number of tourists are spending their vacations at the resort: {[p7]+[p8]}  (beginners: [p7];  pros: [p8]).
The hotels are {5*([p7]+[p8])/[p4]/3} % full.
The restaurants serve {45*[p5]} people. <clr>Restaurants are lacking!<clrEnd>
The number of ski lifts is enough to hold {30*[p10]+50*[p11]} clients.
The tracks receive  {20*[p12]+10*[p13]} beginners and {20*[p14]+10*[p13]} pros."	"Quest,Ski"	""
"/quests/Ski.qmm/locations/22/texts/2/text"	"<clr>Экономистом<clrEnd> был необъятных размеров человек, который быстро и по-деловому доложил обстановку:

- В настоящее время на базе отдыхает туристов: {[p7]+[p8]}  (новичков: [p7];  профессионалов: [p8]).
Гостиницы заполнены на {5*([p7]+[p8])/[p4]/3} %.
Рестораны обслуживают {45*[p5]} персон.
Подъемников достаточно для {30*[p10]+50*[p11]} клиентов. <clr>Подъемников не хватает!<clrEnd>
Трассы вмещают {20*[p12]+10*[p13]} новичков и {20*[p14]+10*[p13]} профессионалов."	"Quest Ski.qmm: locations.22.texts.2.text. Preserve every <tag> exactly. English reference: <clr>The economist<clrEnd> turned out to be a man of immense format whose report was brief and to the point:

- At present the following number of tourists are spending their vacations at the resort: {[p7]+[p8]}  (beginners: [p7]; pros: [p8]).
The hotels are {5*([p7]+[p8])/[p4]/3} % full.
The restaurants serve {45*[p5]} people.
The number of ski lifts is enough to hold {30*[p10]+50*[p11]} clients. <clr>Ski lifts are lacking!<clrEnd>
The tracks receive  {20*[p12]+10*[p13]} beginners and {20*[p14]+10*[p13]} pros."	"Quest,Ski"	""
"/quests/Ski.qmm/locations/22/texts/3/text"	"<clr>Экономистом<clrEnd> был необъятных размеров человек, который быстро и по-деловому доложил обстановку:

- В настоящее время на базе отдыхает туристов: {[p7]+[p8]}  (новичков: [p7];  профессионалов: [p8]).
Гостиницы заполнены на {5*([p7]+[p8])/[p4]/3} %.
Рестораны обслуживают {45*[p5]} персон. <clr>Ресторанов не хватает!<clrEnd>
Подъемников достаточно для {30*[p10]+50*[p11]} клиентов. <clr>Подъемников не хватает!<clrEnd>
Трассы вмещают {20*[p12]+10*[p13]} новичков и {20*[p14]+10*[p13]} профессионалов."	"Quest Ski.qmm: locations.22.texts.3.text. Preserve every <tag> exactly. English reference: <clr>The economist<clrEnd> turned out to be a man of immense format whose report was brief and to the point:

- At present the following number of tourists are spending their vacations at the resort: {[p7]+[p8]}  (beginners: [p7];  pros: [p8]).
The hotels are {5*([p7]+[p8])/[p4]/3} % full.
The restaurants serve {45*[p5]} people. <clr>Restaurants are lacking!<clrEnd>
The number of ski lifts is enough to hold {30*[p10]+50*[p11]} clients. <clr>Ski lifts are lacking!<clrEnd>
The tracks receive  {20*[p12]+10*[p13]} beginners and {20*[p14]+10*[p13]} pros."	"Quest,Ski"	""
"/quests/Ski.qmm/locations/22/texts/4/text"	"<clr>Экономистом<clrEnd> был необъятных размеров человек, который быстро и по-деловому доложил обстановку:

- В настоящее время на базе отдыхает туристов: {[p7]+[p8]}  (новичков: [p7];  профессионалов: [p8]).
Гостиницы заполнены на {5*([p7]+[p8])/[p4]/3} %.
Рестораны обслуживают {45*[p5]} персон.
Подъемников достаточно для {30*[p10]+50*[p11]} клиентов.
Трассы вмещают {20*[p12]+10*[p13]} новичков и {20*[p14]+10*[p13]} профессионалов. <clr>Трасс не хватает!<clrEnd>"	"Quest Ski.qmm: locations.22.texts.4.text. Preserve every <tag> exactly. English reference: <clr>The economist<clrEnd> turned out to be a man of immense format whose report was brief and to the point:

- At present the following number of tourists are spending their vacations at the resort: {[p7]+[p8]}  (beginners: [p7]; pros: [p8]).
The hotels are {5*([p7]+[p8])/[p4]/3} % full.
The restaurants serve {45*[p5]} people.
The number of ski lifts is enough to hold {30*[p10]+50*[p11]} clients.
The tracks receive  {20*[p12]+10*[p13]} beginners and {20*[p14]+10*[p13]} pros. <clr>Tracks are lacking!<clrEnd>"	"Quest,Ski"	""
"/quests/Ski.qmm/locations/22/texts/5/text"	"<clr>Экономистом<clrEnd> был необъятных размеров человек, который быстро и по-деловому доложил обстановку:

- В настоящее время на базе отдыхает туристов: {[p7]+[p8]}  (новичков: [p7];  профессионалов: [p8]).
Гостиницы заполнены на {5*([p7]+[p8])/[p4]/3} %.
Рестораны обслуживают {45*[p5]} персон. <clr>Ресторанов не хватает!<clrEnd>
Подъемников достаточно для {30*[p10]+50*[p11]} клиентов.
Трассы вмещают {20*[p12]+10*[p13]} новичков и {20*[p14]+10*[p13]} профессионалов. <clr>Трасс не хватает!<clrEnd>"	"Quest Ski.qmm: locations.22.texts.5.text. Preserve every <tag> exactly. English reference: <clr>The economist<clrEnd> turned out to be a man of immense format whose report was brief and to the point:

- At present the following number of tourists are spending their vacations at the resort: {[p7]+[p8]}  (beginners: [p7]; pros: [p8]).
The hotels are {5*([p7]+[p8])/[p4]/3} % full.
The restaurants serve {45*[p5]} people. <clr>Restaurants are lacking!<clrEnd>
The number of ski lifts is enough to hold {30*[p10]+50*[p11]} clients.
The tracks receive {20*[p12]+10*[p13]} beginners and {20*[p14]+10*[p13]} pros. <clr>Tracks are lacking!<clrEnd>"	"Quest,Ski"	""
"/quests/Ski.qmm/locations/22/texts/6/text"	"<clr>Экономистом<clrEnd> был необъятных размеров человек, который быстро и по-деловому доложил обстановку:

- В настоящее время на базе отдыхает туристов: {[p7]+[p8]}  (новичков: [p7];  профессионалов: [p8]).
Гостиницы заполнены на {5*([p7]+[p8])/[p4]/3} %.
Рестораны обслуживают {45*[p5]} персон.
Подъемников достаточно для {30*[p10]+50*[p11]} клиентов. <clr>Подъемников не хватает!<clrEnd>
Трассы вмещают {20*[p12]+10*[p13]} новичков и {20*[p14]+10*[p13]} профессионалов. <clr>Трасс не хватает!<clrEnd>"	"Quest Ski.qmm: locations.22.texts.6.text. Preserve every <tag> exactly. English reference: <clr>The economist<clrEnd> turned out to be a man of immense format whose report was brief and to the point:

- At present the following number of tourists are spending their vacations at the resort: {[p7]+[p8]}  (beginners: [p7]; pros: [p8]).
The hotels are {5*([p7]+[p8])/[p4]/3} % full.
The restaurants serve {45*[p5]} people.
The number of ski lifts is enough to hold {30*[p10]+50*[p11]} clients. <clr>Ski lifts are lacking!<clrEnd>
The tracks receive  {20*[p12]+10*[p13]} beginners and {20*[p14]+10*[p13]} pros. <clr>Tracks are lacking!<clrEnd>"	"Quest,Ski"	""
"/quests/Ski.qmm/locations/22/texts/7/text"	"<clr>Экономистом<clrEnd> был необъятных размеров человек, который быстро и по-деловому доложил обстановку:

- В настоящее время на базе отдыхает туристов: {[p7]+[p8]}  (новичков: [p7];  профессионалов: [p8]).
Гостиницы заполнены на {5*([p7]+[p8])/[p4]/3} %.
Рестораны обслуживают {45*[p5]} персон. <clr>Ресторанов не хватает!<clrEnd>
Подъемников достаточно для {30*[p10]+50*[p11]} клиентов. <clr>Подъемников не хватает!<clrEnd>
Трассы вмещают {20*[p12]+10*[p13]} новичков и {20*[p14]+10*[p13]} профессионалов. <clr>Трасс не хватает!<clrEnd>"	"Quest Ski.qmm: locations.22.texts.7.text. Preserve every <tag> exactly. English reference: <clr>The economist<clrEnd> turned out to be a man of immense format whose report was brief and to the point:

- At present the following number of tourists are spending their vacations at the resort: {[p7]+[p8]}  (beginners: [p7]; pros: [p8]).
The hotels are {5*([p7]+[p8])/[p4]/3} % full.
The restaurants serve {45*[p5]} people. <clr>Restaurants are lacking!<clrEnd>
The number of ski lifts is enough to hold {30*[p10]+50*[p11]} clients. <clr>Ski lifts are lacking!<clrEnd>
The tracks receive  {20*[p12]+10*[p13]} beginners and {20*[p14]+10*[p13]} pros. <clr> Tracks are lacking!<clrEnd>"	"Quest,Ski"	""
"/quests/Ski.qmm/locations/24/texts/0/text"	"Вы позвали малока и сообщили ему о своем решении построить <clr>гостиницу<clrEnd>. Малок обещал построить ее к вечеру. Вы выглянули в окно и заметили, как на площадку въехало несколько машин. Рабочие стали быстро разгружать блоки и монтировать здание. Через несколько часов гостиница была готова, и к ней вскоре подъехали несколько машин с новыми туристами."	"Quest Ski.qmm: locations.24.texts.0.text. Preserve every <tag> exactly. English reference: You called the Maloq and told him about your decision to have <clr>a hotel<clrEnd> constructed. The Maloq promised to finish the work by night. You looked out of the window and saw several trucks driving onto the site. The workers began taking sections out of them and assembling the building. Within a few hours the hotel was ready to accommodate clients and soon several cars with new tourists slid up to it."	"Quest,Ski"	""
"/quests/Ski.qmm/locations/29/texts/0/text"	"Время, выделенное вам планетой <FromPlanet> на раскрутку курорта и зарабатывание миллиона, истекло. Вы не смогли заработать требуемую сумму и тем самым <clr>провалили<clrEnd> свою миссию."	"Quest Ski.qmm: locations.29.texts.0.text. Preserve every <tag> exactly. English reference: The time <FromPlanet>had given to you to make the resort more popular and to earn one million ran out. You didn't manage to earn the required amount and thereby <clr>failed<clrEnd> your mission."	"Quest,Ski"	""
"/quests/Ski.qmm/locations/30/texts/0/text"	"Проверив содержимое счета курорта, вы к своей неописуемой радости обнаружили, что на нем больше <clr>1.000.000<clrEnd> cr! Ваша миссия выполнена! Вы показали менеджерам планеты <ToPlanet>, как надо работать. Уже отправляясь в космопорт, вы встретились со своим заместителем.

- Руководство планеты <FromPlanet> восхищено вашим профессионализмом, <Ranger>, и хочет предложить вам продление контракта. Вашей задачей будет заработать <clr>10.000.000<clrEnd> cr, но уже без всяких ограничений по времени. Если вы сможете выполнить это задание, то вдобавок к сумме в <Money> cr мы выплатим вам неплохую премию прямо здесь. Разумеется, вы в любой момент сможете отказаться от этого дополнительного задания. Ну как, согласны?"	"Quest Ski.qmm: locations.30.texts.0.text. Preserve every <tag> exactly. English reference: You checked the resort's account and was completely happy to find out that there were more than <clr>1.000.000<clrEnd> cr there! Your mission was complete! You demonstrated to the managers from <ToPlanet> how any work should be done. Being ready to leave for the spaceport, you met your deputy.

- The <FromPlanet> authorities are impressed by your professionalism, <Ranger>, and want to renew the contract with you. Your new task will be to earn <clr>10.000.000<clrEnd> cr. but this time no time frames will be set. If you complete this mission successfully, we'll pay you a nice bonus right here in addition to <Money> cr. Of course, you may refuse to complete this additional mission at any time. Is it a deal?"	"Quest,Ski"	""
"/quests/Ski.qmm/locations/31/texts/0/text"	"Проверив содержимое счета курорта, вы к своей неописуемой радости обнаружили, что на нем больше <clr>10.000.000<clrEnd> cr! Ваша миссия выполнена! Вы показали менеджерам планеты <ToPlanet>, как надо работать. Заместитель торжественно выдал вам премию в <clr>10.000<clrEnd> cr. Ваш счет теперь равен [p21] cr! И надо еще слетать на планету <FromPlanet> за своим гонораром в <Money> cr.

В общем, вы неплохо заработали на этой планетке, надо отметить! ""Может быть, стоит переквалифицироваться в управляющие?"" - думали вы, возвращаясь в космопорт."	"Quest Ski.qmm: locations.31.texts.0.text. Preserve every <tag> exactly. English reference: You checked the resort's account and was completely happy to find out that there were more than <clr>1.000.000<clrEnd> cr there! Your mission was complete! You demonstrated to the managers from <ToPlanet> how any work should be done. With all the ceremony the deputy handed your bonus in the amount of <clr>10.000<clrEnd> cr. to you. There are [p21] cr on your account now! Also you need to visit the <FromPlanet> planet and get your fee in the amount of <Money> cr.

All in all, you earned good money on this piece of planet, didn't you? ""Should I really change the profession and become a manager?"" - you thought returning to the spaceport."	"Quest,Ski"	""
"/quests/Ski.qmm/locations/32/texts/0/text"	"Сегодня <CurDate>. Вы сидите в своем офисе. Перед вами на столе лежит отчет за прошедшие сутки:

Новички - <clr>было<clrEnd>: [p17], <clr>уехало<clrEnd>: [p6], <clr>приехало<clrEnd>: [p9], <clr>сейчас<clrEnd>: [p7]. 
Профессионалы - <clr>было<clrEnd>: [p18], <clr>уехало<clrEnd>: [p19], <clr>приехало<clrEnd>: [p20], <clr>сейчас<clrEnd>: [p8].

Получено денег 
<clr>от новичков<clrEnd>: {([p17]*2)}<clr>.000<clrEnd> cr
<clr>от профессионалов<clrEnd>: {([p18]*6)}<clr>.000<clrEnd> cr
Потрачено денег
<clr>на содержание трасс<clrEnd>: {[p12]*10+[p13]*15+[p14]*20}<clr>.000<clrEnd> cr
<clr>на рекламу<clrEnd>: <clr>0<clrEnd> cr
Денег на счету: [p2]<clr>.000<clrEnd> cr"	"Quest Ski.qmm: locations.32.texts.0.text. Preserve every <tag> exactly. English reference: Today is <CurDate>. You're in your office with the report as of yesterday in front of your eyes:

Beginners - <clr>initial number<clrEnd>: [p17], <clr>left<clrEnd>: [p6], <clr>arrived<clrEnd>: [p9], <clr>now<clrEnd>: [p7]. 
Pros - <clr>initial number<clrEnd>: [p18], <clr>left<clrEnd>: [p19], <clr>arrived<clrEnd>: [p20], <clr>now<clrEnd>: [p8].

Money received:
<clr>from beginners<clrEnd>: {([p17]*2)}<clr>.000<clrEnd> cr
<clr>from pros<clrEnd>: {([p18]*6)}<clr>.000<clrEnd> cr
Money spent on:
<clr>track maintenance<clrEnd>: {[p12]*10+[p13]*15+[p14]*20}<clr>.000<clrEnd> cr
<clr>advertising<clrEnd>: <clr>0<clrEnd> cr
Money on the account: [p2]<clr>.000<clrEnd> cr"	"Quest,Ski"	""
"/quests/Ski.qmm/locations/32/texts/1/text"	"Сегодня <CurDate>. Вы сидите в своем офисе. Перед вами на столе лежит отчет за прошедшие сутки:

Новички - <clr>было<clrEnd>: [p17], <clr>уехало<clrEnd>: [p6], <clr>приехало<clrEnd>: [p9], <clr>сейчас<clrEnd>: [p7]. 
Профессионалы - <clr>было<clrEnd>: [p18], <clr>уехало<clrEnd>: [p19], <clr>приехало<clrEnd>: [p20], <clr>сейчас<clrEnd>: [p8].

Получено денег 
<clr>от новичков<clrEnd>: {([p17]*2)}<clr>.000<clrEnd> cr
<clr>от профессионалов<clrEnd>: {([p18]*6)}<clr>.000<clrEnd> cr
Потрачено денег
<clr>на содержание трасс<clrEnd>: {[p12]*10+[p13]*15+[p14]*20}<clr>.000<clrEnd> cr
<clr>на рекламу<clrEnd>: {[p3]*10}<clr>.000<clrEnd> cr
Денег на счету: [p2]<clr>.000<clrEnd> cr"	"Quest Ski.qmm: locations.32.texts.1.text. Preserve every <tag> exactly. English reference: Today is <CurDate>. You're in your office with the report as of yesterday in front of your eyes:

Beginners - <clr>initial number<clrEnd>: [p17], <clr>left<clrEnd>: [p6], <clr>arrived<clrEnd>: [p9], <clr>now<clrEnd>: [p7]. 
Pros - <clr>initial number<clrEnd>: [p18], <clr>left<clrEnd>: [p19], <clr>arrived<clrEnd>: [p20], <clr>now<clrEnd>: [p8].

Money received:
<clr>from beginners<clrEnd>: {([p17]*2)}<clr>.000<clrEnd> cr
<clr>from pros<clrEnd>: {([p18]*6)}<clr>.000<clrEnd> cr
Money spent on:
<clr>track maintenance<clrEnd>: {[p12]*10+[p13]*15+[p14]*20}<clr>.000<clrEnd> cr
<clr>advertising<clrEnd>: {[p3]*10}<clr>.000<clrEnd> cr
Money on the account: [p2]<clr>.000<clrEnd> cr"	"Quest,Ski"	""
"/quests/Ski.qmm/locations/32/texts/2/text"	"Сегодня <CurDate>. Вы сидите в своем офисе. Перед вами на столе лежит отчет за прошедшие сутки:

Новички - <clr>было<clrEnd>: [p17], <clr>уехало<clrEnd>: [p6], <clr>приехало<clrEnd>: [p9], <clr>сейчас<clrEnd>: [p7]. 
Профессионалы - <clr>было<clrEnd>: [p18], <clr>уехало<clrEnd>: [p19], <clr>приехало<clrEnd>: [p20], <clr>сейчас<clrEnd>: [p8].

Получено денег 
<clr>от новичков<clrEnd>: {([p17]*2)}<clr>.000<clrEnd> cr
<clr>от профессионалов<clrEnd>: <clr>0<clrEnd> cr
Потрачено денег
<clr>на содержание трасс<clrEnd>: {[p12]*10+[p13]*15+[p14]*20}<clr>.000<clrEnd> cr
<clr>на рекламу<clrEnd>: <clr>0<clrEnd> cr
Денег на счету: [p2]<clr>.000<clrEnd> cr"	"Quest Ski.qmm: locations.32.texts.2.text. Preserve every <tag> exactly. English reference: Today is <CurDate>. You're in your office with the report as of yesterday in front of your eyes:

Beginners - <clr>initial number<clrEnd>: [p17], <clr>left<clrEnd>: [p6], <clr>arrived<clrEnd>: [p9], <clr>now<clrEnd>: [p7]. 
Pros - <clr>initial number<clrEnd>: [p18], <clr>left<clrEnd>: [p19], <clr>arrived<clrEnd>: [p20], <clr>now<clrEnd>: [p8].

Money received:
<clr>from beginners<clrEnd>: {([p17]*2)}<clr>.000<clrEnd> cr
<clr>from pros<clrEnd>: <clr>0<clrEnd> cr
Money spent on:
<clr>track maintenance<clrEnd>: {[p12]*10+[p13]*15+[p14]*20}<clr>.000<clrEnd> cr
<clr>advertising<clrEnd>: <clr>0<clrEnd> cr
Money on the account: [p2]<clr>.000<clrEnd> cr"	"Quest,Ski"	""
"/quests/Ski.qmm/locations/32/texts/3/text"	"Сегодня <CurDate>. Вы сидите в своем офисе. Перед вами на столе лежит отчет за прошедшие сутки:

Новички - <clr>было<clrEnd>: [p17], <clr>уехало<clrEnd>: [p6], <clr>приехало<clrEnd>: [p9], <clr>сейчас<clrEnd>: [p7]. 
Профессионалы - <clr>было<clrEnd>: [p18], <clr>уехало<clrEnd>: [p19], <clr>приехало<clrEnd>: [p20], <clr>сейчас<clrEnd>: [p8].

Получено денег 
<clr>от новичков<clrEnd>: {([p17]*2)}<clr>.000<clrEnd> cr
<clr>от профессионалов<clrEnd>: <clr>0<clrEnd> cr
Потрачено денег
<clr>на содержание трасс<clrEnd>: {[p12]*10+[p13]*15+[p14]*20}<clr>.000<clrEnd> cr
<clr>на рекламу<clrEnd>: {[p3]*10}<clr>.000<clrEnd> cr
Денег на счету: [p2]<clr>.000<clrEnd> cr"	"Quest Ski.qmm: locations.32.texts.3.text. Preserve every <tag> exactly. English reference: Today is <CurDate>. You're in your office with the report as of yesterday in front of your eyes:

Beginners - <clr>initial number<clrEnd>: [p17], <clr>left<clrEnd>: [p6], <clr>arrived<clrEnd>: [p9], <clr>now<clrEnd>: [p7]. 
Pros - <clr>initial number<clrEnd>: [p18], <clr>left<clrEnd>: [p19], <clr>arrived<clrEnd>: [p20], <clr>now<clrEnd>: [p8].

Money received:
<clr>from beginners<clrEnd>: {([p17]*2)}<clr>.000<clrEnd> cr
<clr>from pros<clrEnd>: <clr>0<clrEnd> cr
Money spent on:
<clr>track maintenance<clrEnd>: {[p12]*10+[p13]*15+[p14]*20}<clr>.000<clrEnd> cr
<clr>advertising<clrEnd>: {[p3]*10}<clr>.000<clrEnd> cr
Money on the account: [p2]<clr>.000<clrEnd> cr"	"Quest,Ski"	""
"/quests/Ski.qmm/locations/32/texts/4/text"	"Сегодня <CurDate>. Вы сидите в своем офисе. Перед вами на столе лежит отчет за прошедшие сутки:

Новички - <clr>было<clrEnd>: [p17], <clr>уехало<clrEnd>: [p6], <clr>приехало<clrEnd>: [p9], <clr>сейчас<clrEnd>: [p7]. 
Профессионалы - <clr>было<clrEnd>: [p18], <clr>уехало<clrEnd>: [p19], <clr>приехало<clrEnd>: [p20], <clr>сейчас<clrEnd>: [p8].

Получено денег 
<clr>от новичков<clrEnd>: <clr>0<clrEnd> cr
<clr>от профессионалов<clrEnd>: {([p18]*6)}<clr>.000<clrEnd> cr
Потрачено денег
<clr>на содержание трасс<clrEnd>: {[p12]*10+[p13]*15+[p14]*20}<clr>.000<clrEnd> cr
<clr>на рекламу<clrEnd>: <clr>0<clrEnd> cr
Денег на счету: [p2]<clr>.000<clrEnd> cr"	"Quest Ski.qmm: locations.32.texts.4.text. Preserve every <tag> exactly. English reference: Today is <CurDate>. You're in your office with the report as of yesterday in front of your eyes:

Beginners - <clr>initial number<clrEnd>: [p17], <clr>left<clrEnd>: [p6], <clr>arrived<clrEnd>: [p9], <clr>now<clrEnd>: [p7]. 
Pros - <clr>initial number<clrEnd>: [p18], <clr>left<clrEnd>: [p19], <clr>arrived<clrEnd>: [p20], <clr>now<clrEnd>: [p8].

Money received:
<clr>from beginners<clrEnd>: <clr>0<clrEnd> cr
<clr>from pros<clrEnd>: {([p18]*6)}<clr>.000<clrEnd> cr
Money spent on 
<clr>track maintenance<clrEnd>: {[p12]*10+[p13]*15+[p14]*20}<clr>.000<clrEnd> cr
<clr>advertising<clrEnd>: <clr>0<clrEnd> cr
Money on the account: [p2]<clr>.000<clrEnd> cr"	"Quest,Ski"	""
"/quests/Ski.qmm/locations/32/texts/5/text"	"Сегодня <CurDate>. Вы сидите в своем офисе. Перед вами на столе лежит отчет за прошедшие сутки:

Новички - <clr>было<clrEnd>: [p17], <clr>уехало<clrEnd>: [p6], <clr>приехало<clrEnd>: [p9], <clr>сейчас<clrEnd>: [p7]. 
Профессионалы - <clr>было<clrEnd>: [p18], <clr>уехало<clrEnd>: [p19], <clr>приехало<clrEnd>: [p20], <clr>сейчас<clrEnd>: [p8].

Получено денег 
<clr>от новичков<clrEnd>: <clr>0<clrEnd> cr
<clr>от профессионалов<clrEnd>: {([p18]*6)}<clr>.000<clrEnd> cr
Потрачено денег
<clr>на содержание трасс<clrEnd>: {[p12]*10+[p13]*15+[p14]*20}<clr>.000<clrEnd> cr
<clr>на рекламу<clrEnd>: {[p3]*10}<clr>.000<clrEnd> cr
Денег на счету: [p2]<clr>.000<clrEnd> cr"	"Quest Ski.qmm: locations.32.texts.5.text. Preserve every <tag> exactly. English reference: Today is <CurDate>. You're in your office with the report as of yesterday in front of your eyes:

Beginners - <clr>initial number<clrEnd>: [p17], <clr>left<clrEnd>: [p6], <clr>arrived<clrEnd>: [p9], <clr>now<clrEnd>: [p7]. 
Pros - <clr>initial number<clrEnd>: [p18], <clr>left<clrEnd>: [p19], <clr>arrived<clrEnd>: [p20], <clr>now<clrEnd>: [p8].

Money received:
<clr>from beginners<clrEnd>: <clr>0<clrEnd> cr
<clr>from pros<clrEnd>: {([p18]*6)}<clr>.000<clrEnd> cr
Money spent on:
<clr>track maintenance<clrEnd>: {[p12]*10+[p13]*15+[p14]*20}<clr>.000<clrEnd> cr
<clr>advertising<clrEnd>: {[p3]*10}<clr>.000<clrEnd> cr
Money on the account: [p2]<clr>.000<clrEnd> cr"	"Quest,Ski"	""
"/quests/Ski.qmm/locations/32/texts/6/text"	"Сегодня <CurDate>. Вы сидите в своем офисе. Перед вами на столе лежит отчет за прошедшие сутки:

Новички - <clr>было<clrEnd>: [p17], <clr>уехало<clrEnd>: [p6], <clr>приехало<clrEnd>: [p9], <clr>сейчас<clrEnd>: [p7]. 
Профессионалы - <clr>было<clrEnd>: [p18], <clr>уехало<clrEnd>: [p19], <clr>приехало<clrEnd>: [p20], <clr>сейчас<clrEnd>: [p8].

Получено денег 
<clr>от новичков<clrEnd>: <clr>0<clrEnd> cr
<clr>от профессионалов<clrEnd>: <clr>0<clrEnd> cr
Потрачено денег
<clr>на содержание трасс<clrEnd>: {[p12]*10+[p13]*15+[p14]*20}<clr>.000<clrEnd> cr
<clr>на рекламу<clrEnd>: <clr>0<clrEnd> cr
Денег на счету: [p2]<clr>.000<clrEnd> cr"	"Quest Ski.qmm: locations.32.texts.6.text. Preserve every <tag> exactly. English reference: Today is <CurDate>. You're in your office with the report as of yesterday in front of your eyes:

Beginners - <clr>initial number<clrEnd>: [p17], <clr>left<clrEnd>: [p6], <clr>arrived<clrEnd>: [p9], <clr>now<clrEnd>: [p7]. 
Pros - <clr>initial number<clrEnd>: [p18], <clr>left<clrEnd>: [p19], <clr>arrived<clrEnd>: [p20], <clr>now<clrEnd>: [p8].

Money received:
<clr>from beginners<clrEnd>: <clr>0<clrEnd> cr
<clr>from pros<clrEnd>: <clr>0<clrEnd> cr
Money spent on:
<clr>track maintenance<clrEnd>: {[p12]*10+[p13]*15+[p14]*20}<clr>.000<clrEnd> cr
<clr>advertising<clrEnd>: <clr>0<clrEnd> cr
Money on the account: [p2]<clr>.000<clrEnd> cr"	"Quest,Ski"	""
"/quests/Ski.qmm/locations/32/texts/7/text"	"Сегодня <CurDate>. Вы сидите в своем офисе. Перед вами на столе лежит отчет за прошедшие сутки:

Новички - <clr>было<clrEnd>: [p17], <clr>уехало<clrEnd>: [p6], <clr>приехало<clrEnd>: [p9], <clr>сейчас<clrEnd>: [p7]. 
Профессионалы - <clr>было<clrEnd>: [p18], <clr>уехало<clrEnd>: [p19], <clr>приехало<clrEnd>: [p20], <clr>сейчас<clrEnd>: [p8].

Получено денег 
<clr>от новичков<clrEnd>: <clr>0<clrEnd> cr
<clr>от профессионалов<clrEnd>: <clr>0<clrEnd> cr
Потрачено денег
<clr>на содержание трасс<clrEnd>: {[p12]*10+[p13]*15+[p14]*20}<clr>.000<clrEnd> cr
<clr>на рекламу<clrEnd>: {[p3]*10}<clr>.000<clrEnd> cr
Денег на счету: [p2]<clr>.000<clrEnd> cr"	"Quest Ski.qmm: locations.32.texts.7.text. Preserve every <tag> exactly. English reference: Today is <CurDate>. You're in your office with the report as of yesterday in front of your eyes:

Beginners - <clr>initial number<clrEnd>: [p17], <clr>left<clrEnd>: [p6], <clr>arrived<clrEnd>: [p9], <clr>now<clrEnd>: [p7]. 
Pros - <clr>initial number<clrEnd>: [p18], <clr>left<clrEnd>: [p19], <clr>arrived<clrEnd>: [p20], <clr>now<clrEnd>: [p8].

Money received:
<clr>from beginners<clrEnd>: <clr>0<clrEnd> cr
<clr>from pros<clrEnd>: <clr>0<clrEnd> cr
Money spent on:
<clr>track maintenance<clrEnd>: {[p12]*10+[p13]*15+[p14]*20}<clr>.000<clrEnd> cr
<clr>advertising<clrEnd>: {[p3]*10}<clr>.000<clrEnd> cr
Money on the account: [p2]<clr>.000<clrEnd> cr"	"Quest,Ski"	""
"/quests/Ski.qmm/locations/33/texts/0/text"	"Хватит с вас этих отелей, лыжников и вообще планеты. Вам пора в космос! Тем более что еще надо слетать на планету <FromPlanet> за своим гонораром в <Money> cr.

А все-таки вы показали этим местным дельцам, как надо управлять отелем! ""Может быть, стоит ближе к старости переквалифицироваться в управляющие?"" - думали вы, возвращаясь в космопорт."	"Quest Ski.qmm: locations.33.texts.0.text. Preserve every <tag> exactly. English reference: You've had you fill of these hotels, skiers and the whole planet. It's time to get back to the space! The more so because you need to visit <FromPlanet> to get your <Money> cr fee.

And still you demonstrated to the local businessmen how to manage the hotel! ""Should I really change the profession when I'm older and become a supervisor?"" - you thought returning to the spaceport."	"Quest,Ski"	""
"/quests/Ski.qmm/jumps/0/text"	"Построить ресторан"	"Quest Ski.qmm: jumps.0.text. Preserve every <tag> exactly. English reference: Build a restaurant"	"Quest,Ski"	""
"/quests/Ski.qmm/jumps/1/text"	"Построить гостиницу"	"Quest Ski.qmm: jumps.1.text. Preserve every <tag> exactly. English reference: Build a hotel"	"Quest,Ski"	""
"/quests/Ski.qmm/jumps/2/text"	"Построить трассу для новичков"	"Quest Ski.qmm: jumps.2.text. Preserve every <tag> exactly. English reference: Lay a track for beginners"	"Quest,Ski"	""
"/quests/Ski.qmm/jumps/3/text"	"Построить кресельный подъемник"	"Quest Ski.qmm: jumps.3.text. Preserve every <tag> exactly. English reference: Construct a ski lift with chairs"	"Quest,Ski"	""
"/quests/Ski.qmm/jumps/4/text"	"Построить обычную трассу"	"Quest Ski.qmm: jumps.4.text. Preserve every <tag> exactly. English reference: Lay an average track"	"Quest,Ski"	""
"/quests/Ski.qmm/jumps/5/text"	"Построить трассу для профессионалов"	"Quest Ski.qmm: jumps.5.text. Preserve every <tag> exactly. English reference: Lay a track for pros"	"Quest,Ski"	""
"/quests/Ski.qmm/jumps/6/text"	"Построить кабиночный подъемник"	"Quest Ski.qmm: jumps.6.text. Preserve every <tag> exactly. English reference: Construct a ski lift with cabins"	"Quest,Ski"	""
"/quests/Ski.qmm/jumps/7/text"	"Построить трассу для новичков"	"Quest Ski.qmm: jumps.7.text. Preserve every <tag> exactly. English reference: Lay a track for beginners"	"Quest,Ski"	""
"/quests/Ski.qmm/jumps/8/text"	"Построить обычную трассу"	"Quest Ski.qmm: jumps.8.text. Preserve every <tag> exactly. English reference: Lay an average track"	"Quest,Ski"	""
"/quests/Ski.qmm/jumps/9/text"	"Построить трассу для профессионалов"	"Quest Ski.qmm: jumps.9.text. Preserve every <tag> exactly. English reference: Lay a track for pros"	"Quest,Ski"	""
"/quests/Ski.qmm/jumps/10/text"	"Построить кресельный подъемник"	"Quest Ski.qmm: jumps.10.text. Preserve every <tag> exactly. English reference: Construct a ski lift with chairs"	"Quest,Ski"	""
"/quests/Ski.qmm/jumps/11/text"	"Построить кабиночный подъемник"	"Quest Ski.qmm: jumps.11.text. Preserve every <tag> exactly. English reference: Construct a ski lift with cabins"	"Quest,Ski"	""
"/quests/Ski.qmm/jumps/24/text"	"Построить ресторан"	"Quest Ski.qmm: jumps.24.text. Preserve every <tag> exactly. English reference: Build a restaurant"	"Quest,Ski"	""
"/quests/Ski.qmm/jumps/26/text"	"Отдохнуть остаток дня"	"Quest Ski.qmm: jumps.26.text. Preserve every <tag> exactly. English reference: Have a break for the rest of the day"	"Quest,Ski"	""
"/quests/Ski.qmm/jumps/27/text"	"Поговорить со специалистами"	"Quest Ski.qmm: jumps.27.text. Preserve every <tag> exactly. English reference: Talk to the experts"	"Quest,Ski"	""
"/quests/Ski.qmm/jumps/28/text"	"Поговорить с менеджером по строительству"	"Quest Ski.qmm: jumps.28.text. Preserve every <tag> exactly. English reference: Talk to the construction manager"	"Quest,Ski"	""
"/quests/Ski.qmm/jumps/29/text"	"Поговорить с менеджером по рекламе"	"Quest Ski.qmm: jumps.29.text. Preserve every <tag> exactly. English reference: Talk to the advertising manager"	"Quest,Ski"	""
"/quests/Ski.qmm/jumps/30/text"	"Поговорить с бухгалтером"	"Quest Ski.qmm: jumps.30.text. Preserve every <tag> exactly. English reference: Talk to the accountant"	"Quest,Ski"	""
"/quests/Ski.qmm/jumps/31/text"	"Проконсультироваться с кем-нибудь еще"	"Quest Ski.qmm: jumps.31.text. Preserve every <tag> exactly. English reference: Consult somebody else"	"Quest,Ski"	""
"/quests/Ski.qmm/jumps/33/text"	"Поговорить с экономистом"	"Quest Ski.qmm: jumps.33.text. Preserve every <tag> exactly. English reference: Talk to the economist"	"Quest,Ski"	""
"/quests/Ski.qmm/jumps/34/text"	"Проконсультироваться с кем-нибудь еще"	"Quest Ski.qmm: jumps.34.text. Preserve every <tag> exactly. English reference: Consult somebody else"	"Quest,Ski"	""
"/quests/Ski.qmm/jumps/35/text"	"Поговорить с заместителем"	"Quest Ski.qmm: jumps.35.text. Preserve every <tag> exactly. English reference: Talk to the deputy"	"Quest,Ski"	""
"/quests/Ski.qmm/jumps/36/text"	"Тратить на рекламу 0 cr в день"	"Quest Ski.qmm: jumps.36.text. Preserve every <tag> exactly. English reference: Spend 0 cr per day on advertising"	"Quest,Ski"	""
"/quests/Ski.qmm/jumps/38/text"	"Тратить на рекламу 10.000 cr в день"	"Quest Ski.qmm: jumps.38.text. Preserve every <tag> exactly. English reference: Spend 10.000 cr per day on advertising"	"Quest,Ski"	""
"/quests/Ski.qmm/jumps/39/text"	"Тратить на рекламу 20.000 cr в день"	"Quest Ski.qmm: jumps.39.text. Preserve every <tag> exactly. English reference: Spend 20.000 cr per day on advertising"	"Quest,Ski"	""
"/quests/Ski.qmm/jumps/40/text"	"Тратить на рекламу 30.000 cr в день"	"Quest Ski.qmm: jumps.40.text. Preserve every <tag> exactly. English reference: Spend 30.000 cr per day on advertising"	"Quest,Ski"	""
"/quests/Ski.qmm/jumps/41/text"	"Тратить на рекламу 40.000 cr в день"	"Quest Ski.qmm: jumps.41.text. Preserve every <tag> exactly. English reference: Spend 40.000 cr per day on advertising"	"Quest,Ski"	""
"/quests/Ski.qmm/jumps/42/text"	"Тратить на рекламу 50.000 cr в день"	"Quest Ski.qmm: jumps.42.text. Preserve every <tag> exactly. English reference: Spend 50.000 cr per day on advertising"	"Quest,Ski"	""
"/quests/Ski.qmm/jumps/43/text"	"Построить что-нибудь"	"Quest Ski.qmm: jumps.43.text. Preserve every <tag> exactly. English reference: Build something"	"Quest,Ski"	""
"/quests/Ski.qmm/jumps/44/text"	"Построить что-нибудь"	"Quest Ski.qmm: jumps.44.text. Preserve every <tag> exactly. English reference: Build something"	"Quest,Ski"	""
"/quests/Ski.qmm/jumps/45/text"	"Построить что-нибудь"	"Quest Ski.qmm: jumps.45.text. Preserve every <tag> exactly. English reference: Build something"	"Quest,Ski"	""
"/quests/Ski.qmm/jumps/46/text"	"На сегодня хватит! Отдохнуть остаток дня"	"Quest Ski.qmm: jumps.46.text. Preserve every <tag> exactly. English reference: Let's call it a day! Have a break for the rest of the day"	"Quest,Ski"	""
"/quests/Ski.qmm/jumps/47/text"	"На сегодня хватит! Отдохнуть остаток дня"	"Quest Ski.qmm: jumps.47.text. Preserve every <tag> exactly. English reference: Let's call it a day! Have a break for the rest of the day"	"Quest,Ski"	""
"/quests/Ski.qmm/jumps/48/text"	"На сегодня хватит! Отдохнуть остаток дня"	"Quest Ski.qmm: jumps.48.text. Preserve every <tag> exactly. English reference: Let's call it a day! Have a break for the rest of the day"	"Quest,Ski"	""
"/quests/Ski.qmm/jumps/49/text"	"Ничего не строить"	"Quest Ski.qmm: jumps.49.text. Preserve every <tag> exactly. English reference: Don't build anything"	"Quest,Ski"	""
"/quests/Ski.qmm/jumps/51/text"	"Поговорить со специалистами"	"Quest Ski.qmm: jumps.51.text. Preserve every <tag> exactly. English reference: Talk to the experts"	"Quest,Ski"	""
"/quests/Ski.qmm/jumps/52/text"	"Все идет отлично! Отдохнуть остаток дня"	"Quest Ski.qmm: jumps.52.text. Preserve every <tag> exactly. English reference: Everything is fine! Have a break for the rest of the day"	"Quest,Ski"	""
"/quests/Ski.qmm/jumps/53/text"	"Далее"	"Quest Ski.qmm: jumps.53.text. Preserve every <tag> exactly. English reference: Further"	"Quest,Ski"	""
"/quests/Ski.qmm/jumps/54/text"	"Построить что-нибудь"	"Quest Ski.qmm: jumps.54.text. Preserve every <tag> exactly. English reference: Build something"	"Quest,Ski"	""
"/quests/Ski.qmm/jumps/55/text"	"Посмотреть отчет за прошедшие сутки"	"Quest Ski.qmm: jumps.55.text. Preserve every <tag> exactly. English reference: Look through the report as of yesterday"	"Quest,Ski"	""
"/quests/Ski.qmm/jumps/56/text"	"Посмотреть отчет за прошедшие сутки"	"Quest Ski.qmm: jumps.56.text. Preserve every <tag> exactly. English reference: Look through the report as of yesterday"	"Quest,Ski"	""
"/quests/Ski.qmm/jumps/57/text"	"Построить гостиницу"	"Quest Ski.qmm: jumps.57.text. Preserve every <tag> exactly. English reference: Build a hotel"	"Quest,Ski"	""
"/quests/Ski.qmm/jumps/59/text"	"Далее"	"Quest Ski.qmm: jumps.59.text. Preserve every <tag> exactly. English reference: Further"	"Quest,Ski"	""
"/quests/Ski.qmm/jumps/75/text"	"Нет"	"Quest Ski.qmm: jumps.75.text. Preserve every <tag> exactly. English reference: No"	"Quest,Ski"	""
"/quests/Ski.qmm/jumps/76/text"	"Да"	"Quest Ski.qmm: jumps.76.text. Preserve every <tag> exactly. English reference: Yes"	"Quest,Ski"	""
"/quests/Ski.qmm/jumps/77/text"	"Все идет отлично! Отдохнуть остаток дня"	"Quest Ski.qmm: jumps.77.text. Preserve every <tag> exactly. English reference: Everything is fine! Have a break for the rest of the day"	"Quest,Ski"	""
"/quests/Ski.qmm/jumps/78/text"	"Ничего не строить"	"Quest Ski.qmm: jumps.78.text. Preserve every <tag> exactly. English reference: Don't build anything"	"Quest,Ski"	""
"/quests/Ski.qmm/jumps/79/text"	"Построить что-нибудь"	"Quest Ski.qmm: jumps.79.text. Preserve every <tag> exactly. English reference: Build something"	"Quest,Ski"	""
"/quests/Ski.qmm/jumps/80/text"	"Поговорить со специалистами"	"Quest Ski.qmm: jumps.80.text. Preserve every <tag> exactly. English reference: Talk to the experts"	"Quest,Ski"	""
"/quests/Ski.qmm/jumps/81/text"	"Посмотреть отчет за прошедшие сутки"	"Quest Ski.qmm: jumps.81.text. Preserve every <tag> exactly. English reference: Look through the report as of yesterday"	"Quest,Ski"	""
"/quests/Ski.qmm/jumps/82/text"	"Посмотреть отчет за прошедшие сутки"	"Quest Ski.qmm: jumps.82.text. Preserve every <tag> exactly. English reference: Look through the report as of yesterday"	"Quest,Ski"	""
"/quests/Ski.qmm/jumps/84/text"	"Надоело всё это! Основное задание выполнено, так что можно спокойно сваливать отсюда"	"Quest Ski.qmm: jumps.84.text. Preserve every <tag> exactly. English reference: You're sick and tired of this! Your main mission is complete so it's time to leave"	"Quest,Ski"	""
