"identifier"	"source_phrase"	"context"	"labels"	"be"
"/quests/Vulkan.qmm/parameters/0/name"	"Деньги"	"Quest Vulkan.qmm: parameters.0.name. Preserve every <tag> exactly."	"Quest,Vulkan"	"Грошы"
"/quests/Vulkan.qmm/parameters/0/lines/0/content"	"Ваши деньги: <>"	"Quest Vulkan.qmm: parameters.0.lines.0.content. Preserve every <tag> exactly."	"Quest,Vulkan"	"Вашыя грошы: <>"
"/quests/Vulkan.qmm/parameters/0/crit_text"	"Сообщение достижения критического значения параметром 2"	"Quest Vulkan.qmm: parameters.0.crit_text. Preserve every <tag> exactly."	"Quest,Vulkan"	"Паведамленьне пра дасягненьне крытычнага значэньня парамэтрам 2"
"/quests/Vulkan.qmm/parameters/1/name"	"Здоровье"	"Quest Vulkan.qmm: parameters.1.name. Preserve every <tag> exactly."	"Quest,Vulkan"	"Здароўе"
"/quests/Vulkan.qmm/parameters/1/lines/0/content"	"Вам не выжить"	"Quest Vulkan.qmm: parameters.1.lines.0.content. Preserve every <tag> exactly."	"Quest,Vulkan"	"Вам не выжыць"
"/quests/Vulkan.qmm/parameters/1/lines/1/content"	"Вы почти умираете"	"Quest Vulkan.qmm: parameters.1.lines.1.content. Preserve every <tag> exactly."	"Quest,Vulkan"	"Вы амаль паміраеце"
"/quests/Vulkan.qmm/parameters/1/lines/2/content"	"Чернота застилает глаза"	"Quest Vulkan.qmm: parameters.1.lines.2.content. Preserve every <tag> exactly."	"Quest,Vulkan"	"Чарната засьцілае вочы"
"/quests/Vulkan.qmm/parameters/1/lines/3/content"	"У вас обильное кровотечение"	"Quest Vulkan.qmm: parameters.1.lines.3.content. Preserve every <tag> exactly."	"Quest,Vulkan"	"У вас моцны крывацёк"
"/quests/Vulkan.qmm/parameters/1/lines/4/content"	"Вы тяжело ранены"	"Quest Vulkan.qmm: parameters.1.lines.4.content. Preserve every <tag> exactly."	"Quest,Vulkan"	"Вы цяжка параненыя"
"/quests/Vulkan.qmm/parameters/1/lines/5/content"	"Голова кружится и гудит"	"Quest Vulkan.qmm: parameters.1.lines.5.content. Preserve every <tag> exactly."	"Quest,Vulkan"	"Галава кружыцца і гудзе"
"/quests/Vulkan.qmm/parameters/1/lines/6/content"	"Вы слегка ранены"	"Quest Vulkan.qmm: parameters.1.lines.6.content. Preserve every <tag> exactly."	"Quest,Vulkan"	"Вы зьлёгку параненыя"
"/quests/Vulkan.qmm/parameters/1/lines/7/content"	"Небольшое недомогание"	"Quest Vulkan.qmm: parameters.1.lines.7.content. Preserve every <tag> exactly."	"Quest,Vulkan"	"Невялікае недамаганьне"
"/quests/Vulkan.qmm/parameters/1/lines/8/content"	"Слегка поцарапались"	"Quest Vulkan.qmm: parameters.1.lines.8.content. Preserve every <tag> exactly."	"Quest,Vulkan"	"Зьлёгку падрапаліся"
"/quests/Vulkan.qmm/parameters/1/lines/9/content"	"Вы абсолютно здоровы"	"Quest Vulkan.qmm: parameters.1.lines.9.content. Preserve every <tag> exactly."	"Quest,Vulkan"	"Вы абсалютна здаровыя"
"/quests/Vulkan.qmm/parameters/1/crit_text"	"Боль сдавила вам горло. Похоже, прогулка по райскому острову окончилась для вас эмиграцией в ад..."	"Quest Vulkan.qmm: parameters.1.crit_text. Preserve every <tag> exactly."	"Quest,Vulkan"	"Боль сьціснула вам горла. Падобна, прагулка па райскай высьпе скончылася для вас эміграцыяй у пекла..."
"/quests/Vulkan.qmm/parameters/2/name"	"Зажигалка"	"Quest Vulkan.qmm: parameters.2.name. Preserve every <tag> exactly."	"Quest,Vulkan"	"Запальніца"
"/quests/Vulkan.qmm/parameters/2/lines/0/content"	"У вас есть зажигалка"	"Quest Vulkan.qmm: parameters.2.lines.0.content. Preserve every <tag> exactly."	"Quest,Vulkan"	"У вас ёсьць запальніца"
"/quests/Vulkan.qmm/parameters/2/crit_text"	"Сообщение достижения критического значения параметром 9"	"Quest Vulkan.qmm: parameters.2.crit_text. Preserve every <tag> exactly."	"Quest,Vulkan"	"Паведамленьне пра дасягненьне крытычнага значэньня парамэтрам 9"
"/quests/Vulkan.qmm/parameters/3/name"	"Патроны к бластеру"	"Quest Vulkan.qmm: parameters.3.name. Preserve every <tag> exactly."	"Quest,Vulkan"	"Патроны да блястэра"
"/quests/Vulkan.qmm/parameters/3/lines/0/content"	"У вас есть бластер без патронов"	"Quest Vulkan.qmm: parameters.3.lines.0.content. Preserve every <tag> exactly."	"Quest,Vulkan"	"У вас ёсьць блястэр без патронаў"
"/quests/Vulkan.qmm/parameters/3/lines/1/content"	"У вас есть бластер с <> патронами"	"Quest Vulkan.qmm: parameters.3.lines.1.content. Preserve every <tag> exactly."	"Quest,Vulkan"	"У вас ёсьць блястэр з <> патронамі"
"/quests/Vulkan.qmm/parameters/3/crit_text"	"Сообщение достижения критического значения параметром 5"	"Quest Vulkan.qmm: parameters.3.crit_text. Preserve every <tag> exactly."	"Quest,Vulkan"	"Паведамленьне пра дасягненьне крытычнага значэньня парамэтрам 5"
"/quests/Vulkan.qmm/parameters/4/name"	"Водка"	"Quest Vulkan.qmm: parameters.4.name. Preserve every <tag> exactly."	"Quest,Vulkan"	"Гарэлка"
"/quests/Vulkan.qmm/parameters/4/lines/0/content"	"Бутылок водки: <>"	"Quest Vulkan.qmm: parameters.4.lines.0.content. Preserve every <tag> exactly."	"Quest,Vulkan"	"Бутэлек гарэлкі: <>"
"/quests/Vulkan.qmm/parameters/4/crit_text"	"Сообщение достижения критического значения параметром 7"	"Quest Vulkan.qmm: parameters.4.crit_text. Preserve every <tag> exactly."	"Quest,Vulkan"	"Паведамленьне пра дасягненьне крытычнага значэньня парамэтрам 7"
"/quests/Vulkan.qmm/parameters/5/name"	"Мурзлики"	"Quest Vulkan.qmm: parameters.5.name. Preserve every <tag> exactly."	"Quest,Vulkan"	"Мурзьлікі"
"/quests/Vulkan.qmm/parameters/5/lines/0/content"	"Мурзликов: <>"	"Quest Vulkan.qmm: parameters.5.lines.0.content. Preserve every <tag> exactly."	"Quest,Vulkan"	"Мурзьлікаў: <>"
"/quests/Vulkan.qmm/parameters/5/crit_text"	"Сообщение достижения критического значения параметром 16"	"Quest Vulkan.qmm: parameters.5.crit_text. Preserve every <tag> exactly."	"Quest,Vulkan"	"Паведамленьне пра дасягненьне крытычнага значэньня парамэтрам 16"
"/quests/Vulkan.qmm/parameters/6/name"	"Туалетная бумага"	"Quest Vulkan.qmm: parameters.6.name. Preserve every <tag> exactly."	"Quest,Vulkan"	"Туалетная папера"
"/quests/Vulkan.qmm/parameters/6/lines/1/content"	"Рулон туалетной бумаги"	"Quest Vulkan.qmm: parameters.6.lines.1.content. Preserve every <tag> exactly."	"Quest,Vulkan"	"Рулён туалетнай паперы"
"/quests/Vulkan.qmm/parameters/6/crit_text"	"Сообщение достижения критического значения параметром 12"	"Quest Vulkan.qmm: parameters.6.crit_text. Preserve every <tag> exactly."	"Quest,Vulkan"	"Паведамленьне пра дасягненьне крытычнага значэньня парамэтрам 12"
"/quests/Vulkan.qmm/parameters/7/name"	"Парашюты"	"Quest Vulkan.qmm: parameters.7.name. Preserve every <tag> exactly."	"Quest,Vulkan"	"Парашуты"
"/quests/Vulkan.qmm/parameters/7/lines/0/content"	"Парашюты: <>"	"Quest Vulkan.qmm: parameters.7.lines.0.content. Preserve every <tag> exactly."	"Quest,Vulkan"	"Парашуты: <>"
"/quests/Vulkan.qmm/parameters/7/crit_text"	"Сообщение достижения критического значения параметром 11"	"Quest Vulkan.qmm: parameters.7.crit_text. Preserve every <tag> exactly."	"Quest,Vulkan"	"Паведамленьне пра дасягненьне крытычнага значэньня парамэтрам 11"
"/quests/Vulkan.qmm/parameters/8/name"	"Деревянная карта"	"Quest Vulkan.qmm: parameters.8.name. Preserve every <tag> exactly."	"Quest,Vulkan"	"Драўляная мапа"
"/quests/Vulkan.qmm/parameters/8/lines/0/content"	"У вас есть деревянная карта"	"Quest Vulkan.qmm: parameters.8.lines.0.content. Preserve every <tag> exactly."	"Quest,Vulkan"	"У вас ёсьць драўляная мапа"
"/quests/Vulkan.qmm/parameters/8/crit_text"	"Сообщение достижения критического значения параметром 17"	"Quest Vulkan.qmm: parameters.8.crit_text. Preserve every <tag> exactly."	"Quest,Vulkan"	"Паведамленьне пра дасягненьне крытычнага значэньня парамэтрам 17"
"/quests/Vulkan.qmm/parameters/9/name"	"Веревка"	"Quest Vulkan.qmm: parameters.9.name. Preserve every <tag> exactly."	"Quest,Vulkan"	"Вяроўка"
"/quests/Vulkan.qmm/parameters/9/lines/0/content"	"У вас есть веревка"	"Quest Vulkan.qmm: parameters.9.lines.0.content. Preserve every <tag> exactly."	"Quest,Vulkan"	"У вас ёсьць вяроўка"
"/quests/Vulkan.qmm/parameters/9/crit_text"	"Сообщение достижения критического значения параметром 10"	"Quest Vulkan.qmm: parameters.9.crit_text. Preserve every <tag> exactly."	"Quest,Vulkan"	"Паведамленьне пра дасягненьне крытычнага значэньня парамэтрам 10"
"/quests/Vulkan.qmm/parameters/10/name"	"Передатчик Дзухаллага"	"Quest Vulkan.qmm: parameters.10.name. Preserve every <tag> exactly."	"Quest,Vulkan"	"Перадатчык Дзухаллага"
"/quests/Vulkan.qmm/parameters/10/lines/0/content"	"У вас есть передатчик Дзухаллага"	"Quest Vulkan.qmm: parameters.10.lines.0.content. Preserve every <tag> exactly."	"Quest,Vulkan"	"У вас ёсьць перадатчык Дзухаллага"
"/quests/Vulkan.qmm/parameters/10/crit_text"	"Сообщение достижения критического значения параметром 6"	"Quest Vulkan.qmm: parameters.10.crit_text. Preserve every <tag> exactly."	"Quest,Vulkan"	"Паведамленьне пра дасягненьне крытычнага значэньня парамэтрам 6"
"/quests/Vulkan.qmm/parameters/11/name"	"Бусы"	"Quest Vulkan.qmm: parameters.11.name. Preserve every <tag> exactly."	"Quest,Vulkan"	"Пацеркі"
"/quests/Vulkan.qmm/parameters/11/lines/0/content"	"У вас есть бусы"	"Quest Vulkan.qmm: parameters.11.lines.0.content. Preserve every <tag> exactly."	"Quest,Vulkan"	"У вас ёсьць пацеркі"
"/quests/Vulkan.qmm/parameters/11/crit_text"	"Сообщение достижения критического значения параметром 3"	"Quest Vulkan.qmm: parameters.11.crit_text. Preserve every <tag> exactly."	"Quest,Vulkan"	"Паведамленьне пра дасягненьне крытычнага значэньня парамэтрам 3"
"/quests/Vulkan.qmm/parameters/12/name"	"Приборчик"	"Quest Vulkan.qmm: parameters.12.name. Preserve every <tag> exactly."	"Quest,Vulkan"	"Прыбор"
"/quests/Vulkan.qmm/parameters/12/lines/0/content"	"У вас есть приборчик"	"Quest Vulkan.qmm: parameters.12.lines.0.content. Preserve every <tag> exactly."	"Quest,Vulkan"	"У вас ёсьць прыбор"
"/quests/Vulkan.qmm/parameters/12/crit_text"	"Сообщение достижения критического значения параметром 8"	"Quest Vulkan.qmm: parameters.12.crit_text. Preserve every <tag> exactly."	"Quest,Vulkan"	"Паведамленьне пра дасягненьне крытычнага значэньня парамэтрам 8"
"/quests/Vulkan.qmm/parameters/13/name"	"Горючая смесь"	"Quest Vulkan.qmm: parameters.13.name. Preserve every <tag> exactly."	"Quest,Vulkan"	"Гаручая сумесь"
"/quests/Vulkan.qmm/parameters/13/lines/0/content"	"Бутылок горючей смеси: <>"	"Quest Vulkan.qmm: parameters.13.lines.0.content. Preserve every <tag> exactly."	"Quest,Vulkan"	"Бутэлек гаручай сумесі: <>"
"/quests/Vulkan.qmm/parameters/13/crit_text"	"Сообщение достижения критического значения параметром 24"	"Quest Vulkan.qmm: parameters.13.crit_text. Preserve every <tag> exactly."	"Quest,Vulkan"	"Паведамленьне пра дасягненьне крытычнага значэньня парамэтрам 24"
"/quests/Vulkan.qmm/parameters/14/name"	"Страх и прочее"	"Quest Vulkan.qmm: parameters.14.name. Preserve every <tag> exactly."	"Quest,Vulkan"	"Страх і іншае"
"/quests/Vulkan.qmm/parameters/14/crit_text"	"Сообщение достижения критического значения параметром 15"	"Quest Vulkan.qmm: parameters.14.crit_text. Preserve every <tag> exactly."	"Quest,Vulkan"	"Паведамленьне пра дасягненьне крытычнага значэньня парамэтрам 15"
"/quests/Vulkan.qmm/parameters/15/name"	"Гранатошишки"	"Quest Vulkan.qmm: parameters.15.name. Preserve every <tag> exactly."	"Quest,Vulkan"	"Гранаташышкі"
"/quests/Vulkan.qmm/parameters/15/lines/0/content"	"Гранатошишек: <>"	"Quest Vulkan.qmm: parameters.15.lines.0.content. Preserve every <tag> exactly."	"Quest,Vulkan"	"Гранаташышак: <>"
"/quests/Vulkan.qmm/parameters/15/crit_text"	"Сообщение достижения критического значения параметром 18"	"Quest Vulkan.qmm: parameters.15.crit_text. Preserve every <tag> exactly."	"Quest,Vulkan"	"Паведамленьне пра дасягненьне крытычнага значэньня парамэтрам 18"
"/quests/Vulkan.qmm/parameters/16/name"	"Плазмолет"	"Quest Vulkan.qmm: parameters.16.name. Preserve every <tag> exactly."	"Quest,Vulkan"	"Плязмалёт"
"/quests/Vulkan.qmm/parameters/16/lines/0/content"	"Защита плазмолета: <>"	"Quest Vulkan.qmm: parameters.16.lines.0.content. Preserve every <tag> exactly."	"Quest,Vulkan"	"Абарона плязмалёта: <>"
"/quests/Vulkan.qmm/parameters/16/crit_text"	"Обшивка плазмолета не выдержала и развалилась. Вы остались наедине с морем лавы, наполняющим коридоры дзухаллагской энергостанции..."	"Quest Vulkan.qmm: parameters.16.crit_text. Preserve every <tag> exactly."	"Quest,Vulkan"	"Абшыўка плязмалёта не вытрымала і развалілася. Вы засталіся сам-насам з морам лавы, што напаўняе калідоры станцыі энэргіі Дзухаллага..."
"/quests/Vulkan.qmm/parameters/17/name"	"Унитаз"	"Quest Vulkan.qmm: parameters.17.name. Preserve every <tag> exactly."	"Quest,Vulkan"	"Унітаз"
"/quests/Vulkan.qmm/parameters/17/crit_text"	"Сообщение достижения критического значения параметром 14"	"Quest Vulkan.qmm: parameters.17.crit_text. Preserve every <tag> exactly."	"Quest,Vulkan"	"Паведамленьне пра дасягненьне крытычнага значэньня парамэтрам 14"
"/quests/Vulkan.qmm/parameters/18/name"	"Охрана F"	"Quest Vulkan.qmm: parameters.18.name. Preserve every <tag> exactly."	"Quest,Vulkan"	"Ахова F"
"/quests/Vulkan.qmm/parameters/18/crit_text"	"Сообщение достижения критического значения параметром 34"	"Quest Vulkan.qmm: parameters.18.crit_text. Preserve every <tag> exactly."	"Quest,Vulkan"	"Паведамленьне пра дасягненьне крытычнага значэньня парамэтрам 34"
"/quests/Vulkan.qmm/parameters/19/name"	"Хрустальный шар"	"Quest Vulkan.qmm: parameters.19.name. Preserve every <tag> exactly."	"Quest,Vulkan"	"Крыштальны шар"
"/quests/Vulkan.qmm/parameters/19/lines/0/content"	"У вас есть хрустальный шар"	"Quest Vulkan.qmm: parameters.19.lines.0.content. Preserve every <tag> exactly."	"Quest,Vulkan"	"У вас ёсьць крыштальны шар"
"/quests/Vulkan.qmm/parameters/19/crit_text"	"Сообщение достижения критического значения параметром 20"	"Quest Vulkan.qmm: parameters.19.crit_text. Preserve every <tag> exactly."	"Quest,Vulkan"	"Паведамленьне пра дасягненьне крытычнага значэньня парамэтрам 20"
"/quests/Vulkan.qmm/parameters/20/name"	"Аптечка вождя"	"Quest Vulkan.qmm: parameters.20.name. Preserve every <tag> exactly."	"Quest,Vulkan"	"Аптэчка правадыра"
"/quests/Vulkan.qmm/parameters/20/crit_text"	"Сообщение достижения критического значения параметром 21"	"Quest Vulkan.qmm: parameters.20.crit_text. Preserve every <tag> exactly."	"Quest,Vulkan"	"Паведамленьне пра дасягненьне крытычнага значэньня парамэтрам 21"
"/quests/Vulkan.qmm/parameters/21/name"	"Дикари"	"Quest Vulkan.qmm: parameters.21.name. Preserve every <tag> exactly."	"Quest,Vulkan"	"Дзікуны"
"/quests/Vulkan.qmm/parameters/21/lines/0/content"	"Живых аборигенов: <>"	"Quest Vulkan.qmm: parameters.21.lines.0.content. Preserve every <tag> exactly."	"Quest,Vulkan"	"Жывых абарыгенаў: <>"
"/quests/Vulkan.qmm/parameters/21/crit_text"	"Сообщение достижения критического значения параметром 22"	"Quest Vulkan.qmm: parameters.21.crit_text. Preserve every <tag> exactly."	"Quest,Vulkan"	"Паведамленьне пра дасягненьне крытычнага значэньня парамэтрам 22"
"/quests/Vulkan.qmm/parameters/22/name"	"Подожженная деревня"	"Quest Vulkan.qmm: parameters.22.name. Preserve every <tag> exactly."	"Quest,Vulkan"	"Падпаленая вёска"
"/quests/Vulkan.qmm/parameters/22/crit_text"	"Сообщение достижения критического значения параметром 4"	"Quest Vulkan.qmm: parameters.22.crit_text. Preserve every <tag> exactly."	"Quest,Vulkan"	"Паведамленьне пра дасягненьне крытычнага значэньня парамэтрам 4"
"/quests/Vulkan.qmm/parameters/23/name"	"Рычаг Переключения Описаний"	"Quest Vulkan.qmm: parameters.23.name. Preserve every <tag> exactly."	"Quest,Vulkan"	"Рычаг пераключэньня апісаньняў"
"/quests/Vulkan.qmm/parameters/23/crit_text"	"Сообщение достижения критического значения параметром 13"	"Quest Vulkan.qmm: parameters.23.crit_text. Preserve every <tag> exactly."	"Quest,Vulkan"	"Паведамленьне пра дасягненьне крытычнага значэньня парамэтрам 13"
"/quests/Vulkan.qmm/parameters/24/name"	"Синяя карта"	"Quest Vulkan.qmm: parameters.24.name. Preserve every <tag> exactly."	"Quest,Vulkan"	"Сіняя карта"
"/quests/Vulkan.qmm/parameters/24/lines/0/content"	"У вас есть синяя карта"	"Quest Vulkan.qmm: parameters.24.lines.0.content. Preserve every <tag> exactly."	"Quest,Vulkan"	"У вас ёсьць сіняя карта"
"/quests/Vulkan.qmm/parameters/24/crit_text"	"Сообщение достижения критического значения параметром 25"	"Quest Vulkan.qmm: parameters.24.crit_text. Preserve every <tag> exactly."	"Quest,Vulkan"	"Паведамленьне пра дасягненьне крытычнага значэньня парамэтрам 25"
"/quests/Vulkan.qmm/parameters/25/name"	"Красная карта"	"Quest Vulkan.qmm: parameters.25.name. Preserve every <tag> exactly."	"Quest,Vulkan"	"Чырвоная карта"
"/quests/Vulkan.qmm/parameters/25/lines/0/content"	"У вас есть красная карта"	"Quest Vulkan.qmm: parameters.25.lines.0.content. Preserve every <tag> exactly."	"Quest,Vulkan"	"У вас ёсьць чырвоная карта"
"/quests/Vulkan.qmm/parameters/25/crit_text"	"Сообщение достижения критического значения параметром 26"	"Quest Vulkan.qmm: parameters.25.crit_text. Preserve every <tag> exactly."	"Quest,Vulkan"	"Паведамленьне пра дасягненьне крытычнага значэньня парамэтрам 26"
"/quests/Vulkan.qmm/parameters/26/name"	"Желтая карта"	"Quest Vulkan.qmm: parameters.26.name. Preserve every <tag> exactly."	"Quest,Vulkan"	"Жоўтая карта"
"/quests/Vulkan.qmm/parameters/26/lines/0/content"	"У вас есть желтая карта"	"Quest Vulkan.qmm: parameters.26.lines.0.content. Preserve every <tag> exactly."	"Quest,Vulkan"	"У вас ёсьць жоўтая карта"
"/quests/Vulkan.qmm/parameters/26/crit_text"	"Сообщение достижения критического значения параметром 27"	"Quest Vulkan.qmm: parameters.26.crit_text. Preserve every <tag> exactly."	"Quest,Vulkan"	"Паведамленьне пра дасягненьне крытычнага значэньня парамэтрам 27"
"/quests/Vulkan.qmm/parameters/27/name"	"Зеленая карта"	"Quest Vulkan.qmm: parameters.27.name. Preserve every <tag> exactly."	"Quest,Vulkan"	"Зялёная карта"
"/quests/Vulkan.qmm/parameters/27/lines/0/content"	"У вас есть зеленая карта"	"Quest Vulkan.qmm: parameters.27.lines.0.content. Preserve every <tag> exactly."	"Quest,Vulkan"	"У вас ёсьць зялёная карта"
"/quests/Vulkan.qmm/parameters/27/crit_text"	"Сообщение достижения критического значения параметром 28"	"Quest Vulkan.qmm: parameters.27.crit_text. Preserve every <tag> exactly."	"Quest,Vulkan"	"Паведамленьне пра дасягненьне крытычнага значэньня парамэтрам 28"
"/quests/Vulkan.qmm/parameters/28/name"	"Гаечный ключ"	"Quest Vulkan.qmm: parameters.28.name. Preserve every <tag> exactly."	"Quest,Vulkan"	"Гаечны ключ"
"/quests/Vulkan.qmm/parameters/28/lines/0/content"	"У вас есть гаечный ключ"	"Quest Vulkan.qmm: parameters.28.lines.0.content. Preserve every <tag> exactly."	"Quest,Vulkan"	"У вас ёсьць гаечны ключ"
"/quests/Vulkan.qmm/parameters/28/crit_text"	"Сообщение достижения критического значения параметром 29"	"Quest Vulkan.qmm: parameters.28.crit_text. Preserve every <tag> exactly."	"Quest,Vulkan"	"Паведамленьне пра дасягненьне крытычнага значэньня парамэтрам 29"
"/quests/Vulkan.qmm/parameters/29/name"	"Охрана А"	"Quest Vulkan.qmm: parameters.29.name. Preserve every <tag> exactly."	"Quest,Vulkan"	"Ахова А"
"/quests/Vulkan.qmm/parameters/29/crit_text"	"Сообщение достижения критического значения параметром 30"	"Quest Vulkan.qmm: parameters.29.crit_text. Preserve every <tag> exactly."	"Quest,Vulkan"	"Паведамленьне пра дасягненьне крытычнага значэньня парамэтрам 30"
"/quests/Vulkan.qmm/parameters/30/name"	"Охрана В"	"Quest Vulkan.qmm: parameters.30.name. Preserve every <tag> exactly."	"Quest,Vulkan"	"Ахова В"
"/quests/Vulkan.qmm/parameters/30/crit_text"	"Сообщение достижения критического значения параметром 31"	"Quest Vulkan.qmm: parameters.30.crit_text. Preserve every <tag> exactly."	"Quest,Vulkan"	"Паведамленьне пра дасягненьне крытычнага значэньня парамэтрам 31"
"/quests/Vulkan.qmm/parameters/31/name"	"Охрана С"	"Quest Vulkan.qmm: parameters.31.name. Preserve every <tag> exactly."	"Quest,Vulkan"	"Ахова С"
"/quests/Vulkan.qmm/parameters/31/crit_text"	"Сообщение достижения критического значения параметром 32"	"Quest Vulkan.qmm: parameters.31.crit_text. Preserve every <tag> exactly."	"Quest,Vulkan"	"Паведамленьне пра дасягненьне крытычнага значэньня парамэтрам 32"
"/quests/Vulkan.qmm/parameters/32/name"	"Охрана Е"	"Quest Vulkan.qmm: parameters.32.name. Preserve every <tag> exactly."	"Quest,Vulkan"	"Ахова Е"
"/quests/Vulkan.qmm/parameters/32/crit_text"	"Сообщение достижения критического значения параметром 33"	"Quest Vulkan.qmm: parameters.32.crit_text. Preserve every <tag> exactly."	"Quest,Vulkan"	"Паведамленьне пра дасягненьне крытычнага значэньня парамэтрам 33"
"/quests/Vulkan.qmm/parameters/33/name"	"Электростанция"	"Quest Vulkan.qmm: parameters.33.name. Preserve every <tag> exactly."	"Quest,Vulkan"	"Электрастанцыя"
"/quests/Vulkan.qmm/parameters/33/crit_text"	"Сообщение достижения критического значения параметром 19"	"Quest Vulkan.qmm: parameters.33.crit_text. Preserve every <tag> exactly."	"Quest,Vulkan"	"Паведамленьне пра дасягненьне крытычнага значэньня парамэтрам 19"
"/quests/Vulkan.qmm/parameters/34/name"	"Путь на F"	"Quest Vulkan.qmm: parameters.34.name. Preserve every <tag> exactly."	"Quest,Vulkan"	"Шлях на F"
"/quests/Vulkan.qmm/parameters/34/lines/0/content"	"Путь к помещению F открыт"	"Quest Vulkan.qmm: parameters.34.lines.0.content. Preserve every <tag> exactly."	"Quest,Vulkan"	"Шлях да памяшканьня F адкрыты"
"/quests/Vulkan.qmm/parameters/34/crit_text"	"Сообщение достижения критического значения параметром 35"	"Quest Vulkan.qmm: parameters.34.crit_text. Preserve every <tag> exactly."	"Quest,Vulkan"	"Паведамленьне пра дасягненьне крытычнага значэньня парамэтрам 35"
"/quests/Vulkan.qmm/parameters/35/name"	"Вождь"	"Quest Vulkan.qmm: parameters.35.name. Preserve every <tag> exactly."	"Quest,Vulkan"	"Правадыр"
"/quests/Vulkan.qmm/parameters/35/crit_text"	"Сообщение достижения критического значения параметром 36"	"Quest Vulkan.qmm: parameters.35.crit_text. Preserve every <tag> exactly."	"Quest,Vulkan"	"Паведамленьне пра дасягненьне крытычнага значэньня парамэтрам 36"
"/quests/Vulkan.qmm/parameters/36/name"	"п"	"Quest Vulkan.qmm: parameters.36.name. Preserve every <tag> exactly."	"Quest,Vulkan"	"п"
"/quests/Vulkan.qmm/parameters/36/crit_text"	"Сообщение достижения критического значения параметром 37"	"Quest Vulkan.qmm: parameters.36.crit_text. Preserve every <tag> exactly."	"Quest,Vulkan"	"Паведамленьне пра дасягненьне крытычнага значэньня парамэтрам 37"
"/quests/Vulkan.qmm/parameters/37/name"	"м"	"Quest Vulkan.qmm: parameters.37.name. Preserve every <tag> exactly."	"Quest,Vulkan"	"м"
"/quests/Vulkan.qmm/parameters/37/crit_text"	"Сообщение достижения критического значения параметром 38"	"Quest Vulkan.qmm: parameters.37.crit_text. Preserve every <tag> exactly."	"Quest,Vulkan"	"Паведамленьне пра дасягненьне крытычнага значэньня парамэтрам 38"
"/quests/Vulkan.qmm/parameters/38/name"	"г"	"Quest Vulkan.qmm: parameters.38.name. Preserve every <tag> exactly."	"Quest,Vulkan"	"г"
"/quests/Vulkan.qmm/parameters/38/crit_text"	"Сообщение достижения критического значения параметром 39"	"Quest Vulkan.qmm: parameters.38.crit_text. Preserve every <tag> exactly."	"Quest,Vulkan"	"Паведамленьне пра дасягненьне крытычнага значэньня парамэтрам 39"
"/quests/Vulkan.qmm/tostar"	"Бельгейзе"	"Quest Vulkan.qmm: tostar. Preserve every <tag> exactly."	"Quest,Vulkan"	"Бэтэльгейзэ"
"/quests/Vulkan.qmm/toplanet"	"Гашиш"	"Quest Vulkan.qmm: toplanet. Preserve every <tag> exactly."	"Quest,Vulkan"	"Гашыш"
"/quests/Vulkan.qmm/fromplanet"	"Безымянная"	"Quest Vulkan.qmm: fromplanet. Preserve every <tag> exactly."	"Quest,Vulkan"	"Безназоўная"
"/quests/Vulkan.qmm/fromstar"	"Селиостр"	"Quest Vulkan.qmm: fromstar. Preserve every <tag> exactly."	"Quest,Vulkan"	"Сэліостр"
"/quests/Vulkan.qmm/ranger"	"Вася"	"Quest Vulkan.qmm: ranger. Preserve every <tag> exactly."	"Quest,Vulkan"	"Вася"
"/quests/Vulkan.qmm/success_text"	"Здравствуйте, <Ranger>! Вы сумели-таки выполнить это сложнейшее задание, неоднократно рискуя жизнью! Господин Гашиш-Вам сообщил, что вы отлично справились! Мы рады развитию отношений с планетой <ToPlanet>, поэтому вы получаете свою награду - <Money> cr!
Только скажите честно, правда, что на планете <ToPlanet> водятся жуткие ранзавры, а на деревьях растут гранаты?! Ой, рейнджер, что с вами?! Эй, кто-нибудь, принесите воды! Бедняга, очевидно, вспомнил что-то нехорошее! Отведите его на корабль..."	"Quest Vulkan.qmm: success_text. Preserve every <tag> exactly."	"Quest,Vulkan"	"Вітаю, <Ranger>! Вы ўсё ж здолелі выканаць гэтае вельмі складанае заданьне, неаднойчы рызыкуючы жыцьцём! Спадар Гашыш-Вам паведаміў, што вы выдатна справіліся! Мы радыя разьвіцьцю дачыненьняў з плянэтай <ToPlanet>, таму вы атрымліваеце сваю ўзнагароду — <Money> cr!
Толькі скажыце шчыра, праўда, што на плянэце <ToPlanet> водзяцца жудасныя ранзаўры, а на дрэвах растуць гранаты?! Ой, рэйнджэр, што з вамі?! Гэй, хто-небудзь, прынясіце вады! Бедака, відавочна, успомніў нешта нядобрае! Адвядзіце яго на карабель..."
"/quests/Vulkan.qmm/task_text"	"Рейнджер <Ranger>! Вы ведь искатель приключений, не так ли? Так вот, для вас есть задание! На пеленгской планете <ToPlanet>, что в системе <ToStar>, нужна ваша помощь. Один местный пеленгский мультимиллионер попросил наше правительство, как союзное, найти сильного, выносливого, ловкого и умного рейнджера для выполнения опасного задания. Само мероприятие будет связано с поиском энергостанции в недрах вулкана где-то на одиноком островке. Точнее не могу сказать, миллионер не стал вдаваться в подробности. Согласны ли вы прибыть на <ToPlanet> до <Date> и рискнуть там жизнью, ради <Money> cr? Соглашайтесь, вы же крутой рейнджер! Надо же держать марку?"	"Quest Vulkan.qmm: task_text. Preserve every <tag> exactly."	"Quest,Vulkan"	"Рэйнджэр <Ranger>! Вы ж шукальнік прыгодаў, ці не так? Дык вось, для вас ёсьць заданьне! На пеленгскай плянэце <ToPlanet>, што ў сыстэме <ToStar>, патрэбная ваша дапамога. Адзін мясцовы пеленгскі мультымільянэр папрасіў наш урад, як саюзьніцкі, знайсьці моцнага, цягавітага, спрытнага і разумнага рэйнджэра для небясьпечнага заданьня. Сама справа будзе зьвязаная з пошукам станцыі энэргіі ў нетрах вулькана дзесьці на адзінокай высьпе. Дакладней сказаць не магу, багацей не стаў удавацца ў падрабязнасьці. Ці згодныя вы прыбыць на <ToPlanet> да <Date> і рызыкнуць там жыцьцём дзеля <Money> cr? Згаджайцеся, вы ж круты рэйнджэр! Трэба ж трымаць марку?"
"/quests/Vulkan.qmm/locations/0/texts/0/text"	"Вы прибыли на планету <ToPlanet> рано утром. Звезда <ToStar> только-только вставала из-за горизонта. Вы вышли из корабля и довольно потянулись, в космопорту под стеклопластиковым куполом тепло и сухо. А что снаружи?
А снаружи вас ждали мороз и вьюга. Пеленги в толстых шубах старались не задерживаться на улицах и сразу садились в транспорт. К вам подошел гаалец в элегантном костюме. ""С внутренним подогревом"", - позавидовали вы.
- Рейнджер <Ranger> ? - спросил он деловито.
- Да, - ответили вы, стуча зубами.
- Прошу, господин Гашиш-Вам ждет вас, - гаалец сделал приглашающий жест в сторону роскошного лимузина.
Когда вы сели на заднее сиденье, гаалец захлопнул дверь и сел за руль. Рядом с вами сидел пеленг. Такой надутый и важный, что вы невольно хихикнули - это никак не вязалось с его мордой. Пеленг сурово квакнул, неодобрительно посмотрев на вас.
- Неужто вы и есть тот самый крутой рейнджер, которого я заказал у правительства планеты <FromPlanet>?.. Хорошо хоть не малок... У моей корпорации по производству плазмоэнергии серьезные проблемы. Пока что мы удерживаем лидирующую позицию на рынке энергетики, но... У меня появились подозрения, что на одном из островов в океане находится секретная энергостанция одного из наших конкурентов. Вы должны будете пролететь в небольшом самолете с тремя пассажирами - человеком Жлопопсом, пеленгом Ушавой и гаальцем Ооронбой - над этим островом. <clr>В воздухе произойдет взрыв, и вы на парашюте, под видом терпящих бедствие, попадете на остров.<clrEnd> Вам придется проверить вулкан, который находится ровно посередине острова, и разузнать, что творится в его недрах. Готовы ли вы подвергнуть себя огромному риску ради кругленькой суммы?"	"Quest Vulkan.qmm: locations.0.texts.0.text. Preserve every <tag> exactly."	"Quest,Vulkan"	""
"/quests/Vulkan.qmm/locations/1/texts/0/text"	"Вы находитесь в салоне самолета. Мерно жужжат двигатели. 
Рядом трое пассажиров - пеленг Ушава в военной форме, гаалец Ооронба с рассеянным взглядом (похоже, какой-то ученый), и здоровенный толстяк-человек два на два метра, в малиновом пиджаке - Жлопопс, бизнесмен. 
Можно сходить в туалет, можно навестить пилотов или заглянуть в багажный отсек, а можно поговорить с пассажирами. Время до взрыва еще есть... Что предпримем?"	"Quest Vulkan.qmm: locations.1.texts.0.text. Preserve every <tag> exactly."	"Quest,Vulkan"	""
"/quests/Vulkan.qmm/locations/2/texts/0/text"	"С кем поговорим?"	"Quest Vulkan.qmm: locations.2.texts.0.text. Preserve every <tag> exactly."	"Quest,Vulkan"	"З кім пагаворым?"
"/quests/Vulkan.qmm/locations/2/texts/1/text"	"- Может, расскажете мне что-нибудь? Вы ведь ученый? Поделитесь знаниями! - пристали вы к гаальцу. Тот ласково поглядел на вас и улыбнулся:
- Да, я космоботаник. Представляете, на этой планете растут деревья, у которых шишки - почти как настоящие гранаты! Заполнены внутри взрывоопасным веществом, детонирующим при взаимодействии с местной атмосферой. Достаточно оторвать основание плода, чтобы открыть доступ воздуха внутрь - и через несколько секунд прогремит взрыв. 
- Невероятно! 
- Правда, когда плод лежит на земле, он отсыревает, и мощность взрыва со временем уменьшается. Кроме того, часть вещества просачивается наружу, поэтому подбирать шишки небезопасно - могут взорваться у вас в руках. Очень не рекомендую баловаться с ними! Но если все же захотите попробовать, то помните, что шишки следует срывать с веток, а не собирать с земли.
- А зачем деревьям вообще увешивать себя гранатами? 
- Взрываясь, плоды разбрасывают семена на десятки метров вокруг. Если такое семечко попадет в вас, то пустит корни в ваш мозг, и будет руководить всеми вашими действиями... Шучу, шучу! На самом деле семена безопасны для инопланетных организмов. Не та среда. А вот сам взрыв может сильно ранить.
- Спасибо, это все очень интересно, - несколько ошарашенно поблагодарили вы гаальца."	"Quest Vulkan.qmm: locations.2.texts.1.text. Preserve every <tag> exactly."	"Quest,Vulkan"	""
"/quests/Vulkan.qmm/locations/2/texts/2/text"	"Вы подошли было к толстяку-бизнесмену, но он отвернулся, показывая вам, что с таким ничтожеством, как вы, он не желает разговаривать."	"Quest Vulkan.qmm: locations.2.texts.2.text. Preserve every <tag> exactly."	"Quest,Vulkan"	"Вы было падышлі да тоўстага бізнэсмэна, але ён адвярнуўся, паказваючы вам, што з такім нікчэмнасьцю, як вы, ён не жадае размаўляць."
"/quests/Vulkan.qmm/locations/2/texts/3/text"	"- Что вы знаете об этой планете? - поинтересовались вы у хитромордого пеленга.
- Я? Я ничего не знаю. Я просто... турист.
""Врет"", - уверенно подумали вы."	"Quest Vulkan.qmm: locations.2.texts.3.text. Preserve every <tag> exactly."	"Quest,Vulkan"	"— Што вы ведаеце пра гэтую плянэту? — пацікавіліся вы ў хітрага пеленга.
— Я? Я нічога не ведаю. Я проста... турыст.
«Хлусіць», — упэўнена падумалі вы."
"/quests/Vulkan.qmm/locations/3/texts/0/text"	"Вы зашли в багажный отсек. Видно, что заполнены вещами всего три ячейки. Бесформенный пакет бизнесмена, походный ранец ученого и кейс с кодовым замком, принадлежащий пеленгу в военной форме. Что бы обок... то есть, осмотреть?"	"Quest Vulkan.qmm: locations.3.texts.0.text. Preserve every <tag> exactly."	"Quest,Vulkan"	""
"/quests/Vulkan.qmm/locations/3/texts/1/text"	"Вы с головой залезли в пакет бизнесмена. Увы, ничего особо ценного там не оказалось. Весь пакет был доверху заполнен рулонами с мягкой и белой туалетной бумагой. Выругавшись, вы сунули один рулончик себе в сумку. Все равно толстяк не заметит. Хотя, кто их знает, этих бизнесменов, может, каждый рулон на учете?"	"Quest Vulkan.qmm: locations.3.texts.1.text. Preserve every <tag> exactly."	"Quest,Vulkan"	""
"/quests/Vulkan.qmm/locations/3/texts/2/text"	"Вы начали шарить по объемным карманам рюкзака ученого. Там было много интересного, но не воровать же весь рюкзак? Вы позаимствовали из него красивые тяжелые деревянные бусы. Если бить ими с размаху, то эффект будет такой же, как от приветствия давно не видевшегося с вами малокского рейнджера Рграта, которому вы в стародавние времена по нелепой случайности спасли жизнь."	"Quest Vulkan.qmm: locations.3.texts.2.text. Preserve every <tag> exactly."	"Quest,Vulkan"	""
"/quests/Vulkan.qmm/locations/3/texts/3/text"	"Кейс был закрыт на электронный замок от ""Макрохард"", известного производителя различных устройств и софта. Несколько минут вы безуспешно лазали по меню, пытаясь найти хоть какой-нибудь способ отпереть чемодан, но все попытки были безуспешными. В отчаянии вы со всей злости ударили по сенсорной панели кулаком. Каково же было ваше удивление, когда после этого на дисплее замка появилась надпись ""Программа защиты от взлома выполнила недопустимую операцию и будет закрыта. Пожалуйста, сохраните важные вещи вручную до уничтожения содержимого"". Быстро открыв ставший беззащитным кейс, вы успели извлечь оттуда следующие предметы:
- портативный компьютер с логотипом ""Яблоко. Ломайся разно"", включить который не удалось (и кто до сих пор доверяет переводить рекламные слоганы программам?)
- бластер с десятью патронами (бластером и добрым словом всегда можно добиться большего, чем одним только добрым словом, не так ли?)
- какую-то бумажку с каракулями (рейнджеру она ни к чему!)
- аппарат для сверхдальней шифрованной связи (специальная модель, вы уже однажды видели такую мельком у сотрудника Дзухаллага).
Так значит, этот пеленг аж из самого Дзухаллага! Вы прониклись к шпиону-военному уважением. 
После того как вы отложили в сторону передатчик, кейс как-то странно загудел и... медленно испарился, словно дезинтегрированный. Похоже, система самоуничтожения - единственное, что у ""Макрохарда"" работает безотказно."	"Quest Vulkan.qmm: locations.3.texts.3.text. Preserve every <tag> exactly."	"Quest,Vulkan"	""
"/quests/Vulkan.qmm/locations/10/texts/0/text"	"Дверь в кабину пилотов оказалась не заперта. Но стоило вам ее открыть, как вас тут же едва не лишил сознания мощнейший, практически осязаемый запах спирта. Не глядя можно было понять, что экипаж был человеческим, ибо ни одна другая раса Коалиции такого себе не позволяла. Командир и второй пилот были жутко пьяны, самолет явно управлялся автоматикой. На панели приборов стояла початая бутылка водки - любимого алкогольного напитка людей, с надписью ""сделано по старинным клисанским рецептам"". Еще несколько целых дожидались своего часа в углу кабины. Вы некоторое время пытались сообразить, какое отношение клисаны имеют к производству выпивки, пока не заметили на другой стороне бутылки надпись ""произведено пеленгской компанией ""Лошкамч впаримч"". Теперь надо наконец что-нибудь сделать."	"Quest Vulkan.qmm: locations.10.texts.0.text. Preserve every <tag> exactly."	"Quest,Vulkan"	""
"/quests/Vulkan.qmm/locations/10/texts/1/text"	"Вы выбрали своей добычей второстепенный (по вашему мнению) блок управления системой стабилизации. Вспомнив уроки своего давнего знакомого - работника предприятия по ремонту космических кораблей, старого механика Сан Саныча, любящего повторять: ""Да понимаешь, <Ranger>, ты не смотри, что тут столько всего понапихано. Она ж ведь, електронщина эта, живучая очень. Куском больше, куском меньше - летать все равно будет, а вот у меня семья..."" - вы решительным движением выдрали дорогостоящую деталь из панели. Бортовой компьютер, похоже, не разделял взглядов старого спеца, и начал усердно сигнализировать о неисправности.
- Че это он, Коля? - удивленно промямлил заплетающимся языком один из пилотов.
- Да не отвлекайся, Толян, давай еще по одной! - одернул его второй."	"Quest Vulkan.qmm: locations.10.texts.1.text. Preserve every <tag> exactly."	"Quest,Vulkan"	""
"/quests/Vulkan.qmm/locations/10/texts/2/text"	"- А если дорого, то чего лезешь к нам? - раздраженно ответил один из пилотов."	"Quest Vulkan.qmm: locations.10.texts.2.text. Preserve every <tag> exactly."	"Quest,Vulkan"	"— А калі дорага, то чаго лезеш да нас? — злосна адказаў адзін з пілётаў."
"/quests/Vulkan.qmm/locations/10/texts/3/text"	"- Что вам известно про бомбу на борту самолета?
- Мне? Ничего, - отрезал один пилот.
- И мне тоже, - быстро добавил второй."	"Quest Vulkan.qmm: locations.10.texts.3.text. Preserve every <tag> exactly."	"Quest,Vulkan"	"— Што вам вядома пра бомбу на борце самалёта?
— Мне? Нічога, — адрэзаў адзін пілёт.
— І мне таксама, — хутка дадаў другі."
"/quests/Vulkan.qmm/locations/10/texts/4/text"	"- Я же сказал: не больше трех бутылок водки в одни лапы! - отдернул руку с бутылкой пилот. - А у тебя уже три! Вдруг еще кто купить надумает?
Что предпринять теперь?"	"Quest Vulkan.qmm: locations.10.texts.4.text. Preserve every <tag> exactly."	"Quest,Vulkan"	"— Я ж сказаў: ня больш за тры бутэлькі гарэлкі ў адны лапы! — адсунуў руку з бутэлькай пілёт. — А ў цябе ўжо тры! А раптам яшчэ хто купіць надумае?
Што рабіць цяпер?"
"/quests/Vulkan.qmm/locations/11/texts/0/text"	"- А тебе что, так надо? Ну ладно, - ухмыльнулся пилот и достал одну бутылку из угла. - Сотня кредитов и забирай. Но не больше трех штук в одни лапы, или руки, или что там у тебя..."	"Quest Vulkan.qmm: locations.11.texts.0.text. Preserve every <tag> exactly."	"Quest,Vulkan"	"— А табе што, так трэба? Ну добра, — крыва ўсьміхнуўся пілёт і дастаў адну бутэльку з кута. — Сотня крэдытаў і забірай. Але ня больш за тры штукі ў адны лапы, ці рукі, ці што там у цябе..."
"/quests/Vulkan.qmm/locations/13/texts/0/text"	"- Нет?! - страшно удивился Гашиш-Вам. - Жаль. Я очень недоволен планетой <FromPlanet>. Неужто они не могли нормального рейнджера прислать?"	"Quest Vulkan.qmm: locations.13.texts.0.text. Preserve every <tag> exactly."	"Quest,Vulkan"	"— Не?! — страшэнна зьдзівіўся Гашыш-Вам. — Шкада. Я вельмі незадаволены плянэтай <FromPlanet>. Няўжо яны не маглі прыслаць нармальнага рэйнджэра?"
"/quests/Vulkan.qmm/locations/14/texts/0/text"	"Вы находитесь в туалете. В помещении довольно темно, но можно разглядеть, что у дальней стены стоит унитаз, а вдоль правой стены - два шкафчика. В ближнем к вам левом углу - оранжевый ранец. В одном шкафу полки заполнены каким-то хламом, в другом стоят ровные ряды банок ""Коки-малоки""."	"Quest Vulkan.qmm: locations.14.texts.0.text. Preserve every <tag> exactly."	"Quest,Vulkan"	""
"/quests/Vulkan.qmm/locations/14/texts/1/text"	"Вы брезгливо начали копаться в мусоре, наполняющем первый шкаф. Среди кучи бумажек и прочей ерунды вы нашли зажигалку. Рассудив, что теперь вам будет что ответить, если ""дружелюбные"" аборигены попросят у вас закурить, вы сунули ее в карман."	"Quest Vulkan.qmm: locations.14.texts.1.text. Preserve every <tag> exactly."	"Quest,Vulkan"	""
"/quests/Vulkan.qmm/locations/14/texts/2/text"	"Вы склонились над оранжевым ранцем. Несложно было заметить, что это оказался парашют. Теперь у вас их два!"	"Quest Vulkan.qmm: locations.14.texts.2.text. Preserve every <tag> exactly."	"Quest,Vulkan"	"Вы схіліліся над аранжавым ранцам. Няцяжка было заўважыць, што гэта аказаўся парашут. Цяпер у вас іх два!"
"/quests/Vulkan.qmm/locations/14/texts/3/text"	"Вы начали шарить по полкам. Увы, ""Коки-малоки"" в банках совсем не оказалось - ее кто-то давно выпил. Зато вы нашли моток длинной и довольно крепкой веревки. Эта вещь вполне может пригодиться путешественнику вроде вас."	"Quest Vulkan.qmm: locations.14.texts.3.text. Preserve every <tag> exactly."	"Quest,Vulkan"	""
"/quests/Vulkan.qmm/locations/18/texts/0/text"	"Вы перестали бегать по самолету и спокойно уселись на свое место. Однако не прошло и десяти минут, как раздался мощный взрыв, самолет затрясся, как в судороге. Пришло ощущение, будто вы провалились в бездонную яму: самолет падает!
- Что происходит, что делать? - завизжал толстяк Жлопопс, отчаянно оглядываясь по сторонам.
- На выход, с парашютом, - жестко скомандовал Ушава, расстегивая ремень безопасности."	"Quest Vulkan.qmm: locations.18.texts.0.text. Preserve every <tag> exactly."	"Quest,Vulkan"	""
"/quests/Vulkan.qmm/locations/19/texts/0/text"	"Таща за собой нагруженную сумку и два парашюта, жутко ругаясь, вы подбежали к выходу. Возле двери уже возился Ушава, безуспешно пытаясь высадить ее. Вы сильно дернули за ручку аварийного сброса двери. Тотчас же дверь сорвало с места и унесло сильным потоком набегающего воздуха. Все столпились вокруг образовавшегося выхода. Было видно, как внизу под вами проплывает живописный остров с возвышающимся в центре вулканом...
- Что делать дальше? - завизжал Жлопопс.
- Прыгай и лети к острову! - заорал Ушава и ласточкой скользнул вниз. Вскоре над ним раскрылось широкое крыло парашюта. Затем храбро прыгнул ученый, крепко держа в руках свой ранец с побрякушками.
- Я боюсь прыгать! - ныл толстяк."	"Quest Vulkan.qmm: locations.19.texts.0.text. Preserve every <tag> exactly."	"Quest,Vulkan"	""
"/quests/Vulkan.qmm/locations/20/texts/0/text"	"Вы столкнули Жлопопса и прицепились к нему сбоку. Он испуганно закричал, вас закружило в воздушных вихрях, резко дернуло в момент раскрытия купола. Ну и парашют у этого толстяка, танк можно спускать! Успокоив Жлопопса, погрозив ему кулаком, вы начали оглядываться.
Чудесный райский остров плывет под вами. Громадная гора-вулкан высится в центре, испуская тоненькие сизые струйки дыма. Один из ее склонов порос густым лесом. Вы разглядели небольшие рощицы, маленькие озерца, трещины в земле. Лазурные волны ласково накатываются на желтые берега. Замечательное местечко! Однако ветер начал сносить вас и троих ""пассажиров"" от берега вглубь острова. Вы увидели приближающуюся полянку, где уже приземлились пеленг и гаалец. 
Вы успешно сели неподалеку, по счастливой случайности не задев ни одного дерева. От сильного удара о землю вы покатились кубарем и пару раз больно ударились спиной. Жлопопс злобно закричал, но сейчас вас меньше всего заботили его выражения. Пускай это был не самый безопасный способ достичь острова, но свой парашют вы сэкономили!"	"Quest Vulkan.qmm: locations.20.texts.0.text. Preserve every <tag> exactly."	"Quest,Vulkan"	""
"/quests/Vulkan.qmm/locations/21/texts/0/text"	"Вы громко закричали Жлопопсу ""Прыгай следом!"", и смело ринулись в проем. Раздалось шуршание вытягивающегося парашюта, вас сильно дернуло, падение замедлилось и превратилось в неспешное планирование. Откуда-то сверху доносились слабые крики бизнесмена. Вы огляделись.
Чудесный райский остров плывет под вами. Громадная гора-вулкан высится в центре, испуская тоненькие сизые струйки дыма. Один из ее склонов порос густым лесом. Вы разглядели небольшие рощицы, маленькие озерца, трещины в земле. Лазурные волны ласково накатываются на желтые берега. Замечательное местечко! Однако ветер начал сносить вас и троих ""пассажиров"" от берега вглубь острова. Вы увидели приближающуюся полянку, пеленг и гаалец уже сели там. 
Мягкое приземление - и вы стоите на острове! Рядом упал Жлопопс, вопя, что едва не сломал ногу."	"Quest Vulkan.qmm: locations.21.texts.0.text. Preserve every <tag> exactly."	"Quest,Vulkan"	""
"/quests/Vulkan.qmm/locations/22/texts/0/text"	"Вы находитесь на поляне. Совсем рядом густая роща, похожа даже на небольшой лесок. К счастью, Ушава успел захватить из самолета аварийный комплект, куда помимо всего прочего входили походные палатки."	"Quest Vulkan.qmm: locations.22.texts.0.text. Preserve every <tag> exactly."	"Quest,Vulkan"	"Вы знаходзіцеся на паляне. Зусім побач густы гай, падобны нават на невялікі лясок. На шчасьце, Ушава пасьпеў захапіць з самалёта аварыйны камплект, куды апроч усяго іншага ўваходзілі паходныя палаткі."
"/quests/Vulkan.qmm/locations/23/texts/0/text"	"Целых десять минут вы трудились, устанавливая палатки. Теперь ваш лагерь имел вполне приличный вид, да и было где укрыться в случае наступления непогоды. После этого Жлопопса отправили в рощу - собирать хворост для костра, а пеленг и гаалец направились через поляну в дальний лес - искать фрукты... 
Осталось решить, чем вы сами займетесь."	"Quest Vulkan.qmm: locations.23.texts.0.text. Preserve every <tag> exactly."	"Quest,Vulkan"	""
"/quests/Vulkan.qmm/locations/23/texts/1/text"	"Вы прибежали в лагерь, тяжело дыша. Что же делать?! Бедного гаальца слопала некая тварь, пеленга кто-то утащил в рощу, явно собираясь перекусить им. Что же делать дальше?!"	"Quest Vulkan.qmm: locations.23.texts.1.text. Preserve every <tag> exactly."	"Quest,Vulkan"	"Вы прыбеглі ў лягер, цяжка дыхаючы. Што ж рабіць?! Беднага гаальца зжэрла нейкая істота, пеленга хтосьці пацягнуў у гай, відавочна зьбіраючыся ім перакусіць. Што ж рабіць далей?!"
"/quests/Vulkan.qmm/locations/23/texts/2/text"	"Вы, запыхавшись от бега, примчались в лагерь. Ничего себе, какие твари водятся в здешних рощицах, таких тихих и мирных с виду! Но что теперь?"	"Quest Vulkan.qmm: locations.23.texts.2.text. Preserve every <tag> exactly."	"Quest,Vulkan"	"Вы, задыхаючыся ад бегу, прыбеглі ў лягер. Нічога сабе, якія істоты водзяцца ў тутэйшых гаях, такіх ціхіх і мірных на выгляд! Але што цяпер?"
"/quests/Vulkan.qmm/locations/23/texts/3/text"	"Вы находитесь в лагере. Какой ужас, если здесь везде водятся такие мерзкие твари!"	"Quest Vulkan.qmm: locations.23.texts.3.text. Preserve every <tag> exactly."	"Quest,Vulkan"	"Вы знаходзіцеся ў лягеры. Які жах, калі тут усюды водзяцца такія агідныя істоты!"
"/quests/Vulkan.qmm/locations/24/texts/0/text"	"Вы только прилегли внутри палатки на мягкую подстилку, как сон нежно набежал на вас. Потом прижал вас лапой с острыми когтями, перегрыз глотку, принялся вырывать из тела огромные куски мяса... Вы с воплем проснулись. Вокруг стояла зловещая тишина. В грудь забралось нехорошее чувство опасности, от которой надо бежать сломя голову..."	"Quest Vulkan.qmm: locations.24.texts.0.text. Preserve every <tag> exactly."	"Quest,Vulkan"	""
"/quests/Vulkan.qmm/locations/25/texts/0/text"	"Вы вышли из палатки... Боже мой!!! Посреди лагеря - брошенная и развороченная сумка гаальца, рядом - крупное желтое пятно засохшей гаальской крови, след из примятой травы и капель крови ведет в рощу..."	"Quest Vulkan.qmm: locations.25.texts.0.text. Preserve every <tag> exactly."	"Quest,Vulkan"	""
"/quests/Vulkan.qmm/locations/25/texts/1/text"	"Вокруг царит хаос. Лужа гаальской крови на поляне прямо посреди лагеря, в небе парят летучие твари. ""Стервятники"", - подумали вы с омерзением. Приглядевшись, вы заметили человеческие кости на вершине ближайшего дерева! Под ним лежит окровавленный пиджак. Это остатки Жлопопса! Вас обуял дикий ужас..."	"Quest Vulkan.qmm: locations.25.texts.1.text. Preserve every <tag> exactly."	"Quest,Vulkan"	""
"/quests/Vulkan.qmm/locations/25/texts/2/text"	"Вы вернулись в лагерь, обдумывая увиденное. Пластиковый скелет... Кто-то явно шутит с вами! Но вот кто? И как быть дальше?"	"Quest Vulkan.qmm: locations.25.texts.2.text. Preserve every <tag> exactly."	"Quest,Vulkan"	"Вы вярнуліся ў лягер, абдумваючы ўбачанае. Плястыкавы шкілет... Хтосьці відавочна жартуе з вас! Але хто? І як быць далей?"
"/quests/Vulkan.qmm/locations/27/texts/0/text"	"Вы решили сходить в рощу. Однако пройдя немного вглубь, вы нашли скелет в клочьях комбинезона и пятнах зеленой крови! Вас обуял дикий ужас..."	"Quest Vulkan.qmm: locations.27.texts.0.text. Preserve every <tag> exactly."	"Quest,Vulkan"	"Вы вырашылі схадзіць у гай. Аднак, прайшоўшы крыху ўглыб, вы знайшлі шкілет у лахманах камбінэзона і плямах зялёнай крыві! Вас ахапіў дзікі жах..."
"/quests/Vulkan.qmm/locations/28/texts/0/text"	"Вы нагнулись и пристально рассмотрели скелет. Черт, да он же... он же пластиковый! А кровь - простая зеленая гуанава! Кто-то крупно с вами играется..."	"Quest Vulkan.qmm: locations.28.texts.0.text. Preserve every <tag> exactly."	"Quest,Vulkan"	"Вы нахіліліся і пільна разгледзелі шкілет. Чорт, ды ён жа... ён жа плястыкавы! А кроў — простая зялёная гуанава! Хтосьці ўсур'ёз з вамі гуляе..."
"/quests/Vulkan.qmm/locations/29/texts/0/text"	"Вы очень долго бежали вдоль берега. Вдалеке замаячили неясные громады скал. Чтобы добраться до них, вам пришлось обойти несколько трещин в земле, из которых шел пар. Однако вы были весьма неловки, из-за чего и обожглись.
Добравшись до первой из скал, лежащих на берегу, вы осторожно выглянули из-за нее. Ничего себе! Прямо за скалой начиналась деревушка местных аборигенов! А скалы обходили ее вокруг. С одной стороны - скалы, с другой - море... В деревеньке множество соломенных хижин, сады из местных пальм... <clr>Чтобы попасть к вулкану, вам надо пройти дальше, через деревеньку.<clrEnd>"	"Quest Vulkan.qmm: locations.29.texts.0.text. Preserve every <tag> exactly."	"Quest,Vulkan"	""
"/quests/Vulkan.qmm/locations/29/texts/1/text"	"Вы пошли быстрым шагом вдоль берега по едва заметной дорожке, огибая редкие трещины в земле, и все время косились на вулкан, будто тот хотел вас укусить. 
Вдалеке замаячили неясные громады скал. Чтобы добраться до них, вам пришлось обойти несколько трещин в земле, из которых шел пар. Однако вы были весьма неловки, из-за чего и обожглись.
Добравшись до первой из скал, лежащих на берегу, вы осторожно выглянули из-за нее. Ничего себе! Прямо за скалой начиналась деревушка местных аборигенов! А скалы обходили ее вокруг. С одной стороны - скалы, с другой - море... В деревеньке множество соломенных хижин, сады из местных пальм... Чтобы попасть к вулкану, вам надо пройти дальше! Но как?"	"Quest Vulkan.qmm: locations.29.texts.1.text. Preserve every <tag> exactly."	"Quest,Vulkan"	""
"/quests/Vulkan.qmm/locations/30/texts/0/text"	"Вы побежали в лес, где недавно скрылись гаалец с пеленгом. Вдруг вы услышали крики впереди, и помчались на голос. На небольшой опушке трепыхались длинные белесые щупальца, выросшие из земли. На той стороне опушки, в тени деревьев, с криком исчез пеленг. Его кто-то утащил, подумали вы с ужасом. Вы обратили внимание на белесые щупальца. Они душили гаальца! Он кричал, извивался, но щупальца опутывали его, тянули в разные стороны. Под ним загудела и растрескалась земля, на поверхность вылезла жуткая морда. Растения-щупальца оторвали гаальцу ноги, брызнула желтая кровь, ученый истошно завопил..."	"Quest Vulkan.qmm: locations.30.texts.0.text. Preserve every <tag> exactly."	"Quest,Vulkan"	""
"/quests/Vulkan.qmm/locations/31/texts/0/text"	"Вы поскорее побежали за Жлопопсом, пока тот не ушел далеко. Тот ходил по роще, со стонами наклоняясь и поднимая небольшие палочки - хворост в его представлении. Вы облегченно вздохнули. Вдруг из чащи раздался дикий рык, к Жлопопсу выпрыгнул монстр. Двуногий, жуткая пасть, усеянная острейшими зубами, на передних лапах пальцы как ножи. Дико зарычав, прыгнул на толстяка. Два взмаха лапами, короткий сдавленный крик, и Жлопопс, захлебываясь в крови, опустился на землю. Зверь зубами выдрал кусок мяса из толстой руки, прожевал и проглотил. Вас парализовал ужас, когда монстр взглянул вам в глаза. Оставив добычу и тихо рыча, он медленно направился к вам..."	"Quest Vulkan.qmm: locations.31.texts.0.text. Preserve every <tag> exactly."	"Quest,Vulkan"	""
"/quests/Vulkan.qmm/locations/32/texts/0/text"	"Вы подняли бластер трясущейся рукой. Монстр в два прыжка оказался рядом, взмахнул лапой... Вы отшатнулись в последний момент, острые когти задели вас за руку. Бластер сухо щелкнул, монстр свалился на землю с простреленной головой."	"Quest Vulkan.qmm: locations.32.texts.0.text. Preserve every <tag> exactly."	"Quest,Vulkan"	""
"/quests/Vulkan.qmm/locations/32/texts/1/text"	"Вы отскочили за дерево и стали вести оттуда прицельный огонь. Это помогло. Расстреляв почти половину обоймы, вы прикончили чудище. Оно не успело до вас добраться."	"Quest Vulkan.qmm: locations.32.texts.1.text. Preserve every <tag> exactly."	"Quest,Vulkan"	"Вы адскочылі за дрэва і пачалі весьці адтуль прыцэльны агонь. Гэта дапамагло. Расстраляўшы амаль палову патронаў, вы дабілі пачвару. Яна не пасьпела да вас дабрацца."
"/quests/Vulkan.qmm/locations/33/texts/0/text"	"Вы сели прямо на землю посреди лагеря, растерянно оглядываясь и соображая, что делать дальше. Вдруг из рощи вышло жуткое существо. Мало того, что три метра в высоту, так еще и пасть с острыми зубами, мощный хвост для балласта и задние лапы с острейшими когтями... Ну почему вам ни разу не встречались добрые монстры и динозавры?!"	"Quest Vulkan.qmm: locations.33.texts.0.text. Preserve every <tag> exactly."	"Quest,Vulkan"	""
"/quests/Vulkan.qmm/locations/34/texts/0/text"	"Вы сделали несколько точных выстрелов в его сторону. Монстр дико задергался, четыре луча вошли в его тело, как ножи в масло. Издав жуткий вой, он скрылся в роще, громко топая. Вскоре топот стих вдали..."	"Quest Vulkan.qmm: locations.34.texts.0.text. Preserve every <tag> exactly."	"Quest,Vulkan"	""
"/quests/Vulkan.qmm/locations/35/texts/0/text"	"Только вы успели войти на территорию деревеньки, как из хижин повываливали уродливые аборигены с копьями и ножами. Они окружили вас плотным кольцом, угрожающе тыча в вас остриями копий... Вы тем временем рассматривали дикарей. Безволосое бело-зеленоватое тело, мощные руки с длинными ловкими пальцами, две пары ушей (зачем так много?!), нос крючком, одежда из шкур зверей и пальмовых листьев... 
В центр круга пробился древний абориген, седой и мощный с виду.
- Абвуарнанна бармахренна! - громко произнес он. ""Давайте сожрем его вместе с костями!"" - невесело попытались перевести вы.
- Бархарар! Имбицилобус дебилос! - закричали окружающие охотники. ""С удовольствием!"" - опять сделали вы попытку перевода.
- Хуахар! - крикнул вождь. - Барарах! Нымбадурла! ""Несите кастрюли, ножи и электроплиту!""
- Захренос? - спросил вождь, явно обращаясь к вам. ""Тебя с солью или без?"""	"Quest Vulkan.qmm: locations.35.texts.0.text. Preserve every <tag> exactly."	"Quest,Vulkan"	""
"/quests/Vulkan.qmm/locations/36/texts/0/text"	"Вы прошли по берегу, стараясь быть как можно дальше от деревни. Однако вскоре вам путь перегородила странная конструкция, похожая на стальное здание, тянущееся из моря на сушу! Рассмотрев ее узлы и механизмы поближе, вы поняли, что это... электростанция! Очевидно, что она извлекает энергию из воды, хотя и не совсем понятно, как именно! Однако она перегородила вам путь, ее невозможно обойти ни по суше, ни по воде. <clr>Теперь путь к вулкану лежит только через деревеньку...<clrEnd>"	"Quest Vulkan.qmm: locations.36.texts.0.text. Preserve every <tag> exactly."	"Quest,Vulkan"	""
"/quests/Vulkan.qmm/locations/37/texts/0/text"	"- Нихренантес! - сказали вы, достали бусы из сумки и повесили вождю на шею. Он изумленно рассматривал украшение. 
- Кулябабер! Зашмонор! - вдруг закричал он. Охотники облегченно вздохнули и подняли копья остриями вверх. 
- Фебуцац! Жапор! - произнес вождь охотникам и пошел в деревню. Охотники начали расходиться, одни направились к морю, другие вернулись в деревеньку."	"Quest Vulkan.qmm: locations.37.texts.0.text. Preserve every <tag> exactly."	"Quest,Vulkan"	""
"/quests/Vulkan.qmm/locations/38/texts/0/text"	"Вы находитесь в деревеньке, прямо на главной ""площади"" - широком пространстве между хижинами. Они сложены из веток и тростника, и накрыты шкурами. 
Однако не все хижины одинаковы: большая двухэтажная - резиденция вождя, самая широкая - жилище местного торговца, рядом в кучу свалены разные вещи и товары. Неподалеку стоит клетка с жутким динозавром, зубастым и хвостатым, метров пять в длину. Кроме того, вы заметили еще одну хижину, не похожую на остальные - накрыта не шкурами, а тканями. 
Аборигены не обращают на вас внимания."	"Quest Vulkan.qmm: locations.38.texts.0.text. Preserve every <tag> exactly."	"Quest,Vulkan"	""
"/quests/Vulkan.qmm/locations/39/texts/0/text"	"Вы подошли к зверю. Жуткая тварь! Мало того, что злобно скалит зубы, так еще и уздечка на него надета, и седло! Не хотелось бы вам побывать в роли наездника этого монстра."	"Quest Vulkan.qmm: locations.39.texts.0.text. Preserve every <tag> exactly."	"Quest,Vulkan"	"Вы падышлі да зьвера. Жудасная істота! Мала таго, што злосна шчэрыць зубы, дык яшчэ і вуздэчка на яго надзетая, і сядло! Не хацелася б вам пабываць у ролі седака гэтай пачвары."
"/quests/Vulkan.qmm/locations/39/texts/1/text"	"Динозавр рычит. Он голоден... Как бы вас ему не скормили!"	"Quest Vulkan.qmm: locations.39.texts.1.text. Preserve every <tag> exactly."	"Quest,Vulkan"	"Дыназаўр рыкае. Ён галодны... Як бы вас яму не скармілі!"
"/quests/Vulkan.qmm/locations/39/texts/2/text"	"Динозавр подозрительно посмотрел на вас. Что-то часто вы к нему подходите..."	"Quest Vulkan.qmm: locations.39.texts.2.text. Preserve every <tag> exactly."	"Quest,Vulkan"	"Дыназаўр падазрона паглядзеў на вас. Нешта часта вы да яго падыходзіце..."
"/quests/Vulkan.qmm/locations/40/texts/0/text"	"Вы подошли к скалам, возвышавшимся неподалеку, и начали взбираться наверх. По пути вы отчаянно завидовали дикарям - с их длинными пальцами одно удовольствие лазать по горам, гораздо удобнее цепляться за трещины и выступы. Забравшись на пару десятков метров, вы увидели вулкан. Он совсем рядом! Из жерла тянется тонкая струйка дыма, по небу плывет черная точка... Похоже, это плазмолет! Покружив над вулканом, летательный аппарат опустился прямо в него. Да, там явно какая-то база!"	"Quest Vulkan.qmm: locations.40.texts.0.text. Preserve every <tag> exactly."	"Quest,Vulkan"	""
"/quests/Vulkan.qmm/locations/41/texts/0/text"	"Не успели вы войти, как к вам подскочил торговец. Вы увидели надпись на противоположной стене: ""Я говорю на местном, пеленгском и всеобщем языках!""
- Вы говорите на всеобщем? - спросили вы у него.
- Конечно! Ведь мне часто приходится бывать в крупных городах пеленгов. Надо же где-то товары брать.
- А что я могу купить у вас?
- О... Вряд ли вам подойдут наши местные вещи... Но есть кое-что и для вас!

1. <clr>Аптечка.<clrEnd> Спешите купить! {300} мурзликов - местная валюта. 
2. <clr>Карточка из дерева.<clrEnd> Очень напоминает настоящие пластиковые, которые открывают двери во многие помещения. Ну, вы понимаете, о чем я, - подмигнул торговец. - {800} мурзликов.
3. <clr>Патроны к бластеру<clrEnd>, 10 штук - {200} мурзликов. Незаменимая в охоте вещь. Особенно, если охота на пеленгов...
4. Могу перегнать <clr>бутылку водки в горючую смесь<clrEnd>, прекрасно горит на любой поверхности! {300} мурзликов и ваша водка.
5. Можно обменять <clr>галактические кредиты на мурзлики<clrEnd>! Текущий курс: {400} cr - {150} мурзликов."	"Quest Vulkan.qmm: locations.41.texts.0.text. Preserve every <tag> exactly."	"Quest,Vulkan"	""
"/quests/Vulkan.qmm/locations/41/texts/1/text"	"Вы протянули деньги. Торговец достал из мешка упаковку универсальных регенерационных таблеток. Недолго думая, вы слопали их все, запивая водой из большого глиняного кувшина.

Предлагаемые товары и услуги:

1. <clr>Аптечка.<clrEnd> Спешите купить! {300} мурзликов - местная валюта. 
2. <clr>Карточка из дерева.<clrEnd> Очень напоминает настоящие пластиковые, которые открывают двери во многие помещения. Ну, вы понимаете, о чем я, - подмигнул торговец. - {800} мурзликов.
3. <clr>Патроны к бластеру<clrEnd>, 10 штук - {200} мурзликов. Незаменимая в охоте вещь. Особенно, если охота на пеленгов...
4. Могу перегнать <clr>бутылку водки в горючую смесь<clrEnd>, прекрасно горит на любой поверхности! {300} мурзликов и ваша водка.
5. Можно обменять <clr>галактические кредиты на мурзлики<clrEnd>! Текущий курс: {400} cr - {150} мурзликов."	"Quest Vulkan.qmm: locations.41.texts.1.text. Preserve every <tag> exactly."	"Quest,Vulkan"	""
"/quests/Vulkan.qmm/locations/41/texts/2/text"	"Вы протянули торговцу деньги. Он достал из мешка красивую плоскую карточку из черного дерева. ""Она вам не раз пригодится"", - подмигнул он.

Предлагаемые товары и услуги:

1. <clr>Аптечка.<clrEnd> Спешите купить! {300} мурзликов - местная валюта. 
2. <clr>Карточка из дерева.<clrEnd> Очень напоминает настоящие пластиковые, которые открывают двери во многие помещения. Ну, вы понимаете, о чем я, - подмигнул торговец. - {800} мурзликов.
3. <clr>Патроны к бластеру<clrEnd>, 10 штук - {200} мурзликов. Незаменимая в охоте вещь. Особенно, если охота на пеленгов...
4. Могу перегнать <clr>бутылку водки в горючую смесь<clrEnd>, прекрасно горит на любой поверхности! {300} мурзликов и ваша водка.
5. Можно обменять <clr>галактические кредиты на мурзлики<clrEnd>! Текущий курс: {400} cr - {150} мурзликов."	"Quest Vulkan.qmm: locations.41.texts.2.text. Preserve every <tag> exactly."	"Quest,Vulkan"	""
"/quests/Vulkan.qmm/locations/41/texts/3/text"	"Получив патроны, вы деловито пересыпали их в карман. Торговец приветливо-заискивающе смотрит на вас и предлагает:

1. <clr>Аптечка.<clrEnd> Спешите купить! {300} мурзликов - местная валюта. 
2. <clr>Карточка из дерева.<clrEnd> Очень напоминает настоящие пластиковые, которые открывают двери во многие помещения. Ну, вы понимаете, о чем я, - подмигнул торговец. - {800} мурзликов.
3. <clr>Патроны к бластеру<clrEnd>, 10 штук - {200} мурзликов. Незаменимая в охоте вещь. Особенно, если охота на пеленгов...
4. Могу перегнать <clr>бутылку водки в горючую смесь<clrEnd>, прекрасно горит на любой поверхности! {300} мурзликов и ваша водка.
5. Можно обменять <clr>галактические кредиты на мурзлики<clrEnd>! Текущий курс: {400} cr - {150} мурзликов."	"Quest Vulkan.qmm: locations.41.texts.3.text. Preserve every <tag> exactly."	"Quest,Vulkan"	""
"/quests/Vulkan.qmm/locations/41/texts/4/text"	"Протянув торговцу {400} кредитов, вы получили от него замызганную бумажку в {150} мурзликов. 

Предлагаемые товары и услуги:

1. <clr>Аптечка.<clrEnd> Спешите купить! {300} мурзликов - местная валюта. 
2. <clr>Карточка из дерева.<clrEnd> Очень напоминает настоящие пластиковые, которые открывают двери во многие помещения. Ну, вы понимаете, о чем я, - подмигнул торговец. - {800} мурзликов.
3. <clr>Патроны к бластеру<clrEnd>, 10 штук - {200} мурзликов. Незаменимая в охоте вещь. Особенно, если охота на пеленгов...
4. Могу перегнать <clr>бутылку водки в горючую смесь<clrEnd>, прекрасно горит на любой поверхности! {300} мурзликов и ваша водка.
5. Можно обменять <clr>галактические кредиты на мурзлики<clrEnd>! Текущий курс: {400} cr - {150} мурзликов."	"Quest Vulkan.qmm: locations.41.texts.4.text. Preserve every <tag> exactly."	"Quest,Vulkan"	""
"/quests/Vulkan.qmm/locations/41/texts/5/text"	"Торговец поколдовал над бутылкой водки, и дал ее вам обратно. Только там была уже какая-то мерзость.

Предлагаемые товары и услуги:

1. <clr>Аптечка.<clrEnd> Спешите купить! {300} мурзликов - местная валюта. 
2. <clr>Карточка из дерева.<clrEnd> Очень напоминает настоящие пластиковые, которые открывают двери во многие помещения. Ну, вы понимаете, о чем я, - подмигнул торговец. - {800} мурзликов.
3. <clr>Патроны к бластеру<clrEnd>, 10 штук - {200} мурзликов. Незаменимая в охоте вещь. Особенно, если охота на пеленгов...
4. Могу перегнать <clr>бутылку водки в горючую смесь<clrEnd>, прекрасно горит на любой поверхности! {300} мурзликов и ваша водка.
5. Можно обменять <clr>галактические кредиты на мурзлики<clrEnd>! Текущий курс: {400} cr - {150} мурзликов."	"Quest Vulkan.qmm: locations.41.texts.5.text. Preserve every <tag> exactly."	"Quest,Vulkan"	""
"/quests/Vulkan.qmm/locations/41/texts/6/text"	"Вы находитесь у торговца. Тот приветливо-заискивающе смотрит на вас и предлагает:

1. <clr>Аптечка.<clrEnd> Спешите купить! {300} мурзликов - местная валюта. 
2. <clr>Карточка из дерева.<clrEnd> Очень напоминает настоящие пластиковые, которые открывают двери во многие помещения. Ну, вы понимаете, о чем я, - подмигнул торговец. - {800} мурзликов.
3. <clr>Патроны к бластеру<clrEnd>, 10 штук - {200} мурзликов. Незаменимая в охоте вещь. Особенно, если охота на пеленгов...
4. Могу перегнать <clr>бутылку водки в горючую смесь<clrEnd>, прекрасно горит на любой поверхности! {300} мурзликов и ваша водка.
5. Можно обменять <clr>галактические кредиты на мурзлики<clrEnd>! Текущий курс: {400} cr - {150} мурзликов."	"Quest Vulkan.qmm: locations.41.texts.6.text. Preserve every <tag> exactly."	"Quest,Vulkan"	""
"/quests/Vulkan.qmm/locations/41/texts/7/text"	"Вы находитесь у торговца. Тот приветливо-заискивающе смотрит на вас и предлагает:

1. <clr>Аптечка.<clrEnd> Спешите купить! {300} мурзликов - местная валюта. 
2. <clr>Карточка из дерева.<clrEnd> Очень напоминает настоящие пластиковые, которые открывают двери во многие помещения. Ну, вы понимаете, о чем я, - подмигнул торговец. - {800} мурзликов.
3. <clr>Патроны к бластеру<clrEnd>, 10 штук - {200} мурзликов. Незаменимая в охоте вещь. Особенно, если охота на пеленгов...
4. Могу перегнать <clr>бутылку водки в горючую смесь<clrEnd>, прекрасно горит на любой поверхности! {300} мурзликов и ваша водка.
5. Можно обменять <clr>галактические кредиты на мурзлики<clrEnd>! Текущий курс: {400} cr - {150} мурзликов."	"Quest Vulkan.qmm: locations.41.texts.7.text. Preserve every <tag> exactly."	"Quest,Vulkan"	""
"/quests/Vulkan.qmm/locations/41/texts/8/text"	"Вы находитесь у торговца. Тот приветливо-заискивающе смотрит на вас и предлагает:

1. <clr>Аптечка.<clrEnd> Спешите купить! {300} мурзликов - местная валюта. 
2. <clr>Карточка из дерева.<clrEnd> Очень напоминает настоящие пластиковые, которые открывают двери во многие помещения. Ну, вы понимаете, о чем я, - подмигнул торговец. - {800} мурзликов.
3. <clr>Патроны к бластеру<clrEnd>, 10 штук - {200} мурзликов. Незаменимая в охоте вещь. Особенно, если охота на пеленгов...
4. Могу перегнать <clr>бутылку водки в горючую смесь<clrEnd>, прекрасно горит на любой поверхности! {300} мурзликов и ваша водка.
5. Можно обменять <clr>галактические кредиты на мурзлики<clrEnd>! Текущий курс: {400} cr - {150} мурзликов."	"Quest Vulkan.qmm: locations.41.texts.8.text. Preserve every <tag> exactly."	"Quest,Vulkan"	""
"/quests/Vulkan.qmm/locations/41/texts/9/text"	"Вы находитесь у торговца. Тот приветливо-заискивающе смотрит на вас и предлагает:

1. <clr>Аптечка.<clrEnd> Спешите купить! {300} мурзликов - местная валюта. 
2. <clr>Карточка из дерева.<clrEnd> Очень напоминает настоящие пластиковые, которые открывают двери во многие помещения. Ну, вы понимаете, о чем я, - подмигнул торговец. - {800} мурзликов.
3. <clr>Патроны к бластеру<clrEnd>, 10 штук - {200} мурзликов. Незаменимая в охоте вещь. Особенно, если охота на пеленгов...
4. Могу перегнать <clr>бутылку водки в горючую смесь<clrEnd>, прекрасно горит на любой поверхности! {300} мурзликов и ваша водка.
5. Можно обменять <clr>галактические кредиты на мурзлики<clrEnd>! Текущий курс: {400} cr - {150} мурзликов."	"Quest Vulkan.qmm: locations.41.texts.9.text. Preserve every <tag> exactly."	"Quest,Vulkan"	""
"/quests/Vulkan.qmm/locations/47/texts/0/text"	"Вы пошли к электростанции. То ли приливной, то ли отливной... И вдруг... вы увидели несправедливость! Огромный мускулистый абориген жестоко избивал маленького, хилого на вид! Малыш пытался закрыться руками, но от страшных ударов это практически не помогало. Вас охватила ярость. Надо помочь слабому, иначе здоровяк просто убьет его!"	"Quest Vulkan.qmm: locations.47.texts.0.text. Preserve every <tag> exactly."	"Quest,Vulkan"	""
"/quests/Vulkan.qmm/locations/48/texts/0/text"	"Бластер сам прыгнул в руку, яркая синяя вспышка - и бандит грузно осел на землю. Жертва радостно заверещала и сунула вам <clr>500 мурзликов<clrEnd> за спасение."	"Quest Vulkan.qmm: locations.48.texts.0.text. Preserve every <tag> exactly."	"Quest,Vulkan"	"Блястэр сам скочыў у руку, яркая сіняя ўспышка — і бандыт цяжка асеў на зямлю. Ахвяра радасна завішчала і сунула вам <clr>500 мурзьлікаў<clrEnd> за выратаваньне."
"/quests/Vulkan.qmm/locations/49/texts/0/text"	"Вы подскочили к негодяю, и с размаху хрястнули его бутылкой по голове. Спасенная жертва что-то весело запищала, вытащила из кармашка в рваных штанах бумажку и протянула ее вам. Это <clr>500 мурзликов<clrEnd>!"	"Quest Vulkan.qmm: locations.49.texts.0.text. Preserve every <tag> exactly."	"Quest,Vulkan"	""
"/quests/Vulkan.qmm/locations/50/texts/0/text"	"Вы что-то заорали подонку, мучившему младшего. Он бросил жертву и начал приближаться к вам. Только тут вы заметили, что он в полтора раза выше вас, а здоровенные кулачищи не предвещают вам ничего хорошего."	"Quest Vulkan.qmm: locations.50.texts.0.text. Preserve every <tag> exactly."	"Quest,Vulkan"	""
"/quests/Vulkan.qmm/locations/51/texts/0/text"	"Вы вошли в странную палатку. Внутри было сумрачно. За маленьким круглым столиком сидела женщина-аборигенка в ярких одеждах. Перед ней в большом бокале лежал хрустальный шар. Она водила над ним руками и что-то шептала. 
- Здрасьте, уважаемая, - вежливо поздоровались вы.
- Здаров, рейнджер, - хмуро поприветствовала она вас. - Чаво такой хмурый? Я местная гадалка и ведьма. На самом деле никакая я не ведьма, я просто односельчан дурю. Они тупые жутко! А вот ты тупой?
- Нет, что вы! - поспешили заверить вы ее.
- Сможешь тогда на четыре мои загадки-задачки ответить? Слабо? Я тебе за это дам {1500} мурзликов!
Похоже, гадалке тут настолько скучно сидеть, что она готова даже рискнуть деньгами ради развлечения. Наверное, она очень уверена в своих силах."	"Quest Vulkan.qmm: locations.51.texts.0.text. Preserve every <tag> exactly."	"Quest,Vulkan"	""
"/quests/Vulkan.qmm/locations/52/texts/0/text"	"- Не хочешь - не надо! - отрезала гадалка. - Не знала, что рейнджеры - такие глупые трусы!"	"Quest Vulkan.qmm: locations.52.texts.0.text. Preserve every <tag> exactly."	"Quest,Vulkan"	"— Ня хочаш — ня трэба! — адрэзала варажбітка. — Ня ведала, што рэйнджэры — такія дурныя баязьліўцы!"
"/quests/Vulkan.qmm/locations/53/texts/0/text"	"Вот первая задачка:

В одном городе правитель издал такой закон: ""Любой, кто хочет попасть в город, должен ответить на вопрос: ""Для чего ты хочешь войти в город?"" Если входящий отвечал правду, то его топили в реке, а если неправду - сажали на кол. Очень долго никто не мог войти в город, но нашелся такой хитрец, которому это удалось. 
Вопрос: Что ответил этот хитрец страже?"	"Quest Vulkan.qmm: locations.53.texts.0.text. Preserve every <tag> exactly."	"Quest,Vulkan"	""
"/quests/Vulkan.qmm/locations/54/texts/0/text"	"- Ого! Не думала, что ты ответишь! Но это простая удача, - разбавила гадалка комплимент водой.

Вторая задача:

Как спуститься с отвесной скалы 100 метровой высоты, имея 75 метровую веревку и нож, при условии, что на 50 метровой отметке и на вершине есть по одному дереву, на котором можно стоять?"	"Quest Vulkan.qmm: locations.54.texts.0.text. Preserve every <tag> exactly."	"Quest,Vulkan"	""
"/quests/Vulkan.qmm/locations/55/texts/0/text"	"- Не может быть!!! Еще никто не... Ну держись! Моя последняя задача, - зловеще улыбнулась гадалка.

Если полторы курицы несут полтора яйца в полтора дня, то сколько яиц снесут шесть кур за шесть дней?"	"Quest Vulkan.qmm: locations.55.texts.0.text. Preserve every <tag> exactly."	"Quest,Vulkan"	""
"/quests/Vulkan.qmm/locations/56/texts/0/text"	"- Черт! И это ты правильно сказал! - воскликнула в негодовании гадалка. - Ладно, задача посложнее:

Продавец продает шапку. Стоит 10 кредитов. Подходит покупатель, меряет, ему подходит, и он покупает. Покупатель дает продавцу 25 кредитов одной бумажкой. У продавца нет сдачи, и он отправляет сынишку к соседке разменять. Парень приносит 10+10+5. Продавец отдает шапку и 15 кредитов сдачи. Через некоторое время приходит соседка и говорит, что 25-кредитка фальшивая. Ну что делать? Продавец отдает деньги из кассы. Вопрос: На какую сумму ""попал"" продавец?"	"Quest Vulkan.qmm: locations.56.texts.0.text. Preserve every <tag> exactly."	"Quest,Vulkan"	""
"/quests/Vulkan.qmm/locations/57/texts/0/text"	"- Неверный ответ! - крикнула гадалка. - Пошел вон, болван! Никто не сможет разгадать мои логические задачи-загадки!!!
""Ну и сама дура, - подумали вы обидчиво на выходе. - А чего я не так сказал?"""	"Quest Vulkan.qmm: locations.57.texts.0.text. Preserve every <tag> exactly."	"Quest,Vulkan"	"— Няправільны адказ! — крыкнула варажбітка. — Ідзі прэч, дурань! Ніхто не зможа разгадаць мае лягічныя задачы-загадкі!!!
«Ну і сама дурная, — падумалі вы з крыўдай на выхадзе. — А што я не так сказаў?»"
"/quests/Vulkan.qmm/locations/58/texts/0/text"	"- О нет! Ты самый умный из всех, кого я когда-либо встречала!!! Получай свои 1500 мурзликов и проваливай! Я хочу узреть будущее!
Отдав деньги, гадалка уставилась в призрачно-синий шар."	"Quest Vulkan.qmm: locations.58.texts.0.text. Preserve every <tag> exactly."	"Quest,Vulkan"	"— О не! Ты самы разумны з усіх, каго я калі-небудзь сустракала!!! Атрымлівай свае 1500 мурзьлікаў і змывайся! Я хачу ўбачыць будучыню!
Аддаўшы грошы, варажбітка ўтаропілася ў прывідны сіні шар."
"/quests/Vulkan.qmm/locations/59/texts/0/text"	"Вы подошли к хижине вождя. Но путь вам преградил могучий абориген с копьем. Языка вашего он не понимает... Однако язык взятки понимают все народы без исключения!"	"Quest Vulkan.qmm: locations.59.texts.0.text. Preserve every <tag> exactly."	"Quest,Vulkan"	"Вы падышлі да хаціны правадыра. Але шлях вам перагарадзіў магутны абарыген з дзідай. Мовы вашай ён не разумее... Аднак мову хабару разумеюць усе народы без выключэньня!"
"/quests/Vulkan.qmm/locations/60/texts/0/text"	"Вы сунули бумажку в 200 мурзликов охраннику. Тот принял ее, деловито сунул в карман и отошел в сторону."	"Quest Vulkan.qmm: locations.60.texts.0.text. Preserve every <tag> exactly."	"Quest,Vulkan"	"Вы сунулі паперку на 200 мурзьлікаў ахоўніку. Той прыняў яе, дзелавіта сунуў у кішэню і адышоў убок."
"/quests/Vulkan.qmm/locations/61/texts/0/text"	"Вы сунули водку охраннику. Тот поспешно спрятал бутылку за пазуху и отошел. Похоже, он сразу понял, что внутри..."	"Quest Vulkan.qmm: locations.61.texts.0.text. Preserve every <tag> exactly."	"Quest,Vulkan"	"Вы сунулі гарэлку ахоўніку. Той пасьпешліва схаваў бутэльку за пазуху і адышоў. Падобна, ён адразу зразумеў, што ўсярэдзіне..."
"/quests/Vulkan.qmm/locations/62/texts/0/text"	"Вы находитесь в покоях вождя. Большая комната, сам вождь сидит на маленьком троне. Рядом с ним - столик с фруктами и бутылкой чего-то явно алкогольного. Он благодушно смотрит на вас, накручивая кончик бороды на палец.
- Аврахуурна? - спросил он."	"Quest Vulkan.qmm: locations.62.texts.0.text. Preserve every <tag> exactly."	"Quest,Vulkan"	""
"/quests/Vulkan.qmm/locations/63/texts/0/text"	"- Абубубубубубухаявра! - крикнул он в ответ на вашу попытку сунуть ему взятку. Черт его разберет, чего он имеет в виду..."	"Quest Vulkan.qmm: locations.63.texts.0.text. Preserve every <tag> exactly."	"Quest,Vulkan"	"— Абубубубубубухаявра! — крыкнуў ён у адказ на вашу спробу сунуць яму хабар. Чорт яго разьбярэ, што ён мае на ўвазе..."
"/quests/Vulkan.qmm/locations/64/texts/0/text"	"- Конечно, говорю! - удивился вождь. - Я же вождь! И должен уметь почти все... Что ты хотел спросить, странник? Спрашивай! Но у меня мало времени, дел полно. Скорее."	"Quest Vulkan.qmm: locations.64.texts.0.text. Preserve every <tag> exactly."	"Quest,Vulkan"	"— Вядома, гавару! — зьдзівіўся правадыр. — Я ж правадыр! І мушу ўмець амаль усё... Што ты хацеў спытаць, вандроўнік? Пытай! Але ў мяне мала часу, спраў поўна. Хутчэй."
"/quests/Vulkan.qmm/locations/64/texts/1/text"	"- Можно, - благодушно ответил вождь. - Эту кинзу - а это именно она - доставляют мне из городов пеленгов!
Выпив кинзы и съев фруктов, вы почувствовали, что вам стало лучше, некоторые раны перестали болеть."	"Quest Vulkan.qmm: locations.64.texts.1.text. Preserve every <tag> exactly."	"Quest,Vulkan"	""
"/quests/Vulkan.qmm/locations/64/texts/2/text"	"- Я - вождь местного племени Абрамгутанов. Мы веками селились здесь, между морем и скалами. Мы тесно контактируем с недавнего времени с пеленгами, которые доставляют нам алкоголь, еду и одежду."	"Quest Vulkan.qmm: locations.64.texts.2.text. Preserve every <tag> exactly."	"Quest,Vulkan"	"— Я — правадыр мясцовага племені Абрамгутанаў. Мы вякамі сяліліся тут, паміж морам і скаламі. Мы цесна кантактуем ад нядаўняга часу з пеленгамі, якія дастаўляюць нам алькаголь, ежу і адзеньне."
"/quests/Vulkan.qmm/locations/64/texts/3/text"	"- Это остров Уравшал. В древности из моря вылез вулкан, и он покрывался лавой до тех пор, пока не образовал огромную твердую корку вокруг себя, и не потух. Потом море нанесло песка, здесь выросли деревья... Потом появились наши далекие предки. Выяснить это нам помогли пеленги. Они устроили свою базу в вулкане, нам же подарили чудесную приливно-гравитационную электростанцию. Света, даваемого ей, хватает на освещение всех жилищ ночью! Мы не знаем, что творится в недрах Грозной горы, но из ее жерла частенько вылетают пеленгские летающие штуки... Как их там... 
- Плазмолеты, - подсказали вы.
- Да, точно, плазмолеты... Вот такая вот история..."	"Quest Vulkan.qmm: locations.64.texts.3.text. Preserve every <tag> exactly."	"Quest,Vulkan"	""
"/quests/Vulkan.qmm/locations/64/texts/4/text"	"- Уууу... К вулкану... Чего там только может не поджидать! Пройдешь через деревеньку, там будет лес. Лес тянется по склону вулкана, самому удобному для поднятия наверх. Зверей почти нет, редко попадаются опасные. Разве что ранзавры, которых мы ловим и используем в качестве средств передвижения...
Вас передернуло от ужаса.
- А выше нам пеленги не разрешают подниматься. Говорят, что не будут торговать, отнимут электростанцию, и мы исчезнем как вид! Поэтому мы не рискуем."	"Quest Vulkan.qmm: locations.64.texts.4.text. Preserve every <tag> exactly."	"Quest,Vulkan"	""
"/quests/Vulkan.qmm/locations/64/texts/5/text"	"- И тебе привет! - откликнулся вождь. - Чего хотел?"	"Quest Vulkan.qmm: locations.64.texts.5.text. Preserve every <tag> exactly."	"Quest,Vulkan"	"— І табе прывітаньне! — адазваўся правадыр. — Чаго хацеў?"
"/quests/Vulkan.qmm/locations/69/texts/0/text"	"Вы находитесь в лесу, на опушке, неподалеку от вас тропинка. Вас окружают могучие деревья с темно-зелеными мясистыми листьями. В качестве плодов у них - очень красивые шишки! Такие плотно сбитые, покрыты чешуйками, будто осколочные гранаты. Наверное, именно про них вам говорил гаалец в самолете. Некоторые валяются на земле, а несколько можно попытаться сорвать. Что предпримем?"	"Quest Vulkan.qmm: locations.69.texts.0.text. Preserve every <tag> exactly."	"Quest,Vulkan"	""
"/quests/Vulkan.qmm/locations/70/texts/0/text"	"Вы подняли две шишки с земли. Но... Бабах! Они взорвались прямо у вас в руках!!! Вы отлетели на поляну. Хорошо, что сила взрыва была не очень велика."	"Quest Vulkan.qmm: locations.70.texts.0.text. Preserve every <tag> exactly."	"Quest,Vulkan"	"Вы паднялі дзьве шышкі з зямлі. Але... Бабах! Яны выбухнулі проста ў вас у руках!!! Вы адляцелі на паляну. Добра, што сіла выбуху была не надта вялікая."
"/quests/Vulkan.qmm/locations/71/texts/0/text"	"Вы потратили немало сил, прежде чем залезли на дерево и сорвали несколько шишек. Зато теперь у вас есть вполне качественные гранаты!"	"Quest Vulkan.qmm: locations.71.texts.0.text. Preserve every <tag> exactly."	"Quest,Vulkan"	"Вы выдаткавалі нямала сіл, перш чым залезьці на дрэва і сарваць некалькі шышак. Затое цяпер у вас ёсьць цалкам добрыя гранаты!"
"/quests/Vulkan.qmm/locations/72/texts/0/text"	"Вы направились дальше через лес. Вокруг красота, птички тараторят в кронах могучих деревьев... Давно здесь не сбегала лава из огненного жерла вулкана!"	"Quest Vulkan.qmm: locations.72.texts.0.text. Preserve every <tag> exactly."	"Quest,Vulkan"	"Вы накіраваліся далей праз лес. Навокал прыгажосьць, птушкі таратораць у кронах магутных дрэваў... Даўно тут не зьбягала лава з вогненнага жарала вулькана!"
"/quests/Vulkan.qmm/locations/73/texts/0/text"	"Вы прошли через лес! Выше только крутые склоны вулкана. Надо как-то подниматься..."	"Quest Vulkan.qmm: locations.73.texts.0.text. Preserve every <tag> exactly."	"Quest,Vulkan"	"Вы прайшлі праз лес! Вышэй толькі стромкія схілы вулькана. Трэба неяк падымацца..."
"/quests/Vulkan.qmm/locations/74/texts/0/text"	"Вы находитесь перед Саммат-Науром. Что будем делать?"	"Quest Vulkan.qmm: locations.74.texts.0.text. Preserve every <tag> exactly."	"Quest,Vulkan"	"Вы знаходзіцеся перад Саммат-Наурам. Што будзем рабіць?"
"/quests/Vulkan.qmm/locations/74/texts/1/text"	"Вы трижды грохнули кулаком по тяжелым створкам ворот Саммат-Наура. Однако никто не пришел вам открыть, а врата сами не откроются..."	"Quest Vulkan.qmm: locations.74.texts.1.text. Preserve every <tag> exactly."	"Quest,Vulkan"	"Вы тройчы грукнулі кулаком па цяжкіх створках варотаў Саммат-Наура. Аднак ніхто не прыйшоў вам адчыніць, а брама сама не адчыніцца..."
"/quests/Vulkan.qmm/locations/74/texts/2/text"	"Вы кинули гранату к воротам, а сами спустились пониже, и залегли. Громкий взрыв, плотная завеса пыли... Поднявшись, вы обнаружили, что ворота целы и невредимы. Только шишку зря потратили!"	"Quest Vulkan.qmm: locations.74.texts.2.text. Preserve every <tag> exactly."	"Quest,Vulkan"	"Вы кінулі гранату да варотаў, а самі спусьціліся ніжэй і залеглі. Гучны выбух, шчыльная заслона пылу... Падняўшыся, вы выявілі, што вароты цэлыя і непашкоджаныя. Толькі шышку марна патрацілі!"
"/quests/Vulkan.qmm/locations/75/texts/0/text"	"Вы быстро кинули гранатошишку ранзавру. Тот наклонился, понюхал ее... Бах! Пыль взметнулась столбом, рядом начали падать куски обгорелого мяса."	"Quest Vulkan.qmm: locations.75.texts.0.text. Preserve every <tag> exactly."	"Quest,Vulkan"	"Вы хутка кінулі гранаташышку ранзаўру. Той нахіліўся, панюхаў яе... Бах! Пыл узьняўся слупом, побач пачалі падаць кавалкі абгарэлага мяса."
"/quests/Vulkan.qmm/locations/76/texts/0/text"	"Сзади раздался треск, кто-то с досадой взрыкнул. Вы осторожно обернулись. Из чащи леса на вас смотрел... Ранзавр! Пятиметровая тварь явно хочет вами пообедать! Нужно срочно что-то предпринять."	"Quest Vulkan.qmm: locations.76.texts.0.text. Preserve every <tag> exactly."	"Quest,Vulkan"	"Ззаду пачуўся трэск, хтосьці незадаволена фыркнуў. Вы асьцярожна азірнуліся. З гушчару лесу на вас глядзеў... Ранзаўр! Істота ростам у пяць мэтраў відавочна хоча вамі паабедаць! Трэба тэрмінова нешта зрабіць."
"/quests/Vulkan.qmm/locations/77/texts/0/text"	"Ранзавр, громко взревев, побежал к вам. Вы торопливо достали бластер и начали стрелять в монстра. Тот упал перед вашими ногами, успев царапнуть вас мощной лапой."	"Quest Vulkan.qmm: locations.77.texts.0.text. Preserve every <tag> exactly."	"Quest,Vulkan"	"Ранзаўр, голасна зараўшы, пабег да вас. Вы пасьпешліва дасталі блястэр і пачалі страляць у пачвару. Той упаў перад вашымі нагамі, пасьпеўшы драпануць вас магутнай лапай."
"/quests/Vulkan.qmm/locations/78/texts/0/text"	"Вы дико закричали и побежали через чащу. Ранзавр с рычанием нагнал вас в три прыжка. Почувствовав, как что-то толкнуло вас сзади, вы с воплем упали и перевернулись на спину. Последнее, что вы увидели, была огромная пасть ранзавра с десятками огромных острых зубов, склоненная над вами..."	"Quest Vulkan.qmm: locations.78.texts.0.text. Preserve every <tag> exactly."	"Quest,Vulkan"	""
"/quests/Vulkan.qmm/locations/79/texts/0/text"	"Вы походили вокруг, ориентируясь на сладкий запах, и вскоре нашли пчелиное гнездо. Пчелы были размером с воробьев! Но вас это не смутило. Вы убили несколько выстрелами из бластера, схватили гнездо с медом и побежали по кругу. Бегая, вы ухитрились проглотить весь мед! Пчелы, увидев, что вы зверски сожрали их пропитание для молодняка, поняли, что будущего у них нет, пожалили друг друга и попадали на землю."	"Quest Vulkan.qmm: locations.79.texts.0.text. Preserve every <tag> exactly."	"Quest,Vulkan"	""
"/quests/Vulkan.qmm/locations/80/texts/1/text"	"Нет, от стука ворота не отворяются. Надо бы что-то другое попробовать..."	"Quest Vulkan.qmm: locations.80.texts.1.text. Preserve every <tag> exactly."	"Quest,Vulkan"	"Не, ад стуку вароты не адчыняюцца. Трэба б нешта іншае паспрабаваць..."
"/quests/Vulkan.qmm/locations/82/texts/0/text"	"Вы вставили в щель деревянную карточку. Ворота бесшумно распахнулись, едва не сметя вас с площадки. Вглубь вел темный коридор со стальными стенами."	"Quest Vulkan.qmm: locations.82.texts.0.text. Preserve every <tag> exactly."	"Quest,Vulkan"	"Вы ўставілі ў шчыліну драўляную картку. Вароты бясшумна расчыніліся, ледзь не зьмёўшы вас з пляцоўкі. Углыб вёў цёмны калідор са сталёвымі сьценамі."
"/quests/Vulkan.qmm/locations/83/texts/0/text"	"Вы долго поднимались, пока не достигли жерла этого чертового вулкана. Заглянув в него, вы отшатнулись. Далеко внизу плыло море огненной лавы! Присмотревшись, вы разглядели площадку далеко внизу. Эта площадка ведет как раз в глубины вулкана. Только как на нее попасть..."	"Quest Vulkan.qmm: locations.83.texts.0.text. Preserve every <tag> exactly."	"Quest,Vulkan"	""
"/quests/Vulkan.qmm/locations/84/texts/0/text"	"Привязав веревку к торчащей скале, вы начали спуск. Ох, как же это страшно! Но через десять минут, исцарапавшись и разозлившись, вы все же ступили на площадку."	"Quest Vulkan.qmm: locations.84.texts.0.text. Preserve every <tag> exactly."	"Quest,Vulkan"	"Прывязаўшы вяроўку да скалы, што тырчала, вы пачалі спуск. Ох, як жа гэта страшна! Але праз дзесяць хвілінаў, падрапаўшыся і раззлаваўшыся, вы ўсё ж ступілі на пляцоўку."
"/quests/Vulkan.qmm/locations/85/texts/0/text"	"Вы ласточкой сорвались вниз. Через несколько секунд раскрылся парашют. Он зацепился за скалы, а вы повисли в полуметре над площадкой. Вы просто отцепили стропы и спрыгнули вниз. До конца жизни вы не забудете это падение в вулкан."	"Quest Vulkan.qmm: locations.85.texts.0.text. Preserve every <tag> exactly."	"Quest,Vulkan"	""
"/quests/Vulkan.qmm/locations/86/texts/0/text"	"Вы находитесь в коридоре, обитом железными планками. Три лампы тускло освещают проход, вокруг такая жара, что и три кондиционера не помогли бы. Путь только один - вперед!"	"Quest Vulkan.qmm: locations.86.texts.0.text. Preserve every <tag> exactly."	"Quest,Vulkan"	"Вы знаходзіцеся ў калідоры, абшытым жалезнымі палосамі. Тры лямпы цьмяна асьвятляюць праход, навокал такая сьпёка, што і тры кандыцыянэры не дапамаглі б. Шлях толькі адзін — наперад!"
"/quests/Vulkan.qmm/locations/87/texts/0/text"	"Вы вошли в комнату А. Тут нагромождения ящиков, в углу стоит сейф с синей полоской на двери и щелью для карты. Навстречу вам начали подниматься изумленные охранники-малоки. Они никак не ожидали вашего появления здесь!"	"Quest Vulkan.qmm: locations.87.texts.0.text. Preserve every <tag> exactly."	"Quest,Vulkan"	""
"/quests/Vulkan.qmm/locations/87/texts/1/text"	"Вы в помещении А. Вокруг много ящиков, которые вам, к сожалению, нечем открыть. В углу стоит сейф с синей полоской на дверце и щелью для карты. Трупы охранников валяются на полу, где-то мерно гудят гигантские турбины. Такая жара стоит, что дышать трудно! Но вы все же в вулкане, а не на пикнике..."	"Quest Vulkan.qmm: locations.87.texts.1.text. Preserve every <tag> exactly."	"Quest,Vulkan"	""
"/quests/Vulkan.qmm/locations/88/texts/0/text"	"Вы вошли в небольшую лабораторию. На стене красуется буква ""В"". Однако в противоположном конце комнаты вскочили два пеленга-охранника и начали быстро вынимать свои пушки..."	"Quest Vulkan.qmm: locations.88.texts.0.text. Preserve every <tag> exactly."	"Quest,Vulkan"	"Вы ўвайшлі ў невялікую лябараторыю. На сьцяне красуецца літара ""В"". Аднак у процілеглым канцы пакоя ўскочылі два пеленгі-ахоўнікі і пачалі хутка вымаць свае блястэры..."
"/quests/Vulkan.qmm/locations/88/texts/1/text"	"Вы находитесь в лаборатории В. Здесь много белых столов, заставленных пробирками, колбами, всякими баночками и прочей ерундой. Вы не химик, чтобы этим заниматься и разбираться. На полу в дальнем конце комнаты лежат два пеленгских трупа в огромных лужах крови. Кто же это их так? Ах да, это же вы... На стене висит странный зеленый аппарат со щелью. Если в щель вставить пластиковую карту, дверца аппарата, или просто ящика, откроется..."	"Quest Vulkan.qmm: locations.88.texts.1.text. Preserve every <tag> exactly."	"Quest,Vulkan"	""
"/quests/Vulkan.qmm/locations/89/texts/0/text"	"Не успели вы войти в комнату, как в вас начали стрелять! Вы быстро отпрыгнули за первый попавшийся стол. Два малока-охранника стоят рядом, их выстрелы слаженно долбят по вашему укрытию... Но стол-то не вечный, скоро сломается..."	"Quest Vulkan.qmm: locations.89.texts.0.text. Preserve every <tag> exactly."	"Quest,Vulkan"	""
"/quests/Vulkan.qmm/locations/89/texts/1/text"	"Вы находитесь в комнате С. Перевернутые столы, стулья... Два трупа на полу... Вверх уходит лестница, ведущая в ангар. 
Небольшая панель на стене со щелью для карты и красным квадратиком рядом. Что бы это значило?"	"Quest Vulkan.qmm: locations.89.texts.1.text. Preserve every <tag> exactly."	"Quest,Vulkan"	""
"/quests/Vulkan.qmm/locations/90/texts/0/text"	"Вы находитесь в помещении, его стены обиты железом. На полу стоят ящики с маркировкой Дзухаллага, на стене висит карта-план. Также на стене намалевана огромная буква D. В углу стоит странный серый аппарат, наподобие тех, в которых тысячу лет назад продавали кофе, шоколадки и чипсы. Его передняя крышка закручена болтами."	"Quest Vulkan.qmm: locations.90.texts.0.text. Preserve every <tag> exactly."	"Quest,Vulkan"	""
"/quests/Vulkan.qmm/locations/91/texts/0/text"	"Вы вошли в дверь. За ней оказался огромный кабинет, украшенный деревом и зелеными растениями. Посередине - стол из коричневого пластика, за ним сидят пятеро пеленгов. Одного из них вы узнали - Ушава! Пеленги в изумлении уставились на вас.
- Это рейнджер <Ranger>! - закричал Ушава. - Убейте его! Немедленно!"	"Quest Vulkan.qmm: locations.91.texts.0.text. Preserve every <tag> exactly."	"Quest,Vulkan"	""
"/quests/Vulkan.qmm/locations/92/texts/0/text"	"Вы начали спускаться по винтовой лестнице из D в Е. Однако внизу вас ждали вооруженные охранники-пеленги! Вы успели спрятаться за большим стальным сейфом. Они тотчас начали палить в вас."	"Quest Vulkan.qmm: locations.92.texts.0.text. Preserve every <tag> exactly."	"Quest,Vulkan"	"Вы пачалі спускацца па сьпіральнай лесьвіцы з D у Е. Аднак унізе вас чакалі ўзброеныя ахоўнікі-пеленгі! Вы пасьпелі схавацца за вялікім сталёвым сэйфам. Яны адразу пачалі страляць у вас."
"/quests/Vulkan.qmm/locations/92/texts/1/text"	"Вы находитесь в нижнем помещении Е. На стене висит какое-то устройство с желтым квадратиком и щелью для карты. На полу - трупы охранников. На противоположной стене - огромная круглая стеклянная дверь. За ней... коридор, заполненный мутно-зеленой жижей! Похоже, путь к помещению F затоплен. Надо как-то ""убрать"" воду. Но вот как?"	"Quest Vulkan.qmm: locations.92.texts.1.text. Preserve every <tag> exactly."	"Quest,Vulkan"	""
"/quests/Vulkan.qmm/locations/93/texts/0/text"	"Вы находитесь в ангаре. На площадке стоят два плазмолета, прямо перед вами круглые шлюзовые ворота, а сбоку дверь, откуда вы пришли. На стене висит карта."	"Quest Vulkan.qmm: locations.93.texts.0.text. Preserve every <tag> exactly."	"Quest,Vulkan"	"Вы знаходзіцеся ў ангары. На пляцоўцы стаяць два плязмалёты, проста перад вамі круглыя шлюзавыя вароты, а збоку дзьверы, адкуль вы прыйшлі. На сьцяне вісіць мапа."
"/quests/Vulkan.qmm/locations/94/texts/0/text"	"Вы грохнули кулаком по крышке люка в помещение F. Увы, ничего не произошло. Похоже, надо искать другой путь."	"Quest Vulkan.qmm: locations.94.texts.0.text. Preserve every <tag> exactly."	"Quest,Vulkan"	"Вы грукнулі кулаком па вечку люка ў памяшканьне F. На жаль, нічога не адбылося. Падобна, трэба шукаць іншы шлях."
"/quests/Vulkan.qmm/locations/94/texts/1/text"	"Вы трижды постучали по люку, даже попрыгали. Нет, так он не откроется..."	"Quest Vulkan.qmm: locations.94.texts.1.text. Preserve every <tag> exactly."	"Quest,Vulkan"	"Вы тройчы пастукалі па люку, нават паскакалі. Не, так ён не адчыніцца..."
"/quests/Vulkan.qmm/locations/94/texts/2/text"	"Вам надоело бить по люку кулаком, и вы смачно плюнули на него. Но даже этот жест не помог открыть люк."	"Quest Vulkan.qmm: locations.94.texts.2.text. Preserve every <tag> exactly."	"Quest,Vulkan"	"Вам надакучыла біць па люку кулаком, і вы смачна плюнулі на яго. Але нават гэты жэст не дапамог адчыніць люк."
"/quests/Vulkan.qmm/locations/95/texts/0/text"	"Вы подошли к карте, висящей на стене. 
<clr>Комнаты располагаются по порядку и нумеруются буквами. Самая левая - А, соединена с В, правее, та соединена с С, еще правее. Комната С соединена с D, где вы сейчас и находитесь. От комнаты D вниз идет путь в Е, а от В - в F. E и F соединены между собой длинным коридором. От С путь идет вверх, в ангар.<clrEnd>
Разгадка где-то близко, но где?"	"Quest Vulkan.qmm: locations.95.texts.0.text. Preserve every <tag> exactly."	"Quest,Vulkan"	""
"/quests/Vulkan.qmm/locations/96/texts/0/text"	"Вы подошли к карте, висящей на стене. 
<clr>Комнаты располагаются по порядку и нумеруются буквами. Самая левая - А, соединена с В, правее, та соединена с С, еще правее. Комната С соединена с D, где вы сейчас и находитесь. От комнаты D вниз идет путь в Е, а от В - в F. E и F соединены между собой длинным коридором. От С путь идет вверх, в ангар, где вы сейчас находитесь.<clrEnd>
Разгадка где-то близко, но где?"	"Quest Vulkan.qmm: locations.96.texts.0.text. Preserve every <tag> exactly."	"Quest,Vulkan"	""
"/quests/Vulkan.qmm/locations/97/texts/0/text"	"Вы подошли с гаечным ключом к аппарату и выкрутили все его гайки и болты. Потом ключ выкинули. Зачем он вам? За дверцей оказался... <clr>водопроводный кран на толстой трубе<clrEnd>! Вы, не раздумывая, повернули его. Тотчас где-то внизу вы услышали <clr>шум воды<clrEnd>..."	"Quest Vulkan.qmm: locations.97.texts.0.text. Preserve every <tag> exactly."	"Quest,Vulkan"	""
"/quests/Vulkan.qmm/locations/98/texts/0/text"	"Вам повезло. В карманах трупов вы нашли маленькую аптечку и 130 кредитов."	"Quest Vulkan.qmm: locations.98.texts.0.text. Preserve every <tag> exactly."	"Quest,Vulkan"	"Вам пашанцавала. У кішэнях трупаў вы знайшлі маленькую аптэчку і 130 крэдытаў."
"/quests/Vulkan.qmm/locations/99/texts/0/text"	"Вы ловко кинули гранатошишку охранникам. Те нелепо поймали ее и начали швырять друг другу, пока не раздался оглушительный взрыв. Вас немного покалечило... Зато охранников уже ничто не спасет."	"Quest Vulkan.qmm: locations.99.texts.0.text. Preserve every <tag> exactly."	"Quest,Vulkan"	"Вы спрытна кінулі гранаташышку ахоўнікам. Тыя недарэчна злавілі яе і пачалі шпурляць адзін аднаму, пакуль не пачуўся аглушальны выбух. Вас крыху пакалечыла... Затое ахоўнікаў ужо нішто не выратуе."
"/quests/Vulkan.qmm/locations/100/texts/0/text"	"Несколько выстрелов из бластера, и охранники полегли. Однако и вам досталось, хотя рейнджерский комбинезон помог здорово..."	"Quest Vulkan.qmm: locations.100.texts.0.text. Preserve every <tag> exactly."	"Quest,Vulkan"	"Некалькі стрэлаў з блястэра, і ахоўнікі палеглі. Аднак і вам перапала, хоць рэйнджэрскі камбінэзон моцна дапамог..."
"/quests/Vulkan.qmm/locations/101/texts/0/text"	"Вы вставили в щель красную карту. Сухо щелкнуло, и вам в руку упала <clr>желтая карта<clrEnd>... Сколько их тут - миллион?!"	"Quest Vulkan.qmm: locations.101.texts.0.text. Preserve every <tag> exactly."	"Quest,Vulkan"	"Вы ўставілі ў шчыліну чырвоную карту. Суха шчоўкнула, і вам у руку ўпала <clr>жоўтая карта<clrEnd>... Колькі іх тут — мільён?!"
"/quests/Vulkan.qmm/locations/102/texts/0/text"	"Вы прыгнули за лабораторный стол и, высунувшись оттуда, начали расстреливать охранников, бездумно тратя патроны. Но это ничего, ведь вас почти не ранили, а вот вы их довольно быстро укокошили. Зеленая пеленгская кровь начала заливать пол лаборатории."	"Quest Vulkan.qmm: locations.102.texts.0.text. Preserve every <tag> exactly."	"Quest,Vulkan"	""
"/quests/Vulkan.qmm/locations/103/texts/0/text"	"Не тратя время на поиски укрытия, вы прицельно расстреливали двух пеленгов-охранников. Довольно глупый поступок, ведь они успели серьезно ранить вас."	"Quest Vulkan.qmm: locations.103.texts.0.text. Preserve every <tag> exactly."	"Quest,Vulkan"	"Не трацячы час на пошукі сховішча, вы прыцэльна расстрэльвалі двух пеленгаў-ахоўнікаў. Даволі дурны ўчынак, бо яны пасьпелі сур'ёзна параніць вас."
"/quests/Vulkan.qmm/locations/104/texts/0/text"	"Вы швырнули гранатошишку в охранников, а сами спрятались за лабораторным столом. Вам повезло, вас не задело осколками, а вот охранников теперь придется отскребать с пола и со стен."	"Quest Vulkan.qmm: locations.104.texts.0.text. Preserve every <tag> exactly."	"Quest,Vulkan"	"Вы шпурнулі гранаташышку ў ахоўнікаў, а самі схаваліся за лябараторным сталом. Вам пашанцавала, вас не закранула аскепкамі, а вось ахоўнікаў цяпер давядзецца адскрэбваць з падлогі і са сьценаў."
"/quests/Vulkan.qmm/locations/105/texts/0/text"	"Это было глупостью - швырять гранату в таком маленьком помещении! Конечно, охранников убило, но и вас здорово покалечило."	"Quest Vulkan.qmm: locations.105.texts.0.text. Preserve every <tag> exactly."	"Quest,Vulkan"	"Гэта было глупствам — шпурляць гранату ў такім маленькім памяшканьні! Вядома, ахоўнікаў забіла, але і вас моцна пакалечыла."
"/quests/Vulkan.qmm/locations/106/texts/0/text"	"Осторожно высовываясь, вы сумели расстрелять охранников. Но и вас тоже ранили - к счастью, не сильно."	"Quest Vulkan.qmm: locations.106.texts.0.text. Preserve every <tag> exactly."	"Quest,Vulkan"	"Асьцярожна высоўваючыся, вы здолелі расстраляць ахоўнікаў. Але і вас таксама паранілі — на шчасьце, не моцна."
"/quests/Vulkan.qmm/locations/107/texts/0/text"	"Устройство с желтым квадратиком, тихо пискнув, проглотило желтую, а взамен выплюнуло <clr>зеленую карту<clrEnd>. Господи! Когда эти карты кончатся?!"	"Quest Vulkan.qmm: locations.107.texts.0.text. Preserve every <tag> exactly."	"Quest,Vulkan"	"Прылада з жоўтым квадрацікам, ціха піскнуўшы, праглынула жоўтую, а замест яе выплюнула <clr>зялёную карту<clrEnd>. Божа! Калі гэтыя карты скончацца?!"
"/quests/Vulkan.qmm/locations/108/texts/0/text"	"Вы обыскали трупы убитых охранников. Вам повезло, вы нашли <clr>аптечку и несколько патронов<clrEnd>."	"Quest Vulkan.qmm: locations.108.texts.0.text. Preserve every <tag> exactly."	"Quest,Vulkan"	"Вы абшукалі трупы забітых ахоўнікаў. Вам пашанцавала, вы знайшлі <clr>аптэчку і некалькі патронаў<clrEnd>."
"/quests/Vulkan.qmm/locations/109/texts/0/text"	"Спрятавшись за ящиком, вы открыли огонь по охранникам. Вас несильно ранили в плечо. Пришлось выпустить восемь лучей из бластера, прежде чем могучие малоки упали."	"Quest Vulkan.qmm: locations.109.texts.0.text. Preserve every <tag> exactly."	"Quest,Vulkan"	"Схаваўшыся за скрыняй, вы адкрылі агонь па ахоўніках. Вас нямоцна паранілі ў плячо. Давялося выпусьціць восем промняў з блястэра, перш чым магутныя малокі ўпалі."
"/quests/Vulkan.qmm/locations/110/texts/0/text"	"Вы вставили синюю карточку в замок на сейфе. Дверца тотчас открылась. Внутри было пусто, не считая <clr>красной карты<clrEnd>."	"Quest Vulkan.qmm: locations.110.texts.0.text. Preserve every <tag> exactly."	"Quest,Vulkan"	"Вы ўставілі сінюю картку ў замок на сэйфе. Дзьверцы адразу адчыніліся. Усярэдзіне было пуста, не лічачы <clr>чырвонай карты<clrEnd>."
"/quests/Vulkan.qmm/locations/111/texts/0/text"	"Спрятавшись за ящик, вы бросили охранникам гранату. Те не догадались отбежать, потому и погибли. Их трупы раскидало по полу, но и вам тоже досталось от взрыва."	"Quest Vulkan.qmm: locations.111.texts.0.text. Preserve every <tag> exactly."	"Quest,Vulkan"	"Схаваўшыся за скрыню, вы кінулі ахоўнікам гранату. Тыя не здагадаліся адбегчы, таму і загінулі. Іх трупы раскідала па падлозе, але і вам таксама перапала ад выбуху."
"/quests/Vulkan.qmm/locations/112/texts/0/text"	"Вы ловко выхватили парашют, направив его на недругов. Со свистом вырвался большой оранжевый купол, и накрыл охранников. Те страшно ругались, пытаясь понять суть происходящего, и стреляли наугад. Вы без труда убили их одиночными выстрелами в голову. Затем вы убрали парашют, чтоб не мешался, и осмотрели карманы убитых. О, да это же <clr>аптечка<clrEnd>! Вам стало значительно лучше."	"Quest Vulkan.qmm: locations.112.texts.0.text. Preserve every <tag> exactly."	"Quest,Vulkan"	""
"/quests/Vulkan.qmm/locations/113/texts/0/text"	"Вы подошли к аппарату на стене, и вставили в него зеленую карту. А какую еще, если аппарат сам весь зеленый? Дверца открылась... Внутри лежал страшноватого вида... древний <clr>гаечный ключ<clrEnd>? Ну да ладно, пригодится..."	"Quest Vulkan.qmm: locations.113.texts.0.text. Preserve every <tag> exactly."	"Quest,Vulkan"	""
"/quests/Vulkan.qmm/locations/114/texts/0/text"	"Вы наклонились, чтобы рассмотреть предмет получше. Да это же маленькая синяя пластиковая карточка! Кто-то из обслуживающего персонала потерял ее здесь."	"Quest Vulkan.qmm: locations.114.texts.0.text. Preserve every <tag> exactly."	"Quest,Vulkan"	"Вы нахіліліся, каб разгледзець прадмет лепей. Ды гэта ж маленькая сіняя плястыкавая картка! Хтосьці з абслугі згубіў яе тут."
"/quests/Vulkan.qmm/locations/115/texts/0/text"	"Вы подошли к стеклянной двери. Воды за ней больше нет, утекла куда-то. Наверняка это из-за того, что вы повернули вентиль в верхнем помещении. Теперь можно попытаться попасть в таинственное помещение F. Что сделаем с толстой стеклянной дверью?"	"Quest Vulkan.qmm: locations.115.texts.0.text. Preserve every <tag> exactly."	"Quest,Vulkan"	""
"/quests/Vulkan.qmm/locations/116/texts/0/text"	"Вы швырнули гранатошишку, а сами предусмотрительно спрятались за большим сейфом. Грохнул взрыв, и дверь разнесло на мелкие стекляшки!"	"Quest Vulkan.qmm: locations.116.texts.0.text. Preserve every <tag> exactly."	"Quest,Vulkan"	"Вы шпурнулі гранаташышку, а самі прадбачліва схаваліся за вялікім сэйфам. Грукнуў выбух, і дзьверы разносіла на дробныя шкельцы!"
"/quests/Vulkan.qmm/locations/117/texts/0/text"	"Вы поставили у двери бутыль с зажигательной смесью, размотали рулон туалетной бумаги. Один его конец сунули в бутыль, другой утащили в помещение D. Там вы его подожгли. Вспыхнул огонек, бумага загорелась быстро. Через несколько секунд огонек достиг бутыли, и тогда грохнуло так, что вы на пару секунд оглохли. Внизу все скрылось в дыму. Вы выждали немного, и начали спускаться. Дверь разлетелась вдребезги, так что теперь можно пройти дальше."	"Quest Vulkan.qmm: locations.117.texts.0.text. Preserve every <tag> exactly."	"Quest,Vulkan"	""
"/quests/Vulkan.qmm/locations/118/texts/0/text"	"Разбежавшись, вы стукнули плечом по стеклу. Не помогло. Но вы упорно наскакивали и наскакивали на преграду, пока не разбили плечо и не вышибли дверь. С грохотом она повалилась на пол в коридоре."	"Quest Vulkan.qmm: locations.118.texts.0.text. Preserve every <tag> exactly."	"Quest,Vulkan"	"Разьбегшыся, вы стукнулі плячом па шкле. Не дапамагло. Але вы ўпарта наскоквалі і наскоквалі на перашкоду, пакуль не разьбілі плячо і не выбілі дзьверы. З грукатам яны паваліліся на падлогу ў калідоры."
"/quests/Vulkan.qmm/locations/119/texts/0/text"	"Вы прошли железный коридор, с сетчатыми дырами в стенах, и остановились перед шлюзовой дверью. Рядом с ней - кнопка, замызганная водяным скользким налетом. Вы с отвращением ее нажали. Шлюз открылся. Но как только вы зашли в небольшую комнатку (ее не было на плане!!!), вас схватил здоровенный малок.
- Ты кто такой? Как сумел проникнуть сюда?!"	"Quest Vulkan.qmm: locations.119.texts.0.text. Preserve every <tag> exactly."	"Quest,Vulkan"	""
"/quests/Vulkan.qmm/locations/120/texts/0/text"	"- Ах, рейнджер! - малок замахнулся здоровенным лучеметом...
...Вы очнулись на взлетно-посадочной площадке космодрома. Совсем рядом стоит ваш корабль. Вот только вы привязаны к дюзам другого корабля, и тот уже готовится взлетать... 
Похоже, вы с позором провалили свою миссию."	"Quest Vulkan.qmm: locations.120.texts.0.text. Preserve every <tag> exactly."	"Quest,Vulkan"	""
"/quests/Vulkan.qmm/locations/121/texts/0/text"	"Вы показали охраннику взятый в самолете передатчик Дзухаллага. Он тут же отпустил вас, вытянулся и сказал:
- Простите, я не знал! У меня приказ - задерживать всех входящих!
- Ничего, солдат, это твоя работа, - успокоили вы малока."	"Quest Vulkan.qmm: locations.121.texts.0.text. Preserve every <tag> exactly."	"Quest,Vulkan"	""
"/quests/Vulkan.qmm/locations/122/texts/0/text"	"Вы осторожно достали бластер и выстрелили в малока. Тот зарычал от боли и злости, но понял, что не успеет вытащить свой бластер, поэтому швырнул вас на стену. Вы здорово стукнулись, но тут же выстрелили еще раз - малоку в голову. Он грузно плюхнулся на пол."	"Quest Vulkan.qmm: locations.122.texts.0.text. Preserve every <tag> exactly."	"Quest,Vulkan"	""
"/quests/Vulkan.qmm/locations/123/texts/0/text"	"Вы мастерским движением опрокинули стол на сидящих за ним пеленгов. Те настолько не ожидали этого, что не успели даже дернуться. Затем за свою черную работу принялся бластер, и вскоре в живых из всех них остался только Ушава. Вы жестко взяли его за грудки:
- Лучше тебе развязать язык!"	"Quest Vulkan.qmm: locations.123.texts.0.text. Preserve every <tag> exactly."	"Quest,Vulkan"	""
"/quests/Vulkan.qmm/locations/123/texts/1/text"	"- Это Дзухаллагская экспериментальная энергостанция, использующая энергию магмы! Мы построили ее совсем недавно. Местным жителям мы подарили примитивную электростанцию, и обеспечили им торговлю с цивилизацией, только чтобы они молчали и не ходили к вулкану. И все шло хорошо, пока не появились вы, и не ворвались сюда, убив четырех подполковников-лякушей Дзухаллага! - сказал Ушава, глядя на вас с откровенной ненавистью."	"Quest Vulkan.qmm: locations.123.texts.1.text. Preserve every <tag> exactly."	"Quest,Vulkan"	""
"/quests/Vulkan.qmm/locations/123/texts/2/text"	"- Я - полковник Дзухаллага, лякуша Ушава, - сказал он, пытаясь заглянуть в дуло бластера. - Меня поставили здесь командовать!
- Это ты здесь лабиринт с карточками устроил? - спросили вы.
- Да, я. Нам стало известно, что кто-то собирается отправить рейнджера на остров с энергостанцией, с целью провести разведку. Конечно, проще всего было бы вас сразу устранить, но тогда те, кто вас направил, просто заслали бы сюда другого лазутчика - возможно, куда лучше замаскированного. Поэтому было принято решение сыграть с вами в небольшую игру, подбросить неверные данные, и посмотреть, что из этого выйдет. Но вы умудрились спутать нам все карты."	"Quest Vulkan.qmm: locations.123.texts.2.text. Preserve every <tag> exactly."	"Quest,Vulkan"	""
"/quests/Vulkan.qmm/locations/124/texts/0/text"	"Решив, что эти пеленги вам не нужны, вы с чистой совестью их расстреляли, пока они суетились, доставая именные бластеры. Пять трупов в кабинете... Теперь-то Ушава мертв по-настоящему. Сбоку вы заметили лестницу, ведущую наверх. Это явно путь на поверхность!"	"Quest Vulkan.qmm: locations.124.texts.0.text. Preserve every <tag> exactly."	"Quest,Vulkan"	""
"/quests/Vulkan.qmm/locations/125/texts/0/text"	"Пыхтя как древнее транспортное средство под названием ""паравос"", вы прибежали в ангар. Стремительно заскочив в один из плазмолетов, вы пристегнулись и... увидели, что один из блоков на приборной панели вырван!!!"	"Quest Vulkan.qmm: locations.125.texts.0.text. Preserve every <tag> exactly."	"Quest,Vulkan"	""
"/quests/Vulkan.qmm/locations/126/texts/0/text"	"Вы вставили приборчик в дыру, кое-как прикрутили проводки, и... Старт! Моторы взревели, шлюз автоматически открылся, плазмолет понесся вперед."	"Quest Vulkan.qmm: locations.126.texts.0.text. Preserve every <tag> exactly."	"Quest,Vulkan"	"Вы ўставілі прыбор у дзірку, абы-як прыкруцілі драты, і... Старт! Маторы зараўлі, шлюз аўтаматычна адчыніўся, плязмалёт памчаўся наперад."
"/quests/Vulkan.qmm/locations/127/texts/0/text"	"Вы просто пересели на другой плазмолет. Моторы взревели, шлюз автоматически открылся, плазмолет понесся вперед."	"Quest Vulkan.qmm: locations.127.texts.0.text. Preserve every <tag> exactly."	"Quest,Vulkan"	"Вы проста пераселі на іншы плязмалёт. Маторы зараўлі, шлюз аўтаматычна адчыніўся, плязмалёт памчаўся наперад."
"/quests/Vulkan.qmm/locations/128/texts/0/text"	"Плазмолет долго летел по каким-то коридорам, потом просто вылетел из внутренней стены жерла вулкана, вы едва успели повернуть вверх.
Спустя двадцать минут полета вы приземлились в аэропорту планеты <ToPlanet>, оставили плазмолет и поехали к особняку Гашиш-Вама. Там вас быстро пропустили внутрь, и вы поднялись в кабинет миллионера.
- Ну как, задание выполнено? Вы узнали, что там, на этом острове?"	"Quest Vulkan.qmm: locations.128.texts.0.text. Preserve every <tag> exactly."	"Quest,Vulkan"	""
"/quests/Vulkan.qmm/locations/129/texts/0/text"	"- Там оказалась энергостанция Дзухаллага. И командует всем там, по-видимому, мерзкий Ушава. Вернее, командовал, потому что я его убил.
Миллионер покачал головой.
- Жаль, но что поделаешь... Спасибо, вы успокоили меня. Значит, у меня по-прежнему нет серьезных конкурентов в производстве плазматической энергии! 
Похоже, Гашиш-Вама ничуть не смутило известие о том, что он случайно перешел дорогу одной из самых известных спецслужб Галактики.
- Что же касается недоразумения с Дзухаллагом, из этой ситуации можно даже извлечь определенную выгоду, - миллионер прикрыл глаза, задумавшись о чем-то приятном."	"Quest Vulkan.qmm: locations.129.texts.0.text. Preserve every <tag> exactly."	"Quest,Vulkan"	""
"/quests/Vulkan.qmm/locations/132/texts/0/text"	"Вы связали Ушаву и потащили за собой в ангар. Там вы сели в плазмолет, завели все двигатели... А Ушаву швырнули в грузовой отсек."	"Quest Vulkan.qmm: locations.132.texts.0.text. Preserve every <tag> exactly."	"Quest,Vulkan"	"Вы зьвязалі Ушаву і пацягнулі за сабой у ангар. Там вы селі ў плязмалёт, завялі ўсе рухавікі... А Ушаву шпурнулі ў грузавы адсек."
"/quests/Vulkan.qmm/locations/133/texts/0/text"	"Решив, что Ушава вам больше не нужен, вы его пристрелили. Затем вы выбрались через верхний люк, ведущий к ангару, сели в плазмолет и запустили двигатели."	"Quest Vulkan.qmm: locations.133.texts.0.text. Preserve every <tag> exactly."	"Quest,Vulkan"	"Вырашыўшы, што Ушава вам больш не патрэбны, вы яго прыстрэлілі. Затым вы выбраліся праз верхні люк, які вёў да ангара, селі ў плязмалёт і запусьцілі рухавікі."
"/quests/Vulkan.qmm/locations/134/texts/0/text"	"Вы узнали все, что было нужно. Вскоре вы сидели у Гашиш-Вама и рассказывали все, что вам удалось узнать. Выслушав вас, пеленгский миллионер сказал, потирая ладони нижней пары рук:
- Спасибо, вы успокоили меня. Значит, у меня по-прежнему нет серьезных конкурентов в производстве плазматической энергии!
Похоже, Гашиш-Вама ничуть не смутило известие о том, что он случайно перешел дорогу одной из самых известных спецслужб Галактики.
- Что же касается недоразумения с Дзухаллагом, из этой ситуации можно даже извлечь определенную выгоду, - миллионер прикрыл глаза, задумавшись о чем-то приятном."	"Quest Vulkan.qmm: locations.134.texts.0.text. Preserve every <tag> exactly."	"Quest,Vulkan"	""
"/quests/Vulkan.qmm/locations/135/texts/0/text"	"Через двадцать минут вы были уже у особняка Гашиш-Вама. Услышав рев плазмолета, он лично спустился к вам.
- Вы выполнили мое задание, рейнджер? - спросил он, с некоторым удивлением косясь на связанного Ушаву.
- Он расскажет, - кивнули вы на дзухаллаговца.
Когда Ушава закончил рассказ, Гашиш-Вам сказал:
- Благодарю, <Ranger>! Вы поставили точку в этом повествовании. Теперь я спокоен. Значит, у меня по-прежнему нет серьезных конкурентов в производстве плазматической энергии!
- Вы хоть понимаете, что перешли дорогу Дзухаллагу, одной из самых могущественных спецслужб Галактики? Вам не сойдет с рук атака нашей энергостанции! - мрачно пообещал Ушава. - Или вы думаете, никто не докопается до личности заказчика?!
- Не будьте столь пессимистичны. У меня есть что сказать вашему начальству, - хитро прищурился Гашиш-Вам. - Но это мы обсудим позже."	"Quest Vulkan.qmm: locations.135.texts.0.text. Preserve every <tag> exactly."	"Quest,Vulkan"	""
"/quests/Vulkan.qmm/locations/136/texts/0/text"	"Вы достали бластер и выстрелили вождю в лоб. Как он только посмел на вас такое сказать! Остальные аборигены не разделяли вашего мнения. Они с воплями набросились на вас. Одно копье пребольно ударило в ногу, чья-то стрела чуть не пробила спину. Вы закричали от боли и начали скидывать с себя этих ненормальных, рискнувших пойти против вас. Вас окружила плотная толпа дикарей, они тычут в вас своими копьями, а вы только и успеваете, что отбиваться..."	"Quest Vulkan.qmm: locations.136.texts.0.text. Preserve every <tag> exactly."	"Quest,Vulkan"	""
"/quests/Vulkan.qmm/locations/136/texts/1/text"	"Вас окружила плотная толпа дикарей, они тычут в вас своими копьями, а вы только и успеваете, что отбиваться... Надо срочно что-то предпринять!"	"Quest Vulkan.qmm: locations.136.texts.1.text. Preserve every <tag> exactly."	"Quest,Vulkan"	"Вас акружыў шчыльны натоўп дзікуноў, яны тыцкаюць у вас сваімі дзідамі, а вы толькі і пасьпяваеце адбівацца... Трэба тэрмінова нешта зрабіць!"
"/quests/Vulkan.qmm/locations/137/texts/0/text"	"Вы побежали к морю, по пути размозжив головы еще троим дикарям. Увы, на побережье ничего не оказалось! А дикари догнали вас, и начали избивать дубинами и копьями."	"Quest Vulkan.qmm: locations.137.texts.0.text. Preserve every <tag> exactly."	"Quest,Vulkan"	"Вы пабеглі да мора, па дарозе раструшчыўшы галовы яшчэ тром дзікунам. На жаль, на ўзьбярэжжы нічога не аказалася! А дзікуны дагналі вас і пачалі біць дубінамі і дзідамі."
"/quests/Vulkan.qmm/locations/138/texts/0/text"	"Вы, раздавая дикарям могучие удары направо и налево, ринулись к скалам. Хорошо, что вы в комбинезоне, а то простую одежду давно бы продрали эти копья и стрелы!
Взобравшись на скалы, вы упали навзничь. Затем бегло осмотрели деревню. Около четырех десятков дикарей или больше, много деревянных хижин, накрытых шкурами зверей. Неподалеку от скалы стоит огромная клетка с жутким динозавром. Надо как-то отомстить дикарям, но как?"	"Quest Vulkan.qmm: locations.138.texts.0.text. Preserve every <tag> exactly."	"Quest,Vulkan"	""
"/quests/Vulkan.qmm/locations/138/texts/1/text"	"Несколько выстрелов - и дикари валяются в лужах крови. Сейчас вы лежите на скалах, надежно укрывшись от вражеских копий и стрел. Но аборигены скоро догадаются сюда влезть. Что делать?! Вы рассеянно бросили взгляд на десяток пальм и клетку с динозавром посреди деревни, думая о своем."	"Quest Vulkan.qmm: locations.138.texts.1.text. Preserve every <tag> exactly."	"Quest,Vulkan"	""
"/quests/Vulkan.qmm/locations/138/texts/2/text"	"Вы достали рулон туалетной бумаги, украденный у Жлопопса, и подожгли его зажигалкой. Одним взмахом руки вы направили его в ближайшую хижину. Та замечательно загорелась. Огонь перекинулся дальше, потом еще дальше... Через несколько минут уже полыхала вся деревня, а дикари в ужасе метались, не зная, куда деваться."	"Quest Vulkan.qmm: locations.138.texts.2.text. Preserve every <tag> exactly."	"Quest,Vulkan"	""
"/quests/Vulkan.qmm/locations/138/texts/3/text"	"Сейчас вы лежите на скалах, надежно укрывшись от вражеских копий и стрел. Но аборигены скоро догадаются сюда влезть. Что делать?!"	"Quest Vulkan.qmm: locations.138.texts.3.text. Preserve every <tag> exactly."	"Quest,Vulkan"	"Зараз вы ляжыце на скалах, надзейна схаваўшыся ад варожых дзідаў і стрэл. Але абарыгены хутка здагадаюцца сюды залезьці. Што рабіць?!"
"/quests/Vulkan.qmm/locations/138/texts/4/text"	"Сейчас вы лежите на скалах, надежно укрывшись от вражеских копий и стрел. Но аборигены скоро догадаются сюда влезть. Что делать?!"	"Quest Vulkan.qmm: locations.138.texts.4.text. Preserve every <tag> exactly."	"Quest,Vulkan"	"Зараз вы ляжыце на скалах, надзейна схаваўшыся ад варожых дзідаў і стрэл. Але абарыгены хутка здагадаюцца сюды залезьці. Што рабіць?!"
"/quests/Vulkan.qmm/locations/138/texts/5/text"	"Сейчас вы лежите на скалах, надежно укрывшись от вражеских копий и стрел. Но аборигены скоро догадаются сюда влезть. Что делать?!"	"Quest Vulkan.qmm: locations.138.texts.5.text. Preserve every <tag> exactly."	"Quest,Vulkan"	"Зараз вы ляжыце на скалах, надзейна схаваўшыся ад варожых дзідаў і стрэл. Але абарыгены хутка здагадаюцца сюды залезьці. Што рабіць?!"
"/quests/Vulkan.qmm/locations/138/texts/6/text"	"Сейчас вы лежите на скалах, надежно укрывшись от вражеских копий и стрел. Но аборигены скоро догадаются сюда влезть. Что делать?!"	"Quest Vulkan.qmm: locations.138.texts.6.text. Preserve every <tag> exactly."	"Quest,Vulkan"	"Зараз вы ляжыце на скалах, надзейна схаваўшыся ад варожых дзідаў і стрэл. Але абарыгены хутка здагадаюцца сюды залезьці. Што рабіць?!"
"/quests/Vulkan.qmm/locations/141/texts/0/text"	"Один взмах руки - и бутылка летит к клетке. Как удачно! В клетке из толстых прутьев что-то сломалось, дверца открылась, и динозавр выскочил наружу! Некоторое время вы наблюдали за результатами. Прямо как в фильме - динозавр догонял убегавших дикарей, набрасывался, слышались вопли и хруст костей. А динозавр уже бежал за новой жертвой."	"Quest Vulkan.qmm: locations.141.texts.0.text. Preserve every <tag> exactly."	"Quest,Vulkan"	""
"/quests/Vulkan.qmm/locations/142/texts/0/text"	"Зря вы это сделали. Дикари накинулись на вас, а сил сопротивляться не было. Вас пронзили сразу три копья и десяток стрел, так что на землю вы упали уже без чувств. Бесславный конец, не правда ли?"	"Quest Vulkan.qmm: locations.142.texts.0.text. Preserve every <tag> exactly."	"Quest,Vulkan"	"Дарэмна вы гэта зрабілі. Дзікуны накінуліся на вас, а сіл супраціўляцца не было. Вас прабілі адразу тры дзіды і дзясятак стрэл, так што на зямлю вы ўпалі ўжо без прытомнасьці. Бясслаўны канец, ці не праўда?"
"/quests/Vulkan.qmm/locations/143/texts/0/text"	"Вы спрыгнули со скалы на останки дикарей. Динозавр ринулся к вам. Но вас переполняла такая боевая ярость, что вы подхватили с земли оставшееся от какого-то дикаря копье и одним махом пронзили динозавру голову. Тот на долю секунды взревел, грохнулся на землю, немного подергался и затих. 
Что будем делать дальше?"	"Quest Vulkan.qmm: locations.143.texts.0.text. Preserve every <tag> exactly."	"Quest,Vulkan"	""
"/quests/Vulkan.qmm/locations/144/texts/0/text"	"Вы подожгли рулон туалетной бумаги, украденный у Жлопопса... Одним взмахом руки вы направили его в ближайшую хижину. Та замечательно загорелась. Огонь перекинулся дальше, потом еще дальше... Здорово деревня горит, полыхает красным пламенем!"	"Quest Vulkan.qmm: locations.144.texts.0.text. Preserve every <tag> exactly."	"Quest,Vulkan"	""
"/quests/Vulkan.qmm/locations/145/texts/0/text"	"Вы находитесь в горящей деревне дикарей. Все вокруг завалено их останками. Не стоило им переходить вам дорогу!
Остовы жилищ не все одинаковы. Самая широкая - явно была хижиной местного торговца. Она почти догорела, и стоит теперь черная, готовая рассыпаться... Большая двухэтажная - бывшая резиденция вождя (только он мог позволить себе отгрохать такую махину). И еще одна хижина привлекла ваше внимание. Это было жилище местной колдуньи, из него доносится сладкий запах благовоний и трав. Оно находится ближе к берегу, и там же виднеется что-то большое и серое."	"Quest Vulkan.qmm: locations.145.texts.0.text. Preserve every <tag> exactly."	"Quest,Vulkan"	""
"/quests/Vulkan.qmm/locations/145/texts/1/text"	"Вы находитесь посреди горящей деревни. Хижина торговца выпотрошена, у гадалки все обшарено, вождя ограбили, электростанцию сломали... Что бы еще такого интересного сделать? 
Вашу варварскую деятельность прервал неясный гул, идущий прямо с неба. Вы посмотрели вверх... Ого! К деревне спускается плазмолет! Надо срочно что-то предпринять!"	"Quest Vulkan.qmm: locations.145.texts.1.text. Preserve every <tag> exactly."	"Quest,Vulkan"	""
"/quests/Vulkan.qmm/locations/146/texts/0/text"	"Вы находитесь в сгоревшей хижине торговца. Сам торговец лежит на полу, раскинув руки, весь черный и обгорелый. Вряд ли даже генетическая экспертиза теперь определит его личность. В углу валяется почти целый мешок, на полу рядом с трупом - куча золы, на стене хижины три полки с какими-то предметами. А больше тут ничего и нет."	"Quest Vulkan.qmm: locations.146.texts.0.text. Preserve every <tag> exactly."	"Quest,Vulkan"	""
"/quests/Vulkan.qmm/locations/146/texts/1/text"	"В мешке вы нашли маленькую плоскую деревянную карточку. ""Пригодится"", - подумали вы, засовывая ее в карман."	"Quest Vulkan.qmm: locations.146.texts.1.text. Preserve every <tag> exactly."	"Quest,Vulkan"	"У мяшку вы знайшлі маленькую плоскую драўляную картку. «Спатрэбіцца», — падумалі вы, засоўваючы яе ў кішэню."
"/quests/Vulkan.qmm/locations/146/texts/2/text"	"В золе вы ничего не нашли. Да и что вы могли там найти? Уголек для костра?"	"Quest Vulkan.qmm: locations.146.texts.2.text. Preserve every <tag> exactly."	"Quest,Vulkan"	"У попеле вы нічога не знайшлі. Ды і што вы маглі там знайсьці? Вугельчык для вогнішча?"
"/quests/Vulkan.qmm/locations/146/texts/3/text"	"На полках вы нашли 35 патронов к бластеру. Надо же, как повезло."	"Quest Vulkan.qmm: locations.146.texts.3.text. Preserve every <tag> exactly."	"Quest,Vulkan"	"На паліцах вы знайшлі 35 патронаў да блястэра. Трэба ж, як пашанцавала."
"/quests/Vulkan.qmm/locations/146/texts/4/text"	"Осмотрев все углы, в одном из них вы обнаружили массивный несгораемый сундук. Открыв его, вы увидели внутри стеклянную бутылку с непонятной жидкостью. Плеснув несколько капель на тлеющие угли и увидев взметнувшиеся язычки пламени, вы поняли, что это какая-то горючая смесь."	"Quest Vulkan.qmm: locations.146.texts.4.text. Preserve every <tag> exactly."	"Quest,Vulkan"	""
"/quests/Vulkan.qmm/locations/150/texts/0/text"	"Вы находитесь в сгоревшей хижине вождя. Трудно найти здесь что-то, кроме огромного количества золы и углей. Но у дальней стены виднеется нечто, напоминающее сундук, а рядом - лестница на второй этаж. (Как ни странно, она почти не повреждена огнем. Возможно, дело в породе дерева, из которого она изготовлена.)"	"Quest Vulkan.qmm: locations.150.texts.0.text. Preserve every <tag> exactly."	"Quest,Vulkan"	""
"/quests/Vulkan.qmm/locations/150/texts/1/text"	"В сундуке, стоявшем на первом этаже, вы нашли {700} cr! Откуда, интересно, у дикаря галактические кредиты?"	"Quest Vulkan.qmm: locations.150.texts.1.text. Preserve every <tag> exactly."	"Quest,Vulkan"	"У куфры, што стаяў на першым паверсе, вы знайшлі {700} cr! Адкуль, цікава, у дзікуна галяктычныя крэдыты?"
"/quests/Vulkan.qmm/locations/151/texts/0/text"	"На втором этаже, среди догорающих палок и шкур, вы нашли аптечку. Наконец-то можно подлечить раны, нанесенные дикарями!"	"Quest Vulkan.qmm: locations.151.texts.0.text. Preserve every <tag> exactly."	"Quest,Vulkan"	"На другім паверсе, сярод дагарэлых палак і шкур, вы знайшлі аптэчку. Нарэшце можна падлячыць раны, нанесеныя дзікунамі!"
"/quests/Vulkan.qmm/locations/153/texts/0/text"	"Вы пришли на песчаный берег моря. Путь перегораживало массивное серое строение, судя по нарисованным на нем символам ""высокое напряжение"" - явно электростанция. Вы походили вокруг, но так и не сумели понять принцип ее работы. Интересно, зачем дикарям нужна была электроэнергия? Приложив ухо к стене электростанции, вы услышали плеск. Похоже, она полна воды!"	"Quest Vulkan.qmm: locations.153.texts.0.text. Preserve every <tag> exactly."	"Quest,Vulkan"	""
"/quests/Vulkan.qmm/locations/154/texts/0/text"	"Вы взяли бутыль с горючей смесью, открыли. В горлышко сунули сухую травинку, а бутылку поставили у стены электростанции. Зажигалкой подожгли травинку и побежали назад. Буум! Хлипкая металлопластиковая стена треснула по линиям сварки, из широченного пролома под мощным напором хлынула вода. Поток дошел до деревни и погасил огонь в нескольких хижинах."	"Quest Vulkan.qmm: locations.154.texts.0.text. Preserve every <tag> exactly."	"Quest,Vulkan"	""
"/quests/Vulkan.qmm/locations/156/texts/0/text"	"Вы подошли к домику гадалки. Он полыхает так сильно, что в него не войти. Надо как-то погасить огонь, но как?"	"Quest Vulkan.qmm: locations.156.texts.0.text. Preserve every <tag> exactly."	"Quest,Vulkan"	"Вы падышлі да хаткі варажбіткі. Яна палае так моцна, што ў яе не ўвайсьці. Трэба неяк пагасіць агонь, але як?"
"/quests/Vulkan.qmm/locations/156/texts/1/text"	"Вы находитесь в домике гадалки, затопленном водой из электростанции. Тут, правда, почти ничего нет, кроме кучи золы на полу да старого мешка в углу..."	"Quest Vulkan.qmm: locations.156.texts.1.text. Preserve every <tag> exactly."	"Quest,Vulkan"	"Вы знаходзіцеся ў хатцы варажбіткі, залітай вадой з электрастанцыі. Тут, праўда, амаль нічога няма, апроч кучы попелу на падлозе ды старога мяшка ў куце..."
"/quests/Vulkan.qmm/locations/156/texts/2/text"	"Пошарив в нескольких кучках золы, вы обнаружили там синеватый хрустальный шар. Он был такой красивый, и так приятно светился изнутри, что вы не утерпели и забрали его себе."	"Quest Vulkan.qmm: locations.156.texts.2.text. Preserve every <tag> exactly."	"Quest,Vulkan"	"Пашукаўшы ў некалькіх кучках попелу, вы выявілі там сінявы крыштальны шар. Ён быў такі прыгожы і так прыемна сьвяціўся знутры, што вы не ўтрывалі і забралі яго сабе."
"/quests/Vulkan.qmm/locations/156/texts/3/text"	"Увы, мешок оказался полон всякой ерунды, наподобие духов и женских безделушек. Ничего полезного вы там не нашли."	"Quest Vulkan.qmm: locations.156.texts.3.text. Preserve every <tag> exactly."	"Quest,Vulkan"	"На жаль, мяшок аказаўся поўны ўсялякай лухты, накшталт духоў і жаночых дробязяў. Нічога карыснага вы там не знайшлі."
"/quests/Vulkan.qmm/locations/157/texts/0/text"	"Увы, мешок оказался полон всякой ерунды, наподобие духов и женских безделушек. Ничего полезного вы там не нашли."	"Quest Vulkan.qmm: locations.157.texts.0.text. Preserve every <tag> exactly."	"Quest,Vulkan"	"На жаль, мяшок аказаўся поўны ўсялякай лухты, накшталт духоў і жаночых дробязяў. Нічога карыснага вы там не знайшлі."
"/quests/Vulkan.qmm/locations/158/texts/0/text"	"Пошарив в нескольких кучках золы, вы обнаружили там синеватый хрустальный шар. Он был такой красивый, и так приятно светился изнутри, что вы не утерпели и забрали его себе."	"Quest Vulkan.qmm: locations.158.texts.0.text. Preserve every <tag> exactly."	"Quest,Vulkan"	"Пашукаўшы ў некалькіх кучках попелу, вы выявілі там сінявы крыштальны шар. Ён быў такі прыгожы і так прыемна сьвяціўся знутры, што вы не ўтрывалі і забралі яго сабе."
"/quests/Vulkan.qmm/locations/159/texts/0/text"	"Вы подбежали к кустам, растущим у края деревни. К счастью, огонь их не тронул. Затаившись, вы стали наблюдать. 
Вскоре прямо посреди деревни, поднимая тучи сухой пыли и издавая оглушительный гул, сел плазмолет. Компактная модель, двухместный. Явно предназначен для полетов на небольшие расстояния. Только откуда он здесь? 
Одна створка фонаря кабины открылась, и на землю спрыгнул пеленг в летном комбинезоне.
- Ну и что там такое? - донеслось из кабины.
- Деревня горит, вот что, - ответил выпрыгнувший пеленг.
- Это я и так вижу. А кто поджег? - снова спросил второй.
- Да кто его знает, - небрежно ответил первый. - Какой-то супергерой. Вон сколько трупов! Все хижины горят. Или догорают. Электростанцию сломал, это ж надо!
- И что теперь делать-то? Предлагаешь поиски организовать? Так с воздуха мы его мигом биосканером засечем! 
- Ладно, сейчас полетим. Я только по-быстрому к тем кустикам сбегаю. Уж больно мне их ягоды нравятся, наберу себе немного."	"Quest Vulkan.qmm: locations.159.texts.0.text. Preserve every <tag> exactly."	"Quest,Vulkan"	""
"/quests/Vulkan.qmm/locations/160/texts/0/text"	"Вы решили пока не трогать пеленга. Тот подбежал к вашим кустам, и начал срывать растущие на ветках желтые ягоды. Надо действовать!"	"Quest Vulkan.qmm: locations.160.texts.0.text. Preserve every <tag> exactly."	"Quest,Vulkan"	"Вы вырашылі пакуль не чапаць пеленга. Той падбег да вашых кустоў і пачаў зрываць жоўтыя ягады, што расьлі на галінах. Трэба дзейнічаць!"
"/quests/Vulkan.qmm/locations/161/texts/0/text"	"Пеленг набил карманы комбинезона ягодами и побежал к плазмолету. Вам стало жаль, что вы упустили свой шанс. Тем временем любитель перекусить заскочил в кабину, закрыл фонарь. Плазмолет взревел двигателями и взлетел. Через мгновение он был уже лишь едва различимой точкой в небе."	"Quest Vulkan.qmm: locations.161.texts.0.text. Preserve every <tag> exactly."	"Quest,Vulkan"	""
"/quests/Vulkan.qmm/locations/162/texts/0/text"	"Когда пеленг приблизился, вы затащили его в кусты и там свернули ему шею. Он даже пикнуть не успел! Теперь надо поспешить, пока его напарник не заподозрил неладное."	"Quest Vulkan.qmm: locations.162.texts.0.text. Preserve every <tag> exactly."	"Quest,Vulkan"	"Калі пеленг наблізіўся, вы зацягнулі яго ў кусты і там зьвярнулі яму шыю. Ён нават пікнуць не пасьпеў! Цяпер трэба пасьпяшацца, пакуль яго напарнік не западозрыў няладнага."
"/quests/Vulkan.qmm/locations/163/texts/0/text"	"Осторожно приблизившись, вы уверенным движением сломали пеленгу его хрупкую шею. Голова безжизненно повисла, вытаращенный глаз мертво смотрел на вас. Теперь займемся вторым пилотом."	"Quest Vulkan.qmm: locations.163.texts.0.text. Preserve every <tag> exactly."	"Quest,Vulkan"	"Асьцярожна наблізіўшыся, вы ўпэўненым рухам зламалі пеленгу яго крохкую шыю. Галава мёртва павісла, вылупленае вока мёртва глядзела на вас. Цяпер зоймемся другім пілётам."
"/quests/Vulkan.qmm/locations/164/texts/0/text"	"Вы подкрались к плазмолету, как заправский суперагент. С громким криком ""Убью, гад!"" вы заскочили в кабину, направив на пеленга бластер. Тот в ужасе отшатнулся. Вы схватили его за морду и грозно прорычали:
- Сейчас ты поплатишься!
- За что? - пролепетал перепуганный пеленг.
- Ну... Не знаю. За что-нибудь! - ваш бластер зловеще блестел. - Лучше тебе развязать язык, гад, и делать то, что я скажу! Ведь я рейнджер, могу убить тебя... эээ... мучительным образом!
- Я... я... отвечу! Я все сделаю! Только не убивайте! - бедняга был близок к обмороку."	"Quest Vulkan.qmm: locations.164.texts.0.text. Preserve every <tag> exactly."	"Quest,Vulkan"	""
"/quests/Vulkan.qmm/locations/164/texts/1/text"	"- Это не просто база, - казалось, пеленг вот-вот умрет со страху. - Это энергостанция Дзухаллага, работающая на энергии планеты! Мы построили ее совсем недавно, были проблемы с аборигенами... Начальство хотело их уничтожить, но потом все-таки решило помиловать и даже задобрить, построив для них примитивную электростанцию на берегу.
- А я все вмиг разрушил, - ухмыльнулись вы. - А кто руководит всей этой лавочкой?
- Полковник Ушава. Под его контролем энергостанция выпускает необходимое для нужд Дзухаллага количество энергии в виде газоплазменных сгустков.
- Ушава? - вскрикнули вы. - Тот самый, который... 
- Который? - не понял пеленг, с ужасом смотря на вас.
- Да так... Есть тут один знакомый... Ладно... С этой энергостанцией все ясно."	"Quest Vulkan.qmm: locations.164.texts.1.text. Preserve every <tag> exactly."	"Quest,Vulkan"	""
"/quests/Vulkan.qmm/locations/164/texts/2/text"	"- Я - простой пилот, честно! Меня совсем недавно взяли! Я ничего о Дзухаллаге не знаю!
- Точно? - грозно спросили вы.
- Клянусь Верховным Лякушей!"	"Quest Vulkan.qmm: locations.164.texts.2.text. Preserve every <tag> exactly."	"Quest,Vulkan"	"— Я — просты пілёт, сумленна! Мяне зусім нядаўна ўзялі! Я нічога пра Дзухаллага не ведаю!
— Дакладна? — грозна спыталі вы.
— Клянуся Вярхоўным Лякушам!"
"/quests/Vulkan.qmm/locations/164/texts/3/text"	"- Что это за шар, не знаешь? - вы достали синеватый шар из сумки и показали пеленгу. Тот дико заорал в ужасе.
- Это... это... нуль-пространственная бомба! Она может весь этот остров разрушить! Ее отличие от обыкновенных бомб в том, что в момент взрыва все в пределах десяти метров вокруг... не уничтожается! А все за пределами этого радиуса рвется на части, будь это плоть или броня!
- Да? Интересно, что она делала у дикарей?
- Может, они использовали ее для ритуалов? Стоит ее уронить или бросить, как она взорвется! - прошипел пеленг в ужасе."	"Quest Vulkan.qmm: locations.164.texts.3.text. Preserve every <tag> exactly."	"Quest,Vulkan"	""
"/quests/Vulkan.qmm/locations/168/texts/0/text"	"- Ладно, давай лети к вулкану, на эту Дзухаллагскую базу!
- Энергостанцию, - осторожно поправил пеленг.
- Да хоть подгузниковый завод! - рявкнули вы. Пеленг боязливо вжал голову в плечи и начал запускать двигатель.
- А где мой напарник? - тихонько спросил он. Плазмолет оторвался от земли и начал подниматься.
- В кустах валяется со сломанной шеей, - жестоко ухмыльнулись вы. - И если ты сейчас не замолчишь, то последуешь за ним!"	"Quest Vulkan.qmm: locations.168.texts.0.text. Preserve every <tag> exactly."	"Quest,Vulkan"	""
"/quests/Vulkan.qmm/locations/169/texts/0/text"	"Вы подождали немного. Пеленг умело вел летающую машину к энергостанции. Вскоре показалась верхушка вулкана, плазмолет нырнул прямо в жерло. Вы зажмурились от страха, увидев огнедышащую магму внизу. В последний момент плазмолет развернулся и залетел в открывшиеся ворота во внутренней стенке кратера. Впереди показался коридор, освещенный десятками ламп. Плазмолет немного пролетел по нему, сбавляя скорость. В конце открылись круглые ворота шлюза, и вы оказались в ангаре.
- Не гаси двигатель, - попросили вы. - Развернись к выходу, а я сейчас!"	"Quest Vulkan.qmm: locations.169.texts.0.text. Preserve every <tag> exactly."	"Quest,Vulkan"	""
"/quests/Vulkan.qmm/locations/170/texts/0/text"	"Вы высунулись из кабины и швырнули шар-бомбу под плазмолет. С вами ничего не случится, если верить пеленгу... Пеленг оказался прав. Громко хлопнуло, во все стороны пробежала светло-синяя волна. Кстати, неплохо придумали эти пеленги с вулканом! Мало того, что нашли практически вечный источник энергии, так еще и укрылись от чужих взоров, обеспечив себе надежную защиту. Однако и эту защиту можно поломать. Раздался грохот, с потолка посыпались плиты. Вдруг все взорвалось, в глазах заплясали огненные мухи. Жалобно вскрикнул пеленг. Ангар исчез, вместо него появилось месиво из камня и железа, из ворот шлюза начала брызгать лава, все вокруг тряслось. Вулкан шумно вздыхал, своим дыханием пытаясь раздавить убийц. Перед вами разверзся коридор из камня и каких-то синих кристаллов, быстро заполняющийся лавой.
- Лети туда! - срывающимся голосом крикнули вы пилоту. Тот не ответил. Вы повернулись и застыли в ужасе: стальным прутом бедняге проткнуло голову и часть туловища!
Поднапрягшись, вы вытолкнули труп из кабины. Боже, так много индикаторов и переключателей, и так мало компьютеров! Но все же вы умеете водить звездолет, а плазмолет - это очень простой космический корабль. Вы развернули плазмолет носом к проходу в стене. Вулкан шумно вздыхал...
Вы полетели в пролом. Тяжелые плиты отваливались там и тут, брызгала раскаленная лава, стены тоннеля качались, грозя раздавить. О нет, впереди развилка! Надо срочно решать, куда лететь, чтобы как можно меньше повредить плазмолет!"	"Quest Vulkan.qmm: locations.170.texts.0.text. Preserve every <tag> exactly."	"Quest,Vulkan"	""
"/quests/Vulkan.qmm/locations/171/texts/0/text"	"Каменные глыбы лопались с треском прямо перед стеклом. Вы старательно маневрировали, но то и дело вляпывались крыльями в лаву. Наконец коридоры вновь соединились. Но недолго вы летели прямо. Вновь появилась развилка! Куда же рискнем лететь? Вниз или вверх?"	"Quest Vulkan.qmm: locations.171.texts.0.text. Preserve every <tag> exactly."	"Quest,Vulkan"	""
"/quests/Vulkan.qmm/locations/172/texts/0/text"	"Боже! У вас сердце начало выпрыгивать из груди. Теперь впереди тройная развилка! Надо срочно решать: налево, направо или же прямо?!"	"Quest Vulkan.qmm: locations.172.texts.0.text. Preserve every <tag> exactly."	"Quest,Vulkan"	"Божа! У вас сэрца пачало выскокваць з грудзей. Цяпер наперадзе трайное разгалінаваньне! Трэба тэрмінова вырашаць: налева, направа ці проста?!"
"/quests/Vulkan.qmm/locations/173/texts/0/text"	"Ну когда же этот коридор кончится?! И эти развилки?! Куда на этот раз: вниз, где плещутся волны магмы, или вверх, где сухо трещит камень?!"	"Quest Vulkan.qmm: locations.173.texts.0.text. Preserve every <tag> exactly."	"Quest,Vulkan"	"Ну калі ж гэты калідор скончыцца?! І гэтыя разгалінаваньні?! Куды гэтым разам: уніз, дзе хвалюецца магма, ці ўверх, дзе суха трашчыць камень?!"
"/quests/Vulkan.qmm/locations/174/texts/0/text"	"Так... И эта развилка позади... Но плазмолет уже трещит по швам. Господи, вот бы это поскорее кончилось... Налево или направо?"	"Quest Vulkan.qmm: locations.174.texts.0.text. Preserve every <tag> exactly."	"Quest,Vulkan"	"Так... І гэтае разгалінаваньне ззаду... Але плязмалёт ужо трашчыць па швах. Божа, каб гэта хутчэй скончылася... Налева ці направа?"
"/quests/Vulkan.qmm/locations/175/texts/0/text"	"Вулкан трясся и шумно вздыхал. Вам даже стало жаль эту исполинскую гору, умирающую в судорогах... Но что это?! Тоннель становится все уже и уже! Вы повернули вверх, и тут вам в глаза ударил лучик света с голубого неба!!!"	"Quest Vulkan.qmm: locations.175.texts.0.text. Preserve every <tag> exactly."	"Quest,Vulkan"	""
"/quests/Vulkan.qmm/locations/176/texts/0/text"	"Плазмолет, треща по швам как рассохшаяся лодка, выскочил из щели в каменной плите острова. Вы глянули на экран компьютера. Внизу поднимался гриб из пыли и пламени. Вулкан медленно оседал... Вдруг он вздулся изнутри, будто гигантский каменный пузырь - и с грохотом лопнул! Черные клубы дыма поглотили остров и начали вздыматься к небу. Вокруг засвистели каменные глыбы. Одна из них попала в плазмолет, сильно ударив по корпусу. Вы выругались: вот незадача - уже спаслись из такого ада, что мурашки по коже, и тут вдруг... Плазмолет начал медленно терять высоту."	"Quest Vulkan.qmm: locations.176.texts.0.text. Preserve every <tag> exactly."	"Quest,Vulkan"	""
"/quests/Vulkan.qmm/locations/177/texts/0/text"	"Послав сигнал SOS в эфир, вы катапультировались. Увы, в падении вы растеряли все свои вещи. С другой стороны, вряд ли они вам потом еще понадобятся. 
Волны несколько часов пинали вашу маленькую надувную лодочку. Однако в конце концов вы увидели вдалеке корабль! Вы начали прыгать, кричать и махать руками, чтобы вас заметили, и это у вас получилось. Вскоре, когда корабль проплывал неподалеку, пеленги спустили маленькую шлюпку, на которой вас и переправили на судно."	"Quest Vulkan.qmm: locations.177.texts.0.text. Preserve every <tag> exactly."	"Quest,Vulkan"	""
"/quests/Vulkan.qmm/locations/178/texts/0/text"	"Вас доставили прямо в каюту капитана. Он задумчиво смотрел через красивый треугольный иллюминатор на море, где совсем недавно красовался остров с вулканом. Затем обернулся к вам и спросил без предисловий:
- Кто ты?"	"Quest Vulkan.qmm: locations.178.texts.0.text. Preserve every <tag> exactly."	"Quest,Vulkan"	""
"/quests/Vulkan.qmm/locations/179/texts/0/text"	"- Ах, рейнджер... Уничтожил энергостанцию Дзухаллага... Ну, ты за это поплатишься! Ты находишься на корабле Всегалактической Шпионской пеленгской Службы Дзухаллаг! Ребята, измордуйте его хорошенько, а потом бросьте на корм рыбам!
Матросы сделали все, как приказал капитан. Через пятнадцать минут вас уже кушали многочисленные хищные подводные твари планеты <ToPlanet>."	"Quest Vulkan.qmm: locations.179.texts.0.text. Preserve every <tag> exactly."	"Quest,Vulkan"	""
"/quests/Vulkan.qmm/locations/180/texts/0/text"	"- Ну не надо рыдать, - капитану стало вас жаль. - Мы идем в столицу, добросим тебя туда как-нибудь. Через пару часиков будешь на суше.
И правда, не прошло и двух часов, как вы, поблагодарив пеленга-капитана, сошли на берег в главном порту столицы планеты <ToPlanet>. Осталось только съездить к Гашиш-Ваму и сказать, что все в порядке...
Когда вы приехали, вас встретил дворецкий гаалец. Он сперва не узнал в обгоревшем и сильно израненном существе рейнджера, которого Гашиш-Вам взял на работу. Однако после недолгих убеждений все же поверил и позвал пеленга.
Через пять минут вы сидели с коммерсантом в его ресторанчике и уплетали пеленгскую еду за обе щеки. Пусть она и напоминает водоросли, но хотя бы съедобная!
- Так что, говорите, там было? - спросил пеленг.
- Дзухаллагская энергостанция, - с охотой ответили вы. - Но теперь там ничего нет, только волны океана...
- Хм. Я вас просил разведать, а не отправлять остров в пучину моря. Дикарей жаль.
- Жаль?! Да они меня чуть на тот свет не отправили!
- Ладно, ладно... Вы выполнили задание, теперь я могу быть спокоен насчет этой проблемы.
- А за вредность мне ничего не полагается?
- Раз уж вы рисковали жизнью... Добавлю вам {1000} cr наличными. Но не больше. А теперь уходите!
- Подождите, у меня есть к вам пара вопросов...
- Скорее! - потребовал Гашиш-Вам."	"Quest Vulkan.qmm: locations.180.texts.0.text. Preserve every <tag> exactly."	"Quest,Vulkan"	""
"/quests/Vulkan.qmm/locations/181/texts/0/text"	"А зачем? Правда, вы умерли еще в воздухе - от ужаса... Но все равно, если бы у вас был шанс повернуть все вспять, вы бы наверняка нашли какой-нибудь другой способ спуститься..."	"Quest Vulkan.qmm: locations.181.texts.0.text. Preserve every <tag> exactly."	"Quest,Vulkan"	"А навошта? Праўда, вы памерлі яшчэ ў паветры — ад жаху... Але ўсё адно, калі б у вас быў шанец павярнуць усё назад, вы б напэўна знайшлі які-небудзь іншы спосаб спусьціцца..."
"/quests/Vulkan.qmm/locations/182/texts/0/text"	"- Потому что именно такая доставка не вызовет подозрений у конкурента. Если его защитные системы засекут, что к острову подплыла субмарина, или на него сбросил десант пролетающий самолет, вы не дойдете даже до вулкана. А так они подумают, что вы просто потерпели крушение, и за вас опасаться нечего, ведь вы наверняка попадете в лапы каннибалов-дикарей.
- Каких дикарей?! - вскричали вы.
- Не бойтесь, они не всегда каннибалы: если другой еды нет, только тогда... Ну, вы согласны?"	"Quest Vulkan.qmm: locations.182.texts.0.text. Preserve every <tag> exactly."	"Quest,Vulkan"	""
"/quests/Vulkan.qmm/locations/183/texts/0/text"	"- Понимаете, - начал терпеливо объяснять вам пеленг, - любая организация нуждается в каких-либо ресурсах. Особенно такая крупная, как Дзухаллаг. Для обеспечения энергией своих спутников и техники ему невыгодно закупать энергию у каких-либо частных лиц - всегда, когда это возможно, Дзухаллаг предпочитает оставаться в тени, даже на пеленгских планетах. А энергия... Он же ее не продает, в конце-то концов!
- А почему тогда энергостанция секретная? - спросили вы. - Ведь это же пеленгская планета, Дзухаллагу тут нечего опасаться!
- В любом случае Дзухаллаг не собирается открыто кричать о своей деятельности и своих тайных заводах и энергостанциях - это же секретная разведка!"	"Quest Vulkan.qmm: locations.183.texts.0.text. Preserve every <tag> exactly."	"Quest,Vulkan"	""
"/quests/Vulkan.qmm/locations/184/texts/0/text"	"Гашиш-Вам помрачнел.
- Я не могу выплатить гонорар вам здесь. На нашей планете строго запрещены какие-либо денежные расчеты с непеленгами. Только правительственные структуры могут проводить с ними торговые, банковские и прочие финансовые операции. Нарушивший это правило попадает за решетку, а тот, на кого пало подобное подозрение, никогда из-под него не выйдет. У нас ""закрытая"" планета, непеленгов не любят. Я перечислю ваш гонорар правительству <FromPlanet>, там вы его и заберете.
Вы выполнили мое поручение, но если о вашем приключении узнает наше правительство, вам несдобровать! Так что поторопитесь, и удачи вам."	"Quest Vulkan.qmm: locations.184.texts.0.text. Preserve every <tag> exactly."	"Quest,Vulkan"	""
"/quests/Vulkan.qmm/locations/185/texts/0/text"	"- Понимаете, - начал терпеливо объяснять вам пеленг, - любая организация нуждается в каких-либо ресурсах. Особенно такая крупная, как Дзухаллаг. Для обеспечения энергией своих спутников и техники ему невыгодно закупать энергию у каких-либо частных лиц - всегда, когда это возможно, Дзухаллаг предпочитает оставаться в тени, даже на пеленгских планетах. А энергия... Он же ее не продает, в конце-то концов!
- А почему тогда энергостанция секретная? - спросили вы. - Ведь это же пеленгская планета, Дзухаллагу тут нечего опасаться!
- В любом случае Дзухаллаг не собирается открыто кричать о своей деятельности и своих тайных заводах и энергостанциях - это же секретная разведка!"	"Quest Vulkan.qmm: locations.185.texts.0.text. Preserve every <tag> exactly."	"Quest,Vulkan"	""
"/quests/Vulkan.qmm/locations/186/texts/0/text"	"Гашиш-Вам помрачнел.
- Я не могу выплатить гонорар вам здесь. На нашей планете строго запрещены какие-либо денежные расчеты с непеленгами. Только правительственные структуры могут проводить с ними торговые, банковские и прочие финансовые операции. Нарушивший это правило попадает за решетку, а тот, на кого пало подобное подозрение, никогда из-под него не выйдет. У нас ""закрытая"" планета, непеленгов не любят. Я перечислю ваш гонорар правительству <FromPlanet>, там вы его и заберете.
Вы выполнили мое поручение, но если о вашем приключении узнает наше правительство, вам несдобровать! Так что поторопитесь, и удачи вам."	"Quest Vulkan.qmm: locations.186.texts.0.text. Preserve every <tag> exactly."	"Quest,Vulkan"	""
"/quests/Vulkan.qmm/locations/187/texts/0/text"	"- Понимаете, - начал терпеливо объяснять вам пеленг, - любая организация нуждается в каких-либо ресурсах. Особенно такая крупная, как Дзухаллаг. Для обеспечения энергией своих спутников и техники ему невыгодно закупать энергию у каких-либо частных лиц - всегда, когда это возможно, Дзухаллаг предпочитает оставаться в тени, даже на пеленгских планетах. А энергия... Он же ее не продает, в конце-то концов!
- А почему тогда энергостанция секретная? - спросили вы. - Ведь это же пеленгская планета, Дзухаллагу тут нечего опасаться!
- В любом случае Дзухаллаг не собирается открыто кричать о своей деятельности и своих тайных заводах и энергостанциях - это же секретная разведка!"	"Quest Vulkan.qmm: locations.187.texts.0.text. Preserve every <tag> exactly."	"Quest,Vulkan"	""
"/quests/Vulkan.qmm/locations/188/texts/0/text"	"Гашиш-Вам помрачнел.
- Я не могу выплатить гонорар вам здесь. На нашей планете строго запрещены какие-либо денежные расчеты с непеленгами. Только правительственные структуры могут проводить с ними торговые, банковские и прочие финансовые операции. Нарушивший это правило попадает за решетку, а тот, на кого пало подобное подозрение, никогда из-под него не выйдет. У нас ""закрытая"" планета, непеленгов не любят. Я перечислю ваш гонорар правительству <FromPlanet>, там вы его и заберете.
Вы выполнили мое поручение, но если о вашем приключении узнает наше правительство, вам несдобровать! Так что поторопитесь, и удачи вам."	"Quest Vulkan.qmm: locations.188.texts.0.text. Preserve every <tag> exactly."	"Quest,Vulkan"	""
"/quests/Vulkan.qmm/locations/189/texts/0/text"	"- Понимаете, - начал терпеливо объяснять вам пеленг, - любая организация нуждается в каких-либо ресурсах. Особенно такая крупная, как Дзухаллаг. Для обеспечения энергией своих спутников и техники ему невыгодно закупать энергию у каких-либо частных лиц - всегда, когда это возможно, Дзухаллаг предпочитает оставаться в тени, даже на пеленгских планетах. А энергия... Он же ее не продает, в конце-то концов!
- А почему тогда энергостанция секретная? - спросили вы. - Ведь это же пеленгская планета, Дзухаллагу тут нечего опасаться!
- В любом случае Дзухаллаг не собирается открыто кричать о своей деятельности и своих тайных заводах и энергостанциях - это же секретная разведка!"	"Quest Vulkan.qmm: locations.189.texts.0.text. Preserve every <tag> exactly."	"Quest,Vulkan"	""
"/quests/Vulkan.qmm/locations/190/texts/0/text"	"Гашиш-Вам помрачнел.
- Я не могу выплатить гонорар вам здесь. На нашей планете строго запрещены какие-либо денежные расчеты с непеленгами. Только правительственные структуры могут проводить с ними торговые, банковские и прочие финансовые операции. Нарушивший это правило попадает за решетку, а тот, на кого пало подобное подозрение, никогда из-под него не выйдет. У нас ""закрытая"" планета, непеленгов не любят. Я выпишу вам вексель и перечислю ваш гонорар правительству <FromPlanet>, там вы его и заберете по предъявлении платежного поручения.
- Но вы же дали мне...
- Наличные расчеты не в счет. Но выдавать вам весь ваш гонорар бумажками - слишком опасно для вас. Грабители там, или воры... Да и если я буду снимать крупную сумму наличными, то ко мне тоже могут начать присматриваться: у нас подобное не принято. Вы выполнили мое поручение, но если о вашем приключении узнает наше правительство, вам несдобровать! Так что поторопитесь, и удачи вам."	"Quest Vulkan.qmm: locations.190.texts.0.text. Preserve every <tag> exactly."	"Quest,Vulkan"	""
"/quests/Vulkan.qmm/locations/191/texts/0/text"	"Проверив свои боеприпасы, вы поняли, что вам не справиться. Вы подняли руки вверх, всем своим видом показывая, что сдаетесь. Но охранники, не обращая на это внимания, сделали несколько точных выстрелов. От полученных ран вы быстро скончались на месте."	"Quest Vulkan.qmm: locations.191.texts.0.text. Preserve every <tag> exactly."	"Quest,Vulkan"	""
"/quests/Vulkan.qmm/locations/192/texts/0/text"	"Вы решили, что поджигать деревню неэкономно, и поэтому сразу отправились туда - пошарить по хижинам бедных каннибалов. Однако сюда начали сбегаться дикие животные, представители местной фауны, весьма жуткие твари. Очевидно, их привлек запах крови. Среди них вы заметили нескольких динозавров, точно таких же, как тот, которого вы только что убили. Однако сил на новую драку у вас уже не остается. Перед вами выбор: поджечь деревню, чтобы пламенем отпугнуть зверей, либо потихоньку выбраться и пойти в лес, подальше отсюда."	"Quest Vulkan.qmm: locations.192.texts.0.text. Preserve every <tag> exactly."	"Quest,Vulkan"	""
"/quests/Vulkan.qmm/locations/193/texts/0/text"	"Точным ударом рукоятью бластера вы оглушили Ушаву и потащили за собой в ангар. Там вы сели в плазмолет, запустили двигатель, а Ушаву швырнули в грузовой отсек."	"Quest Vulkan.qmm: locations.193.texts.0.text. Preserve every <tag> exactly."	"Quest,Vulkan"	"Дакладным ударам дзяржальнам блястэра вы аглушылі Ушаву і пацягнулі за сабой у ангар. Там вы селі ў плязмалёт, запусьцілі рухавік, а Ушаву шпурнулі ў грузавы адсек."
"/quests/Vulkan.qmm/jumps/0/text"	"Хорошо, я согласен!"	"Quest Vulkan.qmm: jumps.0.text. Preserve every <tag> exactly."	"Quest,Vulkan"	"Добра, я згодны!"
"/quests/Vulkan.qmm/jumps/0/description"	"Вы вышли из лимузина, вежливо попрощавшись с Гашиш-Вамом. По коридору, ведущему в самолет, вы прошли прямо в салон. Там уже сидели и перекидывались в картишки пассажиры, о которых вам рассказал миллионер. Вы тоже сели в кресло и пристегнулись, как посоветовал женский голос из динамика. Взревели моторы, самолет все быстрее катился по взлетной полосе. Вас немного вдавило в кресло - машина начала набор высоты."	"Quest Vulkan.qmm: jumps.0.description. Preserve every <tag> exactly."	"Quest,Vulkan"	"Вы выйшлі з лімузіна, ветліва разьвітаўшыся з Гашыш-Вамам. Па калідоры, што вёў у самалёт, вы прайшлі проста ў салён. Там ужо сядзелі і перакідваліся ў карткі пасажыры, пра якіх вам расказаў мультымільянэр. Вы таксама селі ў крэсла і прышпіліліся, як параіў жаночы голас з дынаміка. Зараўлі маторы, самалёт усё хутчэй каціўся па ўзьлётнай паласе. Вас крыху ўціснула ў крэсла — машына пачала набіраць вышыню."
"/quests/Vulkan.qmm/jumps/1/text"	"Поговорить с пассажирами"	"Quest Vulkan.qmm: jumps.1.text. Preserve every <tag> exactly."	"Quest,Vulkan"	"Пагаварыць з пасажырамі"
"/quests/Vulkan.qmm/jumps/2/text"	"Отстать от пассажиров"	"Quest Vulkan.qmm: jumps.2.text. Preserve every <tag> exactly."	"Quest,Vulkan"	"Адчапіцца ад пасажыраў"
"/quests/Vulkan.qmm/jumps/3/text"	"Уйти из салона и полазить по вещам пассажиров"	"Quest Vulkan.qmm: jumps.3.text. Preserve every <tag> exactly."	"Quest,Vulkan"	"Сысьці з салёну і пакапацца ў рэчах пасажыраў"
"/quests/Vulkan.qmm/jumps/4/text"	"Вернуться в салон"	"Quest Vulkan.qmm: jumps.4.text. Preserve every <tag> exactly."	"Quest,Vulkan"	"Вярнуцца ў салён"
"/quests/Vulkan.qmm/jumps/5/text"	"Залезть в пакет бизнесмена"	"Quest Vulkan.qmm: jumps.5.text. Preserve every <tag> exactly."	"Quest,Vulkan"	"Залезьці ў пакет бізнэсмэна"
"/quests/Vulkan.qmm/jumps/7/text"	"Залезть в рюкзак ученого"	"Quest Vulkan.qmm: jumps.7.text. Preserve every <tag> exactly."	"Quest,Vulkan"	"Залезьці ў заплечнік навукоўца"
"/quests/Vulkan.qmm/jumps/9/text"	"Залезть в кейс военного"	"Quest Vulkan.qmm: jumps.9.text. Preserve every <tag> exactly."	"Quest,Vulkan"	"Залезьці ў кэйс вайскоўца"
"/quests/Vulkan.qmm/jumps/11/text"	"Поговорить с гаальцем"	"Quest Vulkan.qmm: jumps.11.text. Preserve every <tag> exactly."	"Quest,Vulkan"	"Пагаварыць з гаальцам"
"/quests/Vulkan.qmm/jumps/13/text"	"Поговорить с толстяком"	"Quest Vulkan.qmm: jumps.13.text. Preserve every <tag> exactly."	"Quest,Vulkan"	"Пагаварыць з тоўстым"
"/quests/Vulkan.qmm/jumps/15/text"	"Поговорить с пеленгом"	"Quest Vulkan.qmm: jumps.15.text. Preserve every <tag> exactly."	"Quest,Vulkan"	"Пагаварыць з пеленгам"
"/quests/Vulkan.qmm/jumps/17/text"	"Сходить в кабину пилотов"	"Quest Vulkan.qmm: jumps.17.text. Preserve every <tag> exactly."	"Quest,Vulkan"	"Схадзіць у кабіну пілётаў"
"/quests/Vulkan.qmm/jumps/18/text"	"Выйти из кабины пилотов в салон"	"Quest Vulkan.qmm: jumps.18.text. Preserve every <tag> exactly."	"Quest,Vulkan"	"Выйсьці з кабіны пілётаў у салён"
"/quests/Vulkan.qmm/jumps/19/text"	"Поинтересоваться: ""Ребята, а вы водку продаете?"""	"Quest Vulkan.qmm: jumps.19.text. Preserve every <tag> exactly."	"Quest,Vulkan"	"Пацікавіцца: ""Хлопцы, а вы гарэлку прадаяце?"""
"/quests/Vulkan.qmm/jumps/20/text"	"Давайте! Вот деньги. Мне водка пригодится!"	"Quest Vulkan.qmm: jumps.20.text. Preserve every <tag> exactly."	"Quest,Vulkan"	"Давайце! Вось грошы. Мне гарэлка спатрэбіцца!"
"/quests/Vulkan.qmm/jumps/21/text"	"Ну, ребят, это дорого..."	"Quest Vulkan.qmm: jumps.21.text. Preserve every <tag> exactly."	"Quest,Vulkan"	"Ну, хлопцы, гэта дорага..."
"/quests/Vulkan.qmm/jumps/22/text"	"Оторвать с панели управления какой-нибудь приборчик"	"Quest Vulkan.qmm: jumps.22.text. Preserve every <tag> exactly."	"Quest,Vulkan"	"Адарваць з панэлі кіраваньня які-небудзь прыбор"
"/quests/Vulkan.qmm/jumps/24/text"	"Нет, не согласен!"	"Quest Vulkan.qmm: jumps.24.text. Preserve every <tag> exactly."	"Quest,Vulkan"	"Не, не згодны!"
"/quests/Vulkan.qmm/jumps/25/text"	"Сходить в туалет"	"Quest Vulkan.qmm: jumps.25.text. Preserve every <tag> exactly."	"Quest,Vulkan"	"Схадзіць у туалет"
"/quests/Vulkan.qmm/jumps/26/text"	"Полазить по первому шкафу"	"Quest Vulkan.qmm: jumps.26.text. Preserve every <tag> exactly."	"Quest,Vulkan"	"Пакапацца ў першай шафе"
"/quests/Vulkan.qmm/jumps/28/text"	"Уйти из туалета в салон"	"Quest Vulkan.qmm: jumps.28.text. Preserve every <tag> exactly."	"Quest,Vulkan"	"Сысьці з туалета ў салён"
"/quests/Vulkan.qmm/jumps/29/text"	"Осмотреть оранжевый ранец"	"Quest Vulkan.qmm: jumps.29.text. Preserve every <tag> exactly."	"Quest,Vulkan"	"Агледзець аранжавы ранец"
"/quests/Vulkan.qmm/jumps/31/text"	"Пошарить по полкам"	"Quest Vulkan.qmm: jumps.31.text. Preserve every <tag> exactly."	"Quest,Vulkan"	"Пашукаць па паліцах"
"/quests/Vulkan.qmm/jumps/33/text"	"Посидеть немножко и подождать"	"Quest Vulkan.qmm: jumps.33.text. Preserve every <tag> exactly."	"Quest,Vulkan"	"Пасядзець крыху і пачакаць"
"/quests/Vulkan.qmm/jumps/34/text"	"Бежать к выходу"	"Quest Vulkan.qmm: jumps.34.text. Preserve every <tag> exactly."	"Quest,Vulkan"	"Бегчы да выхаду"
"/quests/Vulkan.qmm/jumps/35/text"	"Заорать на бизнесмена и спрыгнуть"	"Quest Vulkan.qmm: jumps.35.text. Preserve every <tag> exactly."	"Quest,Vulkan"	"Закрычаць на бізнэсмэна і скочыць"
"/quests/Vulkan.qmm/jumps/36/text"	"Столкнуть Жлопопса и лететь на нем"	"Quest Vulkan.qmm: jumps.36.text. Preserve every <tag> exactly."	"Quest,Vulkan"	"Штурхнуць Жлопопса і ляцець на ім"
"/quests/Vulkan.qmm/jumps/37/text"	"Встать и оглядеться"	"Quest Vulkan.qmm: jumps.37.text. Preserve every <tag> exactly."	"Quest,Vulkan"	"Устаць і агледзецца"
"/quests/Vulkan.qmm/jumps/38/text"	"Встать и оглядеться"	"Quest Vulkan.qmm: jumps.38.text. Preserve every <tag> exactly."	"Quest,Vulkan"	"Устаць і агледзецца"
"/quests/Vulkan.qmm/jumps/39/text"	"Разбить лагерь"	"Quest Vulkan.qmm: jumps.39.text. Preserve every <tag> exactly."	"Quest,Vulkan"	"Разьбіць лягер"
"/quests/Vulkan.qmm/jumps/40/text"	"Лечь поспать"	"Quest Vulkan.qmm: jumps.40.text. Preserve every <tag> exactly."	"Quest,Vulkan"	"Легчы паспаць"
"/quests/Vulkan.qmm/jumps/41/text"	"Выйти из палатки"	"Quest Vulkan.qmm: jumps.41.text. Preserve every <tag> exactly."	"Quest,Vulkan"	"Выйсьці з палаткі"
"/quests/Vulkan.qmm/jumps/42/text"	"Оглядеться"	"Quest Vulkan.qmm: jumps.42.text. Preserve every <tag> exactly."	"Quest,Vulkan"	"Агледзецца"
"/quests/Vulkan.qmm/jumps/44/text"	"Идти в рощу"	"Quest Vulkan.qmm: jumps.44.text. Preserve every <tag> exactly."	"Quest,Vulkan"	"Ісьці ў гай"
"/quests/Vulkan.qmm/jumps/45/text"	"Осмотреть скелет внимательно"	"Quest Vulkan.qmm: jumps.45.text. Preserve every <tag> exactly."	"Quest,Vulkan"	"Агледзець шкілет уважліва"
"/quests/Vulkan.qmm/jumps/46/text"	"Бегом отсюда!!! Прочь из страшной местности!!!"	"Quest Vulkan.qmm: jumps.46.text. Preserve every <tag> exactly."	"Quest,Vulkan"	"Бегам адсюль!!! Прэч са страшнай мясцовасьці!!!"
"/quests/Vulkan.qmm/jumps/47/text"	"Вернуться в лагерь"	"Quest Vulkan.qmm: jumps.47.text. Preserve every <tag> exactly."	"Quest,Vulkan"	"Вярнуцца ў лягер"
"/quests/Vulkan.qmm/jumps/48/text"	"Уходить из этой местности поскорее"	"Quest Vulkan.qmm: jumps.48.text. Preserve every <tag> exactly."	"Quest,Vulkan"	"Сыходзіць з гэтай мясцовасьці хутчэй"
"/quests/Vulkan.qmm/jumps/49/text"	"Уходить из этой местности поскорее"	"Quest Vulkan.qmm: jumps.49.text. Preserve every <tag> exactly."	"Quest,Vulkan"	"Сыходзіць з гэтай мясцовасьці хутчэй"
"/quests/Vulkan.qmm/jumps/50/text"	"Отправиться за гаальцем и пеленгом"	"Quest Vulkan.qmm: jumps.50.text. Preserve every <tag> exactly."	"Quest,Vulkan"	"Адправіцца за гаальцам і пеленгам"
"/quests/Vulkan.qmm/jumps/51/text"	"Вернуться в лагерь"	"Quest Vulkan.qmm: jumps.51.text. Preserve every <tag> exactly."	"Quest,Vulkan"	"Вярнуцца ў лягер"
"/quests/Vulkan.qmm/jumps/52/text"	"Отправиться за Жлопопсом"	"Quest Vulkan.qmm: jumps.52.text. Preserve every <tag> exactly."	"Quest,Vulkan"	"Адправіцца за Жлопопсам"
"/quests/Vulkan.qmm/jumps/53/text"	"Расстрелять в упор"	"Quest Vulkan.qmm: jumps.53.text. Preserve every <tag> exactly."	"Quest,Vulkan"	"Расстраляць зблізку"
"/quests/Vulkan.qmm/jumps/54/text"	"Спрятаться за деревом и отстреливаться оттуда"	"Quest Vulkan.qmm: jumps.54.text. Preserve every <tag> exactly."	"Quest,Vulkan"	"Схавацца за дрэвам і адстрэльвацца адтуль"
"/quests/Vulkan.qmm/jumps/55/text"	"Бежать в лагерь"	"Quest Vulkan.qmm: jumps.55.text. Preserve every <tag> exactly."	"Quest,Vulkan"	"Бегчы ў лягер"
"/quests/Vulkan.qmm/jumps/56/text"	"Удирать отсюда!!!"	"Quest Vulkan.qmm: jumps.56.text. Preserve every <tag> exactly."	"Quest,Vulkan"	"Уцякаць адсюль!!!"
"/quests/Vulkan.qmm/jumps/57/text"	"Посидеть и подождать"	"Quest Vulkan.qmm: jumps.57.text. Preserve every <tag> exactly."	"Quest,Vulkan"	"Пасядзець і пачакаць"
"/quests/Vulkan.qmm/jumps/58/text"	"Броситься наутек"	"Quest Vulkan.qmm: jumps.58.text. Preserve every <tag> exactly."	"Quest,Vulkan"	"Кінуцца наўцёкі"
"/quests/Vulkan.qmm/jumps/59/text"	"Расстрелять его из бластера"	"Quest Vulkan.qmm: jumps.59.text. Preserve every <tag> exactly."	"Quest,Vulkan"	"Расстраляць яго з блястэра"
"/quests/Vulkan.qmm/jumps/61/text"	"Идти по бережку"	"Quest Vulkan.qmm: jumps.61.text. Preserve every <tag> exactly."	"Quest,Vulkan"	"Ісьці па беражку"
"/quests/Vulkan.qmm/jumps/62/text"	"Идти в деревеньку"	"Quest Vulkan.qmm: jumps.62.text. Preserve every <tag> exactly."	"Quest,Vulkan"	"Ісьці ў вёсачку"
"/quests/Vulkan.qmm/jumps/63/text"	"Идти напрямик через деревню"	"Quest Vulkan.qmm: jumps.63.text. Preserve every <tag> exactly."	"Quest,Vulkan"	"Ісьці наўпрост праз вёску"
"/quests/Vulkan.qmm/jumps/64/text"	"Сказать ""Нихренантес"", повесить бусы вождю на шею и поклониться"	"Quest Vulkan.qmm: jumps.64.text. Preserve every <tag> exactly."	"Quest,Vulkan"	"Сказаць ""Нихренантес"", павесіць пацеркі правадыру на шыю і пакланіцца"
"/quests/Vulkan.qmm/jumps/65/text"	"Идти в деревеньку аборигенов"	"Quest Vulkan.qmm: jumps.65.text. Preserve every <tag> exactly."	"Quest,Vulkan"	"Ісьці ў вёсачку абарыгенаў"
"/quests/Vulkan.qmm/jumps/66/text"	"Посмотреть на динозавра"	"Quest Vulkan.qmm: jumps.66.text. Preserve every <tag> exactly."	"Quest,Vulkan"	"Паглядзець на дыназаўра"
"/quests/Vulkan.qmm/jumps/67/text"	"Отойти от динозавра"	"Quest Vulkan.qmm: jumps.67.text. Preserve every <tag> exactly."	"Quest,Vulkan"	"Адысьці ад дыназаўра"
"/quests/Vulkan.qmm/jumps/68/text"	"Слазить на ближайшие скалы"	"Quest Vulkan.qmm: jumps.68.text. Preserve every <tag> exactly."	"Quest,Vulkan"	"Залезьці на найбліжэйшыя скалы"
"/quests/Vulkan.qmm/jumps/69/text"	"Слезть и идти в деревеньку"	"Quest Vulkan.qmm: jumps.69.text. Preserve every <tag> exactly."	"Quest,Vulkan"	"Зьлезьці і ісьці ў вёсачку"
"/quests/Vulkan.qmm/jumps/70/text"	"Идти в хижину торговца"	"Quest Vulkan.qmm: jumps.70.text. Preserve every <tag> exactly."	"Quest,Vulkan"	"Ісьці ў хаціну гандляра"
"/quests/Vulkan.qmm/jumps/71/text"	"Купить аптечку"	"Quest Vulkan.qmm: jumps.71.text. Preserve every <tag> exactly."	"Quest,Vulkan"	"Купіць аптэчку"
"/quests/Vulkan.qmm/jumps/72/text"	"Купить карточку"	"Quest Vulkan.qmm: jumps.72.text. Preserve every <tag> exactly."	"Quest,Vulkan"	"Купіць картку"
"/quests/Vulkan.qmm/jumps/73/text"	"Купить {10} патронов за {200} мурзликов"	"Quest Vulkan.qmm: jumps.73.text. Preserve every <tag> exactly."	"Quest,Vulkan"	"Купіць {10} патронаў за {200} мурзьлікаў"
"/quests/Vulkan.qmm/jumps/74/text"	"Перегнать водку в горючку"	"Quest Vulkan.qmm: jumps.74.text. Preserve every <tag> exactly."	"Quest,Vulkan"	"Перагнаць гарэлку ў гаручую сумесь"
"/quests/Vulkan.qmm/jumps/75/text"	"Поменять {400} кредитов на {150} мурзликов"	"Quest Vulkan.qmm: jumps.75.text. Preserve every <tag> exactly."	"Quest,Vulkan"	"Абмяняць {400} крэдытаў на {150} мурзьлікаў"
"/quests/Vulkan.qmm/jumps/81/text"	"Вернуться обратно на площадь"	"Quest Vulkan.qmm: jumps.81.text. Preserve every <tag> exactly."	"Quest,Vulkan"	"Вярнуцца назад на плошчу"
"/quests/Vulkan.qmm/jumps/82/text"	"Идти на побережье"	"Quest Vulkan.qmm: jumps.82.text. Preserve every <tag> exactly."	"Quest,Vulkan"	"Ісьці на ўзьбярэжжа"
"/quests/Vulkan.qmm/jumps/83/text"	"Пристрелить негодяя из бластера"	"Quest Vulkan.qmm: jumps.83.text. Preserve every <tag> exactly."	"Quest,Vulkan"	"Прыстрэліць нягодніка з блястэра"
"/quests/Vulkan.qmm/jumps/84/text"	"Бабахнуть мерзавца бутылкой водки по голове"	"Quest Vulkan.qmm: jumps.84.text. Preserve every <tag> exactly."	"Quest,Vulkan"	"Грукнуць мярзотніка бутэлькай гарэлкі па галаве"
"/quests/Vulkan.qmm/jumps/85/text"	"Заорать на здоровяка"	"Quest Vulkan.qmm: jumps.85.text. Preserve every <tag> exactly."	"Quest,Vulkan"	"Закрычаць на здаравяку"
"/quests/Vulkan.qmm/jumps/86/text"	"Пристрелить негодяя из бластера"	"Quest Vulkan.qmm: jumps.86.text. Preserve every <tag> exactly."	"Quest,Vulkan"	"Прыстрэліць нягодніка з блястэра"
"/quests/Vulkan.qmm/jumps/87/text"	"Бабахнуть мерзавца бутылкой водки по голове"	"Quest Vulkan.qmm: jumps.87.text. Preserve every <tag> exactly."	"Quest,Vulkan"	"Грукнуць мярзотніка бутэлькай гарэлкі па галаве"
"/quests/Vulkan.qmm/jumps/88/text"	"Тихонько уйти, умерив ярость и забыв про несправедливость..."	"Quest Vulkan.qmm: jumps.88.text. Preserve every <tag> exactly."	"Quest,Vulkan"	"Ціхенька сысьці, стрымаўшы лютасьць і забыўшы пра няпраўду..."
"/quests/Vulkan.qmm/jumps/89/text"	"Поблагодарить и вернуться на площадь в деревню"	"Quest Vulkan.qmm: jumps.89.text. Preserve every <tag> exactly."	"Quest,Vulkan"	"Падзякаваць і вярнуцца на плошчу ў вёску"
"/quests/Vulkan.qmm/jumps/90/text"	"Поблагодарить и вернуться на площадь в деревню"	"Quest Vulkan.qmm: jumps.90.text. Preserve every <tag> exactly."	"Quest,Vulkan"	"Падзякаваць і вярнуцца на плошчу ў вёску"
"/quests/Vulkan.qmm/jumps/91/text"	"Сходить в странную хижину из тканей"	"Quest Vulkan.qmm: jumps.91.text. Preserve every <tag> exactly."	"Quest,Vulkan"	"Схадзіць у дзіўную хаціну з тканінаў"
"/quests/Vulkan.qmm/jumps/92/text"	"Нет! Не буду я на ваши глупые вопросы отвечать!"	"Quest Vulkan.qmm: jumps.92.text. Preserve every <tag> exactly."	"Quest,Vulkan"	"Не! Ня буду я на вашыя дурныя пытаньні адказваць!"
"/quests/Vulkan.qmm/jumps/93/text"	"Выйти"	"Quest Vulkan.qmm: jumps.93.text. Preserve every <tag> exactly."	"Quest,Vulkan"	"Выйсьці"
"/quests/Vulkan.qmm/jumps/94/text"	"Валяйте ваши вопросы!"	"Quest Vulkan.qmm: jumps.94.text. Preserve every <tag> exactly."	"Quest,Vulkan"	"Давайце вашыя пытаньні!"
"/quests/Vulkan.qmm/jumps/95/text"	"Выйти из палатки"	"Quest Vulkan.qmm: jumps.95.text. Preserve every <tag> exactly."	"Quest,Vulkan"	"Выйсьці з палаткі"
"/quests/Vulkan.qmm/jumps/96/text"	"""Я хочу войти, чтобы вы посадили меня на кол!"""	"Quest Vulkan.qmm: jumps.96.text. Preserve every <tag> exactly."	"Quest,Vulkan"	"""Я хачу ўвайсьці, каб вы пасадзілі мяне на кол!"""
"/quests/Vulkan.qmm/jumps/97/text"	"Нужно закрепить в верхнем дереве нож так, чтобы спустившись на отметку 50м и максимально натянув веревку, ее можно было бы перерезать о торчащий на вершине горы нож!"	"Quest Vulkan.qmm: jumps.97.text. Preserve every <tag> exactly."	"Quest,Vulkan"	"Трэба замацаваць у верхнім дрэве нож так, каб, спусьціўшыся на адзнаку 50м і максымальна нацягнуўшы вяроўку, яе можна было перарэзаць аб нож, што тырчыць на вяршыні гары!"
"/quests/Vulkan.qmm/jumps/98/text"	"25 кредитов"	"Quest Vulkan.qmm: jumps.98.text. Preserve every <tag> exactly."	"Quest,Vulkan"	"25 крэдытаў"
"/quests/Vulkan.qmm/jumps/99/text"	"24 яйца"	"Quest Vulkan.qmm: jumps.99.text. Preserve every <tag> exactly."	"Quest,Vulkan"	"24 яйкі"
"/quests/Vulkan.qmm/jumps/100/text"	"Выйти на площадь с победой!"	"Quest Vulkan.qmm: jumps.100.text. Preserve every <tag> exactly."	"Quest,Vulkan"	"Выйсьці на плошчу з перамогай!"
"/quests/Vulkan.qmm/jumps/101/text"	"""Утопите меня в реке!"""	"Quest Vulkan.qmm: jumps.101.text. Preserve every <tag> exactly."	"Quest,Vulkan"	"""Утапіце мяне ў рацэ!"""
"/quests/Vulkan.qmm/jumps/102/text"	"""Пустите! Я мудрец, всегда правдив, мне туда надо!"""	"Quest Vulkan.qmm: jumps.102.text. Preserve every <tag> exactly."	"Quest,Vulkan"	"""Пусьціце! Я мудрэц, заўсёды праўдзівы, мне туды трэба!"""
"/quests/Vulkan.qmm/jumps/103/text"	"""У меня там тетя лежит больная! Пустите!"""	"Quest Vulkan.qmm: jumps.103.text. Preserve every <tag> exactly."	"Quest,Vulkan"	"""У мяне там цётка ляжыць хворая! Пусьціце!"""
"/quests/Vulkan.qmm/jumps/104/text"	"""А ну пустите, гады!!! Щас армию с собой приведу!"""	"Quest Vulkan.qmm: jumps.104.text. Preserve every <tag> exactly."	"Quest,Vulkan"	"""А ну пусьціце, сволачы!!! Зараз войска з сабой прывяду!"""
"/quests/Vulkan.qmm/jumps/105/text"	"Прыгнуть вниз!"	"Quest Vulkan.qmm: jumps.105.text. Preserve every <tag> exactly."	"Quest,Vulkan"	"Скочыць уніз!"
"/quests/Vulkan.qmm/jumps/106/text"	"Спуститься на 25 метров, дотянуться на 3 метра, перерезать веревку, потом еще на 25 метров, и так далее..."	"Quest Vulkan.qmm: jumps.106.text. Preserve every <tag> exactly."	"Quest,Vulkan"	"Спусьціцца на 25 мэтраў, дацягнуцца на 3 мэтры, перарэзаць вяроўку, потым яшчэ на 25 мэтраў, і гэтак далей..."
"/quests/Vulkan.qmm/jumps/107/text"	"Не лазить по горам, где не просят!"	"Quest Vulkan.qmm: jumps.107.text. Preserve every <tag> exactly."	"Quest,Vulkan"	"Не лазіць па горах, дзе не просяць!"
"/quests/Vulkan.qmm/jumps/108/text"	"Завязать веревку узлом так, чтобы спустившись на 50 метров, ее развязать, привязать к нижнему дереву и слезть снова!"	"Quest Vulkan.qmm: jumps.108.text. Preserve every <tag> exactly."	"Quest,Vulkan"	"Завязаць вяроўку вузлом так, каб, спусьціўшыся на 50 мэтраў, яе разьвязаць, прывязаць да ніжняга дрэва і зьлезьці зноў!"
"/quests/Vulkan.qmm/jumps/109/text"	"Спуститься на 75 метров по веревке, а затем проделать оставшийся путь, используя нож как ледоруб..."	"Quest Vulkan.qmm: jumps.109.text. Preserve every <tag> exactly."	"Quest,Vulkan"	"Спусьціцца на 75 мэтраў па вяроўцы, а затым прайсьці астатні шлях, ужываючы нож як кірку..."
"/quests/Vulkan.qmm/jumps/110/text"	"10 кредитов"	"Quest Vulkan.qmm: jumps.110.text. Preserve every <tag> exactly."	"Quest,Vulkan"	"10 крэдытаў"
"/quests/Vulkan.qmm/jumps/111/text"	"15 кредитов"	"Quest Vulkan.qmm: jumps.111.text. Preserve every <tag> exactly."	"Quest,Vulkan"	"15 крэдытаў"
"/quests/Vulkan.qmm/jumps/112/text"	"20 кредитов"	"Quest Vulkan.qmm: jumps.112.text. Preserve every <tag> exactly."	"Quest,Vulkan"	"20 крэдытаў"
"/quests/Vulkan.qmm/jumps/113/text"	"35 кредитов"	"Quest Vulkan.qmm: jumps.113.text. Preserve every <tag> exactly."	"Quest,Vulkan"	"35 крэдытаў"
"/quests/Vulkan.qmm/jumps/114/text"	"30 кредитов"	"Quest Vulkan.qmm: jumps.114.text. Preserve every <tag> exactly."	"Quest,Vulkan"	"30 крэдытаў"
"/quests/Vulkan.qmm/jumps/115/text"	"50 кредитов"	"Quest Vulkan.qmm: jumps.115.text. Preserve every <tag> exactly."	"Quest,Vulkan"	"50 крэдытаў"
"/quests/Vulkan.qmm/jumps/116/text"	"36 яиц"	"Quest Vulkan.qmm: jumps.116.text. Preserve every <tag> exactly."	"Quest,Vulkan"	"36 яек"
"/quests/Vulkan.qmm/jumps/117/text"	"12 яиц"	"Quest Vulkan.qmm: jumps.117.text. Preserve every <tag> exactly."	"Quest,Vulkan"	"12 яек"
"/quests/Vulkan.qmm/jumps/118/text"	"37 569 яиц"	"Quest Vulkan.qmm: jumps.118.text. Preserve every <tag> exactly."	"Quest,Vulkan"	"37 569 яек"
"/quests/Vulkan.qmm/jumps/119/text"	"Такое невозможно!"	"Quest Vulkan.qmm: jumps.119.text. Preserve every <tag> exactly."	"Quest,Vulkan"	"Такое немагчыма!"
"/quests/Vulkan.qmm/jumps/120/text"	"48 яиц"	"Quest Vulkan.qmm: jumps.120.text. Preserve every <tag> exactly."	"Quest,Vulkan"	"48 яек"
"/quests/Vulkan.qmm/jumps/121/text"	"Пойти в хижину вождя"	"Quest Vulkan.qmm: jumps.121.text. Preserve every <tag> exactly."	"Quest,Vulkan"	"Пайсьці ў хаціну правадыра"
"/quests/Vulkan.qmm/jumps/122/text"	"Заплатить взятку - {200} мурзликов"	"Quest Vulkan.qmm: jumps.122.text. Preserve every <tag> exactly."	"Quest,Vulkan"	"Заплаціць хабар — {200} мурзьлікаў"
"/quests/Vulkan.qmm/jumps/123/text"	"Дать водку охраннику"	"Quest Vulkan.qmm: jumps.123.text. Preserve every <tag> exactly."	"Quest,Vulkan"	"Даць гарэлку ахоўніку"
"/quests/Vulkan.qmm/jumps/124/text"	"Отойти от двухэтажной хижины"	"Quest Vulkan.qmm: jumps.124.text. Preserve every <tag> exactly."	"Quest,Vulkan"	"Адысьці ад двухпавярховай хаціны"
"/quests/Vulkan.qmm/jumps/125/text"	"Заплатить взятку - {200} мурзликов"	"Quest Vulkan.qmm: jumps.125.text. Preserve every <tag> exactly."	"Quest,Vulkan"	"Заплаціць хабар — {200} мурзьлікаў"
"/quests/Vulkan.qmm/jumps/126/text"	"Вернуться на площадь"	"Quest Vulkan.qmm: jumps.126.text. Preserve every <tag> exactly."	"Quest,Vulkan"	"Вярнуцца на плошчу"
"/quests/Vulkan.qmm/jumps/127/text"	"Пройти в покои вождя"	"Quest Vulkan.qmm: jumps.127.text. Preserve every <tag> exactly."	"Quest,Vulkan"	"Прайсьці ў пакоі правадыра"
"/quests/Vulkan.qmm/jumps/128/text"	"Пройти в покои вождя"	"Quest Vulkan.qmm: jumps.128.text. Preserve every <tag> exactly."	"Quest,Vulkan"	"Прайсьці ў пакоі правадыра"
"/quests/Vulkan.qmm/jumps/129/text"	"Уйти из хижины"	"Quest Vulkan.qmm: jumps.129.text. Preserve every <tag> exactly."	"Quest,Vulkan"	"Сысьці з хаціны"
"/quests/Vulkan.qmm/jumps/130/text"	"Спросить: ""А вы на всеобщем говорите?"""	"Quest Vulkan.qmm: jumps.130.text. Preserve every <tag> exactly."	"Quest,Vulkan"	"Спытаць: ""А вы на агульнай гаворыце?"""
"/quests/Vulkan.qmm/jumps/131/text"	"А можно с вами кинзы выпить?"	"Quest Vulkan.qmm: jumps.131.text. Preserve every <tag> exactly."	"Quest,Vulkan"	"А можна з вамі кінзы выпіць?"
"/quests/Vulkan.qmm/jumps/133/text"	"Кто вы?"	"Quest Vulkan.qmm: jumps.133.text. Preserve every <tag> exactly."	"Quest,Vulkan"	"Хто вы?"
"/quests/Vulkan.qmm/jumps/135/text"	"Что это за остров с вулканом?"	"Quest Vulkan.qmm: jumps.135.text. Preserve every <tag> exactly."	"Quest,Vulkan"	"Што гэта за востраў з вульканам?"
"/quests/Vulkan.qmm/jumps/137/text"	"Мне надо к вулкану. Какие опасности ожидают меня там?"	"Quest Vulkan.qmm: jumps.137.text. Preserve every <tag> exactly."	"Quest,Vulkan"	"Мне трэба да вулькана. Якія небясьпекі чакаюць мяне там?"
"/quests/Vulkan.qmm/jumps/139/text"	"Извините, но мне пора идти. Я вас более не побеспокою"	"Quest Vulkan.qmm: jumps.139.text. Preserve every <tag> exactly."	"Quest,Vulkan"	"Прабачце, але мне пара ісьці. Я вас больш не патурбую"
"/quests/Vulkan.qmm/jumps/140/text"	"Оставить деревеньку и идти дальше"	"Quest Vulkan.qmm: jumps.140.text. Preserve every <tag> exactly."	"Quest,Vulkan"	"Пакінуць вёсачку і ісьці далей"
"/quests/Vulkan.qmm/jumps/140/description"	"Вы долго шли через деревеньку, аборигены равнодушно смотрели вам вслед. Вскоре вы прошли скалы. Вулкан, скрываемый ранее скалами, теперь стал виден вновь, во всем величии! Вдалеке темнел лес, он пышной зеленой массой покрывал половину склона вулкана. Представив, сколько вам еще предстоит подниматься, вы ощутили головокружение, но все же вы пошли вперед."	"Quest Vulkan.qmm: jumps.140.description. Preserve every <tag> exactly."	"Quest,Vulkan"	"Вы доўга ішлі праз вёсачку, абарыгены абыякава глядзелі вам усьлед. Неўзабаве вы мінулі скалы. Вулькан, што раней хавалі скалы, цяпер зноў стаў бачны, ва ўсёй велічы! Здалёк чарнеў лес, ён пышнай зялёнай масай пакрываў палову схілу вулькана. Уявіўшы, колькі вам яшчэ давядзецца падымацца, вы адчулі галавакружэньне, але ўсё ж вы пайшлі наперад."
"/quests/Vulkan.qmm/jumps/141/text"	"Вернуться в деревеньку аборигенов"	"Quest Vulkan.qmm: jumps.141.text. Preserve every <tag> exactly."	"Quest,Vulkan"	"Вярнуцца ў вёсачку абарыгенаў"
"/quests/Vulkan.qmm/jumps/142/text"	"Поднять пару шишек с земли"	"Quest Vulkan.qmm: jumps.142.text. Preserve every <tag> exactly."	"Quest,Vulkan"	"Падняць пару шышак з зямлі"
"/quests/Vulkan.qmm/jumps/143/text"	"Очухаться"	"Quest Vulkan.qmm: jumps.143.text. Preserve every <tag> exactly."	"Quest,Vulkan"	"Ачуняць"
"/quests/Vulkan.qmm/jumps/144/text"	"Сорвать пару шишек с деревьев"	"Quest Vulkan.qmm: jumps.144.text. Preserve every <tag> exactly."	"Quest,Vulkan"	"Зарваць пару шышак з дрэваў"
"/quests/Vulkan.qmm/jumps/145/text"	"Отойти от дерева"	"Quest Vulkan.qmm: jumps.145.text. Preserve every <tag> exactly."	"Quest,Vulkan"	"Адысьці ад дрэва"
"/quests/Vulkan.qmm/jumps/146/text"	"Идти через лес дальше"	"Quest Vulkan.qmm: jumps.146.text. Preserve every <tag> exactly."	"Quest,Vulkan"	"Ісьці праз лес далей"
"/quests/Vulkan.qmm/jumps/147/text"	"Начать подниматься вверх по склону, через лес"	"Quest Vulkan.qmm: jumps.147.text. Preserve every <tag> exactly."	"Quest,Vulkan"	"Пачаць падымацца ўверх па схіле, праз лес"
"/quests/Vulkan.qmm/jumps/148/text"	"Полезть по склону вулкана"	"Quest Vulkan.qmm: jumps.148.text. Preserve every <tag> exactly."	"Quest,Vulkan"	"Палезьці па схіле вулькана"
"/quests/Vulkan.qmm/jumps/148/description"	"Поднявшись высоко по склону, вы заметили площадку наверху. С трудом забравшись на нее, вы узрели исполинские ворота! ""Саммат-Наур - негасимые горнила"" - гласит резная надпись над ними. Возможно, эти ворота ведут как раз туда, куда нам нужно. 
Вы заметили маленькую щелку в правой створке... Как раз для пластиковой карточки."	"Quest Vulkan.qmm: jumps.148.description. Preserve every <tag> exactly."	"Quest,Vulkan"	"Падняўшыся высока па схіле, вы заўважылі пляцоўку наверсе. Зь цяжкасьцю забраўшыся на яе, вы ўбачылі вялізныя вароты! ""Саммат-Наур - непагасныя гарнілы"" - гаворыць разьбяны надпіс над імі. Магчыма, гэтыя вароты вядуць якраз туды, куды нам трэба. 
Вы заўважылі маленькую шчыліну ў правай створцы... Якраз для плястыкавай карткі."
"/quests/Vulkan.qmm/jumps/149/text"	"Идти через лес дальше"	"Quest Vulkan.qmm: jumps.149.text. Preserve every <tag> exactly."	"Quest,Vulkan"	"Ісьці праз лес далей"
"/quests/Vulkan.qmm/jumps/150/text"	"Начать подниматься вверх по склону, через лес"	"Quest Vulkan.qmm: jumps.150.text. Preserve every <tag> exactly."	"Quest,Vulkan"	"Пачаць падымацца ўверх па схіле, праз лес"
"/quests/Vulkan.qmm/jumps/151/text"	"Дико завизжать и попытаться убежать"	"Quest Vulkan.qmm: jumps.151.text. Preserve every <tag> exactly."	"Quest,Vulkan"	"Дзіка завішчаць і паспрабаваць уцячы"
"/quests/Vulkan.qmm/jumps/152/text"	"Расстрелять ранзавра, не жалея патронов!"	"Quest Vulkan.qmm: jumps.152.text. Preserve every <tag> exactly."	"Quest,Vulkan"	"Расстраляць ранзаўра, не шкадуючы патронаў!"
"/quests/Vulkan.qmm/jumps/153/text"	"Швырнуть в ранзавра гранатошишку"	"Quest Vulkan.qmm: jumps.153.text. Preserve every <tag> exactly."	"Quest,Vulkan"	"Шпурнуць у ранзаўра гранаташышку"
"/quests/Vulkan.qmm/jumps/154/text"	"Идти дальше по склону вверх"	"Quest Vulkan.qmm: jumps.154.text. Preserve every <tag> exactly."	"Quest,Vulkan"	"Ісьці далей па схіле ўверх"
"/quests/Vulkan.qmm/jumps/155/text"	"Идти дальше по склону вверх"	"Quest Vulkan.qmm: jumps.155.text. Preserve every <tag> exactly."	"Quest,Vulkan"	"Ісьці далей па схіле ўверх"
"/quests/Vulkan.qmm/jumps/156/text"	"Кажется, тут пчелы местные жужжат... Поискать бы улей..."	"Quest Vulkan.qmm: jumps.156.text. Preserve every <tag> exactly."	"Quest,Vulkan"	"Здаецца, тут пчолы мясцовыя бзыкаюць... Пашукаць бы вулей..."
"/quests/Vulkan.qmm/jumps/157/text"	"Полезть по склону вулкана"	"Quest Vulkan.qmm: jumps.157.text. Preserve every <tag> exactly."	"Quest,Vulkan"	"Палезьці па схіле вулькана"
"/quests/Vulkan.qmm/jumps/157/description"	"Поднявшись высоко по склону, вы заметили площадку наверху. С трудом забравшись на нее, вы узрели исполинские ворота! ""Саммат-Наур - негасимые горнила"" - гласит резная надпись над ними. Возможно, эти ворота ведут как раз туда, куда нам нужно. 
Вы заметили маленькую щелку в правой створке... Как раз для пластиковой карточки."	"Quest Vulkan.qmm: jumps.157.description. Preserve every <tag> exactly."	"Quest,Vulkan"	"Падняўшыся высока па схіле, вы заўважылі пляцоўку наверсе. Зь цяжкасьцю забраўшыся на яе, вы ўбачылі вялізныя вароты! ""Саммат-Наур - непагасныя гарнілы"" - гаворыць разьбяны надпіс над імі. Магчыма, гэтыя вароты вядуць якраз туды, куды нам трэба. 
Вы заўважылі маленькую шчыліну ў правай створцы... Якраз для плястыкавай карткі."
"/quests/Vulkan.qmm/jumps/158/text"	"Постучать в ворота кулаком"	"Quest Vulkan.qmm: jumps.158.text. Preserve every <tag> exactly."	"Quest,Vulkan"	"Пастукаць у вароты кулаком"
"/quests/Vulkan.qmm/jumps/160/text"	"Взорвать ворота гранатошишкой"	"Quest Vulkan.qmm: jumps.160.text. Preserve every <tag> exactly."	"Quest,Vulkan"	"Узарваць вароты гранаташышкай"
"/quests/Vulkan.qmm/jumps/162/text"	"Вставить в щель деревянную карточку"	"Quest Vulkan.qmm: jumps.162.text. Preserve every <tag> exactly."	"Quest,Vulkan"	"Уставіць у шчыліну драўляную картку"
"/quests/Vulkan.qmm/jumps/163/text"	"Лезть дальше по склону, к жерлу"	"Quest Vulkan.qmm: jumps.163.text. Preserve every <tag> exactly."	"Quest,Vulkan"	"Лезьці далей па схіле, да жарала"
"/quests/Vulkan.qmm/jumps/164/text"	"Спуститься на парашюте"	"Quest Vulkan.qmm: jumps.164.text. Preserve every <tag> exactly."	"Quest,Vulkan"	"Спусьціцца на парашуце"
"/quests/Vulkan.qmm/jumps/165/text"	"Привязать веревку и спуститься вниз"	"Quest Vulkan.qmm: jumps.165.text. Preserve every <tag> exactly."	"Quest,Vulkan"	"Прывязаць вяроўку і спусьціцца ўніз"
"/quests/Vulkan.qmm/jumps/166/text"	"Войти в открытую дверь площадки"	"Quest Vulkan.qmm: jumps.166.text. Preserve every <tag> exactly."	"Quest,Vulkan"	"Увайсьці ў адчыненыя дзьверы пляцоўкі"
"/quests/Vulkan.qmm/jumps/167/text"	"Войти в открытую дверь площадки"	"Quest Vulkan.qmm: jumps.167.text. Preserve every <tag> exactly."	"Quest,Vulkan"	"Увайсьці ў адчыненыя дзьверы пляцоўкі"
"/quests/Vulkan.qmm/jumps/168/text"	"Идти по коридору"	"Quest Vulkan.qmm: jumps.168.text. Preserve every <tag> exactly."	"Quest,Vulkan"	"Ісьці па калідоры"
"/quests/Vulkan.qmm/jumps/168/description"	"Вы пошли прямо по коридору. Небольшие круглые лампы на потолке тускло освещали вам путь. Сбоку была приоткрытая дверца. Вы осторожно заглянули за нее. Это склад с оружием! Все в крепких ящиках с кодовым замком, и только небольшая <clr>коробочка патронов к бластеру<clrEnd> лежит на одном из ящиков. Вы взяли ее и вышли со склада. Впереди показалась железная дверь. Она была покрыта пылью, как, впрочем, и все в этом коридоре. Недолго думая, вы с разбегу вышибли ее, держа оружие наготове..."	"Quest Vulkan.qmm: jumps.168.description. Preserve every <tag> exactly."	"Quest,Vulkan"	"Вы пайшлі проста па калідоры. Невялікія круглыя лямпы на столі цьмяна асьвятлялі вам шлях. Збоку былі прыадчыненыя дзьверцы. Вы асьцярожна зазірнулі за іх. Гэта склад са зброяй! Усё ў моцных скрынях з кодавым замком, і толькі невялікая <clr>скрынка патронаў да блястэра<clrEnd> ляжыць на адной са скрыняў. Вы ўзялі яе і выйшлі са складу. Наперадзе паказаліся жалезныя дзьверы. Яны былі пакрытыя пылам, як, зрэшты, і ўсё ў гэтым калідоры. Нядоўга думаючы, вы з разгону выбілі іх, трымаючы зброю напагатове..."
"/quests/Vulkan.qmm/jumps/169/text"	"Идти вперед по коридору"	"Quest Vulkan.qmm: jumps.169.text. Preserve every <tag> exactly."	"Quest,Vulkan"	"Ісьці наперад па калідоры"
"/quests/Vulkan.qmm/jumps/169/description"	"Вы двинулись по коридору. Несколько лестниц, поворотов, тусклые лампы на потолке... Мрачная картина. Сбоку обнаружилась приоткрытая дверца. Вы осторожно заглянули за нее. Склад с оружием! Все в крепких ящиках с кодовым замком, только небольшая <clr>коробочка патронов к бластеру<clrEnd> лежит на одном из ящиков. Вы взяли ее, вышли со склада и продолжили спуск. В конце концов вы спустились в огромное помещение. Это же ангар! Два плазмолета стоят рядышком на площадке, в стене огромные шлюзовые ворота..."	"Quest Vulkan.qmm: jumps.169.description. Preserve every <tag> exactly."	"Quest,Vulkan"	"Вы рушылі па калідоры. Некалькі лесьвіц, паваротаў, цьмяныя лямпы на столі... Змрочная карціна. Збоку выявіліся прыадчыненыя дзьверцы. Вы асьцярожна зазірнулі за іх. Склад са зброяй! Усё ў моцных скрынях з кодавым замком, толькі невялікая <clr>скрынка патронаў да блястэра<clrEnd> ляжыць на адной са скрыняў. Вы ўзялі яе, выйшлі са складу і працягнулі спуск. Урэшце вы спусьціліся ў вялізнае памяшканьне. Дык гэта ж ангар! Два плязмалёты стаяць побач на пляцоўцы, у сьцяне вялізныя шлюзавыя вароты..."
"/quests/Vulkan.qmm/jumps/170/text"	"Спуститься в комнату С"	"Quest Vulkan.qmm: jumps.170.text. Preserve every <tag> exactly."	"Quest,Vulkan"	"Спусьціцца ў пакой С"
"/quests/Vulkan.qmm/jumps/171/text"	"Подняться по лестнице в ангар"	"Quest Vulkan.qmm: jumps.171.text. Preserve every <tag> exactly."	"Quest,Vulkan"	"Падняцца па лесьвіцы ў ангар"
"/quests/Vulkan.qmm/jumps/172/text"	"Идти в помещение D"	"Quest Vulkan.qmm: jumps.172.text. Preserve every <tag> exactly."	"Quest,Vulkan"	"Ісьці ў памяшканьне D"
"/quests/Vulkan.qmm/jumps/173/text"	"Идти в комнату С"	"Quest Vulkan.qmm: jumps.173.text. Preserve every <tag> exactly."	"Quest,Vulkan"	"Ісьці ў пакой С"
"/quests/Vulkan.qmm/jumps/174/text"	"Идти в лабораторию В"	"Quest Vulkan.qmm: jumps.174.text. Preserve every <tag> exactly."	"Quest,Vulkan"	"Ісьці ў лябараторыю В"
"/quests/Vulkan.qmm/jumps/175/text"	"Идти в комнату С"	"Quest Vulkan.qmm: jumps.175.text. Preserve every <tag> exactly."	"Quest,Vulkan"	"Ісьці ў пакой С"
"/quests/Vulkan.qmm/jumps/176/text"	"Идти в комнату А"	"Quest Vulkan.qmm: jumps.176.text. Preserve every <tag> exactly."	"Quest,Vulkan"	"Ісьці ў пакой А"
"/quests/Vulkan.qmm/jumps/177/text"	"Идти в лабораторию В"	"Quest Vulkan.qmm: jumps.177.text. Preserve every <tag> exactly."	"Quest,Vulkan"	"Ісьці ў лябараторыю В"
"/quests/Vulkan.qmm/jumps/178/text"	"Спуститься в помещение Е"	"Quest Vulkan.qmm: jumps.178.text. Preserve every <tag> exactly."	"Quest,Vulkan"	"Спусьціцца ў памяшканьне Е"
"/quests/Vulkan.qmm/jumps/179/text"	"Подняться в помещение D"	"Quest Vulkan.qmm: jumps.179.text. Preserve every <tag> exactly."	"Quest,Vulkan"	"Падняцца ў памяшканьне D"
"/quests/Vulkan.qmm/jumps/180/text"	"Стукнуть кулаком по люку в помещение F"	"Quest Vulkan.qmm: jumps.180.text. Preserve every <tag> exactly."	"Quest,Vulkan"	"Стукнуць кулаком па люку ў памяшканьне F"
"/quests/Vulkan.qmm/jumps/181/text"	"Отойти от люка"	"Quest Vulkan.qmm: jumps.181.text. Preserve every <tag> exactly."	"Quest,Vulkan"	"Адысьці ад люка"
"/quests/Vulkan.qmm/jumps/182/text"	"Посмотреть на карту"	"Quest Vulkan.qmm: jumps.182.text. Preserve every <tag> exactly."	"Quest,Vulkan"	"Паглядзець на мапу"
"/quests/Vulkan.qmm/jumps/183/text"	"Посмотреть на карту"	"Quest Vulkan.qmm: jumps.183.text. Preserve every <tag> exactly."	"Quest,Vulkan"	"Паглядзець на мапу"
"/quests/Vulkan.qmm/jumps/184/text"	"Отойти от карты"	"Quest Vulkan.qmm: jumps.184.text. Preserve every <tag> exactly."	"Quest,Vulkan"	"Адысьці ад мапы"
"/quests/Vulkan.qmm/jumps/185/text"	"Отойти от карты"	"Quest Vulkan.qmm: jumps.185.text. Preserve every <tag> exactly."	"Quest,Vulkan"	"Адысьці ад мапы"
"/quests/Vulkan.qmm/jumps/186/text"	"Открыть аппарат гаечным ключом"	"Quest Vulkan.qmm: jumps.186.text. Preserve every <tag> exactly."	"Quest,Vulkan"	"Адчыніць апарат гаечным ключом"
"/quests/Vulkan.qmm/jumps/187/text"	"Отойти от аппарата"	"Quest Vulkan.qmm: jumps.187.text. Preserve every <tag> exactly."	"Quest,Vulkan"	"Адысьці ад апарата"
"/quests/Vulkan.qmm/jumps/188/text"	"Вставить в панель красную карточку"	"Quest Vulkan.qmm: jumps.188.text. Preserve every <tag> exactly."	"Quest,Vulkan"	"Уставіць у панэль чырвоную картку"
"/quests/Vulkan.qmm/jumps/189/text"	"Отойти от панели"	"Quest Vulkan.qmm: jumps.189.text. Preserve every <tag> exactly."	"Quest,Vulkan"	"Адысьці ад панэлі"
"/quests/Vulkan.qmm/jumps/190/param_changes/0/crit_text"	"Вы успели несколько раз выстрелить из бластера, однако ваше едва живое тело уже пронзили лучи из бластеров охранников. Эх, будь у вас чуть больше здоровья!.. Похоже, прогулка по райскому острову окончилась для вас эмиграцией в ад."	"Quest Vulkan.qmm: jumps.190.param_changes.0.crit_text. Preserve every <tag> exactly."	"Quest,Vulkan"	"Вы пасьпелі некалькі разоў стрэліць з блястэра, аднак ваша ледзь жывое цела ўжо прабілі промні з блястэраў ахоўнікаў. Эх, каб у вас было крыху больш здароўя!.. Падобна, прагулка па райскай высьпе скончылася для вас эміграцыяй у пекла."
"/quests/Vulkan.qmm/jumps/190/text"	"Расстрелять охранников из бластера"	"Quest Vulkan.qmm: jumps.190.text. Preserve every <tag> exactly."	"Quest,Vulkan"	"Расстраляць ахоўнікаў з блястэра"
"/quests/Vulkan.qmm/jumps/192/param_changes/0/crit_text"	"Брошенная вами гранатошишка хоть и уничтожила охранников, но и вас накрыла смертельной волной, уничтожив остатки здоровья. Эх, будь вы чуть меньше изранены!.. Похоже, прогулка по райскому острову окончилась для вас эмиграцией в ад."	"Quest Vulkan.qmm: jumps.192.param_changes.0.crit_text. Preserve every <tag> exactly."	"Quest,Vulkan"	"Кінутая вамі гранаташышка хоць і зьнішчыла ахоўнікаў, але і вас накрыла сьмяротнай хваляй, зьнішчыўшы рэшткі здароўя. Эх, каб вы былі крыху менш параненыя!.. Падобна, прагулка па райскай высьпе скончылася для вас эміграцыяй у пекла."
"/quests/Vulkan.qmm/jumps/192/text"	"Швырнуть в охранников гранатошишкой"	"Quest Vulkan.qmm: jumps.192.text. Preserve every <tag> exactly."	"Quest,Vulkan"	"Шпурнуць у ахоўнікаў гранаташышкай"
"/quests/Vulkan.qmm/jumps/194/text"	"Обшарить трупы охранников"	"Quest Vulkan.qmm: jumps.194.text. Preserve every <tag> exactly."	"Quest,Vulkan"	"Абмацаць трупы ахоўнікаў"
"/quests/Vulkan.qmm/jumps/196/text"	"Вставить в устройство на стене желтую карту"	"Quest Vulkan.qmm: jumps.196.text. Preserve every <tag> exactly."	"Quest,Vulkan"	"Уставіць у прыладу на сьцяне жоўтую карту"
"/quests/Vulkan.qmm/jumps/197/text"	"Обыскать трупы охранников"	"Quest Vulkan.qmm: jumps.197.text. Preserve every <tag> exactly."	"Quest,Vulkan"	"Абшукаць трупы ахоўнікаў"
"/quests/Vulkan.qmm/jumps/198/param_changes/0/crit_text"	"Вы успели несколько раз выстрелить из бластера, однако ваше едва живое тело уже пронзили лучи из бластеров охранников. Эх, будь у вас чуть больше здоровья!.. Похоже, прогулка по райскому острову окончилась для вас эмиграцией в ад."	"Quest Vulkan.qmm: jumps.198.param_changes.0.crit_text. Preserve every <tag> exactly."	"Quest,Vulkan"	"Вы пасьпелі некалькі разоў стрэліць з блястэра, аднак ваша ледзь жывое цела ўжо прабілі промні з блястэраў ахоўнікаў. Эх, каб у вас было крыху больш здароўя!.. Падобна, прагулка па райскай высьпе скончылася для вас эміграцыяй у пекла."
"/quests/Vulkan.qmm/jumps/198/text"	"Расстрелять охранников из бластера, спрятавшись за шкаф"	"Quest Vulkan.qmm: jumps.198.text. Preserve every <tag> exactly."	"Quest,Vulkan"	"Расстраляць ахоўнікаў з блястэра, схаваўшыся за шафу"
"/quests/Vulkan.qmm/jumps/199/param_changes/0/crit_text"	"Брошенная вами гранатошишка хоть и уничтожила охранников, но и вас накрыла смертельной волной, уничтожив остатки здоровья. Эх, будь вы чуть меньше изранены!.. Похоже, прогулка по райскому острову окончилась для вас эмиграцией в ад."	"Quest Vulkan.qmm: jumps.199.param_changes.0.crit_text. Preserve every <tag> exactly."	"Quest,Vulkan"	"Кінутая вамі гранаташышка хоць і зьнішчыла ахоўнікаў, але і вас накрыла сьмяротнай хваляй, зьнішчыўшы рэшткі здароўя. Эх, каб вы былі крыху менш параненыя!.. Падобна, прагулка па райскай высьпе скончылася для вас эміграцыяй у пекла."
"/quests/Vulkan.qmm/jumps/199/text"	"Швырнуть гранатошишку"	"Quest Vulkan.qmm: jumps.199.text. Preserve every <tag> exactly."	"Quest,Vulkan"	"Шпурнуць гранаташышку"
"/quests/Vulkan.qmm/jumps/200/param_changes/0/crit_text"	"Брошенная вами гранатошишка хоть и уничтожила охранников, но и вас накрыла смертельной волной, уничтожив остатки здоровья. Эх, будь вы чуть меньше изранены!.. Похоже, прогулка по райскому острову окончилась для вас эмиграцией в ад."	"Quest Vulkan.qmm: jumps.200.param_changes.0.crit_text. Preserve every <tag> exactly."	"Quest,Vulkan"	"Кінутая вамі гранаташышка хоць і зьнішчыла ахоўнікаў, але і вас накрыла сьмяротнай хваляй, зьнішчыўшы рэшткі здароўя. Эх, каб вы былі крыху менш параненыя!.. Падобна, прагулка па райскай высьпе скончылася для вас эміграцыяй у пекла."
"/quests/Vulkan.qmm/jumps/200/text"	"Швырнуть в охранников гранатошишкой"	"Quest Vulkan.qmm: jumps.200.text. Preserve every <tag> exactly."	"Quest,Vulkan"	"Шпурнуць у ахоўнікаў гранаташышкай"
"/quests/Vulkan.qmm/jumps/201/param_changes/0/crit_text"	"Вы успели несколько раз выстрелить из бластера, однако ваше едва живое тело уже пронзили лучи из бластеров охранников. Эх, будь у вас чуть больше здоровья!.. Похоже, прогулка по райскому острову окончилась для вас эмиграцией в ад."	"Quest Vulkan.qmm: jumps.201.param_changes.0.crit_text. Preserve every <tag> exactly."	"Quest,Vulkan"	"Вы пасьпелі некалькі разоў стрэліць з блястэра, аднак ваша ледзь жывое цела ўжо прабілі промні з блястэраў ахоўнікаў. Эх, каб у вас было крыху больш здароўя!.. Падобна, прагулка па райскай высьпе скончылася для вас эміграцыяй у пекла."
"/quests/Vulkan.qmm/jumps/201/text"	"Быстро расстрелять охранников"	"Quest Vulkan.qmm: jumps.201.text. Preserve every <tag> exactly."	"Quest,Vulkan"	"Хутка расстраляць ахоўнікаў"
"/quests/Vulkan.qmm/jumps/202/param_changes/0/crit_text"	"Вы успели несколько раз выстрелить из бластера, однако ваше едва живое тело уже пронзили лучи из бластеров охранников. Эх, будь у вас чуть больше здоровья!.. Похоже, прогулка по райскому острову окончилась для вас эмиграцией в ад."	"Quest Vulkan.qmm: jumps.202.param_changes.0.crit_text. Preserve every <tag> exactly."	"Quest,Vulkan"	"Вы пасьпелі некалькі разоў стрэліць з блястэра, аднак ваша ледзь жывое цела ўжо прабілі промні з блястэраў ахоўнікаў. Эх, каб у вас было крыху больш здароўя!.. Падобна, прагулка па райскай высьпе скончылася для вас эміграцыяй у пекла."
"/quests/Vulkan.qmm/jumps/202/text"	"Спрятаться за лабораторным столом и отстреливаться оттуда"	"Quest Vulkan.qmm: jumps.202.text. Preserve every <tag> exactly."	"Quest,Vulkan"	"Схавацца за лябараторным сталом і адстрэльвацца адтуль"
"/quests/Vulkan.qmm/jumps/203/param_changes/0/crit_text"	"Вы успели несколько раз выстрелить из бластера, однако ваше едва живое тело уже пронзили лучи из бластеров охранников. Эх, будь у вас чуть больше здоровья!.. Похоже, прогулка по райскому острову окончилась для вас эмиграцией в ад."	"Quest Vulkan.qmm: jumps.203.param_changes.0.crit_text. Preserve every <tag> exactly."	"Quest,Vulkan"	"Вы пасьпелі некалькі разоў стрэліць з блястэра, аднак ваша ледзь жывое цела ўжо прабілі промні з блястэраў ахоўнікаў. Эх, каб у вас было крыху больш здароўя!.. Падобна, прагулка па райскай высьпе скончылася для вас эміграцыяй у пекла."
"/quests/Vulkan.qmm/jumps/203/text"	"Спрятаться за ящиком и расстрелять охранников"	"Quest Vulkan.qmm: jumps.203.text. Preserve every <tag> exactly."	"Quest,Vulkan"	"Схавацца за скрыняй і расстраляць ахоўнікаў"
"/quests/Vulkan.qmm/jumps/204/text"	"Вставить синюю карту в замок на сейфе"	"Quest Vulkan.qmm: jumps.204.text. Preserve every <tag> exactly."	"Quest,Vulkan"	"Уставіць сінюю карту ў замок на сэйфе"
"/quests/Vulkan.qmm/jumps/205/param_changes/0/crit_text"	"Брошенная вами гранатошишка хоть и уничтожила охранников, но и вас накрыла смертельной волной, уничтожив остатки здоровья. Эх, будь вы чуть меньше изранены!.. Похоже, прогулка по райскому острову окончилась для вас эмиграцией в ад."	"Quest Vulkan.qmm: jumps.205.param_changes.0.crit_text. Preserve every <tag> exactly."	"Quest,Vulkan"	"Кінутая вамі гранаташышка хоць і зьнішчыла ахоўнікаў, але і вас накрыла сьмяротнай хваляй, зьнішчыўшы рэшткі здароўя. Эх, каб вы былі крыху менш параненыя!.. Падобна, прагулка па райскай высьпе скончылася для вас эміграцыяй у пекла."
"/quests/Vulkan.qmm/jumps/205/text"	"Швырнуть в охранников гранатошишкой"	"Quest Vulkan.qmm: jumps.205.text. Preserve every <tag> exactly."	"Quest,Vulkan"	"Шпурнуць у ахоўнікаў гранаташышкай"
"/quests/Vulkan.qmm/jumps/206/text"	"Накинуть на охранников парашют и расстрелять"	"Quest Vulkan.qmm: jumps.206.text. Preserve every <tag> exactly."	"Quest,Vulkan"	"Накінуць на ахоўнікаў парашут і расстраляць"
"/quests/Vulkan.qmm/jumps/210/text"	"Вставить зеленую карточку в аппарат"	"Quest Vulkan.qmm: jumps.210.text. Preserve every <tag> exactly."	"Quest,Vulkan"	"Уставіць зялёную картку ў апарат"
"/quests/Vulkan.qmm/jumps/211/text"	"Отойти от аппарата"	"Quest Vulkan.qmm: jumps.211.text. Preserve every <tag> exactly."	"Quest,Vulkan"	"Адысьці ад апарата"
"/quests/Vulkan.qmm/jumps/212/text"	"Посмотреть, что это за синий предмет на полу?"	"Quest Vulkan.qmm: jumps.212.text. Preserve every <tag> exactly."	"Quest,Vulkan"	"Паглядзець, што гэта за сіні прадмет на падлозе?"
"/quests/Vulkan.qmm/jumps/214/text"	"Отойти от сейфа"	"Quest Vulkan.qmm: jumps.214.text. Preserve every <tag> exactly."	"Quest,Vulkan"	"Адысьці ад сэйфа"
"/quests/Vulkan.qmm/jumps/218/text"	"Отойти от стены"	"Quest Vulkan.qmm: jumps.218.text. Preserve every <tag> exactly."	"Quest,Vulkan"	"Адысьці ад сьцяны"
"/quests/Vulkan.qmm/jumps/222/text"	"Подойти к стеклянной двери"	"Quest Vulkan.qmm: jumps.222.text. Preserve every <tag> exactly."	"Quest,Vulkan"	"Падысьці да шкляных дзьвярэй"
"/quests/Vulkan.qmm/jumps/223/text"	"Взорвать дверь гранатошишкой"	"Quest Vulkan.qmm: jumps.223.text. Preserve every <tag> exactly."	"Quest,Vulkan"	"Узарваць дзьверы гранаташышкай"
"/quests/Vulkan.qmm/jumps/224/text"	"Создать бомбу из горючей смеси, туалетной бумаги и зажигалки"	"Quest Vulkan.qmm: jumps.224.text. Preserve every <tag> exactly."	"Quest,Vulkan"	"Стварыць бомбу з гаручай сумесі, туалетнай паперы і запальніцы"
"/quests/Vulkan.qmm/jumps/225/text"	"Выбить дверь"	"Quest Vulkan.qmm: jumps.225.text. Preserve every <tag> exactly."	"Quest,Vulkan"	"Выбіць дзьверы"
"/quests/Vulkan.qmm/jumps/226/text"	"Идти по коридору"	"Quest Vulkan.qmm: jumps.226.text. Preserve every <tag> exactly."	"Quest,Vulkan"	"Ісьці па калідоры"
"/quests/Vulkan.qmm/jumps/227/text"	"Идти по коридору"	"Quest Vulkan.qmm: jumps.227.text. Preserve every <tag> exactly."	"Quest,Vulkan"	"Ісьці па калідоры"
"/quests/Vulkan.qmm/jumps/228/text"	"Идти по коридору"	"Quest Vulkan.qmm: jumps.228.text. Preserve every <tag> exactly."	"Quest,Vulkan"	"Ісьці па калідоры"
"/quests/Vulkan.qmm/jumps/229/text"	"Сказать: ""Я рейнджер <Ranger>!"""	"Quest Vulkan.qmm: jumps.229.text. Preserve every <tag> exactly."	"Quest,Vulkan"	"Сказаць: ""Я рэйнджэр <Ranger>!"""
"/quests/Vulkan.qmm/jumps/230/text"	"Показать передатчик Дзухаллага"	"Quest Vulkan.qmm: jumps.230.text. Preserve every <tag> exactly."	"Quest,Vulkan"	"Паказаць перадатчык Дзухаллага"
"/quests/Vulkan.qmm/jumps/231/text"	"Застрелить охранника"	"Quest Vulkan.qmm: jumps.231.text. Preserve every <tag> exactly."	"Quest,Vulkan"	"Застрэліць ахоўніка"
"/quests/Vulkan.qmm/jumps/232/text"	"Идти в помещение F"	"Quest Vulkan.qmm: jumps.232.text. Preserve every <tag> exactly."	"Quest,Vulkan"	"Ісьці ў памяшканьне F"
"/quests/Vulkan.qmm/jumps/233/text"	"Идти в помещение F"	"Quest Vulkan.qmm: jumps.233.text. Preserve every <tag> exactly."	"Quest,Vulkan"	"Ісьці ў памяшканьне F"
"/quests/Vulkan.qmm/jumps/234/text"	"Расстрелять всех!"	"Quest Vulkan.qmm: jumps.234.text. Preserve every <tag> exactly."	"Quest,Vulkan"	"Расстраляць усіх!"
"/quests/Vulkan.qmm/jumps/235/text"	"Лезть вверх и бежать в ангар"	"Quest Vulkan.qmm: jumps.235.text. Preserve every <tag> exactly."	"Quest,Vulkan"	"Лезьці ўверх і бегчы ў ангар"
"/quests/Vulkan.qmm/jumps/236/text"	"Вставить имеющийся у вас приборчик в дыру"	"Quest Vulkan.qmm: jumps.236.text. Preserve every <tag> exactly."	"Quest,Vulkan"	"Уставіць наяўны ў вас прыбор у дзірку"
"/quests/Vulkan.qmm/jumps/237/text"	"Пересесть на другой плазмолет"	"Quest Vulkan.qmm: jumps.237.text. Preserve every <tag> exactly."	"Quest,Vulkan"	"Перасесьці на іншы плязмалёт"
"/quests/Vulkan.qmm/jumps/238/text"	"Лететь"	"Quest Vulkan.qmm: jumps.238.text. Preserve every <tag> exactly."	"Quest,Vulkan"	"Ляцець"
"/quests/Vulkan.qmm/jumps/239/text"	"Лететь"	"Quest Vulkan.qmm: jumps.239.text. Preserve every <tag> exactly."	"Quest,Vulkan"	"Ляцець"
"/quests/Vulkan.qmm/jumps/240/text"	"Узнал!"	"Quest Vulkan.qmm: jumps.240.text. Preserve every <tag> exactly."	"Quest,Vulkan"	"Пазнаў!"
"/quests/Vulkan.qmm/jumps/241/text"	"Убить всех, кроме Ушавы"	"Quest Vulkan.qmm: jumps.241.text. Preserve every <tag> exactly."	"Quest,Vulkan"	"Забіць усіх, акрамя Ушавы"
"/quests/Vulkan.qmm/jumps/242/text"	"Спросить, что это за база в вулкане"	"Quest Vulkan.qmm: jumps.242.text. Preserve every <tag> exactly."	"Quest,Vulkan"	"Спытаць, што гэта за база ў вулькане"
"/quests/Vulkan.qmm/jumps/243/text"	"Спросить, кто он такой"	"Quest Vulkan.qmm: jumps.243.text. Preserve every <tag> exactly."	"Quest,Vulkan"	"Спытаць, хто ён такі"
"/quests/Vulkan.qmm/jumps/246/text"	"Связать Ушаву и повести в ангар"	"Quest Vulkan.qmm: jumps.246.text. Preserve every <tag> exactly."	"Quest,Vulkan"	"Зьвязаць Ушаву і павесьці ў ангар"
"/quests/Vulkan.qmm/jumps/247/text"	"Убить Ушаву"	"Quest Vulkan.qmm: jumps.247.text. Preserve every <tag> exactly."	"Quest,Vulkan"	"Забіць Ушаву"
"/quests/Vulkan.qmm/jumps/248/text"	"Лететь отсюда!"	"Quest Vulkan.qmm: jumps.248.text. Preserve every <tag> exactly."	"Quest,Vulkan"	"Ляцець адсюль!"
"/quests/Vulkan.qmm/jumps/249/text"	"Лететь отсюда!"	"Quest Vulkan.qmm: jumps.249.text. Preserve every <tag> exactly."	"Quest,Vulkan"	"Ляцець адсюль!"
"/quests/Vulkan.qmm/jumps/250/text"	"Убить вождя"	"Quest Vulkan.qmm: jumps.250.text. Preserve every <tag> exactly."	"Quest,Vulkan"	"Забіць правадыра"
"/quests/Vulkan.qmm/jumps/251/text"	"Бежать на побережье моря"	"Quest Vulkan.qmm: jumps.251.text. Preserve every <tag> exactly."	"Quest,Vulkan"	"Бегчы на ўзьбярэжжа мора"
"/quests/Vulkan.qmm/jumps/252/text"	"Бежать обратно"	"Quest Vulkan.qmm: jumps.252.text. Preserve every <tag> exactly."	"Quest,Vulkan"	"Бегчы назад"
"/quests/Vulkan.qmm/jumps/253/text"	"Бежать к скалам"	"Quest Vulkan.qmm: jumps.253.text. Preserve every <tag> exactly."	"Quest,Vulkan"	"Бегчы да скалаў"
"/quests/Vulkan.qmm/jumps/254/text"	"Пострелять из бластера"	"Quest Vulkan.qmm: jumps.254.text. Preserve every <tag> exactly."	"Quest,Vulkan"	"Пастраляць з блястэра"
"/quests/Vulkan.qmm/jumps/256/text"	"Поджечь рулон туалетной бумаги и кинуть его в деревню"	"Quest Vulkan.qmm: jumps.256.text. Preserve every <tag> exactly."	"Quest,Vulkan"	"Падпаліць рулён туалетнай паперы і кінуць яго ў вёску"
"/quests/Vulkan.qmm/jumps/257/text"	"Удрать"	"Quest Vulkan.qmm: jumps.257.text. Preserve every <tag> exactly."	"Quest,Vulkan"	"Уцячы"
"/quests/Vulkan.qmm/jumps/259/text"	"Бросить бутылку водки в клетку с динозавром"	"Quest Vulkan.qmm: jumps.259.text. Preserve every <tag> exactly."	"Quest,Vulkan"	"Кінуць бутэльку гарэлкі ў клетку з дыназаўрам"
"/quests/Vulkan.qmm/jumps/260/text"	"Слезть и драться кулаками"	"Quest Vulkan.qmm: jumps.260.text. Preserve every <tag> exactly."	"Quest,Vulkan"	"Зьлезьці і біцца кулакамі"
"/quests/Vulkan.qmm/jumps/261/text"	"Слезть и убить динозавра"	"Quest Vulkan.qmm: jumps.261.text. Preserve every <tag> exactly."	"Quest,Vulkan"	"Зьлезьці і забіць дыназаўра"
"/quests/Vulkan.qmm/jumps/262/text"	"Идти к лесу напрямик, через деревню"	"Quest Vulkan.qmm: jumps.262.text. Preserve every <tag> exactly."	"Quest,Vulkan"	"Ісьці да лесу наўпрост, праз вёску"
"/quests/Vulkan.qmm/jumps/263/text"	"Поджечь деревню"	"Quest Vulkan.qmm: jumps.263.text. Preserve every <tag> exactly."	"Quest,Vulkan"	"Падпаліць вёску"
"/quests/Vulkan.qmm/jumps/264/text"	"Идти в горящую деревню"	"Quest Vulkan.qmm: jumps.264.text. Preserve every <tag> exactly."	"Quest,Vulkan"	"Ісьці ў падпаленую вёску"
"/quests/Vulkan.qmm/jumps/265/text"	"Идти в горящую деревню"	"Quest Vulkan.qmm: jumps.265.text. Preserve every <tag> exactly."	"Quest,Vulkan"	"Ісьці ў падпаленую вёску"
"/quests/Vulkan.qmm/jumps/266/text"	"Пошарить в мешке"	"Quest Vulkan.qmm: jumps.266.text. Preserve every <tag> exactly."	"Quest,Vulkan"	"Пашукаць у мяшку"
"/quests/Vulkan.qmm/jumps/267/text"	"Пошарить в золе"	"Quest Vulkan.qmm: jumps.267.text. Preserve every <tag> exactly."	"Quest,Vulkan"	"Пашукаць у попеле"
"/quests/Vulkan.qmm/jumps/268/text"	"Пошарить на полках"	"Quest Vulkan.qmm: jumps.268.text. Preserve every <tag> exactly."	"Quest,Vulkan"	"Пашукаць на паліцах"
"/quests/Vulkan.qmm/jumps/269/text"	"Идти в хижину торговца"	"Quest Vulkan.qmm: jumps.269.text. Preserve every <tag> exactly."	"Quest,Vulkan"	"Ісьці ў хаціну гандляра"
"/quests/Vulkan.qmm/jumps/270/text"	"Выйти из хижины"	"Quest Vulkan.qmm: jumps.270.text. Preserve every <tag> exactly."	"Quest,Vulkan"	"Выйсьці з хаціны"
"/quests/Vulkan.qmm/jumps/274/text"	"Идти в хижину вождя"	"Quest Vulkan.qmm: jumps.274.text. Preserve every <tag> exactly."	"Quest,Vulkan"	"Ісьці ў хаціну правадыра"
"/quests/Vulkan.qmm/jumps/275/text"	"Выйти из хижины"	"Quest Vulkan.qmm: jumps.275.text. Preserve every <tag> exactly."	"Quest,Vulkan"	"Выйсьці з хаціны"
"/quests/Vulkan.qmm/jumps/276/text"	"Поискать на первом этаже"	"Quest Vulkan.qmm: jumps.276.text. Preserve every <tag> exactly."	"Quest,Vulkan"	"Пашукаць на першым паверсе"
"/quests/Vulkan.qmm/jumps/278/text"	"Слазить на второй этаж и поискать там"	"Quest Vulkan.qmm: jumps.278.text. Preserve every <tag> exactly."	"Quest,Vulkan"	"Залезьці на другі паверх і пашукаць там"
"/quests/Vulkan.qmm/jumps/279/text"	"Спуститься"	"Quest Vulkan.qmm: jumps.279.text. Preserve every <tag> exactly."	"Quest,Vulkan"	"Спусьціцца"
"/quests/Vulkan.qmm/jumps/280/text"	"Сходить на берег"	"Quest Vulkan.qmm: jumps.280.text. Preserve every <tag> exactly."	"Quest,Vulkan"	"Схадзіць на бераг"
"/quests/Vulkan.qmm/jumps/281/text"	"Попытаться сломать электростанцию"	"Quest Vulkan.qmm: jumps.281.text. Preserve every <tag> exactly."	"Quest,Vulkan"	"Паспрабаваць зламаць электрастанцыю"
"/quests/Vulkan.qmm/jumps/282/text"	"Не трогать ее и вернуться"	"Quest Vulkan.qmm: jumps.282.text. Preserve every <tag> exactly."	"Quest,Vulkan"	"Не чапаць яе і вярнуцца"
"/quests/Vulkan.qmm/jumps/283/text"	"Вернуться в деревню"	"Quest Vulkan.qmm: jumps.283.text. Preserve every <tag> exactly."	"Quest,Vulkan"	"Вярнуцца ў вёску"
"/quests/Vulkan.qmm/jumps/284/text"	"Посмотреть по углам"	"Quest Vulkan.qmm: jumps.284.text. Preserve every <tag> exactly."	"Quest,Vulkan"	"Паглядзець па кутах"
"/quests/Vulkan.qmm/jumps/286/text"	"Идти в домик гадалки"	"Quest Vulkan.qmm: jumps.286.text. Preserve every <tag> exactly."	"Quest,Vulkan"	"Ісьці ў хатку варажбіткі"
"/quests/Vulkan.qmm/jumps/287/text"	"Вернуться в деревню"	"Quest Vulkan.qmm: jumps.287.text. Preserve every <tag> exactly."	"Quest,Vulkan"	"Вярнуцца ў вёску"
"/quests/Vulkan.qmm/jumps/288/text"	"Пошарить в мешке"	"Quest Vulkan.qmm: jumps.288.text. Preserve every <tag> exactly."	"Quest,Vulkan"	"Пашукаць у мяшку"
"/quests/Vulkan.qmm/jumps/290/text"	"Пошарить в золе"	"Quest Vulkan.qmm: jumps.290.text. Preserve every <tag> exactly."	"Quest,Vulkan"	"Пашукаць у попеле"
"/quests/Vulkan.qmm/jumps/292/text"	"Спрятаться в кустах"	"Quest Vulkan.qmm: jumps.292.text. Preserve every <tag> exactly."	"Quest,Vulkan"	"Схавацца ў кустах"
"/quests/Vulkan.qmm/jumps/293/text"	"Ничего не делать"	"Quest Vulkan.qmm: jumps.293.text. Preserve every <tag> exactly."	"Quest,Vulkan"	"Нічога не рабіць"
"/quests/Vulkan.qmm/jumps/294/text"	"Ждать"	"Quest Vulkan.qmm: jumps.294.text. Preserve every <tag> exactly."	"Quest,Vulkan"	"Чакаць"
"/quests/Vulkan.qmm/jumps/295/text"	"Идти в лес через деревню"	"Quest Vulkan.qmm: jumps.295.text. Preserve every <tag> exactly."	"Quest,Vulkan"	"Ісьці ў лес праз вёску"
"/quests/Vulkan.qmm/jumps/295/description"	"Вы выбрались из кустов и пошли вдоль скал. Вскоре вы их миновали. Вулкан, скрываемый ранее скалами, теперь появился вновь, во всем величии! Вдалеке темнел лес, он пышной зеленой массой покрывал половину склона вулкана. Представив, сколько вам еще предстоит подниматься, вы ощутили головокружение, но все же вы пошли вперед. Интересно, где теперь эти двое с плазмолета?"	"Quest Vulkan.qmm: jumps.295.description. Preserve every <tag> exactly."	"Quest,Vulkan"	"Вы выбраліся з кустоў і пайшлі ўздоўж скалаў. Неўзабаве вы іх мінулі. Вулькан, што раней хавалі скалы, цяпер зьявіўся зноў, ва ўсёй велічы! Здалёк чарнеў лес, ён пышнай зялёнай масай пакрываў палову схілу вулькана. Уявіўшы, колькі вам яшчэ давядзецца падымацца, вы адчулі галавакружэньне, але ўсё ж вы пайшлі наперад. Цікава, дзе цяпер гэтыя двое з плязмалёта?"
"/quests/Vulkan.qmm/jumps/296/text"	"Свернуть пеленгу шею, когда он приблизится"	"Quest Vulkan.qmm: jumps.296.text. Preserve every <tag> exactly."	"Quest,Vulkan"	"Зьвярнуць пеленгу шыю, калі ён наблізіцца"
"/quests/Vulkan.qmm/jumps/297/text"	"Убить пеленга"	"Quest Vulkan.qmm: jumps.297.text. Preserve every <tag> exactly."	"Quest,Vulkan"	"Забіць пеленга"
"/quests/Vulkan.qmm/jumps/298/text"	"Подкрасться к плазмолету и запрыгнуть в него"	"Quest Vulkan.qmm: jumps.298.text. Preserve every <tag> exactly."	"Quest,Vulkan"	"Падкрасьціся да плязмалёта і заскочыць у яго"
"/quests/Vulkan.qmm/jumps/299/text"	"Подкрасться к плазмолету и запрыгнуть в него"	"Quest Vulkan.qmm: jumps.299.text. Preserve every <tag> exactly."	"Quest,Vulkan"	"Падкрасьціся да плязмалёта і заскочыць у яго"
"/quests/Vulkan.qmm/jumps/300/text"	"Что за база находится в вулкане?"	"Quest Vulkan.qmm: jumps.300.text. Preserve every <tag> exactly."	"Quest,Vulkan"	"Якая база знаходзіцца ў вулькане?"
"/quests/Vulkan.qmm/jumps/301/text"	"Ты сам-то кто?"	"Quest Vulkan.qmm: jumps.301.text. Preserve every <tag> exactly."	"Quest,Vulkan"	"Ты сам-то хто?"
"/quests/Vulkan.qmm/jumps/302/text"	"Что это за хрустальный шар?"	"Quest Vulkan.qmm: jumps.302.text. Preserve every <tag> exactly."	"Quest,Vulkan"	"Што гэта за крыштальны шар?"
"/quests/Vulkan.qmm/jumps/303/text"	"Полетели к вулкану, на базу!"	"Quest Vulkan.qmm: jumps.303.text. Preserve every <tag> exactly."	"Quest,Vulkan"	"Паляцелі да вулькана, на базу!"
"/quests/Vulkan.qmm/jumps/307/text"	"Посидеть и подождать"	"Quest Vulkan.qmm: jumps.307.text. Preserve every <tag> exactly."	"Quest,Vulkan"	"Пасядзець і пачакаць"
"/quests/Vulkan.qmm/jumps/308/text"	"Швырнуть бомбу и уничтожить эту энергостанцию!"	"Quest Vulkan.qmm: jumps.308.text. Preserve every <tag> exactly."	"Quest,Vulkan"	"Шпурнуць бомбу і зьнішчыць гэтую станцыю энэргіі!"
"/quests/Vulkan.qmm/jumps/309/text"	"Налево"	"Quest Vulkan.qmm: jumps.309.text. Preserve every <tag> exactly."	"Quest,Vulkan"	"Налева"
"/quests/Vulkan.qmm/jumps/310/text"	"Направо"	"Quest Vulkan.qmm: jumps.310.text. Preserve every <tag> exactly."	"Quest,Vulkan"	"Направа"
"/quests/Vulkan.qmm/jumps/311/text"	"Вверх"	"Quest Vulkan.qmm: jumps.311.text. Preserve every <tag> exactly."	"Quest,Vulkan"	"Уверх"
"/quests/Vulkan.qmm/jumps/312/text"	"Вниз"	"Quest Vulkan.qmm: jumps.312.text. Preserve every <tag> exactly."	"Quest,Vulkan"	"Уніз"
"/quests/Vulkan.qmm/jumps/313/text"	"Прямо"	"Quest Vulkan.qmm: jumps.313.text. Preserve every <tag> exactly."	"Quest,Vulkan"	"Проста"
"/quests/Vulkan.qmm/jumps/314/text"	"Налево"	"Quest Vulkan.qmm: jumps.314.text. Preserve every <tag> exactly."	"Quest,Vulkan"	"Налева"
"/quests/Vulkan.qmm/jumps/315/text"	"Направо"	"Quest Vulkan.qmm: jumps.315.text. Preserve every <tag> exactly."	"Quest,Vulkan"	"Направа"
"/quests/Vulkan.qmm/jumps/316/text"	"Вверх"	"Quest Vulkan.qmm: jumps.316.text. Preserve every <tag> exactly."	"Quest,Vulkan"	"Уверх"
"/quests/Vulkan.qmm/jumps/317/text"	"Вниз"	"Quest Vulkan.qmm: jumps.317.text. Preserve every <tag> exactly."	"Quest,Vulkan"	"Уніз"
"/quests/Vulkan.qmm/jumps/318/text"	"Налево"	"Quest Vulkan.qmm: jumps.318.text. Preserve every <tag> exactly."	"Quest,Vulkan"	"Налева"
"/quests/Vulkan.qmm/jumps/319/text"	"Направо"	"Quest Vulkan.qmm: jumps.319.text. Preserve every <tag> exactly."	"Quest,Vulkan"	"Направа"
"/quests/Vulkan.qmm/jumps/320/text"	"Последний рывок вверх!"	"Quest Vulkan.qmm: jumps.320.text. Preserve every <tag> exactly."	"Quest,Vulkan"	"Апошні рывок уверх!"
"/quests/Vulkan.qmm/jumps/321/text"	"Послать ультрасигнал SOS и катапультироваться"	"Quest Vulkan.qmm: jumps.321.text. Preserve every <tag> exactly."	"Quest,Vulkan"	"Даслаць сыгнал SOS і катапультавацца"
"/quests/Vulkan.qmm/jumps/322/text"	"Взобраться на шлюпку"	"Quest Vulkan.qmm: jumps.322.text. Preserve every <tag> exactly."	"Quest,Vulkan"	"Узьлезьці на шлюпку"
"/quests/Vulkan.qmm/jumps/323/text"	"Я рейнджер <Ranger>, который уничтожил остров с вулканом, где располагалась секретная энергостанция Дзухаллага!"	"Quest Vulkan.qmm: jumps.323.text. Preserve every <tag> exactly."	"Quest,Vulkan"	"Я рэйнджэр <Ranger>, які зьнішчыў востраў з вульканам, дзе месьцілася сакрэтная станцыя энэргіі Дзухаллага!"
"/quests/Vulkan.qmm/jumps/324/text"	"Я простой турист! Купался на катере, потом - бах! Взрыв на острове! Катер перевернулся, моя жена утонула, как я теперь жить-то буду?!"	"Quest Vulkan.qmm: jumps.324.text. Preserve every <tag> exactly."	"Quest,Vulkan"	"Я просты турыст! Купаўся на катэры, потым — бах! Выбух на востраве! Катэр перакуліўся, мая жонка ўтапілася, як я цяпер жыць-то буду?!"
"/quests/Vulkan.qmm/jumps/325/text"	"Спрыгнуть вниз"	"Quest Vulkan.qmm: jumps.325.text. Preserve every <tag> exactly."	"Quest,Vulkan"	"Скочыць уніз"
"/quests/Vulkan.qmm/jumps/326/text"	"Поздороваться"	"Quest Vulkan.qmm: jumps.326.text. Preserve every <tag> exactly."	"Quest,Vulkan"	"Павітацца"
"/quests/Vulkan.qmm/jumps/327/text"	"А почему на остров нельзя попасть каким-либо иным путем?"	"Quest Vulkan.qmm: jumps.327.text. Preserve every <tag> exactly."	"Quest,Vulkan"	"А чаму на востраў нельга трапіць якім-небудзь іншым шляхам?"
"/quests/Vulkan.qmm/jumps/328/text"	"Нет, не согласен!"	"Quest Vulkan.qmm: jumps.328.text. Preserve every <tag> exactly."	"Quest,Vulkan"	"Не, не згодны!"
"/quests/Vulkan.qmm/jumps/329/text"	"Хорошо, я согласен!"	"Quest Vulkan.qmm: jumps.329.text. Preserve every <tag> exactly."	"Quest,Vulkan"	"Добра, я згодны!"
"/quests/Vulkan.qmm/jumps/329/description"	"Вы вышли из лимузина, вежливо попрощавшись с Гашиш-Вамом. По коридору, ведущему в самолет, вы прошли прямо в салон. Там уже сидели и перекидывались в картишки пассажиры, о которых вам рассказал миллионер. Вы тоже сели в кресло и пристегнулись, как посоветовал женский голос из динамика. Взревели моторы, самолет все быстрее катился по взлетной полосе. Вас немного вдавило в кресло - машина начала набор высоты."	"Quest Vulkan.qmm: jumps.329.description. Preserve every <tag> exactly."	"Quest,Vulkan"	"Вы выйшлі з лімузіна, ветліва разьвітаўшыся з Гашыш-Вамам. Па калідоры, што вёў у самалёт, вы прайшлі проста ў салён. Там ужо сядзелі і перакідваліся ў карткі пасажыры, пра якіх вам расказаў мультымільянэр. Вы таксама селі ў крэсла і прышпіліліся, як параіў жаночы голас з дынаміка. Зараўлі маторы, самалёт усё хутчэй каціўся па ўзьлётнай паласе. Вас крыху ўціснула ў крэсла — машына пачала набіраць вышыню."
"/quests/Vulkan.qmm/jumps/330/text"	"Скажите, а зачем Дзухаллагу производить энергию? Это же не бизнес-структура"	"Quest Vulkan.qmm: jumps.330.text. Preserve every <tag> exactly."	"Quest,Vulkan"	"Скажыце, а навошта Дзухаллагу вырабляць энэргію? Гэта ж не бізнэс-структура"
"/quests/Vulkan.qmm/jumps/331/text"	"Можно узнать, почему я должен лететь на планету <FromPlanet>? Что мешает выплатить мне гонорар прямо здесь?"	"Quest Vulkan.qmm: jumps.331.text. Preserve every <tag> exactly."	"Quest,Vulkan"	"Можна даведацца, чаму я мушу ляцець на плянэту <FromPlanet>? Што перашкаджае выплаціць мне ганарар прама тут?"
"/quests/Vulkan.qmm/jumps/332/text"	"Скажите, а зачем Дзухаллагу производить энергию? Это же не бизнес-структура"	"Quest Vulkan.qmm: jumps.332.text. Preserve every <tag> exactly."	"Quest,Vulkan"	"Скажыце, а навошта Дзухаллагу вырабляць энэргію? Гэта ж не бізнэс-структура"
"/quests/Vulkan.qmm/jumps/333/text"	"Можно узнать, почему я должен лететь на планету <FromPlanet>? Что мешает выплатить мне гонорар прямо здесь?"	"Quest Vulkan.qmm: jumps.333.text. Preserve every <tag> exactly."	"Quest,Vulkan"	"Можна даведацца, чаму я мушу ляцець на плянэту <FromPlanet>? Што перашкаджае выплаціць мне ганарар прама тут?"
"/quests/Vulkan.qmm/jumps/334/text"	"Можно узнать, почему я должен лететь на планету <FromPlanet>? Что мешает выплатить мне гонорар прямо здесь?"	"Quest Vulkan.qmm: jumps.334.text. Preserve every <tag> exactly."	"Quest,Vulkan"	"Можна даведацца, чаму я мушу ляцець на плянэту <FromPlanet>? Што перашкаджае выплаціць мне ганарар прама тут?"
"/quests/Vulkan.qmm/jumps/335/text"	"Скажите, а зачем Дзухаллагу производить энергию? Это же не бизнес-структура"	"Quest Vulkan.qmm: jumps.335.text. Preserve every <tag> exactly."	"Quest,Vulkan"	"Скажыце, а навошта Дзухаллагу вырабляць энэргію? Гэта ж не бізнэс-структура"
"/quests/Vulkan.qmm/jumps/336/text"	"Скажите, а зачем Дзухаллагу производить энергию? Это же не бизнес-структура"	"Quest Vulkan.qmm: jumps.336.text. Preserve every <tag> exactly."	"Quest,Vulkan"	"Скажыце, а навошта Дзухаллагу вырабляць энэргію? Гэта ж не бізнэс-структура"
"/quests/Vulkan.qmm/jumps/337/text"	"Можно узнать, почему я должен лететь на планету <FromPlanet>? Что мешает выплатить мне гонорар прямо здесь?"	"Quest Vulkan.qmm: jumps.337.text. Preserve every <tag> exactly."	"Quest,Vulkan"	"Можна даведацца, чаму я мушу ляцець на плянэту <FromPlanet>? Што перашкаджае выплаціць мне ганарар прама тут?"
"/quests/Vulkan.qmm/jumps/338/text"	"Покинуть деревню и отправиться в лес"	"Quest Vulkan.qmm: jumps.338.text. Preserve every <tag> exactly."	"Quest,Vulkan"	"Пакінуць вёску і адправіцца ў лес"
"/quests/Vulkan.qmm/jumps/339/text"	"Сдаться охранникам"	"Quest Vulkan.qmm: jumps.339.text. Preserve every <tag> exactly."	"Quest,Vulkan"	"Здацца ахоўнікам"
"/quests/Vulkan.qmm/jumps/340/text"	"Сдаться охранникам"	"Quest Vulkan.qmm: jumps.340.text. Preserve every <tag> exactly."	"Quest,Vulkan"	"Здацца ахоўнікам"
"/quests/Vulkan.qmm/jumps/341/text"	"Сдаться охранникам"	"Quest Vulkan.qmm: jumps.341.text. Preserve every <tag> exactly."	"Quest,Vulkan"	"Здацца ахоўнікам"
"/quests/Vulkan.qmm/jumps/342/text"	"Сдаться охранникам"	"Quest Vulkan.qmm: jumps.342.text. Preserve every <tag> exactly."	"Quest,Vulkan"	"Здацца ахоўнікам"
"/quests/Vulkan.qmm/jumps/343/text"	"Давайте! Вот деньги. Мне водка пригодится!"	"Quest Vulkan.qmm: jumps.343.text. Preserve every <tag> exactly."	"Quest,Vulkan"	"Давайце! Вось грошы. Мне гарэлка спатрэбіцца!"
"/quests/Vulkan.qmm/jumps/344/text"	"Идти в деревню"	"Quest Vulkan.qmm: jumps.344.text. Preserve every <tag> exactly."	"Quest,Vulkan"	"Ісьці ў вёску"
"/quests/Vulkan.qmm/jumps/345/text"	"Поджечь деревню"	"Quest Vulkan.qmm: jumps.345.text. Preserve every <tag> exactly."	"Quest,Vulkan"	"Падпаліць вёску"
"/quests/Vulkan.qmm/jumps/346/text"	"Скрываясь, пойти в лес"	"Quest Vulkan.qmm: jumps.346.text. Preserve every <tag> exactly."	"Quest,Vulkan"	"Хаваючыся, пайсьці ў лес"
"/quests/Vulkan.qmm/jumps/347/text"	"Оглушить Ушаву"	"Quest Vulkan.qmm: jumps.347.text. Preserve every <tag> exactly."	"Quest,Vulkan"	"Аглушыць Ушаву"
"/quests/Vulkan.qmm/jumps/348/text"	"Лететь отсюда!"	"Quest Vulkan.qmm: jumps.348.text. Preserve every <tag> exactly."	"Quest,Vulkan"	"Ляцець адсюль!"
"/quests/Vulkan.qmm/jumps/349/text"	"Пострелять из бластера"	"Quest Vulkan.qmm: jumps.349.text. Preserve every <tag> exactly."	"Quest,Vulkan"	"Пастраляць з блястэра"
