"identifier"	"source_phrase"	"context"	"labels"	"be"
"/quests/Xenopark.qmm/parameters/0/name"	"Животное 1"	"Quest Xenopark.qmm: parameters.0.name. Preserve every <tag> exactly. English reference: Xenomorph 1"	"Quest,Xenopark"	"Жывёла 1"
"/quests/Xenopark.qmm/parameters/0/lines/0/content"	"Животное в {1}-й клетке: отравилось и сдохло"	"Quest Xenopark.qmm: parameters.0.lines.0.content. Preserve every <tag> exactly. English reference: Xenomorph in Cage {1}: got poisoned and fell"	"Quest,Xenopark"	"Жывёла ў клетцы {1}: атруцілася і здохла"
"/quests/Xenopark.qmm/parameters/0/lines/1/content"	"Животное в {1}-й клетке:  болеет икотой"	"Quest Xenopark.qmm: parameters.0.lines.1.content. Preserve every <tag> exactly. English reference: Xenomorph in Cage {1}:  is having a hiccup fit"	"Quest,Xenopark"	"Жывёла ў клетцы {1}:  хварэе на ікаўку"
"/quests/Xenopark.qmm/parameters/0/lines/2/content"	"Животное в {1}-й клетке:  умирает от голода"	"Quest Xenopark.qmm: parameters.0.lines.2.content. Preserve every <tag> exactly. English reference: Xenomorph in Cage {1}:  is starving to death"	"Quest,Xenopark"	"Жывёла ў клетцы {1}:  памірае з голаду"
"/quests/Xenopark.qmm/parameters/0/lines/3/content"	"Животное в {1}-й клетке: выглядит лучше"	"Quest Xenopark.qmm: parameters.0.lines.3.content. Preserve every <tag> exactly. English reference: Xenomorph in Cage {1}: looks better"	"Quest,Xenopark"	"Жывёла ў клетцы {1}: выглядае лепш"
"/quests/Xenopark.qmm/parameters/0/lines/4/content"	"Животное в {1}-й клетке: накормлено"	"Quest Xenopark.qmm: parameters.0.lines.4.content. Preserve every <tag> exactly. English reference: Xenomorph in Cage {1}: is filled"	"Quest,Xenopark"	"Жывёла ў клетцы {1}: накормленая"
"/quests/Xenopark.qmm/parameters/0/crit_text"	"Сообщение достижения критического значения параметром 1"	"Quest Xenopark.qmm: parameters.0.crit_text. Preserve every <tag> exactly. English reference: Parameter 1 critical message"	"Quest,Xenopark"	"Паведамленьне пра дасягненьне крытычнага значэньня парамэтрам 1"
"/quests/Xenopark.qmm/parameters/1/name"	"Животное 2"	"Quest Xenopark.qmm: parameters.1.name. Preserve every <tag> exactly. English reference: Xenomorph 2"	"Quest,Xenopark"	"Жывёла 2"
"/quests/Xenopark.qmm/parameters/1/lines/0/content"	"Животное во {2}-й клетке:  окаменело"	"Quest Xenopark.qmm: parameters.1.lines.0.content. Preserve every <tag> exactly. English reference: Xenomorph in Cage {2}:  petrified"	"Quest,Xenopark"	"Жывёла ў клетцы {2}:  скамянела"
"/quests/Xenopark.qmm/parameters/1/lines/1/content"	"Животное во {2}-й клетке:  истекает кровью"	"Quest Xenopark.qmm: parameters.1.lines.1.content. Preserve every <tag> exactly. English reference: Xenomorph in Cage {2}:  is bleeding"	"Quest,Xenopark"	"Жывёла ў клетцы {2}:  сачыцца крывёй"
"/quests/Xenopark.qmm/parameters/1/lines/2/content"	"Животное во {2}-й клетке:  умирает от голода"	"Quest Xenopark.qmm: parameters.1.lines.2.content. Preserve every <tag> exactly. English reference: Xenomorph in Cage {2}:  is starving to death"	"Quest,Xenopark"	"Жывёла ў клетцы {2}:  памірае з голаду"
"/quests/Xenopark.qmm/parameters/1/lines/3/content"	"Животное во {2}-й клетке: выглядит лучше"	"Quest Xenopark.qmm: parameters.1.lines.3.content. Preserve every <tag> exactly. English reference: Xenomorph in Cage {2}: looks better"	"Quest,Xenopark"	"Жывёла ў клетцы {2}: выглядае лепш"
"/quests/Xenopark.qmm/parameters/1/lines/4/content"	"Животное во {2}-й клетке: накормлено"	"Quest Xenopark.qmm: parameters.1.lines.4.content. Preserve every <tag> exactly. English reference: Xenomorph in Cage {2}: is filled"	"Quest,Xenopark"	"Жывёла ў клетцы {2}: накормленая"
"/quests/Xenopark.qmm/parameters/1/crit_text"	"Сообщение достижения критического значения параметром 2"	"Quest Xenopark.qmm: parameters.1.crit_text. Preserve every <tag> exactly. English reference: Parameter 2 critical message"	"Quest,Xenopark"	"Паведамленьне пра дасягненьне крытычнага значэньня парамэтрам 2"
"/quests/Xenopark.qmm/parameters/2/name"	"Животное 3"	"Quest Xenopark.qmm: parameters.2.name. Preserve every <tag> exactly. English reference: Xenomorph 3"	"Quest,Xenopark"	"Жывёла 3"
"/quests/Xenopark.qmm/parameters/2/lines/0/content"	"Животное в {3}-й клетке:  отравилось и сдохло"	"Quest Xenopark.qmm: parameters.2.lines.0.content. Preserve every <tag> exactly. English reference: Xenomorph in Cage {3}:  got poisoned and fell"	"Quest,Xenopark"	"Жывёла ў клетцы {3}:  атруцілася і здохла"
"/quests/Xenopark.qmm/parameters/2/lines/1/content"	"Животное в {3}-й клетке:  болеет"	"Quest Xenopark.qmm: parameters.2.lines.1.content. Preserve every <tag> exactly. English reference: Xenomorph in Cage {3}:  is sick"	"Quest,Xenopark"	"Жывёла ў клетцы {3}:  хварэе"
"/quests/Xenopark.qmm/parameters/2/lines/2/content"	"Животное в {3}-й клетке:  умирает от голода"	"Quest Xenopark.qmm: parameters.2.lines.2.content. Preserve every <tag> exactly. English reference: Xenomorph in Cage {3}:  is starving to death"	"Quest,Xenopark"	"Жывёла ў клетцы {3}:  памірае з голаду"
"/quests/Xenopark.qmm/parameters/2/lines/3/content"	"Животное в {3}-й клетке: выглядит лучше"	"Quest Xenopark.qmm: parameters.2.lines.3.content. Preserve every <tag> exactly. English reference: Xenomorph in Cage {3}: looks better"	"Quest,Xenopark"	"Жывёла ў клетцы {3}: выглядае лепш"
"/quests/Xenopark.qmm/parameters/2/lines/4/content"	"Животное в {3}-й клетке: накормлено"	"Quest Xenopark.qmm: parameters.2.lines.4.content. Preserve every <tag> exactly. English reference: Xenomorph in Cage {3}: is filled"	"Quest,Xenopark"	"Жывёла ў клетцы {3}: накормленая"
"/quests/Xenopark.qmm/parameters/2/crit_text"	"Сообщение достижения критического значения параметром 3"	"Quest Xenopark.qmm: parameters.2.crit_text. Preserve every <tag> exactly. English reference: Parameter 3 critical message"	"Quest,Xenopark"	"Паведамленьне пра дасягненьне крытычнага значэньня парамэтрам 3"
"/quests/Xenopark.qmm/parameters/3/name"	"Животное 4"	"Quest Xenopark.qmm: parameters.3.name. Preserve every <tag> exactly. English reference: Xenomorph 4"	"Quest,Xenopark"	"Жывёла 4"
"/quests/Xenopark.qmm/parameters/3/lines/0/content"	"Животное в {4}-й клетке:  рассыпалось в пыль"	"Quest Xenopark.qmm: parameters.3.lines.0.content. Preserve every <tag> exactly. English reference: Xenomorph in Cage {4}:  mouldered"	"Quest,Xenopark"	"Жывёла ў клетцы {4}:  рассыпалася ў пыл"
"/quests/Xenopark.qmm/parameters/3/lines/1/content"	"Животное в {4}-й клетке:  его колбасит"	"Quest Xenopark.qmm: parameters.3.lines.1.content. Preserve every <tag> exactly. English reference: Xenomorph in Cage {4}:  the animal is convulsing"	"Quest,Xenopark"	"Жывёла ў клетцы {4}:  яго калоціць"
"/quests/Xenopark.qmm/parameters/3/lines/2/content"	"Животное в {4}-й клетке:  умирает от голода"	"Quest Xenopark.qmm: parameters.3.lines.2.content. Preserve every <tag> exactly. English reference: Xenomorph in Cage {4}: is starving to death"	"Quest,Xenopark"	"Жывёла ў клетцы {4}:  памірае з голаду"
"/quests/Xenopark.qmm/parameters/3/lines/3/content"	"Животное в {4}-й клетке: выглядит лучше"	"Quest Xenopark.qmm: parameters.3.lines.3.content. Preserve every <tag> exactly. English reference: Xenomorph in Cage {4}: looks better"	"Quest,Xenopark"	"Жывёла ў клетцы {4}: выглядае лепш"
"/quests/Xenopark.qmm/parameters/3/lines/4/content"	"Животное в {4}-й клетке: накормлено"	"Quest Xenopark.qmm: parameters.3.lines.4.content. Preserve every <tag> exactly. English reference: Xenomorph in Cage {4}: is filled"	"Quest,Xenopark"	"Жывёла ў клетцы {4}: накормленая"
"/quests/Xenopark.qmm/parameters/3/crit_text"	"Сообщение достижения критического значения параметром 4"	"Quest Xenopark.qmm: parameters.3.crit_text. Preserve every <tag> exactly. English reference: Parameter 4 critical message"	"Quest,Xenopark"	"Паведамленьне пра дасягненьне крытычнага значэньня парамэтрам 4"
"/quests/Xenopark.qmm/parameters/4/name"	"Животное 5"	"Quest Xenopark.qmm: parameters.4.name. Preserve every <tag> exactly. English reference: Xenomorph 5"	"Quest,Xenopark"	"Жывёла 5"
"/quests/Xenopark.qmm/parameters/4/lines/0/content"	"Животное в {5}-й клетке:  отравилось и сдохло"	"Quest Xenopark.qmm: parameters.4.lines.0.content. Preserve every <tag> exactly. English reference: Xenomorph in Cage {5}: got poisoned and fell"	"Quest,Xenopark"	"Жывёла ў клетцы {5}:  атруцілася і здохла"
"/quests/Xenopark.qmm/parameters/4/lines/1/content"	"Животное в {5}-й клетке:  болеет"	"Quest Xenopark.qmm: parameters.4.lines.1.content. Preserve every <tag> exactly. English reference: Xenomorph in Cage {5}: is unwell"	"Quest,Xenopark"	"Жывёла ў клетцы {5}:  хварэе"
"/quests/Xenopark.qmm/parameters/4/lines/2/content"	"Животное в {5}-й клетке:  умирает от голода"	"Quest Xenopark.qmm: parameters.4.lines.2.content. Preserve every <tag> exactly. English reference: Xenomorph in Cage {5}: is starving to death"	"Quest,Xenopark"	"Жывёла ў клетцы {5}:  памірае з голаду"
"/quests/Xenopark.qmm/parameters/4/lines/3/content"	"Животное в {5}-й клетке: выглядит лучше"	"Quest Xenopark.qmm: parameters.4.lines.3.content. Preserve every <tag> exactly. English reference: Xenomorph in Cage {5}: looks better"	"Quest,Xenopark"	"Жывёла ў клетцы {5}: выглядае лепш"
"/quests/Xenopark.qmm/parameters/4/lines/4/content"	"Животное в {5}-й клетке: накормлено"	"Quest Xenopark.qmm: parameters.4.lines.4.content. Preserve every <tag> exactly. English reference: Xenomorph in Cage {5}: is filled"	"Quest,Xenopark"	"Жывёла ў клетцы {5}: накормленая"
"/quests/Xenopark.qmm/parameters/4/crit_text"	"Сообщение достижения критического значения параметром 5"	"Quest Xenopark.qmm: parameters.4.crit_text. Preserve every <tag> exactly. English reference: Parameter 5 critical message"	"Quest,Xenopark"	"Паведамленьне пра дасягненьне крытычнага значэньня парамэтрам 5"
"/quests/Xenopark.qmm/parameters/5/name"	"текилла"	"Quest Xenopark.qmm: parameters.5.name. Preserve every <tag> exactly. English reference: tequila"	"Quest,Xenopark"	"тэкіла"
"/quests/Xenopark.qmm/parameters/5/lines/0/content"	"У вас есть: книга ""Пища редких животных нашей Галактики"""	"Quest Xenopark.qmm: parameters.5.lines.0.content. Preserve every <tag> exactly. English reference: Do you have the book ""How to feed xenomorphs""?"	"Quest,Xenopark"	"У вас ёсьць: кніга ""Ежа рэдкіх жывёлаў нашай Галяктыкі"""
"/quests/Xenopark.qmm/parameters/5/crit_text"	"Сообщение достижения критического значения параметром 6"	"Quest Xenopark.qmm: parameters.5.crit_text. Preserve every <tag> exactly."	"Quest,Xenopark"	"Паведамленьне пра дасягненьне крытычнага значэньня парамэтрам 6"
"/quests/Xenopark.qmm/parameters/6/name"	"хвост"	"Quest Xenopark.qmm: parameters.6.name. Preserve every <tag> exactly. English reference: tail"	"Quest,Xenopark"	"хвост"
"/quests/Xenopark.qmm/parameters/6/lines/0/content"	"У вас есть: книга ""Повадки и краткое описание редких ксеноморфов"""	"Quest Xenopark.qmm: parameters.6.lines.0.content. Preserve every <tag> exactly. English reference: Do you have the book ""Behaviour and brief description of xenomorphs ""?"	"Quest,Xenopark"	"У вас ёсьць: кніга ""Звычкі і кароткае апісаньне рэдкіх ксэнаморфаў"""
"/quests/Xenopark.qmm/parameters/6/crit_text"	"Сообщение достижения критического значения параметром 7"	"Quest Xenopark.qmm: parameters.6.crit_text. Preserve every <tag> exactly."	"Quest,Xenopark"	"Паведамленьне пра дасягненьне крытычнага значэньня парамэтрам 7"
"/quests/Xenopark.qmm/parameters/7/name"	"язык"	"Quest Xenopark.qmm: parameters.7.name. Preserve every <tag> exactly. English reference: tongue"	"Quest,Xenopark"	"язык"
"/quests/Xenopark.qmm/parameters/7/lines/0/content"	"Параметр номер 8: <>"	"Quest Xenopark.qmm: parameters.7.lines.0.content. Preserve every <tag> exactly. English reference: Parameter 8: <>"	"Quest,Xenopark"	"Парамэтар нумар 8: <>"
"/quests/Xenopark.qmm/parameters/7/crit_text"	"Сообщение достижения критического значения параметром 8"	"Quest Xenopark.qmm: parameters.7.crit_text. Preserve every <tag> exactly."	"Quest,Xenopark"	"Паведамленьне пра дасягненьне крытычнага значэньня парамэтрам 8"
"/quests/Xenopark.qmm/parameters/8/name"	"кола"	"Quest Xenopark.qmm: parameters.8.name. Preserve every <tag> exactly. English reference: Cola"	"Quest,Xenopark"	"кола"
"/quests/Xenopark.qmm/parameters/8/lines/0/content"	"Параметр номер 9: <>"	"Quest Xenopark.qmm: parameters.8.lines.0.content. Preserve every <tag> exactly. English reference: Parameter No9: <>"	"Quest,Xenopark"	"Парамэтар нумар 9: <>"
"/quests/Xenopark.qmm/parameters/8/crit_text"	"Сообщение достижения критического значения параметром 9"	"Quest Xenopark.qmm: parameters.8.crit_text. Preserve every <tag> exactly."	"Quest,Xenopark"	"Паведамленьне пра дасягненьне крытычнага значэньня парамэтрам 9"
"/quests/Xenopark.qmm/parameters/9/name"	"алмазы"	"Quest Xenopark.qmm: parameters.9.name. Preserve every <tag> exactly. English reference: diamonds"	"Quest,Xenopark"	"алмазы"
"/quests/Xenopark.qmm/parameters/9/lines/0/content"	"Параметр номер 10: <>"	"Quest Xenopark.qmm: parameters.9.lines.0.content. Preserve every <tag> exactly. English reference: Parameter No10: <>"	"Quest,Xenopark"	"Парамэтар нумар 10: <>"
"/quests/Xenopark.qmm/parameters/9/crit_text"	"Сообщение достижения критического значения параметром 10"	"Quest Xenopark.qmm: parameters.9.crit_text. Preserve every <tag> exactly."	"Quest,Xenopark"	"Паведамленьне пра дасягненьне крытычнага значэньня парамэтрам 10"
"/quests/Xenopark.qmm/parameters/10/name"	"кактус жрал?"	"Quest Xenopark.qmm: parameters.10.name. Preserve every <tag> exactly. English reference: Did you scoff a cactus?"	"Quest,Xenopark"	"кактус зьедзены?"
"/quests/Xenopark.qmm/parameters/10/lines/0/content"	"Параметр номер 11: <>"	"Quest Xenopark.qmm: parameters.10.lines.0.content. Preserve every <tag> exactly. English reference: Parameter No11: <>"	"Quest,Xenopark"	"Парамэтар нумар 11: <>"
"/quests/Xenopark.qmm/parameters/10/crit_text"	"Сообщение достижения критического значения параметром 11"	"Quest Xenopark.qmm: parameters.10.crit_text. Preserve every <tag> exactly."	"Quest,Xenopark"	"Паведамленьне пра дасягненьне крытычнага значэньня парамэтрам 11"
"/quests/Xenopark.qmm/parameters/11/name"	"Диалоговая"	"Quest Xenopark.qmm: parameters.11.name. Preserve every <tag> exactly. English reference: Dialogue"	"Quest,Xenopark"	"Дыялёг"
"/quests/Xenopark.qmm/parameters/11/lines/0/content"	"Параметр номер 12: <>"	"Quest Xenopark.qmm: parameters.11.lines.0.content. Preserve every <tag> exactly. English reference: Parameter No12: <>"	"Quest,Xenopark"	"Парамэтар нумар 12: <>"
"/quests/Xenopark.qmm/parameters/11/crit_text"	"Сообщение достижения критического значения параметром 12"	"Quest Xenopark.qmm: parameters.11.crit_text. Preserve every <tag> exactly."	"Quest,Xenopark"	"Паведамленьне пра дасягненьне крытычнага значэньня парамэтрам 12"
"/quests/Xenopark.qmm/toplanet"	"Лапицук"	"Quest Xenopark.qmm: toplanet. Preserve every <tag> exactly. English reference: Lapizze"	"Quest,Xenopark"	"Лапіцук"
"/quests/Xenopark.qmm/ranger"	"LorD"	"Quest Xenopark.qmm: ranger. Preserve every <tag> exactly."	"Quest,Xenopark"	"LorD"
"/quests/Xenopark.qmm/success_text"	"Дорогой <Ranger>, огромное вам спасибо за спасение животных в ксенопарке Ляпцвы Хица! Вот вам чек на сумму <Money> cr, что составляет примерно 10% от ежедневного дохода Ляпцвы Хица от ксенопарка. Мы надеемся, что вы и дальше будете плодотворно сотрудничать с пеленгской расой!"	"Quest Xenopark.qmm: success_text. Preserve every <tag> exactly. English reference: Dear <Ranger>, thank you very much for saving Brigee Bardozze's xenomorphs! Here is the check for <Money> cr, which is about 10% of Brigee Bardozze's yearly income produced by the xenopark. We hope for your future fruitful co-operation with the Peleng race!"	"Quest,Xenopark"	"Дарагі <Ranger>, вялікі вам дзякуй за выратаваньне жывёлаў у ксэнапарку Ляпцвы Хіца! Вось вам чэк на суму <Money> cr, што складае прыкладна 10% ад штодзённага даходу Ляпцвы Хіца ад ксэнапарку. Мы спадзяёмся, што вы і далей будзеце плённа супрацоўнічаць з пеленгскай расай!"
"/quests/Xenopark.qmm/task_text"	"Так вы и есть тот самый <Ranger>? Прекрасно, думаю, вас заинтересует наше предложение. На планете <ToPlanet> большой популярностью пользуется ксенопарк господина Ляпцвы Хица, в котором содержаться редчайшие животные Галактики. К нам обратился за помощью Вацха Шпицук - главный кормилец ксенопарка. К сожалению, некоторые... э-э-э, неприятности с таможней не позволяют ему покинуть <FromPlanet> в ближайшее время, а заряда батарей автоматического кормильца, по его заверению, хватит только на <Day> дней. Мы предлагаем вам отправиться на <ToPlanet> и на некоторое время заменить господина Вацху в ксенопарке. Мы думаем, что щедрость господина Хица приятно удивит вас. Разумеется, награду вы получите только в том случае, если все питомцы Ляпцвы Хица останутся живы к возращению главного кормильца.

Но учтите - через <Day> дней, а может и раньше, автоматический кормилец перестанет функционировать, и все животные умрут от голода. Вам нужно оказаться там раньше, и спасти животных от гибели."	"Quest Xenopark.qmm: task_text. Preserve every <tag> exactly. English reference: Are you the <Ranger>? Wonderful, I think our offer will be interesting for you. Mr. Brigee Bardozze's xenopark housing xenomorphs (the Peleng term for rare animals) from all over the Galaxy is very popular on planet <ToPlanet>. Rabby Terezze, the chief xenopark feeder, asked us for help. Unfortunately, some... errr..., problems with the customs will make him stay on <FromPlanet> for some time and he says that the automatic feeder battery charge will be enough for <Day> days only. We propose that you go onto <ToPlanet> and assume Mr. Terezze's responsibilities in the xenopark for that period of time. We suspect that Mr. Bardozze's generosity will be surprisingly nice. Of course, you will get your fee only if all Brigee Bardozze's pets are alive by the chief feeder's arrival.

But note - the automatic feeder will stop functioning in <Day> days, if not earlier, and then all the xenomorphs will die of hunger. So you must be there before it happens and save them."	"Quest,Xenopark"	"Так вы і ёсьць той самы <Ranger>? Выдатна, думаю, вас зацікавіць наша прапанова. На плянэце <ToPlanet> вялікай папулярнасьцю карыстаецца ксэнапарк спадара Ляпцвы Хіца, у якім утрымліваюцца самыя рэдкія жывёлы Галяктыкі. Да нас зьвярнуўся па дапамогу Вацха Шпіцук — галоўны карміцель ксэнапарку. На жаль, некаторыя... э-э-э, непрыемнасьці з мытняй не дазваляюць яму пакінуць <FromPlanet> у найбліжэйшы час, а зараду батарэяў аўтаматычнага карміцеля, паводле ягонага запэўніваньня, хопіць толькі на <Day> дзён. Мы прапануем вам адправіцца на <ToPlanet> і на нейкі час замяніць спадара Вацху ў ксэнапарку. Мы думаем, што шчодрасьць спадара Хіца прыемна зьдзівіць вас. Зразумела, узнагароду вы атрымаеце толькі ў тым выпадку, калі ўсе гадаванцы Ляпцвы Хіца застануцца жывыя да вяртаньня галоўнага карміцеля.

Але ўлічыце — праз <Day> дзён, а можа і раней, аўтаматычны карміцель перастане працаваць, і ўсе жывёлы памруць з голаду. Вам трэба апынуцца там раней і выратаваць жывёлаў ад гібелі."
"/quests/Xenopark.qmm/locations/0/texts/0/text"	"Едва двигатели вашего корабля смолкли, к кораблю подъехал аэрокар довольно презентабельного вида с надписью <clr>Ксенопарк Ляпцвы Хица<clrEnd> на боку. Похоже, что это обещанный встречающий. Вы вышли из корабля и подошли к аэрокару. После стандартной для пеленгских планет процедуры обыска/просвечивания/промывки всего, что только можно, вы чувствовали себя довольно неуютно.

- Вы <Ranger>? Вас прислал Вацха? - спросил молодой пеленг, выскочивший из кара. Было заметно, что он очень взволнован. Услышав утвердительный ответ, он обрадовался.
- Наконец-то! Мы уже думали, что вы не приедете. Животным стало совсем худо. Быстрее!!! Заряд в автокормильце кончился два дня назад, и мы уже совершенно отчаялись.

Вы сели в кар, и он взвился в воздух, на максимальной скорости направляясь на восток. 
    
- Ксенопарк находится за городской чертой - сами понимаете, животные разные бывают, - объяснял ваш провожатый.
- А у вас что, несчастные случаи были?
- Нет, что вы - просто мы на планете <ToPlanet> ценим покой своих соседей, а соседство с ксе...
- Будут... - прервали вы пеленга, захлебнувшегося на полуслове, - А ты, значит, помощник Вацхи Шпицука? 
- Да-да. Вот - он со мной связался и попросил передать вам эти книги...

С этими словами он протянул вам две тонкие электронные книжицы:
<clr> Пища редких  животных нашей Галактики <clrEnd>
<clr> Повадки и краткое описание редких ксеноморфов <clrEnd>"	"Quest Xenopark.qmm: locations.0.texts.0.text. Preserve every <tag> exactly. English reference: You hardly killed your ship's engines when a rather presentable aerocar with the <clr> ""Brigee Bardozze's xenopark ""<clrEnd> sticker on its side drove to the ship. It looked like they had kept their promise to meet you. You left the ship and approached the aerocar. After the check/X-ray/search-everything-possible procedure, which was quite usual for Peleng planets, you felt rather uncomfortable.

- Are you <Ranger>? Rabby sent you, right? - a young Peleng asked popping out of the car. He was obviously very excited. After your positive answer his face lit with joy.
- At last! We thought you wouldn't to make it. The situation with the xenomorphs is extremely bad. Make haste!!! It's been two days already since the autofeeder's battery ran out and we are completely desperate.

You sat into the car and it sailed up into the cloud rushing to the east with the maximum speed. 
    
- The xenopark is out of town - animals are different, you know, - your guide explained.
- Did you experience any accidents?
- No, thank goodness - we just care for our neighbours here, on <ToPlanet>, and don't want to bother them, and living in the vicinity of xeno...
- There will be some... - you interrupted the Peleng in mid-sentence, - So you are Rabby Terezze's assistant, aren't you? 
- Oh, yes. Here... he got in touch with me and asked me to pass these books to you...

With that he handed you two electronic booklets:
<clr> Food for Xenomorphs of our Galaxy <clrEnd>
<clr>Behaviour and Brief Description of Xenomorphs <clrEnd>"	"Quest,Xenopark"	""
"/quests/Xenopark.qmm/locations/1/texts/0/text"	"Вы полистали книги, что дал вам помощник кормильца ксенопарка. ""Пища животных..."" оказалась чем-то вроде инструкции по приготовлению корма для инопланетных животных, а ""Повадки..."" были заметками охотников и ученых, описывающих историю нахождения ценных экземпляров и их описание. Зачем вам голову забивать этой гадостью?

Вы отложили книги и остаток полета таращились в окно. Мимо вас проносились разноцветные смазанные пятна, в которые превратились пейзажи планеты <ToPlanet> на дважды сверхзвуковой скорости.

Наконец аэрокар опустился на лужайке перед огромным зданием. Вы вышли из машины, и помощник кормильца распахнул двери, ведущие во двор:
- Пожалуйте сюда, уважаемый <Ranger>...

Из боковой двери вышел бледный, ну или светло-зеленый, даже светло-желтый, пеленг, сжимавший в руках... что-то. Это что-то отчаянно визжало и пахло, похоже, это был один из питомцев ксенопарка.

- Вы и есть обещанный специалист по кормежке ксеноморфов? - поинтересовался хозяин твари. - Рад вас видеть - животным уже совсем худо... Боюсь, у нас дополнительные затруднения. Этот юный шпецокляк, - он показал на странное что-то, переставшее визжать, но, к сожалению, не переставшее вонять, - он решил немного поиграть, и перепутал таблички на клетках, поэтому, мы не знаем, в какую клетку какой корм бросать. Чтобы не усугублять дело, мы оставили все, как есть - может, часть табличек и осталась на своих местах...
- Как, вы даже не знаете, в какой клетке кто сидит?!!
- К сожалению, у нас только один специалист по ксеноморфам. А мы так - мелкие служащие и торгаши. Правда, еще сам господин Хиц хорошо разбирается во всех этих уродцах, но он уже неделю как отдыхает на Кванарах и появится нескоро. И, знаете, нам бы очень не хотелось беспокоить его по таким пустякам. Ведь о вас отзываются, как о компетентном специалисте. Ну как, вы готовы?"	"Quest Xenopark.qmm: locations.1.texts.0.text. Preserve every <tag> exactly. English reference: You leafed the books the chief feeder's assistant had given to you. ""Food for xenomorphs..."" turned out to be something like a manual for alien animal feeding, and ""Behaviour..."" contained notes by different hunters and scholars about the hunting for valuable species and descriptions. Did you really want to stuff your head with that junk?

You put the books aside and spent the rest of the flight gazing out of the window. The speed twice as supersonic turned the <ToPlanet>'s landscapes into multicoloured blurs that were flitting along.

At last the aerocar landed on the lawn in front of the huge building. You got out of the car and the feeder's assistant flung the door admitting to the yard open:
- Welcome, dear <Ranger>...

A pale, or...rather, a light-green, well...even a light-yellow Peleng appeared from behind the side door clasping...something. That something was squealing and stinking and looked very much like one of xenopark's pets.

- Are you the promised xenomorph-feeding expert? - the something's master asked. - I'm happy you've come at last - the animals feel completely awful already... And I'm afraid, it all became even more complicated now. This young sploshling, - he pointed to the strange creature in his hands that stopped squealing but was diffusing the same reek, unfortunately, - he decided to play a little bit and disarranged all the tablets on the cages. So now we don't know which feed should go where. Not to make the matter worse, we left everything as it was - may be some of the tablets had remained on their places...
- What do you mean? Don't you even know what animal lives in what cage?!!
- Unfortunately, we have just one xenomorph expert. And we are just clerks and traders. Mr. Bardozze is hep to all these freaks as well but he left for Cvanarians a week ago and we don't expect him back soon. And you know, we hate to bother him with such trifles - we heard you are a competent expert. So, are you ready?"	"Quest,Xenopark"	""
"/quests/Xenopark.qmm/locations/1/texts/1/text"	"Весь остаток полета вы таращились в окно, хотя рассмотреть на такой скорости вам ничего не удалось - пейзажи планеты <ToPlanet>  слились в одно цветное пятно. От подобного зрелища у вас только разболелась голова.

Наконец аэрокар опустился на лужайке перед огромным зданием. Вы вышли из машины, и помощник кормильца распахнул двери, ведущие во двор:
- Пожалуйте сюда, уважаемый <Ranger>...

Из боковой двери вышел бледный, ну или светло-зеленый, даже светло-желтый, пеленг, сжимавший в руках... что-то. Это что-то отчаянно визжало и пахло, похоже, это был один из питомцев ксенопарка.

- Вы и есть обещанный специалист по кормежке ксеноморфов? - поинтересовался хозяин твари. - Рад вас видеть - животным уже совсем худо... Боюсь, у нас дополнительные затруднения. Этот юный шпецокляк, - он показал на странное что-то, переставшее визжать, но, к сожалению, не переставшее вонять, - он решил немного поиграть, и перепутал таблички на клетках, поэтому, мы не знаем, в какую клетку какой корм бросать. Чтобы не усугублять дело, мы оставили все, как есть - может, часть табличек и осталась на своих местах...
- Как, вы даже не знаете, в какой клетке кто сидит?!!
- К сожалению, у нас только один специалист по ксеноморфам. А мы так - мелкие служащие и торгаши. Правда, еще сам господин Хиц хорошо разбирается во всех этих уродцах, но он уже неделю как отдыхает на Кванарах и появится нескоро. И, знаете, нам бы очень не хотелось беспокоить его по таким пустякам. Ведь о вас отзываются, как о компетентном специалисте. Ну как, вы готовы?"	"Quest Xenopark.qmm: locations.1.texts.1.text. Preserve every <tag> exactly. English reference: You spent the rest of the flight gazing into the window though the speed was so high that you failed to see anything - <ToPlanet>'s landscapes were only a coloured blur. Such a sight made your head ache.

At last the aerocar landed on the lawn in front of the huge building. You got out of the car and the feeder's assistant flung the doors admitting to the yard open:
- Welcome, dear <Ranger>...

A pale, or...rather, a light-green, well...even a light-yellow Peleng appeared from behind the side door clasping...something. That something was squealing and stinking and looked very much like one of xenopark's pets.

- Are you the promised xenomorph-feeding expert? - the something's master asked. - I'm happy you've come at last - the animals feel completely awful already... And I'm afraid, the things are even more complicated now. This young sploshling, - he pointed to the strange creature in his hands that stopped squealing but was diffusing the same reek, unfortunately, - he decided to play a little bit and disarranged all the tablets on the cages. So now we don't know which feed should go where. Not to make the matter worse, we left everything as it was - may be some of the tablets had remained on their places...
- What do you mean? Don't you even know what animal lives in what cage?!!
- Unfortunately, we have just one xenomorph expert. And we are just clerks and traders. Mr. Bardozze is hep to all these freaks as well but he left for Cvanarians a week ago and we don't expect him back soon. And you know, we hate to bother him with such trifles - we heard you are a competent expert. So, are you ready?"	"Quest,Xenopark"	""
"/quests/Xenopark.qmm/locations/2/texts/0/text"	"Вы сунули служащему в руки книги и широким шагом направились к аэрокару, бормоча себе под нос:

Мало того, что я должен всяких тварей кормить, так еще и в ""угадай животное"" играть. Я угадаю эту зверюгу с первого укуса... Тьфу! Вот вернусь на планету <FromPlanet>, я этому специалисту по кормлению ксеноморфов устрою лекцию!!!

У самого кара вас нагнал помощник кормильца:
- Жаль, похоже, что несчастных зверушек ждет голодная смерть, а нас - разорение... Прощайте. Я думаю, вам не следует появляться на нашей планете - жителям планеты <ToPlanet> не понравится иметь дело с человеком, лишившим их такого развлечения и обрекшего на голодную смерть ни в чем не повинных ксеноморфов... Прощайте, губитель беззащитных зверушек - все население нашего сектора узнает, что благодаря вам, <Ranger>, в Бледно-Красном талмуде стало на несколько существ больше.
- Да подотри ты своим Бледно-Красным талмудом свою бледно-зеленую задницу! Ищите другого специалиста!"	"Quest Xenopark.qmm: locations.2.texts.0.text. Preserve every <tag> exactly. English reference: You forced the books into the clerk's hands and strode to the aerocar murmuring:

No way! It's not just feeding these beasts but playing that damn ""Nick the animal"" game thing. I'll nick that animal after it bites me just once... Faugh! Let me just get back to <FromPlanet>, I'll give that xenomorph feeding expert a doing!!!

The feeder's assistant drew up with you right at the car:
- What a pity! It looks like poor creatures will starve to death, and we'll take the knock... Good bye. I think you better stay away from <ToPlanet> - the locals won't have any desire to deal with the individual who deprived them of such an entertainment and doomed these harmless xenomorphs to dying of hunger... Good bye, harmless animal blighter - all the population of our sector will know that due to you, <Ranger>, there appeared several more items in the Incarnadine Talmud.
- Wipe your light-green ass with this Incarnadine Talmud! Go find another expert!"	"Quest,Xenopark"	""
"/quests/Xenopark.qmm/locations/3/texts/0/text"	"Вы прошли в просторное помещение. Слева стоят пять клеток с различными тварями. Справа - семь чанов с неаппетитными субстанциями, похоже, предназначенными для кормления ксеноморфов.

Что делать? Таблички-то перепутаны, а нужно накормить тварей правильно... Одно радует - еды в чанах навалом. И на чанах все таблички на месте, по крайней мере, так заверил смотритель... По меньшей мере странно - если не вспоминать про подлость и извращенное чувство юмора пеленгов."	"Quest Xenopark.qmm: locations.3.texts.0.text. Preserve every <tag> exactly. English reference: You entered a big room. There are five cages with all kinds of beasts to your left. And seven tubs with some hockey, which probably was the food for the xenomorphs.

What will you do? The tablets are disarranged and you can't make mistakes and should give each creature the food it needed... There is just one nice thing - there are piles of food in the tubs. And all the tablets are on their places; at least that was what the caretaker said... The latter was strange, to say the least, considering the Peleng's meanness and perverted sense of humour."	"Quest,Xenopark"	"Вы прайшлі ў прасторнае памяшканьне. Зьлева стаяць пяць клетак з рознымі пачварамі. Справа — сем чанаў з неапэтытнымі субстанцыямі, падобна, прызначанымі для кармленьня ксэнаморфаў.

Што рабіць? Таблічкі ж пераблытаныя, а трэба накарміць пачвараў правільна... Адно цешыць — ежы ў чанах навалам. І на чанах усе таблічкі на месцы, прынамсі, так запэўніў даглядчык... Прынамсі дзіўна — калі не ўспамінаць пра подласьць і скажонае пачуцьцё гумару пеленгаў."
"/quests/Xenopark.qmm/locations/4/texts/0/text"	"Вы стоите у клетки №1, на ней висит табличка <clr>""Большой хаббат. Планета Табот""<clrEnd>."	"Quest Xenopark.qmm: locations.4.texts.0.text. Preserve every <tag> exactly. English reference: You're standing at Cage №1 with the tablet <clr>""Big habbath. Planet Taboth ""<clrEnd> on it."	"Quest,Xenopark"	"Вы стаіце ля клеткі №1, на ёй вісіць таблічка <clr>""Вялікі хаббат. Плянэта Табот""<clrEnd>."
"/quests/Xenopark.qmm/locations/5/texts/0/text"	"Вы стоите у клетки №2, на ней висит табличка <clr>""Болотный жвырклац. Планета Чвак""<clrEnd>."	"Quest Xenopark.qmm: locations.5.texts.0.text. Preserve every <tag> exactly. English reference: You're standing at Cage №2 with the tablet <clr>""Swamp phatklink. Planet Chvack ""<clrEnd> on it."	"Quest,Xenopark"	"Вы стаіце ля клеткі №2, на ёй вісіць таблічка <clr>""Балотны жвырклац. Плянэта Чвак""<clrEnd>."
"/quests/Xenopark.qmm/locations/6/texts/0/text"	"Выстоите у клетки №3, на ней висит табличка <clr>""Клисанский прото-шпок. Клисаны""<clrEnd>."	"Quest Xenopark.qmm: locations.6.texts.0.text. Preserve every <tag> exactly. English reference: You're standing at Cage №3 with the tablet <clr>""Klissan proto-shpock. The Klissans""<clrEnd> on it."	"Quest,Xenopark"	"Вы стаіце ля клеткі №3, на ёй вісіць таблічка <clr>""Клісанскі прота-шпок. Клісаны""<clrEnd>."
"/quests/Xenopark.qmm/locations/7/texts/0/text"	"Вы стоите у клетки с надписью <clr>""Благородный Айшаут. Планета Фаяэтон""<clrEnd>."	"Quest Xenopark.qmm: locations.7.texts.0.text. Preserve every <tag> exactly. English reference: You're standing at the cage with the superscription <clr>""Graceful Aishaut. Planet Faeyaton ""<clrEnd> on it."	"Quest,Xenopark"	"Вы стаіце ля клеткі з надпісам <clr>""Высакародны Айшаут. Плянэта Фаяэтон""<clrEnd>."
"/quests/Xenopark.qmm/locations/8/texts/0/text"	"Вы стоите у клетки №5, на ней висит табличка <clr>""Песчаный шип. Планета Марс""<clrEnd>."	"Quest Xenopark.qmm: locations.8.texts.0.text. Preserve every <tag> exactly. English reference: You're standing at Cage №5 with the tablet <clr>""Sandy ship. Planet Mars ""<clrEnd> on it."	"Quest,Xenopark"	"Вы стаіце ля клеткі №5, на ёй вісіць таблічка <clr>""Пясчаны шып. Плянэта Марс""<clrEnd>."
"/quests/Xenopark.qmm/locations/9/texts/0/text"	"И в какой же книге вы хотите ума набраться?"	"Quest Xenopark.qmm: locations.9.texts.0.text. Preserve every <tag> exactly. English reference: So, what book do you want to hive wisdom from?"	"Quest,Xenopark"	"І ў якой жа кнізе вы хочаце розуму набрацца?"
"/quests/Xenopark.qmm/locations/10/texts/0/text"	"Вы открыли книгу <clr>""Повадки и краткое описание редких ксеноморфов""<clrEnd>.
Пять различных разделов, в каждом из которых описывается животное, находящееся в ксенопарке. Информация представлена в текстовом виде, или аудиозаписями. Скорее, это даже не описания, а просто история обнаружения этих видов, со слов тех, кто впервые на них наткнулся.

О каком животном вам нужна информация?"	"Quest Xenopark.qmm: locations.10.texts.0.text. Preserve every <tag> exactly. English reference: You opened the book <clr>""Behaviour and brief description of xenomorphs ""<clrEnd>.
There are five different chapters, each containing the description of one animal from the xenopark. The information is provided in text view or in audiorecords. Rather, these are not descriptions but just stories about how these species were found told by those who were the first to come across them.

What xenomorph do you want to know about?"	"Quest,Xenopark"	"Вы адкрылі кнігу <clr>""Звычкі і кароткае апісаньне рэдкіх ксэнаморфаў""<clrEnd>.
Пяць розных разьдзелаў, у кожным зь якіх апісваецца жывёла, якая знаходзіцца ў ксэнапарку. Інфармацыя пададзеная ў тэкставым выглядзе або аўдыёзапісамі. Хутчэй, гэта нават не апісаньні, а проста гісторыя выяўленьня гэтых відаў, са словаў тых, хто ўпершыню на іх наткнуўся.

Пра якую жывёлу вам патрэбная інфармацыя?"
"/quests/Xenopark.qmm/locations/10/texts/1/text"	"Мой отряд был горд тем, что именно его членам пришлось столкнуться с опаснейшим хищником, свирепая ярость и необычайная сила которого достойна стать символом несокрушимой мощи малокской расы.

Этот беспощадный противник уничтожил половину отряда. Благодаря своей невероятной способности маскироваться в скалах Табота хаббат врасплох захватил наш разведывательный отрад. Но нужда малокской казны в сапфирах Табота для увеличения военного бюджета превысила страх перед этим зверем. Да, страх, ибо под медно-красным солнцем Табота были похоронены достойнейшие бойцы, цвет малокской армии. Все они были найдены с раскроенными черепами возле скал, где обитают хаббаты. Уже тогда стало ясно, что мы столкнулись с достойным противником, обладающим немалой силой. И мы впервые познали страх, и не стыдимся признать это.

Но самое невероятное - это полнейшее презрение к смерти, характерное для хаббатов. Будучи окруженным превосходящими силами, враг не бежал, а лишь презрительно смеялся. И даже под пытками он не был сломлен - лишь хриплый смех бросал он в лицо своим мучителям, этот смех до сих пор стоит в моих ушах: ""хыр-хыр-хрр-ха!""

Хаббат - вот зверь, который должен стать символом малокской нации, ее силы, величия и неустрашимости, непобедимости военной мощи малокской армии."	"Quest Xenopark.qmm: locations.10.texts.1.text. Preserve every <tag> exactly. English reference: My detachment was proud of the fact that it was its members who came across the most dangerous predator whose ferocious violence and unusual strength could be the symbol of the Maloq race and its undeletable might.

That merciless enemy killed one half of the detachment. Due to its incredible skill to disguise in the Taboth Mountains, the habbath took our scouting detachment at advantage. But the need of the Maloq treasury in Taboth sapphires for the war budget increase exceeded the fear of the beast. Yes, it was fear because the worthiest fighters, the pick of the army, were buried under the Taboth copper sun. All of them had been found with slit sculls near the rocks where habbaths lived. It became clear since then that we had come across a worthy and very strong enemy. And we tasted of fear for the first time and don't blush to own it.

But the most incredible thing was his complete scorn of death that is very typical of habbaths. Surrounded by exceeding forces, the enemy didn't run but just laughed scornfully. Even torture didn't break him - it laughed in the face of torture, and that laughter is still ringing in my ears: ""hyr-hyr-hrr-ha!""

Habbath! This is the beast that should become the symbol of the Maloq nation, its strength, greatness, and fearlessness, associated with swordskills and invincibility of the Maloq army."	"Quest,Xenopark"	""
"/quests/Xenopark.qmm/locations/10/texts/2/text"	"Болотный жвырклац - наиболее редкая разновидность жвырклаца, но и наиболее интересная для историков и пеленгологов, потому что есть все основания считать, что именно болотные жвырклацы тысячи лет назад были домашними любимцами великой расы шмеленгов, наших предков. Некоторые даже считают,  что пеленги произошли от жвырклацев, и в качестве доказательства приводят тот факт, что количество рук болотного жвырклаца тоже равно четырем. Это серьезный аргумент, но они не учитывают тот факт, что ног у жвырклаца нет совсем, тогда как у пеленгов их две...

   Болотные жвырклацы были найдены только на трех планетах: в Больших Хлябях на Лупцаваке, в Великих Топях на Чваке и в Огромном Плюхе на Малой Жокпе. Именно на тех трех планетах, где найдены остатки древней культуры шмеленгов.

   Болотный жвырклац необычайно хороший пловец, и практически всю жизнь проводит в воде. Мясистые губы и зубки служат своего рода фильтром, процеживающим болотную жижу в поисках чмух - любимой их пищи. Благодаря длинным и сильным лапам, жвырклац может перемещаться огромными прыжками, гоняясь за сосунами или самками-жвырклацами.

   Этот забавный зверек хорошо поддается дрессировке, что подтверждает их когда-то домашнюю историю, к тому же, их так приятно гладить..."	"Quest Xenopark.qmm: locations.10.texts.2.text. Preserve every <tag> exactly. English reference: Swamp phatklink is the most rare type of phatklinks and the most interesting one for historians and pelengists because there is every reason to believe that it is these swamp phatklinks who were home pets of the great race, Shmelengs, our ancestors ages ago. Some scholars even think that the Pelengs are descendants of phatklinks and to prove it, they mention the fact that the swamp phatklink also has four arms. This is a serious argument but they forget that phatklinks have no legs at all whereas Pelengs have two of them...

   Swamp phatklinks were only found on three planets: in Big Cataracts on Luptzvack, in Big Swales on Chvack, and in Huge Plumper on Small Uprat. These are the planets where cultural remains of ancient Shmeleng civilisation were found.

   The swamp phatklink is an extremely good swimmer and spends almost all of his life in the water. His flashy lips and teeth make a filter of a kind that strains swamp water to find phlies, the phatklinks' favourite food. Due to their strong and long paws, phatklinks can make large leaps chasing sucklings or female phatklinks.

These amusing animals are easily trained and this fact just verifies their former pet history, plus they are so nice to pat..."	"Quest,Xenopark"	""
"/quests/Xenopark.qmm/locations/10/texts/3/text"	"Все начиналось как обычно - я с рейнджерами Антоном и Рабиновичем взяли этого клисанина в кольцо и ударили одновременно. Ну и, разумеется, разнесли его к [цензура] матери. И тут открывается проход в гипер, выныривает этот зеленый гаденыш  Пенцаквак, [цензура] ему под третью подмышку, и всю протоплазму грузит к себе на борт. Ну, мы с ребятами и не выдержали: догнали его в гипере и так отвалтузили, что он при слове ""протоплазма"" до сих пор писается, [цензура] зеленая.

    Но самое интересное - в куче этой дерьмовой протоплазмы мы нашли вот эту зверюгу. Она сидела и дожевывала ошметок, кажется, протопузырь... хотя, может и жабродюзу... Не в этом дело. Я сначала думал - клисанин, мы ж их и не видели никогда. На кой черт их корабли целыми захватывать, если Родине нужна протоплазма? Но, как оказалось, ошиблись мы. Это навроде как ихняя зверушка оказалась. Рабинович говорит - ""А ну если по нему из плазмика шваркнуть?"" А Антон ему в ответ: ""Дурак ты, Рабинович, тебе бы все из плазмика шваркать. Я предлагаю его из шварка плазмануть...""

   Короче, так бы и ругались, как бабки подколодные, но тут эта тварь подбегла ко мне и стала об ногу тереться. Ну, жалко стало... Комбинезон то новый был, я его потом чуть от слизи ентой оттер... А эта гадость шестилапая все лащится... как собака. А потом мы глядь - а лап уже четыре. Нет, Капитан, мы на рейды выпимши не ходим... Короче, удивились мы сначала, что у собаки-то пять ног. А потом Рабинович говорит: 
- Тот бренди, что мы у Шпука отобрали, порченый был! Говорил же, надо было за Лапаком гнаться, а вы все ныли: ""давай дипломату поможем... давай дипломату поможем""! 

   Ну, мы думали, чего это он взбеленился, вроде и закусывали хорошо - икрой морского рапицука, а как на собаку глянули: ай и образина ж - зеленая, трехлапая, сидит, глядит... подмигивает. Чур меня, чур меня - штоб я еще когда к Иванычу на именины пошел, а потом систему освобождать... Не, уж лучше меня пусть в космолете трезвого укачает, чем я потом при виде ошметка креститься буду. Не, товарищ Капитан, мы не пили..."	"Quest Xenopark.qmm: locations.10.texts.3.text. Preserve every <tag> exactly. English reference: It all started as usual - ranger Anton, Schulman and me surrounded that Klissan and struck simultaneously. And, cut him up to the state of [censored]. And suddenly a passage to the hyper opens and so this green piece of scum [censored] Penzquack - [cenozred] him and his [cencored] four-handed kin, and loads all of the protoplasma on board of his ship. Well me and the lads we got upset you know, so we chased him into the hyper and we whaled'im good so that this green [censored] pees every time he hears the word ""protoplasm"".

    Well, the most interesting thing about this - right in the middle of this freaking pile of protoplasma we found this little beast here. It was sitting there, munching on something that looked like a protobladder - almost finished it by that time, it did... or maybe it was a gillnozzle... Well, that's not important. At first I thought it was a Klissan - I mean, we never seen'em before. So, methinks, why the hell would we want to capture their ships intact, when all the fatherland wants is protoplasma, right? But as it turned out we were mistaken. Turned out to be some beast of theirs - it was. So Schulman says - ""What if we whack'im with this plasmagun, eh?"" And Anton goes: ""Back off, Schulman, if you could have things your way you'd whack the entire universe with plasmaguns, you would! I say let's plasmack it with this whacker...""

Well, to cut a long story short - they could be going like that for ages, like a couple of them old geezers on a bench, you know, but then this little scumdog runs over to me and starts rubbing itself against me leg. Well, I felt sorry for it, couldn't help it really... I mean I had them new overalls on, and I hardly managed to wash that slime off, y'know... And this six-legged beast keeps rubbing against me leg, just like your dog would. Then next thing you know it already only has four legs. No, Cap, we don't drink before the raids... Anyway, we are all quite surprised at seeing this dog has five legs, you know, and then Schulman goes: 
- Remember that brandy we got from Schpook? It was all foul, you know! I told ya, we should of been chasing Lapack, but you lot kept whining: ""let's help the diplomat... let's help the diplomat""! 

So we all think, wassup with that, what's got into him, the food was good - you know, that sea rapitzuck caviar thing, and then we looks at that dog - gee, what a hideous sight she was! All green, three-legged, sits there and winks at us, you know. Ye gods, I be beggared if I take a system liberation mission after that guy's birthday party again... No way, I'd be better off puking all over this spaceship 'cause of being space-sick, then freak out at the sight of this green stump. Nah, Cap'n, we ain't been drinkin', we 'aven't..."	"Quest,Xenopark"	""
"/quests/Xenopark.qmm/locations/10/texts/4/text"	"С точки зрения созерцательной теософистики, Айшаут отождествляет собой сингулярный резервуар коапсулярной биоэнергетики, что является явным доказательством его гармонического сосуществования с эфиром планеты Фаяэтон, на которой обнаружен этот уникальный вид глубоко разумной растительной жизни. 
    Проведенные гаальскими иикэ-баанистами научные исследования показали, что это растение является сосредоточением мудрости, о чем явно говорит углубленность в самосозерцательный процесс поиска философского эго. Степень гармонического ритмизирования с Нирваной настолько высока, что даже самые юные особи Айшаута практически не реагируют ни на какие попытки установления контакта, предпринятые нашими учеными. Исключительная самоупорядоченность и гармоническое сосуществование со светом небесных сосредоточений энергии...""

...Вы так поняли, что имеется в виду то, что как и все растения, айшауты способны синтезировать необходимые для своего существования вещества только на свету. 

""...на уровне квантового взаимного проникновения позволяет подвести философский базис под учение древнего гаальского ученого по имени Пи-Фига Гоор, который говорил - ""дас ист ор нот то ист"", что значит: 
""все истинно существующее не может не существовать, так как оно истинно существует, сосуществуя в гармонии с другими истинно существующими субъектами, чье истинное существование есть истина, заложенная в высшие структуры мироздания...""

...Эта фраза надолго ввергла вас в ступор, и только полведра холодной воды, вылитые на голову, привели вас в чувство.

""...и является прямым доказательством существования высшего разума именно в той флуктуальной ипостаси, о которой упоминается в трудах великого гаальского философа Краан-Та, говорившего - ""ахтунг шнелле - зиг Гитлер капут"", что значит:
  ""нет разума более великого в своей эфирной испостаси, пронзающего иллюзорное мироздание, чем...""

Вы поняли, что если будете читать дальше, то ""синхронизируетесь по сингулярной фазе с ритмом шизофренически-обоснованного идиотизма"". Правда, одна фраза, подчеркнутая красным, привлекла ваше внимание:

""...широта взглядов внутренней созерцательности обосновывается не только внушительным размером инструмента зрительного познания мира, но и обилием пространственно раскинутых органов ритмизации с биением разума вселенского эфира, называемых листьями, количество который соразмерно количеству спутников планеты Оокани, чья идеально сферическая форма эквивалента зрительному образу черного солнца Фаяэтона, что в очередной раз подтверждает истинность...""

Вы как-то раз пролетали мимо этой планеты, и точно помните, что спутников у нее четыре... или три, но уж точно не два и не пять..."	"Quest Xenopark.qmm: locations.10.texts.4.text. Preserve every <tag> exactly. English reference: In the context of speculative theosophistry, Aishout is identified with a singular reservoir of coapsular bioenergetics, and this fact proves it's harmonious co-existence with the ether of the Faeyaton planet where this unique species of deeply intelligent vegetable life was found. 
    The research made by Gaalian ihike-bahanists showed that this plant is the concentration of wisdom, because it is obviously involved in the self-meditative process of searching after the philosophical ego. The level of harmonious rhythming with Nirvana is so high, that even Aishout juveniles hardly react at all our scholars' attempts of contacting them. The unique self-patterning and harmonious co-existence with the light of celestial energy concentrations...""

...As far as you understood, it meant that like all plants, Aishouts synthesised all substances necessary for their existence in the light only.

""...on the level of quantum interpenetration allows us to put some philosophical substance under the study of the ancient Gaalian scholar, Peehee-Phiga-Gohor in the name, who said ""Das ist or not to ist"", which is: 
""Everything that truly exists can't but exist, harmoniously co-existing with other truly existing individuals whose true existence is the truth laid into the supreme structures of universe...""

...This phrase made you stuporous for a long time, and only half a pail of cold water poured on you brought you to yourself.

""...and direct evidence of the fact that the supreme nous exists in the very phluctual hypostasis that was mentioned in the works of the great Gaalian philosopher, Krahan-T by name, who said ""Ahtung schneller - zig Hitler kaput"", which is:
  ""There is no nous that penetrates the phantasmal universe and is greater in its ether hypostasis than..."" You realised that if you read further, you "" will synchronise your rhythm with the rhythm of schizophrenically justified idiocy to the level of singular phase "".

However, one phrase underlined in red, attracted your attention:

""...The largeness of the inner meditativeness is based not only on the substantial size of the universe noesis visual instrument, but also on plenty of expanded in space organs of rythmisation with the beating of the universe ether nous (we call these organs leaves); the quantity of them is equal to the number of the satellites travelling around the Ohokany planet whose ideally spherical shape is equivalent to the visual image of Faeyaton's black sun, and the latter fact is just one more evidence of...""

You remember flying by that planet once - surely, it had four satellites... or three, but by no means two or five..."	"Quest,Xenopark"	""
"/quests/Xenopark.qmm/locations/10/texts/5/text"	"На эту красную планету нас привела нужда: эти грязные мародеры, эти вонючие таможенники с Венеры почему-то признали наши превосходные героино-марихуанистые сигары контрабандой, и конфисковали груз! К счастью, они не нашли партию ЛСД-120 Дрык, которую мы решили выгодно продать на Марсе.
   
Жара и полное отсутствие воды сильно отразились на аморальном облике моей банды... я хотел сказать команды, конечно же, команды. Эти грабители со Станции Водоснабжения заломили такую цену за кружку воды, что мне теперь неудобно называть себя пиратом. Разве я сказал пиратом? Я хотел сказать торговцем. Но самое большое омерзение вызвала встреча с шипом, или шипом песков, как его называли бледнокожие аборигены.

Несмотря на сходство его морды с благородным профилем лица пеленга, ужасный цвет шкуры прямо резал глаза, а на ощупь она была... бр-ррр, уж лучше гладить улюлюкского жмотогриба. Если добавить к этому  полное отсутствие рук, то нарисованный мною портрет Песчаного Шипа надолго отобьет у вас желание уснуть. Несмотря на это, животное уверенно двигалось по пескам Марса, и мы использовали его в качестве вьючного животного... бр-р-р, до сих пор не могу забыть прикосновения к противной шкуре этого животного. Мы провинившихся заставляли навьючивать его в качестве наказания...

...Нет!!! Не надо, гражданин начальник, я больше не буду. Это не мой груз, и я не знаю, как на нем оказались мои отпечатки! Это вообще не мой корабль - я честный пеленг!!! Я совершенно не помню, как на нем оказался... я даже не помню, как меня зовут!!! Мама, мама - агу, агу, хочу сладкую швацку!!! Начальник, только без рук - я буду жаловаться Ассоциации Киллеров!"	"Quest Xenopark.qmm: locations.10.texts.5.text. Preserve every <tag> exactly. English reference: A special necessity brought us to this red planet: these dirty looters, stinky custom rats from Venus somehow considered our excellent heroino-marihuanic cigars to be contraband and confiscated the freight! Fortunately enough, they failed to find the LSD -120 Dryck consignment that we were planning to sell at the best on Mars.
   
Heat and lack of water influenced the immoral image of my gang a lot... I mean, team, oh yes, team. Those harriers from the Water supplying station opened their mouth so wide naming the price for a jug of water that I feel awkward now calling myself a pirate. Did I say pirate? I meant a trader, of course. But the meeting with the Ship or the Sand Ship, as the pale-skinned locals call it, was the most horrible experience.

Although his muzzle reminded a noble Peleng profile, the awful colour of its skin just screamed, and the skin itself touched... ough! I'd rather pat an ohlalaian greedorshroom. The absence of arms will make the description of the Sand Ship complete and the beast's full image will be a damper to your desire to sleep for a long time. In spite of all this, it felt completely confident in the Martian sands and we used it as a pack animal... ough!, I still can't make my mind of touching this beast's nasty skin. To pack it was our punishment for misbehaviour...

...No!!! Don't, mister officer, I'll never do it again. This is not my freight, and I have no idea how it came that my fingerprints are on it! This is not my ship at all - I'm an honest Peleng!!! I clean forgot how I landed up in it... I don't even remember my name!!! Mummy, mummy - agoo-goo, I wanna a sweetzie!!! Officer, anything but shooting - I will complain to the Association of Killers!"	"Quest,Xenopark"	""
"/quests/Xenopark.qmm/locations/11/texts/0/text"	"Вы направились к правой стене, возле которой стоят семь огромных чанов, плотно прикрытых крышкой. На них висят таблички с названиями. Местный администратор заверил вас, что шпецокляк не успел поменять их местами, поэтому в чанах находится именно то, что на них написано. Вот только вам от этого не легче..."	"Quest Xenopark.qmm: locations.11.texts.0.text. Preserve every <tag> exactly. English reference: You approached the right wall with seven huge tubs at it, which are tightly topped. There are tablets with names on them. The local care-keeper assured you that the sploshling didn't mix them up so the substances in the tubs coincide with the tablets. But it doesn't make the whole situation easier..."	"Quest,Xenopark"	"Вы накіраваліся да правай сьцяны, каля якой стаяць сем вялізных чанаў, шчыльна прыкрытых вечкам. На іх вісяць таблічкі з назвамі. Мясцовы адміністратар запэўніў вас, што шпецокляк не пасьпеў памяняць іх месцамі, таму ў чанах знаходзіцца менавіта тое, што на іх напісана. Вось толькі вам ад гэтага не лягчэй..."
"/quests/Xenopark.qmm/locations/12/texts/0/text"	"Вы открыли книгу <clr>""Пища редких  животных нашей Галактики""<clrEnd>, точнее не книгу, а набор разрозненных файлов следующего содержания:

1. Для поддержания жизни <clr>Жвырклаца<clrEnd> необходим витамин Б-685, который содержится в стеблях болотного вереска или в мизерном количестве добывается из костного мозга Шталомийских Габозавров, однако, габозавры не менее редки, чем сами жвырклацы.

2. <clr>Айшаут<clrEnd> предпочитает благородную пищу с большим содержанием углеводов и углекислого газа, чтобы синтезировать глюкозу и сахарозу, являющимися важнейшими элементами растительного организма Айшаута. Причиной вымирания Айшаутов стала их пищевая ценность для аборигенов, делающих из их стеблей муку, насыщенную углеводами.

3. <clr>Шипы<clrEnd> любого семейства питаются исключительно растительной пищей с содержанием слабокислых жидкостей (соков) или жидкой пищей, так как обитают в условиях пониженной влажности. Они способны долгое время обходиться без пищи и воды.

4. Как и любой хищник, <clr>Прото-шпок<clrEnd> питается органической плотью убитых им животных, в неволе возможно кормление насыщенной живой органикой - внутренние процессы должны быть активными. Пассивную органику прото-шпок игнорирует, но способен поглощать неорганические соединения, хотя это и вызывает необратимые изменения ДНК животного.

5. <clr>Хаббаты<clrEnd> питаются порошком Солнечного некамня, укрепляющего их броню. К сожалению, в виде порошка солнечный некамень в естественных условиях практически не встречается, что приводит к их вымиранию, в виду невозможности переварить твердую пищу. При кормлении в неволе Солнечный некамень следует измельчать или растирать в порошок.

<clr>Внимание! При кормлении нужно помнить, что животные игнорируют не все виды непригодного для них корма, кое-что они могут съесть по ошибке. Между тем корм одних видов для других может быть как безвреден, так и оказаться смертельным ядом или вызвать серьезную болезнь.
В случае пищевого отравления переход на привычный вид корма помогает выйти из кризиса, и животное выздоравливает.<clrEnd>"	"Quest Xenopark.qmm: locations.12.texts.0.text. Preserve every <tag> exactly. English reference: You opened the book <clr>""Food for xenomorphs of our Galaxy""<clrEnd>, rather, it was not a book but a number of separate files containing the following information:

1. Vitamin B-685 is necessary to maintain life of <clr>the phatklink<clrEnd>. It is contained in the stems of swamp heather or extracted in scraps from the marrow of Stalomian Gabosauruses. However, the latter are as rare as phatklinks themselves.

2. <clr>The Aishout<clrEnd> prefers refined food with high content of carbohydrates and carbon dioxide to synthesise glucose and sucrose, which are the most important components of Aishout's vegetable organism. The reason for Aishouts' extinction was their eating quality for aborigines who made flour high in carbohydrates out of their stems.

3. All types of <clr>Ships<clrEnd> feed only on vegetable food containing slightly sour liquids (juices) or liquid food because they live in hyporhumid conditions. They can do without water and food for a long time.

4. As any other raptor, <clr>Proto-shpock<clrEnd> feeds on organic flash of killed animals; in captivity it is possible to feed it with saturated live organics - the inner processes of the beast should stay active. It ignores passive organics but can eat non-organic compounds though it causes irreversible changes of the animal's DNA.

5. <clr>Habbaths<clrEnd> feed on the ground Sun nonstone that strengthen their armour. Unfortunately, ground Sun nonstone hardly exists in the nature, which brings to Habbaths' dying-out due to their inability to digest solid food. So to feed a captive habbath it is necessary to ground the Sun nonstone.

<clr>Caution! While feeding the animals, one should keep in mind the following - they don't ignore ALL types of food that are improper for them and can make a mistake and eat something different from what they must get. This food might be either completely harmless for them or, vice versa, turn out to be a deadly poison or cause serious disease.
In case of food poisoning the habitual food helps the sick animal to overcome crisis and it recovers <clrEnd>."	"Quest,Xenopark"	""
"/quests/Xenopark.qmm/locations/13/texts/0/text"	"Пока звери с голодухи ноги не протянули, нужно быстрее решать, в какую клетку какой корм засыпать. Только, главное, не ошибиться. Вы в раздумьи остановились перед чанами. Что же за зверь сидит в клетке №1, и чем он питается?"	"Quest Xenopark.qmm: locations.13.texts.0.text. Preserve every <tag> exactly. English reference: Before the beasts got off the hooks starving, you should hurry up and decide what feed will go where. The hell of the thing is that you can't make mistakes. You stay thinking in front of the tubs. What beast is kept in Cage №1 and what does it feed on?"	"Quest,Xenopark"	"Пакуль зьвяры з голаду не падохлі, трэба хутчэй вырашыць, у якую клетку які корм сыпаць. Толькі, галоўнае, не памыліцца. Вы ў роздуме спыніліся перад чанамі. Што ж за зьвер сядзіць у клетцы №1, і чым ён сілкуецца?"
"/quests/Xenopark.qmm/locations/13/texts/1/text"	"Вы взяли пучок Лаап-Ши и высыпали в кормушку. Животное <clr>проигнорировало<clrEnd> ваши искренние намерения спасти ему жизнь."	"Quest Xenopark.qmm: locations.13.texts.1.text. Preserve every <tag> exactly. English reference: You took a bunch of Noohoo-Dle and put it in the manger. The animal <clr>ignored <clrEnd> your true attempts to save its life."	"Quest,Xenopark"	"Вы ўзялі пук Лаап-Шы і высыпалі ў кармушку. Жывёла <clr>праігнаравала<clrEnd> вашыя шчырыя намеры выратаваць ёй жыцьцё."
"/quests/Xenopark.qmm/locations/13/texts/2/text"	"Животное робко протянуло морду к поилке и принялось жадно лакать. Вы уже вздохнули с облегчением, когда оно вдруг принялось отчаянно икать, причем икота сопровождалась обильной отрыжкой. Кажется, ксеноморф <clr>отравился<clrEnd>."	"Quest Xenopark.qmm: locations.13.texts.2.text. Preserve every <tag> exactly. English reference: The animal tremulously flicked out its mug to the drinking bowl and started lapping it. You were about to sigh with relief but suddenly it started desperately hissing and spitting up. It looked like the xenomorph <clr>got poisoned<clrEnd>."	"Quest,Xenopark"	"Жывёла нясьмела працягнула пысу да паілкі і пачала хціва хлябтаць. Вы ўжо ўздыхнулі з палёгкай, калі яна раптам пачала адчайна ікаць, прычым ікаўка суправаджалася моцнай адрыжкай. Здаецца, ксэнаморф <clr>атруціўся<clrEnd>."
"/quests/Xenopark.qmm/locations/13/texts/3/text"	"Вы набрали полную пригоршню сверкающих кристалликов и высыпали в кормушку. С таким же успехом вы могли станцевать стриптиз - <clr>ноль внимания<clrEnd> и на вас, и на зирки. Во взгляде зверя читалось лишь достойное Великого Лякуши презрение."	"Quest Xenopark.qmm: locations.13.texts.3.text. Preserve every <tag> exactly. English reference: You took a handful of sparkling small crystals and emptied it into the manger. You could as well have made a striptease show - <clr>no heed<clrEnd> to either you, or sparklings. The only emotion you could see in its eyes was scorn worthy of the Great Lyakusha himself."	"Quest,Xenopark"	"Вы набралі поўную жменю бліскучых крышталікаў і высыпалі ў кармушку. З такім самым посьпехам вы маглі б станцаваць стрыптыз — <clr>нуль увагі<clrEnd> і на вас, і на зіркі. У позірку зьвера чыталася толькі пагарда, вартая Вялікага Лякушы."
"/quests/Xenopark.qmm/locations/13/texts/4/text"	"Вы откинули крышку чана  и зачерпнули лопаткой немного крямбусины. Осторожно приблизившись к клетке, вы вывалили полужидкую массу в кормушку и стали наблюдать. Зверь подошел, обнюхал кормушку и <clr>брезгливо отвернулся<clrEnd>. Вы были с ним полностью согласны. Что ж, крямбусины это существо точно не хочет..."	"Quest Xenopark.qmm: locations.13.texts.4.text. Preserve every <tag> exactly. English reference: You threw the lid open and dipped up some of the criambusine with a trowel. Then you carefully approached the cage, tipped the half-liquid mass into the manger, and started watching. The beast came to the manger, nosed it and <clr>turned away with disgust <clrEnd>. You completely agreed with it. Well, this creature demonstrated its absolute reluctance to eat criambusine..."	"Quest,Xenopark"	"Вы адкінулі вечка чана і зачэрпнулі лапаткай трохі крэмбусіны. Асьцярожна наблізіўшыся да клеткі, вы вывалілі напаўвадкую масу ў кармушку і сталі назіраць. Зьвер падышоў, абнюхаў кармушку і <clr>з агідай адвярнуўся<clrEnd>. Вы былі з ім цалкам згодныя. Што ж, крэмбусіны гэтая істота дакладна не хоча..."
"/quests/Xenopark.qmm/locations/13/texts/5/text"	"Вы зачерпнули горсть шариков из 3-его чана и протянули зверю. Животное лениво обнюхало корм и <clr>равнодушно отвернулось<clrEnd>. Неудача."	"Quest Xenopark.qmm: locations.13.texts.5.text. Preserve every <tag> exactly. English reference: You tipped a handful of globules from Tub 3 and handed it to the beast. The animal nosed the feed lazily and <clr>and indifferently turned away <clrEnd>. Failure."	"Quest,Xenopark"	"Вы зачэрпнулі жменю шарыкаў з трэцяга чана і працягнулі зьверу. Жывёла ляніва абнюхала корм і <clr>абыякава адвярнулася<clrEnd>. Няўдача."
"/quests/Xenopark.qmm/locations/14/texts/0/text"	"Пока звери с голодухи ноги не протянули, нужно быстрее решать, в какую клетку какой корм засыпать. Только, главное, не ошибиться. Вы в раздумьи остановились перед чанами. Что же за зверь сидит в клетке №2, и чем он питается?"	"Quest Xenopark.qmm: locations.14.texts.0.text. Preserve every <tag> exactly. English reference: Before the beasts got off the hooks starving, you should hurry up and decide what feed will go where. The hell of the thing is that you can't make mistakes. You stay thinking in front of the tubs. What beast is kept in Cage № 2 and what does it feed on?"	"Quest,Xenopark"	"Пакуль зьвяры з голаду не падохлі, трэба хутчэй вырашыць, у якую клетку які корм сыпаць. Толькі, галоўнае, не памыліцца. Вы ў роздуме спыніліся перад чанамі. Што ж за зьвер сядзіць у клетцы №2, і чым ён сілкуецца?"
"/quests/Xenopark.qmm/locations/14/texts/1/text"	"Вы положили рядом с созданием шипастую веточку. Тварь склонила голову над ""кожноцветной"" и замерло. Затем широкие лапы принялись разгребать почву под веткой. Когда было готово небольшое углубление, тварь легким движением щупальца <clr>смахнула туда корм и присыпала сверху<clrEnd>."	"Quest Xenopark.qmm: locations.14.texts.1.text. Preserve every <tag> exactly. English reference: You put a prickly sprig near the creature. It bent its head over the ""rind-blooming"" and stood motionless. Than the wide paws started raking out the soil under the sprig with the palpus. When a shallow hole was ready, the beast <clr>swept the feed into the hole and powdered it with the soil<clrEnd>."	"Quest,Xenopark"	"Вы паклалі побач са стварэньнем калючую галінку. Пачвара схіліла галаву над ""колеру скуры"" і замерла. Затым шырокія лапы пачалі разграбаць глебу пад галінкай. Калі было гатовае невялікае паглыбленьне, пачвара лёгкім рухам шчупальца <clr>змахнула туды корм і прысыпала зьверху<clrEnd>."
"/quests/Xenopark.qmm/locations/14/texts/2/text"	"Вы бросили несколько шариков в животное, которое тут же их проворно схватило. С хрустом оно пережевало мучнистый корм и даже немного посветлело! Вам показалось, или <clr>вид у твари стал довольный<clrEnd>? Еще несколько шариков были съедены с прежней быстротой, но чего-то явно не хватает - существо больше не берет шарики, а лишь выжидательно смотрит на вас. 

Похоже, оно питается не только шариками..."	"Quest Xenopark.qmm: locations.14.texts.2.text. Preserve every <tag> exactly. English reference: You threw several globules at the animal that caught them speedily. It chewed up the farinose feed and even got a little bit lighter. <clr>There appeared some content in the beast's eyes <clrEnd>. Or did it just seem to you? It ate several more globules with the same speed but something is obviously lacking - it doesn't take any more globules and is just looking at you expectantly.

It looks like the beast feeds on something else too..."	"Quest,Xenopark"	"Вы кінулі некалькі шарыкаў у жывёлу, якая адразу ж спрытна іх схапіла. З хрустам яна перажавала мучны корм і нават трохі пасьвятлела! Вам здалося, ці <clr>выгляд у пачвары стаў задаволены<clrEnd>? Яшчэ некалькі шарыкаў былі зьедзеныя з ранейшай хуткасьцю, але чагосьці відавочна не хапае — істота больш не бярэ шарыкі, а толькі чакальна глядзіць на вас. 

Здаецца, яна сілкуецца ня толькі шарыкамі..."
"/quests/Xenopark.qmm/locations/14/texts/3/text"	"Вы налили в миску немного этой жидкости с пузырьками, и поставили ее рядом с тварью. Тварь <clr>заинтересованно<clrEnd> склонилась над миской и выжидательно уставилась на вас... Кажется, она хочет чего-то еще."	"Quest Xenopark.qmm: locations.14.texts.3.text. Preserve every <tag> exactly. English reference: You poured some of that bubbled liquid into a bowl and put it near the beast. It bent over the bowl <clr>showing some interest<clrEnd> and stared expectantly at you... Probably, it wants something else."	"Quest,Xenopark"	"Вы налілі ў міску трохі гэтай вадкасьці з бурбалкамі і паставілі яе побач з пачварай. Пачвара <clr>зацікаўлена<clrEnd> схілілася над міскай і чакальна ўтаропілася на вас... Здаецца, яна хоча яшчэ чагосьці."
"/quests/Xenopark.qmm/locations/14/texts/4/text"	"Вы бросили несколько шариков в животное, которое тут же их проворно схватило. С хрустом оно пережевало мучнистый корм и даже немного посветлело! Вам показалось, или вид у твари стал довольный? Еще несколько шариков были съедены с прежней быстротой, но чего-то явно не хватает - существо больше не берет шарики, а лишь выжидательно смотрит на вас. Ему <clr>явно стало лучше - отравление прошло<clrEnd>. 

Похоже, оно питается не только шариками..."	"Quest Xenopark.qmm: locations.14.texts.4.text. Preserve every <tag> exactly. English reference: You threw several globules at the animal that caught them speedily. It chewed up the farinose feed and even got a little bit lighter. There appeared some content in the beast's eyes. Or did it just seem to you? It ate several more globules with the same speed but something is obviously lacking - it doesn't take any more globules and is just looking at you expectantly. It <clr>obviously feels better and recovered from the poisoning <clrEnd>. 

It looks like the beast feeds on something else too..."	"Quest,Xenopark"	"Вы кінулі некалькі шарыкаў у жывёлу, якая адразу ж спрытна іх схапіла. З хрустам яна перажавала мучны корм і нават трохі пасьвятлела! Вам здалося, ці выгляд у пачвары стаў задаволены? Яшчэ некалькі шарыкаў былі зьедзеныя з ранейшай хуткасьцю, але чагосьці відавочна не хапае — істота больш не бярэ шарыкі, а толькі чакальна глядзіць на вас. Яму <clr>відавочна стала лепш — атручэньне прайшло<clrEnd>. 

Здаецца, яна сілкуецца ня толькі шарыкамі..."
"/quests/Xenopark.qmm/locations/14/texts/5/text"	"Длинные стебли или что-бы-оно-там-ни-было сидящее в клетке создание <clr>проигнорировало<clrEnd>."	"Quest Xenopark.qmm: locations.14.texts.5.text. Preserve every <tag> exactly. English reference: The creature in the cage <clr>ignored<clrEnd> the long stems or what-ever-it-was."	"Quest,Xenopark"	"Доўгія сьцёблы ці што б там ні было істота, якая сядзіць у клетцы, <clr>праігнаравала<clrEnd>."
"/quests/Xenopark.qmm/locations/14/texts/6/text"	"Взяв одну зирку, вы бросили ее монстру. Тонкая шея изогнулась, и животное ловко поймало зирку пастью. Однако спустя некоторое время оно ее выплюнуло. Из <clr>израненной пасти стекала прозрачная зеленоватая жидкость<clrEnd> с резким аптечным запахом, заменяющее твари кровь."	"Quest Xenopark.qmm: locations.14.texts.6.text. Preserve every <tag> exactly. English reference: You took a sparkling and threw it to the monster. Its thin neck curved and the animal adroitly caught the sparkling with its chaps. But some time after it spat it out. <clr>The transparent liquid with pharmacy fume that served the creature as blood was dripping out of its wounded chaps <clrEnd>."	"Quest,Xenopark"	"Узяўшы адну зірку, вы кінулі яе пачвары. Тонкая шыя выгнулася, і жывёла спрытна злавіла зірку пашчай. Аднак праз нейкі час яна яе выплюнула. <clr>Зь зраненай пашчы сачылася празрыстая зеленаватая вадкасьць<clrEnd> з рэзкім аптэчным пахам, якая замяняе пачвары кроў."
"/quests/Xenopark.qmm/locations/14/texts/7/text"	"Вы с трудом отковыряли кусочек ""фотонов"" и швырнули в клетку. Такое впечатление, что вы бросили туда горящую ветку - животное засуетилось, затем с противным чмоканьем вырвало из земли... корни?! - и <clr>торопливо отползло от куска<clrEnd>, неловко перебирая своими широкими щупальцами."	"Quest Xenopark.qmm: locations.14.texts.7.text. Preserve every <tag> exactly. English reference: It took you much effort to pick out a piece of ""photons"", which you threw into the cage. The animal flustered as if you had thrown a burning sprig there - it pulled up its...roots?!! out of the soil with loathsome spat and <clr> hurriedly crawled away from the photons <clrEnd> on its wide palpi."	"Quest,Xenopark"	"Вы з цяжкасьцю адкалупалі кавалачак ""фатонаў"" і шпурнулі ў клетку. Такое ўражаньне, што вы кінулі туды галінку, якая гарыць — жывёла заварушылася, потым з агідным чвяканьнем вырвала з зямлі... карані?! — і <clr>пасьпешліва адпаўзла ад кавалка<clrEnd>, нязграбна перабіраючы сваімі шырокімі шчупальцамі."
"/quests/Xenopark.qmm/locations/15/texts/0/text"	"Пока звери с голодухи ноги не протянули, нужно быстрее решать, в какую клетку какой корм засыпать. Только, главное, не ошибиться. Вы в раздумьи остановились перед чанами. Что же за зверь сидит в клетке №3, и чем он питается?"	"Quest Xenopark.qmm: locations.15.texts.0.text. Preserve every <tag> exactly. English reference: Before the beasts got off the hooks starving, you should hurry up and decide what feed will go where. The hell of the thing is that you can't make mistakes. You stay thinking in front of the tubs. What beast is kept in Cage № 3 and what does it feed on?"	"Quest,Xenopark"	"Пакуль зьвяры з голаду не падохлі, трэба хутчэй вырашыць, у якую клетку які корм сыпаць. Толькі, галоўнае, не памыліцца. Вы ў роздуме спыніліся перад чанамі. Што ж за зьвер сядзіць у клетцы №3, і чым ён сілкуецца?"
"/quests/Xenopark.qmm/locations/15/texts/1/text"	"Вы насыпали шариков в кормушку. Тварь схватила пару штук своим языком, но тут же <clr>выплюнула<clrEnd>."	"Quest Xenopark.qmm: locations.15.texts.1.text. Preserve every <tag> exactly. English reference: You put some globules into the manger. The creature reached a couple of them with its tongue but <clr>spat them out<clrEnd> immediately."	"Quest,Xenopark"	"Вы насыпалі шарыкаў у кармушку. Пачвара схапіла пару штук сваім языком, але адразу <clr>выплюнула<clrEnd>."
"/quests/Xenopark.qmm/locations/15/texts/2/text"	"Вы насыпали шариков в кормушку. Тварь схватила пару штук своим языком, но тут же <clr>выплюнула<clrEnd>. Ну, хоть не померла."	"Quest Xenopark.qmm: locations.15.texts.2.text. Preserve every <tag> exactly. English reference: You put some globules into the manger. The creature reached a couple of them with its tongue but <clr>spat them out<clrEnd> immediately. Well, at least it didn't fell."	"Quest,Xenopark"	"Вы насыпалі шарыкаў у кармушку. Пачвара схапіла пару штук сваім языком, але адразу <clr>выплюнула<clrEnd>. Ну, хоць не памерла."
"/quests/Xenopark.qmm/locations/15/texts/3/text"	"Блестящие гранулированные зирки произвели на тварь исключительно <clr>эстетическое впечатление<clrEnd>."	"Quest Xenopark.qmm: locations.15.texts.3.text. Preserve every <tag> exactly. English reference: Glittering granular sparklings impressed the creature <clr>only from the esthetical point of view <clrEnd>."	"Quest,Xenopark"	"Бліскучыя грануляваныя зіркі зрабілі на пачвару выключна <clr>эстэтычнае ўражаньне<clrEnd>."
"/quests/Xenopark.qmm/locations/15/texts/4/text"	"Вы бросили стебель (или что это там такое?) Лаап-Ши перед животным. Оно лениво <clr>обнюхало его и отползло<clrEnd> в сторону."	"Quest Xenopark.qmm: locations.15.texts.4.text. Preserve every <tag> exactly. English reference: You threw the stem (or whatever it was) of Noohoo-Dle in front of the animal. It <clr>nosed it lazily and crawled aside <clrEnd>."	"Quest,Xenopark"	"Вы кінулі сьцябло (ці што гэта там такое?) Лаап-Шы перад жывёлай. Яна ляніва <clr>абнюхала яго і адпаўзла<clrEnd> убок."
"/quests/Xenopark.qmm/locations/15/texts/5/text"	"Несчастное животное, похоже, <clr>чувствует себя очень плохо<clrEnd> после вашего угощения. Впрочем, оно и до этого не очень хорошо выглядело."	"Quest Xenopark.qmm: locations.15.texts.5.text. Preserve every <tag> exactly. English reference: It looks like the poor animal <clr>is completely sick <clrEnd> after your treatment. Well, it didn't look much better before the feeding either."	"Quest,Xenopark"	"Няшчасная жывёла, здаецца, <clr>пачуваецца вельмі блага<clrEnd> пасьля вашага пачастунку. Зрэшты, яна і да гэтага выглядала ня надта добра."
"/quests/Xenopark.qmm/locations/16/texts/0/text"	"Пока звери с голодухи ноги не протянули, нужно быстрее решать, в какую клетку какой корм засыпать. Только, главное, не ошибиться. Вы в раздумьи остановились перед чанами. Что же за зверь сидит в клетке №4, и чем он питается?"	"Quest Xenopark.qmm: locations.16.texts.0.text. Preserve every <tag> exactly. English reference: Before the beasts got off the hooks starving, you should hurry up and decide what feed will go where. The hell of the thing is that you can't make mistakes. You stay thinking in front of the tubs. What beast is kept in Cage № 4 and what does it feed on?"	"Quest,Xenopark"	"Пакуль зьвяры з голаду не падохлі, трэба хутчэй вырашыць, у якую клетку які корм сыпаць. Толькі, галоўнае, не памыліцца. Вы ў роздуме спыніліся перад чанамі. Што ж за зьвер сядзіць у клетцы №4, і чым ён сілкуецца?"
"/quests/Xenopark.qmm/locations/16/texts/1/text"	"Не понять вам этих существ - едва вы протянули руку, как животное подкатилось к вам и ухватило лаап-шу своим то ли хоботом то ли щупальцем, словно выросшим из тела. Втянув в себя извивающиеся прутики, оно пристально уставилось на вас своими огромными глазами-тарелками.  
   - Чего же ты еще хочешь, чудо-юдо аквамариновое? - спросили вы, но голубокожая тварь промолчала. По крайней мере, <clr>умирающей она уже не выглядит<clrEnd>."	"Quest Xenopark.qmm: locations.16.texts.1.text. Preserve every <tag> exactly. English reference: You will never understand these creatures - you hardly held your hand out when the animal rolled to you and grasped the Noohoo-Dle with its either trunk, or palpus that appeared as if growing out from the body. After the beast sucked the wriggling rods in, it stared at you with its large platelike eyes.
   - What else do you want, aquamarine whangdoodle? - you asked but the blueskinned creature kept silent. At least, <clr>it doesn't look like dying <clrEnd>."	"Quest,Xenopark"	"Не зразумець вам гэтых істотаў — ледзь вы працягнулі руку, як жывёла падкацілася да вас і ўхапіла лаап-шу сваім то хобатам, то шчупальцам, быццам яно вырасла з цела. Уцягнуўшы ў сябе выгінастыя пруцікі, яна пільна ўтаропілася на вас сваімі вялізнымі вачыма-талеркамі.  
   — Чаго ж ты яшчэ хочаш, цуда-юда аквамарынавае? — спыталі вы, але пачвара блакітнай скуры прамаўчала. Прынамсі, <clr>яна ўжо не выглядае той, што памірае<clrEnd>."
"/quests/Xenopark.qmm/locations/16/texts/2/text"	"Едва вы отошли от клетки, как тварь подкатилась к россыпи зирок и сгребло их в кучку чем-то вроде хобота или щупальца, словно выросшего из туловища. Возможно, это не просто страсть к прекрасному, а <clr>часть рациона твари<clrEnd>? Но тогда что ей нужно еще?"	"Quest Xenopark.qmm: locations.16.texts.2.text. Preserve every <tag> exactly. English reference: You hardly went away from the cage when the creature rolled up to the scattering of sparklings and scrambled it up in a pile with its either trunk, or palpus that appeared as if growing out from the body. Probably, it's not just love of the beautiful but <clr>part of the creature's ration <clrEnd>. But what else does it need then?"	"Quest,Xenopark"	"Ледзь вы адышлі ад клеткі, як пачвара падкацілася да россыпу зірак і згрэбла іх у купку нечым накшталт хобата ці шчупальца, быццам яно вырасла з тулава. Магчыма, гэта ня проста цяга да прыгожага, а <clr>частка рацыёну пачвары<clrEnd>? Але тады што ёй трэба яшчэ?"
"/quests/Xenopark.qmm/locations/16/texts/3/text"	"Вы хорошо кидаетесь, а тварь хорошо спит, <clr>никак не реагируя<clrEnd> на хрустящие шарики. Попытка кормления неудачна."	"Quest Xenopark.qmm: locations.16.texts.3.text. Preserve every <tag> exactly. English reference: You are good at throwing and the creature is a good sleeper and <clr>is completely ignoring <clrEnd> the crisp globules. Your attempt to feed it failed."	"Quest,Xenopark"	"Вы добра кідаецеся, а пачвара добра сьпіць, <clr>ніяк не рэагуючы<clrEnd> на хрумсткія шарыкі. Спроба кармленьня няўдалая."
"/quests/Xenopark.qmm/locations/16/texts/4/text"	"На целую охапку аппетитных и колючих веток животное <clr>не обратило никакого внимания<clrEnd>."	"Quest Xenopark.qmm: locations.16.texts.4.text. Preserve every <tag> exactly. English reference: The animal <clr>paid no attention <clrEnd> to the whole bunch of appetising thorny branches."	"Quest,Xenopark"	"На цэлую ахапку апэтытных і калючых галінак жывёла <clr>не зьвярнула ніякай увагі<clrEnd>."
"/quests/Xenopark.qmm/locations/16/texts/5/text"	"Вы с трудом оторвали кусок, который тварь просто <clr>проигнорировала<clrEnd>, как будто это были просто фотоны... Жаль."	"Quest Xenopark.qmm: locations.16.texts.5.text. Preserve every <tag> exactly. English reference: It took you a lot of effort to pick out a piece, which the creature just <clr>ignored<clrEnd> as if it had been elementary photons... What a pity!"	"Quest,Xenopark"	"Вы з цяжкасьцю адарвалі кавалак, які пачвара проста <clr>праігнаравала<clrEnd>, быццам гэта былі проста фатоны... Шкада."
"/quests/Xenopark.qmm/locations/16/texts/6/text"	"Единственное, чего вам удалось добиться, это <clr>испачкать нежно-голубую шкуру<clrEnd> зверя."	"Quest Xenopark.qmm: locations.16.texts.6.text. Preserve every <tag> exactly. English reference: The only thing you managed to do was <clr>dirtying the beast's light-blue skin <clrEnd>."	"Quest,Xenopark"	"Адзінае, чаго вам удалося дамагчыся, гэта <clr>выпацкаць пяшчотна-блакітную скуру<clrEnd> зьвера."
"/quests/Xenopark.qmm/locations/17/texts/0/text"	"Пока звери с голодухи ноги не протянули, нужно быстрее решать, в какую клетку какой корм засыпать. Только, главное, не ошибиться. Вы в раздумьи остановились перед чанами. Что же за зверь сидит в клетке №5, и чем он питается?"	"Quest Xenopark.qmm: locations.17.texts.0.text. Preserve every <tag> exactly. English reference: Before the beasts got off the hooks starving, you should hurry up and decide what feed will go where. The hell of the thing is that you can't make mistakes. You stay thinking in front of the tubs. What beast is kept in Cage № 5 and what does it feed on?"	"Quest,Xenopark"	"Пакуль зьвяры з голаду не падохлі, трэба хутчэй вырашыць, у якую клетку які корм сыпаць. Толькі, галоўнае, не памыліцца. Вы ў роздуме спыніліся перад чанамі. Што ж за зьвер сядзіць у клетцы №5, і чым ён сілкуецца?"
"/quests/Xenopark.qmm/locations/17/texts/1/text"	"Вы кололись, плакали, но животное упорно не хотело жрать эту колючую растительность. Но стоило вам отойти от клетки, как животное не спеша приблизилось к охапке колючек и сжевало пару веток. Того, что случилось дальше, вы даже в кошмарном сне не видели: тварь вдруг съежилась, затем снова приняла нормальную форму. Сквозь ее чешую проросли шипы точь-в-точь как на ветках корма, а две передние ноги превратились в подобие клешней.

Кажется, <clr>зверьку худо<clrEnd>... По крайней мере, ЛСД-400 вы точно не принимали, так что все дело в неправильном режиме питания."	"Quest Xenopark.qmm: locations.17.texts.1.text. Preserve every <tag> exactly. English reference: You were prickling and crying but the animal was stubborn and refused to scoff that thorny plant. But you only needed to go away from the cage and the animal slowly approached the pile of thorns and chewed up a couple of branches. What happened next was even worse than a nightmare: suddenly the creature gathered up, than got back to its normal shape. The same thorns like those on the branches grew up through its scale and its two front legs turned into something like nippers.

It looks like <clr>the animal is completely unwell <clrEnd>... At least, you haven't taken LSD-400, so the problem is in the wrong feeding."	"Quest,Xenopark"	"Вы калоліся, плакалі, але жывёла ўпарта не хацела жэрці гэтую калючую расьліннасьць. Але варта было вам адысьці ад клеткі, як жывёла не сьпяшаючыся наблізілася да ахапкі калючак і зжавала пару галінак. Таго, што здарылася далей, вы нават у кашмарным сьне не бачылі: пачвара раптам зьехала, потым зноў прыняла звычайную форму. Скрозь яе луску прарасьлі шыпы дакладна такія, як на галінках корму, а дзьве пярэднія нагі ператварыліся ў падабенства клюшняў.

Здаецца, <clr>зьверку блага<clrEnd>... Прынамсі, ЛСД-400 вы дакладна не прымалі, так што ўся справа ў няправільным рэжыме харчаваньня."
"/quests/Xenopark.qmm/locations/17/texts/2/text"	"Напрасно - животное даже <clr>внимания не обратило<clrEnd> на корм."	"Quest Xenopark.qmm: locations.17.texts.2.text. Preserve every <tag> exactly. English reference: All for nothing - the animal <clr>didn't even pay any attention <clrEnd> to the feeding."	"Quest,Xenopark"	"Дарэмна — жывёла нават <clr>увагі не зьвярнула<clrEnd> на корм."
"/quests/Xenopark.qmm/locations/17/texts/3/text"	"Животное <clr>равнодушно<clrEnd> скользнуло взглядом по кучке кристаллов. Неудача."	"Quest Xenopark.qmm: locations.17.texts.3.text. Preserve every <tag> exactly. English reference: The animal <clr>glanced indifferently<clrEnd> at the pile of crystals. Failure."	"Quest,Xenopark"	"Жывёла <clr>абыякава<clrEnd> сьлізганула позіркам па кучцы крышталёў. Няўдача."
"/quests/Xenopark.qmm/locations/17/texts/4/text"	"Едва вы положили крямбусину на пол, как шестиногая гадина подбежала к наваленной вами куче корма и мощным движением лапы швырнула липкую массу в одну из ламп. Забрызганная лампа перестала светить. Тварь немедленно перебралась в образовавшуюся тень и стала меняться прямо на глазах - чешуя покрылась волдырями, из которых начала сочиться едкая слизь, а сам ксеноморф <clr>вырос почти вдвое<clrEnd>. Больше вы не рискнули давать ей крямбусину - кто знает, что она еще выкинет."	"Quest Xenopark.qmm: locations.17.texts.4.text. Preserve every <tag> exactly. English reference: You hardly put the criambusine on the floor when the six-legged beast ran up to the feeding pile left by you and sent the sticky mass flying at one of the lamps with a powerful throw. The dirty lamp stopped shining. The creature immediately moved to the shadow and started changing its appearance before your very eyes - the scale covered with blebs and pungent slime started dribbling out of them. The xenomorph itself <clr>enlarged twice in size <clrEnd>. You didn't take hazards and refused to give it any more of criambusine - God knows what it will do next then."	"Quest,Xenopark"	"Ледзь вы паклалі крэмбусіну на падлогу, як гадзіна на шасьці нагах падбегла да наваленага вамі кучы корму і магутным рухам лапы шпурнула ліпкую масу ў адну зь лямпаў. Запырсканая лямпа перастала сьвяціць. Пачвара неадкладна перабралася ў цень, які ўтварыўся, і пачала мяняцца проста на вачах — луска пакрылася пухірамі, з якіх пачала сачыцца едкая слізь, а сам ксэнаморф <clr>вырас амаль удвая<clrEnd>. Болей вы не рызыкнулі даваць ёй крэмбусіну — хто ведае, што яна яшчэ выкіне."
"/quests/Xenopark.qmm/locations/18/texts/0/text"	"Вы подошли поближе к клетке и начали наблюдать за ее обитателем. 

То, что вы увидели, было огромно - по крайней мере, это было самое большое из всех животных, которых вы здесь видели. Высотой метра два, монстр был покрыт короткой и жесткой рыжевато-коричневой шерстью, напоминающей по цвету бурый камень. Это сходство усугубляла бугристость мускулатуры животного. Длинная мощная шея слегка изогнута - гордое животное неторопливо озирается, подмечая любую деталь, и при этом его большие губы шевелятся, словно оно что-то шепчет или пережевывает. Животное медленно прохаживается по клетке, уверенное в своей силе, полностью игнорируя ваше присутствие. Сильные мускулистые ноги оканчиваются широкой и  твердой пяткой, наверняка способной крошить камень. Усиливают же впечатление несокрушимой мощи два кожных нароста на спине, которые, судя по их толщине (они едва ли не выше головы) защищают не хуже рогового панциря. 

Существо медленно переминалось с ноги на ногу. Дно клетки было усыпано мелкой галькой, по углам стояли обломки скал. Небольшой желтый солнцеимитатор бил своим светом прямо вам в лицо. ""Мощный, однако"", - подумали вы.

Вдруг животное повернуло к вам голову и... плюнуло вам прямо в лицо! ""Хр-хр"", - всхрапнула тварь. С криком вы бросились к умывальнику, отмыть наверняка опасную для вас субстанцию. Ну что ж, зато жидкости у этого существа явно в избытке."	"Quest Xenopark.qmm: locations.18.texts.0.text. Preserve every <tag> exactly. English reference: You came closer to the cage and started watching the creature in it. 

What you saw was huge - at least, it was the biggest animal you had met there. About two meters in height, the monster was covered with short hard tawny (like a brown stone) fur. The animal's knobby muscles redoubled that resemblance of the stone. Its long thick neck was slightly curving - the animal slowly looked about noticing every single detail. Simultaneously its big lips moved as if whispering or chewing something. The animal walked around the cage completely ignoring you. Its strong muscled legs finished in wide and hard heel surely able to crumble stone. Two skinny sinewed outgrowths on the animal's back redoubled the impression of invincible force. Judging from their thickness (they were scarcely lower than the head), those outgrowths protected the animal as well as a horny test would do.

The creature was slowly shifting from one foot to the other. The floor of the cage was covered by small gravel-stone, in the corners there stood rock spalls. The light of a small yellow sun-imitator was severe and almost blinded you. ""A high-powered thing, damn it"", - you thought.

Suddenly the animal turned its heat to you and... spat directly into your face! ""Hrrr"", - the beast snorted. Shouting you rushed to the washstand to wash that sure as death dangerous substance off your face. Well, at least, the creature doesn't suffer from the deficiency of liquid in it."	"Quest,Xenopark"	""
"/quests/Xenopark.qmm/locations/19/texts/0/text"	"В укрытой грозным полумраком клетке сидело странное существо пурпурного цвета. Его большая голова на длиннющей тонкой шее, практически без утолщения переходящей в тело, словно локатор поворачивалась в вашу сторону. Четыре широких плоских... щупальца непрерывно шевелились, даже те два из них, на которые существо опиралось, чтобы удерживать вертикальное положение.

Широкая, усеянная мелкими, но очень острыми зубами пасть и пара крупных черных бусин, вероятно, служивших глазами, лишь усиливали устрашающее воздействие, оказываемое внешним видом твари. Шершавая кожа непрерывно потрескивала при каждом движении ксеноморфа, нагоняя еще больший страх. 
 
Конечности существа погрузились в мутную лужу, рядом с которой оно находилось, и некоторое время ксеноморф водил ими под водой, словно что-то вылавливая, а затем вытащил с громким чмоканьем. За все это время тварь не издала ни звука, и даже не шелохнулась, лишь тихое потрескивание шершавой кожи наполняло затемненную клетку."	"Quest Xenopark.qmm: locations.19.texts.0.text. Preserve every <tag> exactly. English reference: A strange purple creature was sitting in the dreadful shade of the cage. Its big head on an extremely long and thin neck, which ran into the body almost with no changes in thickness, was turning to you like a locator. Four wide, flat... palpuses, moved without stopping including those two that served for footing to remain in vertical position. 

Wide chaps full of small but very sharp teeth and a couple of big black beads serving as eyes redoubled the dreadful impression of the beast's appearance. Its rough skin crackled after each move putting you in more fear. 

The creature's limbs dipped into the cloudy puddle nearby and it took the xenomorph some time to move them there as if trying to catch something. Then it took them out with a loud smack. The beast didn't make a sound and remained motionless all that time; only quiet crackling of the rough skin could be heard in the shaded cage."	"Quest,Xenopark"	""
"/quests/Xenopark.qmm/locations/21/texts/0/text"	"Вы подошли поближе к клетке. В ней неподвижно сидит странное существо. Внешне оно больше всего похоже на гранитную глыбу голубого цвета, высотой вам примерно по пояс. Огромные темно-синие глаза-тарелки пристально смотрели на вас. Существо не двигалось и не издавало ни звука, даже когда вы скорчили страшную рожу.

Неожиданно вы чихнули - существо свернулось, укатилось в дальний угол клетки и... уснуло. До вас даже донесся храп этого удивительного существа. Как вы ни вглядывались, ни рук, ни ног заметить не удалось. Даже непонятно, что это за живой камень такой - животное или диковинное растение? 

Сплюнув на голубой песок, покрывавший пол клетки, вы отвернулись. К тому же зловещее красное солнце создавало ощущение нависшей угрозы. Вы подошли к зеркалу и снова скорчили рожу - получилось действительно страшно! Вы даже начали испуганно озираться при каждом звуке, и больше к зеркалу не подходили."	"Quest Xenopark.qmm: locations.21.texts.0.text. Preserve every <tag> exactly. English reference: You came closer to the cage. There was a strange, completely motionless creature in it. It looked very much like a granite blue mass, half of you in height. Large dark blue plate like eyes were staring at you. The creature remained motionless and didn't make a sound, even when you made a scary face at it.

Suddenly you sneezed - the creature coiled itself into a ball, rolled away to the far corner of the cage and... fell asleep. You could even hear that amazing creature's snoring. Try as you would to distinguish its arms or legs, you failed. It wasn't even clear if it was an animal or a strange plant.

You spat on the sand covering the floor of the cage and turned away. The ominous red sun created some imminent atmosphere. You approached the mirror and made a face again - it was really scary! You even started looking about after each sound and didn't come up to the mirror again."	"Quest,Xenopark"	""
"/quests/Xenopark.qmm/locations/25/texts/0/text"	"Зажмурив глаза, вы зачерпнули горсть крямбусины и сунули в рот. Попытались прожевать, но зубы слиплись, на них захрустел песок. Отчаянным усилием вы проглотили эту гадость, но попавшийся комок застрял у вас в горле, мешая дышать. Задыхаясь, вы доползли до кнопки тревоги и что есть силы ударили по ней.

Сбежавшийся персонал обнаружил вас корчащимся на полу. Оказавшийся на месте санитар, вернее, ветеринар, быстро понял, в чем дело, и дал вам флягу со спиртом. 99% зелье обожгло вам гортань, но и застрявшая в горле крямбусина растворилась, открыв вам прелесть вкуса несвежего воздуха ксенопарка.

После этого досадного происшествия вы были госпитализированы, так и не сумев помочь несчастным ксеноморфам. Уже в госпитале вас навестил сам владелец ксенопарка, господин Хиц, и намекнул, что ваше пребывание на планете <ToPlanet> может сильно сказаться на вашем здоровье, так как единственный ксенопарк во всей системе <ToStar> закрыт, а его владелец разорен. Фраза, брошенная им напоследок, была последней каплей, и вызвала у вас истерический смех:
- И угораздило же вас нажраться крямбусины... Вы хоть знаете, что это? Вижу, что нет! Это корм болотного жвырклаца: 30% кураябы, или болотного вереска, и 70% собственно самой болотной жижи."	"Quest Xenopark.qmm: locations.25.texts.0.text. Preserve every <tag> exactly. English reference: You shut your eyes tight, dipped up a handful of criambusine and shoved it into your mouth. You tried to chew it but your teeth agglutinated and sand crisped on them. After a desperate effort you swallowed that mass, but one clot got fast in your throat barring the air. Choking, you crawled to the emergency button and banged it like grim death.

The cluttered staff found you writhing in agony on the floor. The local aide, the veterinarian, to be more precise, quickly understood what was going on and gave you a flask with spirit. The 99% potion burnt your throat but the clot dissolved letting you enjoy the stale air of the xenopark.

After that vexatious incident they put you in the hospital and you failed to help the poor xenomorphs. While you were there, the owner of the xenopark, mister Bardozze, visited you himself and hinted that your future staying on <ToPlanet> might tell on your health because the only xenopark in the whole <ToStar> system and its owner went down drain. His last phrase was the last straw that broke the camel's back and made you laugh hysterically:
- You are a right one scoffing criambusine... Do you know what it is? I guess, you don't! This is food for the swamp phatklink: 30% of kurayaba, or swamp heather, and 70% of swamp mess itself."	"Quest,Xenopark"	""
"/quests/Xenopark.qmm/locations/26/texts/0/text"	"На чане №1 написано: 
<clr>ВАЦКАЯ КРЯМБУСИНА<clrEnd> 

С виду эта крямбусина - нечто весьма неаппетитное. Она похожа на... фекалии. Полужидкая неоднородная масса серо-буро-зеленого цвета, вперемешку с какими-то бледно-зелеными растениями. Иногда в этой массе попадаются комочки, а на поверхности с интервалами 2-3 минуты набухают и лопаются пузыри размером с кулак. При виде этой неаппетитной массы у вас в желудке зашевелился пирожок с начинкой из пенчекряка.

Отважившись на смелый эксперимент, вы понюхали крямбусину. Ее запах напомнил вам прелую солому со слабой примесью тухлых яиц или слюны гаэлбинского жбота. Уже совсем обнаглев, вы сунули туда палец. Действительно, - вацкая, как самая обыкновенная крямбусина (знать бы еще, что это такое). Теплая, полужидкая... довольно липкая и плохо оттирается, особенно от рубашки. Хотя и от штанов, как оказалось, тоже плохо оттирается. Но все же это точно не фекалии, судя по запаху."	"Quest Xenopark.qmm: locations.26.texts.0.text. Preserve every <tag> exactly. English reference: There is the following superscription on Tub №1: 
<clr>VAZZE CRIAMBUSINE <clrEnd>

This criambusine looks very unappetising. Actually... like excrements. Half-liquid clotted heterogeny, grey, brown, and green in colour, mixed with some light-green plants. Every 2-3 minutes fist-sized bubbles swelled and burst on the surface. After you looked at the mess, the half-digested patty with penchekryak stuffing moved in your stomach.

Venturing upon a trailblazing experiment, you smelled the criambusine. Its smell reminded you of carrion straw with a faint tincture of rotten eggs or saliva of Gaelinian mibser. You went farther and placed your finger into it. Really, it was the vazze criambusine (though honestly you had no idea what criambusina was made of). Warm, half-liquid... rather sticky and can hardly be removed, especially, from the shirt. And from the trousers too, as it turned out later. But obviously not excrements, judging from the smell."	"Quest,Xenopark"	""
"/quests/Xenopark.qmm/locations/26/texts/1/text"	"Набравшись смелости, вы облизали палец. Попытались разжевать эту массу, но когда песок захрустел у вас на зубах, поняли, что лучше ее проглотить. Хуже вам от этого не стало, но и лучше тоже. Вкус - что-то между куском парафина и песком, только сдобренного прелой травой. Определенно не питательно и не приятно на вкус."	"Quest Xenopark.qmm: locations.26.texts.1.text. Preserve every <tag> exactly. English reference: You recollected your courage and licked your finger. Then you tried to chew that mass but when you felt sand on your teeth, you decided to better swallow it. It made neither worse, nor better. Its taste was a strange mixture of paraffin and sand with carrion grass. It obviously was neither nutritious nor tasty."	"Quest,Xenopark"	"Набраўшыся сьмеласьці, вы аблізалі палец. Паспрабавалі разжаваць гэтую масу, але калі пясок захрумсьцеў у вас на зубах, зразумелі, што лепш яе праглынуць. Горш вам ад гэтага не стала, але і лепш таксама. Смак — нешта між кавалкам парафіну і пяском, толькі прыпраўленага прэлай травою. Выразна не пажыўна і непрыемна на смак."
"/quests/Xenopark.qmm/locations/26/texts/2/text"	"Неуверенно вы слегка лизнули кончик пальца. Слегка теплая масса, на вкус... парафин? Самалдокский нюфтюлин? Слишком мало, чтобы распробовать. Однако и не ядовито для вас."	"Quest Xenopark.qmm: locations.26.texts.2.text. Preserve every <tag> exactly. English reference: You slightly licked your fingertip feeling insecure. A slightly warm mass tasted like... paraffin? Samaldock niuphtiuline? It was not enough to figure out. However, it was not poisonous for you."	"Quest,Xenopark"	"Няўпэўнена вы зьлёгку лізнулі кончык пальца. Зьлёгку цёплая маса, на смак... парафін? Самалдокскі нюфцюлін? Занадта мала, каб рассмакаваць. Аднак і яна не атрута для вас."
"/quests/Xenopark.qmm/locations/27/texts/0/text"	"На чане №2 написано:
<clr>КВАК ТО-УС Кожноцветный<clrEnd>

Эти Кваки явно растительного происхождения, очень похожи на мерципану лохоудрую, декоративное растение, популярное среди малокских домохозяек. Хотя у мерципаны нет таких колючек. К тому же Квак оказался (или оказалось?) ядовито-зеленого цвета, что среди растений довольно большая редкость. Как бы то ни было, но чтобы съесть ТАКОЕ, не обдирая  с него колючки, нужно иметь жестяную глотку и желудок. Хотя, возможно у существа, которое ими питается, внешняя система пищеварения, и оно растворяет Кваки? 

Это искривленное растение, с суховатыми малочисленными листьями, обильно усыпанными острыми колючками, не показалось вам аппетитным, хотя запах определенно вам знаком... только где вы могли его унюхать?"	"Quest Xenopark.qmm: locations.27.texts.0.text. Preserve every <tag> exactly. English reference: There is the following superscription on Tub №2:
<clr>Quack-Tose Rind-blooming<clrEnd>

These Quacks are obviously plants and look very much like mercipane oleasterous, an ornamental popular with Maloq housewives. Though the latter doesn't have such thorns. Furthermore, Quack turned out to be shrilly green, which is rather rare among plants (or animals?). Whatever it was, but the animal, which is able to eat THAT together with the thorns, should have a tin throat and a tin stomach. Though probably, it has an external digestive system and it just dissolves thorns.

That warped plant with few dry leaves strewed with sharp thorns didn't seem tasty to you though you obviously knew the smell... where from, you wondered?"	"Quest,Xenopark"	""
"/quests/Xenopark.qmm/locations/27/texts/1/text"	"Вы взяли небольшую веточку, на которой не было шипов, и осторожно разжевали. На вас нахлынули воспоминания. Конечно! Вы прекрасно знаете этот вкус! Теперь вы точно знаете, как выглядит растение, из которого делают вашу любимую Втыкиллу. Лучшее пойло во всей Галактике! Ай спасибо, Квак То-Ус, за то, что ты есть на свете!"	"Quest Xenopark.qmm: locations.27.texts.1.text. Preserve every <tag> exactly. English reference: You took a small sprig without thorns on it and chewed it. Memories rushed upon you. Of course! You knew that taste very well! Now you knew for sure how the plant they make your favourite Vtequila of looks like. The best wash-belly all over the Galaxy! Oh, thank you very much, dear Quack-Tose, for what you are!"	"Quest,Xenopark"	"Вы ўзялі невялікую галінку, на якой не было шыпоў, і асьцярожна разжавалі. На вас нахлынулі ўспаміны. Вядома! Вы выдатна ведаеце гэты смак! Цяпер вы дакладна ведаеце, як выглядае расьліна, з якой робяць вашу любімую Втыкілу. Найлепшы хмельны напой ва ўсёй Галяктыцы! Ай дзякуй, Квак То-Ус, за тое, што ты ёсьць на сьвеце!"
"/quests/Xenopark.qmm/locations/27/texts/2/text"	"Вы отломили маленькую веточку, и лизнули...
О БОЖЕ!!! Какая боль! Острый длинный шип впился вам в язык, который тут же распух.

Когда боль унялась, вы осторожно капнули на язык соком, сочащимся из надлома. Вкус оказался слегка кисловатым и терпким. И определенно знакомым, но вы распробовали недостаточно."	"Quest Xenopark.qmm: locations.27.texts.2.text. Preserve every <tag> exactly. English reference: You broke off a small sprig and licked it...
Dear me!!! What a pain! A sharp long thorn stuck in your tongue, which immediately got puffed.

When the pain was gone, you carefully dripped one drop of the juice that was dribbling from the fissure on your tongue. Its taste turned out to be slightly sour and acerb. It was familiar too but the quantity was not enough to figure out."	"Quest,Xenopark"	"Вы адламалі маленькую галінку і лізнулі...
О БОЖА!!! Які боль! Востры доўгі шып упіўся вам у язык, які адразу распух.

Калі боль унялася, вы асьцярожна капнулі на язык сокам, які сачыўся з надлому. Смак аказаўся зьлёгку кіславатым і вяжучым. І выразна знаёмым, але вы рассмакавалі недастаткова."
"/quests/Xenopark.qmm/locations/29/texts/0/text"	"Радуясь обнаруженному вами свойству этого растения, вы набросились на него, уплетая за обе щеки. Если в начале вы еще обламывали колючки, то после некоторого количества поглощенного сока вам уже стало не до того.

Глупо хихикая, вы прыгали по помещению, корча рожи несчастным зверушкам, которых теперь в каждой клетке было почему-то по двое. Острые колючки впивались вам в язык, гортань, и наверняка уже расцарапали желудок, но боли вы не ощущали - только удивительную легкость во всем теле и сладостную эйфорию. Ну и что, что заплетаются язык и ноги, причем друг о друга? Ну и что, что сбежались служащие, и принялись стрелять в вас ружьями с транквилизатором. Похоже, они приняли вас за больного космической лихорадкой.

Когда вы пришли в себя в больнице, вы обнаружили рядом с собой хмурого пеленга. На капельнице, подсоединенной к вашей кровеносной системе, была надпись ""Высококонцентрированный огуречный рассол"". Голова жутко раскалывалась, к тому же, ваш хмурый посетитель постоянно норовил раздвоиться и разбежаться по разным углам палаты.
  
- Здравствуйте, <Ranger>, я - Хиц, доктор Хиц. Бывший, с вашего позволения, владелец единственного ксенопарка в системе <ToStar>.
- А, здрасте, может у вас пивка найдется?
- Боюсь, что новости, которые я вам принес, вас не обрадуют. 

Он протянул вам местную газету. Первая страница пестрела заголовком: ""Пьяный в стельку <Ranger> уничтожил замечательный ксенопарк Хица"". Вы прочитали статейку, и вам захотелось родиться заново - в другой системе и в другом столетии. К тому же, прислушавшись, вы поняли, что недовольные местные жители давно ожидают вас под окнами госпиталя.

- Чего вы от меня хотите? Возмещения ущерба?
- Нет, ксенопарк был застрахован. Я просто не хочу, чтобы обо мне говорили, что я отдал вас толпе на растерзание. Это может затруднить получение страховки. Я помогу вам исчезнуть с нашей планеты, и надеюсь вас больше никогда не увидеть.

С помощью людей Хица вы добрались до своего корабля и уже спустя час забыли о неприятном инциденте, готовясь к взлету с планеты."	"Quest Xenopark.qmm: locations.29.texts.0.text. Preserve every <tag> exactly. English reference: Feeling happy after you chanced upon such a nice attribute of that plant, you lit into it playing a good knife and fork. In the beginning of the process you took some effort and tried to break off thorns but after some time you didn't care any longer.

Stupidly giggling, you were hopping along the room, making faces to the poor animals that turned out to be doubled somehow in their cages. Sharp thorns were sticking in your tongue, throat and might have already scratched your stomach but you felt no pain, just marvellous lightness and sweet euphoria. Your tongue and legs faltered and seemed to have been knitted in one knot. What then? All the staff gathered around you and started shooting anxiolytics at you. What of it? It looked like they took it for a space fever fit.

When you came to yourself in the hospital, you saw a gloomy Peleng standing at your bed. There was the following superscription on the drop-bottle, attached to your blood system: ""Strong cucumber brine"". You had a splitting headache and your gloomy visitor was constantly trying to dualize and run to different corners of the room.

- Hello, <Ranger>, I'm Bardozze, doctor Bardozze, by your permission, former owner of the only xenopark all over the <ToStar> system.
- Ah, hi, do you happen to have beer?
- I'm afraid I've got unpleasant news for you.

He handed a copy of the local newspaper to you. There was a huge headline staring right in the face from the front page: ""Crashed <Ranger> destroyed our wonderful Bardozzes xenopark"". You read the article and it fell into your mind that you'd rather been in another system and in another age. Moreover, you realised that furious locals were waiting for you under the windows of the hospital.

- What do you want? Amends?
- No, the xenopark was insured. I just don't want the reputation of a person who let the crowd tear you to pieces. It might create problems with the insurance. I'll help you to disappear from our planet and hope I'll never see you again.

With the help of Bardozze's assistants you got to your ship and forgot about the accident in an hour while preparing for the take off."	"Quest,Xenopark"	""
"/quests/Xenopark.qmm/locations/30/texts/0/text"	"Вы схватили несколько веток растения, осторожно очистили от колючек и откусили приличный кусок. Густой сок с терпким кисловатым вкусом обильно потек вам в рот.
 
Черт! Да это же Втыкилла - ваш любимый горячительный напиток!"	"Quest Xenopark.qmm: locations.30.texts.0.text. Preserve every <tag> exactly. English reference: You grabbed several sprigs of the plant, carefully unthorned them and took a dollop. Thick slightly sour and acerb juice flushed into your mouth.
 
Damn it! It's Vtequila - your favourite wash-belly!"	"Quest,Xenopark"	"Вы схапілі некалькі галінак расьліны, асьцярожна ачысьцілі ад калючак і адкусілі прыстойны кавалак. Густы сок зь вяжучым кіславатым смакам багата пацёк вам у рот.
 
Чорт! Ды гэта ж Втыкіла — ваш любімы хмельны напой!"
"/quests/Xenopark.qmm/locations/31/texts/0/text"	"Вы нажали кнопку вызова, и в комнату тот час же вошел смотритель вместе с каким-то незнакомым пеленгом в дорогом костюме.

- Знакомьтесь - владелец ксенопарка Ляпцва Хиц собственной персоной. Самый уважаемый и крупный делец на планете <ToPlanet>, - представил смотритель солидного пеленга. - А это наш спаситель, великий рейнджер <Ranger>.
- Рад знакомству, мистер Хиц, как вам отдыхалось на Кварибах? - выдавили вы из себя.
- Спасибо, чудесно отдохнул, только не на Кварибах, а на Кванарах. За спасение моих любимцев благодарю вас от всего сердца , - с улыбкой пожал вам руку Хиц, - и от кошелька тоже, разумеется. Надеюсь, мой скромный дар в <Money> cr компенсирует вам потерянное время и нервы. К сожалению, за вознаграждением вы должны лететь обратно на планету <FromPlanet> - эти бюрократы требуют, чтобы все финансовые мероприятия, связанные с вашим наймом, проходили через их банк. Ну а я буду рад видеть вас снова в своем ксенопарке. Приходите, специально для вас будет сделана скидка в... скажем 10%! Нет, что это я, ведь вы же мой спаситель - целых 11% скидки!!!

Вы вяло ответили на слова благодарности, мечтая только об одном - поскорее вернуться на корабль, принять душ и поспать. С этой мыслью вы пошли к выходу, когда вас нагнал смотритель.
- Вот, - он протянул вам небольшой контейнер, хитро при этом улыбаясь, - скромный подарок на память, от мистера Хица.
- Что там? - настороженно спросили вы.
- Взгляните...
Вы открыли контейнер и тут же захлопнули. Из него на вас шаловливо смотрел тот самый шпецокляк.
- Последнего отдаю, - со счастливой улыбкой прокомментировал пеленг и тут же, словно прочитав ваши мысли, добавил: - А подарки не возвращают... Прощайте. И кормите его хорошенько.
- А чем... - спросили было вы, но никого уже не было рядом."	"Quest Xenopark.qmm: locations.31.texts.0.text. Preserve every <tag> exactly. English reference: You pushed the emergency button and the care-taker together with an unknown Peleng in the expensive suit immediately entered the room.

- Let me introduce the owner of the xenopark, mister Brigee Bardozze, himself to you. This is the most respected and major businesspeleng on <ToPlanet>, - the care-taker pointed to the heavy Peleng. - And this is our rescuer, great ranger <Ranger>.
- Nice to meet you, mister Bardozze, did you have a good rest on the Cvaribbeans? - you forced out a greeting.
- Thank you, it was just wonderful, but it was the Cvanarians, not the Cvaribbeans. Thank you kindly for saving my pets, - Bardozze clasped your hand smiling, - The other part of my thanks will come from my pocket. I hope that my simple <Money> cr gift will compensate your time and nerves. Unfortunately, to get your fee you will have to fly back to <FromPlanet> - these bureaucrats require all financials issues connected with your employment to be decided through their bank. And I'll be happy to see you again in my xenopark. You are welcome and receive a special...let us say, 10% entrance fee discount! Hold on! Let it be even 11% - you are our rescuer!!!

You answered with no enthusiasm dreaming just of getting back to your ship, taking a shower and having a sleep. With that idea in your mind, you were going to the exit when the care-keeper drew up with you.
- Here, - he handed a small container to you smiling cunningly, - here is one more simple gift from mister Bardozze.
- What is it? - you asked suspiciously.
- Have a look...
You opened the container and shut it tightly again. The very sploshling was looking prankishly at you.
- This is the last one, - the Peleng commented with a happy smile and added as if reading your thoughts: - And returning a gift back is considered bad manners... Good bye. And don't forget to feed it properly.
- What kind of food... - you didn't finish the phrase because he disappeared the next moment."	"Quest,Xenopark"	""
"/quests/Xenopark.qmm/locations/33/texts/0/text"	"На третьем чане висит табличка <clr>""Шарики Хаапта""<clrEnd>. 

Под крышкой оказалось корыто, доверху засыпанное шариками, правда, самого Хаапта вы не увидели. Ну что ж, тогда он не будет возражать, если вы попробуете немного.

Вы взяли пару шариков в руку - размером с яйцо пушканчика (с человеческий ноготь), твердые шероховатые шарики оказались на удивление хрупкими, и вы с легкостью раскрошили парочку в мелкую крошку. Бледно-желтый цвет и приятный запах шариков говорят о том, что они могут оказаться для вас съедобны..."	"Quest Xenopark.qmm: locations.33.texts.0.text. Preserve every <tag> exactly. English reference: There was a tablet with the superscription <clr> ""Khahapt globules""<clrEnd> on Tub № 3.

There turned out to be a back full of globules under the lid. Though you didn't find Khahapt himself there. Well, probably he won't mind if you try some.

You took a couple of globules in your hand. Solid, rugged and like an egg of a furpus (or a human nail) in size, they turned out to be surprisingly fragile and you easily crumbled them. Their straw colour and tasty smell said that they might have been eatable...."	"Quest,Xenopark"	"На трэцім чане вісіць таблічка <clr>""Шарыкі Хаапта""<clrEnd>. 

Пад вечкам аказалася карыта, даверху засыпанае шарыкамі, праўда, самога Хаапта вы не ўбачылі. Ну што ж, тады ён не будзе пярэчыць, калі вы паспрабуеце трохі.

Вы ўзялі пару шарыкаў у руку — памерам з яйка тушканчыка (з чалавечы ногаць), цьвёрдыя шурпатыя шарыкі аказаліся на зьдзіўленьне крохкімі, і вы зь лёгкасьцю раструшчылі пару ў дробную крошку. Бледна-жоўты колер і прыемны пах шарыкаў кажуць пра тое, што яны могуць аказацца для вас ядомымі..."
"/quests/Xenopark.qmm/locations/33/texts/1/text"	"Вы вволю наелись шариками, на самом деле оказавшихся вашим любимым Поп-кормом. На сытый желудок и голова работает лучше, вот что значит пища, богатая углеводами!!!"	"Quest Xenopark.qmm: locations.33.texts.1.text. Preserve every <tag> exactly. English reference: You ate a bellyful of the globules that turned out to be your favourite Pop-feed. Full stomach makes the brains work better - see what the food with high content of carbohydrates can do!!!"	"Quest,Xenopark"	"Вы дасыта наеліся шарыкамі, якія насамрэч аказаліся вашым любімым Поп-кормам. На сыты страўнік і галава працуе лепш, вось што значыць ежа, багатая вугляводамі!!!"
"/quests/Xenopark.qmm/locations/33/texts/2/text"	"Вы взяли один шарик и осторожно лизнули. Сладко-приторный мучной вкус шарика словно вернул вас во времена вашей юности, вот только с какими воспоминаниями это связано, вы так и не поняли."	"Quest Xenopark.qmm: locations.33.texts.2.text. Preserve every <tag> exactly. English reference: You took one globule and licked it carefully. It felt like its luscious taste brought you back to your calf-time but you failed to figure out what memories were connected with that taste."	"Quest,Xenopark"	"Вы ўзялі адзін шарык і асьцярожна лізнулі. Салодка-прыкры мучны смак шарыка быццам вярнуў вас у часы вашага юнацтва, вось толькі з якімі ўспамінамі гэта зьвязана, вы так і не зразумелі."
"/quests/Xenopark.qmm/locations/33/texts/3/text"	"Вы взяли несколько шариков и положили на язык. С легким хрустом разжевали их и засмеялись: ай да гаальцы! Это ж надо было назвать ""шариками Хаапта"" эту любимую пищу тинейджеров! Вы-то точно знаете, что никакой гаалец Хаапт эти шарики не изобретал - это кулинарный шедевр поваров-пеленгов, называемый Поп-корм. Вы и сами хрустели им не раз, сидя в стереотеатре..."	"Quest Xenopark.qmm: locations.33.texts.3.text. Preserve every <tag> exactly. English reference: You took several globules and put them on your tongue. Then you chewed them with a slight crisp and laughed: good for the Gaalians! Who in the entire Galaxy would call this favourite teenager food Khahapt globules! You knew for sure that there was no Gaalian Khahapt who had created those globules - that was a culinary triumph of the Peleng cooks, which was called Pop-feed. You used to crisp them not once yourself sitting in the stereotheater..."	"Quest,Xenopark"	"Вы ўзялі некалькі шарыкаў і паклалі на язык. Зь лёгкім хрустам разжавалі іх і засьмяяліся: ай ды гаальцы! Гэта ж трэба было назваць ""шарыкамі Хаапта"" гэтую любімую ежу падлеткаў! Вы ж дакладна ведаеце, што ніякі гаалец Хаапт гэтыя шарыкі не вынаходзіў — гэта кулінарны шэдэўр кухараў-пеленгаў, які завецца Поп-корм. Вы і самі хрумсьцелі ім не раз, седзячы ў стэрэа-тэатры..."
"/quests/Xenopark.qmm/locations/35/texts/0/text"	"Табличка на чане №4 гласит:
<clr>Гранулированные зирки<clrEnd>

В чане оказалось множество прозрачных маленьких кристаллов. Они действительно вовсю зиркали в лучах осветителей. Видимо, по прихоти авторов этого кулинарного шедевра, кристаллы были огранены. Хотя, возможно, они росли на какой-нибудь планете, и именно такую форму им придавал климат. Не исключено также, что это были семена экзотического растения или даже яйца инсектоида. Хотя зирки совершенно не пахли, а на ощупь были прохладными и достаточно твердыми."	"Quest Xenopark.qmm: locations.35.texts.0.text. Preserve every <tag> exactly. English reference: The tablet on Tub №4 said:
<clr>Granulated sparklings <clrEnd>

There turned out to be a lot of limpid small crystals. They were really sparkling in the light of the lamps. It must have been the authors' idea to facet the crystals.. Though may be, they were from a planet with the type of climate that had shaped them like that. There was also a possibility that those were seeds of some exotic plant of even eggs of an insectoid, though they had no smell and felt cool and rather solid."	"Quest,Xenopark"	"Таблічка на чане №4 абвяшчае:
<clr>Грануляваныя зіркі<clrEnd>

У чане аказалася мноства празрыстых маленькіх крышталёў. Яны сапраўды на ўсю бліскалі ў промнях асьвятляльнікаў. Відаць, з капрызу аўтараў гэтага кулінарнага шэдэўру крышталям надалі грані. Хоць, магчыма, яны расьлі на якой-небудзь плянэце, і менавіта такую форму ім надаваў клімат. Не выключана таксама, што гэта было насеньне экзатычнай расьліны ці нават яйкі насякомага. Хоць зіркі зусім не пахлі, а навобмацак былі прахалоднымі і дастаткова цьвёрдымі."
"/quests/Xenopark.qmm/locations/35/texts/1/text"	"Вы взяли маленький кристаллик и бросили в рот. 

Ну вот - а доктор Свайков давал пожизненную гарантию на пломбу. Хотя, он не врал, на выломанном зубе красовалась качественная целая пломба с голографической меткой фирмы ""Свайков и банда"". Ну что ж - будете объяснять  приятелям, что потеряли зуб в драке, а не пытаясь сожрать корм неведомого ксеноморфа."	"Quest Xenopark.qmm: locations.35.texts.1.text. Preserve every <tag> exactly. English reference: You took a small crystal and threw it into your mouth.

There - and doctor Svaikoff guaranteed that this filling would stay forever. Though he didn't cram  - there was an untouched seal prancing on the broken tooth with the holographic label of ""Svaikoff and Ga"". Well, you would tell your friends that you had lost it in the battle but not while trying to scoff the food for an unknown xenomorph."	"Quest,Xenopark"	"Вы ўзялі маленькі крышталік і кінулі ў рот. 

Ну вось — а доктар Свайкаў даваў пажыцьцёвую гарантыю на плёмбу. Хоць ён не хлусіў, на выламаным зубу красавалася якасная цэлая плёмба з галяграфічнай меткай фірмы ""Свайкаў і банда"". Ну што ж — будзеце тлумачыць  сябрам, што згубілі зуб у бойцы, а не спрабуючы зжэрці корм невядомага ксэнаморфа."
"/quests/Xenopark.qmm/locations/35/texts/2/text"	"Вы осторожно взяли кристаллик и лизнули. Никакого вкуса или запаха, только язык порезали об острую грань..."	"Quest Xenopark.qmm: locations.35.texts.2.text. Preserve every <tag> exactly. English reference: You took a crystal carefully and licked it. Neither taste, not smell, just your cut tongue..."	"Quest,Xenopark"	"Вы асьцярожна ўзялі крышталік і лізнулі. Ніякага смаку ці паху, толькі язык парэзалі аб вострую грань..."
"/quests/Xenopark.qmm/locations/36/texts/0/text"	"Вы схватили целую горсть зирок и отправили в рот. Твердый, как алмаз, корм уже стоил вам нескольких зубов, когда дверь в помещение для животных с грохотом распахнулась, и в нее с шумом ввалилась толпа одетых в форму пеленгов, сжимавших в руках оружие.

Один из них выхватил рацию, тогда как остальные наставили на вас грозного вида стволы. 
- Говорит капитан отряда вневедомственной охраны Квакша Цыпик, информацию о вызове подтверждаю. Место вызова - ксенопарк уважаемого господина Хица. Причина вызова - несоответствие траектории перемещения корма под кодом ""А"" предписанной системой безопасности. Версия - неизвестный рейнджер пытается похитить корм ""А"", укрыв в ротовой полости. Меры по пресечению - уничтожение объекта.

Огненные лезвия вырвались из стволов  и вонзились в вашу грудь. Уже на грани угасающего сознания вы слышали голоса охранников:
- Ну вот, очередного охотника за кормом ""А"" пришили. 
- Да отправится его энергетическая сущность в Цвацкие Топи, где все мы рано или поздно окажемся. Слушай, Хачик-Хан, а ты не знаешь, для какого животного они заготовили эти алмазы?..

Тьма опустилась на вас..."	"Quest Xenopark.qmm: locations.36.texts.0.text. Preserve every <tag> exactly. English reference: You grabbed a handful of sparklings and threw them in your mouth. The diamond-hard feed cost several broken teeth already but suddenly the door admitting to the room with the animals flew open with terrible noise and a crowd of Pelengs in the uniform rushed in carrying guns.

One of them took out a radio-set and the others pointed their dreadful barrels at you. 
- This is captain Quacksha Chuck, non-governmental security department squad, speaking. Emergency call confirmed. Location - mister Bardozze's xenopark. Reason - the security system detected a wrong trajectory of A code feed transferring. Version - an unknown ranger is trying to steal A code feed hiding it away in his oral cavity. Stopping means - object destruction.

Fire blades issued forward from the barrels and stuck into your chest. On your way to unconsciousness you heard the guards' voices:
- Well, one more A feed hunter killed. 
- May his energy essence go to Tzvackian Swales, sooner or later all of us will be there. Here, Khachick-Khan, do you know what animal are these diamonds for?..

Darkness fell upon you..."	"Quest,Xenopark"	""
"/quests/Xenopark.qmm/locations/39/texts/0/text"	"<clr>""Железистая Лаап-Ша""<clrEnd> - надпись на чане №5. 

Множество длинных тонких прутиков, скорее похожих на шнурки разного цвета, лежало в этом чане. Гладкая поверхность всевозможных цветов казалась слишком уж идеальной для стебля растения. Возможно, это была вытяжка желез неведомого зверя, как и указано на табличке."	"Quest Xenopark.qmm: locations.39.texts.0.text. Preserve every <tag> exactly. English reference: <clr>""Glandulous Noohoo-Dle""<clrEnd> was on Tub №5.

In that tub there were a lot of long thin rods looking like cords of different colours. Their surface of all kinds of colours seemed to be too smooth for a stem of a plant. May be, it really was an extract from some animal's glands as it was said on the tablet."	"Quest,Xenopark"	"<clr>""Залозістая Лаап-Ша""<clrEnd> — надпіс на чане №5. 

Мноства доўгіх тонкіх прутоў, хутчэй падобных на шнуркі рознага колеру, ляжала ў гэтым чане. Гладкая паверхня ўсялякіх колераў здавалася занадта ўжо ідэальнай для сьцябла расьліны. Магчыма, гэта была выцяжка залозаў невядомага зьвера, як і пазначана на таблічцы."
"/quests/Xenopark.qmm/locations/39/texts/1/text"	"Вы взяли самую красивую и яркую веточку (или что бы это ни было), и осторожно лизнули. Мягкая, но не растворимая в вашей слюне кожица слегка отдавала запахом то ли пластика, то ли хитина, а может - рогового панциря, опыта у вас маловато, чтобы судить точнее."	"Quest Xenopark.qmm: locations.39.texts.1.text. Preserve every <tag> exactly. English reference: You took the smoothest and brightest sprig (or whatever it was) and carefully licked it. The silken rind insoluble in your saliva savoured of either plastic, or quitine, or, may be, shell-horn - you were too inexperienced to guess."	"Quest,Xenopark"	"Вы ўзялі самую прыгожую і яркую галінку (ці што б гэта ні было) і асьцярожна лізнулі. Мяккая, але нерастваральная ў вашай сьліне скурка зьлёгку аддавала пахам то плястыку, то цьвёрдай лускі, а можа — рагавога панцыра, досьведу ў вас замала, каб судзіць дакладней."
"/quests/Xenopark.qmm/locations/39/texts/2/text"	"Вы взяли в рот пару прутьев и пожевали. Когда, наконец, вам удалось разорвать зубами внешнюю оболочку, ваши зубы заскрипели о сердцевину. Она было мягкая, но прочная, даже не рвалась. Ее металлический привкус и красноватый цвет отбили всякую охоту продолжать эксперимент."	"Quest Xenopark.qmm: locations.39.texts.2.text. Preserve every <tag> exactly. English reference: You put a couple of rods in the mouth and chewed. At last, when you managed to tear the rind with your teeth, they grated on the pith. It was soft but strong, tinny and reddish and completely discouraged you from experimenting any longer."	"Quest,Xenopark"	"Вы ўзялі ў рот пару прутоў і пажавалі. Калі, нарэшце, вам удалося разарваць зубамі вонкавую абалонку, вашыя зубы заскрыгаталі аб стрыжань. Ён быў мяккі, але трывалы, нават не рваўся. Яго мэталічны прысмак і чырванаваты колер адбілі ўсякую ахвоту працягваць экспэрымэнт."
"/quests/Xenopark.qmm/locations/39/texts/3/text"	"Уже после первой попытки вы поняли, что лучше этого не делать - сомнительное удовольствие."	"Quest Xenopark.qmm: locations.39.texts.3.text. Preserve every <tag> exactly. English reference: The first attempt was enough to realise that you better stay your hand - the pleasure seemed to be very doubtful."	"Quest,Xenopark"	"Ужо пасьля першай спробы вы зразумелі, што лепш гэтага не рабіць — сумнеўнае задавальненьне."
"/quests/Xenopark.qmm/locations/41/texts/0/text"	"В шестом чане лежат <clr>""Просто Фотоны""<clrEnd>. 

Это громадный кусок... субстанции, которая довольно прилично смердит. Возможно, что она и ""насыщена фотонами"", как видно из названия, вот только вам это ни о чем не говорит. Может, эту массу под солнечными лучами держали? Или ее жарят из фотонного излучателя? Как бы то ни было, внешний вид этой мутно-зеленой, покрытой слизью субстанции ничего не напоминал, или почти ничего."	"Quest Xenopark.qmm: locations.41.texts.0.text. Preserve every <tag> exactly. English reference: There are <clr>""Elementary Photons""<clrEnd> in Tub 6.

It is a huge piece of... a substance that stinks a lot. May be, it ""has a high content of photons"" as it is mentioned on the tablet, but it says nothing to you. Was it kept in the sunlight? Or do they fry photon-emitter to prepare it? Whatever it is, this cloudy green substance covered by slime made no associations appear in your head, or...almost no associations."	"Quest,Xenopark"	"У шостым чане ляжаць <clr>""Проста Фатоны""<clrEnd>. 

Гэта вялізны кавалак... субстанцыі, якая даволі прыстойна сьмярдзіць. Магчыма, што яна і ""насычаная фатонамі"", як відаць з назвы, вось толькі вам гэта ні пра што не кажа. Можа, гэтую масу трымалі пад сонечнымі прамянямі? Ці яе смажаць з фатоннага выпраменьвальніка? Як бы там ні было, вонкавы выгляд гэтай мутна-зялёнай, укрытай сліззю субстанцыі нічога не нагадваў, ці амаль нічога."
"/quests/Xenopark.qmm/locations/41/texts/1/text"	"Вы осторожно нагнулись и лизнули массу. Она вдруг зашевелилась и начала вонять так, что вы заплакали. Но пару минут спустя вонь и шевеление прекратились. Вот только язык вам обожгло довольно сильно - слизь оказалась едкой."	"Quest Xenopark.qmm: locations.41.texts.1.text. Preserve every <tag> exactly. English reference: You bent carefully over the tub and licked the mass. Suddenly it moved and started producing such fetidity that tears appeared in your eyes. But in a couple of minutes the stink was gone and it became motionless again. Just your tongue was burnt rather badly - the slime turned out to be caustic."	"Quest,Xenopark"	"Вы асьцярожна нахіліліся і лізнулі масу. Яна раптам заварушылася і пачала тхнуць так, што вы заплакалі. Але праз пару хвілінаў смурод і варушэньне спыніліся. Вось толькі язык вам абпаліла даволі моцна — слізь аказалася едкай."
"/quests/Xenopark.qmm/locations/42/texts/0/text"	"Вы отщипнули кусочек простых фотонов и положили в рот...

Смерть рейнджера была мгновенной и безболезненной."	"Quest Xenopark.qmm: locations.42.texts.0.text. Preserve every <tag> exactly. English reference: You picked a small piece of elementary photons and put it in the mouth...

The ranger's death was instantaneous and painless."	"Quest,Xenopark"	"Вы адшчыпнулі кавалачак простых фатонаў і паклалі ў рот...

Рэйнджэр памёр імгненна і бязбольна."
"/quests/Xenopark.qmm/locations/44/texts/0/text"	"Вы открыли крышку последнего чана - с <clr>Углеводородной настойкой<clrEnd>. 

В нем оказалась пузырящаяся жидкость темно-коричневого цвета с приятным запахом. Множество маленьких пузырьков зарождалось на дне и всплывало на поверхность, тихо лопаясь. Никакого запаха, характерного для знакомых вам углеводородов, вы не ощутили."	"Quest Xenopark.qmm: locations.44.texts.0.text. Preserve every <tag> exactly. English reference: You threw open the lid of the last tub with <clr>Hydrocarbon tincture <clrEnd>. 

There turned out to be a bubbly dark-brown liquid with nice smell. A lot of small bubbles appeared on the bottom then emerging to the surface and popping with a quiet sound. No smell of the familiar hydrocarbons."	"Quest,Xenopark"	"Вы адкрылі вечка апошняга чана — з <clr>Вуглевадароднай настойкай<clrEnd>. 

У ім аказалася вадкасьць з бурбалкамі цёмна-карычневага колеру з прыемным пахам. Мноства маленькіх бурбалак нараджалася на дне, усплывала на паверхню і ціха лопалася. Ніякага паху, характэрнага для знаёмых вам вуглевадародаў, вы не адчулі."
"/quests/Xenopark.qmm/locations/44/texts/1/text"	"Вы зачерпнули немного в ладони и выпили. Приятное щекотание пузырьков газа заставило вас закашляться, но вы уже поняли, что это никакая не углеводородная настойка, а самая обычная Кока-Кола - газированный безалкогольный напиток, веяния человеческой моды на всякие кулинарные изыски, подхваченные практически всеми расами.

   Охватившая вас неожиданная икота напугала животных, и вам пришлось спеть им колыбельную, чтобы успокоить. Правда, она напугала их еще больше."	"Quest Xenopark.qmm: locations.44.texts.1.text. Preserve every <tag> exactly. English reference: You dipped up some of the liquid and drank it. Nice tickling of the bubbles made you cough but you realised that it was no hydrocarbon tincture at all but ordinary cola - carbonated non-alcoholic drink, the influence of human fashion on other cuisine eagerly accepted by other races.

Your sudden hiccing scared the animals and you had to sing a lullaby to calm them down. However, it made them afraid even more.."	"Quest,Xenopark"	"Вы зачэрпнулі трохі ў далоні і выпілі. Прыемнае казытаньне бурбалак газу прымусіла вас закашляцца, але вы ўжо зразумелі, што гэта ніякая не вуглевадародная настойка, а самая звычайная Кока-Кола — газаваны безалькагольны напой, павевы чалавечай моды на ўсялякія кулінарныя выбрыкі, падхопленыя практычна ўсімі расамі.

   Нечаканая ікаўка, якая ахапіла вас, напалохала жывёлаў, і вам давялося сьпець ім калыханку, каб супакоіць. Праўда, яна напалохала іх яшчэ больш."
"/quests/Xenopark.qmm/locations/44/texts/2/text"	"Вы смочили палец и капнули пару капель на язык. Жидкость слегка зашипела, но язык только немного защипало - не больно, а скорее щекотно. Какой знакомый вкус! И эта резкость, вызванная насыщенностью газами..."	"Quest Xenopark.qmm: locations.44.texts.2.text. Preserve every <tag> exactly. English reference: You wet your finger with the liquid and dripped a couple of drops on your tongue. It fizzed up a little, but didn't burn the tongue, just tickled it. What a familiar taste! And this tang caused by gases..."	"Quest,Xenopark"	"Вы змачылі палец і капнулі пару кропляў на язык. Вадкасьць зьлёгку зашыпела, але язык толькі трохі зашчымела — не балюча, а хутчэй казыча. Які знаёмы смак! І гэтая рэзкасьць, выкліканая насычанасьцю газамі..."
"/quests/Xenopark.qmm/locations/49/pars/0/crit_text"	"Малок уставился на горстку голубой пыли, еще недавно сопевшей в углу, затем выхватил бластер:
- Умри, убийца символа малокской нации! - кричал он, нажимая на спусковой крючок. Вас окутало голубоватое пламя, и жизнь покинула бренное тело."	"Quest Xenopark.qmm: locations.49.pars.0.crit_text. Preserve every <tag> exactly. English reference: Maloq stared at the handful of blue dust that had been wheezing in the corner not long ago and took out his blaster:
- Die, the murderer of the Maloq symbol! - he shouted releasing the trigger. Bluish flame folded you and you went out of the world."	"Quest,Xenopark"	"Малок утаропіўся на жменю блакітнага пылу, які яшчэ нядаўна сіпеў у куце, потым выхапіў блястэр:
— Памры, забойца сымбалю малокскай нацыі! — крычаў ён, націскаючы на спускавы кручок. Вас ахінула блакітнаватае полымя, і жыцьцё пакінула тленнае цела."
"/quests/Xenopark.qmm/locations/49/texts/0/text"	"Тварь некоторое время игнорировала пузырящийся напиток, но затем осмелела и всосала своим хоботом все, что вы налили. Результат не замедлил сказаться - ксеноморф мелко задрожал и... <clr>рассыпался<clrEnd>, став горсткой голубой пыли.

Зазвучала пронзительная сирена. В помещения вбежал испуганный смотритель в сопровождении огромного малока-охранника. 
- О боже! - закричал побледневший пеленг."	"Quest Xenopark.qmm: locations.49.texts.0.text. Preserve every <tag> exactly. English reference: The creature was ignoring the bubbly drink for some time, then it grew bolder and sucked it up with its trunk.. The result was instantaneous  - the xenomorph started quivering and... <clr>mouldered <clrEnd>, turning into a handful of blue dust. 

Alarm siren wailed out. The scared care-taker ran into the room accompanied by a huge Maloq guard. 
- Oh, dear! - the Peleng shouted going pale."	"Quest,Xenopark"	"Пачвара нейкі час ігнаравала напой з бурбалкамі, але потым асьмялела і ўсмактала хобатам усё, што вы налілі. Вынік не прымусіў сябе чакаць — ксэнаморф дробна задрыжаў і... <clr>рассыпаўся<clrEnd>, стаўшы жменяй блакітнага пылу.

Загула пранізьлівая сырэна. У памяшканьне ўбег спалоханы даглядчык у суправаджэньні вялізнага малока-ахоўніка. 
— О божа! — закрычаў зьбялелы пеленг."
"/quests/Xenopark.qmm/locations/51/texts/0/text"	"Вскоре громадина ксенопарка скрылась за горизонтом, а впереди показался космопорт. Только теперь вы осознали, что все ужасы позади. Пожалуй,  для вас проще пару систем от доминаторов в одиночку освободить, чем возиться с этими тварями...

После этого задания вы твердо решили, что будете общаться только с гуманоидами, перестанете ходить на бои пенчекряков и смотреть ""В мире ксеноморфов"" по стереовизору. И НИ ЗА ЧТО не выпустите шпецокляка из контейнера..."	"Quest Xenopark.qmm: locations.51.texts.0.text. Preserve every <tag> exactly. English reference: Soon the bender of xenopark disappeared beyond the horizon and the spaceport appeared ahead of you. Only then you awoke to the fact that all nightmares were over. Perhaps, it's easier for you to liberate a couple of systems from dominators than messing about with these beasts... 

After that mission you were set to dealing with humanoids only, avoiding penchequack fights and ""The world of xenomorphs"" program. And you will let the sploshling out of the container BY NO MEANS..."	"Quest,Xenopark"	"Неўзабаве грамада ксэнапарку схавалася за гарызонтам, а наперадзе паказаўся касмапорт. Толькі цяпер вы ўсьвядомілі, што ўсе жахі ззаду. Бадай,  для вас прасьцей пару сыстэмаў ад дамінатараў самому вызваліць, чым важдацца з гэтымі пачварамі...

Пасьля гэтага заданьня вы цьвёрда вырашылі, што будзеце мець зносіны толькі з гуманоідамі, перастанеце хадзіць на баі пэнчэкрякаў і глядзець ""У сьвеце ксэнаморфаў"" па стэрэавізары. І НІ ЗА ШТО не выпусьціце шпецокляка з кантэйнэра..."
"/quests/Xenopark.qmm/locations/52/texts/0/text"	"Возле выхода на улицу вы столкнулись с Вацхой Шпицуком - главным кормильцем ксенопарка.

- А, <Ranger>, рад вас видеть в добром здравии. Судя по вашему виду, вы таки справились с задачей. Поздравляю. Кстати - я могу ответить на любые ваши вопросы, разъяснить, с кем же вы имели дело - мне по рации объяснили, что шпецокляк опять перепутал таблички...

Спрашивайте, <Ranger>..."	"Quest Xenopark.qmm: locations.52.texts.0.text. Preserve every <tag> exactly. English reference: In the street you came across Rabby Terezze - the chief feeder of the xenopark.

- Ah, <Ranger>, happy to see you in good health. Judging from you appearance, you coped with it. My congratulations! By the way - I can answer all your questions and explain what creatures you dealt with - they told me over the radio-set, that the sploshling had mixed up the tablets again...

Ask, <Ranger>..."	"Quest,Xenopark"	"Каля выхаду на вуліцу вы сутыкнуліся з Вацхам Шпіцукам — галоўным карміцелем ксэнапарку.

— А, <Ranger>, рады бачыць вас у добрым здароўі. Мяркуючы па вашым выглядзе, вы ўсё ж справіліся з задачай. Віншую. Дарэчы — я магу адказаць на любыя вашыя пытаньні, растлумачыць, з кім жа вы мелі справу — мне па рацыі патлумачылі, што шпецокляк зноў пераблытаў таблічкі...

Пытайцеся, <Ranger>..."
"/quests/Xenopark.qmm/locations/52/texts/1/text"	"- Это был Айшаут - довольно интересное растение. Совершенно безмозглое, что бы там не утверждали знатоки иикэ-бааны, но способное передвигаться. Оно поглощает крахмал из мучных продуктов, и перерабатывает в глюкозу. А из минералки берет углекислый газ, необходимый для синтеза.
- Но ведь в камере нет света!
- Есть, просто родное для айшаутов солнце излучает в особом спектре, который нам кажется черным.

""Это ж надо, какой научный фундамент подвели гаальские иикэ-баанисты под уровень интеллекта простого растения!"" - подумали вы..."	"Quest Xenopark.qmm: locations.52.texts.1.text. Preserve every <tag> exactly. English reference: - It was the Aishout, a rather interesting plant. Completely brainless, whatever the ihike-bahanists may say, but able to shift. It absorbs amylum from starchy food and reprocesses it into glucose. And it gets carbon dioxide necessary to synthesis from the carbonated water.
- But there is no light in the cage!
- There is, it's just that the Aishout's native sun radiates light in special spectrum, which seems black to us. 

""Of all things! What a scientific base these Gaalian ihike-bahanists created for the intellect of an elementary plant!"" - you thought..."	"Quest,Xenopark"	"— Гэта быў Айшаут — даволі цікавая расьліна. Зусім без мазгоў, што б там ні сьцьвярджалі знаўцы ііке-бааны, але здольная рухацца. Яна паглынае крухмал з мучных прадуктаў і перапрацоўвае ў глюкозу. А з газаванай вады бярэ вуглякіслы газ, патрэбны для сынтэзу.
— Але ж у камэры няма сьвятла!
— Ёсьць, проста роднае для айшаутаў сонца выпраменьвае ў асаблівым спэктры, які нам здаецца чорным.

""Гэта ж трэба, які навуковы падмурак падвялі гаальскія ііке-бааністы пад узровень інтэлекту простай расьліны!"" — падумалі вы..."
"/quests/Xenopark.qmm/locations/52/texts/2/text"	"- Это был Айшаут - довольно интересное растение. Совершенно безмозглое, что бы там не утверждали знатоки иикэ-бааны, но способное передвигаться. Оно поглощает крахмал из мучных продуктов, и перерабатывает в глюкозу. А из минералки берет углекислый газ, необходимый для синтеза.
- Но ведь в камере нет света!
- Есть, просто родное для айшаутов солнце излучает в особом спектре, который нам кажется черным.
- А вот насчет неразумности я сомневаюсь - оно похоронило веточку квак то-уса.
- Да? Это многое меняет, нужно будет провести дополнительные исследования..."	"Quest Xenopark.qmm: locations.52.texts.2.text. Preserve every <tag> exactly. English reference: - It was the Aishout, a rather interesting plant. Completely brainless, whatever the ihike-bahanists may say, but able to shift. It absorbs amylum from starchy food and reprocesses it into glucose. And it gets carbon dioxide necessary to synthesis from the carbonated water.
- But there is no light in the cage!
- There is, it's just that the Aishout's native sun radiates light in special spectrum, which seems black to us.
- I doubt its brainlessness - it buried a sprig of Quack-Tose.
- Really? It changes a lot, and then I need to do some additional research..."	"Quest,Xenopark"	"— Гэта быў Айшаут — даволі цікавая расьліна. Зусім без мазгоў, што б там ні сьцьвярджалі знаўцы ііке-бааны, але здольная рухацца. Яна паглынае крухмал з мучных прадуктаў і перапрацоўвае ў глюкозу. А з газаванай вады бярэ вуглякіслы газ, патрэбны для сынтэзу.
— Але ж у камэры няма сьвятла!
— Ёсьць, проста роднае для айшаутаў сонца выпраменьвае ў асаблівым спэктры, які нам здаецца чорным.
— А вось наконт таго, што яна неразумная я сумняваюся — яно пахавала галінку квак то-уса.
— Так? Гэта шмат што мяняе, трэба будзе правесьці дадатковыя дасьледаваньні..."
"/quests/Xenopark.qmm/locations/52/texts/3/text"	"- О-о-о, это был жвырклац. Они питаются, выцеживая из болотной жижи кураябу - болотный вереск. Грязь, содержащую этот вереск, называют крямбусиной.
- Да он меня чуть не сожрал!!!
- Просто жвырклацы плохо видят, а вас он, видимо, принял за самку и хотел поиграть. Кстати, жвырклацы - далекие родственники земных лягушек. А какая у них слизкая бородавчатая кожа - так бы и гладил... А как они поют - ""кква! ква!!! ква-а-а!""

Кажется, пора замять тему..."	"Quest Xenopark.qmm: locations.52.texts.3.text. Preserve every <tag> exactly. English reference: - Oh, that was a phatklink. They feed on curayaba, swamp heather, straining it out of the swamp. The mass that contains this heather is called criambusine.
- But it almost ate me!!!
- Phatklinks are poor sighted and it probably took you for a female and wanted to play. By the way, phatklinks are distant relations of the earth frogs. And what a nice slick warty skin they have - I love to pat it... And how they sing - ""Croak! Croak!!! Cro-o-ak!"" 

May be, it's time to change the topic..."	"Quest,Xenopark"	"— О-о-о, гэта быў жвырклац. Яны сілкуюцца, выцэджваючы з балотнай жыжы кураябу — балотны верас. Бруд, які зьмяшчае гэты верас, завуць крэмбусінай.
— Ды ён мяне ледзь не зьеў!!!
— Проста жвырклацы кепска бачаць, а вас ён, відаць, прыняў за самку і хацеў пагуляць. Дарэчы, жвырклацы — далёкія сваякі зямных жаб. А якая ў іх сьлізкая скура ў бародаўках — так бы і гладзіў... А як яны сьпяваюць — ""кква! ква!!! ква-а-а!""

Здаецца, пара замяць тэму..."
"/quests/Xenopark.qmm/locations/52/texts/4/text"	"- Судя по вашему описанию, это был клисанский прото-шпок. Попал в наш рукав галактики из галактики клисан, предположительно. Пренеприятнейшая тварь. Регенерирует с ужасной скоростью, а если его не облучать интенсивным белым светом из искусственного источника, то он способен менять форму и даже размеры. Очень опасное животное, надо признать, и чертовски разумное.
- Да уж, - поежились вы, вспоминая. - Поэтому ему нужна пища, обогащенная фотонами?
- Фотонами? Какими фотонами? Да нет - это просто неверный перевод, все никак не напишу новые таблички - мне то все ясно. Это была протоплазма с активизирующим коагулянтом. Просто переводчик перевел ""плазма"" как ""фотон"", а в части ""прото"" допустил ошибку.
- А что за странный пол в клетке?
- Спецматериал - единственное, что способно удержать прото-шпока, он даже  титановую броню прогрызает. Кстати, любая человеческая пища для него смертельно ядовита... У вас есть еще вопросы?"	"Quest Xenopark.qmm: locations.52.texts.4.text. Preserve every <tag> exactly. English reference: - Judging from your description, it was the Klissan proto-shpock. It passed into our hands from the Klissan Galaxy...I think. An extremely unpleasant creature! It regenerates the appearance with a frightful speed. And if it's not irradiated by white lamplight, it can change its shape and even sizes. This is a very dangerous animal, I should say, and damn intellectual.
- Indeed, - you cringed. - Is it why it needs food with high content of photons?
- Photons? What photons? Oh, no - it is just a wrong translation; I keep forgetting to make new tablets. It was the protoplasm with an activating coagulant. The translator understood ""plasma"" as ""photon"", and made a mistake omitting ""proto"".
- And what kind of floor is there in the cage?
- This is a special material - the only type that can stop proto-shpock, it can nibble even titan armour. By the way, any human food is deadly for it... Do you have any more questions?"	"Quest,Xenopark"	"— Мяркуючы па вашым апісаньні, гэта быў клісанскі прота-шпок. Трапіў у наш рукаў галяктыкі з галяктыкі клісан, мяркуючы па ўсім. Вельмі непрыемная пачвара. Аднаўляецца з жахлівай хуткасьцю, а калі яго не апраменьваць інтэнсіўным белым сьвятлом з штучнай крыніцы, то ён здатны мяняць форму і нават памеры. Вельмі небясьпечная жывёла, трэба прызнаць, і чортава разумная.
— Ды ўжо, — скалануліся вы, успамінаючы. — Таму яму патрэбная ежа, узбагачаная фатонамі?
— Фатонамі? Якімі фатонамі? Ды не — гэта проста няправільны пераклад, усё ніяк не напішу новыя таблічкі — мне дык усё ясна. Гэта была пратаплязма з актывізаваным каагулянтам. Проста перакладнік пераклаў ""плязма"" як ""фатон"", а ў частцы ""прота"" дапусьціў памылку.
— А што за дзіўная падлога ў клетцы?
— Адмысловы матэрыял — адзінае, што здольнае ўтрымаць прота-шпока, ён нават  тытанавую браню прагрызае. Дарэчы, любая чалавечая ежа для яго сьмяротна атрутная... У вас ёсьць яшчэ пытаньні?"
"/quests/Xenopark.qmm/locations/52/texts/5/text"	"- Это был песчаный шип, их на Марс завезли с Земли. Пески Марса оказались пригодны для их жизни. На Земле этих животных называют ""верблюды"", или ""корабли пустыни"". ""Шип"" на одном из Земных языков - ""корабль"". А пищей для них служат колючие кактусы (по-пеленгски, квак то-ус), растущие в пустыне. Шипы запасают воду и жиры в наростах на спине - ""горбах"", и содержащихся в квак то-усах веществ им надолго хватает. Вот так-то."	"Quest Xenopark.qmm: locations.52.texts.5.text. Preserve every <tag> exactly. English reference: - That was a Sand Ship, they were brought to Mars from Earth. The Martian sands turned out to be suitable for them. They call them ""camels"" or ""dessert ships"" there on Earth. And they feed on thorny cactuses (quack-tose in the Peleng language) that grow in the dessert. Ships save water and fat in their outgrowths on the back - ""humps"", and the substances from the quack-tose are enough for them to do without food and water for many days. There it is!"	"Quest,Xenopark"	"— Гэта быў пясчаны шып, іх на Марс завезьлі з Зямлі. Пяскі Марса аказаліся прыдатныя для іхнага жыцьця. На Зямлі гэтых жывёлаў завуць ""вярблюды"", або ""караблі пустыні"". ""Шып"" на адной зь зямных моваў — ""карабель"". А ежай для іх служаць калючыя кактусы (па-пеленгску, квак то-ус), якія растуць у пустыні. Шыпы запасяць ваду і тлушчы ў нарастах на сьпіне — ""гарбах"", і рэчываў, што ёсьць у квак то-усах, ім надоўга хапае. Вось так."
"/quests/Xenopark.qmm/locations/52/texts/6/text"	"- Судя по вашему объяснению, это был ""грозный хаббат"", символ мужества малоков. Если бы он погиб, вам бы на голову свалилась целая компания этих накаченных парней. Кстати - совершенно безобидное и трусливое создание...
- Но я же читал отчеты...
- Вы читали отчеты малоков... Просто несчастная зверушка во сне - они практически постоянно спят - свалилась на голову одному из малоков и пришибла его. А поскольку хаббаты не могут издать ни звука, кроме своего храпа, принятого капитаном за смех, их и посчитали бесстрашными. Тогда как тот зверек просто впадал в спячку от страха.
- Понятно. А при чем здесь ""умение маскировки"", и что за Лаап-Шу я ему давал, и зачем эти ""зирки""?
- Хаббаты живут на Таботе, в скалах - они имеют характерный голубой цвет, как и шкура хаббата, от высокого содержания сапфиров в породе. А ""лаап-ша"" - это и есть Солнечный некамень. Самая обыкновенная медь, мы даже изоляцию с проводов не снимали. Некамень - это железо, а солнечный - потому что солнце Табота медно-красного цвета. А алмазы, или ""гранулированные зирки"", мы используем, чтобы в желудке хаббата они перетирали медь в порошок. А непереваренные алмазы мы потом забираем назад...
   
При этих словах вы сглотнули и незаметно вытерли руки о комбинезон, догадываясь, каким образом хаббат отдает алмазы. 

- Кстати - хорошо что вы не попытались стащить алмазы - они промаркированы, и если траектория хоть одного кристалла не совпадает с заданной... В общем, ваша честность, или незнание, спасли вашу шкуру. Еще вопросы?"	"Quest Xenopark.qmm: locations.52.texts.6.text. Preserve every <tag> exactly. English reference: - Judging from you description, that was the ""dreadful habbath"", the symbol of the Maloq courage. If it had been killed, a whole bunch of those tough guys would have dropped from the clouds on you. By the way - this is a completely harmless and cowardly creature...
- But I read the reports...
- You read the Maloq reports... It was that the poor animal just fell on one of the Maloqs in the sleep - they sleep almost all the time - and smashed it. And as long as habbaths can't produce any other noise but snoring, the captain took it for laughter and considered the beast fearless, whereas it was just scared and went to the state of hypnote.
- I see. Then where does the ""disguise skill"" come from? And what is Noohoo-Dle? And ""sparklings""? 
- Habbaths live on Taboth, in the rocks, which are of the same blue colour as the habbaths' skin due to the high content of sapphires in them. And Noohoo-Dle is the Sun nonstone. Normal copper, we didn't even remove insulation from the cords. Nonstone is iron, and ""sun"" is due to the fact that the Taboth sun is auburn. And we use the diamonds (or granulated sparklings) because they grind the copper to powder in the habbath's stomach. Undigested diamonds get back to us...
   
After these words you swallowed and surreptitiously wiped your hands on the uniform guessing how the habbath gives the diamonds back.

- By the way - it's good that you didn't try to steal the diamonds - they are all marked and if the trajectory of at least one of them doesn't coincide with the one specified... In general, your honesty, or just ignorance, saved your skin. Any more questions?"	"Quest,Xenopark"	"— Мяркуючы па вашым тлумачэньні, гэта быў ""грозны хаббат"", сымбаль мужнасьці малокаў. Калі б ён загінуў, вам бы на галаву звалілася цэлая кампанія гэтых напампаваных хлопцаў. Дарэчы — зусім бясшкоднае і баязьлівае стварэньне...
— Але я ж чытаў справаздачы...
— Вы чыталі справаздачы малокаў... Проста няшчасная зьвярка ў сьне — яны практычна ўвесь час сьпяць — звалілася на галаву аднаму з малокаў і прыбіла яго. А паколькі хаббаты ня могуць выдаць ні гуку, апроч свайго храпу, які капітан прыняў за сьмех, іх і палічылі бясстрашнымі. Тады як тая зьвярка проста ўпадала ў сьпячку ад страху.
— Зразумела. А пры чым тут ""уменьне маскаваньня"", і што за Лаап-Шу я яму даваў, і навошта гэтыя ""зіркі""?
— Хаббаты жывуць на Табоце, у скалах — яны маюць характэрны блакітны колер, як і скура хаббата, ад высокага ўтрыманьня сапфіраў у пародзе. А ""лаап-ша"" — гэта і ёсьць Сонечны некамень. Самая звычайная медзь, мы нават ізаляцыю з дратоў не здымалі. Некамень — гэта жалеза, а сонечны — таму што сонца Табота медна-чырвонага колеру. А алмазы, або ""грануляваныя зіркі"", мы выкарыстоўваем, каб у страўніку хаббата яны пераціралі медзь у парашок. А неператраўленыя алмазы мы потым забіраем назад...
   
Пры гэтых словах вы глынулі і неўпрыкмет выцерлі рукі аб камбінэзон, здагадваючыся, якім чынам хаббат аддае алмазы. 

— Дарэчы — добра, што вы не паспрабавалі сьцягнуць алмазы — яны пазначаныя, і калі траекторыя хоць аднаго крышталя не супадае з зададзенай... Увогуле, ваша сумленнасьць, або няведаньне, уратавалі вашу скуру. Яшчэ пытаньні?"
"/quests/Xenopark.qmm/jumps/0/text"	"Вы что, издеваетесь? Я улетаю..."	"Quest Xenopark.qmm: jumps.0.text. Preserve every <tag> exactly. English reference: Are you mocking? I'm flying away..."	"Quest,Xenopark"	"Вы што, зьдзекуецеся? Я адлятаю..."
"/quests/Xenopark.qmm/jumps/1/text"	"Я знаю что делаю - ведите меня к животным..."	"Quest Xenopark.qmm: jumps.1.text. Preserve every <tag> exactly. English reference: I know what I'm doing - bring me to the animals..."	"Quest,Xenopark"	"Я ведаю, што раблю — вядзіце мяне да жывёлаў..."
"/quests/Xenopark.qmm/jumps/1/description"	"Смотритель радостно улыбнулся вашим словам, пожал вам руку всеми четырьмя своими, и открыл дверь. Его пеленгская хитрая улыбка никак не сочеталась с довольным ярко-зеленым румянцем, залившим щеки.

А вам очень захотелось узнать, что за шутник отрекомендовал вас как ""компетентного специалиста"". Наверняка это кто-то из приятелей-рейнджеров. Узнать бы кто, уж вы бы дали ему ""рекомендации""."	"Quest Xenopark.qmm: jumps.1.description. Preserve every <tag> exactly. English reference: The care-taker gleefully smiled at your words, clasped your hand with his four and opened the door. His cunning Peleng smile didn't match his rather bright green flush mantling his cheeks.

And you...you were eager to find out who had recommended you as an ""expert"". It must have been one of your ranger friends. If you only knew who it was, you would ""recommend"" him yourself."	"Quest,Xenopark"	"Даглядчык радасна ўсьміхнуўся вашым словам, паціснуў вам руку ўсімі чатырма сваімі і адчыніў дзьверы. Ягоная пеленгская хітрая ўсьмешка ніяк не спалучалася з задаволеным ярка-зялёным румянцам, які заліў шчокі.

А вам вельмі захацелася даведацца, што за жартаўнік адрэкамэндаваў вас як ""кампэтэнтнага спэцыяліста"". Напэўна, гэта хтосьці з прыяцеляў-рэйнджэраў. Даведацца б хто, ужо вы б далі яму ""рэкамэндацыі""."
"/quests/Xenopark.qmm/jumps/2/text"	"Подойти к клетке №1 ""Большой хаббат. Планета Табот"""	"Quest Xenopark.qmm: jumps.2.text. Preserve every <tag> exactly. English reference: Come to Cage №1 ""Big habbath. Planet Taboth """	"Quest,Xenopark"	"Падысьці да клеткі №1 ""Вялікі хаббат. Плянэта Табот"""
"/quests/Xenopark.qmm/jumps/3/text"	"Подойти к клетке №2 ""Болотный Жвырклац. Планета Чвак"""	"Quest Xenopark.qmm: jumps.3.text. Preserve every <tag> exactly. English reference: Come to Cage №2 ""Swamp phatklink. Planet Chvack """	"Quest,Xenopark"	"Падысьці да клеткі №2 ""Балотны Жвырклац. Плянэта Чвак"""
"/quests/Xenopark.qmm/jumps/4/text"	"Подойти к клетке №3 ""Клисанский прото-шпок. Клисаны"""	"Quest Xenopark.qmm: jumps.4.text. Preserve every <tag> exactly. English reference: Come to Cage №3 ""Klissan proto-shpock. The Klissans"""	"Quest,Xenopark"	"Падысьці да клеткі №3 ""Клісанскі прота-шпок. Клісаны"""
"/quests/Xenopark.qmm/jumps/5/text"	"Подойти к клетке №4 ""Благородный Айшаут. Планета Фаяэтон"""	"Quest Xenopark.qmm: jumps.5.text. Preserve every <tag> exactly. English reference: Come to Cage №4 ""Graceful Aishout. Planet Faeyaton """	"Quest,Xenopark"	"Падысьці да клеткі №4 ""Высакародны Айшаут. Плянэта Фаяэтон"""
"/quests/Xenopark.qmm/jumps/6/text"	"Подойти к клетке №5 ""Песчаный ШИП. Планета Марс"""	"Quest Xenopark.qmm: jumps.6.text. Preserve every <tag> exactly. English reference: Come to Cage №5 ""Sand Ship. Planet Mars """	"Quest,Xenopark"	"Падысьці да клеткі №5 ""Пясчаны ШЫП. Плянэта Марс"""
"/quests/Xenopark.qmm/jumps/7/text"	"Может, книги помогут разобраться..."	"Quest Xenopark.qmm: jumps.7.text. Preserve every <tag> exactly. English reference: May be, the books can help you..."	"Quest,Xenopark"	"Можа, кнігі дапамогуць разабрацца..."
"/quests/Xenopark.qmm/jumps/8/text"	"Почитать ""Повадки и краткое описание редких ксеноморфов"""	"Quest Xenopark.qmm: jumps.8.text. Preserve every <tag> exactly. English reference: Read ""Behaviour and brief description of xenomorphs """	"Quest,Xenopark"	"Пачытаць ""Звычкі і кароткае апісаньне рэдкіх ксэнаморфаў"""
"/quests/Xenopark.qmm/jumps/9/text"	"Осмотреть  чаны с пищей для ксеноморфов"	"Quest Xenopark.qmm: jumps.9.text. Preserve every <tag> exactly. English reference: Study the tubs with the food for the xenomorphs"	"Quest,Xenopark"	"Агледзець  чаны з ежай для ксэнаморфаў"
"/quests/Xenopark.qmm/jumps/10/text"	"Делом нужно заниматься..."	"Quest Xenopark.qmm: jumps.10.text. Preserve every <tag> exactly. English reference: Stick to business..."	"Quest,Xenopark"	"Трэба заняцца справай..."
"/quests/Xenopark.qmm/jumps/11/text"	"Почитать ""Пища редких животных нашей Галактики"""	"Quest Xenopark.qmm: jumps.11.text. Preserve every <tag> exactly. English reference: Read ""Food for xenomorphs from our Galaxy"""	"Quest,Xenopark"	"Пачытаць ""Ежа рэдкіх жывёлаў нашай Галяктыкі"""
"/quests/Xenopark.qmm/jumps/12/text"	"Отложить книгу..."	"Quest Xenopark.qmm: jumps.12.text. Preserve every <tag> exactly. English reference: Put the book aside..."	"Quest,Xenopark"	"Адкласьці кнігу..."
"/quests/Xenopark.qmm/jumps/13/text"	"Хватит читать - пора за работу"	"Quest Xenopark.qmm: jumps.13.text. Preserve every <tag> exactly. English reference: Stop reading - it's time to work"	"Quest,Xenopark"	"Хопіць чытаць — пара за працу"
"/quests/Xenopark.qmm/jumps/14/text"	"Закончить осмотр..."	"Quest Xenopark.qmm: jumps.14.text. Preserve every <tag> exactly. English reference: Finish your look-over..."	"Quest,Xenopark"	"Закончыць агляд..."
"/quests/Xenopark.qmm/jumps/15/text"	"Почитать книгу ""Пища редких животных нашей Галактики"". Может, она что подскажет"	"Quest Xenopark.qmm: jumps.15.text. Preserve every <tag> exactly. English reference: Read "" Food for xenomorphs from our Galaxy "". May be, it will give you a hint"	"Quest,Xenopark"	"Пачытаць кнігу ""Ежа рэдкіх жывёлаў нашай Галяктыкі"". Можа, яна нешта падкажа"
"/quests/Xenopark.qmm/jumps/16/text"	"Почитать книгу ""Пища редких животных нашей Галактики"". Может, она что подскажет"	"Quest Xenopark.qmm: jumps.16.text. Preserve every <tag> exactly. English reference: Read "" Food for xenomorphs from our Galaxy "". May be, it will give you a hint"	"Quest,Xenopark"	"Пачытаць кнігу ""Ежа рэдкіх жывёлаў нашай Галяктыкі"". Можа, яна нешта падкажа"
"/quests/Xenopark.qmm/jumps/17/text"	"Почитать книгу ""Пища редких животных нашей Галактики"". Может, она что подскажет"	"Quest Xenopark.qmm: jumps.17.text. Preserve every <tag> exactly. English reference: Read "" Food for xenomorphs from our Galaxy "". May be, it will give you a hint"	"Quest,Xenopark"	"Пачытаць кнігу ""Ежа рэдкіх жывёлаў нашай Галяктыкі"". Можа, яна нешта падкажа"
"/quests/Xenopark.qmm/jumps/18/text"	"Почитать книгу ""Пища редких животных нашей Галактики"". Может, она что подскажет"	"Quest Xenopark.qmm: jumps.18.text. Preserve every <tag> exactly. English reference: Read "" Food for xenomorphs from our Galaxy "". May be, it will give you a hint"	"Quest,Xenopark"	"Пачытаць кнігу ""Ежа рэдкіх жывёлаў нашай Галяктыкі"". Можа, яна нешта падкажа"
"/quests/Xenopark.qmm/jumps/19/text"	"Почитать книгу ""Пища редких животных нашей Галактики"". Может, она что подскажет"	"Quest Xenopark.qmm: jumps.19.text. Preserve every <tag> exactly. English reference: Read "" Food for xenomorphs from our Galaxy "". May be, it will give you a hint"	"Quest,Xenopark"	"Пачытаць кнігу ""Ежа рэдкіх жывёлаў нашай Галяктыкі"". Можа, яна нешта падкажа"
"/quests/Xenopark.qmm/jumps/20/text"	"Почитать книгу ""Повадки и краткое описание редких ксеноморфов"". Может, описания животных помогут"	"Quest Xenopark.qmm: jumps.20.text. Preserve every <tag> exactly. English reference: Read "" Behaviour and brief description of xenomorphs "". May be, the descriptions will help you"	"Quest,Xenopark"	"Пачытаць кнігу ""Звычкі і кароткае апісаньне рэдкіх ксэнаморфаў"". Можа, апісаньні жывёлаў дапамогуць"
"/quests/Xenopark.qmm/jumps/21/text"	"Почитать книгу ""Повадки и краткое описание редких ксеноморфов"". Может, описания животных помогут"	"Quest Xenopark.qmm: jumps.21.text. Preserve every <tag> exactly. English reference: Read "" Behaviour and brief description of xenomorphs "". May be, the descriptions will help you"	"Quest,Xenopark"	"Пачытаць кнігу ""Звычкі і кароткае апісаньне рэдкіх ксэнаморфаў"". Можа, апісаньні жывёлаў дапамогуць"
"/quests/Xenopark.qmm/jumps/22/text"	"Почитать книгу ""Повадки и краткое описание редких ксеноморфов"". Может, описания животных помогут"	"Quest Xenopark.qmm: jumps.22.text. Preserve every <tag> exactly. English reference: Read "" Behaviour and brief description of xenomorphs "". May be, the descriptions will help you"	"Quest,Xenopark"	"Пачытаць кнігу ""Звычкі і кароткае апісаньне рэдкіх ксэнаморфаў"". Можа, апісаньні жывёлаў дапамогуць"
"/quests/Xenopark.qmm/jumps/23/text"	"Почитать книгу ""Повадки и краткое описание редких ксеноморфов"". Может, описания животных помогут"	"Quest Xenopark.qmm: jumps.23.text. Preserve every <tag> exactly. English reference: Read "" Behaviour and brief description of xenomorphs "". May be, the descriptions will help you"	"Quest,Xenopark"	"Пачытаць кнігу ""Звычкі і кароткае апісаньне рэдкіх ксэнаморфаў"". Можа, апісаньні жывёлаў дапамогуць"
"/quests/Xenopark.qmm/jumps/24/text"	"Почитать книгу ""Повадки и краткое описание редких ксеноморфов"". Может, описания животных помогут"	"Quest Xenopark.qmm: jumps.24.text. Preserve every <tag> exactly. English reference: Read "" Behaviour and brief description of xenomorphs "". May be, the descriptions will help you"	"Quest,Xenopark"	"Пачытаць кнігу ""Звычкі і кароткае апісаньне рэдкіх ксэнаморфаў"". Можа, апісаньні жывёлаў дапамогуць"
"/quests/Xenopark.qmm/jumps/25/text"	"Отойти от клетки..."	"Quest Xenopark.qmm: jumps.25.text. Preserve every <tag> exactly. English reference: Go away from the cage..."	"Quest,Xenopark"	"Адысьці ад клеткі..."
"/quests/Xenopark.qmm/jumps/26/text"	"Отойти от клетки"	"Quest Xenopark.qmm: jumps.26.text. Preserve every <tag> exactly. English reference: Go away from the cage"	"Quest,Xenopark"	"Адысьці ад клеткі"
"/quests/Xenopark.qmm/jumps/27/text"	"Отойти от клетки"	"Quest Xenopark.qmm: jumps.27.text. Preserve every <tag> exactly. English reference: Go away from the cage"	"Quest,Xenopark"	"Адысьці ад клеткі"
"/quests/Xenopark.qmm/jumps/28/text"	"Отойти от клетки"	"Quest Xenopark.qmm: jumps.28.text. Preserve every <tag> exactly. English reference: Go away from the cage"	"Quest,Xenopark"	"Адысьці ад клеткі"
"/quests/Xenopark.qmm/jumps/29/text"	"Отойти от клетки"	"Quest Xenopark.qmm: jumps.29.text. Preserve every <tag> exactly. English reference: Go away from the cage"	"Quest,Xenopark"	"Адысьці ад клеткі"
"/quests/Xenopark.qmm/jumps/30/text"	"Попробовать накормить животное..."	"Quest Xenopark.qmm: jumps.30.text. Preserve every <tag> exactly. English reference: Try to feed the animal..."	"Quest,Xenopark"	"Паспрабаваць накарміць жывёлу..."
"/quests/Xenopark.qmm/jumps/31/text"	"Накормить животное..."	"Quest Xenopark.qmm: jumps.31.text. Preserve every <tag> exactly. English reference: Feed the animal..."	"Quest,Xenopark"	"Накарміць жывёлу..."
"/quests/Xenopark.qmm/jumps/32/text"	"Накормить животное..."	"Quest Xenopark.qmm: jumps.32.text. Preserve every <tag> exactly. English reference: Feed the animal..."	"Quest,Xenopark"	"Накарміць жывёлу..."
"/quests/Xenopark.qmm/jumps/33/text"	"Накормить животное..."	"Quest Xenopark.qmm: jumps.33.text. Preserve every <tag> exactly. English reference: Feed the animal..."	"Quest,Xenopark"	"Накарміць жывёлу..."
"/quests/Xenopark.qmm/jumps/34/text"	"Накормить животное..."	"Quest Xenopark.qmm: jumps.34.text. Preserve every <tag> exactly. English reference: Feed the animal..."	"Quest,Xenopark"	"Накарміць жывёлу..."
"/quests/Xenopark.qmm/jumps/35/text"	"Нет, лучше не спешить, и все тщательно обдумать"	"Quest Xenopark.qmm: jumps.35.text. Preserve every <tag> exactly. English reference: No, you better drag your heels and think it over properly"	"Quest,Xenopark"	"Не, лепш не сьпяшацца і ўсё старанна абдумаць"
"/quests/Xenopark.qmm/jumps/36/text"	"Нет, лучше не спешить, и все тщательно обдумать"	"Quest Xenopark.qmm: jumps.36.text. Preserve every <tag> exactly. English reference: No, you better drag your heels and think it over properly"	"Quest,Xenopark"	"Не, лепш не сьпяшацца і ўсё старанна абдумаць"
"/quests/Xenopark.qmm/jumps/37/text"	"Нет, лучше не спешить, и все тщательно обдумать"	"Quest Xenopark.qmm: jumps.37.text. Preserve every <tag> exactly. English reference: No, you better drag your heels and think it over properly"	"Quest,Xenopark"	"Не, лепш не сьпяшацца і ўсё старанна абдумаць"
"/quests/Xenopark.qmm/jumps/38/text"	"Нет, лучше не спешить, и все тщательно обдумать"	"Quest Xenopark.qmm: jumps.38.text. Preserve every <tag> exactly. English reference: No, you better drag your heels and think it over properly"	"Quest,Xenopark"	"Не, лепш не сьпяшацца і ўсё старанна абдумаць"
"/quests/Xenopark.qmm/jumps/39/text"	"Нет, лучше не спешить, и все тщательно обдумать"	"Quest Xenopark.qmm: jumps.39.text. Preserve every <tag> exactly. English reference: No, you better drag your heels and think it over properly"	"Quest,Xenopark"	"Не, лепш не сьпяшацца і ўсё старанна абдумаць"
"/quests/Xenopark.qmm/jumps/40/text"	"Рассмотреть ксеноморфа поближе"	"Quest Xenopark.qmm: jumps.40.text. Preserve every <tag> exactly. English reference: Examine the xenomorph"	"Quest,Xenopark"	"Разгледзець ксэнаморфа бліжэй"
"/quests/Xenopark.qmm/jumps/41/text"	"Рассмотреть ксеноморфа поближе"	"Quest Xenopark.qmm: jumps.41.text. Preserve every <tag> exactly. English reference: Examine the xenomorph"	"Quest,Xenopark"	"Разгледзець ксэнаморфа бліжэй"
"/quests/Xenopark.qmm/jumps/42/text"	"Рассмотреть ксеноморфа поближе"	"Quest Xenopark.qmm: jumps.42.text. Preserve every <tag> exactly. English reference: Examine the xenomorph"	"Quest,Xenopark"	"Разгледзець ксэнаморфа бліжэй"
"/quests/Xenopark.qmm/jumps/42/description"	"Под ярким голубым светом солнцеимитатора клубились густые псевдооблака. Странно, но тварь сидевшая в клетке, похоже, чувствовала себя здесь неуютно - она зябко подрагивала, а на темно-зеленой коже появлялись и тут же исчезали волдыри. Казалось, что по коже существа идет рябь. Оба глаза ее были плотно прикрыты.

Пятна противной на вид зеленой слизи покрывали пол и плавали по поверхности многочисленных луж. Но существо лишь брезгливо оттирало попавшую на кожу слизь и медленно ползло по клетке, следуя за тенью псевдооблаков. Едва оно попадало в тень, как окраска его тускнела, и ксеноморф практически сливался с тенью. Две пары лап оканчивались широкими плоскими ""ладонями"", которые могли быть одинаково хорошо приспособлены как для плавания, так и для хождения по вязкому песку. На кончиках ""пальцев"" были видны маленькие присоски. В полумраке вам так и не удалось разглядеть, поджала тварь под себя пятую лапу, или просто опиралась на короткий хвост.

Неожиданно тварь открыла оба глаза и уставилась на вас. Ксеноморф широко распахнул пасть, густо усеянную мелкими зубами в три ряда. От этого казалось, что плоская голова создания раскололась надвое. Из пасти молнией выстрелил длинный синий язык и обвился вокруг вашей руки. Присоска на конце языка распахнулась, словно бутон цветка, и впилась вам в ладонь. С проклятьем вы бросились прочь от клетки. Привязанная к вам тварь пролетела два метра по воздуху и ударилась о силовую решетку своего загончика. 

От удара тварь потеряла сознание и отпустила вашу руку. Но уже спустя пару минут бесформенное тело твари лениво переползало в тень. Оба глаза снова были плотно прикрыты. 
  
Вы тщательно вымыли руки, оттирая их от слизи. Там, где она попала на кожу, прилично жгло, но видимых повреждений не было, а вскоре прошел и зуд."	"Quest Xenopark.qmm: jumps.42.description. Preserve every <tag> exactly. English reference: Thick pseudoclouds were wreathing in the bright blue light of the sun-imitator. It was strange but the beast in the cage felt comfortless there - it quivered chilly and blebs were appearing and disappearing on its dark green skin and looked like ripple. Its both eyes were closed.

Spots of disgustingly looking slime covered the floor and drifted on the surface of multiple puddles. The creature fastidiously wiped the slime off its skin and crawled along the cage following the shade of the pseudoclouds. When it got in the shadow, it almost merged there. Two pairs of its paws finished in wide flat ""palms"" which could be suitable for either swimming or walking on the quick-sand. Small ""suckers"" could be seen on the ""fingertips"". You failed to distinguish in the shade if it tucked its fifth leg under it or just leaned on its tail.

Suddenly the creature opened its both eyes and stared at you. The xenomorph opened wide its chaps with three rows of small teeth. It made it look as if its flat head split to two parts. It fired its long blue tongue from the chaps, which swirled around your hand. The sucker on the tip of the tongue burst like a flower-bud and leeched to your palm. With curses you darted from the cage. The beast attached to you flew two meters in the air and banged against the cage power grid.

It fell unconscious because of the bang and let your hand go. But in a couple of minutes the creature's shapeless body lazily crawled to the shade. Its eyes were closed again. 
  
You properly washed your hands rubbing the slime off. The spots where it got were burning but there was no visible harm and after a while the itch was gone too."	"Quest,Xenopark"	""
"/quests/Xenopark.qmm/jumps/43/text"	"Рассмотреть ксеноморфа поближе"	"Quest Xenopark.qmm: jumps.43.text. Preserve every <tag> exactly. English reference: Examine the xenomorph"	"Quest,Xenopark"	"Разгледзець ксэнаморфа бліжэй"
"/quests/Xenopark.qmm/jumps/44/text"	"Рассмотреть ксеноморфа поближе"	"Quest Xenopark.qmm: jumps.44.text. Preserve every <tag> exactly. English reference: Examine the xenomorph"	"Quest,Xenopark"	"Разгледзець ксэнаморфа бліжэй"
"/quests/Xenopark.qmm/jumps/44/description"	"Животное в последней клетке оказалось приятнее на вид, чем его собратья по неволе. Длинное приземистое тело на шести коротких и кривых лапах было покрыто тусклой чешуей. Плоская заостренная мордочка повернулась в вашу сторону, едва вы приблизились. Хвост ксеноморфа был длиннее почти в два раза, чем тело - создавалось впечатление опасной стремительности существа, несмотря на короткие лапы.

Свет восьми длинных ламп, излучавших чистое белое сияние, отражался в глубине пола. Пол был словно покрыт мрамором или похожим камнем. Его блестящая поверхность казалась отполированной ураганными ветрами, но воздух в клетке был совершенно неподвижен. Сухой и без запаха, температура его была довольно высока.

Шутки ради вы наступили на кончик хвоста, свесившегося сквозь силовую решетку. Хвост оторвался. Каково же было ваше удивление, когда ксеноморф не спеша отошел подальше от вас, практически не отреагировав на потерю своего органа. А может, оно и не заметило? Похоже, что боли тварь не чувствовала...

От греха подальше вы решили больше не рисковать..."	"Quest Xenopark.qmm: jumps.44.description. Preserve every <tag> exactly. English reference: The xenomorph in the last cage turned out to look nicer than the other ones. Its long runty body with six short and bandy paws was covered with cloudy scale. The flat piked mug turned to you as soon as you approached. The xenomorph's tail was almost twice longer than the body - despite of short paws one got the impression of the creature's dangerous precipitation. 

The white shine of eight long lamps was reflected in the floor, which looked like marble or coated with some similar stone.

Its shining surface seemed like polished by vehement winds but the air in the cage was completely quiet, dry, rather warm and flavourless. Out of mere play you stepped on the tip of the tail that was lopping through the grid. The tail went off. 

You were extremely surprised when the xenomorph slowly moved away from you almost ignoring the fact of losing its organ. May be, it didn't notice anything? It looked like the beast felt no pain... To keep out of mischief you decided not to take hazards..."	"Quest,Xenopark"	""
"/quests/Xenopark.qmm/jumps/45/text"	"Мы тоже гордые. Отвернуться с высоко поднятой головой"	"Quest Xenopark.qmm: jumps.45.text. Preserve every <tag> exactly. English reference: We are proud too. Turn away with your head high"	"Quest,Xenopark"	"Мы таксама ганарлівыя. Адвярнуцца з высока паднятай галавой"
"/quests/Xenopark.qmm/jumps/46/text"	"Нечего пялиться - пора делом заниматься"	"Quest Xenopark.qmm: jumps.46.text. Preserve every <tag> exactly. English reference: Stop staring - it's time to work"	"Quest,Xenopark"	"Няма чаго вылуплівацца — пара заняцца справай"
"/quests/Xenopark.qmm/jumps/47/text"	"Да ну эту тварь - злая она"	"Quest Xenopark.qmm: jumps.47.text. Preserve every <tag> exactly. English reference: To hell with the beast - it's evil"	"Quest,Xenopark"	"Ды ну гэтую пачвару — злая яна"
"/quests/Xenopark.qmm/jumps/48/text"	"Так и от скуки помереть можно. Пора работать"	"Quest Xenopark.qmm: jumps.48.text. Preserve every <tag> exactly. English reference: What a bore! It's time to work"	"Quest,Xenopark"	"Так і з нуды памерці можна. Пара працаваць"
"/quests/Xenopark.qmm/jumps/49/text"	"Оставить странную зверушку в покое"	"Quest Xenopark.qmm: jumps.49.text. Preserve every <tag> exactly. English reference: Live the poor animal alone"	"Quest,Xenopark"	"Пакінуць дзіўную зьвярку ў спакоі"
"/quests/Xenopark.qmm/jumps/50/text"	"Дать ему Вацкую крямбусину из 1-ого чана"	"Quest Xenopark.qmm: jumps.50.text. Preserve every <tag> exactly. English reference: Feed it with the Vazze criambusine from Tub 1"	"Quest,Xenopark"	"Даць яму вацкую крэмбусіну з першага чана"
"/quests/Xenopark.qmm/jumps/51/text"	"Посмотреть, что за ""Вацкая крямбусина"" в 1-ом чане"	"Quest Xenopark.qmm: jumps.51.text. Preserve every <tag> exactly. English reference: Look what ""Vazze criambusine"" from Tub 1 is"	"Quest,Xenopark"	"Паглядзець, што за ""Вацкая крэмбусіна"" ў першым чане"
"/quests/Xenopark.qmm/jumps/52/text"	"Назад..."	"Quest Xenopark.qmm: jumps.52.text. Preserve every <tag> exactly. English reference: Back there..."	"Quest,Xenopark"	"Назад..."
"/quests/Xenopark.qmm/jumps/53/text"	"Слегка лизнуть кончик пальца с прилипшей ""крямбусиной"""	"Quest Xenopark.qmm: jumps.53.text. Preserve every <tag> exactly. English reference: Lick the fingertip with the stuck ""criambusine"" slightly"	"Quest,Xenopark"	"Зьлёгку лізнуць кончык пальца з прыліплай ""крэмбусінай"""
"/quests/Xenopark.qmm/jumps/55/text"	"Облизать измазанный палец"	"Quest Xenopark.qmm: jumps.55.text. Preserve every <tag> exactly. English reference: Lick the messy finger"	"Quest,Xenopark"	"Аблізаць вымазаны палец"
"/quests/Xenopark.qmm/jumps/56/text"	"Скушать горсть ""крямбусины"""	"Quest Xenopark.qmm: jumps.56.text. Preserve every <tag> exactly. English reference: Eat a handful of ""criambusine"""	"Quest,Xenopark"	"Зьесьці жменю ""крэмбусіны"""
"/quests/Xenopark.qmm/jumps/57/text"	"Ничего - на месте разберемся (может, книги помогут?)"	"Quest Xenopark.qmm: jumps.57.text. Preserve every <tag> exactly. English reference: It's alright - we'll figure it out on the spot (may be, books will help)"	"Quest,Xenopark"	"Нічога — на месцы дамо рады (можа, кнігі дапамогуць?)"
"/quests/Xenopark.qmm/jumps/57/description"	"Моментально побледневший смотритель оперся на стену, переводя дыхание, но ничего не сказал, открывая дверь.

А вам очень захотелось узнать, что за шутник отрекомендовал вас как ""компетентного специалиста"". Наверняка, это кто-то из приятелей рейнджеров. Узнать бы кто это, уж вы бы дали ему ""рекомендации""."	"Quest Xenopark.qmm: jumps.57.description. Preserve every <tag> exactly. English reference: The caretaker grew pale immediately and leaned against the wall catching his breath. He didn't say anything and just opened the door.

And you...you were eager to find out who had recommended you as an ""expert"". It must have been one of your ranger friends. If you only knew who it was, you would ""recommend"" him yourself."	"Quest,Xenopark"	"Імгненна зьбялелы даглядчык абапёрся на сьцяну, пераводзячы дыханьне, але нічога не сказаў, адчыняючы дзьверы.

А вам вельмі захацелася даведацца, што за жартаўнік адрэкамэндаваў вас як ""кампэтэнтнага спэцыяліста"". Напэўна, гэта хтосьці з прыяцеляў рэйнджэраў. Даведацца б хто гэта, ужо вы б далі яму ""рэкамэндацыі""."
"/quests/Xenopark.qmm/jumps/58/text"	"Рассмотреть этот ""КВАК ТО-УС Кожноцветный"" поближе"	"Quest Xenopark.qmm: jumps.58.text. Preserve every <tag> exactly. English reference: Examine this ""QUACK-TOSE rind-blooming"" thing"	"Quest,Xenopark"	"Разгледзець гэты ""КВАК ТО-УС колеру скуры"" бліжэй"
"/quests/Xenopark.qmm/jumps/59/text"	"Назад."	"Quest Xenopark.qmm: jumps.59.text. Preserve every <tag> exactly. English reference: Back there."	"Quest,Xenopark"	"Назад."
"/quests/Xenopark.qmm/jumps/60/text"	"Попробовать съесть веточку - вон ту, без шипов"	"Quest Xenopark.qmm: jumps.60.text. Preserve every <tag> exactly. English reference: Try that sprig...the thornless one"	"Quest,Xenopark"	"Паспрабаваць зьесьці галінку — вось тую, без шыпоў"
"/quests/Xenopark.qmm/jumps/61/text"	"Попробовать съесть побольше"	"Quest Xenopark.qmm: jumps.61.text. Preserve every <tag> exactly. English reference: Have some more"	"Quest,Xenopark"	"Паспрабаваць зьесьці болей"
"/quests/Xenopark.qmm/jumps/62/text"	"Дальше..."	"Quest Xenopark.qmm: jumps.62.text. Preserve every <tag> exactly. English reference: Go on..."	"Quest,Xenopark"	"Далей..."
"/quests/Xenopark.qmm/jumps/63/text"	"Хорошенько перекусить этим чудом природы"	"Quest Xenopark.qmm: jumps.63.text. Preserve every <tag> exactly. English reference: Treat yourself with that prodigy of nature"	"Quest,Xenopark"	"Добра перакусіць гэтым цудам прыроды"
"/quests/Xenopark.qmm/jumps/64/text"	"Лизнуть маленькую веточку..."	"Quest Xenopark.qmm: jumps.64.text. Preserve every <tag> exactly. English reference: Lick a small sprig..."	"Quest,Xenopark"	"Лізнуць маленькую галінку..."
"/quests/Xenopark.qmm/jumps/66/text"	"Животные накормлены! Позвать смотрителя"	"Quest Xenopark.qmm: jumps.66.text. Preserve every <tag> exactly. English reference: All the animals are filled! Call the caretaker"	"Quest,Xenopark"	"Жывёлы накормленыя! Паклікаць даглядчыка"
"/quests/Xenopark.qmm/jumps/68/text"	"Попробовать покормить животное шариками Хаапта"	"Quest Xenopark.qmm: jumps.68.text. Preserve every <tag> exactly. English reference: Try to feed the animal with the Khahapt globules"	"Quest,Xenopark"	"Паспрабаваць пакарміць жывёлу шарыкамі Хаапта"
"/quests/Xenopark.qmm/jumps/69/text"	"Дать зверю пару веток Квак То-Уса"	"Quest Xenopark.qmm: jumps.69.text. Preserve every <tag> exactly. English reference: Give a couple of quack-tose sprigs to the beast"	"Quest,Xenopark"	"Даць зьверу пару галінак Квак То-Уса"
"/quests/Xenopark.qmm/jumps/69/description"	"Вы вытащили из ящика несколько самых колючих веток этого растения и протянули животному. Оно недоверчиво посмотрело на вас, ухватило одну ветку мягкими губами и с явным удовольствием съело, практически игнорируя острые колючки. Для проверки вы выждали несколько минут. 
  
Животное протянуло свою морду к вам и недовольно прохрипело, явно требуя добавки. О боже! Обрадованно вы схватили целую охапку колючих веток, матерясь и танцуя от боли, - ну вот, обитатель клетки №1 <clr>накормлен<clrEnd>!"	"Quest Xenopark.qmm: jumps.69.description. Preserve every <tag> exactly. English reference: You took several more grips of that plant choosing the thorniest ones and handed them to the animal. It looked at you with some suspicion, then took one grip with its soft lips and ate with the obvious pleasure ignoring the thorns. 

You waited for some minutes just to check.  The animal put its mug to you with annoyed crepitating  - it obviously wanted more of the stuff. Oh, dear! You gleefully grabbed a whole bunch of the thorny sprigs cursing and dancing with pain - so, the Cage №1 habitant <clr>is filled<clrEnd>!"	"Quest,Xenopark"	"Вы выцягнулі з скрыні некалькі самых калючых галінак гэтай расьліны і працягнулі жывёле. Яна недаверліва паглядзела на вас, ухапіла адну галінку мяккімі вуснамі і з відавочнай асалодай зьела, практычна ігнаруючы вострыя калючкі. Для праверкі вы пачакалі некалькі хвілінаў. 
  
Жывёла працягнула сваю пысу да вас і незадаволена прахрыпела, відавочна патрабуючы дабаўкі. О божа! Узрадавана вы схапілі цэлую ахапку калючых галінак, лаючыся і танцуючы ад болю, — ну вось, насельнік клеткі №1 <clr>накормлены<clrEnd>!"
"/quests/Xenopark.qmm/jumps/70/text"	"Насыпать ему гранулированных зирок"	"Quest Xenopark.qmm: jumps.70.text. Preserve every <tag> exactly. English reference: Pour in the granulated sparklings to him"	"Quest,Xenopark"	"Насыпаць яму грануляваных зірак"
"/quests/Xenopark.qmm/jumps/71/text"	"Клисанский прото-шпок. Александр, рейнджер (3003 год)"	"Quest Xenopark.qmm: jumps.71.text. Preserve every <tag> exactly. English reference: Klissan proto-shpock. Alexander, ranger (3003)"	"Quest,Xenopark"	"Клісанскі прота-шпок. Аляксандар, рэйнджэр (3003 год)"
"/quests/Xenopark.qmm/jumps/72/text"	"Болотный жвырклац. Автор: Клякуш Чапацвак, археолог"	"Quest Xenopark.qmm: jumps.72.text. Preserve every <tag> exactly. English reference: Swamp phatklink. Author: Klyakush Chapazzvack, archaeologist"	"Quest,Xenopark"	"Балотны жвырклац. Аўтар: Клякуш Чапацвак, археоляг"
"/quests/Xenopark.qmm/jumps/73/text"	"Благородный айшаут. Автор: Ка-баан Здоох, гаальский иикэ-баанист"	"Quest Xenopark.qmm: jumps.73.text. Preserve every <tag> exactly. English reference: Graceful aishout. Author: Pestupohn Yer, a Gaalian ihike-bahanists"	"Quest,Xenopark"	"Высакародны айшаут. Аўтар: Ка-баан Здоох, гаальскі ііке-бааніст"
"/quests/Xenopark.qmm/jumps/74/text"	"Большой хаббат. Автор: Гаррах-Сильный, капитан отряда ""Мускулистая Нога"""	"Quest Xenopark.qmm: jumps.74.text. Preserve every <tag> exactly. English reference: Big habbath. Author: Garrakh the Strong, captain of the ""Muscled Leg"" detachment"	"Quest,Xenopark"	"Вялікі хаббат. Аўтар: Гаррах-Дужы, капітан атрада ""Мускулістая Нага"""
"/quests/Xenopark.qmm/jumps/75/text"	"Песчаный шип. Автор Эйцхала Стырило, честный торговец"	"Quest Xenopark.qmm: jumps.75.text. Preserve every <tag> exactly. English reference: Sand ship. Author: Eitzkhala Snipe-It, an honest trader"	"Quest,Xenopark"	"Пясчаны шып. Аўтар Эйцхала Стырыла, сумленны гандляр"
"/quests/Xenopark.qmm/jumps/77/text"	"Дать попить Углеводородную настойку"	"Quest Xenopark.qmm: jumps.77.text. Preserve every <tag> exactly. English reference: Feed it with the hydrocarbon tincture"	"Quest,Xenopark"	"Даць папіць вуглевадародную настойку"
"/quests/Xenopark.qmm/jumps/78/text"	"Предложить ксеноморфу немного Лаап-Ши"	"Quest Xenopark.qmm: jumps.78.text. Preserve every <tag> exactly. English reference: Let the xenomorph have some Noohoo-Dle"	"Quest,Xenopark"	"Прапанаваць ксэнаморфу трохі Лаап-Шы"
"/quests/Xenopark.qmm/jumps/79/param_changes/0/crit_text"	"- О боже!!! - закричали вы.
- О боже, - закричал незнакомый пеленг, вбежавший в комнату.
- Я разорен, я пропал - вы только посмотрите, что он сделал с ценнейшим экземпляром Шипа!!! Мой лапочка, что этот негодник с тобой сделал...

 Пока незнакомый господин рыдал над останками своего питомца, вы уже неслись в аэрокаре к своему космолету. Вечно так: хотелось как лучше, а получилось как всегда."	"Quest Xenopark.qmm: jumps.79.param_changes.0.crit_text. Preserve every <tag> exactly. English reference: - Oh, dear!!! - you shouted.
- Oh, dear, - an unknown Peleng shouted entering the room.
- I'm a bankrupt, I'm undone - look what he did to our Ship, the most valuable species!!! 

My pet, what did this rascal do to you?!!... While the unknown mister was crying over his pet's spoils, you were already driving in the aerocar to the spaceport. It's always like that: we hope for improvement and it ends up as usual."	"Quest,Xenopark"	"— О божа!!! — закрычалі вы.
— О божа, — закрычаў незнаёмы пеленг, які ўбег у пакой.
— Я разараны, я прапаў — вы толькі паглядзіце, што ён зрабіў з найкаштоўнейшым асобнікам Шыпа!!! Мой лапачка, што гэты нягоднік з табой зрабіў...

 Пакуль незнаёмы спадар рыдаў над астанкамі свайго гадаванца, вы ўжо несьліся ў аэракары да свайго зорнага карабля. Вечна так: хацелася як лепей, а атрымалася як заўсёды."
"/quests/Xenopark.qmm/jumps/79/text"	"Дать немного Простых Фотонов"	"Quest Xenopark.qmm: jumps.79.text. Preserve every <tag> exactly. English reference: Feed it with some elementary photons"	"Quest,Xenopark"	"Даць трохі Простых Фатонаў"
"/quests/Xenopark.qmm/jumps/79/description"	"С трудом отделив кусок от комка Фотонов, вы сунули ему прямо под нос твари. Животное скосило в вашу сторону один глаз, затем неуверенно лизнуло кусок в вашей ладони. Снова посмотрело на вас  и... <clr>лопнуло<clrEnd>!!! Самым нахальным образом лопнуло, обдав вас кровавыми ошметками плоти."	"Quest Xenopark.qmm: jumps.79.description. Preserve every <tag> exactly. English reference: It took you a lot of effort to pick a piece from the photon pile. You thrust it into the beast's mug. The animal skewed at you, then timidly licked the piece on your palm. Then it looked at you once again and... <clr>burst<clrEnd>!!! That pig burst covering you with bloody fragments of its flash."	"Quest,Xenopark"	"З цяжкасьцю аддзяліўшы кавалак ад камяка Фатонаў, вы сунулі яго проста пад нос пачвары. Жывёла скасіла ў ваш бок адно вока, потым няўпэўнена лізнула кавалак на вашай далоні. Зноў паглядзела на вас і... <clr>лопнула<clrEnd>!!! Самым нахабным чынам лопнула, абдаўшы вас крывавымі кавалкамі цела."
"/quests/Xenopark.qmm/jumps/80/text"	"Посмотреть, что это за ""Шарики Хаапта"""	"Quest Xenopark.qmm: jumps.80.text. Preserve every <tag> exactly. English reference: Look what the ""Khahapt globules"" are"	"Quest,Xenopark"	"Паглядзець, што гэта за ""Шарыкі Хаапта"""
"/quests/Xenopark.qmm/jumps/81/text"	"Назад..."	"Quest Xenopark.qmm: jumps.81.text. Preserve every <tag> exactly. English reference: Back there..."	"Quest,Xenopark"	"Назад..."
"/quests/Xenopark.qmm/jumps/82/text"	"Лизнуть один шарик..."	"Quest Xenopark.qmm: jumps.82.text. Preserve every <tag> exactly. English reference: Lick a globule..."	"Quest,Xenopark"	"Лізнуць адзін шарык..."
"/quests/Xenopark.qmm/jumps/84/text"	"Съесть пару шариков"	"Quest Xenopark.qmm: jumps.84.text. Preserve every <tag> exactly. English reference: Eat a couple of globules"	"Quest,Xenopark"	"Зьесьці пару шарыкаў"
"/quests/Xenopark.qmm/jumps/85/text"	"Перекусить шариками..."	"Quest Xenopark.qmm: jumps.85.text. Preserve every <tag> exactly. English reference: Make a meal of the globules..."	"Quest,Xenopark"	"Перакусіць шарыкамі..."
"/quests/Xenopark.qmm/jumps/86/text"	"Проверить зверушку, ставшую инвалидом... с легкой подачи вашей ноги"	"Quest Xenopark.qmm: jumps.86.text. Preserve every <tag> exactly. English reference: Check the animal that became crippled ...much thanks to your unsleeping care"	"Quest,Xenopark"	"Праверыць зьвярку, якая стала калекай... з вашай лёгкай нагі"
"/quests/Xenopark.qmm/jumps/86/description"	"Ого!!! А оно времени даром не теряло... По крайней мере, уже практически треть хвоста заново отросла. Да такой зверушкой можно столько голодных китайцев накормить... Интересно, а если ей еще что-нибудь отрезать?

Так, - сказали вы сами себе, - я их кормить приехал, или доктора Моро из себя изображать? Вивисектор доморощенный...

Вы молча стояли у последней клетки и смотрели в потолок. Всего пять жалких зверушек, которые хотят кушать, а сколько с ними возни. Чтобы себя развлечь, вы начали напевать, но, похоже, животным это не понравилось, и вы решили перестать. Никогда вам не стать Николаком Вацковым..."	"Quest Xenopark.qmm: jumps.86.description. Preserve every <tag> exactly. English reference: Hoo!!! It didn't waste its time on trifles. At least one third of the tail grew up again. This animal can feed so many starving Chinese... What if we cut off something else from it?

Wait a minute? - you said to yourself, - did I come to feed them or to play doctor Moreau? Wannabe vivisector... 

You silently stood at the last cage and looked at the ceiling. There were only five poor hungry animals...and how much trouble they gave! To entertain yourself, you started singing but the animals didn't seem to like it so you stopped. You would never become the second Kuciano Pavalozzi..."	"Quest,Xenopark"	"Ого!!! А яно часу дарма не губляла... Прынамсі, ужо практычна траціна хваста наноў адрасла. Ды такой жывёлай можна столькі галодных кітайцаў накарміць... Цікава, а калі ёй яшчэ што-небудзь адрэзаць?

Так, — сказалі вы самі сабе, — я іх карміць прыехаў, ці доктара Мора зь сябе ўяўляць? Вівісэктар дамарослы...

Вы моўчкі стаялі ля апошняй клеткі і глядзелі ў столь. Усяго пяць бедных зьвяроў, якія хочуць есьці, а колькі зь імі клопату. Каб сябе разьвесяліць, вы пачалі напяваць, але, здаецца, жывёлам гэта не спадабалася, і вы вырашылі спыніцца. Ніколі вам не стаць Ніколакам Вацкавым..."
"/quests/Xenopark.qmm/jumps/87/text"	"Проведать неудачливого пожирателя рейнджеров..."	"Quest Xenopark.qmm: jumps.87.text. Preserve every <tag> exactly. English reference: Visit the ranger-scoffing loser..."	"Quest,Xenopark"	"Наведаць няўдачлівага пажыральніка рэйнджэраў..."
"/quests/Xenopark.qmm/jumps/87/description"	"Едва вы приблизились к клетке, как ее обитатель лениво выполз из тени и уставился на вас. Пару минут вы играли в гляделки, потом тварь широко распахнула пасть.
   
Будучи уже наученным, вы отскочили подальше от клетки, но тварь всего лишь зевнула и выжидающе уставилась на вас..."	"Quest Xenopark.qmm: jumps.87.description. Preserve every <tag> exactly. English reference: As soon as you came to the cage, its inhabitant lazily crawled out from the shade and stared at you. For a couple of minutes you were playing glimmers and the beast opened its chaps wide. 

Being a sadder and a wiser man, you sprang back from the cage but The beast just yawned and kept staring at you as if expecting something..."	"Quest,Xenopark"	"Ледзь вы наблізіліся да клеткі, як яе насельнік ляніва выпаўз зь ценю і ўтаропіўся на вас. Пару хвілінаў вы гулялі, хто каго пераглядае, потым пачвара шырока расшчапіла пашчу.
   
Навучаныя ўжо, вы адскочылі далей ад клеткі, але пачвара ўсяго толькі пазяхнула і чакальна ўтаропілася на вас..."
"/quests/Xenopark.qmm/jumps/88/text"	"Изучить  ""Гранулированные зирки"""	"Quest Xenopark.qmm: jumps.88.text. Preserve every <tag> exactly. English reference: Study ""Granulated sparklings"""	"Quest,Xenopark"	"Вывучыць  ""Грануляваныя зіркі"""
"/quests/Xenopark.qmm/jumps/89/text"	"Назад..."	"Quest Xenopark.qmm: jumps.89.text. Preserve every <tag> exactly. English reference: Back there..."	"Quest,Xenopark"	"Назад..."
"/quests/Xenopark.qmm/jumps/90/text"	"Употребить горсточку зирок во внутрь"	"Quest Xenopark.qmm: jumps.90.text. Preserve every <tag> exactly. English reference: Eat a handful of sparklings"	"Quest,Xenopark"	"Ужыць жменьку зірак у сярэдзіну"
"/quests/Xenopark.qmm/jumps/91/text"	"Лизнуть один кристаллик"	"Quest Xenopark.qmm: jumps.91.text. Preserve every <tag> exactly. English reference: Lick one of the crystals"	"Quest,Xenopark"	"Лізнуць адзін крышталік"
"/quests/Xenopark.qmm/jumps/92/text"	"Съесть одну зирку"	"Quest Xenopark.qmm: jumps.92.text. Preserve every <tag> exactly. English reference: Eat one sparkling"	"Quest,Xenopark"	"Зьесьці адну зірку"
"/quests/Xenopark.qmm/jumps/94/text"	"Лизнуть веточку"	"Quest Xenopark.qmm: jumps.94.text. Preserve every <tag> exactly. English reference: Lick a sprig"	"Quest,Xenopark"	"Лізнуць галінку"
"/quests/Xenopark.qmm/jumps/95/text"	"Скушать чуть-чуть"	"Quest Xenopark.qmm: jumps.95.text. Preserve every <tag> exactly. English reference: Eat a tiny bit"	"Quest,Xenopark"	"Зьесьці трошачкі"
"/quests/Xenopark.qmm/jumps/96/text"	"Съесть пару десятков"	"Quest Xenopark.qmm: jumps.96.text. Preserve every <tag> exactly. English reference: Eat two scores"	"Quest,Xenopark"	"Зьесьці пару дзясяткаў"
"/quests/Xenopark.qmm/jumps/98/text"	"Рассмотреть ""Железистую Лаап-Ша"""	"Quest Xenopark.qmm: jumps.98.text. Preserve every <tag> exactly. English reference: Examine ""Glandulous Noohoo-Dle"""	"Quest,Xenopark"	"Разгледзець ""Залозістую Лаап-Ша"""
"/quests/Xenopark.qmm/jumps/99/text"	"Закончить осмотр..."	"Quest Xenopark.qmm: jumps.99.text. Preserve every <tag> exactly. English reference: Finish your look-over..."	"Quest,Xenopark"	"Закончыць агляд..."
"/quests/Xenopark.qmm/jumps/100/text"	"Лизнуть ""фотоны"""	"Quest Xenopark.qmm: jumps.100.text. Preserve every <tag> exactly. English reference: Lick the photons"	"Quest,Xenopark"	"Лізнуць ""фатоны"""
"/quests/Xenopark.qmm/jumps/101/text"	"Попробовать капельку..."	"Quest Xenopark.qmm: jumps.101.text. Preserve every <tag> exactly. English reference: Try a tiny bit..."	"Quest,Xenopark"	"Паспрабаваць кропельку..."
"/quests/Xenopark.qmm/jumps/102/text"	"Слопать кусок фотонов"	"Quest Xenopark.qmm: jumps.102.text. Preserve every <tag> exactly. English reference: Scoff a piece of the photons"	"Quest,Xenopark"	"Зжэрці кавалак фатонаў"
"/quests/Xenopark.qmm/jumps/104/text"	"Посмотреть на ""Просто Фотоны"""	"Quest Xenopark.qmm: jumps.104.text. Preserve every <tag> exactly. English reference: Look at the elementary photons"	"Quest,Xenopark"	"Паглядзець на ""Проста Фатоны"""
"/quests/Xenopark.qmm/jumps/105/text"	"Назад."	"Quest Xenopark.qmm: jumps.105.text. Preserve every <tag> exactly. English reference: Back there."	"Quest,Xenopark"	"Назад."
"/quests/Xenopark.qmm/jumps/106/text"	"Изучить содержимое чана с надписью ""углеводородная настойка"""	"Quest Xenopark.qmm: jumps.106.text. Preserve every <tag> exactly. English reference: Examine the content of the tub with the tablet ""hydrocarbon tincture"""	"Quest,Xenopark"	"Вывучыць зьмесьціва чана з надпісам ""вуглевадародная настойка"""
"/quests/Xenopark.qmm/jumps/107/text"	"Назад..."	"Quest Xenopark.qmm: jumps.107.text. Preserve every <tag> exactly. English reference: Back there..."	"Quest,Xenopark"	"Назад..."
"/quests/Xenopark.qmm/jumps/109/text"	"Капнуть немного на язык"	"Quest Xenopark.qmm: jumps.109.text. Preserve every <tag> exactly. English reference: Drip some on the tongue"	"Quest,Xenopark"	"Капнуць трохі на язык"
"/quests/Xenopark.qmm/jumps/110/text"	"Выпить немного настойки"	"Quest Xenopark.qmm: jumps.110.text. Preserve every <tag> exactly. English reference: Drink some tincture"	"Quest,Xenopark"	"Выпіць трохі настойкі"
"/quests/Xenopark.qmm/jumps/120/param_changes/0/crit_text"	"Лица прибывших по сигналу служителей не предвещали ничего хорошего, и вы поспешили убраться отсюда.
А утром все газеты писали о том, что ""...рейнджер <Ranger> увековечивает память о последнем Айшауте Благородном, превращая его в камень""

А возле вашего космолета члены общества ""зеленых""  устроили целую демонстрацию: толпа зеленых пеленгов в зеленых комбинезонах размахивала зелеными плакатами и швыряла в ваш космолет зеленые помидоры.

Вам ничего не оставалось, кроме как скрипеть зубами и зеленеть от злости."	"Quest Xenopark.qmm: jumps.120.param_changes.0.crit_text. Preserve every <tag> exactly. English reference: The faces of the care-takers who came at alarm betokened no good to you and you preferred to get out of there. 
And in the morning all the newspapers wrote about ""...ranger <Ranger> who commemorated the last Graceful Aishout turning it into stone""

And the Green society members organised a demonstration at your spaceship: 

a crowd of green Pelengs in green uniforms were waving green slogans and threw green tomatoes at your spaceship. You could do nothing but grate your teeth and green with fury."	"Quest,Xenopark"	"Твары служак, якія прыбылі па сыгнале, не абяцалі нічога добрага, і вы пасьпяшаліся прыбрацца адсюль.
А ўранку ўсе газэты пісалі пра тое, што ""...рэйнджэр <Ranger> увекавечвае памяць пра апошняга Айшаўта Высакароднага, ператвараючы яго ў камень""

А каля вашага зорнага карабля сябры таварыства ""зялёных"" уладзілі цэлую дэманстрацыю: натоўп зялёных пеленгаў у зялёных камбінэзонах размахваў зялёнымі плякатамі і шпурляў у ваш зорны карабель зялёныя памідоры.

Вам нічога не заставалася, апроч як скрыгатаць зубамі і зелянець ад злосьці."
"/quests/Xenopark.qmm/jumps/120/text"	"Дать ему вацкую крямбусину"	"Quest Xenopark.qmm: jumps.120.text. Preserve every <tag> exactly. English reference: Feed it with the vazze criambusine"	"Quest,Xenopark"	"Даць яму вацкую крэмбусіну"
"/quests/Xenopark.qmm/jumps/120/description"	"Вы плюхнули пару горстей неподалеку от создания. Оно слегка наклонило голову к куче, затем сунуло в нее свои щупальца и замерло. Вы тоже замерли, наблюдая. Прошло десять минут. Ни вы, ни животное не пошевелились. Прошел час. Не выдержав, вы взяли метлу и осторожно коснулись ксеноморфа. Раздался глухой стук, словно вы ударили о камень. 

Черт, да это теперь и был камень! Ваша страсть к экспериментаторству <clr>погубила<clrEnd> животное."	"Quest Xenopark.qmm: jumps.120.description. Preserve every <tag> exactly. English reference: You plunked a couple of handfuls near the creature. It slightly bent over the pile, then stuck its pulpi down into it and glued to the spot. You remained motionless too watching. Ten minutes passed. Neither you, not the animal made a move. An hour passed. You were out of patience, took a broom and carefully touched the xenomorph.

You heard the same sound as if you had hit a stone. Damn it, it was a stone! Your passion for experimenting <clr>killed<clrEnd> the animal."	"Quest,Xenopark"	"Вы шлёпнулі пару жменяў непадалёк ад стварэньня. Яно зьлёгку схіліла галаву да кучы, потым сунула ў яе свае шчупальцы і замерла. Вы таксама замерлі, назіраючы. Прайшло дзесяць хвілінаў. Ні вы, ні жывёла не варухнуліся. Прайшла гадзіна. Ня вытрываўшы, вы ўзялі мятлу і асьцярожна дакрануліся да ксэнаморфа. Пачуўся глухі стук, быццам вы ўдарылі аб камень. 

Чорт, ды гэта цяпер і быў камень! Ваша цяга да экспэрымэнтаў <clr>загубіла<clrEnd> жывёлу."
"/quests/Xenopark.qmm/jumps/121/text"	"Накормить гранулированными зирками"	"Quest Xenopark.qmm: jumps.121.text. Preserve every <tag> exactly. English reference: Feed it with the granulated sparklings"	"Quest,Xenopark"	"Накарміць грануляванымі зіркамі"
"/quests/Xenopark.qmm/jumps/122/text"	"Насыпать немного Лаап-ши"	"Quest Xenopark.qmm: jumps.122.text. Preserve every <tag> exactly. English reference: Pour in some Noohoo-Dle"	"Quest,Xenopark"	"Насыпаць трохі Лаап-шы"
"/quests/Xenopark.qmm/jumps/123/text"	"Дать шариков Хаапта"	"Quest Xenopark.qmm: jumps.123.text. Preserve every <tag> exactly. English reference: Give Khahapt globules"	"Quest,Xenopark"	"Даць шарыкаў Хаапта"
"/quests/Xenopark.qmm/jumps/124/text"	"Угостить зверя простыми фотонами"	"Quest Xenopark.qmm: jumps.124.text. Preserve every <tag> exactly. English reference: Treat the beast with the elementary photons"	"Quest,Xenopark"	"Пачаставаць зьвера простымі фатонамі"
"/quests/Xenopark.qmm/jumps/125/text"	"Налить немного настойки углеводородов"	"Quest Xenopark.qmm: jumps.125.text. Preserve every <tag> exactly. English reference: Pour in some of the hydrocarbon tincture"	"Quest,Xenopark"	"Наліць трохі настойкі вуглевадародаў"
"/quests/Xenopark.qmm/jumps/126/text"	"Дать шариков Хаапта"	"Quest Xenopark.qmm: jumps.126.text. Preserve every <tag> exactly. English reference: Give Khahapt globules"	"Quest,Xenopark"	"Даць шарыкаў Хаапта"
"/quests/Xenopark.qmm/jumps/127/text"	"Дать шариков Хаапта"	"Quest Xenopark.qmm: jumps.127.text. Preserve every <tag> exactly. English reference: Give Khahapt globules"	"Quest,Xenopark"	"Даць шарыкаў Хаапта"
"/quests/Xenopark.qmm/jumps/127/description"	"Вы бросили несколько шариков в животное, которое тут же их проворно схватило. С хрустом оно пережевало мучнистый корм и даже немного посветлело! Вам показалось, или вид у твари стал довольный? Еще несколько шариков были съедены с прежней быстротой. Затем оно подползло к миске с ""настойкой"" - вы явственно различили волочащиеся следом то ли корни,  то ли щупальца - и с удовольствием погрузило в жидкость свои широкие лапы, вернее, как вы уже поняли, листья.

Растение-мыслитель <clr>накормлено<clrEnd>."	"Quest Xenopark.qmm: jumps.127.description. Preserve every <tag> exactly. English reference: You threw several globules at the animal that caught them speedily. It chewed up the farinose feed crisping and even became a little bit lighter. There appeared some content in the beast's eyes or did it just seem to you? It ate several more globules with the same speed. Then it crawled to the bowl with the ""tincture"" - you could hear distinct rash of its either roots, or pulpi - and gladly deepened its wide paws, or, as you realised, leaves, in the liquid. 

The thinking plant <clr>is filled<clrEnd>."	"Quest,Xenopark"	"Вы кінулі некалькі шарыкаў у жывёлу, якая адразу ж спрытна іх схапіла. З хрустам яна перажавала мучны корм і нават трохі пасьвятлела! Вам здалося, ці выгляд у пачвары стаў задаволены? Яшчэ некалькі шарыкаў былі зьедзеныя з ранейшай хуткасьцю. Затым яна падпаўзла да міскі з ""настойкай"" — вы выразна адрозьнілі, што цягнуцца сьледам, то карані, то шчупальцы, — і з асалодай апусьціла ў вадкасьць свае шырокія лапы, дакладней, як вы ўжо зразумелі, лісьце.

Расьліна-мысьляр <clr>накормленая<clrEnd>."
"/quests/Xenopark.qmm/jumps/128/text"	"Дать шариков Хаапта"	"Quest Xenopark.qmm: jumps.128.text. Preserve every <tag> exactly. English reference: Give Khahapt globules"	"Quest,Xenopark"	"Даць шарыкаў Хаапта"
"/quests/Xenopark.qmm/jumps/128/description"	"Вы бросили несколько шариков в животное, которое тут же их проворно схватило. С хрустом оно пережевало мучнистый корм и даже немного посветлело! Вам показалось, или вид у твари стал довольный? Еще несколько шариков были съедены с прежней быстротой. Затем оно подползло к миске с ""настойкой"" - вы явственно различили волочащиеся следом то ли корни,  то ли щупальца - и с удовольствием погрузило в жидкость свои широкие лапы, вернее, как вы уже поняли, листья. Через пару минут цвет растения стал более светлым - признаки болезни исчезли, и сокотечение из пасти прекратилось.

Растение-мыслитель <clr>здорово и накормлено<clrEnd>."	"Quest Xenopark.qmm: jumps.128.description. Preserve every <tag> exactly. English reference: You threw several globules at the animal that caught them speedily. It chewed up the farinose feed crisping and even became a little bit lighter. There appeared some content in the beast's eyes or did it just seem to you? It ate several more globules with the same speed. Then it crawled to the bowl with the ""tincture"" - you could hear distinct rash of its either roots, or pulpi - and gladly deepened its wide paws, or, as you realised, leaves, in the liquid. In a couple of minutes its colour turned light - the signs of the illness disappeared, and the juice stopped dribbling from the chaps.

The thinking plant <clr>is filled<clrEnd>."	"Quest,Xenopark"	"Вы кінулі некалькі шарыкаў у жывёлу, якая адразу ж спрытна іх схапіла. З хрустам яна перажавала мучны корм і нават трохі пасьвятлела! Вам здалося, ці выгляд у пачвары стаў задаволены? Яшчэ некалькі шарыкаў былі зьедзеныя з ранейшай хуткасьцю. Затым яна падпаўзла да міскі з ""настойкай"" — вы выразна адрозьнілі, што цягнуцца сьледам, то карані, то шчупальцы, — і з асалодай апусьціла ў вадкасьць свае шырокія лапы, дакладней, як вы ўжо зразумелі, лісьце. Праз пару хвілінаў колер расьліны стаў сьвятлейшы — прыкметы хваробы зьніклі, і сок з пашчы перастаў цячы.

Расьліна-мысьляр <clr>здаровая і накормленая<clrEnd>."
"/quests/Xenopark.qmm/jumps/129/text"	"Отломить веточку Квак то-Уса"	"Quest Xenopark.qmm: jumps.129.text. Preserve every <tag> exactly. English reference: Break off a sprig of quack-tose"	"Quest,Xenopark"	"Адламаць галінку Квак то-Уса"
"/quests/Xenopark.qmm/jumps/130/param_changes/0/crit_text"	"Если до этого несчастное животное чувствовало себя худо, то сейчас оно вообще... сдохло.

Вы вызвали служителей ксенопарка и поручили им заботы о теле животного. Разумеется, вас побыстрее выпроводили за дверь, и уже на следующее утро заголовки газет пестрели сообщениями: ""Рейнджер <Ranger> разоряет уважаемого господина Хица"", ""Кто он, безжалостный убийца милых жвырклацев..."" и тому подобное. 

Ну, зато хоть бумага у этих газет хорошая - мягкая. А нет ничего ценнее по время длительного гиперпрыжка, чем много еды и мягкой туале... то есть газетной бумаги."	"Quest Xenopark.qmm: jumps.130.param_changes.0.crit_text. Preserve every <tag> exactly. English reference: If the poor animal felt unwell before the accident, now it was... dead. 

You called the clerks of the xenopark and had them take care of the corpse. Naturally, they cast you out quickly. And in the next morning the following headlines were flashing from the front pages of the local newspapers: ""Ranger <Ranger> bankrupted dear mister Bardozze"", ""Merciless killer of our dear phatklinks - who is he?..."" and so on.

The only good thing about these newspapers - they are pretty soft. And there is nothing more valuable during a long hyperjump than a lot of good food and soft toilet...sorry, newspaper."	"Quest,Xenopark"	"Калі да гэтага няшчасная жывёла пачувалася блага, то цяпер яна наогул... здохла.

Вы выклікалі служак ксэнапарку і даручылі ім клопат пра цела жывёлы. Зразумела, вас хутчэй выправілі за дзьверы, і ўжо на наступную раніцу загалоўкі газэтаў стракацелі паведамленьнямі: ""Рэйнджэр <Ranger> спустошвае паважанага спадара Хіца"", ""Хто ён, бязьлітасны забойца мілых жвырклацаў..."" і таму падобнае. 

Ну, затое хоць папера ў гэтых газэтаў добрая — мяккая. А няма нічога найкаштоўнейшага падчас доўгага палёту праз гіпэрпрастору, чым шмат ежы і мяккай туале... гэта значыць газэтнай паперы."
"/quests/Xenopark.qmm/jumps/130/text"	"Дать твари немного веток квак то-уса"	"Quest Xenopark.qmm: jumps.130.text. Preserve every <tag> exactly. English reference: Give some quack-tose sprigs to the beast"	"Quest,Xenopark"	"Даць пачвары трохі галінак квак то-уса"
"/quests/Xenopark.qmm/jumps/130/description"	"Вы высыпали около десятка колючих веток перед голодной тварью. Она высунула свой язык и принялась ощупывать корм. Зря она так. С противным визгом тварь отскочила в сторону, когда в язык вонзилась пара шипов. Вид у ксеноморфа был... <clr>печальный и разочарованный<clrEnd>."	"Quest Xenopark.qmm: jumps.130.description. Preserve every <tag> exactly. English reference: You emptied about a dozen of thorny sprigs in front of the hungry beast. It stuck out its tongue and started palpating the feed. It shouldn't have done it. The beast skipped aside with a nasty scream when a couple of thorns entered its tongue. The xenomorph looked... <clr>sad and disappointed <clrEnd>."	"Quest,Xenopark"	"Вы высыпалі каля дзясятка калючых галінак перад галоднай пачварай. Яна высунула свой язык і пачала абмацваць корм. Дарэмна яна так. З агідным віскам пачвара адскочыла ўбок, калі ў язык упілася пара шыпоў. Выгляд у ксэнаморфа быў... <clr>сумны і расчараваны<clrEnd>."
"/quests/Xenopark.qmm/jumps/131/text"	"Плюхнуть ей крямбусины"	"Quest Xenopark.qmm: jumps.131.text. Preserve every <tag> exactly. English reference: Plunk a bit of criambusine for it"	"Quest,Xenopark"	"Шлёпнуць ёй крэмбусіны"
"/quests/Xenopark.qmm/jumps/131/description"	"Вы положили в кормушку крямбусину и отошли подальше. Тварь выползла из тени и подползла к кормушке. Длинный язык ощупал корм. тварь издала радостное ""КВА!!!"" и начала губами захватывать крямбусину и медленно прожевывать. Готово! Тварь <clr>сыта и счастлива<clrEnd>."	"Quest Xenopark.qmm: jumps.131.description. Preserve every <tag> exactly. English reference: You put the criambusine in the manger and stepped aside. The beast crawled out of the shade and approached the manger. Its long tongue palpated the feed; the creature produced a joyful ""Croak!!!"" and started grabbing the criambusine with its lips and slowly chewing it. That's it! The creature is <clr>filled and happy <clrEnd>."	"Quest,Xenopark"	"Вы паклалі ў кармушку крэмбусіну і адышлі далей. Пачвара выпаўзла зь ценю і падпаўзла да кармушкі. Доўгі язык абмацаў корм. Пачвара выдала радаснае ""КВА!!!"" і пачала вуснамі хапаць крэмбусіну і паволі пражоўваць. Гатова! Пачвара <clr>сытая і шчасьлівая<clrEnd>."
"/quests/Xenopark.qmm/jumps/132/text"	"Дать твари Лаап-ши"	"Quest Xenopark.qmm: jumps.132.text. Preserve every <tag> exactly. English reference: Feed the beast with the Noohoo-Dle"	"Quest,Xenopark"	"Даць пачвары Лаап-шы"
"/quests/Xenopark.qmm/jumps/133/text"	"Отсыпать немного зирок"	"Quest Xenopark.qmm: jumps.133.text. Preserve every <tag> exactly. English reference: Pour in some sparklings"	"Quest,Xenopark"	"Адсыпаць трохі зірак"
"/quests/Xenopark.qmm/jumps/134/param_changes/0/crit_text"	"О черт, это оказалось последней каплей, и без того больное животное совсем сдало. Лапы твари подогнулись, и она плюхнулась на пол. Ксеноморф пару раз судорожно дернулся и затих. Навсегда.

Вы вызвали служителей ксенопарка и поручили им заботы о теле животного. Разумеется, вас побыстрее выпроводили за дверь, и уже на следующее утро заголовки газет пестрели сообщениями: ""Рейнджер <Ranger> разоряет уважаемого господина Хица"", ""Кто он, безжалостный убийца милых жвырклацев..."" и тому подобное. 

Ну, зато хоть бумага у этих газет хорошая - мягкая. А нет ничего ценнее по время длительного гиперпрыжка, чем много еды и мягкой туале... то есть газетной бумаги."	"Quest Xenopark.qmm: jumps.134.param_changes.0.crit_text. Preserve every <tag> exactly. English reference: Damn it, it was the last straw and the sick animal looked much worse. Its paws faltered and it plunked on the floor. The xenomorph jolted in agony a couple of times and became quiet. Forever.

You called the clerks of the xenopark and had them take care of the corpse. Naturally, they cast you out quickly. And in the next morning the following headlines were flashing from the front pages of the local newspapers: ""Ranger <Ranger> bankrupted dear mister Bardozze"", ""Merciless killer of our dear phatklinks - who is he?..."" and so on.

The only good thing about these newspapers - they are pretty soft. And there is nothing more valuable during a long hyperjump than a lot of good food and soft toilet...sorry, newspaper."	"Quest,Xenopark"	"О чорт, гэта аказалася апошняй кропляй, і без таго хворая жывёла зусім здала. Лапы пачвары падагнуліся, і яна шлёпнулася на падлогу. Ксэнаморф пару разоў сутаргава дрыгануўся і заціх. Назаўжды.

Вы выклікалі служак ксэнапарку і даручылі ім клопат пра цела жывёлы. Зразумела, вас хутчэй выправілі за дзьверы, і ўжо на наступную раніцу загалоўкі газэтаў стракацелі паведамленьнямі: ""Рэйнджэр <Ranger> спустошвае паважанага спадара Хіца"", ""Хто ён, бязьлітасны забойца мілых жвырклацаў..."" і таму падобнае. 

Ну, затое хоць папера ў гэтых газэтаў добрая — мяккая. А няма нічога найкаштоўнейшага падчас доўгага палёту праз гіпэрпрастору, чым шмат ежы і мяккай туале... гэта значыць газэтнай паперы."
"/quests/Xenopark.qmm/jumps/134/text"	"Налить углеводородной настойки"	"Quest Xenopark.qmm: jumps.134.text. Preserve every <tag> exactly. English reference: Pour some hydrocarbon tincture"	"Quest,Xenopark"	"Наліць вуглевадароднай настойкі"
"/quests/Xenopark.qmm/jumps/134/description"	"Бульканье темно-коричневой влаги тварь приняла с восторгом и принялась лакать своим длинным языком. Но уже спустя пару минут она отползла в сторону. Похоже, ее пробрала икота - тварь дрожала, а иногда с громким ""кк-куа-ка"" подпрыгивала и смешно дрыгала лапами. Настойка явно <clr>не пошла ей на пользу<clrEnd>."	"Quest Xenopark.qmm: jumps.134.description. Preserve every <tag> exactly. English reference: The creature accepted the bubbling of the dark-brown liquid with joy and started lapping it with its long tongue. But in a couple of minutes it crawled aside. It looked like it had a hissing fit - it was quivering and time to time jumped with a loud ""qq-qua-ka"" jerking its paws in a funny way. The tincture <clr>did it no good <clrEnd>."	"Quest,Xenopark"	"Бульканьне цёмна-карычневай вільгаці пачвара прыняла з захапленьнем і пачала хлябтаць сваім доўгім языком. Але ўжо праз пару хвілінаў яна адпаўзла ўбок. Здаецца, яе прабрала ікаўка — пачвара дрыжала, а часам з гучным ""кк-куа-ка"" падскоквала і сьмешна дрыгала лапамі. Настойка відавочна <clr>не пайшла ёй на карысьць<clrEnd>."
"/quests/Xenopark.qmm/jumps/135/text"	"Угостить рейнджероеда шариками Хаапта"	"Quest Xenopark.qmm: jumps.135.text. Preserve every <tag> exactly. English reference: Treat the ranger-eater with the Khahapt globules"	"Quest,Xenopark"	"Пачаставаць рэйнджэраеда шарыкамі Хаапта"
"/quests/Xenopark.qmm/jumps/136/text"	"Угостить ее шариками Хаапта"	"Quest Xenopark.qmm: jumps.136.text. Preserve every <tag> exactly. English reference: Treat it with the Khahapt globules"	"Quest,Xenopark"	"Пачаставаць яе шарыкамі Хаапта"
"/quests/Xenopark.qmm/jumps/137/param_changes/0/crit_text"	"Вы решили от греха подальше убраться из ксенопарка, но в проходе вас встретил служащий. Он заметил ваш грязный комбинезон.

- Только не говорите, что вы пытались надуть жвырклаца через соломинку, - злобно процедил он. - Убирайтесь отсюда, и чтобы больше нога ваша не ступала на <ToPlanet>, рейнджер <Ranger>."	"Quest Xenopark.qmm: jumps.137.param_changes.0.crit_text. Preserve every <tag> exactly. English reference: You decided to belt off from the xenopark out of harm's way but the caretaker met you in the corridor. He noticed your dirty uniform. - Just don't tell me that you tried to inflate the phatklink through a straw, - he maliciously said between his teeth.

- Get out of here and never show up on <ToPlanet> again, ranger <Ranger>."	"Quest,Xenopark"	"Вы вырашылі ад граху далей прыбрацца з ксэнапарку, але ў праходзе вас сустрэў служка. Ён заўважыў ваш брудны камбінэзон.

— Толькі не кажыце, што вы спрабавалі надзьмуць жвырклаца праз саломку, — зласьліва працадзіў ён. — Прыбірайцеся адсюль, і каб больш ваша нага не ступала на <ToPlanet>, рэйнджэр <Ranger>."
"/quests/Xenopark.qmm/jumps/137/text"	"""Засветить"" ей простыми фотонами"	"Quest Xenopark.qmm: jumps.137.text. Preserve every <tag> exactly. English reference: Threw the elementary photons at it"	"Quest,Xenopark"	"""Засьвяціць"" ёй простымі фатонамі"
"/quests/Xenopark.qmm/jumps/137/description"	"Кусок ""простых фотонов"" с чмоком упал рядом с тварью. А фотоны-то не такие и простые - едва тварь коснулась комка своим языком, как стала на глазах <clr>разбухать, пока не лопнула<clrEnd>."	"Quest Xenopark.qmm: jumps.137.description. Preserve every <tag> exactly. English reference: A piece of the elementary photons fell with a spat near the creature. Well, the photons were not as elementary as they promised - as soon as the creature touched the clot with its tongue, it started <clr>expending before your eyes until it burst<clrEnd>."	"Quest,Xenopark"	"Кавалак ""простых фатонаў"" з чвяканьнем упаў побач з пачварай. А фатоны ж не такія і простыя — ледзь пачвара дакранулася да камяка сваім языком, як пачала на вачах <clr>распухаць, пакуль не лопнула<clrEnd>."
"/quests/Xenopark.qmm/jumps/138/text"	"Налить немного ""углеводородов"""	"Quest Xenopark.qmm: jumps.138.text. Preserve every <tag> exactly. English reference: Pour in some hydrocarbons"	"Quest,Xenopark"	"Наліць трохі ""вуглевадародаў"""
"/quests/Xenopark.qmm/jumps/138/description"	"Существо подползло к миске с ""настойкой"" - вы явственно различили волочащиеся следом то ли корни,  то ли щупальца - и с удовольствием погрузило в жидкость свои широкие лапы, вернее, как вы уже поняли, листья. 

Похоже, что <clr>это все, что нужно твари для полного счастья<clrEnd>."	"Quest Xenopark.qmm: jumps.138.description. Preserve every <tag> exactly. English reference: The creature crawled up to the bowl with the ""tincture"" - you could hear distinct rash of its either roots, or pulpi - and gladly deepened its wide paws, or, as you realised, leaves, into the liquid. 

It looked like <clr>that was all the beast needed to be completely happy <clrEnd>."	"Quest,Xenopark"	"Істота падпаўзла да міскі з ""настойкай"" — вы выразна адрозьнілі, што цягнуцца сьледам, то карані, то шчупальцы, — і з асалодай апусьціла ў вадкасьць свае шырокія лапы, дакладней, як вы ўжо зразумелі, лісьце. 

Здаецца, што <clr>гэта ўсё, што трэба пачвары для поўнага шчасьця<clrEnd>."
"/quests/Xenopark.qmm/jumps/139/text"	"Насыпать гранулированных зирок"	"Quest Xenopark.qmm: jumps.139.text. Preserve every <tag> exactly. English reference: Pour in some granulated sparklings"	"Quest,Xenopark"	"Насыпаць грануляваных зірак"
"/quests/Xenopark.qmm/jumps/140/text"	"Насыпать гранулированных зирок"	"Quest Xenopark.qmm: jumps.140.text. Preserve every <tag> exactly. English reference: Pour in some granulated sparklings"	"Quest,Xenopark"	"Насыпаць грануляваных зірак"
"/quests/Xenopark.qmm/jumps/140/description"	"Едва вы отошли от клетки, как тварь подкатилась к россыпи зирок и сгребло их в кучку чем-то вроде хобота или щупальца, словно выросшего из туловища. Затем оно вытянуло хобот (щупальце? рыло?) в сторону зирок и... всосало их в себя. Затем тварь укатилась в дальний угол и уснула.
    
Обитатель камеры... то есть клетки №4 <clr>накормлен<clrEnd>."	"Quest Xenopark.qmm: jumps.140.description. Preserve every <tag> exactly. English reference: You hardly went away from the cage when the creature rolled up to the scattering of sparklings and scrambled it up in a pile with its either trunk, or palpus that appeared as if growing out from the body. Then it stretched its trunk (or pulpus? Or snoot?) towards the sparklings and... sucked them in. At last the animal rolled away to the far corner and fell asleep.
    
Cell...oh, Cage №4 habitant is <clr>filled<clrEnd>."	"Quest,Xenopark"	"Ледзь вы адышлі ад клеткі, як пачвара падкацілася да россыпу зірак і згрэбла іх у купку нечым накшталт хобата ці шчупальца, быццам яно вырасла з тулава. Затым яна выцягнула хобат (шчупальца? рыла?) у бок зірак і... усмактала іх у сябе. Затым пачвара адкацілася ў дальні кут і заснула.
    
Насельнік камэры... гэта значыць клеткі №4 <clr>накормлены<clrEnd>."
"/quests/Xenopark.qmm/jumps/141/text"	"Дать Квак То-Уса."	"Quest Xenopark.qmm: jumps.141.text. Preserve every <tag> exactly. English reference: Feed it with the quack-tose."	"Quest,Xenopark"	"Даць Квак То-Уса."
"/quests/Xenopark.qmm/jumps/142/text"	"Отжалеть кусочек фотонов"	"Quest Xenopark.qmm: jumps.142.text. Preserve every <tag> exactly. English reference: Share a piece of photons with the xenomorph"	"Quest,Xenopark"	"Адшчапіць кавалачак фатонаў"
"/quests/Xenopark.qmm/jumps/143/text"	"Сунуть ксеноморфу пучок Лаап-Ши"	"Quest Xenopark.qmm: jumps.143.text. Preserve every <tag> exactly. English reference: Thrust a bunch of Noohoo-Dle to the xenomorph"	"Quest,Xenopark"	"Сунуць ксэнаморфу пук Лаап-Шы"
"/quests/Xenopark.qmm/jumps/144/text"	"Сунуть ксеноморфу пучок Лаап-Ши"	"Quest Xenopark.qmm: jumps.144.text. Preserve every <tag> exactly. English reference: Thrust a bunch of Noohoo-Dle to the xenomorph"	"Quest,Xenopark"	"Сунуць ксэнаморфу пук Лаап-Шы"
"/quests/Xenopark.qmm/jumps/144/description"	"Не понять вам этих существ - едва вы протянули руку, как животное подкатилось к вам и ухватило лаап-шу своим то ли хоботом то ли щупальцем, словно выросшим из тела. Втянув в себя извивающиеся прутики, оно вытянуло свое рыло (хобот?) в сторону кучки кристаллов и всосало и в себя, после чего укатилось в угол и уснуло.

Похоже, голубокожий соня <clr>накормлен<clrEnd>."	"Quest Xenopark.qmm: jumps.144.description. Preserve every <tag> exactly. English reference: You will never understand these creatures - you hardly stretched out your hand when the animal rolled up to you and grabbed the Noohoo-Dle with its either trunk, or palpus that appeared as if growing out from the body. After sucking the wriggly rods in, it stretched its snoot (or trunk?) towards the pile of crystals and sucked them in too. Then it rolled away to the corner and fell asleep.

It looked like the blue-skinned dormouse is <clr>filled<clrEnd>."	"Quest,Xenopark"	"Не зразумець вам гэтых істотаў — ледзь вы працягнулі руку, як жывёла падкацілася да вас і ўхапіла лаап-шу сваім то хобатам, то шчупальцам, быццам яно вырасла з цела. Уцягнуўшы ў сябе выгінастыя пруцікі, яна выцягнула сваё рыла (хобат?) у бок кучкі крышталёў і ўсмактала і іх у сябе, пасьля чаго адкацілася ў кут і заснула.

Здаецца, блакітны соня <clr>накормлены<clrEnd>."
"/quests/Xenopark.qmm/jumps/145/text"	"Бросить несколько шариков Хаапта"	"Quest Xenopark.qmm: jumps.145.text. Preserve every <tag> exactly. English reference: Throw several Khahapt globules to the beast"	"Quest,Xenopark"	"Кінуць некалькі шарыкаў Хаапта"
"/quests/Xenopark.qmm/jumps/146/text"	"Угостить животное крямбусиной"	"Quest Xenopark.qmm: jumps.146.text. Preserve every <tag> exactly. English reference: Treat the animal with the criambusine"	"Quest,Xenopark"	"Пачаставаць жывёлу крэмбусінай"
"/quests/Xenopark.qmm/jumps/147/text"	"Налить углеводородной настойки"	"Quest Xenopark.qmm: jumps.147.text. Preserve every <tag> exactly. English reference: Pour some hydrocarbon tincture"	"Quest,Xenopark"	"Наліць вуглевадароднай настойкі"
"/quests/Xenopark.qmm/jumps/148/text"	"Идти к аэрокару"	"Quest Xenopark.qmm: jumps.148.text. Preserve every <tag> exactly. English reference: Go to the aerocar"	"Quest,Xenopark"	"Ісьці да аэракара"
"/quests/Xenopark.qmm/jumps/149/text"	"Cпасибо, я уже и сам во всем разобрался"	"Quest Xenopark.qmm: jumps.149.text. Preserve every <tag> exactly. English reference: Thank you, I have already straightened out the whole thing"	"Quest,Xenopark"	"Дзякуй, я ўжо і сам ва ўсім разабраўся"
"/quests/Xenopark.qmm/jumps/150/text"	"Расспросить про обитателя клетки №1"	"Quest Xenopark.qmm: jumps.150.text. Preserve every <tag> exactly. English reference: Ask about the Cage №1 inhabitant"	"Quest,Xenopark"	"Распытаць пра насельніка клеткі №1"
"/quests/Xenopark.qmm/jumps/151/text"	"Расспросить про обитателя клетки №2"	"Quest Xenopark.qmm: jumps.151.text. Preserve every <tag> exactly. English reference: Ask about the Cage №2 inhabitant"	"Quest,Xenopark"	"Распытаць пра насельніка клеткі №2"
"/quests/Xenopark.qmm/jumps/152/text"	"Расспросить про обитателя клетки №3"	"Quest Xenopark.qmm: jumps.152.text. Preserve every <tag> exactly. English reference: Ask about the Cage №3 inhabitant"	"Quest,Xenopark"	"Распытаць пра насельніка клеткі №3"
"/quests/Xenopark.qmm/jumps/153/text"	"Расспросить про обитателя клетки №4"	"Quest Xenopark.qmm: jumps.153.text. Preserve every <tag> exactly. English reference: Ask about the Cage №4 inhabitant"	"Quest,Xenopark"	"Распытаць пра насельніка клеткі №4"
"/quests/Xenopark.qmm/jumps/154/text"	"Расспросить про обитателя клетки №5"	"Quest Xenopark.qmm: jumps.154.text. Preserve every <tag> exactly. English reference: Ask about the Cage №5 inhabitant"	"Quest,Xenopark"	"Распытаць пра насельніка клеткі №5"
"/quests/Xenopark.qmm/jumps/155/text"	"Накормить животное крямбусиной"	"Quest Xenopark.qmm: jumps.155.text. Preserve every <tag> exactly. English reference: Feed the animal with the criambusine"	"Quest,Xenopark"	"Накарміць жывёлу крэмбусінай"
"/quests/Xenopark.qmm/jumps/156/param_changes/0/crit_text"	"Едва вы вышли из комнаты, пытаясь скрыться, как вам навстречу выбежал смотритель в сопровождении незнакомого вам пеленга. Их вид не предвещал вам ничего хорошего:
- О боже, я разорен!!! - кричал незнакомый вам пеленг, оказавшийся хозяином ксенопарка. - Единственный в своем роде экземпляр животного-клисана убит каким-то уродом. Это же надо - кормить существо из клисанской галактики земной пищей!!! Убирайтесь, <Ranger>, пока я не вызвал полицию и не обвинил вас в убийстве ценного животного."	"Quest Xenopark.qmm: jumps.156.param_changes.0.crit_text. Preserve every <tag> exactly. English reference: You hardly left the room trying to escape when the caretaker accompanied by an known Peleng ran to you. Their faces betokened no good to you:
- Oh, dear, I'm a bankrupt!!! - the unknown Peleng who turned out to be the owner of the xenopark shouted. - This freak killed the unique species of a Klissan animal. My hat! He tried to feed a creature from the Klissan Galaxy with the earth food!!! Get out, <Ranger>, until I call the police and accused you of killing the valuable animal."	"Quest,Xenopark"	"Ледзь вы выйшлі з пакоя, спрабуючы схавацца, як вам насустрач выбег даглядчык у суправаджэньні незнаёмага вам пеленга. Іхні выгляд не абяцаў вам нічога добрага:
— О божа, я разараны!!! — крычаў незнаёмы вам пеленг, які аказаўся гаспадаром ксэнапарку. — Адзіны ў сваім родзе асобнік жывёлы-клісана забіты нейкім вырадкам. Гэта ж трэба — карміць істоту з клісанскай галяктыкі зямной ежай!!! Прыбірайцеся, <Ranger>, пакуль я не выклікаў паліцыю і не абвінаваціў вас у забойстве каштоўнай жывёлы."
"/quests/Xenopark.qmm/jumps/156/text"	"Напоить ксеноморфа углеводородной настойкой"	"Quest Xenopark.qmm: jumps.156.text. Preserve every <tag> exactly. English reference: Feed the xenomorph with the hydrocarbon tincture"	"Quest,Xenopark"	"Напаіць ксэнаморфа вуглевадароднай настойкай"
"/quests/Xenopark.qmm/jumps/156/description"	"Тварь приблизилась к поилке и принялась жадно лакать раздвоенным языком. Внезапно она вздрогнула и... <clr>осела на пол кучей бурой слизи<clrEnd>, издававшей зловоние."	"Quest Xenopark.qmm: jumps.156.description. Preserve every <tag> exactly. English reference: The beast approached the drinking-bowl and started greedily lapping the liquid with its forked tongue. Suddenly it quivered and... <clr>gave, turning into a pile of brown stinking slime <clrEnd>."	"Quest,Xenopark"	"Пачвара наблізілася да паілкі і пачала хціва хлябтаць раздвоеным языком. Раптам яна здрыганулася і... <clr>асела на падлогу кучай бурай слізі<clrEnd>, якая выдавала смурод."
"/quests/Xenopark.qmm/jumps/157/param_changes/0/crit_text"	"Едва вы вышли из комнаты, пытаясь скрыться, как вам навстречу выбежал смотритель в сопровождении незнакомого вам пеленга. Их вид не предвещал вам ничего хорошего:
- О боже, я разорен!!! - кричал незнакомый вам пеленг, оказавшийся хозяином ксенопарка. - Единственный в своем роде экземпляр животного-клисана убит каким-то уродом. Это же надо - кормить существо из клисанской галактики земной пищей!!! Убирайтесь, <Ranger>, пока я не вызвал полицию и не обвинил вас в убийстве ценного животного."	"Quest Xenopark.qmm: jumps.157.param_changes.0.crit_text. Preserve every <tag> exactly. English reference: You hardly left the room trying to escape when the caretaker accompanied by an known Peleng ran to you. Their faces betokened no good to you:
- Oh, dear, I'm a bankrupt!!! - the unknown Peleng who turned out to be the owner of the xenopark shouted. - This freak killed the unique species of a Klissan animal. My hat! He tried to feed a creature from the Klissan Galaxy with the earth food!!! Get out, <Ranger>, until I call the police and accused you of killing the valuable animal."	"Quest,Xenopark"	"Ледзь вы выйшлі з пакоя, спрабуючы схавацца, як вам насустрач выбег даглядчык у суправаджэньні незнаёмага вам пеленга. Іхні выгляд не абяцаў вам нічога добрага:
— О божа, я разараны!!! — крычаў незнаёмы вам пеленг, які аказаўся гаспадаром ксэнапарку. — Адзіны ў сваім родзе асобнік жывёлы-клісана забіты нейкім вырадкам. Гэта ж трэба — карміць істоту з клісанскай галяктыкі зямной ежай!!! Прыбірайцеся, <Ranger>, пакуль я не выклікаў паліцыю і не абвінаваціў вас у забойстве каштоўнай жывёлы."
"/quests/Xenopark.qmm/jumps/157/text"	"Насыпать в кормушку ""шариков Хаапта"""	"Quest Xenopark.qmm: jumps.157.text. Preserve every <tag> exactly. English reference: Pour in the Khahamp globules into the manger"	"Quest,Xenopark"	"Насыпаць у кармушку ""шарыкаў Хаапта"""
"/quests/Xenopark.qmm/jumps/157/description"	"Тварь приблизилась к кормушке и проглотила несколько шариков. Внезапно она вздрогнула и... <clr>осела на пол кучей бурой слизи<clrEnd>, издававшей зловоние."	"Quest Xenopark.qmm: jumps.157.description. Preserve every <tag> exactly. English reference: The beast approached the manger and took several globules. Suddenly it quivered and... <clr>gave, turning into a pile of brown stinking slime <clrEnd>."	"Quest,Xenopark"	"Пачвара наблізілася да кармушкі і праглынула некалькі шарыкаў. Раптам яна здрыганулася і... <clr>асела на падлогу кучай бурай слізі<clrEnd>, якая выдавала смурод."
"/quests/Xenopark.qmm/jumps/158/text"	"Угостить ящера Лаап-Шой"	"Quest Xenopark.qmm: jumps.158.text. Preserve every <tag> exactly. English reference: Treat the pangolin with the Noohoo-Dle"	"Quest,Xenopark"	"Пачаставаць яшчара Лаап-Шой"
"/quests/Xenopark.qmm/jumps/159/text"	"Дать ксеноморфу зирок"	"Quest Xenopark.qmm: jumps.159.text. Preserve every <tag> exactly. English reference: Feed the xenomorph with the sparklings"	"Quest,Xenopark"	"Даць ксэнаморфу зірак"
"/quests/Xenopark.qmm/jumps/160/text"	"Положить несколько веток Квак то-Уса"	"Quest Xenopark.qmm: jumps.160.text. Preserve every <tag> exactly. English reference: Put some sprigs of the Quack-Tose into the cage"	"Quest,Xenopark"	"Пакласьці некалькі галінак Квак то-Уса"
"/quests/Xenopark.qmm/jumps/161/text"	"Оторвать кусок пищи, богатой фотонами"	"Quest Xenopark.qmm: jumps.161.text. Preserve every <tag> exactly. English reference: Pick off a piece of food with high content of photons"	"Quest,Xenopark"	"Адарваць кавалак ежы, багатай фатонамі"
"/quests/Xenopark.qmm/jumps/161/description"	"Едва противный комок субстанции коснулся пола, как тварь молнией метнулась к нему и сожрала в один присест. Ее внешний вид тут же изменился - сквозь чешую начала сочиться слизь, хвост покрылся шипами и бородавками, а количество ног непрерывно начало меняться. Неожиданно хвост твари удлинился втрое и ксеноморф ударил им по одной из ламп. Но та оказалась ударопрочной и выдержала. После нескольких попыток животное прекратило бить лампу, свернулось в клубок и затихло. 
    
Ну что ж, <clr>монстр накормлен<clrEnd>..."	"Quest Xenopark.qmm: jumps.161.description. Preserve every <tag> exactly. English reference: The disgusting clot of the substance hardly reached the floor when the beast darted to it and scoffed in one swallow. Its appearance changed immediately - slime started dribbling through the scale, thorns and warts covered the tail, and the number of legs was constantly changing. Suddenly its tail became three times longer and the xenomorph hit one of the lamps with it. But the lamp turned out to be hit-proofed and remained unbroken. After several more attempts to break it the creature stopped, rolled itself into a ball and became motionless. 

Well, <clr>the monster is filled <clrEnd>..."	"Quest,Xenopark"	"Ледзь агідны камяк субстанцыі дакрануўся да падлогі, як пачвара маланкай кінулася да яго і зжэрла за адзін прысест. Яе вонкавы выгляд адразу зьмяніўся — скрозь луску пачала сачыцца слізь, хвост пакрыўся шыпамі і бародаўкамі, а колькасьць ног безупынна пачала мяняцца. Нечакана хвост пачвары падоўжыўся ўтрая і ксэнаморф ударыў ім па адной зь лямпаў. Але та аказалася ўдаратрывалай і вытрымала. Пасьля некалькіх спробаў жывёла спыніла біць лямпу, згарнулася ў клубок і заціхла. 
    
Ну што ж, <clr>монстар накормлены<clrEnd>..."
"/quests/Xenopark.qmm/jumps/163/text"	"Еще раз внимательно присмотреться к обстановке"	"Quest Xenopark.qmm: jumps.163.text. Preserve every <tag> exactly. English reference: Look about once again"	"Quest,Xenopark"	"Яшчэ раз уважліва прыгледзецца да абстаноўкі"
"/quests/Xenopark.qmm/jumps/163/description"	"Под ярким голубым светом солнцеимитатора клубились густые псевдооблака. Странно, но тварь сидевшая в клетке, похоже, чувствовала себя здесь неуютно - она зябко подрагивала, а на темно-зеленой коже появлялись и тут же исчезали волдыри. Казалось, что по коже существа идет рябь. Оба глаза ее были плотно прикрыты.

Пятна противной на вид зеленой слизи покрывали пол и плавали по поверхности многочисленных луж. Но существо лишь брезгливо оттирало попавшую на кожу слизь и медленно ползло по клетке, следуя за тенью псевдооблаков. Едва она попадала в тень, как окраска ее тускнела, ксеноморф практически сливался с тенью. Две пары лап оканчивались широкими плоскими ""ладонями"", которые могли быть одинаково хорошо приспособлены как для плавания, так и для хождения по вязкому песку. На кончиках ""пальцев"" были видны маленькие присоски. В полумраке вам так и не удалось разглядеть, поджала тварь под себя пятую лапу, или просто опиралась на короткий хвост."	"Quest Xenopark.qmm: jumps.163.description. Preserve every <tag> exactly. English reference: Thick pseudoclouds were wreathing in the bright blue light of the sun-imitator. It was strange but the beast in the cage felt comfortless there - it quivered chilly and blebs were appearing and disappearing on its dark green skin and looked like ripple. Its both eyes were closed.

Spots of disgustingly looking slime covered the floor and drifted on the surface of multiple puddles. The creature fastidiously wiped the slime off its skin and crawled along the cage following the shade of the pseudoclouds. When it got in the shadow, it almost merged there. Two pairs of its paws finished in wide flat ""palms"" which could be suitable for either swimming or walking on the quick-sand. Small ""suckers"" could be seen on the ""fingertips"". You failed to distinguish in the shade if it tucked its fifth leg under it or just leaned on its tail."	"Quest,Xenopark"	""
"/quests/Xenopark.qmm/jumps/164/text"	"Оставить злобное животное в покое"	"Quest Xenopark.qmm: jumps.164.text. Preserve every <tag> exactly. English reference: Leave the baleful xenomorph alone"	"Quest,Xenopark"	"Пакінуць зласьлівую жывёлу ў спакоі"
"/quests/Xenopark.qmm/jumps/165/text"	"Еще раз изучить обитателя клетки"	"Quest Xenopark.qmm: jumps.165.text. Preserve every <tag> exactly. English reference: Examine the cage inhabitant once again"	"Quest,Xenopark"	"Яшчэ раз вывучыць насельніка клеткі"
"/quests/Xenopark.qmm/jumps/165/description"	"Животное в последней клетке  имело длинное приземистое тело на шести коротких и кривых лапах, и  было покрыто тусклой чешуей. Плоская заостренная мордочка повернулась в вашу сторону, едва вы приблизились. Хвост ксеноморфа когда-то был длиннее почти в два раза, чем тело, но сейчас это был лишь куцый обрубок.

Свет восьми длинных ламп, излучавших чистое белое сияние, отражался в глубине пола. Пол был словно покрыт мрамором или похожим камнем. Его блестящая поверхность казалась отполированной ураганными ветрами, но воздух в клетке был совершенно неподвижен. Сухой и без запаха, температура его была довольно высока."	"Quest Xenopark.qmm: jumps.165.description. Preserve every <tag> exactly. English reference: The xenomorph in the last cage turned out to look nicer than the other ones. Its long runty body with six short and bandy paws was covered by cloudy scale. The flat piked mug turned to you as soon as you approached. The xenomorph's tail used to be almost twice longer than the body but now it was just a stub of a tail.

The white shine of eight long lamps was reflected in the floor, which looked like marble or coated with some similar stone. Its shining surface seemed like polished by vehement winds but the air in the cage was completely quiet, dry, rather warm and flavourless"	"Quest,Xenopark"	""
"/quests/Xenopark.qmm/jumps/166/text"	"Нечего пялиться и смущать зверушку"	"Quest Xenopark.qmm: jumps.166.text. Preserve every <tag> exactly. English reference: Don't stare and confuse the animal"	"Quest,Xenopark"	"Няма чаго вылуплівацца і бянтэжыць зьвярку"
"/quests/Xenopark.qmm/jumps/167/text"	"Почитать книги, пока есть время..."	"Quest Xenopark.qmm: jumps.167.text. Preserve every <tag> exactly. English reference: Read the books if you have some spare time..."	"Quest,Xenopark"	"Пачытаць кнігі, пакуль ёсьць час..."
"/quests/Xenopark.qmm/jumps/168/text"	"Просто смотреть в окно..."	"Quest Xenopark.qmm: jumps.168.text. Preserve every <tag> exactly. English reference: Just look in the window..."	"Quest,Xenopark"	"Проста глядзець у акно..."
"/quests/Xenopark.qmm/jumps/169/text"	"Расспросить про обитателя клетки №2"	"Quest Xenopark.qmm: jumps.169.text. Preserve every <tag> exactly. English reference: Ask about the Cage №2 inhabitant"	"Quest,Xenopark"	"Распытаць пра насельніка клеткі №2"
